{
  "config": "50 kW",
  "beam_profile": "PROFILE_ELLIPTICAL",
  "axial_profile": "AXIAL_ELLIPTIC",
  "timestamp": "2026-04-21T03:49:48.176",
  "best_mass_kg": 57.40799905896369,
  "min_fos": 1.800000000000001,
  "evaluations": 192109320,
  "generations": 2000000,
  "elapsed_s": 5011.699646949768,
  "archive_size": 200,
  "design": {
    "Do_top_m": 0.08237807675736596,
    "t_over_D": 0.02,
    "beam_aspect": 1.0,
    "Do_scale_exp": 0.4264307414763085,
    "axial_profile": "AXIAL_ELLIPTIC",
    "profile_exp": 1.8850197151129018,
    "straight_frac": 0.30287887744122266,
    "r_hub_m": 3.577708763999664,
    "taper_ratio": 0.1500000000000004,
    "n_rings": 5,
    "tether_length_m": 67.0820393249937,
    "n_lines": 8,
    "knuckle_mass_kg": 0.010000000000000026
  },
  "evaluation": {
    "mass_total_kg": 57.40799905896369,
    "mass_beams_kg": 56.84799905896369,
    "mass_knuckles_kg": 0.5600000000000015,
    "min_fos": 1.800000000000001,
    "worst_ring_idx": 5,
    "feasible": true
  }
}
