{
  "config": "10 kW",
  "beam_profile": "PROFILE_CIRCULAR",
  "axial_profile": "AXIAL_LINEAR",
  "timestamp": "2026-04-20T23:46:44.324",
  "best_mass_kg": 5.056074231507182,
  "min_fos": 1.8,
  "evaluations": 192109320,
  "generations": 2000000,
  "elapsed_s": 5562.62585401535,
  "archive_size": 200,
  "design": {
    "Do_top_m": 0.03801533006604476,
    "t_over_D": 0.020000000000000028,
    "beam_aspect": 1.0,
    "Do_scale_exp": 0.4854172589352099,
    "axial_profile": "AXIAL_LINEAR",
    "profile_exp": 3.472636092890527,
    "straight_frac": 0.5676898823622407,
    "r_hub_m": 1.6000000000000003,
    "taper_ratio": 0.25,
    "n_rings": 5,
    "tether_length_m": 30.0,
    "n_lines": 8,
    "knuckle_mass_kg": 0.010000000000000002
  },
  "evaluation": {
    "mass_total_kg": 5.056074231507182,
    "mass_beams_kg": 4.496074231507182,
    "mass_knuckles_kg": 0.56,
    "min_fos": 1.8,
    "worst_ring_idx": 5,
    "feasible": true
  }
}
