{
  "config": "50 kW",
  "beam_profile": "PROFILE_AIRFOIL",
  "axial_profile": "AXIAL_ELLIPTIC",
  "timestamp": "2026-04-22T15:55:59.030",
  "best_mass_kg": 400.71927525378663,
  "min_fos": 1.800000000000003,
  "torsional_fos_min": 2.0642815650411737,
  "evaluations": 128071992,
  "generations": 2000000,
  "elapsed_s": 2923.388394832611,
  "archive_size": 200,
  "design": {
    "Do_top_m": 0.16283800962197106,
    "t_over_D": 0.02000000000000001,
    "beam_aspect": 0.2,
    "Do_scale_exp": 0.5213583365542561,
    "axial_profile": "AXIAL_ELLIPTIC",
    "profile_exp": 2.2019095806126208,
    "straight_frac": 0.017902097430557345,
    "r_hub_m": 5.366563145999495,
    "taper_ratio": 1.0,
    "n_rings": 5,
    "tether_length_m": 67.0820393249937,
    "n_lines": 8,
    "knuckle_mass_kg": 0.010000000000003423
  },
  "evaluation": {
    "mass_total_kg": 400.71927525378663,
    "mass_beams_kg": 400.15927525378646,
    "mass_knuckles_kg": 0.5600000000001917,
    "min_fos": 1.800000000000003,
    "torsional_fos_min": 2.0642815650411737,
    "worst_ring_idx": 2,
    "feasible": true
  }
}
