{
  "config": "10 kW",
  "beam_profile": "PROFILE_AIRFOIL",
  "axial_profile": "AXIAL_LINEAR",
  "timestamp": "2026-04-22T08:14:25.834",
  "best_mass_kg": 95.7637637560041,
  "min_fos": 1.8000000000000003,
  "torsional_fos_min": 1.5,
  "evaluations": 128071992,
  "generations": 2000000,
  "elapsed_s": 2891.669228076935,
  "archive_size": 200,
  "design": {
    "Do_top_m": 0.12,
    "t_over_D": 0.02358240967257427,
    "beam_aspect": 0.2,
    "Do_scale_exp": 0.8190682058775487,
    "axial_profile": "AXIAL_LINEAR",
    "profile_exp": 0.5588475317001567,
    "straight_frac": 0.29866039925106735,
    "r_hub_m": 1.9939229340862805,
    "taper_ratio": 1.0,
    "n_rings": 5,
    "tether_length_m": 30.0,
    "n_lines": 8,
    "knuckle_mass_kg": 0.010000000000000139
  },
  "evaluation": {
    "mass_total_kg": 95.7637637560041,
    "mass_beams_kg": 95.2037637560041,
    "mass_knuckles_kg": 0.5600000000000078,
    "min_fos": 1.8000000000000003,
    "torsional_fos_min": 1.5,
    "worst_ring_idx": 2,
    "feasible": true
  }
}
