{
  "config": "10 kW",
  "beam_profile": "PROFILE_AIRFOIL",
  "axial_profile": "AXIAL_STRAIGHT_TAPER",
  "timestamp": "2026-04-21T02:10:13.020",
  "best_mass_kg": 16.989026761878904,
  "min_fos": 1.8000000000000005,
  "evaluations": 192109238,
  "generations": 2000000,
  "elapsed_s": 4414.811007976532,
  "archive_size": 200,
  "design": {
    "Do_top_m": 0.11072791375399596,
    "t_over_D": 0.02,
    "beam_aspect": 0.2,
    "Do_scale_exp": 0.24363035799879876,
    "axial_profile": "AXIAL_STRAIGHT_TAPER",
    "profile_exp": 2.967535843550411,
    "straight_frac": 0.7,
    "r_hub_m": 1.6,
    "taper_ratio": 0.25,
    "n_rings": 5,
    "tether_length_m": 30.0,
    "n_lines": 8,
    "knuckle_mass_kg": 0.01
  },
  "evaluation": {
    "mass_total_kg": 16.989026761878904,
    "mass_beams_kg": 16.429026761878905,
    "mass_knuckles_kg": 0.56,
    "min_fos": 1.8000000000000005,
    "worst_ring_idx": 6,
    "feasible": true
  }
}
