{
  "config": "10 kW",
  "beam_profile": "PROFILE_ELLIPTICAL",
  "axial_profile": "AXIAL_LINEAR",
  "timestamp": "2026-04-20T23:36:31.956",
  "best_mass_kg": 5.05607423150718,
  "min_fos": 1.800000000000002,
  "evaluations": 192109320,
  "generations": 2000000,
  "elapsed_s": 4911.798084974289,
  "archive_size": 200,
  "design": {
    "Do_top_m": 0.03801533006604477,
    "t_over_D": 0.02000000000000002,
    "beam_aspect": 0.9999999999999999,
    "Do_scale_exp": 0.4854172589352112,
    "axial_profile": "AXIAL_LINEAR",
    "profile_exp": 1.2106201574891267,
    "straight_frac": 0.51642818674939,
    "r_hub_m": 1.6,
    "taper_ratio": 0.25,
    "n_rings": 5,
    "tether_length_m": 30.0,
    "n_lines": 8,
    "knuckle_mass_kg": 0.010000000000000002
  },
  "evaluation": {
    "mass_total_kg": 5.05607423150718,
    "mass_beams_kg": 4.496074231507181,
    "mass_knuckles_kg": 0.56,
    "min_fos": 1.800000000000002,
    "worst_ring_idx": 5,
    "feasible": true
  }
}
