{
  "config": "10 kW",
  "beam_profile": "PROFILE_CIRCULAR",
  "axial_profile": "AXIAL_ELLIPTIC",
  "timestamp": "2026-04-20T23:43:26.440",
  "best_mass_kg": 6.218400223388077,
  "min_fos": 1.8000000000000003,
  "evaluations": 192109320,
  "generations": 2000000,
  "elapsed_s": 5357.280824184418,
  "archive_size": 200,
  "design": {
    "Do_top_m": 0.038000427947468704,
    "t_over_D": 0.02,
    "beam_aspect": 1.0,
    "Do_scale_exp": 0.4830171133222478,
    "axial_profile": "AXIAL_ELLIPTIC",
    "profile_exp": 2.726301187171294,
    "straight_frac": 0.47108197820455444,
    "r_hub_m": 1.6,
    "taper_ratio": 0.25000000000000006,
    "n_rings": 5,
    "tether_length_m": 30.0,
    "n_lines": 8,
    "knuckle_mass_kg": 0.010000000000000002
  },
  "evaluation": {
    "mass_total_kg": 6.218400223388077,
    "mass_beams_kg": 5.658400223388076,
    "mass_knuckles_kg": 0.56,
    "min_fos": 1.8000000000000003,
    "worst_ring_idx": 4,
    "feasible": true
  }
}
