{
  "config": "50 kW",
  "beam_profile": "PROFILE_ELLIPTICAL",
  "axial_profile": "AXIAL_STRAIGHT_TAPER",
  "timestamp": "2026-04-22T15:47:40.211",
  "best_mass_kg": 145.88103063946073,
  "min_fos": 1.8000000000000025,
  "torsional_fos_min": 1.5000000000000013,
  "evaluations": 128071992,
  "generations": 2000000,
  "elapsed_s": 2641.882907152176,
  "archive_size": 200,
  "design": {
    "Do_top_m": 0.08785687349603799,
    "t_over_D": 0.020000000000000004,
    "beam_aspect": 0.9999999999999989,
    "Do_scale_exp": 0.07993966136911272,
    "axial_profile": "AXIAL_STRAIGHT_TAPER",
    "profile_exp": 1.5976315630007196,
    "straight_frac": 0.07275793905473016,
    "r_hub_m": 4.458547222512758,
    "taper_ratio": 1.0,
    "n_rings": 5,
    "tether_length_m": 67.0820393249937,
    "n_lines": 8,
    "knuckle_mass_kg": 0.01000000000000004
  },
  "evaluation": {
    "mass_total_kg": 145.88103063946073,
    "mass_beams_kg": 145.32103063946073,
    "mass_knuckles_kg": 0.5600000000000023,
    "min_fos": 1.8000000000000025,
    "torsional_fos_min": 1.5000000000000013,
    "worst_ring_idx": 2,
    "feasible": true
  }
}
