{
  "config": "10 kW",
  "beam_profile": "PROFILE_ELLIPTICAL",
  "axial_profile": "AXIAL_PARABOLIC",
  "timestamp": "2026-04-21T01:06:14.115",
  "best_mass_kg": 3.263997012752164,
  "min_fos": 1.8000000000000016,
  "evaluations": 192109238,
  "generations": 2000000,
  "elapsed_s": 5537.262603998184,
  "archive_size": 200,
  "design": {
    "Do_top_m": 0.03419347879836653,
    "t_over_D": 0.020000000000000014,
    "beam_aspect": 0.9999999999999997,
    "Do_scale_exp": 0.24133323838647192,
    "axial_profile": "AXIAL_PARABOLIC",
    "profile_exp": 3.5,
    "straight_frac": 0.09898714797569798,
    "r_hub_m": 1.6,
    "taper_ratio": 0.25,
    "n_rings": 5,
    "tether_length_m": 30.0,
    "n_lines": 8,
    "knuckle_mass_kg": 0.010000000000000004
  },
  "evaluation": {
    "mass_total_kg": 3.263997012752164,
    "mass_beams_kg": 2.703997012752164,
    "mass_knuckles_kg": 0.5600000000000002,
    "min_fos": 1.8000000000000016,
    "worst_ring_idx": 6,
    "feasible": true
  }
}
