{
  "config": "10 kW",
  "beam_profile": "PROFILE_CIRCULAR",
  "axial_profile": "AXIAL_TRUMPET",
  "timestamp": "2026-04-20T23:58:18.866",
  "best_mass_kg": 3.156996678586836,
  "min_fos": 1.8000000000000016,
  "evaluations": 192109320,
  "generations": 2000000,
  "elapsed_s": 6236.407078027725,
  "archive_size": 200,
  "design": {
    "Do_top_m": 0.03124929928215052,
    "t_over_D": 0.02,
    "beam_aspect": 1.0,
    "Do_scale_exp": 0.14496849375348694,
    "axial_profile": "AXIAL_TRUMPET",
    "profile_exp": 0.30000000000000004,
    "straight_frac": 0.07652829962535093,
    "r_hub_m": 1.6,
    "taper_ratio": 0.25,
    "n_rings": 5,
    "tether_length_m": 30.0,
    "n_lines": 8,
    "knuckle_mass_kg": 0.010000000000000002
  },
  "evaluation": {
    "mass_total_kg": 3.156996678586836,
    "mass_beams_kg": 2.596996678586836,
    "mass_knuckles_kg": 0.56,
    "min_fos": 1.8000000000000016,
    "worst_ring_idx": 6,
    "feasible": true
  }
}
