{
  "config": "10 kW",
  "beam_profile": "PROFILE_ELLIPTICAL",
  "axial_profile": "AXIAL_TRUMPET",
  "timestamp": "2026-04-22T08:13:35.837",
  "best_mass_kg": 15.435174011529034,
  "min_fos": 1.800000000000002,
  "torsional_fos_min": 1.5,
  "evaluations": 128071992,
  "generations": 2000000,
  "elapsed_s": 3029.7770340442657,
  "archive_size": 200,
  "design": {
    "Do_top_m": 0.042032482238194606,
    "t_over_D": 0.02,
    "beam_aspect": 0.9999999999999997,
    "Do_scale_exp": 0.2727689227741871,
    "axial_profile": "AXIAL_TRUMPET",
    "profile_exp": 2.7302840758860194,
    "straight_frac": 0.3423600555292273,
    "r_hub_m": 1.9939229340862803,
    "taper_ratio": 1.0,
    "n_rings": 5,
    "tether_length_m": 30.0,
    "n_lines": 8,
    "knuckle_mass_kg": 0.010000000000000007
  },
  "evaluation": {
    "mass_total_kg": 15.435174011529034,
    "mass_beams_kg": 14.875174011529033,
    "mass_knuckles_kg": 0.5600000000000004,
    "min_fos": 1.800000000000002,
    "torsional_fos_min": 1.5,
    "worst_ring_idx": 2,
    "feasible": true
  }
}
