{
  "config": "50 kW",
  "beam_profile": "PROFILE_ELLIPTICAL",
  "axial_profile": "AXIAL_STRAIGHT_TAPER",
  "timestamp": "2026-04-22T15:55:37.485",
  "best_mass_kg": 145.88103063946073,
  "min_fos": 1.8000000000000023,
  "torsional_fos_min": 1.5000000000000004,
  "evaluations": 128071992,
  "generations": 2000000,
  "elapsed_s": 3028.452008008957,
  "archive_size": 200,
  "design": {
    "Do_top_m": 0.08785687349603799,
    "t_over_D": 0.020000000000000046,
    "beam_aspect": 0.9999999999999989,
    "Do_scale_exp": 0.034579679511326025,
    "axial_profile": "AXIAL_STRAIGHT_TAPER",
    "profile_exp": 0.6008683178083389,
    "straight_frac": 0.49562920348076095,
    "r_hub_m": 4.458547222512759,
    "taper_ratio": 0.9999999999999996,
    "n_rings": 5,
    "tether_length_m": 67.0820393249937,
    "n_lines": 8,
    "knuckle_mass_kg": 0.01000000000000011
  },
  "evaluation": {
    "mass_total_kg": 145.88103063946073,
    "mass_beams_kg": 145.32103063946073,
    "mass_knuckles_kg": 0.5600000000000062,
    "min_fos": 1.8000000000000023,
    "torsional_fos_min": 1.5000000000000004,
    "worst_ring_idx": 2,
    "feasible": true
  }
}
