{
  "config": "50 kW",
  "beam_profile": "PROFILE_ELLIPTICAL",
  "axial_profile": "AXIAL_ELLIPTIC",
  "timestamp": "2026-04-22T15:58:16.012",
  "best_mass_kg": 145.88103063946073,
  "min_fos": 1.8000000000000023,
  "torsional_fos_min": 1.5000000000000004,
  "evaluations": 128071992,
  "generations": 2000000,
  "elapsed_s": 3562.6671528816223,
  "archive_size": 200,
  "design": {
    "Do_top_m": 0.08785687349603795,
    "t_over_D": 0.020000000000000035,
    "beam_aspect": 0.9999999999999994,
    "Do_scale_exp": 0.18752388455825048,
    "axial_profile": "AXIAL_ELLIPTIC",
    "profile_exp": 1.2854385010027254,
    "straight_frac": 0.35099114355722216,
    "r_hub_m": 4.458547222512758,
    "taper_ratio": 0.9999999999999998,
    "n_rings": 5,
    "tether_length_m": 67.0820393249937,
    "n_lines": 8,
    "knuckle_mass_kg": 0.01000000000000002
  },
  "evaluation": {
    "mass_total_kg": 145.88103063946073,
    "mass_beams_kg": 145.32103063946073,
    "mass_knuckles_kg": 0.560000000000001,
    "min_fos": 1.8000000000000023,
    "torsional_fos_min": 1.5000000000000004,
    "worst_ring_idx": 2,
    "feasible": true
  }
}
