{
  "config": "50 kW",
  "beam_profile": "PROFILE_AIRFOIL",
  "axial_profile": "AXIAL_ELLIPTIC",
  "timestamp": "2026-04-22T15:59:18.084",
  "best_mass_kg": 400.71927525378663,
  "min_fos": 1.8000000000000003,
  "torsional_fos_min": 2.0642815650411737,
  "evaluations": 128071992,
  "generations": 2000000,
  "elapsed_s": 2973.457156896591,
  "archive_size": 200,
  "design": {
    "Do_top_m": 0.16283800962197106,
    "t_over_D": 0.020000000000000004,
    "beam_aspect": 0.19999999999999987,
    "Do_scale_exp": 0.9382115400248748,
    "axial_profile": "AXIAL_ELLIPTIC",
    "profile_exp": 1.915682235052447,
    "straight_frac": 0.03786015729006078,
    "r_hub_m": 5.366563145999495,
    "taper_ratio": 1.0,
    "n_rings": 5,
    "tether_length_m": 67.0820393249937,
    "n_lines": 8,
    "knuckle_mass_kg": 0.010000000000005595
  },
  "evaluation": {
    "mass_total_kg": 400.71927525378663,
    "mass_beams_kg": 400.15927525378635,
    "mass_knuckles_kg": 0.5600000000003134,
    "min_fos": 1.8000000000000003,
    "torsional_fos_min": 2.0642815650411737,
    "worst_ring_idx": 2,
    "feasible": true
  }
}
