{
  "config": "10 kW",
  "beam_profile": "PROFILE_AIRFOIL",
  "axial_profile": "AXIAL_LINEAR",
  "timestamp": "2026-04-21T00:45:06.446",
  "best_mass_kg": 32.90355522481346,
  "min_fos": 1.8,
  "evaluations": 192109320,
  "generations": 2000000,
  "elapsed_s": 3657.5342540740967,
  "archive_size": 200,
  "design": {
    "Do_top_m": 0.12,
    "t_over_D": 0.02075004420187976,
    "beam_aspect": 0.2,
    "Do_scale_exp": 0.3916534015402226,
    "axial_profile": "AXIAL_LINEAR",
    "profile_exp": 0.8176030072436672,
    "straight_frac": 0.06016885342511713,
    "r_hub_m": 1.6,
    "taper_ratio": 0.25,
    "n_rings": 5,
    "tether_length_m": 30.0,
    "n_lines": 8,
    "knuckle_mass_kg": 0.010000000000000002
  },
  "evaluation": {
    "mass_total_kg": 32.90355522481346,
    "mass_beams_kg": 32.34355522481346,
    "mass_knuckles_kg": 0.56,
    "min_fos": 1.8,
    "worst_ring_idx": 6,
    "feasible": true
  }
}
