{
  "config": "10 kW",
  "beam_profile": "PROFILE_ELLIPTICAL",
  "axial_profile": "AXIAL_TRUMPET",
  "timestamp": "2026-04-21T01:12:45.451",
  "best_mass_kg": 3.1569966785868364,
  "min_fos": 1.8000000000000016,
  "evaluations": 192109320,
  "generations": 2000000,
  "elapsed_s": 5651.523395061493,
  "archive_size": 200,
  "design": {
    "Do_top_m": 0.031249299419720426,
    "t_over_D": 0.02,
    "beam_aspect": 1.0,
    "Do_scale_exp": 0.14496850138969758,
    "axial_profile": "AXIAL_TRUMPET",
    "profile_exp": 0.3,
    "straight_frac": 0.1448378404796031,
    "r_hub_m": 1.6,
    "taper_ratio": 0.25000000000000006,
    "n_rings": 5,
    "tether_length_m": 30.0,
    "n_lines": 8,
    "knuckle_mass_kg": 0.01
  },
  "evaluation": {
    "mass_total_kg": 3.1569966785868364,
    "mass_beams_kg": 2.5969966785868364,
    "mass_knuckles_kg": 0.56,
    "min_fos": 1.8000000000000016,
    "worst_ring_idx": 6,
    "feasible": true
  }
}
