{
  "config": "50 kW",
  "beam_profile": "PROFILE_AIRFOIL",
  "axial_profile": "AXIAL_ELLIPTIC",
  "timestamp": "2026-04-21T04:51:02.350",
  "best_mass_kg": 400.71927525378663,
  "min_fos": 1.8000000000000007,
  "evaluations": 192109320,
  "generations": 2000000,
  "elapsed_s": 4217.899682044983,
  "archive_size": 200,
  "design": {
    "Do_top_m": 0.162838009621971,
    "t_over_D": 0.020000000000000018,
    "beam_aspect": 0.2,
    "Do_scale_exp": 0.9580912616200348,
    "axial_profile": "AXIAL_ELLIPTIC",
    "profile_exp": 1.6225180727313144,
    "straight_frac": 0.3636123964860677,
    "r_hub_m": 5.366563145999495,
    "taper_ratio": 1.0,
    "n_rings": 5,
    "tether_length_m": 67.0820393249937,
    "n_lines": 8,
    "knuckle_mass_kg": 0.010000000000006575
  },
  "evaluation": {
    "mass_total_kg": 400.71927525378663,
    "mass_beams_kg": 400.1592752537863,
    "mass_knuckles_kg": 0.5600000000003682,
    "min_fos": 1.8000000000000007,
    "worst_ring_idx": 2,
    "feasible": true
  }
}
