{
  "config": "10 kW",
  "beam_profile": "PROFILE_ELLIPTICAL",
  "axial_profile": "AXIAL_LINEAR",
  "timestamp": "2026-04-22T07:23:17.620",
  "best_mass_kg": 15.435174011529034,
  "min_fos": 1.8000000000000005,
  "torsional_fos_min": 1.5,
  "evaluations": 128071992,
  "generations": 2000000,
  "elapsed_s": 3656.2444570064545,
  "archive_size": 200,
  "design": {
    "Do_top_m": 0.0420324822381946,
    "t_over_D": 0.02,
    "beam_aspect": 0.9999999999999999,
    "Do_scale_exp": 0.03148974516163283,
    "axial_profile": "AXIAL_LINEAR",
    "profile_exp": 2.0820458681158085,
    "straight_frac": 0.004287292409066331,
    "r_hub_m": 1.9939229340862803,
    "taper_ratio": 1.0,
    "n_rings": 5,
    "tether_length_m": 30.0,
    "n_lines": 8,
    "knuckle_mass_kg": 0.010000000000000023
  },
  "evaluation": {
    "mass_total_kg": 15.435174011529034,
    "mass_beams_kg": 14.875174011529033,
    "mass_knuckles_kg": 0.5600000000000013,
    "min_fos": 1.8000000000000005,
    "torsional_fos_min": 1.5,
    "worst_ring_idx": 2,
    "feasible": true
  }
}
