{
  "config": "50 kW",
  "beam_profile": "PROFILE_AIRFOIL",
  "axial_profile": "AXIAL_PARABOLIC",
  "timestamp": "2026-04-22T16:22:51.009",
  "best_mass_kg": 400.7192752537866,
  "min_fos": 1.8000000000000005,
  "torsional_fos_min": 2.064281565041173,
  "evaluations": 128071992,
  "generations": 2000000,
  "elapsed_s": 1647.8029758930206,
  "archive_size": 200,
  "design": {
    "Do_top_m": 0.16283800962197098,
    "t_over_D": 0.02000000000000003,
    "beam_aspect": 0.2,
    "Do_scale_exp": 0.9435746696468771,
    "axial_profile": "AXIAL_PARABOLIC",
    "profile_exp": 0.32574412558468935,
    "straight_frac": 0.4284914873458978,
    "r_hub_m": 5.366563145999495,
    "taper_ratio": 0.9999999999999999,
    "n_rings": 5,
    "tether_length_m": 67.0820393249937,
    "n_lines": 8,
    "knuckle_mass_kg": 0.010000000000003052
  },
  "evaluation": {
    "mass_total_kg": 400.7192752537866,
    "mass_beams_kg": 400.1592752537864,
    "mass_knuckles_kg": 0.5600000000001709,
    "min_fos": 1.8000000000000005,
    "torsional_fos_min": 2.064281565041173,
    "worst_ring_idx": 2,
    "feasible": true
  }
}
