{
  "config": "10 kW",
  "beam_profile": "PROFILE_AIRFOIL",
  "axial_profile": "AXIAL_ELLIPTIC",
  "timestamp": "2026-04-21T01:42:44.776",
  "best_mass_kg": 40.5327709462295,
  "min_fos": 1.8,
  "evaluations": 192109320,
  "generations": 2000000,
  "elapsed_s": 6237.80868601799,
  "archive_size": 200,
  "design": {
    "Do_top_m": 0.12,
    "t_over_D": 0.020387727154255457,
    "beam_aspect": 0.2,
    "Do_scale_exp": 0.3546867951512778,
    "axial_profile": "AXIAL_ELLIPTIC",
    "profile_exp": 2.365168853417234,
    "straight_frac": 0.23759113354312789,
    "r_hub_m": 1.6,
    "taper_ratio": 0.2500000000000001,
    "n_rings": 5,
    "tether_length_m": 30.0,
    "n_lines": 8,
    "knuckle_mass_kg": 0.010000000000000071
  },
  "evaluation": {
    "mass_total_kg": 40.5327709462295,
    "mass_beams_kg": 39.972770946229495,
    "mass_knuckles_kg": 0.560000000000004,
    "min_fos": 1.8,
    "worst_ring_idx": 5,
    "feasible": true
  }
}
