{
  "config": "50 kW",
  "beam_profile": "PROFILE_CIRCULAR",
  "axial_profile": "AXIAL_PARABOLIC",
  "timestamp": "2026-04-21T02:51:49.625",
  "best_mass_kg": 24.32998509228052,
  "min_fos": 1.8000000000000016,
  "evaluations": 192109238,
  "generations": 2000000,
  "elapsed_s": 5582.380188941956,
  "archive_size": 200,
  "design": {
    "Do_top_m": 0.07363868578257862,
    "t_over_D": 0.02,
    "beam_aspect": 1.0,
    "Do_scale_exp": 0.2187840646758874,
    "axial_profile": "AXIAL_PARABOLIC",
    "profile_exp": 3.5,
    "straight_frac": 0.07595141490408866,
    "r_hub_m": 3.577708763999664,
    "taper_ratio": 0.15,
    "n_rings": 5,
    "tether_length_m": 67.0820393249937,
    "n_lines": 8,
    "knuckle_mass_kg": 0.010000000000000005
  },
  "evaluation": {
    "mass_total_kg": 24.32998509228052,
    "mass_beams_kg": 23.76998509228052,
    "mass_knuckles_kg": 0.5600000000000003,
    "min_fos": 1.8000000000000016,
    "worst_ring_idx": 6,
    "feasible": true
  }
}
