{
  "config": "10 kW",
  "beam_profile": "PROFILE_ELLIPTICAL",
  "axial_profile": "AXIAL_ELLIPTIC",
  "timestamp": "2026-04-21T00:38:02.937",
  "best_mass_kg": 6.2184002233880715,
  "min_fos": 1.8000000000000003,
  "evaluations": 192109320,
  "generations": 2000000,
  "elapsed_s": 4541.770586967468,
  "archive_size": 200,
  "design": {
    "Do_top_m": 0.03800042794746869,
    "t_over_D": 0.020000000000000004,
    "beam_aspect": 1.0,
    "Do_scale_exp": 0.4830171133222473,
    "axial_profile": "AXIAL_ELLIPTIC",
    "profile_exp": 1.5667808707962538,
    "straight_frac": 0.053710534034544136,
    "r_hub_m": 1.6,
    "taper_ratio": 0.25000000000000006,
    "n_rings": 5,
    "tether_length_m": 30.0,
    "n_lines": 8,
    "knuckle_mass_kg": 0.010000000000000012
  },
  "evaluation": {
    "mass_total_kg": 6.2184002233880715,
    "mass_beams_kg": 5.658400223388071,
    "mass_knuckles_kg": 0.5600000000000007,
    "min_fos": 1.8000000000000003,
    "worst_ring_idx": 4,
    "feasible": true
  }
}
