{
  "config": "50 kW",
  "beam_profile": "PROFILE_CIRCULAR",
  "axial_profile": "AXIAL_STRAIGHT_TAPER",
  "timestamp": "2026-04-21T03:27:36.177",
  "best_mass_kg": 19.217949203490427,
  "min_fos": 1.8000000000000007,
  "evaluations": 192109238,
  "generations": 2000000,
  "elapsed_s": 5670.078016996384,
  "archive_size": 200,
  "design": {
    "Do_top_m": 0.06623061718938321,
    "t_over_D": 0.02,
    "beam_aspect": 1.0,
    "Do_scale_exp": 0.10268158423310023,
    "axial_profile": "AXIAL_STRAIGHT_TAPER",
    "profile_exp": 2.7663293818621164,
    "straight_frac": 0.7,
    "r_hub_m": 3.577708763999664,
    "taper_ratio": 0.15,
    "n_rings": 5,
    "tether_length_m": 67.0820393249937,
    "n_lines": 8,
    "knuckle_mass_kg": 0.010000000000000002
  },
  "evaluation": {
    "mass_total_kg": 19.217949203490427,
    "mass_beams_kg": 18.65794920349043,
    "mass_knuckles_kg": 0.56,
    "min_fos": 1.8000000000000007,
    "worst_ring_idx": 6,
    "feasible": true
  }
}
