{
  "config": "10 kW",
  "beam_profile": "PROFILE_AIRFOIL",
  "axial_profile": "AXIAL_PARABOLIC",
  "timestamp": "2026-04-21T01:31:26.874",
  "best_mass_kg": 19.95892573831625,
  "min_fos": 1.8,
  "evaluations": 192109320,
  "generations": 2000000,
  "elapsed_s": 3121.529014110565,
  "archive_size": 200,
  "design": {
    "Do_top_m": 0.11999999999999839,
    "t_over_D": 0.020000000000000004,
    "beam_aspect": 0.2,
    "Do_scale_exp": 0.3799610729029279,
    "axial_profile": "AXIAL_PARABOLIC",
    "profile_exp": 3.5,
    "straight_frac": 0.6394300742597121,
    "r_hub_m": 1.6,
    "taper_ratio": 0.25,
    "n_rings": 5,
    "tether_length_m": 30.0,
    "n_lines": 8,
    "knuckle_mass_kg": 0.010000000000000004
  },
  "evaluation": {
    "mass_total_kg": 19.95892573831625,
    "mass_beams_kg": 19.39892573831625,
    "mass_knuckles_kg": 0.5600000000000002,
    "min_fos": 1.8,
    "worst_ring_idx": 6,
    "feasible": true
  }
}
