island_idx,cfg_name,beam_profile,variant,seed,best_mass_kg,min_fos,feasible,r_hub_m,r_bottom_m,target_Lr,n_lines,tether_length_m,Do_top_m,t_over_D,beam_aspect,Do_scale_exp,knuckle_kg,evaluations,elapsed_s,status
4,10kw,circular,2,2,10.587222895183208,1.8000000000000007,true,1.6000000000000008,0.33645492095399515,1.999999999999999,8,30.0,0.03893173044951875,0.020000000000000056,1.0,0.49181000385086304,0.01,128071992,199.57139205932617,OK
