{
  "config": "10 kW",
  "beam_profile": "PROFILE_ELLIPTICAL",
  "axial_profile": "AXIAL_PARABOLIC",
  "timestamp": "2026-04-21T01:16:10.353",
  "best_mass_kg": 3.263997012752164,
  "min_fos": 1.8,
  "evaluations": 192109238,
  "generations": 2000000,
  "elapsed_s": 6039.563062906265,
  "archive_size": 200,
  "design": {
    "Do_top_m": 0.03419347889364832,
    "t_over_D": 0.02,
    "beam_aspect": 0.9999999999999994,
    "Do_scale_exp": 0.2413332447684348,
    "axial_profile": "AXIAL_PARABOLIC",
    "profile_exp": 3.5,
    "straight_frac": 0.6515837910300039,
    "r_hub_m": 1.6,
    "taper_ratio": 0.25,
    "n_rings": 5,
    "tether_length_m": 30.0,
    "n_lines": 8,
    "knuckle_mass_kg": 0.010000000000000002
  },
  "evaluation": {
    "mass_total_kg": 3.263997012752164,
    "mass_beams_kg": 2.703997012752164,
    "mass_knuckles_kg": 0.56,
    "min_fos": 1.8,
    "worst_ring_idx": 6,
    "feasible": true
  }
}
