{
  "config": "10 kW",
  "beam_profile": "PROFILE_AIRFOIL",
  "axial_profile": "AXIAL_PARABOLIC",
  "timestamp": "2026-04-22T08:40:23.551",
  "best_mass_kg": 95.7637637560041,
  "min_fos": 1.8000000000000003,
  "torsional_fos_min": 1.5000000000000004,
  "evaluations": 128071992,
  "generations": 2000000,
  "elapsed_s": 1829.7041289806366,
  "archive_size": 200,
  "design": {
    "Do_top_m": 0.12,
    "t_over_D": 0.02358240967257427,
    "beam_aspect": 0.2,
    "Do_scale_exp": 0.7133483267426729,
    "axial_profile": "AXIAL_PARABOLIC",
    "profile_exp": 2.2290646321260126,
    "straight_frac": 0.5113610096263069,
    "r_hub_m": 1.9939229340862807,
    "taper_ratio": 1.0,
    "n_rings": 5,
    "tether_length_m": 30.0,
    "n_lines": 8,
    "knuckle_mass_kg": 0.01000000000000005
  },
  "evaluation": {
    "mass_total_kg": 95.7637637560041,
    "mass_beams_kg": 95.2037637560041,
    "mass_knuckles_kg": 0.5600000000000028,
    "min_fos": 1.8000000000000003,
    "torsional_fos_min": 1.5000000000000004,
    "worst_ring_idx": 2,
    "feasible": true
  }
}
