{
  "config": "10 kW",
  "beam_profile": "PROFILE_ELLIPTICAL",
  "axial_profile": "AXIAL_STRAIGHT_TAPER",
  "timestamp": "2026-04-22T08:09:05.172",
  "best_mass_kg": 15.435174011529034,
  "min_fos": 1.8000000000000005,
  "torsional_fos_min": 1.5,
  "evaluations": 128071992,
  "generations": 2000000,
  "elapsed_s": 2723.5541439056396,
  "archive_size": 200,
  "design": {
    "Do_top_m": 0.0420324822381946,
    "t_over_D": 0.02,
    "beam_aspect": 0.9999999999999998,
    "Do_scale_exp": 0.045285145895449394,
    "axial_profile": "AXIAL_STRAIGHT_TAPER",
    "profile_exp": 0.7572399241652579,
    "straight_frac": 0.15866729395922624,
    "r_hub_m": 1.9939229340862803,
    "taper_ratio": 1.0,
    "n_rings": 5,
    "tether_length_m": 30.0,
    "n_lines": 8,
    "knuckle_mass_kg": 0.010000000000000005
  },
  "evaluation": {
    "mass_total_kg": 15.435174011529034,
    "mass_beams_kg": 14.875174011529033,
    "mass_knuckles_kg": 0.5600000000000003,
    "min_fos": 1.8000000000000005,
    "torsional_fos_min": 1.5,
    "worst_ring_idx": 2,
    "feasible": true
  }
}
