{
  "config": "50 kW",
  "beam_profile": "PROFILE_CIRCULAR",
  "axial_profile": "AXIAL_LINEAR",
  "timestamp": "2026-04-21T02:25:38.786",
  "best_mass_kg": 44.372783219873156,
  "min_fos": 1.800000000000001,
  "evaluations": 192109320,
  "generations": 2000000,
  "elapsed_s": 4742.283043146133,
  "archive_size": 200,
  "design": {
    "Do_top_m": 0.0825299806996551,
    "t_over_D": 0.02,
    "beam_aspect": 1.0,
    "Do_scale_exp": 0.4353816004781295,
    "axial_profile": "AXIAL_LINEAR",
    "profile_exp": 2.6088129428329534,
    "straight_frac": 0.3826511201881072,
    "r_hub_m": 3.577708763999664,
    "taper_ratio": 0.15000000000000008,
    "n_rings": 5,
    "tether_length_m": 67.0820393249937,
    "n_lines": 8,
    "knuckle_mass_kg": 0.010000000000000026
  },
  "evaluation": {
    "mass_total_kg": 44.372783219873156,
    "mass_beams_kg": 43.812783219873154,
    "mass_knuckles_kg": 0.5600000000000015,
    "min_fos": 1.800000000000001,
    "worst_ring_idx": 5,
    "feasible": true
  }
}
