{
  "config": "50 kW",
  "beam_profile": "PROFILE_ELLIPTICAL",
  "axial_profile": "AXIAL_PARABOLIC",
  "timestamp": "2026-04-21T04:10:42.381",
  "best_mass_kg": 24.329985092280527,
  "min_fos": 1.8000000000000016,
  "evaluations": 192109238,
  "generations": 2000000,
  "elapsed_s": 5480.57296705246,
  "archive_size": 200,
  "design": {
    "Do_top_m": 0.07363868623757022,
    "t_over_D": 0.020000000000000004,
    "beam_aspect": 0.9999999999999998,
    "Do_scale_exp": 0.21878407673359487,
    "axial_profile": "AXIAL_PARABOLIC",
    "profile_exp": 3.5,
    "straight_frac": 0.20503903176857857,
    "r_hub_m": 3.577708763999664,
    "taper_ratio": 0.15,
    "n_rings": 5,
    "tether_length_m": 67.0820393249937,
    "n_lines": 8,
    "knuckle_mass_kg": 0.010000000000000007
  },
  "evaluation": {
    "mass_total_kg": 24.329985092280527,
    "mass_beams_kg": 23.76998509228053,
    "mass_knuckles_kg": 0.5600000000000004,
    "min_fos": 1.8000000000000016,
    "worst_ring_idx": 6,
    "feasible": true
  }
}
