{
  "config": "50 kW",
  "profile": "PROFILE_ELLIPTICAL",
  "timestamp": "2026-04-20T12:33:55.853",
  "best_mass_kg": 72.30842884205514,
  "min_fos": 1.8000000000000005,
  "evaluations": 96038010,
  "generations": 2000000,
  "elapsed_s": 145.5602400302887,
  "design": {
    "Do_top_m": 0.08847356450762624,
    "t_over_D": 0.02,
    "aspect_ratio": 0.9999999999999999,
    "Do_scale_exp": 0.49999999999999883,
    "r_hub_m": 4.024922359499622,
    "taper_ratio": 0.2,
    "n_rings": 7,
    "tether_length_m": 67.0820393249937,
    "n_lines": 5,
    "knuckle_mass_kg": 0.05
  },
  "evaluation": {
    "mass_total_kg": 72.30842884205514,
    "mass_beams_kg": 70.05842884205514,
    "mass_knuckles_kg": 2.25,
    "min_fos": 1.8000000000000005,
    "worst_ring_idx": 6,
    "feasible": true
  }
}
