{
  "config": "50 kW",
  "beam_profile": "PROFILE_ELLIPTICAL",
  "axial_profile": "AXIAL_LINEAR",
  "timestamp": "2026-04-22T15:01:20.015",
  "best_mass_kg": 145.88103063946073,
  "min_fos": 1.8000000000000014,
  "torsional_fos_min": 1.5000000000000013,
  "evaluations": 128071992,
  "generations": 2000000,
  "elapsed_s": 2948.0892839431763,
  "archive_size": 200,
  "design": {
    "Do_top_m": 0.08785687349603793,
    "t_over_D": 0.020000000000000014,
    "beam_aspect": 0.9999999999999993,
    "Do_scale_exp": 0.2891827148598126,
    "axial_profile": "AXIAL_LINEAR",
    "profile_exp": 0.646299904498844,
    "straight_frac": 0.5597486293977763,
    "r_hub_m": 4.458547222512758,
    "taper_ratio": 1.0,
    "n_rings": 5,
    "tether_length_m": 67.0820393249937,
    "n_lines": 8,
    "knuckle_mass_kg": 0.010000000000000163
  },
  "evaluation": {
    "mass_total_kg": 145.88103063946073,
    "mass_beams_kg": 145.32103063946073,
    "mass_knuckles_kg": 0.5600000000000092,
    "min_fos": 1.8000000000000014,
    "torsional_fos_min": 1.5000000000000013,
    "worst_ring_idx": 2,
    "feasible": true
  }
}
