{
  "config": "50 kW",
  "beam_profile": "PROFILE_CIRCULAR",
  "axial_profile": "AXIAL_STRAIGHT_TAPER",
  "timestamp": "2026-04-22T15:00:47.986",
  "best_mass_kg": 145.88103063946073,
  "min_fos": 1.800000000000003,
  "torsional_fos_min": 1.5000000000000004,
  "evaluations": 128071992,
  "generations": 2000000,
  "elapsed_s": 2919.3050689697266,
  "archive_size": 200,
  "design": {
    "Do_top_m": 0.08785687349603796,
    "t_over_D": 0.020000000000000035,
    "beam_aspect": 1.0,
    "Do_scale_exp": 0.020637762609997057,
    "axial_profile": "AXIAL_STRAIGHT_TAPER",
    "profile_exp": 2.1927649667519864,
    "straight_frac": 0.3484151600657733,
    "r_hub_m": 4.45854722251276,
    "taper_ratio": 0.9999999999999993,
    "n_rings": 5,
    "tether_length_m": 67.0820393249937,
    "n_lines": 8,
    "knuckle_mass_kg": 0.010000000000000186
  },
  "evaluation": {
    "mass_total_kg": 145.88103063946073,
    "mass_beams_kg": 145.32103063946073,
    "mass_knuckles_kg": 0.5600000000000104,
    "min_fos": 1.800000000000003,
    "torsional_fos_min": 1.5000000000000004,
    "worst_ring_idx": 6,
    "feasible": true
  }
}
