{
  "config": "10 kW",
  "beam_profile": "PROFILE_CIRCULAR",
  "axial_profile": "AXIAL_LINEAR",
  "timestamp": "2026-04-22T07:23:02.747",
  "best_mass_kg": 15.435174011529034,
  "min_fos": 1.800000000000002,
  "torsional_fos_min": 1.5,
  "evaluations": 128071992,
  "generations": 2000000,
  "elapsed_s": 3674.0755920410156,
  "archive_size": 200,
  "design": {
    "Do_top_m": 0.0420324822381946,
    "t_over_D": 0.02,
    "beam_aspect": 1.0,
    "Do_scale_exp": 0.3629532191187331,
    "axial_profile": "AXIAL_LINEAR",
    "profile_exp": 2.5819413374703837,
    "straight_frac": 0.01999911386292455,
    "r_hub_m": 1.9939229340862803,
    "taper_ratio": 1.0,
    "n_rings": 5,
    "tether_length_m": 30.0,
    "n_lines": 8,
    "knuckle_mass_kg": 0.010000000000000004
  },
  "evaluation": {
    "mass_total_kg": 15.435174011529034,
    "mass_beams_kg": 14.875174011529033,
    "mass_knuckles_kg": 0.5600000000000002,
    "min_fos": 1.800000000000002,
    "torsional_fos_min": 1.5,
    "worst_ring_idx": 2,
    "feasible": true
  }
}
