{
  "config": "10 kW",
  "beam_profile": "PROFILE_CIRCULAR",
  "axial_profile": "AXIAL_PARABOLIC",
  "timestamp": "2026-04-20T23:44:30.421",
  "best_mass_kg": 3.263997012752164,
  "min_fos": 1.800000000000001,
  "evaluations": 192109238,
  "generations": 2000000,
  "elapsed_s": 5415.466281890869,
  "archive_size": 200,
  "design": {
    "Do_top_m": 0.034193479079414814,
    "t_over_D": 0.02000000000000001,
    "beam_aspect": 1.0,
    "Do_scale_exp": 0.2413332572110563,
    "axial_profile": "AXIAL_PARABOLIC",
    "profile_exp": 3.4999999999999996,
    "straight_frac": 0.24876374376269206,
    "r_hub_m": 1.6,
    "taper_ratio": 0.25,
    "n_rings": 5,
    "tether_length_m": 30.0,
    "n_lines": 8,
    "knuckle_mass_kg": 0.01
  },
  "evaluation": {
    "mass_total_kg": 3.263997012752164,
    "mass_beams_kg": 2.703997012752164,
    "mass_knuckles_kg": 0.56,
    "min_fos": 1.800000000000001,
    "worst_ring_idx": 6,
    "feasible": true
  }
}
