{
  "config": "10 kW",
  "beam_profile": "PROFILE_CIRCULAR",
  "axial_profile": "AXIAL_PARABOLIC",
  "timestamp": "2026-04-22T07:17:52.567",
  "best_mass_kg": 15.435174011529034,
  "min_fos": 1.8000000000000014,
  "torsional_fos_min": 1.5,
  "evaluations": 128071992,
  "generations": 2000000,
  "elapsed_s": 3355.7169320583344,
  "archive_size": 200,
  "design": {
    "Do_top_m": 0.0420324822381946,
    "t_over_D": 0.02,
    "beam_aspect": 1.0,
    "Do_scale_exp": 0.4482880198684688,
    "axial_profile": "AXIAL_PARABOLIC",
    "profile_exp": 1.5990191490339196,
    "straight_frac": 0.07748939716573583,
    "r_hub_m": 1.9939229340862805,
    "taper_ratio": 0.9999999999999999,
    "n_rings": 5,
    "tether_length_m": 30.0,
    "n_lines": 8,
    "knuckle_mass_kg": 0.010000000000000009
  },
  "evaluation": {
    "mass_total_kg": 15.435174011529034,
    "mass_beams_kg": 14.875174011529033,
    "mass_knuckles_kg": 0.5600000000000005,
    "min_fos": 1.8000000000000014,
    "torsional_fos_min": 1.5,
    "worst_ring_idx": 5,
    "feasible": true
  }
}
