{
  "config": "10 kW",
  "beam_profile": "PROFILE_CIRCULAR",
  "axial_profile": "AXIAL_PARABOLIC",
  "timestamp": "2026-04-20T23:29:43.917",
  "best_mass_kg": 3.263997012752164,
  "min_fos": 1.8000000000000016,
  "evaluations": 192109320,
  "generations": 2000000,
  "elapsed_s": 4531.824570894241,
  "archive_size": 200,
  "design": {
    "Do_top_m": 0.03419347899261272,
    "t_over_D": 0.02000000000000001,
    "beam_aspect": 1.0,
    "Do_scale_exp": 0.2413332513970613,
    "axial_profile": "AXIAL_PARABOLIC",
    "profile_exp": 3.5,
    "straight_frac": 0.6095853538722928,
    "r_hub_m": 1.6,
    "taper_ratio": 0.25,
    "n_rings": 5,
    "tether_length_m": 30.0,
    "n_lines": 8,
    "knuckle_mass_kg": 0.010000000000000004
  },
  "evaluation": {
    "mass_total_kg": 3.263997012752164,
    "mass_beams_kg": 2.703997012752164,
    "mass_knuckles_kg": 0.5600000000000002,
    "min_fos": 1.8000000000000016,
    "worst_ring_idx": 6,
    "feasible": true
  }
}
