device,hub_z_mean,hub_z_std,hub_r_std,elev_mean,elev_std
SingleKite,15.036132495052637,0.002329510414807484,0.0011159356673628611,30.099039647362314,0.004902795195884873
Stack×3,15.036065619665694,0.002329373792467983,0.0011160706502366558,30.09889629558716,0.004902753336109305
RotaryLifter,14.995666329899716,0.0006310305167669496,0.0021813525030209306,30.01979440448411,0.0008878829495797401
NoLift,13.761230206752145,0.1859790909868482,0.2383084162103136,28.372188522330163,0.33788229228755606
