device,hub_z_mean,hub_z_std,hub_r_std,elev_mean,elev_std
SingleKite,15.007457654728169,0.0034598050772084695,0.003589750015175028,30.024482351844604,0.009143397699382962
Stack×3,15.007439513994617,0.0034538320203790955,0.00358738866336268,30.024446980573,0.009131234348979923
RotaryLifter,15.0004785302874,0.0009217168510417055,0.002606112857046852,30.010784013877842,0.0039840781125322685
NoLift,14.998398097191036,0.0002761053240716732,0.0023682030153423044,30.006844800980563,0.0026156504590503326
