P_kw,area_m2,area_per_kw
5.0,9.257722991713218,1.8515445983426435
10.0,19.22975857581296,1.9229758575812959
20.0,40.29140019758284,2.014570009879142
50.0,108.83056637606755,2.1766113275213512
100.0,234.01677805482,2.3401677805482
200.0,510.0743608794551,2.5503718043972756
500.0,1461.6779607323574,2.9233559214647147
