{
  "config": "50 kW",
  "beam_profile": "PROFILE_ELLIPTICAL",
  "axial_profile": "AXIAL_ELLIPTIC",
  "timestamp": "2026-04-21T03:46:21.903",
  "best_mass_kg": 57.40799905896374,
  "min_fos": 1.8000000000000005,
  "evaluations": 192109320,
  "generations": 2000000,
  "elapsed_s": 4805.102227926254,
  "archive_size": 200,
  "design": {
    "Do_top_m": 0.08237807675736607,
    "t_over_D": 0.02,
    "beam_aspect": 0.9999999999999998,
    "Do_scale_exp": 0.4264307414763128,
    "axial_profile": "AXIAL_ELLIPTIC",
    "profile_exp": 1.3736783187528216,
    "straight_frac": 0.6941056650092974,
    "r_hub_m": 3.5777087639996643,
    "taper_ratio": 0.15,
    "n_rings": 5,
    "tether_length_m": 67.0820393249937,
    "n_lines": 8,
    "knuckle_mass_kg": 0.010000000000000026
  },
  "evaluation": {
    "mass_total_kg": 57.40799905896374,
    "mass_beams_kg": 56.84799905896374,
    "mass_knuckles_kg": 0.5600000000000015,
    "min_fos": 1.8000000000000005,
    "worst_ring_idx": 5,
    "feasible": true
  }
}
