t,omega_hub,omega_gnd,tau_gen,T_max,n_slack,backline_payout,k_mppt_scale
0.019999999999999858,9.518196097786156,9.782992284602802,1052.7763184465775,0.0,75,0.0,1.0
0.03999999999999904,9.546526532377152,9.782408824152652,1052.6507464314566,0.0,75,0.0,1.0
0.05999999999999823,9.570850517828502,9.521160719542342,997.1775159209167,0.0,75,0.0,1.0
0.07999999999999742,9.592859374127647,9.11104363634244,913.1222775766969,0.0,75,0.0,1.0
0.0999999999999966,9.61354010838045,8.630102227135236,819.2653089588501,0.0,75,0.0,1.0
0.11999999999999579,9.633216670540849,8.13064616462982,727.1814775985055,0.0,75,0.0,1.0
0.14000000000000018,9.653108913037245,7.647475852586086,643.3227560747602,0.0,75,0.0,1.0
0.1600000000000063,9.673997302581778,7.203681784248458,570.8233437358435,0.0,75,0.0,1.0
0.18000000000001243,9.695711094676488,6.814646675966483,510.8335025008715,0.0,75,0.0,1.0
0.20000000000001855,9.718231669966162,6.490216819411227,463.35205799265225,0.0,75,0.0,1.0
0.22000000000002468,9.741167515837427,6.233663995578387,427.44423490747323,0.0,75,0.0,1.0
0.2400000000000308,9.763475096462557,6.040996336889814,401.4300041654776,0.0,75,0.0,1.0
0.26000000000003,9.78443961585894,5.9028118447791815,383.27506442351944,0.0,75,0.0,1.0
0.28000000000002223,9.803472930280401,5.806588732791576,370.8811998296029,0.0,75,0.0,1.0
0.3000000000000145,9.819741999052235,5.7402739723391605,362.4581980526585,0.0,75,0.0,1.0
0.3200000000000067,9.83300950265626,5.6966924127709975,356.9753489029491,0.0,75,0.0,1.0
0.33999999999999897,9.843461375188713,5.674630581285993,354.2157545747283,0.0,75,0.0,1.0
0.3599999999999912,9.851074371257848,5.677570620965259,354.58288971652615,0.0,75,0.0,1.0
0.37999999999998346,9.856309842665055,5.711891618381078,358.88276446145215,0.0,75,0.0,1.0
0.3999999999999757,9.859885652605358,5.783244727655574,367.9051153795159,0.0,75,0.0,1.0
0.41999999999996795,9.861977168740294,5.8935831618818,382.0775473461834,0.0,75,0.0,1.0
0.4399999999999602,9.862882231829262,6.040823731063567,401.40706484758823,0.0,75,0.0,1.0
0.45999999999995245,9.86294360825785,6.218955662550797,425.4295048604988,0.0,75,0.0,1.0
0.4799999999999447,9.861944717324604,6.419078165418839,453.2502094313258,0.0,75,0.0,1.0
0.49999999999993694,9.85992718479458,6.6319316953992935,483.8076981368592,0.0,75,0.0,1.0
0.5199999999999569,9.85722735880592,6.849290728737427,516.0406183544532,0.0,75,0.0,1.0
0.5399999999999769,9.853820177283202,7.064474174884337,548.974749043685,0.0,75,0.0,1.0
0.559999999999997,9.849936343339559,7.273125427675668,581.881888353726,0.0,75,0.0,1.0
0.580000000000017,9.84606533952255,7.472695070447628,614.252887774815,0.0,75,0.0,1.0
0.600000000000037,9.842315877881848,7.6614558058458515,645.6769557142202,0.0,75,0.0,1.0
0.620000000000057,9.838894836450045,7.8385131670256,675.8651753659708,0.0,75,0.0,1.0
0.640000000000077,9.836120252334224,8.003385359906934,704.595949410899,0.0,75,0.0,1.0
0.660000000000097,9.833895596732258,8.155468136876083,731.6282658476116,0.0,75,0.0,1.0
0.680000000000117,9.832171405186783,8.294414901281845,756.7705041006695,0.0,75,0.0,1.0
0.700000000000137,9.831050506890533,8.420125413202616,779.8836317146657,0.0,75,0.0,1.0
0.720000000000157,9.830371662004406,8.532516702560642,800.8422540742397,0.0,75,0.0,1.0
0.740000000000177,9.830063304822717,8.631957288527344,819.6175529405637,0.0,75,0.0,1.0
0.760000000000197,9.830228264247934,8.719247787497864,836.2781017776502,0.0,75,0.0,1.0
0.780000000000217,9.830774517509132,8.795262012270289,850.9229725093329,0.0,75,0.0,1.0
0.800000000000237,9.831665057454329,8.861122672163113,863.7144451223545,0.0,75,0.0,1.0
0.820000000000257,9.832982006034616,8.918053242635537,874.8484100233044,0.0,75,0.0,1.0
0.840000000000277,9.834619659153956,8.967005946334238,884.4791520575295,0.0,75,0.0,1.0
0.860000000000297,9.836484770989234,9.008824105818123,892.7480294652667,0.0,75,0.0,1.0
0.880000000000317,9.838580297038513,9.044224087522046,899.7778827984539,0.0,75,0.0,1.0
0.900000000000337,9.840776622064613,9.07362813472138,905.6380027992813,0.0,75,0.0,1.0
0.920000000000357,9.842977156379986,9.097454692578221,910.4005007186485,0.0,75,0.0,1.0
0.940000000000377,9.84519324249897,9.116232332193661,914.1626112798639,0.0,75,0.0,1.0
0.960000000000397,9.847352293904398,9.130494174466115,917.0251625695562,0.0,75,0.0,1.0
0.980000000000417,9.849414006041261,9.140958055242184,919.1282558446667,0.0,75,0.0,1.0
1.000000000000437,9.851424695042612,9.148499860552658,920.645546683852,0.0,75,0.0,1.0
1.020000000000457,9.853351507402996,9.153912338267768,921.7352220635996,0.0,75,4.059726921668581e-12,1.0
1.040000000000477,9.855169742922637,9.15793515559825,922.545539455566,0.0,75,2.4757866407987524e-10,1.0
1.060000000000497,9.85691189548028,9.16118956598152,923.2013369023354,0.0,75,2.6940931864452915e-9,1.0
1.080000000000517,9.858538605346927,9.164014076980258,923.7706940340156,0.0,75,1.447372250862084e-8,1.0
1.100000000000537,9.860014252746092,9.16658844273698,924.289780463711,0.0,75,5.2821500586358155e-8,1.0
1.120000000000557,9.861355395988648,9.169005112572952,924.7772022982783,0.0,75,1.5095744100415674e-7,1.0
1.140000000000577,9.862529417537099,9.171241230181154,925.228322723922,0.0,75,3.6446506747123114e-7,1.0
1.160000000000597,9.863516052589857,9.173322314091989,925.648265060398,0.0,75,7.778238185844464e-7,1.0
1.180000000000617,9.864346900912963,9.175390450337483,926.0656890775871,0.0,75,1.510832017362652e-6,1.0
1.200000000000637,9.865017639448254,9.177631503520377,926.5181201585067,0.0,75,2.7247237239996345e-6,1.0
1.220000000000657,9.865531828067388,9.180324275770253,927.0618918912629,0.0,75,4.627837099817187e-6,1.0
1.240000000000677,9.8659286393177,9.183790903581652,927.7621689678001,0.0,75,7.48073588961735e-6,1.0
1.260000000000697,9.866208572697179,9.188242299440823,928.6617620855694,0.0,75,1.1600720968703023e-5,1.0
1.280000000000717,9.866369990727454,9.19377132969211,929.7797438893549,0.0,75,1.7365697034644824e-5,1.0
1.300000000000737,9.866435944517338,9.200331201979834,931.1070364873606,0.0,75,2.5217381668743318e-5,1.0
1.320000000000757,9.866397728055581,9.207691711387548,932.5974531715046,0.0,75,3.5663861177444345e-5,1.0
1.340000000000777,9.866247595675487,9.215554129728872,934.1908170975915,0.0,75,4.928151071932229e-5,1.0
1.360000000000797,9.866002552375619,9.223645025789704,935.8319031795266,0.0,75,6.671630596188384e-5,1.0
1.380000000000817,9.865658163580703,9.23173938391432,937.4751325776622,0.0,75,8.868456051129849e-5,1.0
1.400000000000837,9.865214849849949,9.239747507827385,939.102274092426,0.0,75,0.00011597312813509529,1.0
1.420000000000857,9.864695742412927,9.24772529485687,940.7246544204916,0.0,75,0.00014943911178651246,1.0
1.440000000000877,9.86410662792076,9.25579292952677,942.3667302970551,0.0,75,0.0001900091230015401,1.0
1.460000000000897,9.863454679622702,9.26410516994516,944.0600905978512,0.0,75,0.00023867813567709858,1.0
1.480000000000917,9.862760621136594,9.272787802604643,945.8305299534679,0.0,75,0.00029650797780108256,1.0
1.500000000000937,9.862025051188178,9.28184223863814,947.6785487726378,0.0,75,0.000364625503598597,1.0
1.520000000000957,9.861245462489112,9.291148152964702,949.5797740037334,0.0,75,0.0004442204869532681,1.0
1.540000000000977,9.860429139546257,9.30048831909632,951.4899127101181,0.0,75,0.0005365432749968675,1.0
1.560000000000997,9.859568960261859,9.309580191630689,953.3511167884274,0.0,75,0.0006429022385473952,1.0
1.580000000001017,9.858660045099963,9.31817971249244,955.1132046973628,0.0,75,0.0007646610537063292,1.0
1.600000000001037,9.857709777035032,9.32616104599428,956.7500784140323,0.0,75,0.000903235846472746,1.0
1.620000000001057,9.856716975194317,9.333528626436976,958.2623228257036,0.0,75,0.0010600922297531652,1.0
1.640000000001077,9.855683644691492,9.340421213398676,959.6781528807878,0.0,75,0.001236742259686324,1.0
1.660000000001097,9.854621265377677,9.347056009263675,961.0420164434338,0.0,75,0.0014347413357962927,1.0
1.680000000001117,9.853532281066911,9.3536319477917,962.394736762245,0.0,75,0.0016556850671614316,1.0
1.700000000001137,9.852419096981759,9.360273552396187,963.7619307325629,0.0,75,0.0019012061245596951,1.0
1.720000000001157,9.851288265035214,9.36699196481845,965.1459231587073,0.0,75,0.0021729710964360086,1.0
1.740000000001177,9.850135967230498,9.373672807016574,966.5231608230216,0.0,75,0.002472677364543395,1.0
1.760000000001197,9.848956956947983,9.380126537275574,967.8545124083159,0.0,75,0.002802050013241326,1.0
1.780000000001217,9.847750402610838,9.386153917100865,969.098738910587,0.0,75,0.0031628387846939538,1.0
1.800000000001237,9.846510258853149,9.391603825560727,970.2244465791557,0.0,75,0.0035568150905976046,1.0
1.820000000001257,9.845233998870274,9.396438878117563,971.2236994921916,0.0,75,0.003985769089578267,1.0
1.840000000001277,9.843926304009134,9.400752155233665,972.1155519254344,0.0,75,0.00445150683803297,1.0
1.860000000001297,9.842588952870903,9.404732955199382,972.9390215447462,0.0,75,0.0049558475209386665,1.0
1.880000000001317,9.841225662355274,9.408612706775386,973.7419237270478,0.0,75,0.005500620768013466,1.0
1.900000000001337,9.83984279274429,9.412586066895521,974.5645411338727,0.0,75,0.006087664059582224,1.0
1.920000000001357,9.838440967101926,9.416738186453015,975.4245387942267,0.0,75,0.0067188202255650635,1.0
1.940000000001377,9.837019743574128,9.421028260747809,976.3135083878977,0.0,75,0.007395935040167326,1.0
1.960000000001397,9.835579333546224,9.425310428971043,977.2012435071733,0.0,75,0.00812085491409676,1.0
1.980000000001417,9.834115339741086,9.429385992678965,978.0465221882329,0.0,75,0.008895424685461704,1.0
2.000000000001437,9.832624059566587,9.433084717005674,978.8139600602661,0.0,75,0.009721485509906988,1.0
2.020000000001346,9.831104479597226,9.436323833986489,979.486282498476,0.0,75,0.01060087285001654,1.0
2.040000000001255,9.829554897734779,9.439131284476224,980.0691934613554,0.0,75,0.01153541456354717,1.0
2.060000000001164,9.827977035799108,9.441640609184242,980.590351322967,0.0,75,0.012526929089651636,1.0
2.080000000001073,9.826376011152762,9.444047730937541,981.0904129864916,0.0,75,0.013577223731896394,1.0
2.100000000000982,9.824755628367592,9.446543235290145,981.6089700582659,0.0,75,0.014688093036574415,1.0
2.120000000000891,9.823119782571698,9.449254114986934,982.1724366255725,0.0,75,0.015861317264552824,1.0
2.1400000000008,9.821471185432378,9.452202720666941,982.7854989984188,0.0,75,0.01709866095467431,1.0
2.160000000000709,9.819808411336899,9.455296090565044,983.4288657628007,0.0,75,0.01840187157654639,1.0
2.180000000000618,9.818129144468703,9.458362460290234,984.0668247325027,0.0,75,0.01977267827039978,1.0
2.200000000000527,9.816431143344682,9.461213098311017,984.6600862081715,0.0,75,0.021212790671573858,1.0
2.220000000000436,9.81471129376285,9.463710493734153,985.1799794013532,0.0,75,0.022723897817090166,1.0
2.240000000000345,9.812968932205461,9.46581907248681,985.6190378436054,0.0,75,0.02430766713169972,1.0
2.260000000000254,9.8112054446412,9.467617724984567,985.9936392508615,0.0,75,0.025965743490737495,1.0
2.280000000000163,9.809422815592479,9.46926795997886,986.337392676704,0.0,75,0.027699748357081683,1.0
2.3000000000000718,9.807624878997572,9.470956993973289,986.6892901986071,0.0,75,0.02951127898949666,1.0
2.3199999999999807,9.805815849490807,9.472831236071901,987.0798478980945,0.0,75,0.03140190771963333,1.0
2.3399999999998897,9.803998053618367,9.474948741242294,987.5211901408582,0.0,75,0.03337318129496954,1.0
2.3599999999997987,9.80217280195952,9.477263747803239,988.0038095996804,0.0,75,0.03542662028499064,1.0
2.3799999999997077,9.800339370843647,9.479643315478523,988.5000112756629,0.0,75,0.037563718547938316,1.0
2.3999999999996167,9.7984948697068,9.481916118636349,988.9740660894138,0.0,75,0.03978594275549388,1.0
2.4199999999995256,9.796636588214314,9.483931130556893,989.3944465806077,0.0,75,0.04209473197280293,1.0
2.4399999999994346,9.794762740644108,9.485608400647079,989.7444340346908,0.0,75,0.044491497291299004,1.0
2.4599999999993436,9.792872760432575,9.486966517879049,990.0278708249393,0.0,75,0.04697762151183672,1.0
2.4799999999992526,9.790968564522341,9.48811834195499,990.26828638037,0.0,75,0.04955445887570408,1.0
2.4999999999991616,9.789053420125686,9.489228794831746,990.5000943273035,0.0,75,0.05222333484114353,1.0
2.5199999999990705,9.787130604353498,9.490457722233668,990.7566655525512,0.0,75,0.05498554590307674,1.0
2.5399999999989795,9.785203223157898,9.491905126652881,991.0588922671718,0.0,75,0.05784235945379226,1.0
2.5599999999988885,9.783272800641855,9.493575386538321,991.4077098187486,0.0,75,0.060795013682425424,1.0
2.5799999999987975,9.78133888579277,9.495377440334286,991.7841200785022,0.0,75,0.0638447175111244,1.0
2.5999999999987065,9.779399994127507,9.497160545488786,992.1566426946774,0.0,75,0.06699265056587016,1.0
2.6199999999986154,9.777453670589875,9.49876825683261,992.4925823671192,0.0,75,0.07023996317998228,1.0
2.6399999999985244,9.775497601597769,9.500092809292738,992.7693972369316,0.0,75,0.07358777642841596,1.0
2.6599999999984334,9.773530766762132,9.501113251969725,992.9826832943021,0.0,75,0.07703718219102258,1.0
2.6799999999983424,9.771553622585715,9.501900307044945,993.147203895229,0.0,75,0.08058924324301359,1.0
2.6999999999982514,9.769568084422213,9.502590140451685,993.2914131515055,0.0,75,0.08424499337093785,1.0
2.7199999999981603,9.767577351651784,9.503336096460023,993.4473665850803,0.0,75,0.08800543751254356,1.0
2.7399999999980693,9.76558439204265,9.504256968225238,993.639905698638,0.0,75,0.09187155191897062,1.0
2.7599999999979783,9.763591214387755,9.505396276696757,993.8781421474464,0.0,75,0.09584428433776958,1.0
2.7799999999978873,9.761598481601808,9.506708311028426,994.1525320207463,0.0,75,0.0999245542153211,1.0
2.7999999999977963,9.75960505858099,9.508076404543777,994.4386860610634,0.0,75,0.1041132529172783,1.0
2.8199999999977052,9.757608790538429,9.509355301935729,994.7062208429847,0.0,75,0.10841124396572346,1.0
2.839999999997614,9.75560749977238,9.510421976998838,994.9293879864074,0.0,75,0.11281936329178063,1.0
2.859999999997523,9.753599510274565,9.511219166160277,995.0961902940805,0.0,75,0.11733841950249065,1.0
2.879999999997432,9.751584547853517,9.511775559652447,995.2126172692178,0.0,75,0.1219691941608011,1.0
2.899999999997341,9.749563891252462,9.512192864494953,995.2999440048357,0.0,75,0.1267124420775832,1.0
2.91999999999725,9.747539849852556,9.512610223665755,995.3872859412927,0.0,75,0.13156889161463817,1.0
2.939999999997159,9.745515209738274,9.513155684077747,995.5014417645082,0.0,75,0.1365392449977015,1.0
2.959999999997068,9.743492298047077,9.513902066429614,995.6576578257503,0.0,75,0.14162417863850588,1.0
2.979999999996977,9.741472168692983,9.51484197241851,995.8543953610666,0.0,75,0.14682434346501225,1.0
2.999999999996886,9.739454495926994,9.51589358144104,996.0745371864185,0.0,75,0.15214036525894833,1.0
3.019999999996795,9.737437737449081,9.516929972061018,996.2915170242466,0.0,75,0.157572844999865,1.0
3.039999999996704,9.735419736453258,9.517824087637136,996.4787289952625,0.0,75,0.16312235921493043,1.0
3.059999999996613,9.73339868403892,9.518495098430991,996.6192383274027,0.0,75,0.1687894603337489,1.0
3.079999999996522,9.731373729282907,9.518935911332445,996.7115497245989,0.0,75,0.1745746770475094,1.0
3.099999999996431,9.729345340212838,9.519214330985086,996.7698562715503,0.0,75,0.1804785146718212,1.0
3.11999999999634,9.727315266779181,9.519448058799059,996.8188047859048,0.0,75,0.18650145551262354,1.0
3.139999999996249,9.725285913267331,9.519763617361907,996.8848926349219,0.0,75,0.19264395923458202,1.0
3.159999999996158,9.723259585098878,9.520250694687183,996.9869061866098,0.0,75,0.19890646323143357,1.0
3.179999999996067,9.721237791189662,9.520932729241208,997.1297603821008,0.0,75,0.20528938299776317,1.0
3.199999999995976,9.719220747401783,9.521760665869289,997.3031879590512,0.0,75,0.2117931125017227,1.0
3.219999999995885,9.717207444832242,9.522631931732509,997.4857079797678,0.0,75,0.2184180245582397,1.0
3.239999999995794,9.715196104399627,9.52342683890376,997.652246315477,0.0,75,0.22516447120228544,1.0
3.259999999995703,9.713184841198952,9.52405210547942,997.7832535867567,0.0,75,0.2320327840618017,1.0
3.2799999999956118,9.711172445313217,9.524473120876063,997.8714705331968,0.0,75,0.2390232747299055,1.0
3.2999999999955207,9.709158837289083,9.524724267468175,997.9240960842687,0.0,75,0.2461362351360194,1.0
3.3199999999954297,9.707145140610372,9.5248974133388,997.9603780809099,0.0,75,0.2533719379156001,1.0
3.3399999999953387,9.705133368700618,9.525108753604739,998.0046644479739,0.0,75,0.2607306367781539,1.0
3.3599999999952477,9.703125732444036,9.525457609467058,998.0777693672926,0.0,75,0.2682125668732491,1.0
3.3799999999951567,9.701123916289628,9.52599140825206,998.1896354110125,0.0,75,0.27581794515426666,1.0
3.3999999999950656,9.699128587146333,9.526691435792396,998.336346840802,0.0,75,0.2835469707396282,1.0
3.4199999999949746,9.697139221251712,9.527479437252788,998.5015087000219,0.0,75,0.29139982527128083,1.0
3.4399999999948836,9.695154402842377,9.528247341389502,998.6624713856573,0.0,75,0.29937667327022144,1.0
3.4599999999947926,9.693172419236188,9.528897310150262,998.7987234212778,0.0,75,0.3074776624888628,1.0
3.4799999999947016,9.691191902649486,9.529376414829905,998.899163410681,0.0,75,0.31570292426006347,1.0
3.4999999999946105,9.689212384919662,9.529693953462322,998.9657353132199,0.0,75,0.3240525738426495,1.0
3.5199999999945195,9.68723449991808,9.529917602261294,999.0126245647862,0.0,75,0.332526710763284,1.0
3.5399999999944285,9.685259653724428,9.530147508797574,999.0608269338467,0.0,75,0.3411254191545347,1.0
3.5599999999943375,9.683292081130782,9.530509614487016,999.136748630124,0.0,75,0.3498487680890247,1.0
3.5799999999942465,9.681333082121927,9.531098430444539,999.2602101990459,0.0,75,0.3586968119095449,1.0
3.5999999999941554,9.679379860678079,9.531802729666945,999.4078960501483,0.0,75,0.36766959055502263,1.0
3.6199999999940644,9.677433844889633,9.532570263288184,999.5688540697877,0.0,75,0.3767671298822687,1.0
3.6399999999939734,9.67549383241245,9.533327497657401,999.7276649534981,0.0,75,0.38598944198339774,1.0
3.6599999999938824,9.673550750282471,9.533851701023384,999.8376108281711,0.0,75,0.39533652549887766,1.0
3.6799999999937913,9.67162037187219,9.534339627010576,999.9399533550259,0.0,75,0.40480836592611935,1.0
3.6999999999937003,9.669736518721706,9.535512930872166,1000.186075403133,0.0,75,0.4144049359235689,1.0
3.7199999999936093,9.667883877419468,9.537648989641715,1000.63423074575,0.0,75,0.4241261956102512,1.0
3.7399999999935183,9.665999570587314,9.539393040993554,1001.0002154961187,0.0,75,0.4339720928607279,1.0
3.7599999999934273,9.664089842652169,9.539648461024111,1001.0538203591166,0.0,75,0.44394256359543055,1.0
3.7799999999933362,9.662159261154091,9.53827011879051,1000.7645654491314,0.0,75,0.4540375320663593,1.0
3.7999999999932452,9.660235929366651,9.536502360306658,1000.3936499494791,0.0,75,0.4642569111381174,1.0
3.819999999993154,9.658402006680149,9.536725672897182,1000.4405021610582,0.0,75,0.4746006025642723,1.0
3.839999999993063,9.65666917617498,9.540694809654383,1001.2734319606269,0.0,75,0.48506849725904166,1.0
3.859999999992972,9.654978509897747,9.547230205666516,1002.6456505999021,0.0,75,0.4956604755642976,1.0
3.879999999992881,9.65320296733788,9.551950801806916,1003.6374053215376,0.0,75,0.5063764075118975,1.0
3.89999999999279,9.651313347770415,9.550845733448922,1003.4051964655341,0.0,75,0.5172161530813552,1.0
3.919999999992699,9.649412673262146,9.545447250919809,1002.271195421018,0.0,75,0.5281795624528387,1.0
3.939999999992608,9.647617388532248,9.541095466267034,1001.357529660635,0.0,75,0.5392664762555647,1.0
3.959999999992517,9.645975683202707,9.542941137011494,1001.7449809891286,0.0,75,0.5504767258115558,1.0
3.979999999992426,9.644453997633947,9.5516694681604,1003.5782859188632,0.0,75,0.5618101333748072,1.0
3.999999999992335,9.642971407164906,9.562628816905868,1005.8825687891037,0.0,75,0.5732665123659146,1.0
4.019999999992466,9.641701576929147,9.574966887431952,1008.4798998496015,0.0,75,0.5848456676021471,1.0
4.039999999992597,9.640427386066674,9.585752167993315,1010.7530908880738,0.0,75,0.5965473955230425,1.0
4.059999999992728,9.638750767994694,9.585246586510639,1010.6464733663524,0.0,75,0.6083714844115339,1.0
4.079999999992859,9.63716978681511,9.576667865121832,1008.8382413874288,0.0,75,0.6203177146106584,1.0
4.09999999999299,9.635771533126759,9.569942063509426,1007.4217020881975,0.0,75,0.6323858587358914,1.0
4.119999999993121,9.634611510635855,9.570245913910048,1007.4856753798316,0.0,75,0.644575681883137,1.0
4.139999999993252,9.63403906156138,9.587999579257108,1011.2270952501793,0.0,75,0.6568869418324388,1.0
4.159999999993383,9.633905800985637,9.622484262261672,1018.514237152209,0.0,75,0.6693193892474386,1.0
4.179999999993514,9.63354905743184,9.655113451519773,1025.4333733788985,0.0,75,0.6818727678706467,1.0
4.199999999993645,9.6323671065956,9.661783647229086,1026.8506957044972,0.0,75,0.6945468147145633,1.0
4.219999999993776,9.630991904415325,9.638891441256334,1021.9905103795707,0.0,75,0.7073412602487053,1.0
4.239999999993907,9.630267889011662,9.610852980831384,1016.0534452107104,0.0,75,0.7202558285826035,1.0
4.259999999994038,9.630645707189032,9.616187201885623,1017.1816193187973,0.0,75,0.7332902376447912,1.0
4.279999999994169,9.632015375979126,9.668228268023556,1028.2210162687077,0.0,75,0.7464441993578811,1.0
4.2999999999943,9.633738383081937,9.742998974380173,1044.186319162504,0.0,75,0.7597174198097479,1.0
4.319999999994431,9.634973090700534,9.80081975196143,1056.6167459148105,0.0,75,0.7731095994208926,1.0
4.339999999994562,9.634700703950541,9.798537115503368,1056.1246256428678,0.0,75,0.7866204331080388,1.0
4.3599999999946935,9.634234653477323,9.735982915628133,1042.6829966674318,0.0,75,0.8002496104440255,1.0
4.3799999999948245,9.635935163072238,9.710861027478117,1037.3090408449268,0.0,75,0.8139968158140349,1.0
4.3999999999949555,9.639016249844136,9.752220134335307,1046.1637730338844,0.0,75,0.82786172856823,1.0
4.4199999999950865,9.643207935442764,9.839283845734558,1064.9265725662633,0.0,75,0.8418440231708589,1.0
4.4399999999952176,9.64765073071754,9.942402487571968,1087.3650394736499,0.0,75,0.8559433693458679,1.0
4.459999999995349,9.651627256972251,10.017427589223498,1103.8374105586972,0.0,75,0.8701594322190966,1.0
4.47999999999548,9.656832154234847,10.104202024894917,1123.043884158796,0.8682296349559585,75,0.8844918724571156,1.0
4.499999999995611,9.665373031664176,10.276130317401869,1161.587397302484,0.0,75,0.8989403464027376,1.0
4.519999999995742,9.675287532936009,10.43647457568408,1198.1200172579022,4.782303100608609,75,0.9135045062073002,1.0
4.539999999995873,9.681889957815123,10.435684801567376,1197.9386900543077,0.0,75,0.9281839999597405,1.0
4.559999999996004,9.687113945572909,10.36124403251022,1180.909156913515,0.0,75,0.9429784718125408,1.0
4.579999999996135,9.696380280020815,10.382192883035641,1185.6892196661152,0.869461820726764,75,0.9578875621045942,1.0
4.599999999996266,9.709755375962274,10.648419306871068,1247.2771710843897,0.5108429758849904,75,0.9729109074810532,1.0
4.619999999996397,9.727666688697754,11.198983797253275,1379.5896190025553,0.0,75,0.9880481410102111,1.0
4.639999999996528,9.75062345743267,11.834367320651502,1540.5747486811463,0.0,75,1.0032988922974633,1.0
4.659999999996659,9.772735220414509,12.086255576543254,1606.8533124767519,78.09078037380327,74,1.0186627875964378,1.0
4.67999999999679,9.783898965248348,11.692613929384569,1503.8894255180185,107.86450430589957,74,1.0341394499173002,1.0
4.699999999996921,9.790521207715049,11.182667687012437,1375.572622579673,1.6758265411065862,75,1.049728499132337,1.0
4.719999999997052,9.801928689536112,11.027017980674076,1337.546381007203,0.0,75,1.0654295520788402,1.0
4.739999999997183,9.826141224803804,11.47801618884851,1449.1934119461532,0.0,75,1.0812422226593523,1.0
4.759999999997314,9.85657942540416,12.467464286287136,1709.8143230282972,1.1355076341989006,75,1.0971661219393347,1.0
4.779999999997445,9.890282579810826,13.423145334295482,1981.9891373218043,0.0,75,1.113200858242297,1.0
4.799999999997576,9.922707375299273,13.500775998847466,2004.9804782816138,12.562425549381754,74,1.1293460372424595,1.0
4.819999999997707,9.945559668073471,12.763466911856442,1791.9669637105962,1.1174438441532029,75,1.1455933638384346,1.0
4.839999999997838,9.96388886595212,11.992126312998288,1581.922028575965,0.0,75,1.1618674547047774,1.0
4.859999999997969,9.982758231312632,11.741618863955392,1516.5217490103241,37.58051279192904,74,1.1780705507559366,1.0
4.8799999999981,10.010593658024003,12.36542176195093,1681.9402088602262,28.22796799342366,74,1.1942183350655486,1.0
4.899999999998231,10.046434240066578,13.62439333309703,2041.865030644327,2.1823548940457864,75,1.210356300912506,1.0
4.919999999998362,10.08646157387994,14.532489677677736,2323.1258185499096,0.0,75,1.22652137791965,1.0
4.939999999998493,10.12902467823564,14.135472579529415,2197.9274355129073,2.204721402629131,75,1.2427428887404006,1.0
4.959999999998624,10.159638537529705,13.297868742313732,1945.1664439658505,104.40730859196508,73,1.2589994814339647,1.0
4.979999999998755,10.173006560205089,12.465804968365381,1709.3592286025532,1021.2005249884634,73,1.2751921547703557,1.0
4.999999999998886,10.188180145137226,12.265755506127999,1654.9363394972024,3643.4682616275763,73,1.291180313938228,1.0
5.019999999999017,10.216082788485298,13.080012456814021,1881.9539845745096,5491.780652005099,72,1.3069994900949433,1.0
5.039999999999148,10.254356416277082,14.207065342058247,2220.2477619686388,5440.416029805141,73,1.3227403295211408,1.0
5.059999999999279,10.30185327058779,14.269296697997307,2239.741110810245,1878.3206119571419,73,1.3384761277437118,1.0
5.07999999999941,10.338793433231276,13.456756081129113,1991.927126497059,742.7835950329076,74,1.354223924245469,1.0
5.099999999999541,10.358107652407213,12.734654578791732,1783.8856996525535,1634.4785858540256,74,1.3699332779656275,1.0
5.119999999999672,10.372834596242708,12.437291001787447,1701.5482820945726,1101.5271342705994,74,1.3855433864746318,1.0
5.139999999999803,10.39864319924931,12.831973503684319,1811.2549839918206,629.965681211399,74,1.4011096148528956,1.0
5.159999999999934,10.434098997122392,13.40147382274191,1975.594506838003,1002.0320748163913,74,1.4167109566842884,1.0
5.180000000000065,10.479600134735916,13.007563998917693,1861.163933045336,1492.3608795369153,74,1.4324095273055428,1.0
5.2000000000001965,10.51737426907058,12.064551722654132,1601.0874909545644,1491.146278968422,73,1.4482020634455255,1.0
5.2200000000003275,10.533885688418744,11.147600994535411,1366.9590872670358,1645.504456862616,72,1.4639206965637939,1.0
5.2400000000004585,10.546693978424711,10.857975503854366,1296.8519524653161,5109.550989105394,72,1.479392735437588,1.0
5.2600000000005895,10.571772011596446,11.366220216579858,1421.1005821296756,7676.897203388067,72,1.494571226433676,1.0
5.280000000000721,10.607356618563283,11.976710037150124,1577.8574164536979,5793.881815610754,72,1.5094581160491964,1.0
5.300000000000852,10.656756412107999,11.526984482932233,1461.5850839673653,1355.4668281849229,70,1.524051977885349,1.0
5.320000000000983,10.692200374939489,10.56498067057826,1227.8069822666148,1616.1963033732661,69,1.538344169849069,1.0
5.340000000001114,10.701832352475426,9.591206200070925,1011.9036000950684,720.2340932322892,72,1.5522340087559763,1.0
5.360000000001245,10.709515618692372,9.163384880068044,923.6438470628559,4924.227499911583,72,1.5656375189146818,1.0
5.380000000001376,10.73260554644559,9.554068314061352,1004.0824348472624,7604.3894204038925,72,1.5785962262885211,1.0
5.400000000001507,10.76730531846821,10.024034160057063,1105.2938692619,5537.368943282715,72,1.5911809671310746,1.0
5.420000000001638,10.81008299613905,9.51629964078573,996.1595473854048,838.2378351300297,72,1.603423446667081,1.0
5.440000000001769,10.834634738026107,8.547898077234992,803.7321769267744,382.1940709695503,73,1.6154092898270633,1.0
5.4600000000019,10.821058237682536,7.693972448191413,651.1693323688143,1569.9989884712356,73,1.6270925657036779,1.0
5.480000000002031,10.822727039895042,7.365192126521984,596.7066056663957,3718.2478808570195,72,1.6385046947796207,1.0
5.500000000002162,10.842030140686253,7.510899696330783,620.5497567317602,5402.694977581361,72,1.6498678971941343,1.0
5.520000000002293,10.871706379968456,7.691131164691546,650.688484517385,4418.328148752409,73,1.6613815461119956,1.0
5.540000000002424,10.89800627365,7.1594315642475035,563.832063554578,1734.4933657879822,72,1.673182348117968,1.0
5.560000000002555,10.886975852313755,6.394948857840494,449.84907983834984,2777.721819859531,72,1.6851735077958718,1.0
5.580000000002686,10.866575395661226,6.066963192466326,404.8884661661531,5137.463693441418,69,1.6971537501757281,1.0
5.600000000002817,10.868864897367589,6.292949869860122,435.6133987102977,8000.677209321298,68,1.7089592427160947,1.0
5.620000000002948,10.892545277769383,7.199642195838573,570.1833252290919,10257.275531494914,69,1.7204644068343544,1.0
5.640000000003079,10.923092337106851,8.170650211990901,734.3547737537767,9122.84817347649,71,1.7315756035777532,1.0
5.66000000000321,10.9388003953763,8.357791541129991,768.3794738948244,4638.041659908485,70,1.742226157110688,1.0
5.680000000003341,10.911088052327042,8.639872206538252,821.1213091984338,6154.254083561631,71,1.7523808044734348,1.0
5.700000000003472,10.892746797541939,9.132414934515479,917.4110278977749,8517.598961536669,70,1.7620220976336696,1.0
5.720000000003603,10.904111389243674,10.20647127129621,1145.8926139297432,11686.774933168394,69,1.7711299900900799,1.0
5.740000000003734,10.93355249403152,11.80591137488192,1533.1749773072293,12169.89767054599,70,1.7796960100321284,1.0
5.760000000003865,10.96636701426258,12.770980936016201,1794.0774947489817,5123.464035114473,70,1.7877211268144868,1.0
5.780000000003996,10.980875399658812,12.696455521929192,1773.1998110235888,3455.9753200167324,70,1.795213638840469,1.0
5.800000000004127,10.971734085101257,12.767070561466006,1792.9789979359712,5596.680785567161,71,1.802187472085217,1.0
5.820000000004258,10.971851979871031,13.12345140776394,1894.4747453713544,8174.440264472469,71,1.808660921575688,1.0
5.840000000004389,10.995881650700163,14.049341169686917,2171.2238603248575,10105.168939733858,70,1.814662690023728,1.0
5.86000000000452,11.030934401185084,14.988440550131347,2471.1868513730387,6835.196963724842,72,1.820227548005779,1.0
5.880000000004651,11.070746767549076,14.842733084184845,2423.373979491909,2488.2215548959703,72,1.8253929119288017,1.0
5.900000000004782,11.0981191158599,14.315398205132368,2254.2368834865774,1159.928090098312,73,1.830291971297342,1.0
5.920000000004913,11.097643046500563,14.0751931921371,2179.2216973558084,3821.361236667745,72,1.8352945910598135,1.0
5.940000000005044,11.115124864895026,14.529801902637722,2322.2665766288424,6682.06714365388,73,1.8407573129379033,1.0
5.960000000005175,11.14717305213989,15.75551965783313,2730.6003965720283,7547.177439441747,73,1.8469508538378352,1.0
5.980000000005306,11.215954648687418,16.915352556996492,3147.4206734023655,2705.3265000955344,73,1.8540752928177477,1.0
6.000000000005437,11.276157583249956,17.126988819664412,3226.6712063180075,752.3053595455966,74,1.8622729650370966,1.0
6.0200000000055685,11.289506289206718,17.355180864835006,3313.2253313624865,1027.0322872712381,73,1.8716392965461517,1.0
6.0400000000056995,11.304177683908808,17.544953960490602,3386.0795042330838,1373.8821900639596,74,1.8822318864253889,1.0
6.0600000000058305,11.322277461286985,18.405837163991908,3726.5232587812425,537.9441693930875,74,1.8940780991027688,1.0
6.0800000000059615,11.35579265541113,19.043039976401833,3989.0110869712216,699.3943676579357,74,1.9071813920385183,1.0
6.1000000000060925,11.412130193691054,18.22649160219349,3654.2549573731285,1079.8059496375597,70,1.921525307658682,1.0
6.120000000006224,11.451080531293506,16.971530969616367,3168.361497979122,1596.0700666211449,69,1.9369629322211788,1.0
6.140000000006355,11.454026535269746,15.758567115165736,2731.656812755012,1375.2068354230387,71,1.9531534100971137,1.0
6.160000000006486,11.453505451578055,14.68677057903658,2372.713530453799,2056.6600993489483,72,1.9697492026601309,1.0
6.180000000006617,11.474555799404692,14.10828944335517,2189.4821411923563,2110.454478559119,71,1.9864498333732796,1.0
6.200000000006748,11.51298029671159,13.261397596204812,1934.5113282508946,384.57579204145424,73,2.0030406994622565,1.0
6.220000000006879,11.558982223081578,12.07331941366184,1603.4154583073428,1405.6173789611107,72,2.0193275177068073,1.0
6.24000000000701,11.564315224158555,10.91444610328342,1310.376471156265,836.5361973014889,72,2.0351547447494323,1.0
6.260000000007141,11.54686223843604,9.834867699747885,1063.9708493869869,1702.7345148860588,70,2.050424509658322,1.0
6.280000000007272,11.560353654217632,9.294551434944534,950.2755501451245,2844.1273112761837,71,2.0650712566447798,1.0
6.300000000007403,11.588454011456927,8.70816961856274,834.1543991622505,1976.5877944827337,72,2.0790337241680397,1.0
6.320000000007534,11.630669756672576,7.63253709173724,640.8118470241924,862.9704994027003,73,2.0922692663475937,1.0
6.340000000007665,11.650818928603996,6.473351262797536,460.94704228718695,495.2814245275185,74,2.104754861596631,1.0
6.360000000007796,11.621869019727738,5.358652832582184,315.8667619815517,1630.7899116821727,72,2.11648350031386,1.0
6.380000000007927,11.617679578582646,4.496042591233694,222.3583888040613,1453.6661172692213,73,2.127473705059813,1.0
6.400000000008058,11.637257969105915,4.325722524145944,205.83062891493915,1161.0819626821062,73,2.1379427164347105,1.0
6.420000000008189,11.666910667864297,3.9349645298147333,170.32340435990093,2185.6496739884933,73,2.14835714355758,1.0
6.44000000000832,11.690869444632215,3.0324975139673582,101.1564528944003,1528.6632276706578,73,2.159093570361208,1.0
6.460000000008451,11.643314269743025,2.298992953996964,58.13905462780454,3684.068376184738,73,2.1702023888523363,1.0
6.480000000008582,11.594494899151575,2.012409539574642,44.54771370468126,3461.6216442993436,73,2.18171439788146,1.0
6.500000000008713,11.597013855210081,2.088286305970524,47.97033665274419,4360.487902555683,74,2.1938789968960353,1.0
6.520000000008844,11.630542771061645,3.050382787352028,102.3531866431088,6439.428152280822,74,2.206911092504747,1.0
6.540000000008975,11.658485664571959,4.461222579179109,218.92757591075252,10967.857555092261,74,2.2209645094767523,1.0
6.560000000009106,11.596998024324408,6.049002916954804,402.49479918260505,12505.540891538925,74,2.2361434092342165,1.0
6.580000000009237,11.525550472680427,7.736996059571177,658.4721882840191,13496.621476064221,74,2.252511864895088,1.0
6.600000000009368,11.508330388864474,9.613721954817718,1016.6601480699863,16207.327988113479,74,2.2701018689658623,1.0
6.620000000009499,11.546484224436645,12.145985753782409,1622.7746692419375,17594.40934145865,74,2.2889200102790945,1.0
6.64000000000963,11.58880176876641,14.276400173765362,2241.9716211363643,12387.662391069582,73,2.30895302274623,1.0
6.660000000009761,11.575794043181624,15.383666279843895,2603.2290703056674,832.4099327136352,72,2.3301723792095363,1.0
6.680000000009892,11.501748210648753,15.7304209515918,2721.9075764570607,1046.8485807072368,74,2.352538078482732,1.0
6.700000000010023,11.467650237037196,16.00221756092676,2816.7806355395605,2492.3586586348915,73,2.376001752010218,1.0
6.720000000010154,11.47770365017044,16.411013860623427,2962.535135269317,1028.032642179906,73,2.4005091979659428,1.0
6.740000000010285,11.50562929588743,16.36393095253897,2945.5605984140916,1956.05511207618,74,2.4260024346365414,1.0
6.760000000010416,11.537039647239952,15.319751452763125,2581.642630318817,1485.3892625454396,72,2.45241596182167,1.0
6.780000000010547,11.531578309160608,14.264156830038422,2238.1278707912493,1613.5957692977845,73,2.479596210016926,1.0
6.800000000010678,11.508590864909976,13.778547558075864,2088.332100911742,2681.816141941054,73,2.507252459864197,1.0
6.820000000010809,11.535755824981145,14.244141712645543,2231.851304429216,5580.997886851828,72,2.5352731367766372,1.0
6.84000000001094,11.577551949518165,15.292702890850169,2572.5343787859883,6989.249219462176,73,2.5637019884754806,1.0
6.8600000000110715,11.65143489380151,15.542927093943181,2657.4084091239633,5720.582537566375,73,2.5925665773693285,1.0
6.8800000000112025,11.676423725427426,15.722131969113162,2719.0397701963116,1644.5627256400003,72,2.621796252483705,1.0
6.9000000000113335,11.656858952930506,16.76143173563229,3090.401532110874,5391.445067612082,73,2.6513524039564222,1.0
6.9200000000114645,11.648021590813135,18.878598580660487,3920.416328066878,8454.055032753115,73,2.6812644131716197,1.0
6.940000000011596,11.683527178594469,22.037611992186214,5342.219765499646,4161.4770180825335,73,2.711548985809241,1.0
6.960000000011727,11.778635579709473,24.083343276165962,6380.0816569341305,6050.1074169137055,73,2.742212604003019,1.0
6.980000000011858,11.847140344587103,23.52719537719573,6088.818145484142,192.7891432315887,73,2.7732339861331607,1.0
7.000000000011989,11.824802182584627,21.93523993211959,5292.702259676192,7.767614072018475,74,2.804476761941522,1.0
7.02000000001212,11.80911517284342,20.630055499649206,4681.591089104671,263.4073273856576,72,2.835681879300229,1.0
7.040000000012251,11.824872716651168,19.748942992957485,4290.22824272993,272.6622960462554,72,2.8665545550952807,1.0
7.060000000012382,11.878506947666622,18.472309558800692,3753.4884247977534,71.99667262850866,74,2.8970675040123353,1.0
7.080000000012513,11.938651762235846,17.151050115775863,3235.7437208124074,567.3646046760971,71,2.9270490096826425,1.0
7.100000000012644,11.924600695164763,15.828451519223439,2755.9386524604747,72.49710107750884,72,2.9562134287416533,1.0
7.120000000012775,11.787160068364992,14.543386083763343,2326.610866595414,118.15632111402606,74,2.9843397112542855,1.0
7.140000000012906,11.763419022072371,13.78505457038284,2090.305024592761,307.56988162663265,73,3.0112933311150853,1.0
7.160000000013037,11.813167655423301,12.84175845618333,1814.0183627165165,16.91696796644742,72,3.037275462005508,1.0
7.180000000013168,11.865986425589483,11.528829738359452,1462.053066496894,123.9534234840254,74,3.062578171223326,1.0
7.200000000013299,11.871708669777346,10.298285442618926,1166.6015136342257,329.2836879630966,69,3.0870833324566456,1.0
7.22000000001343,11.768839459955482,8.980569907466345,887.1569944917908,317.2244540628492,72,3.1106270140802703,1.0
7.240000000013561,11.65255291185722,7.815632105837858,671.9251573518387,767.1794298798774,65,3.1330955414588075,1.0
7.260000000013692,11.669454327344218,6.973882063969565,534.9853414637205,404.49173466907064,67,3.1544418093721123,1.0
7.280000000013823,11.718527656404987,5.9215796475764995,385.7161607485144,565.6381570766484,73,3.174826622405883,1.0
7.300000000013954,11.754597791524505,4.8425078809610085,257.9487083488642,996.5288816247287,68,3.1942578944851028,1.0
7.320000000014085,11.651684845094582,3.649986670752101,146.54642966334808,2698.0427058734463,70,3.2127057389559925,1.0
7.340000000014216,11.535088549918438,2.598521957327375,74.27547998983742,1530.3028783212014,68,3.230148413709861,1.0
7.360000000014347,11.515895828670686,1.701078872236949,31.83036262528023,666.205529856472,69,3.246574351736703,1.0
7.380000000014478,11.557724276771294,0.863563341351618,8.203158089790083,1743.6067929320534,72,3.2621486498332044,1.0
7.400000000014609,11.593240186685312,-0.07781958653548063,0.06661476853408474,3538.255303465379,72,3.2770027327870714,1.0
7.42000000001474,11.425796887858318,-1.1494994200149191,14.53483808276099,1770.208112354867,72,3.291218690312575,1.0
7.440000000014871,11.267608216108187,-1.9666141104803436,42.54328165494433,3560.5631881713803,71,3.304919545850686,1.0
7.460000000015002,11.194424142883706,-2.563586738394477,72.29174661799236,10529.154884466796,71,3.318225058144915,1.0
7.480000000015133,11.271606835168432,-2.0893256936596374,48.018100396049576,13116.728661659738,72,3.3315075395167573,1.0
7.500000000015264,11.342563639402114,0.573743800431322,3.6210014338671437,18988.861148602686,70,3.34520461744176,1.0
7.520000000015395,11.149085976968243,3.876128312370173,165.2680776335341,27929.911835141396,72,3.35965610417696,1.0
7.540000000015526,10.838821392516293,6.2216039232203055,425.79190915173325,20228.927758261332,70,3.375112946184141,1.0
7.560000000015657,10.82101677329836,7.8523548106709855,678.2542367993454,15666.256395819055,72,3.3917534930046176,1.0
7.580000000015788,10.911467999054848,9.679441340105933,1030.6074312220694,23252.352569700433,71,3.4096971637947546,1.0
7.600000000015919,11.020846605420767,13.327582577058559,1953.8690308314633,29310.416371977615,70,3.429015899251743,1.0
7.62000000001605,11.028748060249615,17.189053333785594,3250.099099628982,18944.9611547154,73,3.449743731368759,1.0
7.640000000016181,10.753669221181632,18.84812832561378,3907.7713551668494,5.0200296330368275,74,3.4718847558212578,1.0
7.660000000016312,10.58767563065362,18.340452496193606,3700.094175416477,6.239422159234706,74,3.4954197097490742,1.0
7.6800000000164435,10.457636508552378,17.165625839202427,3241.2458149664344,27.385603894770103,72,3.520222836096551,1.0
7.7000000000165745,10.498307449553169,15.935377016329841,2793.298647178307,15.873793860579392,74,3.545836062995119,1.0
7.7200000000167055,10.561907272507357,14.809746726573504,2412.614579157801,0.0,75,3.571746844582487,1.0
7.7400000000168365,10.488210009497173,13.792228855874102,2092.481344940869,317.33489276618883,71,3.597535621480959,1.0
7.7600000000169675,10.392975082101692,12.780511884561866,1796.7563243456982,59.94497122086742,73,3.6229321087412876,1.0
7.780000000017099,10.37714534724874,11.905170503367577,1559.0639318567876,772.4951364452763,68,3.647717786050334,1.0
7.80000000001723,10.335020683479565,11.288315133358438,1401.6866440501005,2765.2454569157676,67,3.671684095119053,1.0
7.820000000017361,10.340973839240256,10.97672187905637,1325.3726553117028,2053.2106367955653,67,3.694678884198828,1.0
7.840000000017492,10.404787613170905,10.403779176310314,1190.6248326437092,685.2053382890376,63,3.7165973803539107,1.0
7.860000000017623,10.45269043509836,9.796585138197253,1055.7038840694204,2290.618859681416,61,3.7373738788385635,1.0
7.880000000017754,10.434665274958038,9.353685624401999,962.4057823615908,4081.640025670431,66,3.7569730317014773,1.0
7.900000000017885,10.412281181758399,9.819404828266409,1060.6278229951984,12251.268448316,61,3.775383794610646,1.0
7.920000000018016,10.409147019303708,11.462586303715204,1445.2997324713133,16216.658117743977,61,3.792613625511319,1.0
7.940000000018147,10.428846647739517,13.190774678290712,1913.9619027477897,13842.628228977554,60,3.8086847019877093,1.0
7.960000000018278,10.4880850437061,13.99011332069126,2152.955977983613,6079.774513493078,58,3.8236304342668594,1.0
7.980000000018409,10.522760257142236,13.415842374937897,1979.8330929209724,2138.407915353386,60,3.8374925024044555,1.0
8.00000000001854,10.484009452340851,12.14314554379384,1622.0158206753624,659.5605663229189,67,3.850318563801367,1.0
8.02000000001867,10.414320671654696,11.118175880341331,1359.752183968241,3784.9330522915693,64,3.862161410885384,1.0
8.040000000018802,10.380722870903673,10.301155884513468,1167.251938127511,6264.930320779902,59,3.8730785380469506,1.0
8.060000000018933,10.378268772442867,9.696122259936237,1034.162655675941,4705.847047666057,58,3.8831245703264363,1.0
8.080000000019064,10.413405009234053,8.926690360327406,876.5438086807845,1794.4133710584283,67,3.8923530138936755,1.0
8.100000000019195,10.46224588765692,8.098188616452905,721.3872475441216,4231.769279803962,65,3.9008168852175342,1.0
8.120000000019326,10.378401565611947,7.219649769768292,573.3567707792689,2739.768801145399,67,3.908568080443545,1.0
8.140000000019457,10.318211461558178,6.649697380103429,486.4032277164985,2385.333005400377,66,3.915656900573501,1.0
8.160000000019588,10.223817277292845,6.26260592060451,431.42256208469723,1745.1198299917926,65,3.9221317044378656,1.0
8.180000000019719,10.205733709472266,5.709212312838983,358.5461575637948,4183.4904381646265,65,3.9280386658954236,1.0
8.20000000001985,10.229136706257318,5.44202978347812,325.7725698068921,5758.551759241816,68,3.933421615478909,1.0
8.220000000019981,10.273888199508347,5.254271213350254,303.6810258178527,8090.824259847566,68,3.9383219499246094,1.0
8.240000000020112,10.202845036241893,5.720299018358132,359.94002945371903,13594.957883824321,66,3.9427785957584645,1.0
8.260000000020243,10.185413845411961,7.392777279362251,601.184714924802,20328.89017781346,66,3.9468280154307673,1.0
8.280000000020374,10.170614803294399,10.053355254344137,1111.7694705705376,24973.160253233935,64,3.9505042464561857,1.0
8.300000000020505,10.212415065849015,14.2182307165344,2223.7389317946254,30160.535006582075,63,3.953838965676706,1.0
8.320000000020636,10.283925910841667,18.56357594031387,3790.6698686098007,24965.193633318206,60,3.956861572166759,1.0
8.340000000020767,10.339973801550002,19.91168936961546,4361.22910907263,9436.422744362055,57,3.959599283480376,1.0
8.360000000020898,10.292559955413608,18.96266434702904,3955.4090305189493,911.1261595826547,67,3.962077240932251,1.0
8.38000000002103,10.224912139167978,17.991026623881538,3560.447428793357,2160.431663479112,65,3.9643186204361625,1.0
8.40000000002116,10.214963790738505,17.587099964910276,3402.3669369332174,2719.4316608951813,62,3.966344746119485,1.0
8.420000000021291,10.237547117572776,17.170360634660472,3243.034127567277,1769.625751229065,58,3.9681752045119985,1.0
8.440000000021422,10.294278443767833,16.451710999154795,2977.2467427968195,763.2552700224663,68,3.969827967545625,1.0
8.460000000021553,10.358399419834424,15.554346251256089,2661.314560343608,928.5860989562535,57,3.9713195644123274,1.0
8.480000000021684,10.37737290625994,14.539380984450634,2325.3295935210517,459.74697968502716,59,3.972666976519223,1.0
8.500000000021815,10.337929805031076,13.590722733343378,2031.7851885607815,779.0426847280921,57,3.9739041796301224,1.0
8.520000000021946,10.323763470873926,12.939165293153522,1841.6419833190353,2457.0790673403117,51,3.9750441075493397,1.0
8.540000000022077,10.348301466145696,12.889199652114739,1827.4461443928217,5314.891555691709,48,3.976092483032272,1.0
8.560000000022209,10.416883972093377,12.74234097287625,1786.0397881594492,1222.2807397664094,64,3.9770550337454162,1.0
8.58000000002234,10.530715012469244,11.969179551671498,1575.8738505416625,1399.4025535101946,46,3.9779374112852173,1.0
8.60000000002247,10.542262301313114,11.051305490657896,1343.4448835262988,500.2836836451249,43,3.978745129258547,1.0
8.620000000022602,10.48700842378137,10.053108684470567,1111.714936439553,796.6855088990183,47,3.9794835170514307,1.0
8.640000000022733,10.434927561793003,9.231782028118264,937.4837935615611,3655.1494941303154,44,3.9801576864436545,1.0
8.660000000022864,10.436971392131035,8.870875216737156,865.6166982201363,4108.761485788365,43,3.980772508679459,1.0
8.680000000022995,10.479179094631244,8.37145363904549,770.8935963375676,1238.978581381919,53,3.9813325999900404,1.0
8.700000000023126,10.52774056672485,7.55683879061507,628.1639375807911,1804.1511820082405,44,3.9818423138910015,1.0
8.720000000023257,10.512143625806988,6.560640137623731,473.4619891693949,4270.321646550842,45,3.9823057388563234,1.0
8.740000000023388,10.333341193751153,5.52793701349415,336.1389638767449,4304.716445110847,47,3.9827267002061513,1.0
8.760000000023519,10.244956029190972,4.623276976840066,235.12159005037367,11164.437168006332,49,3.9831087652454578,1.0
8.78000000002365,10.269919293984744,4.033128900415065,178.92741600099555,9549.687065492459,52,3.9834552508592562,1.0
8.80000000002378,10.32093893727555,3.4929528680991395,134.20791712638203,6693.343724897078,59,3.983769232912384,1.0
8.820000000023912,10.368674839109273,2.7919882162104472,85.74718019403795,6550.567256802848,48,3.9840535569216646,1.0
8.840000000024043,10.242142381254007,1.9811942053194966,43.176435271107074,9798.073248270815,47,3.984310849568726,1.0
8.860000000024174,10.076928608415962,1.0774235243471892,12.7692559589839,10320.61649746488,46,3.9845435307060417,1.0
8.880000000024305,9.97230363708655,0.28699954385257903,0.9060561198874728,15967.375822139398,47,3.984753825579114,1.0
8.900000000024436,10.006838676305717,0.32550066317118426,1.165457498973688,19450.29272585014,47,3.9849437770462734,1.0
8.920000000024567,10.104591571821382,3.5683397965790706,140.0635379423496,26304.917803274864,50,3.9851152576261764,1.0
8.940000000024698,10.208547554382328,8.651148890238357,823.266148331796,26893.61753646293,40,3.9852699812432584,1.0
8.960000000024829,10.1575805972593,12.405631072534893,1692.8965053862757,22514.834697893366,37,3.9854095145744552,1.0
8.98000000002496,9.750894961610715,13.30847648778067,1948.2710106839202,10688.731616646064,51,3.9855352879276054,1.0
9.000000000025091,9.650447630374034,12.519700327324987,1724.1718591462354,11778.393311750033,44,3.985648605603822,1.0
9.020000000025222,9.59453253568632,11.506557414312939,1456.4094988176805,12516.030101127299,43,3.985750655714068,1.0
9.040000000025353,9.648519419539259,10.651895095289794,1248.0915603316464,9145.544464845787,48,3.9858425194342786,1.0
9.060000000025484,9.718918707942525,9.963537214615538,1091.9928120973163,5522.309485297129,56,3.98592517969482,1.0
9.080000000025615,9.698404076457237,9.238050260076605,938.7572986847157,5404.529270741989,40,3.985999529308715,1.0
9.100000000025746,9.507860470120763,8.466055486942352,788.4150505878538,3016.021179430143,56,3.9860663785501296,1.0
9.120000000025877,9.485089114134778,7.817618017529106,672.2666661479527,2562.421630016918,48,3.9861264621994943,1.0
9.140000000026008,9.369673163068178,7.386277906681816,600.1281144620949,6105.207619406126,44,3.9861804460756733,1.0
9.16000000002614,9.344499978547423,7.5796629151292345,631.9641889768395,8012.699759933887,46,3.986228933077978,1.0
9.18000000002627,9.38786177493646,8.29963230289005,757.7228599949359,9263.461968203193,54,3.9862724687627904,1.0
9.200000000026401,9.447345154804136,8.474001348509095,789.8956873998735,6018.137531790514,44,3.9863115464804055,1.0
9.220000000026532,9.443936738558103,8.061067316318436,714.7888690603904,5908.067316887219,39,3.986346612098214,1.0
9.240000000026663,9.443575767255291,8.26980597559399,752.2865996136705,8582.026655833419,56,3.9863780683363492,1.0
9.260000000026794,9.400331940205575,9.56786317157039,1006.9840623688231,14295.652543981216,50,3.986406278741333,1.0
9.280000000026925,9.42225906002474,12.069731517725337,1602.4626080096962,19613.469635601286,48,3.9864315713229366,1.0
9.300000000027056,9.464160281313841,15.309459379937998,2578.175011565687,23300.858520323098,48,3.9864542418782376,1.0
9.320000000027187,9.53713658802764,17.970302981485123,3552.249681710104,9781.236978301484,42,3.986474557026137,1.0
9.340000000027318,9.599140646970946,18.933702382882835,3943.3359451594147,3417.6226514689374,41,3.986492756974326,1.0
9.36000000002745,9.630000969724808,18.090348008010523,3599.867601560233,334.1809605335311,59,3.986509058039583,1.0
9.38000000002758,9.633509981078548,17.39494407965007,3328.4248748756836,2365.140119010577,50,3.9865236549410934,1.0
9.400000000027712,9.63179897641954,17.180840990260197,3246.994268458655,3897.1750430577376,45,3.986536722885262,1.0
9.420000000027843,9.650807933686941,17.189769041172006,3250.369756577191,4890.941049475487,49,3.9865484194592606,1.0
9.440000000027974,9.74005992123951,17.139649077838353,3231.443275625896,2155.429253371491,57,3.986558886349427,1.0
9.460000000028105,9.849313362779917,16.347609695328877,2939.6877702589177,806.9440736076253,49,3.986568302722704,1.0
9.480000000028236,9.926609423940587,15.49947352008287,2642.5704733972507,776.0808794291352,46,3.986577198467845,1.0
9.500000000028367,9.91959474341199,14.674052371055147,2368.605942873161,592.1402013380932,65,3.986587654271556,1.0
9.520000000028498,9.918571739507065,13.890564566410712,2122.425623709873,1668.0329045749247,54,3.986606055245552,1.0
9.540000000028629,9.916105839714659,13.801557131641383,2095.312771837572,1375.9327029952299,52,3.986674168002017,1.0
9.56000000002876,9.939218538372312,14.590758609648462,2341.792604855338,4219.559648638248,54,3.9870649687681445,1.0
9.58000000002889,9.992350275873374,14.673436492845005,2368.4071236051104,1316.4645061693125,59,3.9880851014226044,1.0
9.600000000029022,10.066908939854144,13.904332600866967,2126.6351158308516,2083.6497554976736,51,3.9896522912765717,1.0
9.620000000029153,10.042405185656182,12.841171623469481,1813.8525752973762,612.0837201785738,57,3.9916341921550433,1.0
9.640000000029284,9.930510140782596,11.83487652330054,1540.707325539473,2154.9114824308735,55,3.9939126991341176,1.0
9.660000000029415,9.852610013614063,10.982567081738983,1326.784576753864,4600.308893631771,55,3.9963966808146454,1.0
9.680000000029546,9.865260575158363,10.344842095680544,1177.1733378302065,4703.939039903926,44,3.999006715167404,1.0
9.700000000029677,9.911542285717793,9.704685910327282,1035.9902147991534,2532.35713810185,57,4.001678378256208,1.0
9.720000000029808,9.960016938618688,8.778225349195383,847.6296430938204,1171.8044783524426,50,4.004360706794007,1.0
9.740000000029939,9.914995615187811,7.730948854993052,657.4432721837022,2318.248757964959,46,4.007013916926092,1.0
9.76000000003007,9.810180310166103,6.750730956501974,501.2960529178147,2453.1827272479804,53,4.0096074741547785,1.0
9.780000000030201,9.719017374480547,5.908537313717027,384.0189450634507,5915.0460895528995,55,4.0121184632740166,1.0
9.800000000030332,9.709316162430747,5.16734001397107,293.7154310198519,7696.649326338485,55,4.014530214363469,1.0
9.820000000030463,9.760374199821026,4.483059080553775,221.07600591709226,3956.0424724303666,68,4.0168311470892775,1.0
9.840000000030594,9.816248663383995,3.8139080411241797,160.00484000766846,999.7505630781117,62,4.019013800905866,1.0
9.860000000030725,9.845063619318006,3.1697078691639393,110.51752773423782,3089.3099216453143,54,4.021074023363092,1.0
9.880000000030856,9.755097907004817,2.431919903972689,65.05657861272385,3220.4821204450645,65,4.023010292696341,1.0
9.900000000030987,9.682110687750265,1.664620290905111,30.480567841823184,7032.373791193958,63,4.024823154299413,1.0
9.920000000031118,9.644612484722273,0.9983946369371041,10.964710361712491,11603.232420700542,59,4.026514753626442,1.0
9.94000000003125,9.683916872353405,0.5325375030037481,3.1195581131601378,9112.895137669042,61,4.0280884506033034,1.0
9.96000000003138,9.739472235297672,0.5175535580925562,2.9464785404369147,6439.435638237281,64,4.029548502808818,1.0
9.980000000031511,9.789868569377829,0.7727782251820787,6.569048038471199,5254.390119025295,62,4.03089980655841,1.0
10.000000000031642,9.724536385658382,1.0916654102698449,13.109067047775916,10303.399901113826,60,4.032147686631017,1.0
10.020000000031773,9.634879270822054,2.09616146243922,48.332821642768636,7311.039751412919,66,4.033297726759526,1.0
10.040000000031904,9.577223513972388,3.7376174887072247,153.6676294107911,13542.781128571993,67,4.034355634188228,1.0
10.060000000032035,9.616518793024822,7.174439789828658,566.1984492766435,17737.94615143188,69,4.0353271482117234,1.0
10.080000000032166,9.701771760069047,12.478671628313707,1712.889701680096,15949.014064041645,68,4.036218382766571,1.0
10.100000000032297,9.776737466508076,16.82736023944759,3114.760578909558,7620.538797195475,66,4.037034954938711,1.0
10.120000000032428,9.828439270489755,18.692584738336834,3843.539966198934,5462.952050670013,66,4.0377820712417885,1.0
10.14000000003256,9.620236676755704,18.05239671634877,3584.7792992488385,929.8658859697175,64,4.0384653521123814,1.0
10.16000000003269,9.498836119875554,16.89187326185774,3138.6892052413086,2512.6280434443443,67,4.0391053135708495,1.0
10.180000000032821,9.434342238014551,15.856895667441991,2765.8525422895464,7535.176961036253,66,4.039712145522326,1.0
10.200000000032952,9.460850381131447,15.00606690229475,2477.002482637605,6511.197838753791,62,4.0403520608926335,1.0
10.220000000033084,9.507553631476208,14.254135079290922,2234.9840354453922,565.0408446974996,73,4.041131358774419,1.0
10.240000000033215,9.531967046083006,13.470699494852962,1996.05719368695,710.7171630546336,59,4.042024863799174,1.0
10.260000000033346,9.462454870131962,12.662870293311714,1763.8311247175993,727.6527127684866,68,4.0429948484327225,1.0
10.280000000033477,9.435360780005578,11.870963198949964,1550.117439979068,2085.245397266164,66,4.044012476060112,1.0
10.300000000033608,9.34191020963618,11.137060303243906,1364.3752341790037,2284.4132632248597,64,4.0450534941505385,1.0
10.320000000033739,9.305937744181175,10.482041782239003,1208.6051991706465,4033.276858033826,61,4.0460981833155065,1.0
10.34000000003387,9.346976914865973,10.011768563371993,1102.5906074317606,1320.3134353860435,63,4.047131156216893,1.0
10.360000000034,9.406726035244715,9.369718703671175,965.70791444518,1333.2384531563976,63,4.048140609255112,1.0
10.380000000034132,9.456032086869248,8.7404429161222,840.3487660698981,3148.543963885958,63,4.0491202770746835,1.0
10.400000000034263,9.44247805395858,8.11252425467654,723.9435476098668,139.74955835800654,73,4.050148750109501,1.0
10.420000000034394,9.423221746252313,7.61014284636179,637.0570155623468,208.0488747083642,71,4.051296019223524,1.0
10.440000000034525,9.407560160132897,7.246164752422555,577.5759398117613,3620.213189870491,65,4.052567426694985,1.0
10.460000000034656,9.427526282103491,7.700406742576033,652.2589040122148,6263.865799848992,63,4.0539468169257,1.0
10.480000000034787,9.483945981547564,8.315698399430174,760.659238573141,6015.271208937269,68,4.055391850503977,1.0
10.500000000034918,9.5528608795331,8.140654286718393,728.972774374532,1737.9047529353709,68,4.056867782328056,1.0
10.520000000035049,9.618573356082162,7.432646081092927,607.6865054346465,2436.101145380833,68,4.0583548468989905,1.0
10.54000000003518,9.57662049584566,6.669005707648586,489.2320084151436,368.8886871179764,72,4.060049839116179,1.0
10.560000000035311,9.507354663073398,6.052961097827037,403.02171856988235,2155.89876977956,70,4.062078057035304,1.0
10.580000000035442,9.495117811707981,6.193048726087275,421.8923777606034,6874.169397345515,68,4.064408605792724,1.0
10.600000000035573,9.541018798229299,6.97782561851867,535.5905539870101,12917.460508622764,66,4.0669462814433315,1.0
10.620000000035704,9.600164877465367,7.778042260635133,665.477355490487,7321.446898329545,68,4.069610527250747,1.0
10.640000000035835,9.660805025637393,7.74150720454052,659.2402717774805,5557.147234895513,66,4.07233624259304,1.0
10.660000000035966,9.590366510153366,7.031264341860602,543.8254606963245,1501.648712212171,68,4.075071745649676,1.0
10.680000000036097,9.46878522217873,6.357077696893789,444.53680528778887,4518.332643661105,67,4.0777767059918135,1.0
10.700000000036228,9.38166346758926,5.955792766754537,390.18614228578224,3728.756520544788,68,4.08042018390719,1.0
10.720000000036359,9.379873006924505,6.403767766181239,451.09065763500035,10735.184616256482,66,4.082978974565078,1.0
10.74000000003649,9.446653976606715,7.842282879522308,676.5154083869359,18389.818647530337,69,4.0854362123565044,1.0
10.760000000036621,9.512386476718644,9.190153163476616,929.0480668497518,11894.085626619117,70,4.0877801970442915,1.0
10.780000000036752,9.51792505827584,9.349898272766685,961.6265748219399,6058.5072183124885,65,4.090003408791618,1.0
10.800000000036883,9.374499581779142,8.729240582549181,838.1960526282593,1628.848295576836,71,4.092101683823158,1.0
10.820000000037014,9.317842500940134,8.070463130215966,716.4561264979282,1094.9564372298769,71,4.094073527747131,1.0
10.840000000037145,9.225860867958717,7.603232611332136,635.9006075622694,2998.4033256199095,71,4.095919667578206,1.0
10.860000000037276,9.25415835344183,8.26393091708711,751.2180962262704,13348.88584983425,69,4.097642374351136,1.0
10.880000000037407,9.332634028969593,10.24249827219852,1153.9964794158861,20816.280674895144,69,4.099252413945677,1.0
10.900000000037538,9.416527331736672,11.94838509435229,1570.4029699923396,12006.79084263027,67,4.100776761754133,1.0
10.92000000003767,9.422818563283286,12.75606982457726,1789.8904910643957,9078.316965689562,67,4.102217747296459,1.0
10.9400000000378,9.34492324833759,12.474562930643355,1711.7619234163947,2334.2366963586474,69,4.103574053617555,1.0
10.960000000037931,9.287083521857717,11.942649407701262,1568.8956236279403,1213.862910092041,70,4.104845585575755,1.0
10.980000000038062,9.25446142049642,11.538221984083066,1464.4362320937553,3463.1132534704907,69,4.106033451610573,1.0
11.000000000038193,9.2915509281775,11.936545395913463,1567.2922758757318,7849.651907718605,65,4.107139680748418,1.0
11.020000000038324,9.351040885083565,12.640125266916371,1757.5004343967144,5553.406998152952,68,4.1081669896723225,1.0
11.040000000038455,9.412419291304321,12.296674840333672,1663.2903334178468,1975.3233294849422,67,4.109118591976306,1.0
11.060000000038587,9.417450701656058,11.562585465496166,1470.627209115935,243.13215213617232,69,4.109998054305624,1.0
11.080000000038718,9.410385170672793,10.964264894266805,1322.3661513881661,908.4551289485756,65,4.110809308052661,1.0
11.100000000038849,9.394597840825686,10.766198878352295,1275.0214211705763,3942.627367292011,63,4.111556250455297,1.0
11.12000000003898,9.42040793375542,11.206321109756539,1381.3979609647254,8982.363542753654,61,4.112242758379371,1.0
11.14000000003911,9.480584704282322,12.691387848206572,1771.7845806496598,9241.620338526547,65,4.112872689875522,1.0
11.160000000039242,9.5861812873224,13.194434636728113,1915.024159211796,6155.792289406479,68,4.113449834549377,1.0
11.180000000039373,9.674127733927817,12.776893138111912,1795.738980890044,3012.09137275387,66,4.113977875918147,1.0
11.200000000039504,9.677808615024443,12.773400171375124,1794.7572713189466,6436.070209585934,68,4.11446036361443,1.0
11.220000000039635,9.659307930635508,13.448449353374597,1989.4686901130979,9951.266073035318,68,4.11490069363601,1.0
11.240000000039766,9.658705302766739,14.845761632665301,2424.363022993088,14544.53573400249,65,4.1153020951286265,1.0
11.260000000039897,9.69082219934592,16.752000279100553,3086.9246468608353,14312.664156096256,66,4.115667622433956,1.0
11.280000000040028,9.7555521855637,18.000063797358752,3564.025263798837,6173.551447227518,65,4.116000151343367,1.0
11.300000000040159,9.874825306916527,17.464563765379868,3355.120862665214,1572.8808985680434,66,4.116302378674826,1.0
11.32000000004029,9.90974640101956,16.316607139009022,2928.5483538163617,209.25626352623854,63,4.116578223811156,1.0
11.34000000004042,9.87870886411655,15.148255662529602,2524.1661457909618,455.4992232576805,68,4.116843340826643,1.0
11.360000000040552,9.793968369843324,14.251691454988318,2234.217802610058,1918.820681673692,64,4.117100785758895,1.0
11.380000000040683,9.790739630522106,13.76853205629536,2085.297224837562,2444.5585153829256,61,4.117353105317423,1.0
11.400000000040814,9.83436173159654,13.128558289883056,1895.9494704794283,1205.463663468667,66,4.117598899802889,1.0
11.420000000040945,9.894514153060811,12.24464779999068,1649.2453972039827,1712.3260067852082,68,4.117836191276173,1.0
11.440000000041076,9.936115762441673,11.239654477822413,1389.6281605891675,3416.6019049660968,64,4.118063560057397,1.0
11.460000000041207,9.854156887729609,10.191073850414488,1142.437848470622,1042.8789331502257,68,4.118310552567743,1.0
11.480000000041338,9.761731510500718,9.330060394836643,957.5502966842922,2732.014802734129,64,4.1186295664469945,1.0
11.500000000041469,9.72668065108964,8.630721490926824,819.3828879934075,1943.9276726152848,66,4.119002460308067,1.0
11.5200000000416,9.760760191490567,8.246492313723632,748.0509902833323,2579.6590919159694,66,4.119412056505493,1.0
11.540000000041731,9.818455712343873,7.573727694085948,630.9748630258089,503.9110800303947,67,4.119844483741752,1.0
11.560000000041862,9.872141111895145,6.807353155948403,509.7406268878075,915.828939796481,65,4.120288635604293,1.0
11.580000000041993,9.836344013148848,5.908800758897976,384.05319049188626,261.4254051329714,65,4.1207362562700585,1.0
11.600000000042124,9.770632175798593,5.113613543197919,287.6394781609489,456.1951128984407,63,4.121185288785036,1.0
11.620000000042255,9.698784053677919,4.404771845810256,213.4221651500696,2616.47714821169,61,4.121631218350978,1.0
11.640000000042386,9.701993087524002,3.787649135941922,157.8091457470175,3337.5661844963884,63,4.1220689583672385,1.0
11.660000000042517,9.748488027535636,3.33726404640436,122.51064446965523,1595.8737686619427,65,4.122528926758145,1.0
11.680000000042648,9.80053171418026,2.7424926014586823,82.73392235961173,1322.8097888200473,65,4.123041809902141,1.0
11.70000000004278,9.798557849088636,1.9936658459856613,43.72173855994695,1887.138273747883,60,4.123589356666323,1.0
11.72000000004291,9.658021356682182,1.1784864228188268,15.277132736451462,891.1428650863763,65,4.124156224787217,1.0
11.740000000043041,9.56340763792632,0.4921281084870498,2.6640908267934558,2466.2295055241034,67,4.1247302128078545,1.0
11.760000000043172,9.515156197943327,-0.014817903188088481,0.0024152728038071905,7005.106065931506,60,4.125301732120567,1.0
11.780000000043303,9.569658814033815,0.5565402227270384,3.407107214643677,13440.552224524692,58,4.125863359921016,1.0
11.800000000043434,9.636742362069535,3.0372856894048623,101.47614794969927,21166.579384420904,59,4.1264094613234965,1.0
11.820000000043565,9.681070068024303,4.858799642841618,259.68727366205616,13747.977722702048,56,4.126935870535153,1.0
11.840000000043696,9.460854664519603,5.451125470100586,326.8624577985727,7928.737793444572,64,4.127439622408405,1.0
11.860000000043827,9.30393415366652,5.268525275279127,305.330944338805,3299.2840181931697,65,4.127918726917582,1.0
11.880000000043959,9.260459230247278,5.043272648405483,279.78058906770343,8798.331171449074,64,4.128371980164331,1.0
11.90000000004409,9.253086390613298,5.7965263336536506,369.5968929041425,16859.97564387961,60,4.128798806428019,1.0
11.92000000004422,9.342201400434144,8.266061029497807,751.6054143772059,22248.541919371535,62,4.129199126563686,1.0
11.940000000044352,9.419758492309471,11.561227677009564,1470.2818393961713,24296.35257811338,57,4.1295732487263095,1.0
11.960000000044483,9.42425107054521,12.986476404663415,1855.134263497676,11393.228780696607,52,4.129921777983116,1.0
11.980000000044614,9.192948200213312,12.483360268873437,1714.1771196273667,1020.5893903182987,65,4.130245541875991,1.0
12.000000000044745,9.121597270173602,11.598401375565036,1479.752059155798,361.696650707931,68,4.130545529426938,1.0
12.020000000044876,9.052883704351078,10.828797761255059,1289.8914704957883,1763.6152556900215,67,4.130822841449179,1.0
12.040000000045007,9.061729571357725,10.595846176912518,1234.991518252708,6052.298725775223,61,4.1310786503438495,1.0
12.060000000045138,9.128647352061066,10.799051904590376,1282.8147424184074,7250.330364631104,69,4.131314167834701,1.0
12.080000000045269,9.169056666494056,10.414692199402113,1193.1239496911594,1470.3124744743823,66,4.131530619326335,1.0
12.1000000000454,9.14347559838591,9.784939848747978,1053.1955262797771,6319.13619568232,64,4.1317292237711625,1.0
12.12000000004553,9.083418595595802,9.066687066588456,904.252957997866,711.0299681577467,66,4.131911178101732,1.0
12.140000000045662,9.035001124260363,8.384632037481232,773.3225984435235,307.32721666559763,69,4.132077645430513,1.0
12.160000000045793,8.941480697896553,7.713354045676015,654.454136973412,3786.193390937197,67,4.132229746344326,1.0
12.180000000045924,8.965618901753983,7.456904598681791,611.6596881322581,8261.456495890481,61,4.13236855272712,1.0
12.200000000046055,9.035013614395927,8.564600538338626,806.876206194413,14797.419319710543,68,4.13249508363503,1.0
12.220000000046186,9.104412091166493,9.334617498528443,958.4859222821675,10139.429126163242,64,4.132610302825272,1.0
12.240000000046317,9.133175879698618,9.694867957549333,1033.8951118574846,6478.553717700432,55,4.132715117605535,1.0
12.260000000046448,9.124778503195065,9.825847477885906,1062.020065245445,4074.96722225261,61,4.132810378726558,1.0
12.280000000046579,9.109436475522255,9.955938365502208,1090.3277961144665,5703.302607252122,61,4.13289688108743,1.0
12.30000000004671,9.099652074326796,10.858005664944779,1296.859157219702,13028.9146232406,55,4.132975365063094,1.0
12.320000000046841,9.146444702463933,14.126997230043568,2195.292558114245,20514.307640611027,51,4.133046518297319,1.0
12.340000000046972,9.23741232968067,18.161190665945885,3628.117310453239,19171.37370467355,47,4.133110977832622,1.0
12.360000000047103,9.346951448653547,19.93746755016927,4372.528735454579,10918.816895700487,49,4.133169332472475,1.0
12.380000000047234,9.425402305374659,20.06832388780198,4430.11386032296,5328.036419101717,52,4.13322212529137,1.0
12.400000000047365,9.441697804748527,19.541839595565385,4200.7184425668775,2301.9895482849265,61,4.1332698562246675,1.0
12.420000000047496,9.480098135275542,19.36432992318732,4124.750007114526,5525.129084777424,57,4.13331298468458,1.0
12.440000000047627,9.504612229911388,20.034699187631748,4415.280886927814,8491.053620294002,53,4.133351932159782,1.0
12.460000000047758,9.540315677794986,20.99482802882364,4848.610843558666,7302.781674930106,57,4.1333870847662295,1.0
12.48000000004789,9.631433239387757,20.599503676440445,4667.735068872517,1863.799880646783,62,4.133418795724295,1.0
12.50000000004802,9.734038364463583,19.696295105892666,4267.384449882526,670.419366082793,58,4.1334473877440985,1.0
12.520000000048151,9.755774036794975,18.769942588339422,3875.4181924651384,781.0010901754255,68,4.133473155306273,1.0
12.540000000048282,9.759567063819492,17.84616809597525,3503.3428728078543,3757.2102465020334,62,4.133496366829405,1.0
12.560000000048413,9.744533222796413,17.043702770882167,3195.365845563941,7100.468256444651,61,4.133517266719215,1.0
12.580000000048544,9.763534320261007,16.413812796183972,2963.5457555899,7390.3348841193565,54,4.133536077297244,1.0
12.600000000048675,9.815937193656126,15.400681072886382,2608.990752596369,1576.0584460900577,62,4.133553000608805,1.0
12.620000000048806,9.916129218393191,14.412379361481829,2284.883467451941,1226.4268636423913,60,4.133568220111862,1.0
12.640000000048937,9.990018458279149,13.398238096166308,1974.6406248971837,756.9694722340876,54,4.133581902249814,1.0
12.660000000049068,9.981693355251291,12.372408948087278,1683.8415349658117,516.6975290156688,61,4.133594197911947,1.0
12.6800000000492,9.941058542736096,11.435525843963353,1438.4837646074914,2932.392809215586,60,4.133605243786219,1.0
12.70000000004933,9.931468668149511,10.480070240623816,1208.1505947324981,4101.133392575845,64,4.1336151636094165,1.0
12.720000000049462,9.961935908145204,9.585450925126182,1010.6895638180262,3124.953687309326,67,4.133624069320125,1.0
12.740000000049593,10.015028372677943,8.711015893936377,834.699776948534,1415.0416517711997,69,4.133632062119886,1.0
12.760000000049724,10.065624399872707,7.777451980824199,665.3763524542887,963.5450788480533,59,4.1336392334482825,1.0
12.780000000049855,10.02850982594047,6.726789443892685,497.7466584471267,1341.7697420672357,67,4.133645665877486,1.0
12.800000000049986,9.957536172718726,5.854954077729782,377.0853597755706,3895.3218914108093,68,4.133651433931532,1.0
12.820000000050117,9.91245692561408,5.075324541835336,283.34811125451665,1421.666576201023,63,4.133656633609439,1.0
12.840000000050248,9.92691079265682,4.301465937992903,203.52870137284484,506.1313004141626,63,4.133661382227928,1.0
12.860000000050379,9.973869974241424,3.529642808518655,137.04216191300205,631.1703650721659,65,4.133665716524601,1.0
12.88000000005051,10.020770189233325,2.8093673396176078,86.81799333801126,2401.468335974579,65,4.133669668140723,1.0
12.90000000005064,9.979347139003059,2.0392517714175775,45.74402565952701,4966.386259338977,63,4.133697539310005,1.0
12.920000000050772,9.89710190774418,1.1857321083613293,15.465566960789033,391.4224132676531,66,4.133844227263193,1.0
12.940000000050903,9.830994701999796,0.46840492991848104,2.4134349620913085,3276.639892768707,62,4.134095445801853,1.0
12.960000000051034,9.828427306813376,-0.17292292267069984,0.32892570903474516,3896.7309095198416,63,4.134425206254488,1.0
12.980000000051165,9.87731640281028,-0.736163946793356,5.961310922142082,2140.421887071864,67,4.13484218983375,1.0
13.000000000051296,9.91822677476324,-1.3331755886472005,19.550928651812907,1310.2910496507018,64,4.135352928335646,1.0
13.020000000051427,9.869865056325253,-1.8894962755826419,39.272157929847424,6910.89609632819,63,4.1359309551476535,1.0
13.040000000051558,9.753165793905692,-2.559547488839725,72.06411682388317,1957.2257000243721,67,4.136553309147212,1.0
13.060000000051689,9.663580441224624,-3.169415798311077,110.49716152842225,4008.6006558053764,66,4.137205352687336,1.0
13.08000000005182,9.621457496057637,-3.626173384827338,144.6404675851317,11422.778389399477,60,4.13788201558659,1.0
13.100000000051951,9.68116034015028,-2.6935072491436336,79.80479431308235,19405.158665339542,59,4.138569149054281,1.0
13.120000000052082,9.75596742719557,1.9907793775172726,43.59522782942865,30607.610862138776,59,4.139254841538308,1.0
13.140000000052213,9.80825264753676,6.7949954127781105,507.8915892564312,26896.229591135474,52,4.139929849302701,1.0
13.160000000052344,9.573143192135827,9.204521426471326,931.955361594067,14319.048201560649,59,4.1405871323531045,1.0
13.180000000052475,9.34805252610742,9.041401434264161,899.2163388506543,2381.890866237524,64,4.141221462779755,1.0
13.200000000052606,9.314526915673312,8.30961953936035,759.5475457781124,3242.5027224202795,63,4.141829094883569,1.0
13.220000000052737,9.327999712858187,8.058150782600878,714.2717343864426,12011.628852039767,58,4.142407487953203,1.0
13.240000000052868,9.408953022466479,8.900974935157434,871.5009027593097,16370.239233356164,63,4.142955073856412,1.0
13.260000000053,9.462063510174817,10.013092578137725,1102.8822527619245,12901.70947912128,59,4.143471062726134,1.0
13.28000000005313,9.357329626938636,10.037953067165756,1108.3655195648464,3718.6842111458304,55,4.143955280983569,1.0
13.300000000053261,9.232166225365985,9.422164412464358,976.549004370608,1082.1909951370528,65,4.144408036769814,1.0
13.320000000053392,9.165795719082066,8.856621006837694,862.837092246346,1685.8785221805283,66,4.14483000857055,1.0
13.340000000053523,9.0929876058709,8.637147175670604,820.6034246761416,6512.016218873211,62,4.145222153431709,1.0
13.360000000053654,9.13178854028526,9.52856235276764,998.7285056163886,12519.700293064772,59,4.145585631691901,1.0
13.380000000053785,9.194625566659841,11.00732870631048,1332.774137736434,14041.421631718043,62,4.145921745609726,1.0
13.400000000053916,9.245027079499021,11.70594622779052,1507.320947967154,8384.02376768758,60,4.146231889653773,1.0
13.420000000054047,9.249697002823764,11.64526175892596,1491.733335772937,4534.003788147653,58,4.146517510555904,1.0
13.440000000054178,9.248521635145206,11.574510476179562,1473.6622203950947,4317.91851247506,59,4.1467800755151885,1.0
13.46000000005431,9.22094851571063,11.674536502148264,1499.2428279399144,6702.532267108454,59,4.1470210471838485,1.0
13.48000000005444,9.228846482783322,12.895545970141255,1829.24616454829,14009.57875205566,56,4.147241864276868,1.0
13.500000000054571,9.275721189749532,15.444296198804878,2623.789135840607,18679.360777409725,55,4.147443926825632,1.0
13.520000000054702,9.342575311867478,17.478632345191272,3360.528475242032,10992.779347873264,52,4.147628585248911,1.0
13.540000000054834,9.425193975356471,17.659690856256265,3430.5114925239523,2456.244168634645,49,4.147797132545172,1.0
13.560000000054965,9.45576469082162,16.9405879113536,3156.818706605297,1102.1469658657606,64,4.147950799021352,1.0
13.580000000055096,9.476667520316985,16.387756141451394,2954.1440648684566,2078.330856789762,60,4.148090749067627,1.0
13.600000000055227,9.495318405902264,16.159727711302594,2872.5047967378505,5489.155055695915,59,4.148218079568638,1.0
13.620000000055358,9.524761482874847,16.942093803978675,3157.379967090939,11614.329047504285,56,4.148333819609321,1.0
13.640000000055489,9.606767926918552,18.0651419928733,3589.8429074494175,7249.096677342079,58,4.148438931191875,1.0
13.66000000005562,9.726763935282246,18.06360568393301,3589.232353350786,2257.1030656733183,61,4.148534310728991,1.0
13.68000000005575,9.817075049082021,17.369029487806444,3318.5150388311877,2263.0806816651875,56,4.14862079112005,1.0
13.700000000055882,9.825471608668016,16.532122962395437,3006.4219860813873,456.04069124896813,59,4.148699144251604,1.0
13.720000000056013,9.853990281093504,16.04206590432764,2830.826663266705,3230.373514277202,49,4.148770083793166,1.0
13.740000000056144,9.873617763741677,16.511065974224437,2998.768295657111,8230.451432596145,45,4.148834268183542,1.0
13.760000000056275,9.902226429175144,16.96171786444039,3164.6986020416393,4879.930572064844,55,4.148892303723626,1.0
13.780000000056406,9.944312197954766,16.175791430076384,2878.218512282658,1663.9561463094665,56,4.148944747709064,1.0
13.800000000056537,10.024087872892343,15.161274631834514,2528.5067330809966,916.8656878495115,53,4.148992111549995,1.0
13.820000000056668,10.060273053118507,14.066182919950473,2176.4325213125703,1103.3815997403526,55,4.149034863837441,1.0
13.840000000056799,10.023146095849851,12.971856786534541,1850.9597533939846,3207.2243527147525,58,4.149073433325284,1.0
13.86000000005693,9.957369239144006,11.97378285226111,1577.0862337241242,4349.7393684136405,53,4.149108211805053,1.0
13.880000000057061,9.941918835232622,11.076999263677518,1349.6990395626349,4418.273249988067,61,4.149139556857286,1.0
13.900000000057192,9.977601730821538,10.293648144255018,1165.5511132949725,2475.027118364319,63,4.149167794468424,1.0
13.920000000057323,10.025371075503754,9.426814208377714,977.5130873119913,2066.9501124607677,61,4.1491932215067875,1.0
13.940000000057454,10.027648357856103,8.413833922116627,778.7186139585651,3949.0561075011847,55,4.149216108054221,1.0
13.960000000057585,9.951631858451128,7.365388702965864,596.7384582035488,3148.7649413298686,63,4.149236699689766,1.0
13.980000000057716,9.882449049420822,6.522450613444225,467.9659820530084,2339.203472089852,61,4.149271894163698,1.0
14.000000000057847,9.866665077249396,5.707897122036884,358.38098511332635,5286.133099957753,59,4.149347893287658,1.0
14.020000000057978,9.904004555820721,4.921472888345789,266.4298492979491,3385.1990173060003,61,4.149471882528298,1.0
14.040000000058109,9.954998322126935,4.241893742770146,197.93028777447768,1075.6857160457496,63,4.149632282196009,1.0
14.06000000005824,9.986347383851943,3.6058494028649726,143.02364907755847,3855.915990834675,60,4.149822957660797,1.0
14.080000000058371,9.927421595206132,2.8147168278932466,87.14893903347964,3412.514240008528,68,4.150168511759215,1.0
14.100000000058502,9.8641442149514,2.025701982111183,45.138153723620924,2042.432184269073,59,4.150780650279581,1.0
14.120000000058633,9.81997347073826,1.36149644310741,20.390398210535416,5101.385584884444,59,4.1516154218645,1.0
14.140000000058764,9.837687450647492,0.7768862634628079,6.639074929929236,5751.529336072517,57,4.152611696063045,1.0
14.160000000058895,9.87890787873129,0.3208443776502052,1.1323522613672223,3444.967306988819,66,4.153742193225568,1.0
14.180000000059026,9.904517872850477,-0.18657221804934437,0.3829011180263731,2920.893837386157,66,4.1550091067371495,1.0
14.200000000059157,9.806275285827748,-0.8642422169283039,8.216060704732644,1880.767024532196,68,4.15660495234806,1.0
14.220000000059288,9.725443586553926,-1.4338034444621457,22.613715490866646,4204.517379585462,72,4.158892484744406,1.0
14.24000000005942,9.64512997881074,-1.997704040752425,43.89903577882423,5606.111964923785,72,4.1619043221169365,1.0
14.26000000005955,9.650863588958224,-1.4904558705606328,24.43604572297519,10833.250083529645,70,4.165740824307513,1.0
14.280000000059681,9.721195936357608,2.514909964283391,69.57249341297076,19712.719113835967,70,4.172233987241693,1.0
14.300000000059812,9.787973178460609,7.457502827570935,611.7578326555134,23694.18304287931,72,4.183720682226818,1.0
14.320000000059943,9.75319242658201,10.617364468490523,1240.0127108244155,11978.271828749897,69,4.201940898047977,1.0
14.340000000060074,9.472699168717892,11.099849805282584,1355.2733226981502,4816.511963450836,72,4.228115804951842,1.0
14.360000000060205,9.392329251562932,10.385628172927701,1186.4739980094055,2055.028812409741,70,4.2623886273537455,1.0
14.380000000060337,9.351816759633106,9.94444571819863,1087.8120070641896,6106.9397427782,70,4.302928322893156,1.0
14.400000000060468,9.414069421136551,10.288919833651315,1164.4805847763375,12246.844623550705,69,4.347781349263909,1.0
14.420000000060599,9.499537653025945,11.420316464179637,1434.6599095621373,9894.921131018677,70,4.39536372219621,1.0
14.44000000006073,9.516096652703403,11.829193594180056,1539.2280319744953,4812.723597708272,68,4.444416036511147,1.0
14.46000000006086,9.393476952200434,11.329969807115765,1412.0503741317032,3398.9141366345452,70,4.494138481844165,1.0
14.480000000060992,9.329613972366737,10.722156152389932,1264.610958118566,1898.4263999771447,67,4.544809369010806,1.0
14.500000000061123,9.222622173299312,10.198851513311991,1144.1822940964494,2952.414411509506,69,4.596557483608352,1.0
14.520000000061254,9.21684536509371,10.253440285172344,1156.4634144975462,8089.251359793865,68,4.649419503047378,1.0
14.540000000061385,9.273844582829291,11.131989031380787,1363.1329777426035,10728.011128778802,71,4.704513359729144,1.0
14.560000000061516,9.353559314401942,12.52706880938711,1726.2019825063132,5426.868273665523,70,4.763396109094633,1.0
14.580000000061647,9.430236267019039,13.589033446694282,2031.2801301691345,2781.135383433756,70,4.827314953993673,1.0
14.600000000061778,9.404089443126784,13.863002609952593,2114.0112549990763,1850.8819111566238,72,4.897134142431845,1.0
14.620000000061909,9.34800072234184,13.868262849337066,2115.6158590413293,2713.7410093215726,71,4.973406340387134,1.0
14.64000000006204,9.323416280514543,13.710813669142743,2067.8505261694663,2953.428749838519,71,5.056432507789688,1.0
14.66000000006217,9.32527504344169,13.56152491287761,2023.0645375886008,3522.8741137298634,72,5.146258473944048,1.0
14.680000000062302,9.351231092323182,13.179962501018263,1910.8255268107237,1309.9681336885203,69,5.2425598766000014,1.0
14.700000000062433,9.370355376919132,12.510042346044614,1721.5127544981235,2510.2530983637107,67,5.343615515608286,1.0
14.720000000062564,9.35751153330185,11.749388419819638,1518.52941063771,2194.4605774010784,69,5.447578100109668,1.0
14.740000000062695,9.344159900677376,11.110854101183765,1357.961867435713,1748.0157179034943,68,5.553439162736249,1.0
14.760000000062826,9.316507605600323,11.136105553107477,1364.1413157894629,1947.6573035311376,67,5.660176713197307,1.0
14.780000000062957,9.323166354802005,11.475211101174828,1448.4851679817864,1612.210058642561,64,5.767460678879178,1.0
14.800000000063088,9.368636189469635,11.965411478061574,1574.881790232604,881.513442949668,68,5.874731052207758,1.0
14.820000000063219,9.441110748107155,11.826087870922938,1538.4198976386972,2212.166109297854,65,5.981271091040088,1.0
14.84000000006335,9.539537302129714,11.125209327239467,1361.4731083238564,2326.601903012619,66,6.086050324708624,1.0
14.860000000063481,9.550971177712357,10.449060767525781,1201.011580157911,4152.503220148126,67,6.188269228020395,1.0
14.880000000063612,9.486468268710016,10.656902443155193,1249.2652665121984,2596.7192595955003,69,6.28719002432173,1.0
14.900000000063743,9.471862346898236,10.87083290130941,1299.9250876501028,1718.2255096074816,70,6.382459371598934,1.0
14.920000000063874,9.47899697781566,10.449588960883577,1201.133003965619,2134.6749654782557,70,6.474186729603629,1.0
14.940000000064005,9.513665568405672,9.790047947801943,1054.2954270228715,1673.5288792518227,66,6.5625216006499185,1.0
14.960000000064136,9.539541476390635,9.050937574675899,901.1141807874806,2192.320279468259,64,6.647320941975101,1.0
14.980000000064267,9.483400148996836,8.179124911271966,735.8789274560861,2636.096285737549,61,6.728510769087355,1.0
15.000000000064398,9.347960019918286,7.524773414992938,622.8443644168293,1357.4480254529933,62,6.806030154569003,1.0
15.02000000006453,9.272618238014857,7.101840738554679,554.7975606337435,3388.2205903180115,60,6.87962546607853,1.0
15.04000000006466,9.2564130070587,6.476798517146385,461.4381093488057,2898.2788918795145,58,6.9491424449899375,1.0
15.060000000064791,9.256193086642838,5.9572711752763565,390.379878413564,1240.3489641344947,58,7.014518006100554,1.0
15.080000000064922,9.275221333770048,5.404465998170011,321.2907799791335,1839.6812012638875,62,7.075760851381579,1.0
15.100000000065053,9.272608267118116,4.801447438535303,253.5928725551894,5301.078480667159,53,7.132935391644869,1.0
15.120000000065184,9.244528586273747,4.347561568196395,207.91420748184123,8823.701148934499,51,7.1861484650981895,1.0
15.140000000065315,9.182577705761572,4.246587317687473,198.3685423141849,9035.327556853397,61,7.23553841634204,1.0
15.160000000065446,9.16919444280219,4.36728978150334,209.80542039185838,7835.980168005164,61,7.281266163451799,1.0
15.180000000065577,9.130241319596234,3.7953895831304494,158.4548029650864,5353.326315456622,56,7.323507935827113,1.0
15.200000000065709,9.126327606069975,3.2072419692766556,113.15041154438559,4727.332953558308,58,7.3624494127203794,1.0
15.22000000006584,9.122147157538697,2.885240527308965,91.57074190468725,7889.102275899113,63,7.398281032855073,1.0
15.24000000006597,9.15233145893327,3.978787869404825,174.13828200695286,20523.059550578844,59,7.431194280243908,1.0
15.260000000066102,9.09177455289258,6.653851817969127,487.0111841704016,23257.63558447015,60,7.461378781021077,1.0
15.280000000066233,9.045416975333916,8.707834199074222,834.0901408242325,16569.485194336867,66,7.489020071508592,1.0
15.300000000066364,9.043665727743933,10.06585805526831,1114.536482276909,10830.757746671536,64,7.514297919444694,1.0
15.320000000066495,9.0063333092982,10.868430484036596,1299.3505930496956,8793.656542292627,64,7.537385098832465,1.0
15.340000000066626,9.029983184794558,12.027143778182232,1591.1740620717433,14377.453960590943,61,7.5584465346654,1.0
15.360000000066757,9.112342492291008,13.680674581244528,2058.769426977012,17581.48190532234,62,7.577638747242618,1.0
15.380000000066888,9.202512343584656,15.875817937623285,2772.457547074174,17669.10385763404,55,7.5951095372312425,1.0
15.400000000067019,9.24076752213776,17.20543742393862,3256.2978464397434,11857.710209632289,59,7.610997862355034,1.0
15.42000000006715,9.217841033323847,17.102887114679078,3217.596224232012,3856.1524624048993,65,7.62543386483419,1.0
15.44000000006728,9.18968325222585,16.614509348121683,3036.461129667051,409.0565976391995,65,7.638539015684434,1.0
15.460000000067412,9.202265730196721,15.999256139829225,2815.7381673064947,770.8304520612767,63,7.650426347887142,1.0
15.480000000067543,9.250327747441444,15.493698140235924,2640.6015026682517,395.56306661983035,64,7.661200756434304,1.0
15.500000000067674,9.315058965782486,14.755242657914755,2394.88904483342,345.7302342508853,64,7.670959916526149,1.0
15.520000000067805,9.396832443469963,14.006740523910883,2158.0765811458405,441.7768123285385,53,7.679794140624782,1.0
15.540000000067936,9.41796073652082,13.21640296192219,1921.406379770962,1379.9781203227687,65,7.687785895573302,1.0
15.560000000068067,9.40359780227625,12.620809738623295,1752.1332230438147,251.6854235167953,61,7.695010977635722,1.0
15.580000000068198,9.422647211957583,12.408625688652545,1693.7139062919664,4867.534129441833,61,7.701539028526292,1.0
15.600000000068329,9.450262275549873,12.501158759744323,1719.0686736996543,4685.177436393689,62,7.707433932089058,1.0
15.62000000006846,9.545145033689396,12.416930802242089,1695.981876024352,1944.2147677674097,65,7.712754203113722,1.0
15.640000000068591,9.66376949788432,11.80361686899962,1532.5790830914566,2335.1324872635846,64,7.717553364612537,1.0
15.660000000068722,9.718657035941511,11.156900591691999,1369.24073894187,3573.8955904308095,66,7.7218803108607865,1.0
15.680000000068853,9.691047281342573,10.861237063519944,1297.6311760497726,6830.980188501511,66,7.725779654301814,1.0
15.700000000068984,9.614428943118924,11.237835670704515,1389.1784561793465,6702.027395005485,65,7.729292055064461,1.0
15.720000000069115,9.612946967741593,11.220196418580688,1384.82088438684,2830.632012795929,67,7.732454532361751,1.0
15.740000000069246,9.63775019109641,10.602562214867055,1236.5575807213925,216.2078907346938,71,7.735300757454962,1.0
15.760000000069377,9.682025244611122,9.841802365810553,1065.4718118844162,409.85548677259146,70,7.737861328194406,1.0
15.780000000069508,9.713384467581697,9.026132319196659,896.181711080111,521.5130135591724,60,7.740165289115982,1.0
15.80000000006964,9.645527782366239,8.078813361767446,717.9394786769944,2434.8835229504652,60,7.742240014275786,1.0
15.82000000006977,9.531062428543047,7.245867331933893,577.5285273118548,2124.1692936788627,55,7.744107625229118,1.0
15.840000000069901,9.478425156109665,6.58534367435796,477.0342644034704,2997.8381038269877,60,7.745788110184171,1.0
15.860000000070032,9.475467446296847,5.958240551406046,390.50693515261366,2636.645885353484,55,7.747299624374692,1.0
15.880000000070163,9.496539276896968,5.361112067735623,316.1567486310258,2186.662162391939,61,7.748658646421297,1.0
15.900000000070294,9.509049886726302,4.6542196871338914,238.2793698571517,2935.123538896527,60,7.749880338237725,1.0
15.920000000070425,9.468633212218743,3.850616318048519,163.09970631703686,4614.361071553736,56,7.7509783238653025,1.0
15.940000000070556,9.339895808375683,3.1302009551780055,107.77973821777027,4433.076607282978,57,7.751964786191327,1.0
15.960000000070687,9.30539042772847,2.7674785967086817,84.24831561564719,5146.329977350667,55,7.752850755600284,1.0
15.980000000070818,9.253650052839795,2.3247754893195514,59.450391833150555,3965.1944844954337,55,7.753646212302027,1.0
16.000000000070948,9.232339894785989,1.7802844642533393,34.86354051027979,2958.7607044628835,48,7.754360180562155,1.0
16.02000000007019,9.232613710349266,1.263216523073829,17.55287582583407,3594.910210434911,52,7.755000815320213,1.0
16.040000000069433,9.187619969229319,0.7389742824874518,6.006912891956286,10501.772955562206,47,7.755575481679681,1.0
16.060000000068676,9.114236844858498,0.7711095811456068,6.540709847480085,18314.154000633192,40,7.7560908277453775,1.0
16.08000000006792,9.030162695498342,1.9191890171843915,40.516151320493094,21667.065769611316,50,7.756552851271233,1.0
16.100000000067162,9.084980900489596,3.4172809816514675,128.455902383125,20634.051074696265,42,7.756966960564497,1.0
16.120000000066405,9.05594246528766,5.1185164324765635,288.1913151648587,17619.021837355333,40,7.75733803007379,1.0
16.140000000065648,9.063599265020043,7.27887425850562,582.8021151824931,18810.879230048697,50,7.757670451067138,1.0
16.16000000006489,9.094863428207693,10.209646429433826,1146.6056823545598,25469.64720784084,36,7.757968177784644,1.0
16.180000000064133,9.175896944229743,14.642270013175855,2358.3567825262376,31809.72095693016,33,7.758234769427964,1.0
16.200000000063376,9.1768517329223,18.348429715424576,3703.313603240631,22663.359425849925,35,7.758473428326259,1.0
16.22000000006262,9.079254153469611,18.81732781892942,3895.0100886956056,3749.141246971509,58,7.758687034596247,1.0
16.240000000061862,9.021535601034145,17.86565130507526,3510.9964620999112,1027.156588007972,54,7.758878177592204,1.0
16.260000000061105,8.942169965938433,16.889453809786673,3137.790149922093,1174.1466402612095,56,7.7590491844207135,1.0
16.280000000060348,8.952799138160046,16.033327194872363,2827.7433903161705,2485.8340002484865,59,7.759202145775015,1.0
16.30000000005959,9.013426496548787,15.229116557135043,2551.185902218852,2310.4072444446183,64,7.759338939324286,1.0
16.320000000058833,9.08122665389474,14.477752628135015,2305.6585327761736,2408.0474349012516,56,7.75946125087525,1.0
16.340000000058076,9.10016221931896,13.733040713418095,2074.560479600389,1055.9413798274034,55,7.759570593505955,1.0
16.36000000005732,9.106814798152977,13.027765058148312,1866.949286513411,988.5866646182513,62,7.759668324855778,1.0
16.38000000005656,9.081152444452442,12.35626233730831,1679.449408432222,1280.8801834876556,55,7.759755662740185,1.0
16.400000000055805,9.089618585069793,11.808845972612648,1533.9372752537895,1967.1003529354684,54,7.759833699244942,1.0
16.420000000055047,9.125415869750544,11.410103782026294,1432.0951514827182,904.0514916977972,55,7.759903413441009,1.0
16.44000000005429,9.189110016297244,10.86271044021039,1297.983259186414,420.10258121078255,63,7.759965682849613,1.0
16.460000000053533,9.279406492541746,10.244324189689012,1154.4079591379216,515.9212551691659,53,7.760021293775207,1.0
16.480000000052776,9.315417713234263,9.593675276453217,1012.4246584103269,1065.9546034505984,64,7.7600709506138505,1.0
16.50000000005202,9.30588529493305,9.132940202430547,917.5165641528932,1749.0822090063225,62,7.760118562492213,1.0
16.52000000005126,9.311634815022531,9.036701043903367,898.2816233257262,3931.247220968929,58,7.760231571605041,1.0
16.540000000050505,9.331736671092104,9.023434571421612,895.6460861119941,4853.987881848213,61,7.760421284631846,1.0
16.560000000049747,9.384758522669008,8.998127557979853,890.6292950464411,1886.4729780758923,64,7.760668005596737,1.0
16.58000000004899,9.473485487746439,8.444608099407453,784.4254654783576,654.2574704575742,58,7.760956543624672,1.0
16.600000000048233,9.549163120738871,7.738671652013596,658.7574283144672,2666.0397268323068,53,7.761282589139138,1.0
16.620000000047476,9.50649662207773,7.00183654382151,539.2828648503379,3290.1675611261403,59,7.761643159708955,1.0
16.64000000004672,9.425829000621,6.830598848728887,513.2278869548204,4520.3246847731325,57,7.76203212271624,1.0
16.66000000004596,9.398970042348687,6.367899917877221,446.0516430051079,905.8781138652746,62,7.762485883735488,1.0
16.680000000045204,9.396071579325747,5.770027097713747,366.2253397918602,2442.7336548218395,58,7.762998224033263,1.0
16.700000000044447,9.414499544388354,5.183521987839897,295.55790218261643,3070.0050035802155,63,7.763548976398428,1.0
16.72000000004369,9.414048030223773,4.512042246462211,223.9437775724573,4699.0932406268,63,7.764121920645468,1.0
16.740000000042933,9.324895011557713,3.7346241755222485,153.42159505634757,5942.962547039382,57,7.764704132503039,1.0
16.760000000042176,9.191948372268536,3.3851954331754195,126.05502932870888,5287.753459088388,61,7.765285431261121,1.0
16.78000000004142,9.120817627945904,3.1026144181835567,105.88837850712538,6121.800968419578,59,7.765857911928709,1.0
16.80000000004066,9.074222824721172,2.775559460340311,84.74103349673058,5558.8041346296895,58,7.766415549642518,1.0
16.820000000039904,9.05167429695499,2.2345297536544,54.924355419634736,5223.238553001965,57,7.766953865784245,1.0
16.840000000039147,9.054996625054104,1.72090987974362,32.57683895619121,6132.366058409105,65,7.767469646746749,1.0
16.86000000003839,9.035145787599534,2.010839897364216,44.47824802114904,15866.244310013108,58,7.767960707568886,1.0
16.880000000037633,8.98583396424224,4.127044518631448,187.35746104642465,23337.345165945222,54,7.768425693762433,1.0
16.900000000036876,8.915153845352965,6.942626984597177,530.2007639198257,22274.081643653903,64,7.768863915605766,1.0
16.92000000003612,8.968258124761741,9.392878843577426,970.4879026713685,17776.299544011712,64,7.769275209998815,1.0
16.94000000003536,8.95038503694261,11.17892365409208,1374.6516747042135,12739.46143900215,62,7.769659825679728,1.0
16.960000000034604,8.935673637851664,12.357446848826106,1679.771418837185,10686.682664169723,60,7.770018328211497,1.0
16.980000000033847,8.947732132593885,13.498700341092023,2004.364019884577,10438.319020980998,53,7.770351521669215,1.0
17.00000000003309,9.008426321475897,14.948409631913952,2458.004455758476,14755.473744431783,54,7.770660384407991,1.0
17.020000000032333,9.030560017148694,16.37885872761504,2950.937145410885,11686.459954232794,55,7.770946016677623,1.0
17.040000000031576,8.991433180204083,16.329853740168957,2933.305354928411,2699.519211590248,65,7.771209598181401,1.0
17.06000000003082,8.963821072782467,15.662377746748,2698.4108435000967,155.18037930399865,64,7.771452353960564,1.0
17.08000000003006,8.941786275908038,14.885084169854338,2437.22303818013,258.20631252962113,67,7.771675527229641,1.0
17.100000000029304,8.96706728192005,14.250334129622212,2233.7922508646325,306.4184079345791,66,7.771882324209102,1.0
17.120000000028547,9.031243598482105,13.620148620059851,2040.592932757701,361.88839371465855,73,7.772154465280091,1.0
17.14000000002779,9.096087142587587,12.949139227476357,1844.4822740582367,814.9068366553606,66,7.772530413257186,1.0
17.160000000027033,9.150804852612499,12.289768169766528,1661.4224183326717,1511.3202379004479,63,7.772983502203189,1.0
17.180000000026276,9.177730493952218,11.696542486920071,1504.9001676315902,1044.8914354214942,71,7.773491748604888,1.0
17.20000000002552,9.17734721286116,11.383308320351508,1425.3767914780228,794.8536432616982,68,7.774036240911734,1.0
17.22000000002476,9.205936800285713,11.409598613806399,1431.9683458099018,2813.9182294893185,65,7.7746014851692795,1.0
17.240000000024004,9.255711356959349,11.643945279279869,1491.3960783355035,3844.835541345098,66,7.775176305477827,1.0
17.260000000023247,9.356244896185792,11.585337221169855,1476.4204238104603,2280.2712185763166,70,7.775763661761983,1.0
17.28000000002249,9.45289783071921,10.974326053923228,1324.7941557159998,4878.195064034662,67,7.776820766281166,1.0
17.300000000021733,9.465552235547,10.52964546597347,1219.607770030052,5079.274790302241,70,7.779269874391278,1.0
17.320000000020976,9.393129819986026,10.789973416286884,1280.658789565954,6323.728553572057,69,7.783285003518844,1.0
17.34000000002022,9.348345256095804,11.466298675830041,1446.2360585567592,5997.718263242785,69,7.788714562662274,1.0
17.36000000001946,9.355532724071328,11.770369440305732,1523.9575643741139,2310.866324464923,70,7.7958100616744295,1.0
17.380000000018704,9.393175642134493,11.266708918448886,1396.3260283836125,608.6929639290473,69,7.80436605297374,1.0
17.400000000017947,9.447427417588766,10.5293471672172,1219.5386694456336,476.0368821912715,63,7.813967132867226,1.0
17.42000000001719,9.486185296305216,9.708877926499898,1036.8854165084467,892.0356949912606,64,7.824458955770297,1.0
17.440000000016433,9.39338680994282,8.763731749466631,844.832935942704,2262.3797440772564,67,7.8359341330821,1.0
17.460000000015675,9.295798040494486,7.953923229609816,695.9138421677932,898.7836794935998,66,7.8482655631821645,1.0
17.48000000001492,9.261790942253135,7.326488597930284,590.4517869316271,1178.183482724218,68,7.861169380989787,1.0
17.50000000001416,9.256425139839633,6.744046856891168,500.30384808738006,1425.353431599309,69,7.874341114478617,1.0
17.520000000013404,9.271732271818976,6.168185510825323,418.5116374555099,656.7313118661395,68,7.887537491597316,1.0
17.540000000012647,9.276012679135867,5.434876241808673,324.91667740153997,486.4867216167723,69,7.900568971432818,1.0
17.56000000001189,9.217165217997556,4.659044160785456,238.77361741363958,858.9251608440744,65,7.913290444491255,1.0
17.580000000011132,9.095598179911196,3.99568699726504,175.62066038124203,1551.6959853139035,68,7.925593380404528,1.0
17.600000000010375,9.050334336616379,3.665447508781532,147.79055983596012,1827.4145813525604,70,7.937399210850455,1.0
17.620000000009618,9.008410334130112,3.2969740016824587,119.57041324547049,862.3065986373668,70,7.948653765416452,1.0
17.64000000000886,8.99623014289106,2.8113841794885577,86.94269105146407,425.9717492929116,67,7.959322603965459,1.0
17.660000000008104,8.998900407742996,2.3323257662306327,59.83717827805639,1669.8402506583643,67,7.9693871113325105,1.0
17.680000000007347,8.980735243737097,1.8755116237378622,38.69298235853415,1999.2521034691447,67,7.9788412394511345,1.0
17.70000000000659,8.97168103265945,2.13501220748509,50.14104838721393,11081.15103137863,65,7.987724328914842,1.0
17.720000000005832,8.917682297371448,3.3539982916921143,123.74234994740982,15452.49360716904,67,7.996135863903468,1.0
17.740000000005075,8.929461798715815,4.796477152726902,253.06812384294284,13649.816504372477,65,8.004075989786719,1.0
17.760000000004318,8.902374213456397,5.948733810749852,389.261773462743,11393.952148455915,65,8.011746663998833,1.0
17.78000000000356,8.920058232977402,7.420846048650023,605.7585168554112,14390.536571995484,70,8.019529299824208,1.0
17.800000000002804,8.956957809695858,9.82401785802416,1061.6245956225534,24376.794052847676,65,8.02743697814184,1.0
17.820000000002047,9.02462465810568,13.372915032168798,1967.1834210336683,22709.313782137437,62,8.035337543653805,1.0
17.84000000000129,9.058634329418537,17.070008260292077,3205.2370020708377,21194.859906704918,59,8.04312238030347,1.0
17.860000000000532,8.967787879198502,17.950016329881016,3544.2339486729466,5860.162622258583,68,8.050708629556675,1.0
17.879999999999775,8.906201882602437,17.11918892045817,3223.732922237716,150.51478376140892,68,8.058034620692835,1.0
17.899999999999018,8.86276682276101,16.189891033742768,2883.238288529109,465.87663403607905,71,8.065056021330095,1.0
17.91999999999826,8.874313097465349,15.393779394657255,2606.652884565117,712.206286943244,70,8.071742601782127,1.0
17.939999999997504,8.91984437127144,14.653867098484806,2362.0940303406105,10.254484213387846,74,8.078075521934105,1.0
17.959999999996747,8.969391225350492,13.945221065178758,2139.1610961237593,378.1396245005433,68,8.084045062333951,1.0
17.97999999999599,8.980151158852763,13.249445778385665,1931.0259477781988,328.36419777836386,66,8.089653701948318,1.0
17.999999999995232,8.97730810891205,12.548086362327062,1731.9991849206024,0.0,75,8.095021159701664,1.0
18.019999999994475,8.949003147437333,11.901227476348733,1558.0313698817783,120.68559651441058,70,8.100199475137895,1.0
18.039999999993718,8.95636529500298,11.313325874704677,1407.904765819886,1008.1412703905088,68,8.105176845694329,1.0
18.05999999999296,8.980029504589188,10.829849606081435,1290.1420673937644,1037.6374048173495,65,8.109935093589696,1.0
18.079999999992204,9.032326784650747,10.335384510171759,1175.0219027040816,203.67891936178202,67,8.114456557679935,1.0
18.099999999991446,9.107263353009529,9.782727663543259,1052.7193659296,399.65865066891485,63,8.118730814767485,1.0
18.11999999999069,9.155954876275205,9.163667170735357,923.7007561761422,921.8284085504765,65,8.122753397262183,1.0
18.139999999989932,9.13030293035531,8.658106784920328,824.5909440899176,1113.2628642263326,64,8.126524219425557,1.0
18.159999999989175,9.105457551757393,8.701882697836803,832.9503873560267,5705.864992614398,64,8.130046647478492,1.0
18.179999999988418,9.10030102466107,8.736319895989825,839.5561385757443,3585.779922384051,68,8.133331703125402,1.0
18.19999999998766,9.121541893017566,8.59419282975914,812.4616543459174,2022.5754400264736,69,8.136538900148114,1.0
18.219999999986904,9.168551051188109,8.110826863403865,723.6406364892515,325.6226521750954,67,8.139904227277873,1.0
18.239999999986146,9.230617364841365,7.519608444092357,621.9896226771159,2618.7042583433713,65,8.14353011753852,1.0
18.25999999998539,9.237608619451091,6.858058159144645,517.3625788563148,3881.189466994985,66,8.147442358189288,1.0
18.279999999984632,9.128367716086597,6.4469655866658515,457.1970180321914,2376.7073316422047,64,8.151561396449875,1.0
18.299999999983875,9.060549747448515,6.124844874838893,412.6509721492429,1350.535747735458,69,8.15578419795918,1.0
18.319999999983118,9.054683113778704,5.571443918476246,341.45086070398537,2299.8049829227402,66,8.16002879842763,1.0
18.33999999998236,9.068306572168867,5.057513161042385,281.3628331152863,2686.468868961079,65,8.164231148655965,1.0
18.359999999981603,9.085383804023634,4.501163012584382,222.86515312443476,3527.080865512855,69,8.168343724995136,1.0
18.379999999980846,9.085982182192836,3.83202285033644,161.52839038050678,6731.037012689837,67,8.172335374486801,1.0
18.39999999998009,9.030015837875988,3.508416521142272,135.39885134406447,7994.578660996504,66,8.176310838650199,1.0
18.419999999979332,8.951931300437169,3.662120576583006,147.52239829175915,8500.32666492978,71,8.180742778611164,1.0
18.439999999978575,8.888901058716588,3.7848526832435265,157.57620817241295,6206.957294998811,73,8.185878555617093,1.0
18.459999999977818,8.874427327655868,3.4170439291016055,128.4380813475115,5856.599231415277,73,8.191837421076626,1.0
18.47999999997706,8.887015028220373,3.1072745543992255,106.20670672058596,6048.625486985953,73,8.19939681048686,1.0
18.499999999976303,8.909143437182008,3.9108245905584873,168.24003875928656,15062.799235817618,73,8.209668655832747,1.0
18.519999999975546,8.969429505428495,5.926080609398993,386.3027452800422,15729.790137396227,73,8.223220809233398,1.0
18.53999999997479,8.964535399949485,9.320187874154245,955.52492210485,10132.516897387432,73,8.241564445684888,1.0
18.559999999974032,8.85959475458047,11.649601865608911,1492.845459899185,2379.7810529799517,74,8.266090613308268,1.0
18.579999999973275,8.831435441421094,12.231523763966145,1645.7119094731536,17.158644860043317,72,8.29772879843981,1.0
18.599999999972518,8.793795758052564,11.810589999200614,1534.3903974213933,0.0,75,8.337036802833236,1.0
18.61999999997176,8.798230624495325,11.261982578315047,1395.154767536988,7.615573696492007,74,8.384275954465654,1.0
18.639999999971003,8.831857655005154,10.848171885232222,1294.511165766971,760.3595276003467,74,8.439473849988403,1.0
18.659999999970246,8.886965632718963,10.473330228919938,1206.5971069240898,1542.8481489861874,73,8.502476513165329,1.0
18.67999999996949,8.896620409610604,9.93822166099677,1086.4507476141594,57.398107093128075,72,8.572887517353802,1.0
18.699999999968732,8.887738841715997,9.746901380819297,1045.0229518015883,7.406224387398609,74,8.649940533364907,1.0
18.719999999967975,8.854233424377666,9.846643595464176,1066.5202910570524,0.0,75,8.733211884623275,1.0
18.739999999967218,8.856815445742235,10.001609663156408,1100.35415439558,0.0,75,8.822308669260014,1.0
18.75999999996646,8.882522046062256,10.494265518958418,1211.4256966063956,2.842339700423943,75,8.91678350526281,1.0
18.779999999965703,8.93318465788876,11.021348762533263,1336.1714139993283,0.0,75,9.016153866947654,1.0
18.799999999964946,8.984811740045789,11.040079038876094,1340.7167970309442,8.602957563324958,74,9.119917655814726,1.0
18.81999999996419,9.039543333966362,10.782179410206421,1278.809321172672,0.0,75,9.22756561924584,1.0
18.83999999996343,9.035602810991888,11.15427458971921,1368.596257851412,0.18056425114710442,75,9.338591138633133,1.0
18.859999999962675,9.033312149746006,12.321871459670026,1670.1136789549382,0.0,75,9.452497829769685,1.0
18.879999999961917,9.061931888076744,13.64734774639875,2048.7511056224857,0.0,75,9.568805330869235,1.0
18.89999999996116,9.111564734423398,14.550339777384593,2328.8362640107434,0.0,75,9.687053595846894,1.0
18.919999999960403,9.199601436004933,14.658012513876011,2363.430639426403,0.0,75,9.806805961130623,1.0
18.939999999959646,9.292353985223308,14.068470290006978,2177.1404193088993,0.0,75,9.927626649281509,1.0
18.95999999995889,9.326038139679838,13.792307300893118,2092.5051475049654,0.0,75,10.049028437810609,1.0
18.97999999995813,9.270064165175315,14.426852181339585,2289.47470248445,0.0,75,10.170668145712902,1.0
18.999999999957375,9.227754192616702,15.018546424437698,2481.124103732894,14.243058897406504,74,10.292249567686264,1.0
19.019999999956617,9.232068305519103,14.715991576843818,2382.16448898712,151.24738481115858,71,10.41348435868707,1.0
19.03999999995586,9.259686837043695,13.987732725423992,2152.2233347768706,123.26051748124307,70,10.533588069776496,1.0
19.059999999955103,9.300547193839794,13.24058068489357,1928.4427456049436,168.5881165136186,69,10.65122659355558,1.0
19.079999999954346,9.338000865178332,12.485350901827204,1714.723858559331,348.3089174237031,68,10.765386965766767,1.0
19.09999999995359,9.328905853799272,11.708909215263867,1508.0841051242023,563.467694371991,68,10.875390470527906,1.0
19.11999999995283,9.272390084945043,11.093803836167822,1353.7973191090907,1535.7012689067672,69,10.98079664079133,1.0
19.139999999952074,9.245563194279132,10.568589822401846,1228.6459991759345,1847.1362862221476,70,11.081546212108346,1.0
19.159999999951317,9.260513592414958,10.014250805399012,1103.1374111277823,1756.9186377093204,71,11.177675958163645,1.0
19.17999999995056,9.29364912184273,9.446782618696115,981.6587202938895,1916.3270272214443,68,11.269291709007513,1.0
19.199999999949803,9.341323068756044,8.825478555228624,856.7797890168036,1140.3715328623457,67,11.356399897329847,1.0
19.219999999949046,9.397456908096338,8.153510471147726,731.2770630342717,1617.3940445614774,67,11.438897899211982,1.0
19.23999999994829,9.412580752647324,7.481676822582805,615.7303688533001,842.6912953068268,67,11.516666863036258,1.0
19.25999999994753,9.354932478818059,6.955047513185489,532.0995450173442,2857.9378839059173,70,11.589695452594714,1.0
19.279999999946774,9.335660269713687,6.5607234580971765,473.4740152298923,2146.008223234953,69,11.658035496323782,1.0
19.299999999946017,9.348399323759288,6.135756195193855,414.12254495545744,2488.719286034481,70,11.721785386071831,1.0
19.31999999994526,9.377422189427675,5.691836287804183,356.3670035988095,1625.275981192585,71,11.781082972732078,1.0
19.339999999944503,9.425540931457459,5.146844092181552,291.39004520146557,2304.086836436792,73,11.836114082483,1.0
19.359999999943746,9.474253350855996,4.612267901940447,234.00316719197144,2029.6476455323084,73,11.887081145712422,1.0
19.37999999994299,9.410429556226621,3.9846391285276814,174.65083883053225,3266.0974816940306,73,11.934594381737401,1.0
19.39999999994223,9.319356718022432,3.9212534357745623,169.13851358331192,2202.305210532803,73,11.97981816307593,1.0
19.419999999941474,9.31381349527202,3.654043193505336,146.8723482600294,651.4419972653428,73,12.023782246917039,1.0
19.439999999940717,9.321900063694047,3.2165871363116416,113.81076086034079,1230.9589053228915,72,12.066950834966057,1.0
19.45999999993996,9.357940320532906,2.9314208920053906,94.52551290694248,2010.135896176276,73,12.109237760892926,1.0
19.479999999939203,9.399428345166163,3.0437209745237035,101.90661107831076,1536.3398464539691,73,12.151063295127276,1.0
19.499999999938446,9.389401708865636,3.7707890606837315,156.40735154189306,4252.099039992834,73,12.193044226157808,1.0
19.51999999993769,9.259548438444078,5.152695656212013,292.05299778100766,2574.2446258245245,73,12.23563943771389,1.0
19.53999999993693,9.201983265715112,6.0864880451834535,407.49870396577205,2030.2283764091621,73,12.279161287934727,1.0
19.559999999936174,9.202068836701594,6.448688812888547,457.4414614602129,1590.3022215499495,73,12.32380486113681,1.0
19.579999999935417,9.206966017155152,6.783239159096995,506.135668384576,1977.1931752988125,73,12.369672334147715,1.0
19.59999999993466,9.228847357136056,7.33797123048056,592.3040395729643,158.70330417679375,73,12.416793202767428,1.0
19.619999999933903,9.2534051836355,8.16905865688586,734.0687127360599,1176.6626013509672,74,12.465141006030963,1.0
19.639999999933146,9.192706418570816,9.52703795269313,998.4089736726082,4234.652388020341,73,12.51464709313725,1.0
19.65999999993239,9.121356432646252,10.547304257986838,1223.70189821602,1660.3574831029703,73,12.565211898124277,1.0
19.67999999993163,9.094921644723629,11.027061457287871,1337.5569282108409,1067.380898864659,73,12.616714118825062,1.0
19.699999999930874,9.085642225547923,10.93074097682423,1314.2920813266676,214.6865340074827,73,12.669018137793621,1.0
19.719999999930117,9.078451093248717,10.51801194551861,1216.914328146794,9.308055830370936,73,12.72197997240812,1.0
19.73999999992936,9.083937372682591,9.923645839683362,1083.2662142661138,4.680988084632887,75,12.775447216664418,1.0
19.759999999928603,9.082490282227575,9.276475491538505,946.5829729962601,11.056556814286532,74,12.829065550944692,1.0
19.779999999927846,9.044215990473548,8.701492233535502,832.8756379930653,0.0,75,12.882286041644836,1.0
19.79999999992709,9.03611942325842,8.671121318855958,827.0717941895012,0.0,75,12.934943261774709,1.0
19.81999999992633,9.012405424119356,8.893277784800718,869.9942873339296,0.0,75,12.987086623422043,1.0
19.839999999925574,9.011199348208047,8.91595967836241,874.4377068480277,0.0,75,13.038749028898502,1.0
19.859999999924817,9.024988965028957,8.847610159256275,861.0822608319233,0.0,75,13.089940061914861,1.0
19.87999999992406,9.053314084820956,8.752176715179074,842.6065697909503,3.0892854538428924,75,13.140651774755428,1.0
19.899999999923303,9.083425472833662,8.769467157134262,845.9390964206211,0.0,75,13.1908634136235,1.0
19.919999999922545,9.085350951336187,9.370134296239016,965.793584025101,6.913642085618519,72,13.240545252534618,1.0
19.93999999992179,9.08130462434747,10.680795096859065,1254.873222911975,0.0,75,13.289661680716817,1.0
19.95999999992103,9.078876881045211,12.125720260719968,1617.364010253582,0.0,75,13.338173666685625,1.0
19.979999999920274,9.099827350891989,13.210960736608907,1919.8243194264437,7.74422276866722,74,13.386040703492364,1.0
19.999999999919517,9.138366513425906,13.91017860007262,2128.423755545101,0.0,75,13.433222323666621,1.0
20.01999999991876,9.213147435364286,14.298600047005285,2248.949596346415,10.52875315352677,74,13.479679258710062,1.0
20.039999999918003,9.283216972951637,14.64468688718004,2359.135394258973,1.047224229059082,75,13.525374306325805,1.0
20.059999999917245,9.289009823704475,15.343994118295804,2589.8197105252584,0.0,75,13.57027295860839,1.0
20.079999999916488,9.24670447686436,16.28265916746255,2916.374885201275,7.927518752548156,73,13.614343835927238,1.0
20.09999999991573,9.24693444676269,16.752344699533243,3087.0515822517746,27.003413975089632,73,13.65755896400896,1.0
20.119999999914974,9.27353889497662,16.52976274296038,3005.563619724171,30.02471999420185,72,13.699888327719531,1.0
20.139999999914217,9.319846985485912,15.90176111842094,2781.526073340564,0.0,75,13.741164388664918,1.0
20.15999999991346,9.414376669637404,15.171229997371526,2531.828415964602,374.28524539659793,71,13.781076165147622,1.0
20.179999999912702,9.488651080536648,14.422453836439603,2288.078921306546,1972.4963682665434,66,13.819392418774292,1.0
20.199999999911945,9.481780310934196,13.663306731852408,2053.5454593355166,1098.9872484250152,68,13.855995992079077,1.0
20.219999999911188,9.429026498337036,13.26904943127958,1936.7444009071503,988.2638261421719,69,13.890798708005617,1.0
20.23999999991043,9.437973713035205,13.040704130925402,1870.6596065336835,1807.4438517780072,69,13.923750045663988,1.0
20.259999999909674,9.46395845663724,12.71564982288603,1778.5652546008769,425.1310631503824,71,13.954902772897114,1.0
20.279999999908917,9.508606226449583,12.04239567057588,1595.2122283537517,333.1640761756573,71,13.98432888834117,1.0
20.29999999990816,9.583398487620785,11.324906578662711,1410.7885991698174,665.2330535234348,69,14.012040904209774,1.0
20.319999999907402,9.623316763039016,10.557446589714871,1226.0564634415039,887.2784130280771,68,14.038052974698152,1.0
20.339999999906645,9.567626312931516,9.851782328083855,1067.6337654393988,2222.9326201275667,68,14.062409823841188,1.0
20.359999999905888,9.52761206246647,9.544755479418676,1002.1259287808213,1901.2679398778919,70,14.085171746212675,1.0
20.37999999990513,9.535787860881124,8.994958295458888,890.0020221074914,1638.8880169360366,71,14.106414572204198,1.0
20.399999999904374,9.568467050343104,8.391289014813946,774.5510446315093,270.18050175267155,67,14.126192961569478,1.0
20.419999999903617,9.6140830535872,7.718429383142567,655.315673568144,438.31452891498645,68,14.144593010152917,1.0
20.43999999990286,9.669544039710644,6.995760232854951,538.3472735915424,810.5265311211679,65,14.161672492438898,1.0
20.459999999902102,9.656423957340479,6.201217183635922,423.0060401448358,309.7388571888172,69,14.177487725727323,1.0
20.479999999901345,9.587070013551221,5.516247170166052,334.7188112660147,1521.1196601580568,68,14.192105783002848,1.0
20.499999999900588,9.569277203095364,4.953730618791356,269.93391747906094,394.3876898724288,67,14.205595992529666,1.0
20.51999999989983,9.578317887039187,4.424206320226265,215.3096172032303,405.4114752644059,66,14.218022608587276,1.0
20.539999999899074,9.604926644013805,3.8670602145578474,164.49570173317804,253.18586484452112,65,14.229450216521986,1.0
20.559999999898317,9.634459367318478,3.202464167391229,112.81354417767275,1934.7464541353281,66,14.2399463438709,1.0
20.57999999989756,9.622604485137735,2.5009271849994072,68.80100463135965,3037.203454518503,65,14.249572242571553,1.0
20.599999999896802,9.511254224231362,1.9998174452422957,43.99196795724964,3063.698774168459,68,14.258387092002838,1.0
20.619999999896045,9.44103644573494,1.995576481337647,43.80558042154739,2320.2260495572277,67,14.2664482238484,1.0
20.639999999895288,9.426306302592229,1.4988546300634795,24.71221722269003,2516.3470593083543,69,14.273812753785363,1.0
20.65999999989453,9.43530969510515,1.0199480816297066,11.443234981421305,2346.119964206646,68,14.280571593651349,1.0
20.679999999893774,9.445625482891284,0.6742988135810445,5.001467789964845,2841.1091030254447,69,14.286861091171076,1.0
20.699999999893016,9.437391249484481,1.334712464228457,19.5960309838348,12869.30274586283,69,14.292905488492542,1.0
20.71999999989226,9.338236524917543,3.270354531120914,117.64740635145404,23651.358007497194,70,14.298995612505868,1.0
20.739999999891502,9.257902997212174,5.402180989209425,321.0191538419329,18456.828362261487,70,14.305354738120341,1.0
20.759999999890745,9.255878509012343,6.996717525141694,538.494617392874,13756.027106448142,71,14.312141088855398,1.0
20.779999999889988,9.250707947868143,8.064263065927827,715.3557267613645,11220.233772764923,69,14.319460499477513,1.0
20.79999999988923,9.261006351379578,8.830314480579158,857.7189920851856,11662.205367056018,69,14.327375974423862,1.0
20.819999999888473,9.267094715181049,9.826708870174288,1062.2062794107824,11801.503459294021,71,14.335841159696704,1.0
20.839999999887716,9.266283152601051,11.47543882667451,1448.5426589122374,18035.46581059605,72,14.344784410940237,1.0
20.85999999988696,9.16889605765499,12.968056103031055,1849.8752700049708,11391.007233887465,72,14.354231683023832,1.0
20.879999999886202,9.145450288904923,13.317059990087497,1950.7849545754812,5696.408584757848,74,14.364190357251797,1.0
20.899999999885445,9.101511803968526,12.782540473780543,1797.3267506022148,119.73274601124754,70,14.37464864932807,1.0
20.919999999884688,9.082451019512979,11.987962046125745,1580.8235742128647,101.63755635044302,68,14.38550569606688,1.0
20.93999999988393,9.081510620305718,11.268448699625765,1396.7572970570736,266.7186806987221,72,14.396539004456777,1.0
20.959999999883173,9.105619126370893,10.555317200875733,1225.5619333221343,1308.0541045328562,70,14.40755614253144,1.0
20.979999999882416,9.140636883359349,9.851564316404833,1067.5865142828713,283.15100231024667,70,14.418407074256923,1.0
20.99999999988166,9.136739295491292,9.301307581951756,951.6575500748054,2845.791034784119,70,14.428977395409241,1.0
21.019999999880902,9.130427674753808,9.131137383534535,917.1543690868009,3333.9041174550193,71,14.439182045659585,1.0
21.039999999880145,9.121652580522664,8.932939961555693,877.7715799243449,3812.514921583528,70,14.448959972391956,1.0
21.059999999879388,9.131131324491978,8.813246631854998,854.4064781329381,4289.134162195711,70,14.458269645795504,1.0
21.07999999987863,9.169325250210983,8.858633236554937,863.2292110177538,6067.741444620308,71,14.46708529856484,1.0
21.099999999877873,9.219221178651118,9.028191619128474,896.5906830287179,6231.370312711085,69,14.475393781589544,1.0
21.119999999877116,9.275385342847947,9.357909712071514,963.275215972106,8073.163084832275,70,14.483191942567215,1.0
21.13999999987636,9.274102803451086,10.449694110948242,1201.15717713625,14916.499932018138,70,14.490484447866615,1.0
21.159999999875602,9.273817546758393,12.662744356635594,1763.7960410565724,18144.371859960884,68,14.49728197949555,1.0
21.179999999874845,9.302223350870728,15.050985389941992,2491.8537732907207,17852.732505204247,67,14.50359974894309,1.0
21.199999999874088,9.368499453240858,17.097420408934354,3215.539631038295,14250.718794914648,67,14.509456278189974,1.0
21.21999999987333,9.48319356813976,18.52099608377271,3773.3002552863654,10124.667189951693,69,14.514872405503041,1.0
21.239999999872573,9.586257668444002,19.353955862000994,4120.331682591109,10514.028677031707,69,14.519870479915665,1.0
21.259999999871816,9.60837440703941,19.85466036803485,4336.282921630151,7997.076669750776,69,14.524473713687932,1.0
21.27999999987106,9.593697613035731,19.879978877965545,4347.349162071919,5111.345443411691,67,14.528705666662706,1.0
21.299999999870302,9.558724983428958,19.27216526548153,4085.5798942203605,1071.541294155852,65,14.532589840391706,1.0
21.319999999869545,9.56726659073691,18.422692836805854,3733.351724952275,1023.6338548214355,66,14.536149363292829,1.0
21.339999999868787,9.596723664811755,17.601917813327816,3408.102617778618,1674.1397887325377,67,14.539406750996045,1.0
21.35999999986803,9.639415796891882,16.777946854189516,3096.494507062087,2291.1865118502483,68,14.542383861219166,1.0
21.379999999867273,9.693315690046887,15.937376042813762,2793.9995064305945,1460.3094529288155,69,14.545101636267884,1.0
21.399999999866516,9.665296480671335,15.075546473676757,2499.993116279865,2430.055256434737,65,14.547580107667322,1.0
21.41999999986576,9.598882779969289,14.35620475007642,2267.1067630872844,1460.1700022849575,68,14.549838060102825,1.0
21.439999999865,9.600570683160456,13.699883159130298,2064.5547843120416,1032.0370463225315,66,14.551893016928021,1.0
21.459999999864245,9.631422109306715,13.036049117315134,1869.3243424795794,596.3151247151377,64,14.553761437762928,1.0
21.479999999863487,9.673513911810538,12.287995694229952,1660.9432199955525,1131.9118361460567,67,14.555458725363478,1.0
21.49999999986273,9.735669257683181,11.540581597474302,1465.0352596875878,2830.836164257294,70,14.556999245705127,1.0
21.519999999861973,9.786295973087013,10.801449291887813,1283.3843748574614,2242.4155713415444,68,14.55839635806325,1.0
21.539999999861216,9.747170078791804,10.054441923402784,1112.0098263018742,2316.517040112503,70,14.559662850881807,1.0
21.55999999986046,9.715768623428216,9.4456283365109,981.4188413864744,447.1181264194068,72,14.56081802741855,1.0
21.5799999998597,9.728618150696754,8.759672717115125,844.0505272206817,201.80620760501168,71,14.561875141263107,1.0
21.599999999858944,9.752564334064761,8.0568700480706,714.0447046864687,329.88167122039613,70,14.56284728624044,1.0
21.619999999858187,9.784913569021985,7.266315407961038,580.7927356876919,261.2079491100072,72,14.563761649608956,1.0
21.63999999985743,9.818563467067031,6.462698690447441,459.4312179986218,537.0798777779665,68,14.564626297251486,1.0
21.659999999856673,9.792098424361942,5.667651868066405,353.3450546735627,321.1281639877294,68,14.565440711044374,1.0
21.679999999855916,9.740081154396956,4.927823665183476,267.11790682656545,304.92541501583196,65,14.566205092910621,1.0
21.69999999985516,9.734267854440054,4.24740728921448,198.44515548519527,257.51770078222694,66,14.566919903670492,1.0
21.7199999998544,9.750903101541931,3.5992614788108193,142.5015151213659,318.01703028226547,63,14.567586191880395,1.0
21.739999999853644,9.780517412119984,2.9182751308215025,93.67962713088384,320.1196940260582,66,14.568205449814645,1.0
21.759999999852887,9.807919723348146,2.1790241186807195,52.229607207715155,516.8077252580503,61,14.56877949402102,1.0
21.77999999985213,9.800921587634065,1.465928113559844,23.638397575376356,343.4827420230197,63,14.569310367903535,1.0
21.799999999851373,9.735968373771765,0.7927882487311148,6.913645280587627,2532.7320619420016,66,14.569800312295673,1.0
21.819999999850616,9.701792604981168,0.31392400324464304,1.0840310779445692,981.3391103982818,64,14.570251656934857,1.0
21.83999999984986,9.703215316331033,-0.17996100818766814,0.3562456091471416,916.2026093444454,62,14.570666686957697,1.0
21.8599999998491,9.71656354865997,-0.7136970159823682,5.602997736843504,2687.1611077758143,61,14.571047685590793,1.0
21.879999999848344,9.722522982304442,-1.2068262827054137,16.02072644291424,6446.792357175902,62,14.571396903211655,1.0
21.899999999847587,9.700019680270938,-1.514941905157239,25.245538736015895,11724.08214220142,63,14.571716533262238,1.0
21.91999999984683,9.595097052070896,-0.6424863442368073,4.54067572783855,18690.025790337575,62,14.572008694310465,1.0
21.939999999846073,9.554868181152676,1.2979539335294246,18.531528549209565,20372.271739205567,65,14.572275417143585,1.0
21.959999999845316,9.541635095508198,3.2188987963469353,113.97440407236124,17242.353866568228,64,14.57251863595475,1.0
21.97999999984456,9.550594129879508,4.779714352574994,251.30236221432537,12911.506090025661,62,14.572740182835977,1.0
21.9999999998438,9.563544741519332,6.276775380391522,433.3770009347805,10967.699087801302,66,14.572941784919303,1.0
22.019999999843044,9.555614688346616,8.543376287824458,802.8820623489734,22540.472023895476,63,14.573125063617363,1.0
22.039999999842287,9.478566146181024,11.67410750616426,1499.132646720288,25552.815118876184,60,14.573291535507828,1.0
22.05999999984153,9.349128423723995,13.261367121418111,1934.502437219322,14032.47346153255,70,14.573442653369353,1.0
22.079999999840773,9.354352645999938,13.41895204457274,1980.751013719972,3194.3918341302974,72,14.573579757660983,1.0
22.099999999840016,9.291968545815477,12.596565503815262,1745.4080874109948,577.3353925019228,69,14.573704529480688,1.0
22.11999999983926,9.271633070252015,11.76033383825667,1521.3599718596936,625.8562293011715,67,14.573830556612737,1.0
22.1399999998385,9.256239846427098,10.979383568712317,1326.0154990380101,328.63166240154754,70,14.573970779457705,1.0
22.159999999837744,9.275035297625546,10.21418790998986,1147.6259812664132,2218.6102337327234,67,14.57412159432581,1.0
22.179999999836987,9.234200665388412,9.554310094680071,1004.1332552383607,3795.49441338791,66,14.574278626095085,1.0
22.19999999983623,9.251150516116981,9.196240335714364,930.2791994344183,2820.7484769082844,63,14.57444966552395,1.0
22.219999999835473,9.214712935600478,8.752279840427237,842.6264264566393,3047.6948485848425,62,14.57466734585966,1.0
22.239999999834716,9.205450783050273,8.195689007229765,738.8625013354949,2804.808057246581,61,14.574923191209958,1.0
22.25999999983396,9.209903350986844,7.756284599199312,661.7594586215408,2695.769163662606,66,14.575205157712544,1.0
22.2799999998332,9.248194873098758,7.423891343685208,606.2557895112858,4977.319629446767,64,14.575503508029563,1.0
22.299999999832444,9.304469698133246,7.564605251683701,629.4557787518069,8499.309719880475,64,14.575810438952026,1.0
22.319999999831687,9.324182011474047,8.454894162222734,786.3375882382688,13984.229795076046,64,14.576119762097372,1.0
22.33999999983093,9.338284181630375,10.393175045539385,1188.1989627994485,16265.201271760325,61,14.576426631279043,1.0
22.359999999830173,9.359126555686561,12.718454608148937,1779.3499638149945,18718.66520429874,58,14.576727311755745,1.0
22.379999999829415,9.394820446648522,15.21139977978242,2545.253515864011,17224.686026691557,56,14.57701898527011,1.0
22.39999999982866,9.474394127404933,17.536154834846247,3382.6839903087157,14840.546773826805,59,14.577299585640215,1.0
22.4199999998279,9.575838324707975,19.3557199750127,4121.082853262163,15245.466610408595,56,14.577567660406329,1.0
22.439999999827144,9.634081543205564,20.337513887732214,4549.759182470708,10599.996956299748,57,14.577822254670746,1.0
22.459999999826387,9.620375338245081,20.803358451187624,4760.576951334595,10496.978963473131,63,14.57806281381785,1.0
22.47999999982563,9.590230905221146,20.925824132542445,4816.791271887054,4282.553954919038,62,14.578289102274692,1.0
22.499999999824873,9.597723808897058,20.252062728436798,4511.606492321928,2095.4080876225453,60,14.57850113587938,1.0
22.519999999824115,9.631383739533334,19.437198890650766,4155.851707861869,2106.161212238374,62,14.578699125973573,1.0
22.539999999823358,9.69364620644034,18.596038258500403,3803.9390280277175,2250.03887636126,65,14.578883452880163,1.0
22.5599999998226,9.777640974003864,17.786257767121253,3479.860618943292,2859.515559641355,64,14.579054630636536,1.0
22.579999999821844,9.795039815372295,16.999473636261925,3178.8031430096066,1609.5263958808,65,14.579213653641883,1.0
22.599999999821087,9.751159411561352,16.523386384193213,3003.2452736147584,2338.8332795516876,65,14.579361157837644,1.0
22.61999999982033,9.749166401202112,16.213652964264142,2891.7079669015056,2369.4781081468004,67,14.579497646252918,1.0
22.639999999819572,9.77945695542014,15.566480056599833,2665.4683148777235,263.79015224524795,70,14.579623663750843,1.0
22.659999999818815,9.81873710047926,14.746853629148225,2392.166611554744,1827.1037830893806,71,14.579739839111875,1.0
22.679999999818058,9.889911600657545,13.937695023106492,2136.8527681284027,3302.608475129382,66,14.579848999370908,1.0
22.6999999998173,9.951530198672222,13.09236032395785,1885.5088873758027,2020.2028631508501,68,14.579957184675694,1.0
22.719999999816544,9.923354634967646,12.238172624596666,1647.5015610837,1478.6240887493186,71,14.58007802652492,1.0
22.739999999815787,9.892517678269483,11.60243897074342,1480.7824907680817,1454.464519144227,69,14.58023510311157,1.0
22.75999999981503,9.908368475055303,10.802733060604451,1283.6894573654406,958.8763434599133,69,14.580437281180997,1.0
22.779999999814272,9.93375273917523,9.999457254759944,1099.880599287484,1202.7962469390727,66,14.580694200278035,1.0
22.799999999813515,9.974056423617963,9.176405117015344,926.2705195874393,296.70494358323094,69,14.581039267239948,1.0
22.819999999812758,10.02519069831323,8.324375389633776,762.2474819029452,1163.079985686873,67,14.581470732009322,1.0
22.839999999812,10.008383343749522,7.453785341272677,611.1480750514858,384.72756698950025,68,14.58196535360379,1.0
22.859999999811244,9.966647250780799,6.64426264099212,485.60848646731944,1526.1824490049555,69,14.582506686778272,1.0
22.879999999810487,9.964254335847137,5.884325762683022,380.87818649512644,1148.4741949465142,65,14.58309049613313,1.0
22.89999999980973,9.981627353577299,5.159311131798354,292.80340490168254,965.5547022284443,64,14.58370623383643,1.0
22.919999999808972,10.011566508147508,4.416260124404345,214.5368883504427,1137.311158246938,61,14.584338629405138,1.0
22.939999999808215,10.036674330405923,3.6094158369562193,143.30670952477402,1042.760200565229,56,14.584975159925886,1.0
22.959999999807458,10.00064079592599,2.808448372170566,86.76120485062253,1570.00907277354,59,14.585606027946682,1.0
22.9799999998067,9.936522334593327,2.0597308741721116,46.667404014195924,2699.2862900729656,56,14.586223693984289,1.0
22.999999999805944,9.910018963975762,1.3985347875090544,21.514895070602954,1992.7841179966906,60,14.586822612720011,1.0
23.019999999805187,9.91473382910105,0.7775651966593216,6.650683985614343,2849.879709304244,56,14.587398779445103,1.0
23.03999999980443,9.925575460404724,0.17740365833344712,0.3461926378909949,3084.6054211483456,57,14.587949475041171,1.0
23.059999999803672,9.91879207288621,-0.5352594766350401,3.151529780603788,4494.997342756722,65,14.588472705171666,1.0
23.079999999802915,9.85140238735294,-1.1975449142171828,15.775252037241836,7015.595167342727,61,14.588967276885734,1.0
23.099999999802158,9.765332787770745,-1.5375053526169031,26.003149802581905,6856.208960097304,64,14.589432662131008,1.0
23.1199999998014,9.747591741317207,-1.549873619969167,26.42319061663963,5294.894981325247,66,14.58986885732427,1.0
23.139999999800644,9.734584281213138,-1.4368283344325885,22.70923228891159,4193.931419296691,64,14.590276266821704,1.0
23.159999999799886,9.725714605494428,-1.6002790148000507,28.16982217730363,4799.949200101581,62,14.590655606601551,1.0
23.17999999979913,9.719792876967581,-1.7473006260025563,33.583654253918176,10006.784063808816,66,14.591007825009813,1.0
23.199999999798372,9.64930082004043,-0.24045885023360852,0.6360250452123587,21271.140674798473,59,14.591334037881664,1.0
23.219999999797615,9.48406071876492,3.228664022692741,114.6669850857352,27854.337455706333,61,14.59163547574815,1.0
23.239999999796858,9.468144469015261,7.064896325888527,549.0403610510853,27430.419881604685,65,14.591913441177816,1.0
23.2599999997961,9.551641052089499,10.854348061942087,1295.9855903476453,18445.52079844405,62,14.592169274595985,1.0
23.279999999795344,9.562433671961742,13.593792134717598,2032.7030306210104,6446.21245196015,62,14.592404327173629,1.0
23.299999999794586,9.572556685615833,14.897310189058258,2441.228359559209,7027.458152074193,59,14.592619939592616,1.0
23.31999999979383,9.563001286212305,15.902950175707288,2781.942067201313,10092.037857478752,60,14.592817425677483,1.0
23.339999999793072,9.516284033558573,17.39956754135872,3330.194456889343,10752.714016783293,57,14.592998060040062,1.0
23.359999999792315,9.46108872283482,17.872473937617304,3513.6785711589077,6120.225396670756,65,14.593163069017452,1.0
23.379999999791558,9.450689304966941,17.262803194513097,3278.0481154574077,1070.8435877756042,61,14.593313624297624,1.0
23.3999999997908,9.425133985941498,16.34092783042374,2937.2851459502886,712.8196260416541,61,14.593450838724245,1.0
23.419999999790043,9.43016161521716,15.475039227444503,2634.245230000408,122.71806149950929,61,14.593575763854709,1.0
23.439999999789286,9.433414366265344,14.632933076803349,2355.350034732261,384.8022541540626,69,14.593689393879156,1.0
23.45999999978853,9.453174838029815,13.871819361150527,2116.7010962722966,646.5945343422471,63,14.59379515005141,1.0
23.479999999787772,9.466799867011291,13.161463944224032,1905.4654647062011,144.2011550089044,64,14.593899593309164,1.0
23.499999999787015,9.47787583920975,12.578609879175302,1740.4356914173516,2175.4953390270007,69,14.594004426193253,1.0
23.519999999786258,9.483198450619799,12.133769509118991,1619.511987504683,2245.937172189356,67,14.594110967055286,1.0
23.5399999997855,9.51515620623871,11.606567869742408,1481.836594864305,2590.230790874352,65,14.594218882230042,1.0
23.559999999784743,9.553199577724627,11.037449229360027,1340.0781403977026,2202.0002910207536,67,14.594326476823895,1.0
23.579999999783986,9.614786727431333,10.349702082618553,1178.2796651885467,1712.5800322863602,65,14.59443251923319,1.0
23.59999999978323,9.670898568545649,9.738667975466585,1043.2581933001627,2119.3781781414705,64,14.594535890984032,1.0
23.619999999782472,9.677404558632599,9.469439468058498,986.3731222314641,5673.949801804062,65,14.594635743884979,1.0
23.639999999781715,9.664671236489774,9.69348638925113,1033.600462164566,5679.020483404215,64,14.594731467362655,1.0
23.659999999780958,9.677383332921904,9.646399774646728,1023.583314735349,3067.1763304389315,60,14.59482264416011,1.0
23.6799999997802,9.709224763748638,9.513930793084883,995.6636704916963,3076.7733693586383,60,14.594909013185932,1.0
23.699999999779443,9.784781608153216,9.310225882750489,953.4833658662083,3724.959568020607,64,14.594990438443332,1.0
23.719999999778686,9.873324325244775,9.009632676984067,892.90829071597,6076.512026565241,62,14.595066883120733,1.0
23.73999999977793,9.894604918204216,8.731196666680647,838.5717475548078,6679.626850122896,62,14.595138388058272,1.0
23.759999999777172,9.80718847745487,8.918460502307868,874.9283150434806,7241.044359870948,66,14.595205053917555,1.0
23.779999999776415,9.759314418846339,8.8664585802817,864.7549653143607,3018.5885043244602,62,14.595267026480464,1.0
23.799999999775657,9.750686176624852,8.316792882847283,760.8594824179713,469.24277371445305,64,14.595324484586364,1.0
23.8199999997749,9.770043093741474,7.648351328539956,643.470058492568,48.29918566714887,70,14.59537763058046,1.0
23.839999999774143,9.799170456491503,6.950003954852218,531.3281046970762,347.8295476571835,70,14.595426711569884,1.0
23.859999999773386,9.79189430263285,6.193385982406407,421.9383291977499,1261.4525010584964,68,14.595471965339112,1.0
23.87999999977263,9.718271708599014,5.460541550274414,327.9926542450063,1850.701820627602,69,14.59551369008004,1.0
23.89999999977187,9.668708264983975,5.418490311027608,322.96040975770075,4860.286119513441,66,14.595552183347014,1.0
23.919999999771115,9.652201211115623,5.154240061453549,292.2280967220195,2753.1571289365866,68,14.595587629507884,1.0
23.939999999770357,9.647577690341576,4.8524711532681994,259.0112392263001,2105.960425486398,65,14.595620211474708,1.0
23.9599999997696,9.647008031956211,4.29232075778907,202.66419236521628,3824.6282910550976,67,14.595650111451445,1.0
23.979999999768843,9.62370081134802,3.721878974574518,152.37621411517856,7704.463469230194,66,14.595677508549807,1.0
23.999999999768086,9.540325913984516,4.01024750283169,176.90293537364585,14443.554838609494,66,14.595702576978518,1.0
24.01999999976733,9.494582547500897,5.7787641945449,367.3352717776958,18125.516250500492,63,14.595725484703149,1.0
24.03999999976657,9.506357432603917,8.035987865559607,710.3481107296337,18817.796967139817,65,14.595746392491229,1.0
24.059999999765814,9.526962816640964,10.19469052594509,1143.2488641177404,17159.368153481148,66,14.595765453269683,1.0
24.079999999765057,9.539865497191341,11.584206186428025,1476.1321626664505,10606.046130296332,62,14.59578281173477,1.0
24.0999999997643,9.556101308861034,12.244528576248772,1649.2132806003005,8838.51761483325,64,14.59579860416328,1.0
24.119999999763543,9.538488601141031,13.110414275853481,1890.7125873295302,14265.183278132768,60,14.595812958383302,1.0
24.139999999762786,9.462862762368674,14.150423097793539,2202.579212312258,14643.272188155046,62,14.59582599386924,1.0
24.15999999976203,9.44124853689806,14.709155259264417,2379.9517328526067,7844.738792604263,66,14.595837821932252,1.0
24.17999999976127,9.437803930030542,14.334128602571052,2260.139670745501,2144.1883103553528,66,14.595848545982218,1.0
24.199999999760514,9.440332100753837,13.564466358238386,2023.9422234215904,1921.049448909368,63,14.595858261841746,1.0
24.219999999759757,9.451187670341948,12.791748851652489,1799.9172255212804,2036.0637595947192,67,14.595867105163382,1.0
24.239999999759,9.447928768963457,12.029531166944226,1591.8058210613078,2258.4682274083584,66,14.595875401058565,1.0
24.259999999758243,9.42243703028567,11.295749684069056,1403.533570176608,3843.801638038199,63,14.595883197256386,1.0
24.279999999757486,9.408030219597443,10.909331794764359,1309.148722290822,3093.877661123316,67,14.59589049689864,1.0
24.29999999975673,9.398342484205159,10.61470657691062,1239.3919528530055,1619.4234615289618,66,14.595897367271705,1.0
24.31999999975597,9.411530696185247,10.051889100311833,1111.445219334646,1255.403469540196,68,14.595903904137723,1.0
24.339999999755214,9.432883848749617,9.505579698619973,993.916499474978,1581.5886308814045,67,14.595910094888364,1.0
24.359999999754457,9.456342321962069,8.944364134416238,880.018147459347,2253.446003284263,70,14.595915930110078,1.0
24.3799999997537,9.470320623409721,8.34105891793747,765.3059025975462,3569.289475288722,70,14.59592140744062,1.0
24.399999999752943,9.457259058327958,8.498156270863834,794.4052600442454,10190.287482239768,67,14.59592653003478,1.0
24.419999999752186,9.4388233433257,9.531632065932492,999.3721082434374,11771.853744500286,69,14.595931305293922,1.0
24.43999999975143,9.446311922301174,10.395809740629511,1188.8014617970416,5290.095398815835,67,14.595935743818876,1.0
24.45999999975067,9.468687066709043,10.474469449824108,1206.859612808284,3193.4296209294725,66,14.595939858550826,1.0
24.479999999749914,9.500528190061175,10.17366169963923,1138.5373161657678,2774.0062601200507,70,14.595943677656631,1.0
24.499999999749157,9.55552347552075,9.998406338088174,1099.6494223167392,6251.273909932616,70,14.595947313599835,1.0
24.5199999997484,9.607110107418833,10.484997712184732,1209.2869472697098,11519.70871648469,70,14.595950776690854,1.0
24.539999999747643,9.570120209543042,11.66025091988847,1495.575966662359,10586.67525559329,68,14.595954057048305,1.0
24.559999999746886,9.515901629438476,12.53687428230321,1728.9053844730317,5602.7715768763965,71,14.595957149536028,1.0
24.57999999974613,9.52221202035628,12.42124123268641,1697.1595713664794,989.2951675800649,70,14.59596005278052,1.0
24.59999999974537,9.530643371464638,11.701961367187273,1506.294898230578,460.2312345783355,65,14.595963087344613,1.0
24.619999999744614,9.55928144860407,10.969374755822848,1323.5990078705192,604.5277193709609,70,14.595966761270233,1.0
24.639999999743857,9.595864879568667,10.242937991010075,1154.0955655644527,1669.752754435981,65,14.595971031895347,1.0
24.6599999997431,9.600014354760729,9.484894839040717,989.5955311842733,3581.0929902225857,70,14.595978281517787,1.0
24.679999999742343,9.565183886860208,9.120251625875534,914.9688869121386,1557.3055800126563,72,14.59600150642151,1.0
24.699999999741586,9.553001915561836,8.87663786295266,866.7416972500523,1491.0761535936447,73,14.596070842801849,1.0
24.71999999974083,9.56439283592908,8.27762117778949,753.7091359928796,275.5649232755695,72,14.596212319250121,1.0
24.73999999974007,9.586887687843738,7.699132511872808,652.0430557891458,1201.4107802006924,69,14.596450167431142,1.0
24.759999999739314,9.62273627384663,7.093798380344026,553.5417300706869,2603.858862997018,74,14.596787429595059,1.0
24.779999999738557,9.66152787525133,6.450657060578761,457.72074164514083,2021.105313621918,74,14.59723525523822,1.0
24.7999999997378,9.626578428526653,6.678540818375571,490.631982089795,0.0,75,14.597886176778706,1.0
24.819999999737043,9.58201557735291,7.967843557483414,698.3518405218294,0.0,75,14.598884084488446,1.0
24.839999999736285,9.590096593796966,9.12110340278266,915.1398001267877,0.0,75,14.600332309802958,1.0
24.85999999973553,9.619011877846823,9.690835045747166,1033.035122722696,0.0,75,14.602297681783641,1.0
24.87999999973477,9.6570825005269,9.723422514061836,1039.9943992566107,0.0,75,14.604817971500799,1.0
24.899999999734014,9.719570047855713,9.599899799000493,1013.7388376593468,2.6490954373825186,75,14.607908077937044,1.0
24.919999999733257,9.742810479473057,10.183515003061745,1140.74375599342,0.0,75,14.611565149147355,1.0
24.9399999997325,9.656353023600397,11.715267161924041,1509.7223314278135,0.0,75,14.615772804190975,1.0
24.959999999731743,9.621891650656938,12.814800948464454,1806.41035683642,0.0,75,14.620504597096803,1.0
24.979999999730985,9.625073485312134,12.7373606382482,1784.6439163167406,6.140646147279787,74,14.625726842672735,1.0
24.99999999973023,9.639160139352041,11.958819627166855,1573.1470356262234,65.47306601523768,72,14.631376715161233,1.0
25.01999999972947,9.655053654130162,11.172544034278445,1373.0831421767996,296.3405356395602,70,14.637311652717553,1.0
25.039999999728714,9.645221678443608,10.353018032611065,1179.0348062192686,374.0161632528661,68,14.643397324098428,1.0
25.059999999727957,9.601107145327532,9.587157837392832,1011.0495493899107,1815.3908960398687,70,14.649526809316225,1.0
25.0799999997272,9.573786332233423,9.258670538148069,942.9527814736815,1884.3988760466016,71,14.655609608368438,1.0
25.099999999726442,9.569536017621749,8.730460092286137,838.4302676530094,869.850080273034,69,14.661582406293878,1.0
25.119999999725685,9.57910657152453,8.11296094438868,724.0214881369367,336.6160709560027,67,14.667388639760084,1.0
25.139999999724928,9.594681419374629,7.515110008123425,621.2456627761654,250.0505882206897,67,14.67298789618086,1.0
25.15999999972417,9.60185672317009,6.884672319380739,521.3858423977209,1143.439136159951,70,14.678352457841019,1.0
25.179999999723414,9.575216607244593,6.254636988914207,430.3253224940316,3659.1268530687594,69,14.683459950836129,1.0
25.199999999722657,9.540889139885094,6.40314134119166,451.00240938805496,8253.775357696177,70,14.688296527410259,1.0
25.2199999997219,9.53249516739623,6.99595181566584,538.3767598782997,7390.052782234014,71,14.692855416479588,1.0
25.239999999721142,9.54327578375045,7.239874676661283,576.5736386713744,2488.152424069165,70,14.697134798847797,1.0
25.259999999720385,9.559492646527689,6.819163005263781,511.51082501593976,1829.6604469164802,71,14.701137133286242,1.0
25.279999999719628,9.57323729571683,6.26454575591327,431.6898688072406,2304.8279064490475,71,14.70486818113192,1.0
25.29999999971887,9.573999347453652,6.3934111467881305,449.63276701062193,5656.967853723514,71,14.70833815903545,1.0
25.319999999718114,9.5287354637536,7.738043196370068,658.6504375977801,13622.915100666982,71,14.711568273677557,1.0
25.339999999717357,9.499023763842976,9.771151295348005,1050.229374002391,11029.805542150505,72,14.714581872947432,1.0
25.3599999997166,9.500544129054312,10.994660063620863,1329.7080490603746,6453.494823380623,72,14.717390306857242,1.0
25.379999999715842,9.514206402662824,11.120358382320532,1360.2860760637118,1903.1731436559169,71,14.72000014050658,1.0
25.399999999715085,9.528056385576505,10.6678249109775,1251.827371643993,2452.589650074362,72,14.722419131571883,1.0
25.419999999714328,9.539091091335472,10.256133229056845,1157.0709569338037,2840.139167150483,70,14.724656558887352,1.0
25.43999999971357,9.540542819376313,10.400467732592107,1189.8670196235857,7886.349689235952,70,14.726723804251984,1.0
25.459999999712814,9.512100869821268,11.22344973097392,1385.6240625006842,10363.535979921471,69,14.728637718545782,1.0
25.479999999712057,9.50126124801694,11.978589897997017,1578.3527753883582,6475.620217043168,70,14.73041519148817,1.0
25.4999999997113,9.51489575231783,11.983560109991508,1579.6628420075767,2831.7255236345186,70,14.73206354698431,1.0
25.519999999710542,9.531338025677858,11.371379146557524,1422.3909006423967,2546.930951758731,66,14.733588501837014,1.0
25.539999999709785,9.551647594187482,10.699307518737374,1259.2269951856113,2350.796428405666,68,14.734996415588686,1.0
25.559999999709028,9.58030167794969,9.946895058557926,1088.347934365605,2760.1594357191907,68,14.736293944302643,1.0
25.57999999970827,9.586163305233445,9.570616578611437,1007.563718642713,5850.540176924506,68,14.737487530763483,1.0
25.599999999707514,9.568327931652739,9.981025399907054,1095.8295483694874,9003.194051409368,67,14.738585904006213,1.0
25.619999999706756,9.57253607679475,10.499054108146767,1212.5315088237285,6326.35625691738,69,14.73959719029018,1.0
25.639999999706,9.596511103418901,10.555603081356862,1225.6283205226553,3454.805031980488,65,14.740526657824683,1.0
25.659999999705242,9.631124152875154,10.27772177707706,1161.9472141970446,2648.16225302148,66,14.741379572673283,1.0
25.679999999704485,9.696192979964161,9.965333586807892,1092.386608459976,2932.3879829346192,67,14.742161115635934,1.0
25.699999999703728,9.7516696959439,10.011324005438754,1102.4926917606167,8542.226207748432,66,14.742876257607572,1.0
25.71999999970297,9.722825157411325,11.202418516976167,1380.4359869243956,16055.081590001557,66,14.743529783496205,1.0
25.739999999702214,9.679463847496686,12.776513471169542,1795.6322612687445,13414.914801069086,65,14.744126274034723,1.0
25.759999999701456,9.687837707019268,13.51207094391963,2008.3366731286883,6923.061419812363,65,14.744670087273187,1.0
25.7799999997007,9.711483756360925,13.286862179971118,1941.9477724850153,2200.2017026349135,66,14.745165347290962,1.0
25.799999999699942,9.74567837410417,12.533334746029336,1727.9292784162885,2350.0809433682352,61,14.74561593868142,1.0
25.819999999699185,9.79255739228043,11.76913041862446,1523.636738916507,2817.6219195901535,58,14.746025505602947,1.0
25.839999999698428,9.80524620601819,11.011048002802813,1333.6749593203058,2641.3162222641404,61,14.746397454394383,1.0
25.85999999969767,9.758698461792251,10.736976354017438,1268.1092734940255,4667.4146678982215,62,14.746734958926412,1.0
25.879999999696913,9.75215084918527,10.563338085163018,1227.4252265160105,2094.3893832856784,63,14.747040968005601,1.0
25.899999999696156,9.76677974019215,10.017201841532552,1103.7876600740346,2556.1139774929443,62,14.747318214272168,1.0
25.9199999996954,9.792576039414106,9.381611360236105,968.1609488596225,2630.266136668293,60,14.747569224134795,1.0
25.939999999694642,9.827322114702588,8.71183751815925,834.8572423708783,3023.034504131326,62,14.747796328373738,1.0
25.959999999693885,9.852155830883977,7.968990137212876,698.5528418769571,3091.0254236470328,64,14.748001705781265,1.0
25.979999999693128,9.804812110147475,7.688693430630628,650.2760733724483,6729.750463601474,63,14.748187400906499,1.0
25.99999999969237,9.772643566165986,8.03345208216159,709.8998759202502,6984.525632006786,62,14.74835520281692,1.0
26.019999999691613,9.784678654279203,8.195839161621535,738.889575194861,3334.3155161490213,61,14.748506748341146,1.0
26.039999999690856,9.811067282593813,7.707719839301225,653.4983963327347,2733.0626023197547,59,14.748643537215273,1.0
26.0599999996901,9.83862565601633,7.032931836797824,544.0834324314886,3206.16665435946,63,14.748766942169063,1.0
26.079999999689342,9.861883987242907,6.254379968828126,430.28995673926363,3503.0738224985575,60,14.748878218935854,1.0
26.099999999688585,9.82256671983881,6.34269276093348,442.5272660555777,9731.68877390988,57,14.748978511493084,1.0
26.119999999687828,9.773376505786624,7.649525613935576,643.6676633008209,14056.347534394752,59,14.749068862546164,1.0
26.13999999968707,9.77252621514468,8.774871142537732,846.9819992495559,7992.618955377045,61,14.749150221690547,1.0
26.159999999686313,9.791577857234323,8.83996834174089,859.5954431127931,2381.290810677695,61,14.749223452863355,1.0
26.179999999685556,9.808509441802515,8.170556710442918,734.3379665442018,2549.4510226873485,59,14.749289485600485,1.0
26.1999999996848,9.813675377490894,7.3746955945248525,598.247486230947,3353.040778672357,59,14.749349632913157,1.0
26.219999999684042,9.776475134172607,7.105435022263145,555.3592754116403,9683.169547610843,56,14.749404465600449,1.0
26.239999999683285,9.727444330234409,8.141311500261818,729.0904823872486,16748.566876359706,54,14.749454401274749,1.0
26.259999999682528,9.717305840180652,9.388547683882127,969.593103737813,13147.488643668896,57,14.749499831948375,1.0
26.27999999968177,9.729336977228765,9.95762337747133,1090.6968966031989,4720.950799656005,59,14.749541125332367,1.0
26.299999999681013,9.740432992722187,9.507350556452067,994.2868606359639,2877.308436088423,55,14.74957862510934,1.0
26.319999999680256,9.747355984197338,8.795834759632452,851.0338003063432,2712.595905332413,59,14.749612651480845,1.0
26.3399999996795,9.728146812191941,8.175782090143526,735.2775406406281,7391.031955819917,57,14.749643501920664,1.0
26.35999999967874,9.67961068092176,8.675060948710613,827.8235071022826,14166.147030670423,52,14.749671452077528,1.0
26.379999999677985,9.668257001272218,9.689560245133189,1032.763355184721,12941.099418423815,57,14.749696756781729,1.0
26.399999999677227,9.679450910310948,10.352454052072906,1178.906353903088,6914.278861064234,58,14.749719651118351,1.0
26.41999999967647,9.692839040157708,10.110850290753012,1124.522229622223,3033.4931900420743,52,14.749740351537147,1.0
26.439999999675713,9.706496075564772,9.468279571311331,986.1314984456263,2521.6418148968714,56,14.749759056975908,1.0
26.459999999674956,9.706714103752558,8.761257950457772,844.3560496190547,3754.535556173032,60,14.74977594997824,1.0
26.4799999996742,9.68458451928679,8.929384634501593,877.0730094596047,13023.528995563453,53,14.749791197791518,1.0
26.49999999967344,9.664344107022186,10.085013181809478,1118.78239964998,14831.057080537135,54,14.749804953434264,1.0
26.519999999672685,9.666770075751796,11.171863262711891,1372.9158163680474,9996.921842306709,58,14.749817356724584,1.0
26.539999999671927,9.68244456061292,11.396697849861319,1428.7319406913698,3422.131649539214,54,14.749828535264255,1.0
26.55999999967117,9.700511133685199,10.86759089292206,1299.1498499751474,3072.3776140713812,54,14.749838605374357,1.0
26.579999999670413,9.71518685592325,10.242373903678665,1153.968455010335,3230.924415991975,61,14.749847672980314,1.0
26.599999999669656,9.722719135703633,9.942553745629475,1087.3981248320376,9192.541551964589,51,14.749855834445237,1.0
26.6199999996689,9.7011440064443,10.770792597777533,1276.1097050277322,14460.391074670899,50,14.74986317735133,1.0
26.63999999966814,9.692582642427613,12.008060643700235,1586.1287246506076,11784.061115387578,55,14.749869781230215,1.0
26.659999999667384,9.710723081684849,12.534507451059548,1728.252647447341,4427.316134702844,59,14.749875718243006,1.0
26.679999999666627,9.734612462994594,12.11154268374069,1613.5841279807992,2472.4889519733997,54,14.74988105381221,1.0
26.69999999966587,9.76216048375584,11.4202692110297,1434.648037376322,2192.353336630538,60,14.749885847207066,1.0
26.719999999665113,9.796770175381548,10.664681928333295,1251.0898469577064,2432.896148104111,58,14.749890152084612,1.0
26.739999999664356,9.80870718443514,10.333069620446425,1174.495605590921,7661.119299793962,52,14.74989401698875,1.0
26.7599999996636,9.780211083386497,11.041727012157716,1341.1170895211471,11432.706412693358,52,14.749897485809715,1.0
26.77999999966284,9.778769289784067,11.704186206957234,1506.8677224384076,7223.4559749408145,57,14.74990059820634,1.0
26.799999999662084,9.804233754118895,11.611067110098391,1482.9856737872944,2140.6684918296205,56,14.749903389993422,1.0
26.819999999661327,9.834760575401921,10.965056063918697,1322.556999333682,2278.136743540603,60,14.749905894866314,1.0
26.83999999966057,9.884768153262664,10.243362999860771,1154.1913410160832,2215.534045304426,60,14.749908211588405,1.0
26.859999999659813,9.93381699628712,9.588286534412257,1011.2876253259054,4654.504902922615,60,14.749910389285272,1.0
26.879999999659056,9.904357715724222,9.901028095726746,1078.3339308760742,12125.778329744668,54,14.749912428485144,1.0
26.8999999996583,9.866876174332505,10.795979914421594,1282.0850054385392,10791.462612373834,56,14.749914331530558,1.0
26.91999999965754,9.877948315512423,11.123733918751084,1361.1120192469068,4659.336897761398,58,14.749916102142445,1.0
26.939999999656784,9.90219420862319,10.650818040187563,1247.8391741770333,1993.9611962529818,57,14.74991774506185,1.0
26.959999999656027,9.929967171921463,9.927405667742638,1084.0872162112153,1961.2149820808895,61,14.74991928046218,1.0
26.97999999965527,9.965206456118496,9.149646400481823,920.8763217923497,2236.0137720462935,61,14.749920811061594,1.0
26.999999999654513,9.957912112834187,8.58243243254548,810.2396110512937,6226.366611968411,60,14.749922335746428,1.0
27.019999999653756,9.914677595229579,8.944413595359292,880.0278802133295,9560.92433496275,54,14.749923834565092,1.0
27.039999999653,9.914472730624635,9.335562988219264,958.6800993771033,5787.001306014732,57,14.749925292361606,1.0
27.05999999965224,9.933612259266551,9.019642578098207,894.8934746030628,2056.5543371679723,54,14.749926697921117,1.0
27.079999999651484,9.955006537075782,8.350781862325126,767.0911348335213,2389.873398941761,58,14.749928043250168,1.0
27.099999999650727,9.974438027788423,7.589168915808275,633.550333159376,2935.2400214162076,58,14.749929322972234,1.0
27.11999999964997,9.960101785270998,6.956864550648913,532.3776081368305,5178.641490923602,56,14.74993053382096,1.0
27.139999999649213,9.914814914539892,7.562976211447627,629.1847009241498,12305.921462297536,55,14.749931674216697,1.0
27.159999999648456,9.906196113910488,8.631908854619198,819.6083552189865,10616.892759459868,60,14.749932776114049,1.0
27.1799999996477,9.923528262844725,9.13319950514226,917.568665208039,4527.389971758613,58,14.749933875384677,1.0
27.19999999964694,9.943841103004855,8.696922221337033,832.0010173638445,2423.083381114932,55,14.749934957593892,1.0
27.219999999646184,9.957549636806807,7.955072113857959,696.1148957034859,2357.9634980208352,63,14.749936011439488,1.0
27.239999999645427,9.944979900524812,7.332741301124114,591.460044881325,7266.401602224812,64,14.749937028527134,1.0
27.25999999964467,9.892826886332852,8.010798973027885,705.9019020489109,15555.518820048874,59,14.74993800284106,1.0
27.279999999643913,9.87735277542928,9.47358206367776,987.2363282896067,15595.157159902341,63,14.749938930299393,1.0
27.299999999643155,9.89181197285936,10.451233545892022,1201.511108938566,8580.237350619094,64,14.749939808381018,1.0
27.3199999996424,9.909395238768793,10.305070917743631,1168.1393528169813,3240.4841249029464,60,14.749940635814019,1.0
27.33999999964164,9.920406857615792,9.60648914253588,1015.1309701022572,3305.3327923120237,60,14.749941412315602,1.0
27.359999999640884,9.91008728505936,8.841223428607194,859.8395488600802,4067.7488794785445,61,14.74994213837624,1.0
27.379999999640127,9.859822654866319,8.927491499558894,876.7011492216593,11793.612286550167,56,14.749942815080908,1.0
27.39999999963937,9.835527190641018,9.982889552366936,1096.2389219623262,14276.222882918335,60,14.749943443961861,1.0
27.419999999638613,9.8434263298172,10.878547063573913,1301.7706483583188,9132.057012258909,62,14.749944026877786,1.0
27.439999999637855,9.859673230910204,10.836149368699045,1291.643464548324,1452.9096433235463,58,14.749944565915328,1.0
27.4599999996371,9.8713608538027,10.1846817081536,1141.0051564603837,1293.0812960671099,58,14.749945063309372,1.0
27.47999999963634,9.87193360428446,9.433266248567255,978.8516332799395,2226.8492164448335,65,14.749945521378839,1.0
27.499999999635584,9.834139558738215,8.953952669555774,881.9059524950945,8075.2697672050945,59,14.74994594247571,1.0
27.519999999634827,9.802730752186807,9.603100202891875,1014.4148685746017,13473.985224828713,57,14.7499463289448,1.0
27.53999999963407,9.803908405454603,10.485918575575447,1209.4993721095802,10123.76613825755,65,14.74994668309277,1.0
27.559999999633312,9.818661858410376,10.650113699798942,1247.6741400050962,3247.8780535963115,62,14.74994700716438,1.0
27.579999999632555,9.834796180667862,10.063386857384629,1113.9893054551983,3419.073181904197,57,14.749947303324841,1.0
27.599999999631798,9.84609239972387,9.359045066198282,963.5089700624345,3250.4770179843763,63,14.749947573647464,1.0
27.61999999963104,9.828825806445717,8.74247347034657,840.7392661768494,6457.525177749161,63,14.749947820105067,1.0
27.639999999630284,9.791231144515278,9.326335262560416,956.7858237264566,14036.033721749765,57,14.749948044564817,1.0
27.659999999629527,9.78460552460377,10.671501673300954,1252.6904275959157,12924.760509502423,62,14.749948248785637,1.0
27.67999999962877,9.797434196779468,11.364905081096035,1420.7717425255473,5094.066712401071,62,14.74994843441785,1.0
27.699999999628012,9.817163883900136,10.94923140939755,1318.7423530219164,1125.9451884171938,57,14.749948603004087,1.0
27.719999999627255,9.833839387617822,10.263647526762771,1158.7670660898589,1036.8309867268265,63,14.749948755981974,1.0
27.739999999626498,9.83421623373607,9.529273440317361,998.8775753037166,3328.5295426076636,64,14.749948894687194,1.0
27.75999999962574,9.80976830709883,9.589179305761794,1011.4759573385527,11282.57328889299,56,14.749949020357631,1.0
27.779999999624984,9.79405986537867,10.666854640463841,1251.5996671286348,12840.441252201055,61,14.749949134137847,1.0
27.799999999624227,9.800989306862823,11.42434977037404,1435.6734444342992,6293.323545604456,63,14.749949237083788,1.0
27.81999999962347,9.819999100399192,11.152686552738297,1368.206590779926,3598.34242881362,60,14.74994933016785,1.0
27.839999999622712,9.83711524140614,10.464089131166189,1204.468774794894,3616.6078928901425,64,14.749949414283769,1.0
27.859999999621955,9.848638989134631,9.702977328048812,1035.6254593149217,3524.5360242856104,64,14.74994949025177,1.0
27.879999999621198,9.845922800451982,9.095683904557015,910.046122607793,6009.766024122235,63,14.749949558823372,1.0
27.89999999962044,9.82030516393322,9.610730452469342,1016.0275381302372,11325.080744778068,60,14.749949620686227,1.0
27.919999999619684,9.8165189022375,10.463899497017023,1204.4251195204042,8477.080791370108,64,14.7499496764687,1.0
27.939999999618927,9.833901821189004,10.620650824422984,1240.7804632774828,2259.788366801981,64,14.7499497267443,1.0
27.95999999961817,9.854365258875367,10.012343452908853,1102.7172356090746,644.9086923369339,62,14.749949772035839,1.0
27.979999999617412,9.872356372007294,9.297583249472483,950.8955970895844,993.1644683852742,66,14.749949812819477,1.0
27.999999999616655,9.885351022298316,8.59898729988442,813.368408419309,5174.981790736426,63,14.749949849528377,1.0
28.019999999615898,9.864487524608379,8.912520980884757,873.763332581821,11213.02021346802,61,14.749949882556262,1.0
28.03999999961514,9.84790548769452,10.073132073968406,1116.1478875757214,11914.192235560658,64,14.749949912260687,1.0
28.059999999614384,9.860483933017907,10.787703330446734,1280.119974603047,5718.771550938272,66,14.749949938966077,1.0
28.079999999613626,9.883677322005889,10.55716045002578,1225.9900044434737,733.7159387301979,63,14.749949962966577,1.0
28.09999999961287,9.907140928165763,9.876749015014441,1073.0518821614762,973.8562020720539,68,14.749949984528675,1.0
28.119999999612112,9.931244278035916,9.155458631109397,922.046650205511,2465.3697584094284,67,14.749950003893623,1.0
28.139999999611355,9.929864767082556,9.03335496577528,897.6165213146659,9547.389724078777,65,14.749950021279712,1.0
28.159999999610598,9.897378140535542,10.107707019171809,1123.8231530395656,13036.738529013788,64,14.74995003688431,1.0
28.17999999960984,9.894932166166198,11.143828171111721,1366.0339693798953,8442.833061784822,67,14.749950050885747,1.0
28.199999999609084,9.916544377230569,11.278430924361336,1399.2330452714912,2522.402493104919,67,14.749950063445104,1.0
28.219999999608326,9.942208934122522,10.642942499625407,1245.9944755536599,264.54466464481715,65,14.74995007470772,1.0
28.23999999960757,9.967660548316145,9.904271224436753,1079.040473359265,768.1361727297003,67,14.749950084804752,1.0
28.259999999606812,9.98206261197976,9.186477888819262,928.3051360194172,4125.690516081615,66,14.749950093854475,1.0
28.279999999606055,9.949264386220877,9.543492992868819,1001.8608435542986,11026.374997158475,62,14.749950101963424,1.0
28.299999999605298,9.934815403290559,10.515693210415705,1216.3778406514125,9994.441997771088,66,14.749950109227651,1.0
28.31999999960454,9.95136961701655,10.922348852384946,1312.2747489851422,4271.052315171453,66,14.749950115733578,1.0
28.339999999603783,9.975483630047975,10.42560931965298,1195.6266265463855,205.3822380171294,65,14.749950121559014,1.0
28.359999999603026,9.997278755488768,9.697299115050422,1034.4137113943348,513.0978806944164,68,14.749950126773978,1.0
28.37999999960227,10.011777949087348,8.921397398095285,875.5046468821546,1616.4386194277813,68,14.749950131441429,1.0
28.399999999601512,9.980315919465605,8.674397152485604,827.6968255495539,8431.99134810077,65,14.74995013561797,1.0
28.419999999600755,9.95876424536691,9.549906413152067,1003.2078374995928,12245.116995673749,64,14.749950139354452,1.0
28.439999999599998,9.968254760416324,10.350959076080091,1178.5658917415328,6676.743782677872,67,14.749950142696578,1.0
28.45999999959924,9.99127785694373,10.240479903257151,1153.5417151391496,1127.5491832899404,65,14.749950145685416,1.0
28.479999999598483,10.011346823802246,9.548476024482905,1002.9073382913735,930.9700151550891,66,14.74995014835777,1.0
28.499999999597726,10.025789805172314,8.779112500229802,847.8009792086028,1477.8949293201385,69,14.749950150746738,1.0
28.51999999959697,10.000258382290367,8.325056115617453,762.3721526099752,7414.297371072097,66,14.749950152881986,1.0
28.539999999596212,9.96976979095257,9.251786858187739,941.5511607626888,13835.311991724851,65,14.749950154790117,1.0
28.559999999595455,9.973077736689921,10.436200942953189,1198.0571913386673,10359.160821835843,68,14.749950170621359,1.0
28.579999999594698,9.994493344854844,10.706472858618497,1260.91417179568,3032.0058962108196,67,14.749950223587392,1.0
28.59999999959394,10.01322507681424,10.067481964599985,1114.8961241830057,3887.2187082296214,69,14.749950305413906,1.0
28.619999999593183,10.025392043005446,9.304259369917789,952.2616666497327,4008.8993451611805,69,14.749950408544404,1.0
28.639999999592426,10.003045192511244,8.620930137796549,817.524800848457,3886.007172489125,71,14.749950817158137,1.0
28.65999999959167,9.963009548298853,9.150857769392047,921.1201770720708,12468.473894385357,68,14.749956883408101,1.0
28.679999999590912,9.95949480818587,10.283391901494609,1163.229638996974,11614.101893974215,70,14.749995818644049,1.0
28.699999999590155,9.975477454627086,10.753509590342707,1272.0176536055185,3859.1985957511183,70,14.750073343407031,1.0
28.719999999589398,9.992693821837621,10.194224729185363,1143.1443961204782,447.42676860755256,69,14.750180191547297,1.0
28.73999999958864,10.002898385756799,9.456792443199605,983.7401564513287,206.25060014779504,66,14.750308373403966,1.0
28.759999999587883,9.984767935925822,8.722010800504833,836.8081964453527,1536.1040701550385,68,14.750451554745485,1.0
28.779999999587126,9.939037954887592,8.763575799769457,844.8028687813536,10943.77124072379,66,14.750604886784538,1.0
28.79999999958637,9.926918157630222,9.755104475987414,1046.7826967117267,12483.641160710633,68,14.750773645138608,1.0
28.81999999958561,9.938302668318501,10.47078634780122,1206.0110341543043,6362.714891011542,68,14.750960420950873,1.0
28.839999999584855,9.95565194696074,10.107628796544011,1123.8057587759831,1223.7996067431611,68,14.75115923573709,1.0
28.859999999584097,9.966612202108298,9.430867098568463,978.3537965394725,982.4482367149034,68,14.751364775597665,1.0
28.87999999958334,9.958610568716482,8.711659307566162,834.8230868021454,2255.763029192323,68,14.751573042236073,1.0
28.899999999582583,9.9133856797782,8.58016504915014,809.811554977234,10027.906228043463,65,14.751780591108696,1.0
28.919999999581826,9.88986023008273,9.671947581984375,1029.0122703151874,13920.636657118335,64,14.751984686869532,1.0
28.93999999958107,9.898211581976673,10.750236681162516,1271.2434757111328,9025.030294958546,68,14.752183250353307,1.0
28.95999999958031,9.917198299609964,10.754026057375539,1272.1398408698328,3482.731778029585,67,14.752374741718864,1.0
28.979999999579555,9.931662492575896,10.11065599059899,1124.4790101625879,3645.129399127563,64,14.752558094244728,1.0
28.999999999578797,9.935074527770038,9.373467709984018,966.4808660112434,3389.3865971212012,69,14.7527327771222,1.0
29.01999999957804,9.903299388849666,8.964009631592852,883.8881554281835,7718.772119348902,67,14.752898365546997,1.0
29.039999999577283,9.870686872466228,9.845001913644685,1066.1646894763426,13708.929864058045,65,14.753058408035432,1.0
29.059999999576526,9.874120104839147,11.027507837001288,1337.665220046373,10464.350394818563,69,14.753223476457046,1.0
29.07999999957577,9.891431742955486,11.277536958696182,1399.0112384023414,1752.5642360085008,69,14.753392960250139,1.0
29.09999999957501,9.909341487564875,10.653146495112734,1248.38483270966,822.8644645206153,66,14.753563558545675,1.0
29.119999999574254,9.920587936772677,9.911708455717017,1080.6616096224543,245.1638995023264,69,14.753734918359456,1.0
29.139999999573497,9.90646433189376,9.215803334108383,934.241342022595,2273.3491653890237,68,14.75390710852657,1.0
29.15999999957274,9.870269765300632,9.533616808754445,999.7883440178182,11449.632835639743,66,14.754077599879242,1.0
29.179999999571983,9.863531535357861,10.60068206105638,1236.119061755628,11213.207129906616,68,14.754244392018748,1.0
29.199999999571226,9.876143499134026,11.075440747357161,1349.3192652304128,3814.6833973050257,68,14.754405980794541,1.0
29.21999999957047,9.895579154057593,10.534887333834273,1220.8223625023998,984.9885176326376,68,14.754561316109472,1.0
29.23999999956971,9.90959176062562,9.829686260786929,1062.8500518405365,920.2088807951537,69,14.754710494496539,1.0
29.259999999568954,9.909292807851438,9.103458086844448,911.6024405282693,1884.8580218016486,69,14.754853127735164,1.0
29.279999999568197,9.883060970648504,8.991221223815156,889.2626500514253,9897.198576499926,69,14.754990577769576,1.0
29.29999999956744,9.868378881095577,10.0559270593715,1112.3383592573994,12639.633375702617,70,14.755176629980163,1.0
29.319999999566683,9.877357807838425,10.948178723210294,1318.4887909089005,7057.272152867587,71,14.755511298364702,1.0
29.339999999565926,9.897499797638838,10.747976506576595,1270.708988845147,3642.373201634346,70,14.756061027051429,1.0
29.35999999956517,9.914603207529982,10.065182017746915,1114.3867795541346,3815.1902156554293,69,14.75683291885628,1.0
29.37999999956441,9.924505898306888,9.323951634775092,956.2968149638763,3644.005875244388,69,14.757775169939487,1.0
29.399999999563654,9.914771661900602,8.888266943861641,869.0141819187792,5653.088055836774,68,14.758836848184838,1.0
29.419999999562897,9.88852515057666,9.767139185073857,1049.3670864666572,10500.860469922749,65,14.75997665136955,1.0
29.43999999956214,9.88974803602569,10.933556316521447,1314.9691909920061,7511.331649855561,69,14.76116133917158,1.0
29.459999999561383,9.909612169230895,11.15489477676299,1368.7484522871966,2201.8214060478426,69,14.762364454257813,1.0
29.479999999560626,9.931685263884436,10.524927378489606,1218.515059547281,525.1951287953465,69,14.763565120717733,1.0
29.49999999955987,9.948813743287245,9.783608968241216,1052.9090488779495,536.1535704562036,69,14.764747137582216,1.0
29.51999999955911,9.954322966461126,9.064998494613269,903.9161747807491,2215.5243599248925,69,14.765898165717578,1.0
29.539999999558354,9.927452159427883,9.387983853906956,969.4766492533947,11044.73024399312,67,14.767010018398327,1.0
29.559999999557597,9.91678530679683,10.52120184539988,1217.6525709881041,11090.357162726377,69,14.768091663154065,1.0
29.57999999955684,9.931631799230292,11.069343830408028,1347.834101193715,4499.352126740377,69,14.769146713416891,1.0
29.599999999556083,9.954713586519057,10.623967523068531,1241.555545243364,833.7198352814224,68,14.770166945578056,1.0
29.619999999555326,9.97417254009995,9.90922795424948,1080.120785142073,699.1851714514659,69,14.771145985634412,1.0
29.63999999955457,9.986712649087378,9.153600160799726,921.6723549417205,1533.321873029187,68,14.77207937766648,1.0
29.65999999955381,9.968455653484408,8.867675309860115,864.9923194121295,8099.315402139343,65,14.772964250998486,1.0
29.679999999553054,9.946458266056071,9.810890650323868,1058.7893288787352,12135.63007566917,65,14.773799048223383,1.0
29.699999999552297,9.953403901544124,10.705498071401117,1260.6845785245034,7546.905654826304,68,14.774583316628402,1.0
29.71999999955154,9.975480795506826,10.650948302852798,1247.869697250472,3318.8792110089757,66,14.775317428128947,1.0
29.739999999550783,9.99676398052386,9.96860046520001,1093.1029475826444,3652.5644489533793,64,14.77600229286478,1.0
29.759999999550026,10.013317987544001,9.21326632795117,933.7270407273471,3665.5276145603675,66,14.776639304984283,1.0
29.77999999954927,10.004529656660443,8.626650757938027,818.6101362937601,5310.612617531799,65,14.77723021619095,1.0
29.79999999954851,9.973057762451052,9.35764934250646,963.2216133904276,12232.437021408852,64,14.777778245770222,1.0
29.819999999547754,9.97221390677846,10.551759800920182,1224.7359838594664,10279.322866392233,66,14.778291776606753,1.0
29.839999999546997,9.992472308496561,10.919369143439798,1311.558847397757,3245.297540378285,66,14.778774511246967,1.0
29.85999999954624,10.015236444680648,10.340484633899859,1176.1818471031102,3664.8047626588245,64,14.779226659167536,1.0
29.879999999545483,10.032518433912657,9.601982594359322,1014.1787671661731,3750.9983711481177,64,14.779648712669312,1.0
29.899999999544725,10.029913441704382,8.86939036257745,865.3269394415993,3821.8072735442047,64,14.780041474380777,1.0
29.91999999954397,9.995238633728347,9.126198335090168,916.162456565428,11209.774215767857,61,14.780405977082935,1.0
29.93999999954321,9.985089349612988,10.285548841779233,1163.7176647428873,11880.500038364053,63,14.7807434181454,1.0
29.959999999542454,10.00065078152971,10.942494311997764,1317.1199994491378,5540.606154214058,63,14.78105510624054,1.0
29.979999999541697,10.0225479097828,10.527390470812945,1219.085451374595,3679.3287517110507,64,14.781342418349526,1.0
29.99999999954094,10.036709493569829,9.805976813115358,1057.7289938529163,3872.2816170710225,65,14.781606765372475,1.0
