t,omega_hub,omega_gnd,tau_gen,T_max,n_slack,backline_payout,k_mppt_scale
0.019999999999999858,9.518224474460723,9.759743053260058,1047.7784291222376,0.0,75,0.0,1.0
0.03999999999999904,9.546458175673571,9.722444562021277,1039.785210877348,0.0,75,0.0,1.0
0.05999999999999823,9.570878531859803,9.459010285725155,984.2016314399971,0.0,75,0.0,1.0
0.07999999999999742,9.592839021114528,9.101791378424386,911.2686692599652,0.0,75,0.0,1.0
0.0999999999999966,9.613174916660133,8.73033644176194,838.4065182499219,0.0,75,0.0,1.0
0.11999999999999579,9.632679985317592,8.388610695506063,774.0566834083459,0.0,75,0.0,1.0
0.14000000000000018,9.652335930622495,8.097969745230595,721.3482539413707,0.0,75,0.0,1.0
0.1600000000000063,9.672852490154117,7.866834084945334,680.7578637206346,0.0,75,0.0,1.0
0.18000000000001243,9.694491485344203,7.6963617994714735,651.5738344320015,0.0,75,0.0,1.0
0.20000000000001855,9.717160429632337,7.583020241056637,632.5241557390214,0.0,75,0.0,1.0
0.22000000000002468,9.740487578845801,7.519636053617039,621.9941901674296,0.0,75,0.0,1.0
0.2400000000000308,9.763943240100316,7.496230883097873,618.1282519798134,0.0,75,0.0,1.0
0.26000000000003,9.786961769578516,7.501237612882643,618.9542229741783,0.0,75,0.0,1.0
0.28000000000002223,9.809045766367706,7.523243857156989,622.5911794767541,0.0,75,0.0,1.0
0.3000000000000145,9.82983112835182,7.552803793539992,627.4932965808331,0.0,75,0.0,1.0
0.3200000000000067,9.849101110900195,7.583706211001678,632.6385988426397,0.0,75,0.0,1.0
0.33999999999999897,9.866778451697822,7.613328193224218,637.5904279551701,0.0,75,0.0,1.0
0.3599999999999912,9.882918533968853,7.642067532141583,642.413157823938,0.0,75,0.0,1.0
0.37999999999998346,9.897701855844309,7.672174478936304,647.484873587657,0.0,75,0.0,1.0
0.3999999999999757,9.911404775992294,7.706447675903067,653.2826935957495,0.0,75,0.0,1.0
0.41999999999996795,9.924354084314173,7.747180535938668,660.2068688206964,0.0,75,0.0,1.0
0.4399999999999602,9.936839470275249,7.795557806403292,668.4779366427284,0.0,75,0.0,1.0
0.45999999999995245,9.949042261095721,7.85150123701181,678.1067884227778,0.0,75,0.0,1.0
0.4799999999999447,9.961014934323078,7.913850458891053,688.9193199425915,0.0,75,0.0,1.0
0.49999999999993694,9.972709019931216,7.98072991691278,700.6125500737733,0.0,75,0.0,1.0
0.5199999999999569,9.984028170495888,8.049973156592795,712.8227460405103,0.0,75,0.0,1.0
0.5399999999999769,9.994877373946784,8.119515286717858,725.1918134036948,0.0,75,0.0,1.0
0.559999999999997,10.005191768338374,8.18768708507672,737.4204178344532,0.0,75,0.0,1.0
0.580000000000017,10.014946572431736,8.25336707428029,749.2987486909539,0.0,75,0.0,1.0
0.600000000000037,10.024160732561363,8.315985465453585,760.7117568779879,0.0,75,0.0,1.0
0.620000000000057,10.032895386506427,8.375412515061825,771.6228827719966,0.0,75,0.0,1.0
0.640000000000077,10.041243506191444,8.431791973233922,782.0462746788121,0.0,75,0.0,1.0
0.660000000000097,10.049307697876028,8.485382627196863,792.0189016292777,0.0,75,0.0,1.0
0.680000000000117,10.05717350986638,8.536443948469776,801.5796281390287,0.0,75,0.0,1.0
0.700000000000137,10.064886846740338,8.585168547890593,810.7563089525886,0.0,75,0.0,1.0
0.720000000000157,10.07244863321995,8.631660520478468,819.5611967486527,0.0,75,0.0,1.0
0.740000000000177,10.07982462113966,8.675943100636777,827.991875540356,0.0,75,0.0,1.0
0.760000000000197,10.086964165786656,8.717986919723783,836.0362552572246,0.0,75,0.0,1.0
0.780000000000217,10.093819424602849,8.757755310377108,843.6810588408229,0.0,75,0.0,1.0
0.800000000000237,10.100359532002402,8.795256661765114,850.9219372095598,0.0,75,0.0,1.0
0.820000000000257,10.106576849194214,8.830578570210003,857.7702967311735,0.0,75,0.0,1.0
0.840000000000277,10.112484440772258,8.86389416122952,864.2548167162665,0.0,75,0.0,1.0
0.860000000000297,10.118113603053587,8.89543574028496,870.4165471049292,0.0,75,0.0,1.0
0.880000000000317,10.123503950825308,8.92544642357979,876.299532462126,0.0,75,0.0,1.0
0.900000000000337,10.128690815793847,8.954130172114693,881.9409185309219,0.0,75,0.0,1.0
0.920000000000357,10.133696564774064,8.981619527691231,887.3643827422491,0.0,75,0.0,1.0
0.940000000000377,10.138526649253455,9.00797087335316,892.578931806968,0.0,75,0.0,1.0
0.960000000000397,10.143170870034627,9.033186801880914,897.5831017744309,0.0,75,0.0,1.0
0.980000000000417,10.147609665640722,9.057254511118018,902.3724520708446,0.0,75,0.0,1.0
1.000000000000437,10.151822078426147,9.08018200771257,906.946758225058,0.0,75,0.0,1.0
1.020000000000457,10.15579265120139,9.102021806798989,911.3148106858878,0.0,75,1.1588840120019493e-6,1.0
1.040000000000477,10.159512608148718,9.12287650280936,915.4956325406226,0.0,75,1.9420151039912264e-5,1.0
1.060000000000497,10.162984905048827,9.142892854393589,919.5173872161348,0.0,75,9.654224805474714e-5,1.0
1.080000000000517,10.166221764563534,9.162237239386219,923.4125035387515,0.0,75,0.0002949446508612732,1.0
1.100000000000537,10.169238719081907,9.181058980992795,927.210284137153,0.0,75,0.0006919308436314488,1.0
1.120000000000557,10.172047936986507,9.199452606246858,930.9292108004032,0.0,75,0.0013749878205669094,1.0
1.140000000000577,10.174654074151398,9.217435635641756,934.5723166691839,0.0,75,0.0024379883815969787,1.0
1.160000000000597,10.177053868120456,9.234954361211967,938.1282025903472,0.0,75,0.003978148518118627,1.0
1.180000000000617,10.179237963052644,9.251917710324333,941.5777945047436,0.0,75,0.006093614484647589,1.0
1.200000000000637,10.181193826929766,9.268247441487649,944.9045170030658,0.0,75,0.008881573244403286,1.0
1.220000000000657,10.182909296804334,9.283922729767314,948.1034337751918,0.0,75,0.012436796308011817,1.0
1.240000000000677,10.184375517374908,9.298995702727046,951.1845318726967,0.0,75,0.016850540940610382,1.0
1.260000000000697,10.18558882284383,9.31357823044369,954.1701340005409,0.0,75,0.02220974462694734,1.0
1.280000000000717,10.18655183395865,9.32780858753139,957.0881435018678,0.0,75,0.028596458844263192,1.0
1.300000000000737,10.1872714384744,9.341811544791195,959.9638723223345,0.0,75,0.03608747684700573,1.0
1.320000000000757,10.187755904473219,9.355667891630665,962.8137386833787,0.0,75,0.04475411752980385,1.0
1.340000000000777,10.188010749581641,9.36940004991085,965.6422302479638,0.0,75,0.054662133690076824,1.0
1.360000000000797,10.188036568487433,9.382971587636655,968.4417139583642,0.0,75,0.06587171831809775,1.0
1.380000000000817,10.18782888164884,9.39630359037069,971.1957327865445,0.0,75,0.07843758703709316,1.0
1.400000000000837,10.187380879889439,9.409308082253357,973.8858644543418,0.0,75,0.0924091186167611,1.0
1.420000000000857,10.186685616120188,9.421925010208504,976.4993798779178,0.0,75,0.10783053869168077,1.0
1.440000000000877,10.185738848594182,9.434154763445589,979.036037107074,0.0,75,0.12474113451846339,1.0
1.460000000000897,10.184538924008798,9.446065322993322,981.5096509488262,0.0,75,0.14317549087687334,1.0
1.480000000000917,10.183087015157918,9.457771199046386,983.9437965886243,0.0,75,0.1631637391246578,1.0
1.500000000000937,10.181385740055095,9.469391805003104,986.3631927232594,0.0,75,0.1847318130084426,1.0
1.520000000000957,10.179438172124378,9.481009730812888,988.7850006734552,0.0,75,0.20790170616089398,1.0
1.540000000000977,10.177246396683218,9.492644280693403,991.2132498375929,0.0,75,0.23269172731775412,1.0
1.560000000000997,10.174810148342408,9.50425287171691,993.6390491449303,0.0,75,0.25911675020180336,1.0
1.580000000001017,10.17212626703059,9.515752003883765,996.044898193597,0.0,75,0.28718845577382046,1.0
1.600000000001037,10.169189812539145,9.52705312313611,998.4121533216324,0.0,75,0.31691556516829433,1.0
1.620000000001057,10.165995016852941,9.538098567653801,1000.7285671490744,0.0,75,0.34830406213550547,1.0
1.640000000001077,10.162537128014444,9.548884186458855,1002.9930812704438,0.0,75,0.3813574042198964,1.0
1.660000000001097,10.158813261299999,9.559464039353685,1005.2168799166591,0.0,75,0.41607672223293,1.0
1.680000000001117,10.154822429323005,9.569935259472624,1007.4202695754709,0.0,75,0.4524610078401,1.0
1.700000000001137,10.150564620476574,9.580408573031306,1009.6265126883293,0.0,75,0.4905072892876434,1.0
1.720000000001157,10.14604021837965,9.590980058974203,1011.855883408049,0.0,75,0.5302107954542331,1.0
1.740000000001177,10.141264867321201,9.601882393204894,1014.1576004223195,0.0,75,0.5715651085346032,1.0
1.760000000001197,10.13623562299241,9.61330218899116,1016.5713687454844,0.0,75,0.6145623057523851,1.0
1.780000000001217,10.130897122392195,9.62459929706985,1018.9620279207319,0.0,75,0.6591930905641498,1.0
1.800000000001237,10.125198490852483,9.634229434378186,1021.0021447366294,0.0,75,0.7054469138605222,1.0
1.820000000001257,10.119136172279834,9.64158525151662,1022.5618277848909,0.0,75,0.7533120856973304,1.0
1.840000000001277,10.112862361835404,9.649626814506272,1024.268274251623,0.0,75,0.8027758781033579,1.0
1.860000000001297,10.106437272420694,9.662062029300948,1026.9098692386508,0.0,75,0.8538246195142403,1.0
1.880000000001317,10.099908556463408,9.675762896552543,1029.8242639333314,0.0,75,0.9064437813766963,1.0
1.900000000001337,10.093800759226419,9.695785966165486,1034.0909205186076,0.0,75,0.9606180574555241,1.0
1.920000000001357,10.08855962341915,9.73780410215142,1043.0731160506473,0.0,75,1.0163314363592326,1.0
1.940000000001377,10.083802937345201,9.806801950352652,1057.9070094278463,0.0,75,1.0735672677800954,1.0
1.960000000001397,10.08137931054698,9.912424227247108,1080.8176946700696,0.05083604998925925,75,1.1323083229218642,1.0
1.980000000001417,10.085185382464815,10.260681242395108,1158.0973751384272,0.0,75,1.19253684956429,1.0
2.000000000001437,10.098346773497134,11.003647150774,1331.8827568061045,0.0,75,1.254234622188528,1.0
2.020000000001346,10.120617743945099,12.045365520561683,1595.9991357632985,2.731534579991428,75,1.3173829875621752,1.0
2.040000000001255,10.145529348895533,12.930159545582846,1839.079284616499,0.0,75,1.3819629061573453,1.0
2.060000000001164,10.159546985889179,13.153520447625052,1903.1661018269938,91.87819479454915,74,1.4479549897503237,1.0
2.080000000001073,10.16491467649841,12.97633709171034,1852.2385674946731,830.7221828930302,73,1.5153395355271222,1.0
2.100000000000982,10.177311245113016,13.170346848253018,1908.0383971361703,1221.5114056438472,73,1.5840965569959173,1.0
2.120000000000891,10.202793233231144,14.087426282339104,2183.011371863724,1261.1977843676234,72,1.6542058119849554,1.0
2.1400000000008,10.23496803095065,15.515112481455148,2647.9058684342585,1760.3885994169325,73,1.725646827983261,1.0
2.160000000000709,10.277785324736554,16.659077355669243,3052.773441763889,2349.369067732527,74,1.7983989250613786,1.0
2.180000000000618,10.318047909426856,16.727033640209303,3077.7301984076307,1535.4804485463944,73,1.87244123659028,1.0
2.200000000000527,10.325588841438746,16.036947286532747,2829.0204609813304,1217.8491733929216,74,1.9477527279589804,1.0
2.220000000000436,10.312561959809395,15.403195395851611,2609.8427124306268,46.60515378221605,74,2.0243122134745497,1.0
2.240000000000345,10.325581346922355,15.512668356104507,2647.0716747913475,15.985432156251079,73,2.1020983716128914,1.0
2.260000000000254,10.359585524974607,16.212864061829706,2891.426571961061,0.0,75,2.1810897587740734,1.0
2.280000000000163,10.405242726034485,16.659530670316347,3052.939583707321,0.0,75,2.2612648216828943,1.0
2.3000000000000718,10.446416508959434,15.874638622391306,2772.045665306695,0.0,75,2.3426019085627203,1.0
2.3199999999999807,10.436547776806016,14.690152230635038,2373.8062981515473,0.0,75,2.4250792791995144,1.0
2.3399999999998897,10.400456300449862,13.711451133148532,2068.042813943922,0.0,75,2.508675114002319,1.0
2.3599999999997987,10.409687351626857,13.50581592928635,2006.4777030734137,0.0,75,2.5933675221569494,1.0
2.3799999999997077,10.448227623144303,13.912048329128046,2128.995975831939,4.918142406354787,75,2.6791345489606773,1.0
2.3999999999996167,10.494129082962164,13.938918977459835,2137.2280848620894,0.0,75,2.765954182417633,1.0
2.4199999999995256,10.523066930497865,12.964953148578434,1848.9901115931725,525.2288992933371,74,2.853804359167351,1.0
2.4399999999994346,10.454796590159154,11.734545082649438,1514.6950312640531,1210.5857263607932,74,2.9426629698119036,1.0
2.4599999999993436,10.371254996583756,11.247858388098065,1391.6575015057879,5349.784246778601,74,3.0325078637010696,1.0
2.4799999999992526,10.378920748622198,11.365922394049985,1421.0261105432364,6699.400937242361,73,3.1233168532292233,1.0
2.4999999999991616,10.421502106092806,11.70011801872403,1505.820378172778,7962.196330443505,73,3.215067717692533,1.0
2.5199999999990705,10.474946828795844,11.498742320660682,1454.431824526483,1181.1930035574637,74,3.3077382067504963,1.0
2.5399999999989795,10.458317751036352,10.458477854660693,1203.1773494007093,216.231986127162,73,3.401306043531336,1.0
2.5599999999988885,10.262733910533715,9.461881458660855,984.7992081152507,310.7654321036973,74,3.4957489274172326,1.0
2.5799999999987975,10.16178703734533,8.979047868613467,886.8563068953724,1965.329057313677,68,3.5910445365416606,1.0
2.5999999999987065,10.210547095753407,8.939459861833873,879.0533688347277,4639.8596142349215,70,3.687170530027942,1.0
2.6199999999986154,10.2590234967626,8.311191132452855,759.8348784417926,1037.9016059074286,71,3.7841045499954307,1.0
2.6399999999985244,10.285769147667873,7.883772857345376,683.6926191283724,2770.642326681362,72,3.881824223356878,1.0
2.6599999999984334,10.197652701947177,7.390617097775709,600.8334319452811,3374.87945144477,71,3.9803071634284097,1.0
2.6799999999983424,9.931380035699373,6.89350444843133,522.7244393859679,196.9214680361602,69,4.079530971371275,1.0
2.6999999999982514,9.766058630102876,6.604187097005091,479.76815933473375,1018.9265114216661,67,4.179473237482626,1.0
2.7199999999981603,9.788724855649724,6.445794000064822,457.03086320398825,921.5284370326508,70,4.2801115423509755,1.0
2.7399999999980693,9.842381567649497,6.266444313539413,431.95156768159495,545.2845310026094,70,4.381423457890176,1.0
2.7599999999979783,9.816832716522665,6.018386068788296,398.4306796028355,2902.8243388711744,64,4.4833865482646,1.0
2.7799999999978873,9.649850584857509,5.725492057340759,360.5938522853933,5577.705966317458,64,4.585978370716711,1.0
2.7999999999977963,9.513494940087128,5.409717209575295,321.91544316332624,8015.23956447455,68,4.6891764763072805,1.0
2.8199999999977052,9.420796064467684,5.3153193572255155,310.77881856225895,19729.427534595405,68,4.792958410577267,1.0
2.839999999997614,9.391735732184818,5.370988330611773,317.32267212324626,10375.413125328083,67,4.8973017141395605,1.0
2.859999999997523,9.465032461271642,5.73389122780725,361.6525947355743,12103.383040651446,59,5.002183923207942,1.0
2.879999999997432,9.488417439245946,6.665153683889426,488.66700992851264,14342.511631574216,61,5.107582570069777,1.0
2.899999999997341,9.465529605299109,7.803410938179508,669.8254449710954,9468.2373993454,57,5.213475183508465,1.0
2.91999999999725,9.33990744393224,8.127836040305578,726.6789056789928,9220.507879642932,58,5.319839289180874,1.0
2.939999999997159,9.207905878815332,8.045107095171902,711.961229900638,5932.173410159634,65,5.426652409954383,1.0
2.959999999997068,9.194681572480103,7.819043086722135,672.5117827121893,5718.288196703,63,5.5338920662080024,1.0
2.979999999996977,9.224594651298105,7.558475351375883,628.4360460109245,7378.840906504727,58,5.64153577610126,1.0
2.999999999996886,9.21763158743866,7.704373600222807,652.9310982899116,5891.204699125787,64,5.749561055814256,1.0
3.019999999996795,9.207480120137783,7.824550491074376,673.4594942610948,6482.353398374562,60,5.8579454197619585,1.0
3.039999999996704,9.123070412445518,7.790828020483658,667.6670136922864,6753.8877826139,59,5.966666380785524,1.0
3.059999999996613,8.96837348889315,7.6260607773241516,639.7248327738603,6302.23733161225,65,6.0757014503230025,1.0
3.079999999996522,8.927734581163545,7.590978447682226,633.8524917249366,9259.035758173492,65,6.185028138561681,1.0
3.099999999996431,8.90631953686853,7.738188210778374,658.6751246397237,10546.182955212507,67,6.294623954574013,1.0
3.11999999999634,8.909381411484024,8.329577918036494,763.2005512190528,11872.063429822796,63,6.404466406438886,1.0
3.139999999996249,8.909446558825142,9.316790881548968,954.8285156356541,9424.724762225675,62,6.514533001349811,1.0
3.159999999996158,8.947577251228154,10.073202718369988,1116.1635430591416,14541.81413806867,64,6.624801245711356,1.0
3.179999999996067,8.987059028580688,11.009995931990703,1333.4201146469702,16747.10906601122,64,6.7352486452251865,1.0
3.199999999995976,8.975854994642145,11.297162043196355,1403.884572532601,9430.952087530246,67,6.845852704966803,1.0
3.219999999995885,8.957541232614895,11.237480105702607,1389.0905503866807,9302.155895123533,68,6.956590929453919,1.0
3.239999999995794,8.917576661837156,11.336771198056397,1413.7461931678918,7152.292739454435,64,7.067440822707423,1.0
3.259999999995703,8.894651805814988,11.199321941816716,1379.672931521031,5204.753823382658,61,7.178379888305767,1.0
3.2799999999956118,8.92649477823824,10.937961977631845,1316.0291344653194,4841.004101786463,70,7.289385629433361,1.0
3.2999999999955207,8.969322211500613,10.583006704737082,1232.0003400376104,3365.909742864395,64,7.400435548923739,1.0
3.3199999999954297,9.014934144630331,10.216510780389248,1148.1480177839069,6477.484579358847,65,7.511507149298064,1.0
3.3399999999953387,9.04846731733171,10.226698476467385,1150.4389790143837,10404.085849942096,68,7.622577932799393,1.0
3.3599999999952477,9.052538345146111,10.654481273125379,1248.6976831931734,12941.088563239793,67,7.733625401423196,1.0
3.3799999999951567,9.061581393613801,11.554062785172507,1468.460035280791,16348.566396152808,62,7.844627056944534,1.0
3.3999999999950656,9.068743250782957,13.310227142013721,1948.7836122919864,22873.581281968232,61,7.955560400942377,1.0
3.4199999999949746,9.151109914290538,16.320358034755028,2929.894950208523,25671.17428788273,60,8.066402934821035,1.0
3.4399999999948836,9.245145157476431,18.372101419876778,3712.875216404622,19861.800371963294,59,8.177132159829528,1.0
3.4599999999947926,9.301775390313209,18.659961758676634,3830.1359011880177,9863.627029199813,58,8.287725577078598,1.0
3.4799999999947016,9.297148514271763,17.685288115923875,3440.4635731756207,2920.5734030874173,61,8.398160687555974,1.0
3.4999999999946105,9.272404586671898,16.708296732316594,3070.8389766465552,3702.2839071520316,56,8.50841499213995,1.0
3.5199999999945195,9.24844370922996,16.260000823699155,2908.263894653669,5366.578019443188,56,8.618465991611457,1.0
3.5399999999944285,9.238461072395168,15.918623761330124,2787.428407002624,4710.125009474836,54,8.728291186664782,1.0
3.5599999999943375,9.264427128790784,15.482326045983374,2636.726617735487,1193.855767216764,60,8.837868077917229,1.0
3.5799999999942465,9.36237614382342,14.60817551593049,2347.3867109465414,2808.8475427410303,60,8.947174165917513,1.0
3.5999999999941554,9.385128905331499,13.76623341115559,2084.601005634581,1182.3516052924056,60,9.056186951153444,1.0
3.6199999999940644,9.27042988911827,12.98885152257388,1855.8129026301676,507.84621604707695,69,9.164883934058569,1.0
3.6399999999939734,9.130454491948777,12.70779314070656,1776.3680715768755,949.329041245516,70,9.273242615018285,1.0
3.6599999999938824,9.12765541060636,12.323146059569055,1670.4592168601955,2501.990052502609,70,9.381240494375069,1.0
3.6799999999937913,9.125167417275573,11.696449371885096,1504.876206999784,935.8034680081269,69,9.48885507243331,1.0
3.6999999999937003,9.155878683271023,11.075466346812352,1349.3255027931023,826.407287848612,69,9.596063849463519,1.0
3.7199999999936093,9.173869503754386,10.597623541892984,1235.4058720925284,1394.7411411146566,72,9.702844325706081,1.0
3.7399999999935183,9.131837098525855,10.088411957284052,1119.5366140185902,974.9931721676245,71,9.809174001374593,1.0
3.7599999999934273,8.979513054393701,9.585309752691307,1010.6597936054299,1591.7186092735146,69,9.915030376658821,1.0
3.7799999999933362,8.871541293010745,9.17386092419601,925.756966821395,4522.497895843502,67,10.0203909517274,1.0
3.7999999999932452,8.84156721145288,8.818945847130943,855.5118644009091,3607.5283081096804,68,10.125233226730103,1.0
3.819999999993154,8.822554883955851,8.55192961184324,804.490500945134,431.1785475076598,66,10.229534701800041,1.0
3.839999999993063,8.828879282646763,8.301254743633958,758.0191335057582,665.177627493847,66,10.333272877055425,1.0
3.859999999992972,8.802942316820356,7.962848191885968,697.4764645972379,776.0409539433239,57,10.43642525260131,1.0
3.879999999992881,8.74317124112959,7.566383037316907,629.7516749413672,991.3814022186776,55,10.538969328530948,1.0
3.89999999999279,8.694420281094695,7.262597205224785,580.1984998187274,3166.1612790969034,65,10.640882604927207,1.0
3.919999999992699,8.634226346674556,7.041196843420479,545.3629828657397,3083.710039894371,66,10.742142581863662,1.0
3.939999999992608,8.556121305705107,6.892208589263433,522.527931617083,2600.566151119695,61,10.84272675940571,1.0
3.959999999992517,8.513675261864341,6.796183073340021,508.0691480298876,2578.464437624471,62,10.942612637611377,1.0
3.979999999992426,8.513884291964878,6.708219847974574,495.00234881636015,1296.927652538577,64,11.041777716532204,1.0
3.999999999992335,8.538557359898507,6.594251492049464,478.3256801443624,2917.6375223987316,52,11.14019949621399,1.0
4.019999999992466,8.541295672128928,6.417161468083611,452.97957438202707,774.5701254096681,50,11.237855476697392,1.0
4.039999999992597,8.518331760808982,6.243552321539222,428.8014015097759,529.2975964117716,62,11.334723158018477,1.0
4.059999999992728,8.455157879319444,6.0938777386660306,408.48880483190356,3282.581042295914,61,11.430780040209335,1.0
4.079999999992859,8.391611269487607,5.977869241445266,393.08412734599136,2189.4123160126614,63,11.526003623298408,1.0
4.09999999999299,8.381656617182387,5.939614359884543,388.06920618561344,2127.6828605376995,61,11.620371407310978,1.0
4.119999999993121,8.412448348474438,5.92151347992193,385.7075408218683,2481.3740184069047,65,11.713860892269421,1.0
4.139999999993252,8.451334642283559,5.8928597544331405,381.98375693959593,2182.359752354673,58,11.806449578193705,1.0
4.159999999993383,8.50317825422624,5.825547094443231,373.3069884453357,1152.7018884410775,49,11.89811496510147,1.0
4.179999999993514,8.525904976024291,5.7090057440934485,358.5202124470119,2116.4579176194343,60,11.988834553008447,1.0
4.199999999993645,8.520615748756923,5.637416553451728,349.5851193684472,1990.7715269022522,64,12.078585841928547,1.0
4.219999999993776,8.477007499284232,5.599316896754411,344.8758468130739,2750.0094045913265,61,12.167346331874082,1.0
4.239999999993907,8.45178605814723,5.587256468697913,343.3917833170734,2884.5664458988813,58,12.255093522856072,1.0
4.259999999994038,8.44605265980993,5.634948965583781,349.279148292071,2070.780562799017,59,12.34180491488423,1.0
4.279999999994169,8.471402920716297,5.723043923976007,360.28554931334565,1102.8609637361928,60,12.427458007967202,1.0
4.2999999999943,8.527620378155124,5.694446507346775,356.6939312753728,1470.8682937245994,54,12.512030302112665,1.0
4.319999999994431,8.489581227235162,5.574809451272685,341.86350459799183,4010.982533036454,65,12.595499297327416,1.0
4.339999999994562,8.406607966240198,5.524054867579827,335.6670039803562,3728.3380529929836,63,12.67784249361749,1.0
4.3599999999946935,8.342210732892587,5.754743718097426,364.28782787079973,4209.407262488287,60,12.759037390988262,1.0
4.3799999999948245,8.3303201058282,5.8835495109913625,380.7777033311537,2805.864272610845,60,12.839061489444472,1.0
4.3999999999949555,8.290243804197196,6.023568491584698,399.1171511009315,2457.5652136694753,55,12.917892288990295,1.0
4.4199999999950865,8.27260896165758,6.096789011579795,408.87919876892147,2721.1251566406613,61,12.99550728962954,1.0
4.4399999999952176,8.267419270962279,6.028012248074219,399.70624829226085,4866.158288097784,61,13.071883991365507,1.0
4.459999999995349,8.253704162176334,6.005593620576071,396.738702090544,8730.313572962077,58,13.14699989420111,1.0
4.47999999999548,8.22491193897901,6.3690238149548,446.2091079100754,9128.032982753466,62,13.220832498139014,1.0
4.499999999995611,8.19743690726959,7.013776746055402,541.1237066785826,11022.806419284752,64,13.29335930318151,1.0
4.519999999995742,8.187548921374038,7.610503970532697,637.1174775404335,8207.23801806833,65,13.364557809330625,1.0
4.539999999995873,8.163891818957882,8.029897844741559,709.2718533668365,7539.221755765159,66,13.434405516588232,1.0
4.559999999996004,8.138436965405122,8.74478903323251,841.1846875931792,11045.589879936468,66,13.502879924955922,1.0
4.579999999996135,8.162081741890539,9.874932892086818,1072.6572958553993,10052.967253789297,63,13.569958534435157,1.0
4.599999999996266,8.22935318490887,10.773940507207978,1276.855734581426,12149.026762783851,58,13.635618845027178,1.0
4.619999999996397,8.259251730746424,11.592804231967127,1478.3242095678645,10916.913651859377,60,13.699838356733126,1.0
4.639999999996528,8.25806381807413,12.548856034343029,1732.211665477342,7372.600855023306,62,13.76259456955402,1.0
4.659999999996659,8.262299594551752,13.536862407778827,2015.7130823184914,6372.655548392285,61,13.823864983490699,1.0
4.67999999999679,8.249467989847702,14.218562157308346,2223.842608033651,6626.760257294932,64,13.883627098543984,1.0
4.699999999996921,8.23844895638716,14.947758059648656,2457.790181107705,8113.442267955026,61,13.9418584147146,1.0
4.719999999997052,8.269692378012003,15.679043436967918,2704.1564340815944,7159.768507167112,63,13.99853643200313,1.0
4.739999999997183,8.355932705045088,15.891538960119354,2777.9511157309043,2197.6590042100743,64,14.053638650410138,1.0
4.759999999997314,8.425658452822093,15.65102589194918,2694.5007261750998,2562.488360802637,61,14.10714256993612,1.0
4.779999999997445,8.424209238871837,15.361641881880368,2595.7804543785514,945.2103327781936,67,14.159025690581476,1.0
4.799999999997576,8.384361600008226,15.151014710034588,2525.085714180529,2501.348896444282,61,14.209265512346592,1.0
4.819999999997707,8.348110428748013,15.23991195663189,2554.804080904808,3113.284485594248,63,14.257839535231843,1.0
4.839999999997838,8.318716471023158,15.229420895254965,2551.2878688531137,2192.8541440674635,65,14.304725259237498,1.0
4.859999999997969,8.294755030527714,15.230901815222191,2551.784071154325,1863.320822131525,63,14.349900184363822,1.0
4.8799999999981,8.30031404860442,15.002837406208924,2475.936432608559,1629.1607799462508,64,14.393341810611085,1.0
4.899999999998231,8.339084692193783,14.672579556670932,2368.1304993152153,1397.1069377328001,64,14.435027637979463,1.0
4.919999999998362,8.338730364021133,14.32777260791677,2258.1357469458717,456.86422459032707,66,14.474935166469173,1.0
4.939999999998493,8.276892967818592,14.01369671688908,2160.2206524024255,2253.9217833671382,68,14.513041896080344,1.0
4.959999999998624,8.224684110456224,13.74248151001266,2077.413778583438,3355.6191767495648,66,14.549325326813145,1.0
4.979999999998755,8.229123871652925,13.570312652673945,2025.687240404548,4174.611615051086,68,14.583762958667709,1.0
4.999999999998886,8.203381088686552,13.312232536750994,1949.3708862378498,3299.4004839329536,70,14.616332291644122,1.0
5.019999999999017,8.214121529618653,13.055135547308135,1874.8022057444732,1798.1739201456903,68,14.647011989094082,1.0
5.039999999999148,8.281110076384078,12.80735835386119,1804.312708046398,622.7993097604052,70,14.675795635874035,1.0
5.059999999999279,8.348321379266595,12.5591365831306,1735.0510288510231,1359.6539476650298,63,14.70270321454738,1.0
5.07999999999941,8.350775635301668,12.329829523155958,1672.271656770971,1233.7060454508428,63,14.72777643332505,1.0
5.099999999999541,8.328256901297998,12.132122277570328,1619.0723005371008,1709.7604321254441,67,14.751073315110768,1.0
5.119999999999672,8.300611105602137,11.957349685769671,1572.7603265855366,2470.507782817271,67,14.772663761743766,1.0
5.139999999999803,8.266971328810142,11.808977657099415,1533.971486364605,3927.763253296617,66,14.7926259385406,1.0
5.159999999999934,8.247239986756478,11.692515780388643,1503.8641780210119,6394.844258295808,62,14.811043347227292,1.0
5.180000000000065,8.29503011650201,11.58576086667813,1476.5284034583542,2828.932675714452,63,14.828002475072319,1.0
5.2000000000001965,8.387860371174494,11.356984231533104,1418.7919991882075,2244.3720787085113,55,14.843590924931153,1.0
5.2200000000003275,8.42699940968117,11.092625672019313,1353.5097872949611,2143.706610249768,51,14.85789594538735,1.0
5.2400000000004585,8.40767548941712,10.879938284283657,1302.1036277680334,1863.689328865738,64,14.871003292557072,1.0
5.2600000000005895,8.344476966950015,10.739748208690393,1268.7641074467535,6885.535033239012,58,14.882996365710525,1.0
5.280000000000721,8.292639507060244,10.617697542837062,1240.09051222285,10131.202345945761,53,14.893955567901966,1.0
5.300000000000852,8.253890708158494,10.226962093621983,1150.4982903081905,11419.16426949825,51,14.903957850511066,1.0
5.320000000000983,8.256523902332141,9.590482224366648,1011.750842254819,11661.048003674023,50,14.91307640716811,1.0
5.340000000001114,8.28100797869179,8.652685478075067,823.5586258074028,7126.469522191388,54,14.921380488127276,1.0
5.360000000001245,8.335294343430547,7.592101708050721,634.0400917992533,5204.541321659012,48,14.928935310903258,1.0
5.380000000001376,8.326356516350321,6.608086825866409,480.33492648008115,7172.779168829374,52,14.935802047020621,1.0
5.400000000001507,8.240941388311724,5.757947243689834,364.69352107226894,7661.622048565461,42,14.942037868141782,1.0
5.420000000001638,8.186969506064756,4.7804128028365245,251.3758122207569,7458.288711147291,47,14.947696037731841,1.0
5.440000000001769,8.199637489944527,4.011720275855258,177.0328952887901,7419.310727980411,64,14.95282603685943,1.0
5.4600000000019,8.178203948729111,3.6712585378996176,148.25953177310922,4703.544251796467,48,14.95747371479136,1.0
5.480000000002031,8.178317468232931,3.6402614667341173,145.7665390080815,1922.6936926650196,55,14.961681456769126,1.0
5.500000000002162,8.215780520305755,3.7039534987362663,150.9119867288069,1716.0969126649227,53,14.965488362808252,1.0
5.520000000002293,8.23997872027814,3.7083995142456465,151.27449652983083,3403.1677328675873,50,14.968930432575837,1.0
5.540000000002424,8.21324947000882,3.7574593985704086,155.30351245095608,3230.7946388740693,58,14.972040752417296,1.0
5.560000000002555,8.175849148104149,3.8184719143650914,160.38800536874507,2600.678920299414,59,14.974849681445308,1.0
5.580000000002686,8.16836266810762,3.8984659982296876,167.17840853288294,1373.132335870189,58,14.977385034304058,1.0
5.600000000002817,8.14457680148791,3.9871840375193486,174.87400203954004,1810.9766906395253,57,14.979672258798875,1.0
5.620000000002948,8.140154086110105,4.1265867190976095,187.31589745256053,2011.2270236184945,51,14.98173460705449,1.0
5.640000000003079,8.223427841048228,4.284468104378408,201.92333631179497,4011.8271409643025,60,14.983593299253458,1.0
5.66000000000321,8.327751959137368,4.39031948957956,212.0239574264034,6613.130924931698,47,14.985267679320149,1.0
5.680000000003341,8.348011939130437,4.448414394172723,217.67229684511386,6480.437641784045,48,14.986775362169052,1.0
5.700000000003472,8.323881701949364,4.536682657567565,226.39638489021732,2724.581744843839,51,14.988132372338749,1.0
5.720000000003603,8.268635018319555,4.629500786851726,235.75505289006827,3135.18713080998,45,14.989353273992734,1.0
5.740000000003734,8.20272495891729,4.71427164705006,244.46792878398094,3555.2949917114197,42,14.990451292392748,1.0
5.760000000003865,8.157536425951655,4.790213226727723,252.4075703326895,3948.76220142253,34,14.991438427045788,1.0
5.780000000003996,8.156425976329981,4.882556663845752,262.23295533231015,2824.5022382416905,52,14.99232555679759,1.0
5.800000000004127,8.1766340261944,4.948722263955844,269.3883725034948,2109.2225150425834,39,14.993122537196678,1.0
5.820000000004258,8.189462736833752,5.010263953692675,276.1301937423937,2343.1358297075944,32,14.993838290489132,1.0
5.840000000004389,8.151318122585304,5.012190230592888,276.3425599841587,2770.5656065792286,56,14.994480888626967,1.0
5.86000000000452,8.081816050631884,5.000834946025751,275.0918517313162,3653.16516570878,50,14.995057629685089,1.0
5.880000000004651,8.04679923187969,5.006960451665212,275.76618260993456,5559.807632735503,55,14.995575108086314,1.0
5.900000000004782,8.060698399455093,5.007953006119084,275.8755264264688,5588.841717501505,54,14.99603927903113,1.0
5.920000000004913,8.055597207011399,5.019540223853929,277.1536246477631,5763.157787205902,52,14.99645551752181,1.0
5.940000000005044,8.0503042204063,5.06079335993448,281.72792375152613,3871.8939560097433,48,14.996828672359241,1.0
5.960000000005175,8.055523700781476,5.092601933947193,285.28053903406953,3575.813668350797,53,14.997163115476608,1.0
5.980000000005306,8.04917427473248,5.109390524181417,287.1645868145434,6082.983327242661,58,14.997462786958566,1.0
6.000000000005437,8.023929732928181,5.099455718727815,286.048934899924,5918.592089602075,55,14.997731236076739,1.0
6.0200000000055685,8.015988398302582,5.093466719519322,285.37743545136016,4417.147755264152,54,14.99797165865513,1.0
6.0400000000056995,8.034146180780578,5.199511555746894,297.38412460180035,3498.056007593581,60,14.998186931059452,1.0
6.0600000000058305,8.035884711088146,5.2485186326108515,303.0164262054961,4265.972127304865,53,14.998379641087356,1.0
6.0800000000059615,8.01417645653401,5.404631479228168,321.3104556889046,4880.172076321332,44,14.998552116017093,1.0
6.1000000000060925,8.042623545633813,5.802089779883317,370.30670395209074,7317.956754186343,58,14.99870644805528,1.0
6.120000000006224,8.109911126957543,6.262532701989082,431.41247427830945,9625.068514635792,42,14.998844517406868,1.0
6.140000000006355,8.149791806224423,6.774763798185694,504.8716697332819,13074.127750512329,42,14.998968013174087,1.0
6.160000000006486,8.132883527640107,7.2673124107719,580.9521264333521,12025.398420244934,45,14.999078452275448,1.0
6.180000000006617,8.061817952214978,7.952203658830213,695.612973346639,8755.385283052727,46,14.99917719656096,1.0
6.200000000006748,7.997204529167338,8.681839195309415,829.1176499453192,8964.141879342162,42,14.999265468285948,1.0
6.220000000006879,7.939562659802793,9.300269175475307,951.4450740992577,9408.454667703212,45,14.999344364092304,1.0
6.24000000000701,7.9262591392629735,9.886057490352332,1075.0754597280659,8560.96817117204,44,14.999414867634101,1.0
6.260000000007141,7.942507370436483,10.180356698510781,1140.0362875980466,4547.823408933323,45,14.999477860972673,1.0
6.280000000007272,7.9774450093216585,10.108872947472433,1124.08243494954,5133.097980952269,32,14.999534134855809,1.0
6.300000000007403,7.984283480910804,9.925693490537697,1083.7133039491264,6153.152095390679,49,14.999584397985684,1.0
6.320000000007534,7.953003495871641,9.774366824135056,1050.9207149402723,4599.798009481742,54,14.99962928537107,1.0
6.340000000007665,7.937151517901028,9.70011477363207,1035.0144928379864,3082.08233078918,41,14.999669365851014,1.0
6.360000000007796,7.971510453066731,9.660816640334437,1026.6451597397902,4200.898247574886,50,14.999705148868895,1.0
6.380000000007927,7.992074521906712,9.565519808998324,1006.4908613797327,3317.1112443552347,54,14.99973709056926,1.0
6.400000000008058,7.987856525981011,9.61286488650561,1016.4788845883377,2953.2015614243387,48,14.999765599282915,1.0
6.420000000008189,7.9814739179082,9.619499599516674,1017.882497996116,1956.845630131961,41,14.999791040459566,1.0
6.44000000000832,7.980228308513684,9.525404704188006,998.0666825642368,2879.324304557983,42,14.999813741102283,1.0
6.460000000008451,7.957476551964139,9.431476943003261,978.4803305904235,3168.5254446170957,44,14.999833993752334,1.0
6.480000000008582,7.930225222092226,9.349651705743554,961.5758572058469,2583.529569882081,42,14.999852060069106,1.0
6.500000000008713,7.92311483656587,9.29258039087766,949.872553530164,2293.547480731627,54,14.999868174044963,1.0
6.520000000008844,7.930771624330603,9.231115670001303,937.3484616423797,2525.4735164074987,51,14.999882544891323,1.0
6.540000000008975,7.920400709360806,9.159933737974718,922.9482469249624,3480.3853543924297,34,14.999895359628958,1.0
6.560000000009106,7.934913595477456,9.168605344221602,924.6965635389781,3606.6724978307147,31,14.999906785412035,1.0
6.580000000009237,8.016059798159976,9.305192590248534,952.4527005577785,4763.292939751297,47,14.999916971612562,1.0
6.600000000009368,8.089808040423835,9.401163379674607,972.2006018046836,9559.767338211903,30,14.999926051689624,1.0
6.620000000009499,8.096159097086963,9.706894349989273,1036.4617771403905,10253.041126660335,32,14.999934144865009,1.0
6.64000000000963,8.0638655502539,10.100003343033483,1122.110742822163,10146.645030741804,44,14.99994135762506,1.0
6.660000000009761,7.990425796602717,10.50771197061052,1214.5321194304279,8191.361938867395,41,14.999947785066222,1.0
6.680000000009892,7.936041469889805,10.763507282439738,1274.3839792104661,5866.363269167576,41,14.999953512100328,1.0
6.700000000010023,7.894789704765724,11.029700977176207,1338.1973401051396,4925.084072039438,33,14.999958614534226,1.0
6.720000000010154,7.901653608206388,11.197812820468645,1379.3011315847714,4600.368611744955,46,14.999963160036167,1.0
6.740000000010285,7.927672838232326,11.099667624869083,1355.2288352082355,3262.4083182417453,42,14.999967209001166,1.0
6.760000000010416,7.972314742573968,10.9162413224166,1310.8075707015928,4942.97964487084,28,14.999970815325234,1.0
6.780000000010547,7.981055132121139,10.769349698141294,1275.767822129416,5199.1844252004885,45,14.999974027098201,1.0
6.800000000010678,7.951153016656974,10.524353779982736,1218.382247348606,4923.0736651805255,35,14.999976887223637,1.0
6.820000000010809,7.951730918792736,10.265652507936938,1159.2198355508315,2689.3468657547746,42,14.999979433973275,1.0
6.84000000001094,7.963245606788321,10.11333940544102,1125.0759732261072,2285.545953755192,42,14.999981701482623,1.0
6.8600000000110715,7.947717877049289,10.036577611049465,1108.0617915688133,814.9038465410338,55,14.999983720194434,1.0
6.8800000000112025,7.901853215584283,9.991610062093974,1098.154987962313,1761.6636056703462,44,14.999985517254792,1.0
6.9000000000113335,7.885278531094138,9.9322323288567,1085.141629378248,1367.134415017403,43,14.99998711686729,1.0
6.9200000000114645,7.882824097387119,9.86112046857285,1069.6586658527706,2070.8789262659875,32,14.99998854060955,1.0
6.940000000011596,7.8696486963989996,9.782057281569845,1052.5750912590497,2698.2154520915687,36,14.99998980771588,1.0
6.960000000011727,7.840700170984843,9.693927206681847,1033.6944715729117,4099.810176143687,37,14.999990935329958,1.0
6.980000000011858,7.833957320960654,9.585523357793145,1010.7048384707775,3683.6473470352144,41,14.999991938730362,1.0
7.000000000011989,7.841797564007346,9.478842785133626,988.3330659980777,3585.679960297135,45,14.999992831532083,1.0
7.02000000001212,7.832864005048906,9.370796216807987,965.9300391063717,4351.174546387437,29,14.9999936258663,1.0
7.040000000012251,7.870169327002766,9.329028425996404,957.3384851035382,2798.943036313757,37,14.999994332541187,1.0
7.060000000012382,7.957942704196395,9.289160060633199,949.1734409526928,2450.2241471291372,29,14.999994961185049,1.0
7.080000000012513,8.025953185437714,9.159193867115937,922.7991552495561,5962.525487793915,24,14.99999552037444,1.0
7.100000000012644,8.021064481357438,8.957115684567245,882.529135253926,5953.888032250596,38,14.999996017748202,1.0
7.120000000012775,7.989690524247287,8.70415111958429,833.384713838165,5216.4779009159465,32,14.999996460109452,1.0
7.140000000012906,7.932859392833646,8.634058788928304,820.016682877371,7768.852988384346,42,14.999996853516413,1.0
7.160000000013037,7.879733078007233,8.665825055185193,826.0617627578301,10074.388065855788,35,14.999997203363453,1.0
7.180000000013168,7.844305243300744,8.78974037942913,849.8548953154364,11604.698737491275,14,14.999997514453474,1.0
7.200000000013299,7.850736824870451,8.689892536998501,830.6565553504048,8785.434481581926,35,14.999997791062377,1.0
7.22000000001343,7.887440814661955,8.236481563563853,746.2359140161997,8199.582737859197,31,14.999998036996496,1.0
7.240000000013561,7.930023205991713,7.435170728775241,608.0994014263977,7349.1505218432185,28,14.999998255644021,1.0
7.260000000013692,7.927332270454778,6.614882258694074,481.32334026024176,6816.420565338557,23,14.999998450020527,1.0
7.280000000013823,7.88826489631603,6.080511251072077,406.6987878185553,5618.531456168415,19,14.99999862280986,1.0
7.300000000013954,7.891780647207934,6.084320601463807,407.2085289953659,5610.571630580761,47,14.999998776400375,1.0
7.320000000014085,7.900802629572928,6.077675211048104,406.31949568087475,5749.590223271023,35,14.999998912917317,1.0
7.340000000014216,7.869699959031412,6.083983979577247,407.16347170127847,3740.1442779192757,30,14.999999034251719,1.0
7.360000000014347,7.8277814616619,6.107633038276924,410.33499463276985,3130.942608314891,30,14.99999914208599,1.0
7.380000000014478,7.8141254199105505,6.133122913525561,413.76716339653495,2740.9730423298333,32,14.999999237916876,1.0
7.400000000014609,7.814810566187222,6.145631817354143,415.4566947792315,2911.121300056462,19,14.999999323075858,1.0
7.42000000001474,7.807178482791345,6.118473020817146,411.7928331711402,2863.5285711407564,51,14.999999398747338,1.0
7.440000000014871,7.798450099105691,6.091231812690281,408.13415495523134,2545.8919036693455,31,14.99999946598473,1.0
7.460000000015002,7.809407579487918,6.060237021271433,403.99120029387745,2063.946558631317,45,14.999999525724915,1.0
7.480000000015133,7.824438055527043,5.988859767173184,394.5308544195221,1569.2984326270985,46,14.999999578801155,1.0
7.500000000015264,7.8111894453175115,5.96343514650136,391.1881462118047,3739.6031346005752,23,14.99999962595442,1.0
7.520000000015395,7.859950340022986,5.984903477059115,394.00976592685714,4610.874328248048,34,14.999999667843571,1.0
7.540000000015526,7.9682199287896625,6.022566665174588,398.9844016011937,6159.295249553492,24,14.999999705054456,1.0
7.560000000015657,8.015286103178907,5.997235334437065,395.63514822282497,8880.216654416765,19,14.99999973810797,1.0
7.580000000015788,8.004436207287153,5.894118036512922,382.14690171181644,8915.580861242364,25,14.99999976746717,1.0
7.600000000015919,7.961959746803916,6.024160789519461,399.195645397821,7170.9837478565,31,14.999999793543724,1.0
7.62000000001605,7.887690690749767,6.31658790269265,438.8921100568744,7112.918624272147,35,14.999999816703603,1.0
7.640000000016181,7.8323023465889445,6.545581422422724,471.29099773322037,7006.192368229204,27,14.999999837272089,1.0
7.660000000016312,7.795158820997564,6.759363570134519,502.5789546058783,7342.753352369136,24,14.999999855538295,1.0
7.6800000000164435,7.802760613614555,6.863936662269269,518.2498915400861,5373.274827777818,30,14.999999871759224,1.0
7.7000000000165745,7.817056399550668,6.6896182906215715,492.2609216164054,7162.07118275484,18,14.999999886163224,1.0
7.7200000000167055,7.83752802067404,6.201571976270969,423.05444474556356,9687.18390072455,25,14.999999898953288,1.0
7.7400000000168365,7.814193220552269,5.6546303130597915,351.7232837511214,8850.132684124064,32,14.999999910309743,1.0
7.7600000000169675,7.785204923252418,5.532958940994688,336.74998107006365,4680.778285922974,23,14.999999920392886,1.0
7.780000000017099,7.803557035619284,5.698291897322716,357.17583601803085,5730.036156571762,44,14.99999992934509,1.0
7.80000000001723,7.83900108862081,6.172460713531258,419.0919838609549,7985.908614694054,22,14.999999937292888,1.0
7.820000000017361,7.823203414382355,6.614285929202325,481.2365618856824,5962.358918682121,42,14.99999994434865,1.0
7.840000000017492,7.773666469271042,6.9324664296982395,528.6499987878236,5548.486904772343,36,14.999999950612285,1.0
7.860000000017623,7.738735399010999,7.199152084385537,570.1056980752389,6300.071846799417,35,14.999999956172495,1.0
7.880000000017754,7.72164351396214,7.348251185556881,593.9647503464192,4552.541456610524,30,14.999999961108083,1.0
7.900000000017885,7.706610633994479,7.378580923529426,598.8780208957959,4218.108362749966,47,14.99999996548905,1.0
7.920000000018016,7.691949256102406,7.349271273189577,594.129670716225,4193.560107908108,35,14.999999969377535,1.0
7.940000000018147,7.696931142214486,7.306497667810353,587.2339898668995,4963.4457841339245,42,14.999999972828826,1.0
7.960000000018278,7.708526670708094,7.246689509596013,577.659597333378,6453.727457377427,44,14.999999975891939,1.0
7.980000000018409,7.699807494360631,7.173392340996946,566.0331344566101,6851.387592326327,25,14.99999997861044,1.0
8.00000000001854,7.742331485168711,7.281057980042544,583.1518583961532,6195.428171126877,38,14.999999981023008,1.0
8.02000000001867,7.819487704057779,7.697153959787528,651.707969887401,8356.877532871693,31,14.999999983163995,1.0
8.040000000018802,7.873425511680857,8.252146581795971,749.0771552819161,7800.431332886738,21,14.999999985063923,1.0
8.060000000018933,7.874541765188983,8.537500575193574,801.7780767857367,10717.26111378055,33,14.999999986749852,1.0
8.080000000019064,7.814883693312413,8.937009446198172,878.5715162557889,10644.807488094906,31,14.999999988245857,1.0
8.100000000019195,7.737327276167476,9.459169364455436,984.2347357199747,9824.419403119251,34,14.999999989573267,1.0
8.120000000019326,7.702830691945747,9.752338705585034,1046.1892125129718,6322.259470645615,44,14.999999990751032,1.0
8.140000000019457,7.654588209416572,9.876441817918645,1072.9851328100535,6526.361213060728,35,14.99999999179602,1.0
8.160000000019588,7.640839428885294,9.879689645772677,1073.6909424646663,6035.920934816351,37,14.999999992723152,1.0
8.180000000019719,7.6483704098971375,9.74826051927085,1045.3144146673228,5695.258826757468,42,14.999999993545703,1.0
8.20000000001985,7.65850452698625,9.162369008509827,923.439064329115,8554.518050038361,39,14.999999994275449,1.0
8.220000000019981,7.662760078904477,8.422096586536057,780.2488200423654,8959.89528280434,39,14.999999994922815,1.0
8.240000000020112,7.672115551471295,8.157981204895082,732.0792307336355,4869.07948359538,31,14.99999999549711,1.0
8.260000000020243,7.723040426146757,8.207915942384608,741.0687252897654,1098.9031920888262,56,14.999999996006549,1.0
8.280000000020374,7.797015904897362,8.361860968601064,769.1279074403533,4859.834279240076,34,14.999999996458456,1.0
8.300000000020505,7.792376422057081,8.675101892091412,827.8313212198481,3583.511565565675,45,14.999999996859307,1.0
8.320000000020636,7.7648492126193664,9.007979224686098,892.5805868361399,5293.40081651201,36,14.999999997214859,1.0
8.340000000020767,7.720295479514394,9.37359955350638,966.5080544844452,7207.235151930293,41,14.999999997530225,1.0
8.360000000020898,7.690997982379528,9.579738861894187,1009.4853632829431,5212.707492623335,45,14.99999999780995,1.0
8.38000000002103,7.665141582911467,9.594125048244008,1012.519589854774,2841.7598743534,50,14.999999998058035,1.0
8.40000000002116,7.628336727013798,9.494753481825034,991.6537804869147,2242.03914662298,49,14.999999998278062,1.0
8.420000000021291,7.6058247928119656,9.386442099199739,969.1582480979212,2327.4512620021187,43,14.999999998473204,1.0
8.440000000021422,7.608041025390599,9.291854640570213,949.7241892763482,4161.372975675303,35,14.999999998646263,1.0
8.460000000021553,7.591939021318575,9.116165327321385,914.1491730256228,7133.61077816131,40,14.999999998799739,1.0
8.480000000021684,7.595890704237168,8.84452600170453,860.4820421431027,6023.0134140941445,31,14.999999998935836,1.0
8.500000000021815,7.646043734645233,8.658951468191573,824.751845813467,3910.7363838927367,41,14.999999999056525,1.0
8.520000000021946,7.722387482221736,8.558313116322553,805.6919573672053,1676.124945909852,24,14.99999999916355,1.0
8.540000000022077,7.752193452822124,8.490647794570364,793.0020996858684,2257.7212228410053,25,14.999999999258453,1.0
8.560000000022209,7.739864890125637,8.421597624242525,780.1563719911206,2992.640006853511,40,14.999999999342592,1.0
8.58000000002234,7.687894069296135,8.36605689161092,769.8999870503765,6695.444637187488,30,14.999999999417204,1.0
8.60000000002247,7.6705348042940695,8.461937718455726,787.6482894612606,7274.633807612938,43,14.999999999483363,1.0
8.620000000022602,7.625545272750444,8.558014223191856,805.6356818878952,5935.338164190196,52,14.999999999542023,1.0
8.640000000022733,7.5762021504486405,8.631324679449273,819.497422942771,4111.620947303247,35,14.99999999959403,1.0
8.660000000022864,7.556124020458875,8.539493662143762,802.1524720637284,2780.714126261491,53,14.99999999964014,1.0
8.680000000022995,7.558361657631266,8.294932788038723,756.8650095388786,5607.187536824422,40,14.999999999681027,1.0
8.700000000023126,7.577213898287854,7.804004680223723,669.9273795384914,6936.048033993083,38,14.999999999717273,1.0
8.720000000023257,7.587201929648331,7.278756024845018,582.7831819613941,7029.222100831036,34,14.999999999749386,1.0
8.740000000023388,7.624280081109414,6.966806267283073,533.9002852244017,4635.283059184815,28,14.999999999777872,1.0
8.760000000023519,7.685507708796621,6.940732636940772,529.9114649124427,1810.7831834813226,31,14.999999999803125,1.0
8.78000000002365,7.723973223788056,6.918821657727824,526.5710244458795,2286.7092404773202,47,14.999999999825512,1.0
8.80000000002378,7.706140655607197,6.920514642130137,526.8287520313138,4541.55930624008,38,14.999999999845338,1.0
8.820000000023912,7.676518785979866,7.019841724795387,542.059956252961,7816.722475601821,39,14.99999999986295,1.0
8.840000000024043,7.686582531601418,7.487907784771835,616.7563929257132,9113.269157232206,44,14.999999999878565,1.0
8.860000000024174,7.700410831487911,7.913903589320891,688.9285702317269,6965.727927215341,31,14.999999999892362,1.0
8.880000000024305,7.682087124137389,7.9220656061357735,690.350358147113,2592.8622809714984,55,14.999999999904576,1.0
8.900000000024436,7.637489468649784,7.851612420664867,678.1259936477269,2731.849385019581,38,14.99999999991551,1.0
8.920000000024567,7.62101522916738,7.734161050428525,657.9897186936223,2965.594294204903,48,14.99999999992506,1.0
8.940000000024698,7.616235003415368,7.416113198761631,604.9860847453112,5737.710342956539,37,14.999999999933573,1.0
8.960000000024829,7.588577646378536,7.118675075828177,557.4308831873904,5568.214966069905,34,14.999999999941128,1.0
8.98000000002496,7.575408615420773,6.894427136385711,522.8643809282485,5007.304472881304,35,14.999999999947827,1.0
9.000000000025091,7.609467051734123,6.703938142231845,494.37065276358055,3819.2007733023406,38,14.999999999953802,1.0
9.020000000025222,7.660757824263855,6.579307514280733,476.1601610421801,3762.804806869127,23,14.999999999959131,1.0
9.040000000025353,7.669636782027771,6.48360134470887,462.4079503682173,4713.993791774934,47,14.99999999996367,1.0
9.060000000025484,7.638203960926361,6.435599164659816,455.5863026898714,3755.080224956197,35,14.999999999967908,1.0
9.080000000025615,7.629058640134167,6.442049856930364,456.5000699509418,3166.33387083108,46,14.999999999971461,1.0
9.100000000025746,7.649544866624444,6.483462532900183,462.388150570725,4209.589865544406,21,14.99999999997488,1.0
9.120000000025877,7.64150196846051,6.604084671301457,479.7532778029077,3727.0702596256056,50,14.999999999977545,1.0
9.140000000026008,7.605187452206456,6.739219095470272,499.58781418426264,4213.37262972955,29,14.99999999998021,1.0
9.16000000002614,7.598279324734573,6.82473075738542,512.3464490188283,4360.084764140968,47,14.999999999982549,1.0
9.18000000002627,7.628792086457585,6.830967585406253,513.2832996815803,3875.7528127827295,40,14.999999999984325,1.0
9.200000000026401,7.64749918520818,6.770672461777732,504.26206143142866,3316.29161530698,44,14.999999999986102,1.0
9.220000000026532,7.646484632374385,6.676936037408669,490.3962233241123,3917.8115662086366,41,14.999999999987878,1.0
9.240000000026663,7.636828026234587,6.616393292603866,481.54326222654765,4578.068440338111,37,14.999999999989521,1.0
9.260000000026794,7.657250798737879,6.514494217131488,466.8249839554356,4829.170049426152,33,14.99999999999041,1.0
9.280000000026925,7.643735020579335,6.386865304964168,448.7125326613054,5166.503987685811,46,14.999999999991298,1.0
9.300000000027056,7.611920411337248,6.43998693019788,456.20774827231463,4428.817431740343,35,14.999999999992186,1.0
9.320000000027187,7.6355535810605035,6.76997819080269,504.1586517433847,6421.580866865983,45,14.999999999993074,1.0
9.340000000027318,7.715095242281426,7.0955011631318055,553.8075043160528,5387.258656404115,29,14.999999999993962,1.0
9.36000000002745,7.750075281301543,7.229500000120392,574.9223727691483,8400.451194667357,27,14.99999999999485,1.0
9.38000000002758,7.731025755905492,7.325081524635057,590.2250127680484,8568.20695501189,36,14.999999999995739,1.0
9.400000000027712,7.658420885998802,7.617489895070742,638.2876753165535,7855.547196889779,26,14.999999999996627,1.0
9.420000000027843,7.653538433900608,8.023921974000896,708.2165622933987,7480.470927358051,39,14.999999999997232,1.0
9.440000000027974,7.62320197163274,8.165302335669853,733.3937845618511,5300.851620529911,55,14.999999999997232,1.0
9.460000000028105,7.5762572067175835,8.100535370506433,721.8054061770838,5951.267491541913,42,14.999999999997232,1.0
9.480000000028236,7.551753546952011,7.675734440479596,648.0858912084108,7916.219493845481,46,14.999999999997232,1.0
9.500000000028367,7.549288291081165,6.883871931414327,521.2646204492542,9424.857390984063,40,14.999999999997232,1.0
9.520000000028498,7.566287572410325,6.237278746882113,427.94010782938034,7893.89786323853,43,14.999999999997232,1.0
9.540000000028629,7.578970086537648,6.05956755792235,403.9019488792753,4824.7308146978885,45,14.999999999997232,1.0
9.56000000002876,7.606111402327377,6.124553730032073,412.6117423125475,2320.6138837350695,34,14.999999999997232,1.0
9.58000000002889,7.660025788156879,6.538904906833385,470.33005118670684,7617.068172966325,49,14.999999999997232,1.0
9.600000000029022,7.709645346562945,7.1348072024600855,559.9602119790394,7038.303836501094,41,14.999999999997232,1.0
9.620000000029153,7.701461057486516,7.8397095050794805,676.0714963643691,7046.839932093509,37,14.999999999997232,1.0
9.640000000029284,7.692192232352071,8.8228727803928,856.2739250889579,8859.344602077723,40,14.999999999997232,1.0
9.660000000029415,7.732252499030963,9.787522424140299,1053.751547233541,9604.446614163611,47,14.999999999997232,1.0
9.680000000029546,7.787992915605514,10.199497689417946,1144.3272842808622,5761.114744543984,33,14.999999999997232,1.0
9.700000000029677,7.794275048318514,10.156714487907147,1134.7473410774921,5942.311919743441,48,14.999999999997232,1.0
9.720000000029808,7.742726069304582,10.013807801842031,1103.0398136145554,3674.1284903121386,42,14.999999999997232,1.0
9.740000000029939,7.698068031691047,9.896423147593913,1077.3311022785588,2480.3051659524453,52,14.999999999997232,1.0
9.76000000003007,7.676933846378514,9.797307964128354,1055.8596767837016,2015.9587768308154,47,14.999999999997232,1.0
9.780000000030201,7.628156940373162,9.705454340881037,1036.154283592192,3733.4804989425866,44,14.999999999997232,1.0
9.800000000030332,7.608405520879889,9.557980262451036,1004.9048536714394,4227.18632177754,37,14.999999999997232,1.0
9.820000000030463,7.613338007275899,9.298629183884954,951.1095516933665,5115.450310355541,41,14.999999999997232,1.0
9.840000000030594,7.645108447906863,8.922224593831778,875.667008730543,5486.317842543199,29,14.999999999997232,1.0
9.860000000030725,7.654072431656261,8.474609325381364,790.0090353962485,5700.80367096453,43,14.999999999997232,1.0
9.880000000030856,7.633400714168322,8.165982312101312,733.5159383370662,4277.002202247013,38,14.999999999997232,1.0
9.900000000030987,7.637973103211566,8.13713269420894,728.3422133148046,1624.3119410579845,52,14.999999999997232,1.0
9.920000000031118,7.687406939511008,8.119824461922915,725.2470422168593,2608.9703336124758,24,14.999999999997232,1.0
9.94000000003125,7.703120154077711,8.095765901594827,720.9556808676806,2728.6423696109955,56,14.999999999997232,1.0
9.96000000003138,7.678530995284542,8.135810443062695,728.105527219928,6233.885627640739,39,14.999999999997232,1.0
9.980000000031511,7.6677977091048435,8.477582186731892,790.5633970607329,6831.08448494028,49,14.999999999997232,1.0
10.000000000031642,7.682782299403388,8.684897929060513,829.7019724201955,5495.424662067929,46,14.999999999997232,1.0
10.020000000031773,7.693142517827242,8.687909239269523,830.277436447632,2687.701269463971,43,14.999999999997232,1.0
10.040000000031904,7.681624541304756,8.54659469331828,803.4870893704181,3501.7420588242503,54,14.999999999997232,1.0
10.060000000032035,7.666773124369016,8.32308630752023,762.0114225067381,4554.757038241318,41,14.999999999997232,1.0
10.080000000032166,7.67336455043524,7.971219302134699,698.9437087899728,6174.751258869712,44,14.999999999997232,1.0
10.100000000032297,7.650853136428945,7.663772145755189,646.067438522584,5501.752422860909,31,14.999999999997232,1.0
10.120000000032428,7.633931619426275,7.505451865695987,619.6498847910731,4606.382452133015,36,14.999999999997232,1.0
10.14000000003256,7.682146566163759,7.4252164178739575,606.4722273749146,2687.9975272862002,43,14.999999999997232,1.0
10.16000000003269,7.764592505961479,7.396327782462391,601.7623113218754,3008.5837749456264,35,14.999999999997232,1.0
10.180000000032821,7.79122023709786,7.338622258345466,592.4091431575185,4319.159176790671,39,14.999999999997232,1.0
10.200000000032952,7.778780514310088,7.2940970433529735,585.2423684563564,5541.985651091278,36,14.999999999997232,1.0
10.220000000033084,7.72414853368952,7.442969055723176,609.3756720089801,7983.555025721291,28,14.999999999997232,1.0
10.240000000033215,7.719785470908205,7.783824366242378,666.4671394095941,9880.220333709993,41,14.999999999997232,1.0
10.260000000033346,7.687704756174289,7.8833110427807425,683.6125229695167,5225.949573360817,54,14.999999999997232,1.0
10.280000000033477,7.638241666843254,7.5000579763733874,618.7595661385828,9230.644401087236,38,14.999999999997232,1.0
10.300000000033608,7.609732949740599,6.754340969313919,501.8323412272774,10523.34038671806,35,14.999999999997232,1.0
10.320000000033739,7.605574825048686,6.001763116689759,396.2327655974333,10969.766314354325,39,14.999999999997232,1.0
10.34000000003387,7.621535288426565,5.232927519366378,301.2188346523614,10481.466239379113,33,14.999999999997232,1.0
10.360000000034,7.636300971613886,4.813278845550824,254.84418569529782,5825.660863992166,47,14.999999999997232,1.0
10.380000000034132,7.662312812886839,4.846744225584238,258.40022547057566,1937.694899228804,35,14.999999999997232,1.0
10.400000000034263,7.714626686016827,4.923245816583471,266.6218430755731,2318.182272665698,42,14.999999999997232,1.0
10.420000000034394,7.754247790501037,5.064662497949808,282.15886839953106,4544.779748864207,56,14.999999999997232,1.0
10.440000000034525,7.746053326486843,5.66614291073138,353.15693033314625,7447.756613818666,38,14.999999999997232,1.0
10.460000000034656,7.744862252005928,6.883099766390454,521.1476863349275,11624.622620539141,39,14.999999999997232,1.0
10.480000000034787,7.7902350204690975,7.949429181307193,695.1276673948017,11060.062373494404,43,14.999999999997232,1.0
10.500000000034918,7.836754977542291,8.297177131625679,757.2746318892935,5711.228579549081,35,14.999999999997232,1.0
10.520000000035049,7.827925113096983,8.177189060249804,735.5306301977598,5475.275051993236,47,14.999999999997232,1.0
10.54000000003518,7.761481894998794,8.068316473065405,716.0750378049244,3426.317261047031,39,14.999999999997232,1.0
10.560000000035311,7.725440569137783,8.003365267350704,704.5924116289917,2342.9083631194017,57,14.999999999997232,1.0
10.580000000035442,7.700509790340079,7.918057144775492,689.6519184272324,1949.04958639102,52,14.999999999997232,1.0
10.600000000035573,7.652544566654657,7.778257469274556,665.5141818415797,3697.8974375979046,46,14.999999999997232,1.0
10.620000000035704,7.631626418599091,7.57103437857172,630.5261771766635,4489.411540909688,43,14.999999999997232,1.0
10.640000000035835,7.632464908105511,7.301215635316911,586.3852472873574,5427.498748608897,41,14.999999999997232,1.0
10.660000000035966,7.650260409849413,6.940006336938256,529.8005675241747,5087.3542339234245,39,14.999999999997232,1.0
10.680000000036097,7.644593689580632,6.639245279495036,484.8753566942683,5057.958554153448,54,14.999999999997232,1.0
10.700000000036228,7.629488129544924,6.5491559561089625,471.8058811118125,3095.6374020097346,43,14.999999999997232,1.0
10.720000000036359,7.641571114522336,6.576312691569733,475.72677479031256,1225.6084463677344,57,14.999999999997232,1.0
10.74000000003649,7.696907285033545,6.639556673748505,484.9208410631014,3324.507022823229,40,14.999999999997232,1.0
10.760000000036621,7.70289898052211,6.807768727639788,509.8028655393328,5192.091481831358,52,14.999999999997232,1.0
10.780000000036752,7.6962678080667635,7.263986598416798,580.4205143217673,5905.07515720958,39,14.999999999997232,1.0
10.800000000036883,7.713431123994923,7.852153254257683,678.2194180118447,7022.102967860695,42,14.999999999997232,1.0
10.820000000037014,7.7481887730959516,8.283742219723855,754.8242367911905,7586.591968562723,39,14.999999999997232,1.0
10.840000000037145,7.754934553783677,8.523325042485741,799.1177675785101,5081.138127775462,53,14.999999999997232,1.0
10.860000000037276,7.720760427431863,8.59897884169211,813.3668083185545,3832.5463087555404,56,14.999999999997232,1.0
10.880000000037407,7.68749742521481,8.5683083703461,807.5749916227736,1872.8899047733985,47,14.999999999997232,1.0
10.900000000037538,7.67176269671037,8.484212530597883,791.8004849078955,2578.582952995662,45,14.999999999997232,1.0
10.92000000003767,7.628121754740573,8.394465204530405,775.1375067707887,1980.2243906304448,52,14.999999999997232,1.0
10.9400000000378,7.608145506325061,8.303406557961017,758.4121651346902,2894.646463742549,42,14.999999999997232,1.0
10.960000000037931,7.654094360819692,8.174152221376191,734.9844099205226,4109.0543270539265,47,14.999999999997232,1.0
10.980000000038062,7.7158790918340046,8.042022495658923,711.4153840275259,3883.923836006524,37,14.999999999997232,1.0
11.000000000038193,7.738087110968848,7.9429623050425,693.9971519725867,5538.06291987807,51,14.999999999997232,1.0
11.020000000038324,7.721806118157945,7.81655063559898,672.083102227711,5262.77677834668,47,14.999999999997232,1.0
11.040000000038455,7.684412666719567,7.984734954258641,701.3159151873572,7210.739893733629,44,14.999999999997232,1.0
11.060000000038587,7.690435904053921,8.550292865232292,804.1825888936645,8352.255132938159,40,14.999999999997232,1.0
11.080000000038718,7.6592881955743435,8.981031652235158,887.2482249229474,6615.170626366386,56,14.999999999997232,1.0
11.100000000038849,7.609834689121793,9.02681182311226,896.316648588672,2758.155390340371,48,14.999999999997232,1.0
11.12000000003898,7.583156726440927,8.952833981299678,881.6855992638566,2007.9352404868253,52,14.999999999997232,1.0
11.14000000003911,7.5786005878671725,8.80639914765993,853.079325426961,2403.104088538302,54,14.999999999997232,1.0
11.160000000039242,7.583270483154184,8.4783922723862,790.7144907690384,6103.151286115277,51,14.999999999997232,1.0
11.180000000039373,7.584221118519042,7.973724153790862,699.3830456882257,7251.727901809585,55,14.999999999997232,1.0
11.200000000039504,7.597065775459261,7.5562926254245175,628.0731406514944,5549.255439778499,48,14.999999999997232,1.0
11.220000000039635,7.641082290845542,7.442745949372511,609.3391399359101,2875.230541236765,48,14.999999999997232,1.0
11.240000000039766,7.663124750144668,7.394677873045325,601.4938693071674,2110.0775036504115,59,14.999999999997232,1.0
11.260000000039897,7.654023072105511,7.413677800157689,604.5888037700605,2468.080470093184,46,14.999999999997232,1.0
11.280000000040028,7.671003871331656,7.6907603095635935,650.6257355307457,5129.393368079079,51,14.999999999997232,1.0
11.300000000040159,7.7378054036805555,8.089371984011278,719.8173300527721,8150.631809367126,44,14.999999999997232,1.0
11.32000000004029,7.783759820317658,8.458640638350898,787.0346159363742,8637.95497006208,44,14.999999999997232,1.0
11.34000000004042,7.7730126631605305,8.706481481293032,833.8310176250836,6834.796164682028,57,14.999999999997232,1.0
11.360000000040552,7.706423066009219,8.900549670648934,871.4176288365773,5292.785322361774,44,14.999999999997232,1.0
11.380000000040683,7.676851439613229,8.993674208046123,889.7479333652146,6023.74113679224,57,14.999999999997232,1.0
11.400000000040814,7.6479666869861145,8.875785511777876,866.5752529619465,4751.41549442725,57,14.999999999997232,1.0
11.420000000040945,7.595350316284248,8.391721933201381,774.6309670459044,9036.639337219058,44,14.999999999997232,1.0
11.440000000041076,7.569687409725802,7.493141295354549,617.6188311936241,11046.656941878857,44,14.999999999997232,1.0
11.460000000041207,7.568883067069112,6.522903815441571,468.0310160405242,10871.447910247809,50,14.999999999997232,1.0
11.480000000041338,7.5863604401220845,5.822004094787332,372.8530484769251,7618.784343690545,48,14.999999999997232,1.0
11.500000000041469,7.598448599086104,5.597887523687565,344.6997920064259,3954.1320894260325,60,14.999999999997232,1.0
11.5200000000416,7.602785071951861,5.685338251574203,355.55378138294094,1614.5758845844,47,14.999999999997232,1.0
11.540000000041731,7.642688137731071,5.766182992231214,365.7375292988617,2237.037097364098,61,14.999999999997232,1.0
11.560000000041862,7.704845190632824,6.004898647525513,396.6468854375911,4943.162628025348,46,14.999999999997232,1.0
11.580000000041993,7.706415315259982,6.5720828143717895,475.1149977085712,6836.274365500104,59,14.999999999997232,1.0
11.600000000042124,7.690634562966939,7.294402377450025,585.2913664856343,7633.983058870266,52,14.999999999997232,1.0
11.620000000042255,7.695909800363161,7.9013212793843,686.7396575605626,7064.973966574235,56,14.999999999997232,1.0
11.640000000042386,7.717612469816595,8.08557565343388,719.1418701214297,3763.604096601884,51,14.999999999997232,1.0
11.660000000042517,7.719325215519229,7.9846829813156965,701.3067854332377,1761.9999022404563,54,14.999999999997232,1.0
11.680000000042648,7.682100240970498,7.889707171125187,684.7222717071463,2623.9801523576816,57,14.999999999997232,1.0
11.70000000004278,7.649764720913173,7.776015361024558,665.1305638437888,2651.828143338421,52,14.999999999997232,1.0
11.72000000004291,7.639727397308069,7.492712518137269,617.5481496739603,3679.328674297678,57,14.999999999997232,1.0
11.740000000043041,7.603929109265856,7.146985239898399,561.8733782125813,5365.617019849184,55,14.999999999997232,1.0
11.760000000043172,7.586330446970579,7.013629832448541,541.1010376927336,4016.5018904542185,52,14.999999999997232,1.0
11.780000000043303,7.626785680739093,6.927187111497243,527.8451340546287,2108.928935855243,56,14.999999999997232,1.0
11.800000000043434,7.686277889257704,6.891115046658971,522.3621324491863,2177.8058753996106,50,14.999999999997232,1.0
11.820000000043565,7.716439508365762,6.853556701616178,516.6836340849483,1976.107741743699,60,14.999999999997232,1.0
11.840000000043696,7.711275453652962,6.8392877375384575,514.5344243252831,4148.850894503367,56,14.999999999997232,1.0
11.860000000043827,7.687563799288498,7.104014858572494,555.1372982190065,6971.2247093649175,53,14.999999999997232,1.0
11.880000000043959,7.696144263381285,7.573710896797146,630.9720642309021,8001.129805666851,49,14.999999999997232,1.0
11.90000000004409,7.676613116696026,7.933620118221316,692.365609982706,5479.486572113091,60,14.999999999997232,1.0
11.92000000004422,7.625167433669039,8.037458670991334,710.6081607668317,2794.258054642931,59,14.999999999997232,1.0
11.940000000044352,7.587751002967213,8.01772909782272,707.1237787468044,1983.3533058070773,61,14.999999999997232,1.0
11.960000000044483,7.573990587424364,7.93926949658851,693.3520015340686,1760.2586971765616,58,14.999999999997232,1.0
11.980000000044614,7.566644029688038,7.824534509409079,673.4567431782693,2406.527545358161,57,14.999999999997232,1.0
12.000000000044745,7.557251001703952,7.680356030236423,648.8665562630788,4182.08716145835,63,14.999999999997232,1.0
12.020000000044876,7.550706052607068,7.403422585625433,602.9173257948365,5695.041523743607,52,14.999999999997232,1.0
12.040000000045007,7.57583589320859,7.151458191355922,562.5768968898288,3459.832202595539,57,14.999999999997232,1.0
12.060000000045138,7.594252270683601,6.997676049444022,538.6421710225875,4119.508081351149,63,14.999999999997232,1.0
12.080000000045269,7.579988451502061,6.971004499356095,534.5439410304722,3095.6906037838285,53,14.999999999997232,1.0
12.1000000000454,7.597607433571911,7.058234301572341,548.0053860148163,4532.463578051386,60,14.999999999997232,1.0
12.12000000004553,7.6614068848275485,7.366766243153628,596.961693693946,5393.551233827586,54,14.999999999997232,1.0
12.140000000045662,7.711276125248003,7.742406689597986,659.3934748184481,7023.982075049082,47,14.999999999997232,1.0
12.160000000045793,7.706237153514806,7.998484850551367,703.7333589494968,7731.584451133576,62,14.999999999997232,1.0
12.180000000045924,7.649765313235612,8.360861600633887,768.9440737544968,8349.716906623165,51,14.999999999997232,1.0
12.200000000046055,7.623805830405438,8.705554959933005,833.6535587645556,6780.739558939432,61,14.999999999997232,1.0
12.220000000046186,7.598743430394162,8.788535551541674,849.621928547831,4598.246635638981,56,14.999999999997232,1.0
12.240000000046317,7.546172541862362,8.762285012364364,844.5540250169569,3690.0752266639247,59,14.999999999997232,1.0
12.260000000046448,7.512852954591121,8.477296696628814,790.5101521094119,7594.385283605817,55,14.999999999997232,1.0
12.280000000046579,7.5076787426477125,7.798357611490145,668.9581958035491,9162.024132062861,59,14.999999999997232,1.0
12.30000000004671,7.523261971512846,7.093191274394821,553.446987006659,8684.460036297562,59,14.999999999997232,1.0
12.320000000046841,7.544949914023175,6.699675437192554,493.74216060093363,5113.905396587128,66,14.999999999997232,1.0
12.340000000046972,7.55883960601515,6.6913062366791385,492.5093706832324,1792.7665447684803,58,14.999999999997232,1.0
12.360000000047103,7.596998381405799,6.828562165095033,512.9218736682411,4829.908422931483,62,14.999999999997232,1.0
12.380000000047234,7.659970416749972,7.2806745492431535,583.0904408119669,6241.782333171293,56,14.999999999997232,1.0
12.400000000047365,7.661117329089268,7.91032355844445,688.3054067920939,6824.083957822192,65,14.999999999997232,1.0
12.420000000047496,7.629937043627203,8.625607491113424,818.4121504982722,7219.045089454858,60,14.999999999997232,1.0
12.440000000047627,7.611263218459728,9.195090595712983,930.0466016970629,6248.219405922409,64,14.999999999997232,1.0
12.460000000047758,7.610756681999983,9.290171049847517,949.3800594896742,3458.7768592454654,61,14.999999999997232,1.0
12.48000000004789,7.606817756922547,9.149225271535363,920.7915537623146,1467.4959897826673,58,14.999999999997232,1.0
12.50000000004802,7.5723001570173105,9.02258223685137,895.4768924282047,2345.0383921684725,66,14.999999999997232,1.0
12.520000000048151,7.538378564288147,8.63043887489196,819.3292269057104,5804.193479393767,62,14.999999999997232,1.0
12.540000000048282,7.543796845229197,7.931022162057448,691.9122378855103,6341.761174986235,62,14.999999999997232,1.0
12.560000000048413,7.534917297062842,7.318331825014745,589.1377877112602,6861.3616145212745,65,14.999999999997232,1.0
12.580000000048544,7.514329821440935,7.116993526500167,557.1675654186981,3725.4385582120017,58,14.999999999997232,1.0
12.600000000048675,7.533997315537956,7.075369301112167,550.6693582183253,1847.460894172836,64,14.999999999997232,1.0
12.620000000048806,7.589501647398102,7.071387373950001,550.0497133170544,880.8435974896522,59,14.999999999997232,1.0
12.640000000048937,7.635168707882953,7.062568205615612,548.6785662486978,1358.0151604224345,58,14.999999999997232,1.0
12.660000000049068,7.641888581436391,7.079567321707003,551.3230080883984,2592.670545531014,62,14.999999999997232,1.0
12.6800000000492,7.625245878922014,7.393440002553313,601.2925057849109,6969.473787174309,58,14.999999999997232,1.0
12.70000000004933,7.629923598699596,7.911198621959706,688.4576999970686,7996.979275388124,58,14.999999999997232,1.0
12.720000000049462,7.634692688840948,8.221105936850567,743.452411074116,4779.100043061651,64,14.999999999997232,1.0
12.740000000049593,7.592262804449609,8.1885081674121,737.5683260855216,2571.024746967642,61,14.999999999997232,1.0
12.760000000049724,7.550490836405872,8.13240042893891,727.4953041026635,2422.901674167158,58,14.999999999997232,1.0
12.780000000049855,7.54238621053165,8.057757425918515,714.2020020843947,2156.429639461777,63,14.999999999997232,1.0
12.800000000049986,7.549002421797401,7.915736197963159,689.2476751131867,2926.76041189747,51,14.999999999997232,1.0
12.820000000050117,7.545423227127083,7.573521153389298,630.9404492691868,4515.3959082657575,64,14.999999999997232,1.0
12.840000000050248,7.529644341342997,7.2268732955272235,574.5046739256496,4728.969897510314,57,14.999999999997232,1.0
12.860000000050379,7.528043128763201,7.062274069115747,548.6328653003516,3297.372239580532,61,14.999999999997232,1.0
12.88000000005051,7.554468375157057,6.951043241157115,531.4870235447961,2657.746336049892,55,14.999999999997232,1.0
12.90000000005064,7.545160377082794,6.885141232973504,521.456867777911,2684.3019501130602,61,14.999999999997232,1.0
12.920000000050772,7.525360685613866,6.914238921114212,525.8736984407568,2037.5887575480822,54,14.999999999997232,1.0
12.940000000050903,7.556571596590686,6.989089132925038,537.3210359876795,3657.7040912058364,60,14.999999999997232,1.0
12.960000000051034,7.623716711482257,7.120000521225983,557.638481644841,4242.137215558714,55,14.999999999997232,1.0
12.980000000051165,7.649478815308087,7.2978719011844495,585.8482771470728,5101.217226206401,63,14.999999999997232,1.0
13.000000000051296,7.630812544287503,7.530223110249589,623.746860991507,6765.9101116039055,61,14.999999999997232,1.0
13.020000000051427,7.5949729653233256,7.865551804448048,680.5359570730153,7355.127160663511,62,14.999999999997232,1.0
13.040000000051558,7.594561210231396,8.067071651224264,715.8540952858478,6014.749245145688,61,14.999999999997232,1.0
13.060000000051689,7.55472572795921,8.058529133725589,714.338809790145,3366.908204422993,66,14.999999999997232,1.0
13.08000000005182,7.499397046888195,7.898456132162162,686.2417019885905,5113.345721113677,58,14.999999999997232,1.0
13.100000000051951,7.469559549951025,7.46438907279418,612.8881465305408,7751.005917200604,61,14.999999999997232,1.0
13.120000000052082,7.4621820267294945,6.891536291229678,522.4259969866928,8284.396946997542,65,14.999999999997232,1.0
13.140000000052213,7.465506771775517,6.336196462820117,441.6212417699957,7510.554684852162,63,14.999999999997232,1.0
13.160000000052344,7.4656014913618955,6.058224655202444,403.7229457019306,4701.84054735827,65,14.999999999997232,1.0
13.180000000052475,7.465079134249125,6.064684651898418,404.5843991966945,1968.733256743978,57,14.999999999997232,1.0
13.200000000052606,7.512898300430548,6.1763428188997995,419.61931678232634,3301.1956221602914,62,14.999999999997232,1.0
13.220000000052737,7.554890907667278,6.33694926007631,441.72618517259866,5024.508658164764,59,14.999999999997232,1.0
13.240000000052868,7.5491151989543575,6.769936807986349,504.1524882254124,5396.124576930254,59,14.999999999997232,1.0
13.260000000053,7.5363679750182655,7.546774652888963,626.4918842763607,7878.629399019113,62,14.999999999997232,1.0
13.28000000005313,7.563717427650614,8.427944086882414,781.3326568477788,9608.166214929004,61,14.999999999997232,1.0
13.300000000053261,7.6027980100971355,8.886825315155424,868.7323060029602,6059.328135491051,58,14.999999999997232,1.0
13.320000000053392,7.60567172447621,8.914307628264094,874.1136854046016,2179.5645813279216,64,14.999999999997232,1.0
13.340000000053523,7.5658550961580024,8.835143117008997,858.6572928783459,1411.469219089062,62,14.999999999997232,1.0
13.360000000053654,7.542759778944754,8.738016219923066,839.8822020560245,1347.0034216932352,68,14.999999999997232,1.0
13.380000000053785,7.529173794983233,8.580064666423128,809.7926064800289,2141.1857542511657,57,14.999999999997232,1.0
13.400000000053916,7.487678401421609,8.317818836755423,761.0472122119168,4100.075552572001,65,14.999999999997232,1.0
13.420000000054047,7.450327813547798,8.132167299041937,727.4535947756774,3795.1513281610587,56,14.999999999997232,1.0
13.440000000054178,7.4480636175565955,7.900472343948702,686.5920958324813,3984.9365741668744,63,14.999999999997232,1.0
13.46000000005431,7.4845156221361835,7.663985403770176,646.1033949612254,2448.3264792803634,56,14.999999999997232,1.0
13.48000000005444,7.502514189697276,7.481800590387368,615.7507408175285,4142.601120288906,63,14.999999999997232,1.0
13.500000000054571,7.494588617917891,7.383900088641188,599.7417857093888,3648.526438128432,62,14.999999999997232,1.0
13.520000000054702,7.491122154615644,7.400178894144813,602.3891243188098,3289.017902878904,61,14.999999999997232,1.0
13.540000000054834,7.533018508374617,7.527971988468807,623.3739848508811,5594.776494615588,56,14.999999999997232,1.0
13.560000000054965,7.541795737941694,7.763457712798133,662.984032242453,5259.005970710836,66,14.999999999997232,1.0
13.580000000055096,7.501637999722283,8.030777714848101,709.4272977583098,4569.551503712743,62,14.999999999997232,1.0
13.600000000055227,7.473611429397761,8.254186354780778,749.447516173941,4370.58252558465,61,14.999999999997232,1.0
13.620000000055358,7.475362874002117,8.343241278945982,765.7064254257899,3890.745145375562,64,14.999999999997232,1.0
13.640000000055489,7.490581229928249,8.273791308165881,753.0118487218941,2426.467636517474,55,14.999999999997232,1.0
13.66000000005562,7.487524820893636,8.116613416933083,724.6735469593194,3628.4588425917773,60,14.999999999997232,1.0
13.68000000005575,7.466317305379594,7.966663880690924,698.1450672669591,4180.6898830075315,55,14.999999999997232,1.0
13.700000000055882,7.47033327772131,7.756096621668117,661.7273828511674,4822.677945145788,60,14.999999999997232,1.0
13.720000000056013,7.492188949982245,7.4410380095207564,609.0595132504588,5135.432583016463,64,14.999999999997232,1.0
13.740000000056144,7.464640178758417,7.239181859207136,576.4632938974106,4493.635855822225,56,14.999999999997232,1.0
13.760000000056275,7.443476574793768,7.172334613773487,565.8662219312661,2741.6016073015494,58,14.999999999997232,1.0
13.780000000056406,7.472132133669324,7.256719701956658,579.2597891604252,3811.782499939686,59,14.999999999997232,1.0
13.800000000056537,7.526660510360331,7.396352102526523,601.7662686700336,4435.643328128877,54,14.999999999997232,1.0
13.820000000056668,7.538377431041756,7.5559518098374525,628.0164852784446,4858.878351793899,60,14.999999999997232,1.0
13.840000000056799,7.507625507381925,7.7835034898485835,666.4121923413359,6246.438145222631,53,14.999999999997232,1.0
13.86000000005693,7.495043261548305,8.088274050347183,719.6219482487157,7124.873182847743,63,14.999999999997232,1.0
13.880000000057061,7.507137035164658,8.182589758593783,736.5025267318827,4769.445749551132,56,14.999999999997232,1.0
13.900000000057192,7.4841591902193105,8.024586569873428,708.3338857913229,3738.6020608982553,65,14.999999999997232,1.0
13.920000000057323,7.431567557447639,7.664341621377856,646.1634573810344,6959.304887390489,55,14.999999999997232,1.0
13.940000000057454,7.396119993965843,7.1908262163436785,568.787798410211,6909.340186002833,63,14.999999999997232,1.0
13.960000000057585,7.387278873848036,6.810013365921101,510.13910248426447,5808.080761704065,61,14.999999999997232,1.0
13.980000000057716,7.395157917738946,6.5391659245767775,470.3676008806067,3123.625301194101,63,14.999999999997232,1.0
14.000000000057847,7.4036072355714655,6.429114959081768,454.66871072797863,3604.415272806935,64,14.999999999997232,1.0
14.020000000057978,7.417313397592477,6.433186412597369,455.2447616115014,2605.739148722404,56,14.999999999997232,1.0
14.040000000058109,7.468431721380768,6.4478099512875415,457.31678484714917,2569.650850576205,56,14.999999999997232,1.0
14.06000000005824,7.498279527695005,6.37951310938099,447.6800626404029,4082.29123999194,65,14.999999999997232,1.0
14.080000000058371,7.482086232376844,6.608720280855802,480.4270212565426,6612.789082792065,56,14.999999999997232,1.0
14.100000000058502,7.466025743467186,7.25234545625112,578.5616607848689,8767.867112724598,61,14.999999999997232,1.0
14.120000000058633,7.49514356866523,8.002918608326652,704.513768766511,9413.404910919407,62,14.999999999997232,1.0
14.140000000058764,7.538515863012571,8.248609696830682,748.4351812371407,3325.7234663968275,58,14.999999999997232,1.0
14.160000000058895,7.539977649426361,8.167226980328062,733.739562030185,2774.4327279135423,61,14.999999999997232,1.0
14.180000000059026,7.493728824740398,7.983275195837759,701.0595113772625,4447.664053850222,56,14.999999999997232,1.0
14.200000000059157,7.473250850989317,7.841036131897819,676.3003238389981,2940.1872163809926,65,14.999999999997232,1.0
14.220000000059288,7.463386646266411,7.629782394350353,640.3493732365246,3819.8213242206816,53,14.999999999997232,1.0
14.24000000005942,7.420984476521802,7.406859390645079,603.4772263606591,4579.67702304444,61,14.999999999997232,1.0
14.26000000005955,7.3705222499015965,7.208839488141374,571.6410344236501,4651.398397128287,55,14.999999999997232,1.0
14.280000000059681,7.347781475687433,6.985922015617961,536.8341704912528,4813.257101603587,64,14.999999999997232,1.0
14.300000000059812,7.348617330144653,6.722051808243262,497.04578563977157,4267.031270716923,57,14.999999999997232,1.0
14.320000000059943,7.364152709566404,6.4795635905552,461.8321875645346,4452.548722081721,63,14.999999999997232,1.0
14.340000000060074,7.376810266264434,6.391198226863716,449.3215625257251,3903.3129525449585,56,14.999999999997232,1.0
14.360000000060205,7.412270008200462,6.459672907573002,459.001114801159,3817.5289779968803,57,14.999999999997232,1.0
14.380000000060337,7.482850737567436,6.566762499312443,474.3460669461382,5539.39388924097,49,14.999999999997232,1.0
14.400000000060468,7.502048992727228,6.8103579415034226,510.19072820538605,5627.87391515292,62,14.999999999997232,1.0
14.420000000060599,7.4820601796093325,7.338353322884227,592.3657244063457,6622.962930663637,50,14.999999999997232,1.0
14.44000000006073,7.452137210893199,8.156279792538307,731.7739005958559,8699.428905568842,56,14.999999999997232,1.0
14.46000000006086,7.453269961141277,8.667048869145258,826.2950971016732,5590.207314158565,57,14.999999999997232,1.0
14.480000000060992,7.471856300260724,8.614229063259568,816.254365897364,2395.573526386176,50,14.999999999997232,1.0
14.500000000061123,7.460495737622392,8.46493725258825,788.2067895928194,3121.652728147085,62,14.999999999997232,1.0
14.520000000061254,7.423134202874228,8.067089863909318,715.8573275962732,5858.147724661433,51,14.999999999997232,1.0
14.540000000061385,7.4159953526326365,7.56177756683021,628.9852796723826,4958.735409811518,59,14.999999999997232,1.0
14.560000000061516,7.428926669913456,7.264507732724253,580.5037985869151,4255.7978367322,51,14.999999999997232,1.0
14.580000000061647,7.407589966607749,7.0904998881132775,553.0270752966784,3619.2345301617133,56,14.999999999997232,1.0
14.600000000061778,7.370480554843162,7.038175613814244,544.8950756797846,1890.2638694597067,52,14.999999999997232,1.0
14.620000000061909,7.363377151357064,7.042328397850282,545.5382818948536,1927.248266792066,60,14.999999999997232,1.0
14.64000000006204,7.383931725431485,7.058604468197804,548.062867423082,2958.25236912033,51,14.999999999997232,1.0
14.66000000006217,7.393787480222077,7.167330547170313,565.0768988964078,3498.5241305973695,60,14.999999999997232,1.0
14.680000000062302,7.38059567148092,7.359304838795541,595.7530448135141,4912.918487975817,51,14.999999999997232,1.0
14.700000000062433,7.388757155777206,7.636276909240382,641.4399753805764,6028.848320562592,61,14.999999999997232,1.0
14.720000000062564,7.4525202343578565,7.794367282427312,668.2737746671065,4799.872861269805,49,14.999999999997232,1.0
14.740000000062695,7.465996325841709,7.771229808253051,664.3121400594883,4120.587005441084,59,14.999999999997232,1.0
14.760000000062826,7.432772178697223,7.777119661678407,665.3194925527135,4004.1156930574134,53,14.999999999997232,1.0
14.780000000062957,7.393977220639092,7.84897630322545,677.6707190945411,4177.714123473879,57,14.999999999997232,1.0
14.800000000063088,7.388667766492272,7.8714504064872335,681.5570465196683,4018.857320082484,57,14.999999999997232,1.0
14.820000000063219,7.393268628754038,7.8092292324626795,670.8246732566462,3363.4386386673646,53,14.999999999997232,1.0
14.84000000006335,7.385193847859499,7.779797206224475,665.7776902697597,2812.8022981805952,62,14.999999999997232,1.0
14.860000000063481,7.364783281176634,7.71549556286418,654.8175895863453,3256.782392307539,53,14.999999999997232,1.0
14.880000000063612,7.369083744447718,7.64477933220543,642.8691614192683,3496.035651603759,57,14.999999999997232,1.0
14.900000000063743,7.401193367166759,7.412546289137841,604.4042673747228,4677.435152773686,52,14.999999999997232,1.0
14.920000000063874,7.3794407094337675,7.151352308419814,562.5602382305555,5190.285730471539,48,14.999999999997232,1.0
14.940000000064005,7.34316941474195,7.068579956091418,549.6130485522309,4272.512167806915,48,14.999999999997232,1.0
14.960000000064136,7.339964859971121,7.254842611750885,578.9601545340404,5331.387390153985,56,14.999999999997232,1.0
14.980000000064267,7.365288554930811,7.3911463925138365,600.9194949512732,5441.193564974387,44,14.999999999997232,1.0
15.000000000064398,7.373306658989811,7.441747262219751,609.1756254623068,4236.538019248476,58,14.999999999997232,1.0
15.02000000006453,7.351604476714867,7.454491001934705,611.2637970771804,3048.172844578767,47,14.999999999997232,1.0
15.04000000006466,7.344374437288744,7.514307926490561,621.1130597553076,2988.9255616405967,61,14.999999999997232,1.0
15.060000000064791,7.396246848132824,7.546603928382927,626.4635393707309,3728.1382760846423,45,14.999999999997232,1.0
15.080000000064922,7.408689120472827,7.417181564053906,605.1604058955526,4228.535143616259,58,14.999999999997232,1.0
15.100000000065053,7.36480881620394,7.301844166345511,586.4862105255337,4575.013666515305,47,14.999999999997232,1.0
15.120000000065184,7.3156989562655905,7.2394134750376695,576.5001820881268,4372.571279524815,46,14.999999999997232,1.0
15.140000000065315,7.298442812820441,7.23586348020854,575.934923346372,4231.711693068924,54,14.999999999997232,1.0
15.160000000065446,7.29243864214672,7.170228333391242,565.5339178826321,5036.988467385409,49,14.999999999997232,1.0
15.180000000065577,7.2870089492396675,7.10259196860973,554.9149393981537,4739.773057128622,52,14.999999999997232,1.0
15.200000000065709,7.281829121579315,7.031024276385793,543.78832612639,5331.402436092646,43,14.999999999997232,1.0
15.22000000006584,7.314712773969442,6.918600616871445,526.5373794535134,5423.270910366131,51,14.999999999997232,1.0
15.24000000006597,7.363119242405076,6.589392488359758,477.6210270221721,6355.952270562413,46,14.999999999997232,1.0
15.260000000066102,7.3485515366725265,6.288907555129179,435.05394060656954,6813.515550125314,44,14.999999999997232,1.0
15.280000000066233,7.303700852924659,6.39197898378988,449.43134862132655,6656.7865214133835,40,14.999999999997232,1.0
15.300000000066364,7.2937706047931945,6.952334597662731,531.6845199364403,8099.7106000471,52,14.999999999997232,1.0
15.320000000066495,7.30568059353766,7.511917241831924,620.7179071294491,8147.013590731607,36,14.999999999997232,1.0
15.340000000066626,7.31856144373418,7.692966910212264,650.9991386978292,3660.598283123255,58,14.999999999997232,1.0
15.360000000066757,7.299382664240476,7.638212715313481,641.7652283281419,2970.633271633347,44,14.999999999997232,1.0
15.380000000066888,7.2857568077673145,7.520094168771589,622.069979379117,4359.613503411413,41,14.999999999997232,1.0
15.400000000067019,7.331964266212761,7.3665427878416985,596.925479096128,3908.9819323181455,42,14.999999999997232,1.0
15.42000000006715,7.356422196717014,7.100659583166038,554.6130316760847,4972.273927963686,49,14.999999999997232,1.0
15.44000000006728,7.312723490099869,6.897505238384605,523.3313636489738,4409.977845543513,46,14.999999999997232,1.0
15.460000000067412,7.251563263592564,6.847598719704024,515.785690487014,3239.9111756533807,40,14.999999999997232,1.0
15.480000000067543,7.22147769658032,6.955624908283108,532.1878965120122,4393.001520701305,55,14.999999999997232,1.0
15.500000000067674,7.201873420363009,7.029609399902625,543.5694914671927,5482.346690633281,51,14.999999999997232,1.0
15.520000000067805,7.190039231393345,7.060936674049136,548.4250938642529,3868.951890748383,56,14.999999999997232,1.0
15.540000000067936,7.18995671777645,7.015673158189723,541.4163684879815,3557.8588059675703,35,14.999999999997232,1.0
15.560000000068067,7.231380012614854,6.987465037298759,537.071344122198,3980.899193198492,51,14.999999999997232,1.0
15.580000000068198,7.294228924865355,6.799366159133774,508.5451818257093,5866.193307852705,43,14.999999999997232,1.0
15.600000000068329,7.286881660098133,6.462248368360575,459.36719371816804,7328.434404896758,50,14.999999999997232,1.0
15.62000000006846,7.246931094153993,6.435300832230569,455.544064814382,5673.7198277358675,41,14.999999999997232,1.0
15.640000000068591,7.224752142347299,7.022548235804298,542.4780209661786,6619.138886681233,47,14.999999999997232,1.0
15.660000000068722,7.22489110220089,7.754977210853979,661.5363869495102,9575.403530570606,43,14.999999999997232,1.0
15.680000000068853,7.2353846317973645,8.153076617228411,731.1992415903634,5330.078663394187,50,14.999999999997232,1.0
15.700000000068984,7.221518392912042,8.1698584713041,734.2124618525329,2956.512265942885,52,14.999999999997232,1.0
15.720000000069115,7.202981448508365,8.09996282132383,721.7033747751113,2590.8219157821363,45,14.999999999997232,1.0
15.740000000069246,7.235000923766239,7.9747242192513905,699.5584901042618,3527.6627612278608,48,14.999999999997232,1.0
15.760000000069377,7.284025675997121,7.625419385713584,639.6172288881818,5466.562439429624,43,14.999999999997232,1.0
15.780000000069508,7.251098334296215,7.2906993382184835,584.6972652432937,5425.908498999809,52,14.999999999997232,1.0
15.80000000006964,7.168663389734888,7.102114851556423,554.8403890116814,3503.4967500362477,44,14.999999999997232,1.0
15.82000000006977,7.123739152545924,7.0917894287378545,553.2282503171378,2868.1673279376646,53,14.999999999997232,1.0
15.840000000069901,7.0927298898749225,7.192441274227809,569.0433263153733,5024.013955917411,54,14.999999999997232,1.0
15.860000000070032,7.070923003997311,7.188033233148267,568.3460393692832,4315.315432304928,59,14.999999999997232,1.0
15.880000000070163,7.062811379886311,7.138865113393313,560.5973461794654,3998.013817096982,41,14.999999999997232,1.0
15.900000000070294,7.091102466422575,7.101500489347697,554.7444012022614,3686.0421948411467,45,14.999999999997232,1.0
15.920000000070425,7.1680326259461875,6.975886564416788,535.2929269557172,4321.023817680036,44,14.999999999997232,1.0
15.940000000070556,7.188019758625484,6.608766464476037,480.4337360018141,6752.443035749248,54,14.999999999997232,1.0
15.960000000070687,7.164782351150764,6.3472902704439385,443.16903154999517,5613.254783994949,42,14.999999999997232,1.0
15.980000000070818,7.1164122362489515,6.605810267880207,480.00402224754725,6566.766387171604,43,14.999999999997232,1.0
16.000000000070948,7.105354855142683,7.2347942651090715,575.7647286430063,8872.715706674793,51,14.999999999997232,1.0
16.02000000007019,7.10138391818406,7.745947032328932,659.9966497040992,7294.674452150408,39,14.999999999997232,1.0
16.040000000069433,7.09577072933031,7.852702339649221,678.3142743864557,2569.518152458422,58,14.999999999997232,1.0
16.060000000068676,7.076221541655549,7.787365190968682,667.0736227926177,2280.140374018313,41,14.999999999997232,1.0
16.08000000006792,7.089478948081671,7.70988739699902,653.8660004184475,2930.6064747184546,53,14.999999999997232,1.0
16.100000000067162,7.168806064687037,7.507264173761438,619.9491691210621,4293.7872716455795,38,14.999999999997232,1.0
16.120000000066405,7.172383378092965,7.074900198981116,550.5963410809734,6407.984013857344,47,14.999999999997232,1.0
16.140000000065648,7.100235589781844,6.750141037850341,501.208444339584,4840.500914848673,44,14.999999999997232,1.0
16.16000000006489,7.007030484616449,6.643103367235305,485.4390458255035,3417.360519046588,37,14.999999999997232,1.0
16.180000000064133,6.96747222417077,6.701680117287675,494.03768033893846,6390.040695118868,53,14.999999999997232,1.0
16.200000000063376,6.932348396231178,6.793587441739148,507.68113361411446,7087.084693212278,51,14.999999999997232,1.0
16.22000000006262,6.917328354034255,6.694666367882767,493.004135549867,4861.228373456067,47,14.999999999997232,1.0
16.240000000061862,6.916267908585297,6.548457460626636,471.70524625000314,3435.2224441764292,32,14.999999999997232,1.0
16.260000000061105,6.961382821078469,6.4275229633691335,454.44356589101284,3430.9810382306314,44,14.999999999997232,1.0
16.280000000060348,7.038132998535046,6.266583435911724,431.9707475516751,4386.90439299928,38,14.999999999997232,1.0
16.30000000005959,7.03011040655652,5.956860721721363,390.3260862378544,6183.789026660449,48,14.999999999997232,1.0
16.320000000058833,6.995485689153097,5.811943418504388,371.5655492988612,4201.500344291151,36,14.999999999997232,1.0
16.340000000058076,6.943418105980248,6.217103473479098,425.1761315994046,6495.904386379201,45,14.999999999997232,1.0
16.36000000005732,6.926647281244393,6.830505302350376,513.2138295398026,7721.879068475613,51,14.999999999997232,1.0
16.38000000005656,6.910499880344097,7.309888892232467,587.7792317846197,6093.484269477315,46,14.999999999997232,1.0
16.400000000055805,6.890641445309912,7.382909446110236,599.5808707841012,2375.5934912827256,49,14.999999999997232,1.0
16.420000000055047,6.877761103894416,7.337052071054021,592.1556640269391,2241.1685635038357,28,14.999999999997232,1.0
16.44000000005429,6.9281040348791345,7.3163008252411235,588.8108354196634,2375.4292606040867,53,14.999999999997232,1.0
16.460000000053533,7.029692984910399,7.160316084259868,563.9713906916163,5453.914869011536,41,14.999999999997232,1.0
16.480000000052776,7.010254374981885,6.596622125166639,478.6696580846182,7455.436679509181,47,14.999999999997232,1.0
16.50000000005202,6.923367523366945,6.263237760344921,431.5096196687152,4743.908726003233,42,14.999999999997232,1.0
16.52000000005126,6.796494992374892,6.250051365196855,429.6945627435898,3975.50474636648,35,14.999999999997232,1.0
16.540000000050505,6.766561215933734,6.440542293062969,456.28643531606093,7715.68530034421,46,14.999999999997232,1.0
16.560000000049747,6.732695958468062,6.5829532855084585,476.6880135510527,7076.706373939167,44,14.999999999997232,1.0
16.58000000004899,6.718473541638407,6.478062899359401,461.618288208624,4298.121365526435,39,14.999999999997232,1.0
16.600000000048233,6.715969193342622,6.245555018819637,429.0765324241347,4620.637262757331,25,14.999999999997232,1.0
16.620000000047476,6.737712719277648,6.101382003176754,409.495485835581,2798.0797850876365,48,14.999999999997232,1.0
16.64000000004672,6.814564372559008,5.9855297510898895,394.09223041300413,2540.2671171326588,27,14.999999999997232,1.0
16.66000000004596,6.811023424848002,5.701758172156737,357.61050879131744,5304.092370776002,36,14.999999999997232,1.0
16.680000000045204,6.759251599684929,5.472674846175842,329.45186969162353,3744.3522331710005,33,14.999999999997232,1.0
16.700000000044447,6.669804649393175,5.617479865371161,347.1168804163544,5032.452471339327,37,14.999999999997232,1.0
16.72000000004369,6.629697649997014,6.008221097796059,397.0859283600185,6235.147580316815,46,14.999999999997232,1.0
16.740000000042933,6.597380843728475,6.366191918152998,445.812394926322,6114.751393934941,50,14.999999999997232,1.0
16.760000000042176,6.567511573604878,6.501001456084279,464.8932192521091,3758.3817775930656,44,14.999999999997232,1.0
16.78000000004142,6.560136633122477,6.526897213141195,468.6042595400133,2793.237280620871,28,14.999999999997232,1.0
16.80000000004066,6.615918265205731,6.708774205358837,495.084164723369,4075.1482445607303,43,14.999999999997232,1.0
16.820000000039904,6.7502312022479405,6.821004735336469,511.787161594308,4968.730573828277,39,14.999999999997232,1.0
16.840000000039147,6.758531735767655,6.536805045584266,470.0280222437351,8095.668549566463,33,14.999999999997232,1.0
16.86000000003839,6.714059243723179,6.2519410526314845,429.95443618136756,4808.843833693895,44,14.999999999997232,1.0
16.880000000037633,6.50812100953159,6.324854429993458,440.0416191666866,6542.602752440346,32,14.999999999997232,1.0
16.900000000036876,6.417921578517453,6.513217236836521,466.6419865164681,8122.41331850003,44,14.999999999997232,1.0
16.92000000003612,6.433644751952903,6.684174473729665,491.4600723478517,8056.425255235636,43,14.999999999997232,1.0
16.94000000003536,6.396646624110257,6.100120070606939,409.3261136340377,10304.695009474313,37,14.999999999997232,1.0
16.960000000034604,6.377572541474339,5.155801436834183,292.40517301667575,8949.874631077519,33,14.999999999997232,1.0
16.980000000033847,6.3937110161257635,4.877455285188711,261.6852706491682,3343.2350832854518,32,14.999999999997232,1.0
17.00000000003309,6.432359603371063,4.945153627963624,268.9999884457797,1436.8752102716576,43,14.999999999997232,1.0
17.020000000032333,6.511691213707117,5.081778708979366,284.0692233173959,4666.91739797974,27,14.999999999997232,1.0
17.040000000031576,6.464910924355395,5.213849240306112,299.0264629070468,4379.68545893457,33,14.999999999997232,1.0
17.06000000003082,6.167720771906307,5.274316624419349,306.0025744008895,4605.945412258364,37,14.999999999997232,1.0
17.08000000003006,6.01189882990104,5.303294875939432,309.37430195281985,10733.645415310877,35,14.999999999997232,1.0
17.100000000029304,6.050665514374646,4.513191193760011,224.05784226576202,14812.460052344439,35,14.999999999997232,1.0
17.120000000028547,6.076988389502941,2.2440116616285577,55.39147171277457,16566.438969252573,27,14.999999999997232,1.0
17.14000000002779,6.039198467384299,1.5486520633784824,26.381555347470744,3159.891528980855,38,14.999999999997232,1.0
17.160000000027033,6.0365828545725595,1.865915094445367,38.29803053646969,2430.138422701205,33,14.999999999997232,1.0
17.180000000026276,6.082565853343435,3.318189673876199,121.114209830005,10898.818854399988,40,14.999999999997232,1.0
17.20000000002552,6.138725479222193,6.881458273816272,520.8991477170186,19125.900478395975,32,14.999999999997232,1.0
17.22000000002476,6.186562226015458,7.921356889636197,690.2268447028553,6177.284964396615,31,14.999999999997232,1.0
17.240000000024004,5.532488019026701,7.220758712111799,573.5329201639229,16894.100000132516,36,14.999999999997232,1.0
17.260000000023247,5.145896318246258,2.965134583776216,96.71225409896331,38259.06967671911,31,14.999999999997232,1.0
17.28000000002249,5.26150348426375,-1.5856640833803315,27.657636438546255,5947.230551875048,38,14.999999999997232,1.0
17.300000000021733,5.330570621341485,-0.8297596487856372,7.573511822281504,7152.4694520551275,40,14.999999999997232,1.0
17.320000000020976,5.355330653954827,0.011334488932157348,0.0014131770328851716,12382.33141769068,33,14.999999999997232,1.0
17.34000000002022,5.350574353493473,3.3200512029083833,121.25013988926743,21757.521013058373,27,14.999999999997232,1.0
17.36000000001946,5.415065834546532,8.328758530284068,763.0504052135759,22282.972904065224,21,14.999999999997232,1.0
17.380000000018704,5.5309737540430275,13.290926429589737,1943.1359789244368,25558.867857292906,18,14.999999999997232,1.0
17.400000000017947,5.644372884743983,17.201123635308953,3254.665197489027,19314.40845102176,30,14.999999999997232,1.0
17.42000000001719,5.679800369911946,18.33876254530859,3699.4123286253453,4377.708443611251,23,14.999999999997232,1.0
17.440000000016433,5.602854856332362,16.982549067894098,3172.476701277738,2649.9265253854765,18,14.999999999997232,1.0
17.460000000015675,5.090906709323442,15.889988701099618,2777.409150131809,16082.708294831767,24,14.999999999997232,1.0
17.48000000001492,4.211352136420466,6.402884711072183,450.966258856101,24891.65594712227,21,14.999999999997232,1.0
17.50000000001416,4.282385506967522,1.316685751917637,19.070275062332044,5425.99911036818,37,14.999999999997232,1.0
17.520000000013404,4.250833410761112,2.191483876118559,52.828617372163855,3126.839381354999,31,14.999999999997232,1.0
17.540000000012647,4.271285167449383,2.9521604033131306,95.86776151578941,3254.096714340015,32,14.999999999997232,1.0
17.56000000001189,4.369170819785139,3.428454230438221,129.29728251230708,3548.065470514063,29,14.999999999997232,1.0
17.580000000011132,4.584844735004104,3.8863493014665744,166.14081982310705,3260.19198971177,31,14.999999999997232,1.0
17.600000000010375,4.854470493902248,4.542319702658263,226.959351092732,4997.086783212702,29,14.999999999997232,1.0
17.620000000009618,5.364833341030982,5.140473914112952,290.66919267843303,6353.558775674772,39,14.999999999997232,1.0
17.64000000000886,5.502656352737739,6.174400503122791,419.35543730259275,6844.257198848999,32,14.999999999997232,1.0
17.660000000008104,5.418297643483237,6.088561068408113,407.7763347210844,4042.2985807772484,28,14.999999999997232,1.0
17.680000000007347,5.236868602492698,5.262902007091842,304.67951289876476,5523.493545947455,27,14.999999999997232,1.0
17.70000000000659,4.069811115243786,0.6760964217619017,5.028170086711719,37596.11674875027,23,14.999999999997232,1.0
17.720000000005832,4.105244323933484,-3.8675889235241523,164.54068489503382,4413.609309679607,36,14.999999999997232,1.0
17.740000000005075,4.024517693427486,-3.1738993050437356,110.81000478412818,2637.579579710268,32,14.999999999997232,1.0
17.760000000004318,3.938101373437639,-2.5977999775957983,74.23421195956404,1191.425461104528,26,14.999999999997232,1.0
17.78000000000356,3.8865226492208125,-2.1945516252455137,52.97662519454499,871.9369514623221,52,14.999999999997232,1.0
17.800000000002804,3.879898155177453,-1.7316289884322007,32.983928489365994,2888.1138879160026,34,14.999999999997232,1.0
17.820000000002047,3.8828631118634727,-1.250911309848144,17.21257015616599,2025.2203469941114,27,14.999999999997232,1.0
17.84000000000129,3.8691536496891348,-1.0211785263140312,11.470861408653862,231.55488365204886,45,14.999999999997232,1.0
17.860000000000532,3.8286762322995367,-0.8097573164648464,7.212776027251843,527.793513990016,44,14.999999999997232,1.0
17.879999999999775,3.7687257162546057,-0.6323271439177006,4.398213786286282,1535.309708272832,33,14.999999999997232,1.0
17.899999999999018,3.6663821921146096,-0.57770277472872,3.6711454552218843,827.3278545292779,32,14.999999999997232,1.0
17.91999999999826,3.563537401331094,-0.6260593404282321,4.311453275111763,1018.3907698962186,36,14.999999999997232,1.0
17.939999999997504,3.458397781097616,-0.6573977125960323,4.75388927779145,1123.9013763942303,52,14.999999999997232,1.0
17.959999999996747,3.3505405823403756,-0.6547222425993338,4.7152733644973095,2774.1399504193146,46,14.999999999997232,1.0
17.97999999999599,3.2140598452956386,-0.6685796348170808,4.916986009013552,3724.6301448236377,27,14.999999999997232,1.0
17.999999999995232,3.1548568295673314,-0.6847855118716606,5.158243169962654,2360.7311200470695,21,14.999999999997232,1.0
18.019999999994475,3.154285932200243,-0.6787795524337694,5.068158488824071,983.6191948911325,42,14.999999999997232,1.0
18.039999999993718,3.1188107006144503,-0.6869478073476536,5.190870190217239,2584.5363714691543,33,14.999999999997232,1.0
18.05999999999296,3.0710933827386695,-0.6884781035110638,5.214023089156101,4067.5131764199214,31,14.999999999997232,1.0
18.079999999992204,3.074208498078971,-0.5250737906132582,3.032727341478733,3644.430180417562,40,14.999999999997232,1.0
18.099999999991446,3.0629275986334843,-0.41961163405497875,1.9368131577771834,1117.7287936446382,49,14.999999999997232,1.0
18.11999999999069,3.0037311989054745,-0.31386191563806076,1.083602322967925,1580.070844948062,37,14.999999999997232,1.0
18.139999999989932,2.99078209373376,-0.1649976418270357,0.29946643989331034,985.0559937003239,50,14.999999999997232,1.0
18.159999999989175,3.0080901646089915,-0.010897172140245827,0.0013062319671956482,2987.2895444573187,36,14.999999999997232,1.0
18.179999999988418,3.0312864217419757,0.5117772963305673,2.881076011433679,6352.160004172638,46,14.999999999997232,1.0
18.19999999998766,3.0565153375434524,1.0877810018402447,13.015942587610231,3664.434514959634,35,14.999999999997232,1.0
18.219999999986904,3.101961232514249,1.3702696822137441,20.65402902193571,1669.033032215516,32,14.999999999997232,1.0
18.239999999986146,3.1133697020862656,1.4829009573172158,24.18894774133547,1474.2853377594897,34,14.999999999997232,1.0
18.25999999998539,3.090775465710246,1.501262492142934,24.791679773467344,1042.3965229182847,53,14.999999999997232,1.0
18.279999999984632,3.0261224899931327,1.5218249244156643,25.475462106300164,1561.392811587221,45,14.999999999997232,1.0
18.299999999983875,2.9624876211088353,1.5438277390235606,26.21744496556459,1905.0668921813306,47,14.999999999997232,1.0
18.319999999983118,2.8607036104818944,1.5224546554208598,25.496549955939138,3907.5106073649517,43,14.999999999997232,1.0
18.33999999998236,2.4280692183988255,1.4622952221604422,23.521380484285825,10601.173234356665,41,14.999999999997232,1.0
18.359999999981603,2.0987563099007236,1.270135905321056,17.745697397843124,13435.344223076425,38,14.999999999997232,1.0
18.379999999980846,2.017825668045734,1.0926079557756756,13.131713595267309,15603.480884145807,45,14.999999999997232,1.0
18.39999999998009,2.0730977996909266,1.001854439803198,11.040835504087179,8735.751363705082,47,14.999999999997232,1.0
18.419999999979332,2.133108265584114,0.9763316344419328,10.485458064532615,1871.885369107405,58,14.999999999997232,1.0
18.439999999978575,2.17036681922802,0.9723659628343511,10.40045122246652,633.884316597244,60,14.999999999997232,1.0
18.459999999977818,2.11407758371234,0.9595570669962007,10.128247413045862,567.8930362480032,56,14.999999999997232,1.0
18.47999999997706,2.0483669833413316,0.9899058981361624,10.779050558812385,2374.780010063465,53,14.999999999997232,1.0
18.499999999976303,1.9816899211001693,1.05168793687725,12.166522682304393,1826.4047906031878,54,14.999999999997232,1.0
18.519999999975546,1.9315881085483795,1.1155643486578883,13.689321975961484,1386.901709887074,58,14.999999999997232,1.0
18.53999999997479,1.8968558058443865,1.1668790473511073,14.977673822617303,1293.076137402296,65,14.999999999997232,1.0
18.559999999974032,1.8506915650224154,1.2401291124656726,16.917122371433866,1948.164712132452,61,14.999999999997232,1.0
18.579999999973275,1.791936992308451,1.3528673308679497,20.132750164227478,1848.1814551579942,56,14.999999999997232,1.0
18.599999999972518,1.7492666439247453,1.6544105842996015,30.107818195868038,3644.094927765058,53,14.999999999997232,1.0
18.61999999997176,1.7458222020074428,2.320972283082033,59.25603572718528,5632.722795965455,51,14.999999999997232,1.0
18.639999999971003,1.751506113075328,3.444966429050583,130.54573067014078,5968.327516329083,52,14.999999999997232,1.0
18.659999999970246,1.7613790496234318,4.765961016973827,249.85822856845613,3320.3359233954125,55,14.999999999997232,1.0
18.67999999996949,1.7646375846698275,5.8859024352105145,381.0823222449877,2303.6812741148174,61,14.999999999997232,1.0
18.699999999968732,1.764962177599647,6.622649634543561,482.4543700011195,1444.7347776639253,60,14.999999999997232,1.0
18.719999999967975,1.7622625536164755,6.923862774636179,527.3386329419187,1704.2844231357142,57,14.999999999997232,1.0
18.739999999967218,1.7620522957144686,6.8803393467183085,520.7297647860013,1499.6662501451308,46,14.999999999997232,1.0
18.75999999996646,1.7603298638963458,6.7417480908769445,499.96284052927217,1556.3517978929085,42,14.999999999997232,1.0
18.779999999965703,1.7607125617048767,6.59634020716248,478.6287454149118,1516.8773013604143,44,14.999999999997232,1.0
18.799999999964946,1.7648422726199404,6.434773190411126,455.4693661323716,1175.9601651388898,43,14.999999999997232,1.0
18.81999999996419,1.7650676781717376,6.277540433222736,433.48265279820924,1258.061065591027,65,14.999999999997232,1.0
18.83999999996343,1.7524848153814034,6.141487885244535,414.89660789065937,2077.3038472028584,58,14.999999999997232,1.0
18.859999999962675,1.7374154897558374,6.014783874307024,397.9538756008619,1269.3891919648495,56,14.999999999997232,1.0
18.879999999961917,1.7392901329865804,5.894369223729582,382.17947400215525,834.5994242957296,52,14.999999999997232,1.0
18.89999999996116,1.7572883675956565,5.780537721857591,367.56077989200406,1629.9013596881914,55,14.999999999997232,1.0
18.919999999960403,1.771104680330866,5.680941922335216,355.0041123744031,1328.5311581426151,53,14.999999999997232,1.0
18.939999999959646,1.781096597034671,5.608180640882293,345.96859110843616,1020.979856154424,53,14.999999999997232,1.0
18.95999999995889,1.801222028775771,5.57050522452598,341.33581302118364,1657.1394315896016,57,14.999999999997232,1.0
18.97999999995813,1.8335765670819355,5.518633241114906,335.00844134932254,2095.7012977519335,58,14.999999999997232,1.0
18.999999999957375,1.8779118415649116,5.452199516352451,326.99127522725286,2569.6608925888727,52,14.999999999997232,1.0
19.019999999956617,1.8960689070502381,5.327164037812634,312.16544354340624,1562.0153107002025,46,14.999999999997232,1.0
19.03999999995586,1.878194950281187,5.172213269305701,294.2696911350016,2823.203189585827,66,14.999999999997232,1.0
19.059999999955103,1.75384259293126,5.028630213474323,278.158340062535,3520.30873955829,63,14.999999999997232,1.0
19.079999999954346,1.6464163240606229,4.849793024826051,258.7254162201655,3219.381879890888,56,14.999999999997232,1.0
19.09999999995359,1.5336140295250735,4.6502771503278915,237.87585332347865,4490.727718656299,52,14.999999999997232,1.0
19.11999999995283,1.381064329952166,4.374425352573583,210.49156881762372,5264.497298220037,51,14.999999999997232,1.0
19.139999999952074,1.2468421362519686,3.8056672368482527,159.31413429382235,7785.0988035098435,49,14.999999999997232,1.0
19.159999999951317,1.166941558389308,2.1539596865135637,51.034965642381714,14115.79945229726,52,14.999999999997232,1.0
19.17999999995056,1.1500217945402886,-1.1266776837156989,13.963428632812697,19564.652278535545,48,14.999999999997232,1.0
19.199999999949803,1.17840168812457,-2.7532011066755104,83.3812796717918,5117.263681794378,55,14.999999999997232,1.0
19.219999999949046,1.1608179522865267,-2.4902005397107887,68.21208600773494,827.7173936700631,64,14.999999999997232,1.0
19.23999999994829,1.127733844154751,-2.2612748040891795,56.24700113569413,509.4521964661304,64,14.999999999997232,1.0
19.25999999994753,1.0959785940559021,-2.102207883338892,48.612057832494045,549.0063468101752,60,14.999999999997232,1.0
19.279999999946774,1.0708390995844297,-1.9716877240162485,42.763077291400116,474.5815648413531,56,14.999999999997232,1.0
19.299999999946017,1.054553322065608,-1.868232070124266,38.393201746248806,214.07182542568785,57,14.999999999997232,1.0
19.31999999994526,1.0399982026473193,-1.7869367288975657,35.124571603914454,127.9976368342363,68,14.999999999997232,1.0
19.339999999944503,1.0042591447342957,-1.7175138659237454,32.448392676043625,269.29517032579076,64,14.999999999997232,1.0
19.359999999943746,0.9704303867152619,0.0,0.0,914.7621743167514,60,14.999999999997232,1.0
19.37999999994299,0.9567419247165131,0.0,0.0,937.5745748292389,59,14.999999999997232,1.0
19.39999999994223,0.9420810277276085,0.0,0.0,1096.8989898040813,60,14.999999999997232,1.0
19.419999999941474,0.9191394555421163,0.0,0.0,581.2443013064,64,14.999999999997232,1.0
19.439999999940717,0.9016261971684808,0.0,0.0,908.5032271100229,64,14.999999999997232,1.0
19.45999999993996,0.8914062232234969,0.0,0.0,600.3557949048753,66,14.999999999997232,1.0
19.479999999939203,0.8829093615813007,0.0,0.0,468.58083061984695,66,14.999999999997232,1.0
19.499999999938446,0.8720722837486127,0.0,0.0,204.5687690750613,66,14.999999999997232,1.0
19.51999999993769,0.8659294676360747,0.0,0.0,236.30691275153512,64,14.999999999997232,1.0
19.53999999993693,0.8636462421109979,0.0,0.0,246.44120852798025,55,14.999999999997232,1.0
19.559999999936174,0.8624416885626607,0.0,0.0,163.50948841375148,62,14.999999999997232,1.0
19.579999999935417,0.8583847615666058,0.0,0.0,32.1797582387691,72,14.999999999997232,1.0
19.59999999993466,0.8492142679610339,0.0,0.0,34.747690062828745,71,14.999999999997232,1.0
19.619999999933903,0.8410981201519151,0.0,0.0,70.52092737931275,71,14.999999999997232,1.0
19.639999999933146,0.8451958726890803,0.0,0.0,391.71477107283107,68,14.999999999997232,1.0
19.65999999993239,0.8663770196151085,0.0,0.0,671.7850973077277,65,14.999999999997232,1.0
19.67999999993163,0.9075676481831763,0.0,0.0,1324.282742102168,65,14.999999999997232,1.0
19.699999999930874,0.9714680521258929,0.0,0.0,2719.5620573392443,63,14.999999999997232,1.0
19.719999999930117,1.0444649933708792,0.0,0.0,3146.9631709874056,59,14.999999999997232,1.0
19.73999999992936,1.0903858990139423,0.0,0.0,6094.207570251694,65,14.999999999997232,1.0
19.759999999928603,1.1238191704903167,0.0,0.0,7005.31594987122,63,14.999999999997232,1.0
19.779999999927846,1.1633061171346684,0.0,0.0,6102.686004948555,60,14.999999999997232,1.0
19.79999999992709,1.179540606227499,0.0,0.0,4768.802955461472,58,14.999999999997232,1.0
19.81999999992633,1.1945859212364844,0.0,0.0,3755.7251474237455,60,14.999999999997232,1.0
19.839999999925574,1.212014087304597,0.0,0.0,2862.366986762639,60,14.999999999997232,1.0
19.859999999924817,1.2248166678338783,0.0,0.0,2054.7763008186753,59,14.999999999997232,1.0
19.87999999992406,1.2329414480422256,0.0,0.0,1341.5407211308539,62,14.999999999997232,1.0
19.899999999923303,1.2312227031346474,0.0,0.0,1234.8810501015698,65,14.999999999997232,1.0
19.919999999922545,1.2152020545023785,0.0,0.0,2424.713136744377,64,14.999999999997232,1.0
19.93999999992179,1.185593490492196,0.0,0.0,2761.6401233627794,60,14.999999999997232,1.0
19.95999999992103,1.16205800628331,0.0,0.0,3952.981151663858,63,14.999999999997232,1.0
19.979999999920274,1.127403281864028,0.0,0.0,3943.642328027126,69,14.999999999997232,1.0
19.999999999919517,1.0999910099307038,0.0,0.0,3519.906978422431,65,14.999999999997232,1.0
20.01999999991876,1.0731156377295854,0.0,0.0,2416.8812275878895,62,14.999999999997232,1.0
20.039999999918003,1.0610177277578878,0.0,0.0,1585.916871926884,59,14.999999999997232,1.0
20.059999999917245,1.0403420145933124,0.0,0.0,2868.8420764621874,58,14.999999999997232,1.0
20.079999999916488,1.0259145472000628,0.0,0.0,2070.080662345792,57,14.999999999997232,1.0
20.09999999991573,0.9797086408074412,0.0,0.0,3139.238364682026,58,14.999999999997232,1.0
20.119999999914974,0.9062889723684951,0.0,0.0,2840.0624706155836,57,14.999999999997232,1.0
20.139999999914217,0.8390564026566485,0.0,0.0,1919.4258938885332,67,14.999999999997232,1.0
20.15999999991346,0.7607888738182552,0.0,0.0,2718.4283102098175,64,14.999999999997232,1.0
20.179999999912702,0.6222143034285281,0.0,0.0,4067.6565216657555,64,14.999999999997232,1.0
20.199999999911945,0.48349189220609984,0.0,0.0,3187.9162597267,63,14.999999999997232,1.0
20.219999999911188,0.4053593247303048,0.0,0.0,722.2289754464279,68,14.999999999997232,1.0
20.23999999991043,0.35385628600570285,0.0,0.0,1813.4884253373007,66,14.999999999997232,1.0
20.259999999909674,0.32232695949442225,0.0,0.0,2606.8699268012224,65,14.999999999997232,1.0
20.279999999908917,0.3209171122006502,0.0,0.0,1909.5452949563396,61,14.999999999997232,1.0
20.29999999990816,0.31655364176385775,0.0,0.0,1019.6988699533657,65,14.999999999997232,1.0
20.319999999907402,0.25541427559935426,0.0,0.0,814.5316152192798,62,14.999999999997232,1.0
20.339999999906645,0.23517915127396502,0.0,0.0,837.8583726860537,63,14.999999999997232,1.0
20.359999999905888,0.24080485479758537,0.0,0.0,445.1540831960662,62,14.999999999997232,1.0
20.37999999990513,0.24511247590076796,0.0,0.0,354.6898061496269,66,14.999999999997232,1.0
20.399999999904374,0.2284964538961251,0.0,0.0,331.31624652686355,68,14.999999999997232,1.0
20.419999999903617,0.1675560261134718,0.0,0.0,924.2224050440922,66,14.999999999997232,1.0
20.43999999990286,0.11612616590695544,0.0,0.0,1135.3519146216636,62,14.999999999997232,1.0
20.459999999902102,0.07939751350905795,0.0,0.0,752.4850674278463,64,14.999999999997232,1.0
20.479999999901345,0.05482971110106773,0.0,0.0,336.4210137014222,67,14.999999999997232,1.0
20.499999999900588,0.029873398213104443,0.0,0.0,288.56904189460454,65,14.999999999997232,1.0
20.51999999989983,-0.0025796530282317367,0.0,0.0,363.41660465174346,69,14.999999999997232,1.0
20.539999999899074,-0.043426194540948995,0.0,0.0,199.77731536068285,68,14.999999999997232,1.0
20.559999999898317,-0.06531209577947433,0.0,0.0,691.5982594260803,70,14.999999999997232,1.0
20.57999999989756,-0.07482339814764027,0.0,0.0,565.5236792577581,67,14.999999999997232,1.0
20.599999999896802,-0.08732955089335413,0.0,0.0,328.19478278895815,65,14.999999999997232,1.0
20.619999999896045,-0.08728645168456828,0.0,0.0,309.02481283136376,66,14.999999999997232,1.0
20.639999999895288,-0.0973764810453039,0.0,0.0,248.19949686508232,69,14.999999999997232,1.0
20.65999999989453,-0.13707417259552523,0.0,0.0,501.63221200878087,64,14.999999999997232,1.0
20.679999999893774,-0.18357586845380167,0.0,0.0,912.839995322041,63,14.999999999997232,1.0
20.699999999893016,-0.19899927030771986,0.0,0.0,863.6704505632559,65,14.999999999997232,1.0
20.71999999989226,-0.21077949040541508,0.0,0.0,880.5006558151372,64,14.999999999997232,1.0
20.739999999891502,-0.22093770765327148,0.0,0.0,633.4684703376919,63,14.999999999997232,1.0
20.759999999890745,-0.24243368704766524,0.0,0.0,1688.0974493763097,60,14.999999999997232,1.0
20.779999999889988,-0.25682181395205295,0.0,0.0,2418.9045604903995,58,14.999999999997232,1.0
20.79999999988923,-0.2655242365112306,0.0,0.0,2396.1071561497215,67,14.999999999997232,1.0
20.819999999888473,-0.2693149422425284,0.0,0.0,2408.1253162506036,64,14.999999999997232,1.0
20.839999999887716,-0.2654154050876725,0.0,0.0,1856.7921063636388,61,14.999999999997232,1.0
20.85999999988696,-0.25341171704922766,0.0,0.0,1474.8926708324802,61,14.999999999997232,1.0
20.879999999886202,-0.24699551562995167,0.0,0.0,1085.2978260215014,64,14.999999999997232,1.0
20.899999999885445,-0.24820442335492873,0.0,0.0,399.6402706984979,65,14.999999999997232,1.0
20.919999999884688,-0.25153110669945866,0.0,0.0,517.9960114898246,63,14.999999999997232,1.0
20.93999999988393,-0.24976304729854965,0.0,0.0,820.1058574781711,62,14.999999999997232,1.0
20.959999999883173,-0.24578651082951777,0.0,0.0,1075.7647396324003,65,14.999999999997232,1.0
20.979999999882416,-0.24175299783872597,0.0,0.0,1827.6436607795254,66,14.999999999997232,1.0
20.99999999988166,-0.24323623064567876,0.0,0.0,3580.80518452606,60,14.999999999997232,1.0
21.019999999880902,-0.23843660367784145,0.0,0.0,5247.011765361314,59,14.999999999997232,1.0
21.039999999880145,-0.23022960745878635,0.0,0.0,5992.483016725612,60,14.999999999997232,1.0
21.059999999879388,-0.21503389675477969,0.0,0.0,5872.107423609066,66,14.999999999997232,1.0
21.07999999987863,-0.19738314002597565,0.0,0.0,5444.484884268013,65,14.999999999997232,1.0
21.099999999877873,-0.17758164866512194,0.0,0.0,5384.2748415143915,63,14.999999999997232,1.0
21.119999999877116,-0.14763787521975316,0.0,0.0,5959.974688883403,61,14.999999999997232,1.0
21.13999999987636,-0.10930115291469161,0.0,0.0,7143.309095037911,58,14.999999999997232,1.0
21.159999999875602,-0.07531796495153906,0.0,0.0,7676.507460634063,58,14.999999999997232,1.0
21.179999999874845,-0.04884062213612299,0.0,0.0,7450.886211049086,57,14.999999999997232,1.0
21.199999999874088,-0.0189086531189822,0.0,0.0,7847.527853942043,57,14.999999999997232,1.0
21.21999999987333,0.009325795454658994,0.0,0.0,9960.843126917303,57,14.999999999997232,1.0
21.239999999872573,0.046985355028994855,0.0,0.0,13031.322215299911,56,14.999999999997232,1.0
21.259999999871816,0.07921505389072546,0.0,0.0,13149.937214474612,55,14.999999999997232,1.0
21.27999999987106,0.0880869616264956,0.0,0.0,8824.26464091514,57,14.999999999997232,1.0
21.299999999870302,0.0391014643555732,0.0,0.0,3453.8194750558114,67,14.999999999997232,1.0
21.319999999869545,0.0012023951200188583,0.0,0.0,708.6092000855442,70,14.999999999997232,1.0
21.339999999868787,-0.03369853352679545,0.0,0.0,17.695379715558346,74,14.999999999997232,1.0
21.35999999986803,-0.07490423115232502,0.0,0.0,19.010432221834186,74,14.999999999997232,1.0
21.379999999867273,-0.10140235399479208,0.0,0.0,12.284093692542129,74,14.999999999997232,1.0
21.399999999866516,-0.11916056880038402,0.0,0.0,121.81363017504387,74,14.999999999997232,1.0
21.41999999986576,-0.12646172922925772,0.0,0.0,150.62386804173204,70,14.999999999997232,1.0
21.439999999865,-0.12554565780881335,0.0,0.0,49.988160451543074,69,14.999999999997232,1.0
21.459999999864245,-0.1298109335224992,0.0,0.0,695.3867588805873,71,14.999999999997232,1.0
21.479999999863487,-0.14542849982138167,0.0,0.0,356.97884201655233,71,14.999999999997232,1.0
21.49999999986273,-0.13812513290790562,0.0,0.0,1169.8929270628075,69,14.999999999997232,1.0
21.519999999861973,-0.12711443821152832,0.0,0.0,1205.3687548789853,69,14.999999999997232,1.0
21.539999999861216,-0.10299513251247434,0.0,0.0,1323.0842150016429,70,14.999999999997232,1.0
21.55999999986046,-0.0954025921502871,0.0,0.0,2244.3597218938003,70,14.999999999997232,1.0
21.5799999998597,-0.07311109145644402,0.0,0.0,3965.90874655319,71,14.999999999997232,1.0
21.599999999858944,-0.053895437390946516,0.0,0.0,5897.416551235726,72,14.999999999997232,1.0
21.619999999858187,-0.026069175150995598,0.0,0.0,6514.721697122713,74,14.999999999997232,1.0
21.63999999985743,-0.012411347366632875,0.0,0.0,6018.245282328317,73,14.999999999997232,1.0
21.659999999856673,-0.006031880102830178,0.0,0.0,5025.451538429968,73,14.999999999997232,1.0
21.679999999855916,0.008037627662616243,0.0,0.0,4258.603041336505,73,14.999999999997232,1.0
21.69999999985516,0.03399748067290623,0.0,0.0,4325.325560099979,73,14.999999999997232,1.0
21.7199999998544,0.06933788030967665,0.0,0.0,5201.999225216886,73,14.999999999997232,1.0
21.739999999853644,0.09863878739783426,0.0,0.0,5218.528753791474,73,14.999999999997232,1.0
21.759999999852887,0.11620755484966291,0.0,0.0,4323.286993223371,73,14.999999999997232,1.0
21.77999999985213,0.11155322393785075,0.0,0.0,3284.4197143056135,73,14.999999999997232,1.0
21.799999999851373,0.09567333887051474,0.0,0.0,2871.5799920246945,74,14.999999999997232,1.0
21.819999999850616,0.06283779799608047,0.0,0.0,3018.4427845869063,74,14.999999999997232,1.0
21.83999999984986,0.017282795822843866,0.0,0.0,2473.784402947024,73,14.999999999997232,1.0
21.8599999998491,-0.03415821668149284,0.0,0.0,826.95598836064,74,14.999999999997232,1.0
21.879999999848344,-0.06960407195283362,0.0,0.0,42.140266496478546,74,14.999999999997232,1.0
21.899999999847587,-0.09771063872611183,0.0,0.0,39.56988046069012,74,14.999999999997232,1.0
21.91999999984683,-0.12772792855424278,0.0,0.0,8.447911765989014,73,14.999999999997232,1.0
21.939999999846073,-0.1511991034700646,0.0,0.0,6.018268266973629,74,14.999999999997232,1.0
21.959999999845316,-0.1733341161043073,0.0,0.0,16.517766618564888,74,14.999999999997232,1.0
21.97999999984456,-0.19630226976921922,0.0,0.0,0.0,75,14.999999999997232,1.0
21.9999999998438,-0.21244018216549096,0.0,0.0,0.0,75,14.999999999997232,1.0
22.019999999843044,-0.2173298000756591,0.0,0.0,0.6269089302240036,75,14.999999999997232,1.0
22.039999999842287,-0.22729194571926783,0.0,0.0,132.5431992331574,73,14.999999999997232,1.0
22.05999999984153,-0.23790455593291143,0.0,0.0,154.5371488180321,72,14.999999999997232,1.0
22.079999999840773,-0.22694715697289533,0.0,0.0,148.30024099465157,72,14.999999999997232,1.0
22.099999999840016,-0.21475460315715394,0.0,0.0,98.22765123927594,72,14.999999999997232,1.0
22.11999999983926,-0.20060078210082005,0.0,0.0,16.740911085805607,74,14.999999999997232,1.0
22.1399999998385,-0.18717815675677896,0.0,0.0,0.0,75,14.999999999997232,1.0
22.159999999837744,-0.16625038362205732,0.0,0.0,1144.0027311468325,73,14.999999999997232,1.0
22.179999999836987,-0.13916328425059765,0.0,0.0,751.4414276375466,73,14.999999999997232,1.0
22.19999999983623,-0.10441334455737375,0.0,0.0,2065.709979905651,74,14.999999999997232,1.0
22.219999999835473,-0.07316481898503824,0.0,0.0,2014.4335260938692,74,14.999999999997232,1.0
22.239999999834716,-0.04941061617789177,0.0,0.0,2457.1400264601143,74,14.999999999997232,1.0
22.25999999983396,-0.02699601795115382,0.0,0.0,2177.9960446686814,74,14.999999999997232,1.0
22.2799999998332,0.002692268672220472,0.0,0.0,1693.1853863632532,74,14.999999999997232,1.0
22.299999999832444,0.04013510258259679,0.0,0.0,1961.4247066857638,74,14.999999999997232,1.0
22.319999999831687,0.07832598273752871,0.0,0.0,2638.8628492946295,74,14.999999999997232,1.0
22.33999999983093,0.10923313468567683,0.0,0.0,2459.111071626789,74,14.999999999997232,1.0
22.359999999830173,0.1275085041963324,0.0,0.0,1570.1220080962373,74,14.999999999997232,1.0
22.379999999829415,0.1408828605827804,0.0,0.0,404.706886296626,74,14.999999999997232,1.0
22.39999999982866,0.12546998175392668,0.0,0.0,0.3041478684047112,75,14.999999999997232,1.0
22.4199999998279,0.08552670872567188,0.0,0.0,5.375012772778477,73,14.999999999997232,1.0
22.439999999827144,0.044321557761146636,0.0,0.0,0.0,75,14.999999999997232,1.0
22.459999999826387,0.01091892541744492,0.0,0.0,44.51371880731183,73,14.999999999997232,1.0
22.47999999982563,-0.02099528557141268,0.0,0.0,45.56795361090579,71,14.999999999997232,1.0
22.499999999824873,-0.0473858024066196,0.0,0.0,9.581484743708792,74,14.999999999997232,1.0
22.519999999824115,-0.07653308125237114,0.0,0.0,5.115417586437947,74,14.999999999997232,1.0
22.539999999823358,-0.11271749998172541,0.0,0.0,76.04307801087485,71,14.999999999997232,1.0
22.5599999998226,-0.14275340646698592,0.0,0.0,35.376720474440624,72,14.999999999997232,1.0
22.579999999821844,-0.1683560031986084,0.0,0.0,10.310274870493064,73,14.999999999997232,1.0
22.599999999821087,-0.19410990104760154,0.0,0.0,8.545669403022396,74,14.999999999997232,1.0
22.61999999982033,-0.21498489461621673,0.0,0.0,58.54723226668908,73,14.999999999997232,1.0
22.639999999819572,-0.22991761993384907,0.0,0.0,78.63086131643885,72,14.999999999997232,1.0
22.659999999818815,-0.23575481022831885,0.0,0.0,81.89466492042021,74,14.999999999997232,1.0
22.679999999818058,-0.2383447008046758,0.0,0.0,36.88904703685929,74,14.999999999997232,1.0
22.6999999998173,-0.24430627997926097,0.0,0.0,0.04060205420999511,75,14.999999999997232,1.0
22.719999999816544,-0.247880495247118,0.0,0.0,48.08291643760346,73,14.999999999997232,1.0
22.739999999815787,-0.23531405293206578,0.0,0.0,48.011755361204656,73,14.999999999997232,1.0
22.75999999981503,-0.21358480589330447,0.0,0.0,39.575158090940405,72,14.999999999997232,1.0
22.779999999814272,-0.18984888937120636,0.0,0.0,38.49915047740134,74,14.999999999997232,1.0
22.799999999813515,-0.16411824626280497,0.0,0.0,0.2747387657979369,75,14.999999999997232,1.0
22.819999999812758,-0.14367570315180916,0.0,0.0,0.0,75,14.999999999997232,1.0
22.839999999812,-0.1259085556143526,0.0,0.0,49.73412146569322,74,14.999999999997232,1.0
22.859999999811244,-0.10630551289711251,0.0,0.0,105.322977690988,74,14.999999999997232,1.0
22.879999999810487,-0.08358344452648069,0.0,0.0,88.80080899325412,74,14.999999999997232,1.0
22.89999999980973,-0.055928624154105495,0.0,0.0,31.736298518753134,74,14.999999999997232,1.0
22.919999999808972,-0.025696359784654045,0.0,0.0,1.3120884254203908,75,14.999999999997232,1.0
22.939999999808215,-0.0007653035046059378,0.0,0.0,0.0,75,14.999999999997232,1.0
22.959999999807458,0.020684435933112883,0.0,0.0,0.0,75,14.999999999997232,1.0
22.9799999998067,0.040878208423815864,0.0,0.0,0.0,75,14.999999999997232,1.0
22.999999999805944,0.06864767318788552,0.0,0.0,0.0,75,14.999999999997232,1.0
23.019999999805187,0.10235819699553404,0.0,0.0,0.0,75,14.999999999997232,1.0
23.03999999980443,0.1327280930692565,0.0,0.0,0.0,75,14.999999999997232,1.0
23.059999999803672,0.15644248824665313,0.0,0.0,0.0,75,14.999999999997232,1.0
23.079999999802915,0.17427751532137908,0.0,0.0,1.5872884222278263,75,14.999999999997232,1.0
23.099999999802158,0.18812074580514174,0.0,0.0,2.1943203559665556,75,14.999999999997232,1.0
23.1199999998014,0.19320459931223263,0.0,0.0,9.250687979297885,74,14.999999999997232,1.0
23.139999999800644,0.14527862665153374,0.0,0.0,2.0029642871597257,75,14.999999999997232,1.0
23.159999999799886,0.08905641175044586,0.0,0.0,6.4520435159466,73,14.999999999997232,1.0
23.17999999979913,0.031381590815340976,0.0,0.0,5.764309640066199,74,14.999999999997232,1.0
23.199999999798372,-0.02759787848229727,0.0,0.0,7.384444919765285,74,14.999999999997232,1.0
23.219999999797615,-0.08152406571239172,0.0,0.0,0.0,75,14.999999999997232,1.0
23.239999999796858,-0.11676291700853986,0.0,0.0,24.191378262174055,74,14.999999999997232,1.0
23.2599999997961,-0.14041087583144166,0.0,0.0,24.551316169774392,74,14.999999999997232,1.0
23.279999999795344,-0.1692466404027938,0.0,0.0,74.82742447480051,74,14.999999999997232,1.0
23.299999999794586,-0.19800706136620067,0.0,0.0,15.074054010467481,74,14.999999999997232,1.0
23.31999999979383,-0.21090281617648976,0.0,0.0,41.862364929652784,73,14.999999999997232,1.0
23.339999999793072,-0.2285675923876609,0.0,0.0,32.337406020327194,74,14.999999999997232,1.0
23.359999999792315,-0.25101292924196816,0.0,0.0,26.76364473673211,73,14.999999999997232,1.0
23.379999999791558,-0.26126840100926624,0.0,0.0,37.63609244941392,73,14.999999999997232,1.0
23.3999999997908,-0.27028764804435473,0.0,0.0,79.07647192213086,73,14.999999999997232,1.0
23.419999999790043,-0.2768981024566346,0.0,0.0,54.13024898710354,72,14.999999999997232,1.0
23.439999999789286,-0.2790755923775704,0.0,0.0,63.2670243467349,71,14.999999999997232,1.0
23.45999999978853,-0.28525541978888247,0.0,0.0,65.06163738923804,72,14.999999999997232,1.0
23.479999999787772,-0.28761769071114224,0.0,0.0,69.97537503611149,70,14.999999999997232,1.0
23.499999999787015,-0.28472863438554596,0.0,0.0,134.17117259399848,72,14.999999999997232,1.0
23.519999999786258,-0.2583588527787559,0.0,0.0,2458.3340840747214,72,14.999999999997232,1.0
23.5399999997855,-0.23272778187526055,0.0,0.0,2281.7463634550227,71,14.999999999997232,1.0
23.559999999784743,-0.2108952174405149,0.0,0.0,1860.6164732294149,69,14.999999999997232,1.0
23.579999999783986,-0.17974811984374123,0.0,0.0,2181.9571605847664,67,14.999999999997232,1.0
23.59999999978323,-0.15286450718888855,0.0,0.0,2002.1041303926047,64,14.999999999997232,1.0
23.619999999782472,-0.12438035975085725,0.0,0.0,2120.077781101543,65,14.999999999997232,1.0
23.639999999781715,-0.09505578500859568,0.0,0.0,1890.5481109221284,66,14.999999999997232,1.0
23.659999999780958,-0.06956169529671628,0.0,0.0,2427.5676187924873,65,14.999999999997232,1.0
23.6799999997802,-0.046605861917815385,0.0,0.0,3271.281193466586,64,14.999999999997232,1.0
23.699999999779443,-0.028253553767175647,0.0,0.0,5031.92711896517,63,14.999999999997232,1.0
23.719999999778686,-0.007437380170973856,0.0,0.0,7140.903925811143,65,14.999999999997232,1.0
23.73999999977793,0.019782585352936907,0.0,0.0,8683.629286958541,65,14.999999999997232,1.0
23.759999999777172,0.04526044249740538,0.0,0.0,9712.37985757742,65,14.999999999997232,1.0
23.779999999776415,0.06647302849139015,0.0,0.0,10137.694319095364,63,14.999999999997232,1.0
23.799999999775657,0.0846929691052595,0.0,0.0,10274.652086112961,62,14.999999999997232,1.0
23.8199999997749,0.09496266809106359,0.0,0.0,8974.071556173663,61,14.999999999997232,1.0
23.839999999774143,0.09440073624722742,0.0,0.0,6056.18745552394,61,14.999999999997232,1.0
23.859999999773386,0.07365442574250604,0.0,0.0,2466.829393494236,67,14.999999999997232,1.0
23.87999999977263,0.04252790202032649,0.0,0.0,139.29651549109184,71,14.999999999997232,1.0
23.89999999977187,0.008237519401017758,0.0,0.0,1.4998971115554738,75,14.999999999997232,1.0
23.919999999771115,-0.03483103150667036,0.0,0.0,0.0,75,14.999999999997232,1.0
23.939999999770357,-0.07488657810632239,0.0,0.0,16.39144640623165,73,14.999999999997232,1.0
23.9599999997696,-0.11243188076473028,0.0,0.0,0.0,75,14.999999999997232,1.0
23.979999999768843,-0.14534061793476924,0.0,0.0,12.005480956543279,74,14.999999999997232,1.0
23.999999999768086,-0.17635957995992485,0.0,0.0,31.093330445187508,71,14.999999999997232,1.0
24.01999999976733,-0.20700060716110183,0.0,0.0,9.193752038862824,72,14.999999999997232,1.0
24.03999999976657,-0.2344427630234252,0.0,0.0,13.677287795859163,73,14.999999999997232,1.0
24.059999999765814,-0.254861094375326,0.0,0.0,35.414090874773585,73,14.999999999997232,1.0
24.079999999765057,-0.270144506274815,0.0,0.0,20.945413596223847,72,14.999999999997232,1.0
24.0999999997643,-0.2856111874964666,0.0,0.0,22.6013517057617,71,14.999999999997232,1.0
24.119999999763543,-0.3065432395807986,0.0,0.0,18.32594466010977,71,14.999999999997232,1.0
24.139999999762786,-0.324065745966231,0.0,0.0,36.4470942508341,73,14.999999999997232,1.0
24.15999999976203,-0.3409394125763574,0.0,0.0,46.52711236247373,73,14.999999999997232,1.0
24.17999999976127,-0.35478225836764593,0.0,0.0,51.00326673761875,73,14.999999999997232,1.0
24.199999999760514,-0.3593053610214553,0.0,0.0,138.3472868512841,72,14.999999999997232,1.0
24.219999999759757,-0.36204606933620265,0.0,0.0,208.6673225606763,71,14.999999999997232,1.0
24.239999999759,-0.3524125701823966,0.0,0.0,499.5988303797062,71,14.999999999997232,1.0
24.259999999758243,-0.33752280579106325,0.0,0.0,110.86188328220182,70,14.999999999997232,1.0
24.279999999757486,-0.3187641277903062,0.0,0.0,128.20753456381473,68,14.999999999997232,1.0
24.29999999975673,-0.2890161449581776,0.0,0.0,401.4941295781503,68,14.999999999997232,1.0
24.31999999975597,-0.2568718123504539,0.0,0.0,724.4945985707108,68,14.999999999997232,1.0
24.339999999755214,-0.2255111391784319,0.0,0.0,515.4590943008333,70,14.999999999997232,1.0
24.359999999754457,-0.19792167068549119,0.0,0.0,568.2016420886681,67,14.999999999997232,1.0
24.3799999997537,-0.17074417738757067,0.0,0.0,521.9734114312778,66,14.999999999997232,1.0
24.399999999752943,-0.14493127432919575,0.0,0.0,691.7403923897717,66,14.999999999997232,1.0
24.419999999752186,-0.12956925998872731,0.0,0.0,951.5706044820587,65,14.999999999997232,1.0
24.43999999975143,-0.12114241451331897,0.0,0.0,824.0302835043921,67,14.999999999997232,1.0
24.45999999975067,-0.1164204272759985,0.0,0.0,762.6123234739757,68,14.999999999997232,1.0
24.479999999749914,-0.13075762571231067,0.0,0.0,1344.4233352262172,70,14.999999999997232,1.0
24.499999999749157,-0.14849033477924511,0.0,0.0,1524.625738710064,70,14.999999999997232,1.0
24.5199999997484,-0.16889258477334013,0.0,0.0,1750.930088054767,66,14.999999999997232,1.0
24.539999999747643,-0.1870664385187993,0.0,0.0,1687.9871037108364,68,14.999999999997232,1.0
24.559999999746886,-0.19888901358575367,0.0,0.0,1483.5904837639325,71,14.999999999997232,1.0
24.57999999974613,-0.21153087622427416,0.0,0.0,1630.579888516599,71,14.999999999997232,1.0
24.59999999974537,-0.23115559550948134,0.0,0.0,2218.884045759819,68,14.999999999997232,1.0
24.619999999744614,-0.25804656405472387,0.0,0.0,2448.305260889022,73,14.999999999997232,1.0
24.639999999743857,-0.28819919015351464,0.0,0.0,2482.162368348186,72,14.999999999997232,1.0
24.6599999997431,-0.31859127447400876,0.0,0.0,2268.279939218343,73,14.999999999997232,1.0
24.679999999742343,-0.34559356854119877,0.0,0.0,2370.752447567649,73,14.999999999997232,1.0
24.699999999741586,-0.3729291857396295,0.0,0.0,2574.90846683111,70,14.999999999997232,1.0
24.71999999974083,-0.39944189729411705,0.0,0.0,2499.617679240021,71,14.999999999997232,1.0
24.73999999974007,-0.42527887240230783,0.0,0.0,2328.539077299213,71,14.999999999997232,1.0
24.759999999739314,-0.446870308583527,0.0,0.0,1979.5601136640398,71,14.999999999997232,1.0
24.779999999738557,-0.45717798882264027,0.0,0.0,1865.2686163978,72,14.999999999997232,1.0
24.7999999997378,-0.4582023592569352,0.0,0.0,1902.9934383123807,72,14.999999999997232,1.0
24.819999999737043,-0.4547948729305191,0.0,0.0,1429.0029589802664,70,14.999999999997232,1.0
24.839999999736285,-0.44658461668284066,0.0,0.0,1626.6218772169755,67,14.999999999997232,1.0
24.85999999973553,-0.43598807816054364,0.0,0.0,1756.2502413864352,66,14.999999999997232,1.0
24.87999999973477,-0.4195589948985661,0.0,0.0,2267.4817255165644,64,14.999999999997232,1.0
24.899999999734014,-0.3956725793508028,0.0,0.0,2028.8507198845998,64,14.999999999997232,1.0
24.919999999733257,-0.36946256304725494,0.0,0.0,1774.8708872801276,66,14.999999999997232,1.0
24.9399999997325,-0.3454797133429517,0.0,0.0,1798.492285596636,66,14.999999999997232,1.0
24.959999999731743,-0.32692283000726835,0.0,0.0,1870.235730260077,66,14.999999999997232,1.0
24.979999999730985,-0.31513190374034894,0.0,0.0,1665.2515177369683,67,14.999999999997232,1.0
24.99999999973023,-0.31611793653305864,0.0,0.0,1085.7048665724396,68,14.999999999997232,1.0
25.01999999972947,-0.3130203004927921,0.0,0.0,1311.4777407531328,67,14.999999999997232,1.0
25.039999999728714,-0.3080695102779647,0.0,0.0,1385.0748741364876,67,14.999999999997232,1.0
25.059999999727957,-0.30813662610876796,0.0,0.0,1152.58496149999,67,14.999999999997232,1.0
25.0799999997272,-0.3180307747742914,0.0,0.0,1737.6747575348913,68,14.999999999997232,1.0
25.099999999726442,-0.33627715859851237,0.0,0.0,2208.8163424253444,64,14.999999999997232,1.0
25.119999999725685,-0.35833666780938717,0.0,0.0,2273.9465406510344,65,14.999999999997232,1.0
25.139999999724928,-0.3761648206452945,0.0,0.0,2062.815077593889,67,14.999999999997232,1.0
25.15999999972417,-0.39237504878453033,0.0,0.0,1966.1836635780232,65,14.999999999997232,1.0
25.179999999723414,-0.40725574670679415,0.0,0.0,1886.2231994886545,66,14.999999999997232,1.0
25.199999999722657,-0.4246238965811301,0.0,0.0,2011.5938743164643,69,14.999999999997232,1.0
25.2199999997219,-0.446495546493541,0.0,0.0,2273.7121838746225,69,14.999999999997232,1.0
25.239999999721142,-0.4658757131408009,0.0,0.0,2076.081176345877,68,14.999999999997232,1.0
25.259999999720385,-0.47666740483813425,0.0,0.0,1589.9251222164935,66,14.999999999997232,1.0
25.279999999719628,-0.4784946561605138,0.0,0.0,1154.8877742398456,65,14.999999999997232,1.0
25.29999999971887,-0.47789987155982866,0.0,0.0,1280.2236286948646,64,14.999999999997232,1.0
25.319999999718114,-0.47467688306919514,0.0,0.0,1504.3182245239925,65,14.999999999997232,1.0
25.339999999717357,-0.4648129388007145,0.0,0.0,1878.7312365722883,63,14.999999999997232,1.0
25.3599999997166,-0.44682634897852325,0.0,0.0,2088.5191727860606,63,14.999999999997232,1.0
25.379999999715842,-0.42280821688661446,0.0,0.0,1749.284914235638,65,14.999999999997232,1.0
25.399999999715085,-0.3964524650630801,0.0,0.0,1632.801193845896,66,14.999999999997232,1.0
25.419999999714328,-0.3726836407450772,0.0,0.0,1721.9739164488315,65,14.999999999997232,1.0
25.43999999971357,-0.35291567289955555,0.0,0.0,2008.5185197537048,67,14.999999999997232,1.0
25.459999999712814,-0.33799977166614753,0.0,0.0,2162.3080744338777,63,14.999999999997232,1.0
25.479999999712057,-0.32875122347728214,0.0,0.0,2079.328242138722,62,14.999999999997232,1.0
25.4999999997113,-0.323858530710836,0.0,0.0,1595.3126587939726,62,14.999999999997232,1.0
25.519999999710542,-0.3228982294090467,0.0,0.0,1401.554495966039,64,14.999999999997232,1.0
25.539999999709785,-0.32626218212874053,0.0,0.0,1196.339022454726,62,14.999999999997232,1.0
25.559999999709028,-0.3348561789189778,0.0,0.0,1551.9566367778089,65,14.999999999997232,1.0
25.57999999970827,-0.3487419482840712,0.0,0.0,1910.6398722600995,66,14.999999999997232,1.0
25.599999999707514,-0.36341878104049485,0.0,0.0,1857.5011589238725,64,14.999999999997232,1.0
25.619999999706756,-0.3730078451202806,0.0,0.0,1475.118410299772,64,14.999999999997232,1.0
25.639999999706,-0.37744669029773564,0.0,0.0,1174.143204777033,65,14.999999999997232,1.0
25.659999999705242,-0.38200657797016824,0.0,0.0,1230.146323172329,64,14.999999999997232,1.0
25.679999999704485,-0.3889965689426839,0.0,0.0,1174.0269183308626,64,14.999999999997232,1.0
25.699999999703728,-0.3990054661123541,0.0,0.0,1315.0506305714568,64,14.999999999997232,1.0
25.71999999970297,-0.40980295265683847,0.0,0.0,1292.518485928959,63,14.999999999997232,1.0
25.739999999702214,-0.41734855894919354,0.0,0.0,1177.950327672462,63,14.999999999997232,1.0
25.759999999701456,-0.42218779147793184,0.0,0.0,1337.7599032903984,62,14.999999999997232,1.0
25.7799999997007,-0.4259566670124408,0.0,0.0,1368.5866249222656,64,14.999999999997232,1.0
25.799999999699942,-0.43038482089846297,0.0,0.0,1419.5568872290432,65,14.999999999997232,1.0
25.819999999699185,-0.43615321866028756,0.0,0.0,1338.36614062189,66,14.999999999997232,1.0
25.839999999698428,-0.43694248256891555,0.0,0.0,1531.8907774084373,63,14.999999999997232,1.0
25.85999999969767,-0.4282705462581783,0.0,0.0,2032.7262005553205,63,14.999999999997232,1.0
25.879999999696913,-0.4148182727948099,0.0,0.0,2141.651743660604,63,14.999999999997232,1.0
25.899999999696156,-0.40067389133119086,0.0,0.0,2117.0393047918624,64,14.999999999997232,1.0
25.9199999996954,-0.3889786075223393,0.0,0.0,2129.9494449451786,64,14.999999999997232,1.0
25.939999999694642,-0.3772057069250002,0.0,0.0,2145.1236812285456,64,14.999999999997232,1.0
25.959999999693885,-0.363837015199604,0.0,0.0,2085.6957714746577,64,14.999999999997232,1.0
25.979999999693128,-0.3499576968797126,0.0,0.0,2104.063146020596,64,14.999999999997232,1.0
25.99999999969237,-0.33944948127462643,0.0,0.0,2168.0202877047577,63,14.999999999997232,1.0
26.019999999691613,-0.3324065433466791,0.0,0.0,2092.477058591521,62,14.999999999997232,1.0
26.039999999690856,-0.32865617356167737,0.0,0.0,2230.132095156068,64,14.999999999997232,1.0
26.0599999996901,-0.3330236493653787,0.0,0.0,1742.0075742437305,64,14.999999999997232,1.0
26.079999999689342,-0.3419185557916191,0.0,0.0,1390.9688820067697,66,14.999999999997232,1.0
26.099999999688585,-0.35097240636833255,0.0,0.0,1329.804256544312,63,14.999999999997232,1.0
26.119999999687828,-0.35890514302360593,0.0,0.0,1438.083946049604,66,14.999999999997232,1.0
26.13999999968707,-0.3653770939007172,0.0,0.0,1516.371562588376,63,14.999999999997232,1.0
26.159999999686313,-0.3713223104727023,0.0,0.0,1598.463861672401,64,14.999999999997232,1.0
26.179999999685556,-0.37719552544299734,0.0,0.0,1657.7531828195233,62,14.999999999997232,1.0
26.1999999996848,-0.3798285854016398,0.0,0.0,1801.2115567330295,63,14.999999999997232,1.0
26.219999999684042,-0.3785457752038804,0.0,0.0,2096.825258257897,63,14.999999999997232,1.0
26.239999999683285,-0.3737869397989569,0.0,0.0,2276.7917290102787,61,14.999999999997232,1.0
26.259999999682528,-0.3677630185500178,0.0,0.0,2238.551045937264,62,14.999999999997232,1.0
26.27999999968177,-0.36202354321623287,0.0,0.0,2258.1650437993367,62,14.999999999997232,1.0
26.299999999681013,-0.3580663873355875,0.0,0.0,2237.2875464101717,61,14.999999999997232,1.0
26.319999999680256,-0.3521018665614591,0.0,0.0,2179.3129058626964,61,14.999999999997232,1.0
26.3399999996795,-0.34359625127582216,0.0,0.0,2124.864167994598,61,14.999999999997232,1.0
26.35999999967874,-0.3330088724202487,0.0,0.0,2038.0988356283906,66,14.999999999997232,1.0
26.379999999677985,-0.3212467073080059,0.0,0.0,2021.2954816023089,65,14.999999999997232,1.0
26.399999999677227,-0.311250376473551,0.0,0.0,2084.64377893757,65,14.999999999997232,1.0
26.41999999967647,-0.30067716984810683,0.0,0.0,1979.8255953968262,65,14.999999999997232,1.0
26.439999999675713,-0.2864619408969336,0.0,0.0,2120.1729859125603,64,14.999999999997232,1.0
26.459999999674956,-0.2676065486488601,0.0,0.0,2194.553515260385,63,14.999999999997232,1.0
26.4799999996742,-0.24592623698017652,0.0,0.0,2173.055760077877,63,14.999999999997232,1.0
26.49999999967344,-0.22305676982115316,0.0,0.0,2170.9680383113664,62,14.999999999997232,1.0
26.519999999672685,-0.20186599460364515,0.0,0.0,2213.466701377723,61,14.999999999997232,1.0
26.539999999671927,-0.18515186995373079,0.0,0.0,2252.062930436243,61,14.999999999997232,1.0
26.55999999967117,-0.17119836192790708,0.0,0.0,2221.1104459320254,60,14.999999999997232,1.0
26.579999999670413,-0.15987930108537726,0.0,0.0,2122.0531850113066,58,14.999999999997232,1.0
26.599999999669656,-0.14782764611814853,0.0,0.0,2020.5163798684932,61,14.999999999997232,1.0
26.6199999996689,-0.13605951091896035,0.0,0.0,1984.0381367930631,62,14.999999999997232,1.0
26.63999999966814,-0.1311433091345452,0.0,0.0,2012.545421567342,64,14.999999999997232,1.0
26.659999999667384,-0.12691092805778295,0.0,0.0,2078.54456042111,63,14.999999999997232,1.0
26.679999999666627,-0.11948357200307329,0.0,0.0,2117.260896050198,63,14.999999999997232,1.0
26.69999999966587,-0.10884721241222678,0.0,0.0,2159.213026019499,60,14.999999999997232,1.0
26.719999999665113,-0.09573531499738855,0.0,0.0,2128.8361228371996,62,14.999999999997232,1.0
26.739999999664356,-0.08180365418582683,0.0,0.0,2033.3347863083163,62,14.999999999997232,1.0
26.7599999996636,-0.07222536574968087,0.0,0.0,1998.7237733727475,59,14.999999999997232,1.0
26.77999999966284,-0.06694768610179117,0.0,0.0,1876.750111349439,58,14.999999999997232,1.0
26.799999999662084,-0.0610661933662093,0.0,0.0,1774.7642347581746,58,14.999999999997232,1.0
26.819999999661327,-0.054957660855763556,0.0,0.0,1650.3078824559063,58,14.999999999997232,1.0
26.83999999966057,-0.048985121153810963,0.0,0.0,1673.4724739341623,59,14.999999999997232,1.0
26.859999999659813,-0.046261827786775844,0.0,0.0,1843.2934343702264,61,14.999999999997232,1.0
26.879999999659056,-0.04905662289215369,0.0,0.0,2097.180755794048,60,14.999999999997232,1.0
26.8999999996583,-0.05545951957112693,0.0,0.0,2224.2476603095083,62,14.999999999997232,1.0
26.91999999965754,-0.060757118081720636,0.0,0.0,2148.684116614576,61,14.999999999997232,1.0
26.939999999656784,-0.06213327303653776,0.0,0.0,2022.2986567908063,60,14.999999999997232,1.0
26.959999999656027,-0.05975965084135301,0.0,0.0,1895.947252850234,61,14.999999999997232,1.0
26.97999999965527,-0.05641451884385203,0.0,0.0,1875.5116159049119,62,14.999999999997232,1.0
26.999999999654513,-0.05291076544259523,0.0,0.0,1843.0436475436566,62,14.999999999997232,1.0
27.019999999653756,-0.04755973576733166,0.0,0.0,1740.202737416607,62,14.999999999997232,1.0
27.039999999653,-0.041583554773539956,0.0,0.0,1691.0755180235005,60,14.999999999997232,1.0
27.05999999965224,-0.03630991453944968,0.0,0.0,1651.723699015719,60,14.999999999997232,1.0
27.079999999651484,-0.03170274369872036,0.0,0.0,1741.247911977073,60,14.999999999997232,1.0
27.099999999650727,-0.03289234900278746,0.0,0.0,1986.5808800955863,60,14.999999999997232,1.0
27.11999999964997,-0.04094665435200959,0.0,0.0,2340.2055019418267,62,14.999999999997232,1.0
27.139999999649213,-0.0517038053422744,0.0,0.0,2130.4085825585603,62,14.999999999997232,1.0
27.159999999648456,-0.059264072552708956,0.0,0.0,2094.9093391346364,60,14.999999999997232,1.0
27.1799999996477,-0.06038860661540109,0.0,0.0,1947.7856010902344,61,14.999999999997232,1.0
27.19999999964694,-0.05864509223174002,0.0,0.0,1864.7918721596102,61,14.999999999997232,1.0
27.219999999646184,-0.059596800157905305,0.0,0.0,1867.9789288205893,60,14.999999999997232,1.0
27.239999999645427,-0.06065911931756285,0.0,0.0,1851.1518722923481,60,14.999999999997232,1.0
27.25999999964467,-0.056249514608420294,0.0,0.0,1793.1571358864346,62,14.999999999997232,1.0
27.279999999643913,-0.049900644356558874,0.0,0.0,1910.8037290594318,60,14.999999999997232,1.0
27.299999999643155,-0.04162084159563269,0.0,0.0,1869.0667547129635,60,14.999999999997232,1.0
27.3199999996424,-0.03202557387128216,0.0,0.0,1772.6987740596803,60,14.999999999997232,1.0
27.33999999964164,-0.027409060638622293,0.0,0.0,1716.5407116392116,61,14.999999999997232,1.0
27.359999999640884,-0.03061874013683998,0.0,0.0,1890.4136203352255,61,14.999999999997232,1.0
27.379999999640127,-0.035550977672215205,0.0,0.0,1903.5690990537607,60,14.999999999997232,1.0
27.39999999963937,-0.03907397921987073,0.0,0.0,1928.492172640083,60,14.999999999997232,1.0
27.419999999638613,-0.04419760139751589,0.0,0.0,1999.0238361672675,60,14.999999999997232,1.0
27.439999999637855,-0.0544045416970437,0.0,0.0,2132.999451580935,60,14.999999999997232,1.0
27.4599999996371,-0.06525832094275187,0.0,0.0,2103.1055329344713,60,14.999999999997232,1.0
27.47999999963634,-0.07298377700381428,0.0,0.0,2032.286783964221,60,14.999999999997232,1.0
27.499999999635584,-0.06826550975268532,0.0,0.0,1833.9073852340887,62,14.999999999997232,1.0
27.519999999634827,-0.059071169655840056,0.0,0.0,1976.791677240143,62,14.999999999997232,1.0
27.53999999963407,-0.04777808340802185,0.0,0.0,1967.8892575476596,60,14.999999999997232,1.0
27.559999999633312,-0.035919744439485556,0.0,0.0,1875.5914516441876,60,14.999999999997232,1.0
27.579999999632555,-0.029691271330197437,0.0,0.0,1736.8377206235657,60,14.999999999997232,1.0
27.599999999631798,-0.02936702109280408,0.0,0.0,1779.3624411777243,58,14.999999999997232,1.0
27.61999999963104,-0.03355651624445592,0.0,0.0,1922.1831609909589,59,14.999999999997232,1.0
27.639999999630284,-0.03869732900529117,0.0,0.0,2045.5094757300865,57,14.999999999997232,1.0
27.659999999629527,-0.046612896206197255,0.0,0.0,2107.5668855086774,61,14.999999999997232,1.0
27.67999999962877,-0.05834573583973794,0.0,0.0,2123.3246794172683,60,14.999999999997232,1.0
27.699999999628012,-0.07057766687739082,0.0,0.0,2109.0304691341694,59,14.999999999997232,1.0
27.719999999627255,-0.08271514069045688,0.0,0.0,2069.6914054150443,60,14.999999999997232,1.0
27.739999999626498,-0.09141152291186062,0.0,0.0,2060.464086136537,61,14.999999999997232,1.0
27.75999999962574,-0.08735864150436853,0.0,0.0,1849.5603856327953,61,14.999999999997232,1.0
27.779999999624984,-0.07878448356995651,0.0,0.0,1966.6594561418694,61,14.999999999997232,1.0
27.799999999624227,-0.06898101334797822,0.0,0.0,1996.6601547222006,62,14.999999999997232,1.0
27.81999999962347,-0.060564054831995576,0.0,0.0,1984.6170724585193,62,14.999999999997232,1.0
27.839999999622712,-0.05266434137732707,0.0,0.0,1942.3216395835536,60,14.999999999997232,1.0
27.859999999621955,-0.045552946472999574,0.0,0.0,1881.0307314281524,59,14.999999999997232,1.0
27.879999999621198,-0.0408721224685928,0.0,0.0,1727.5691676786344,56,14.999999999997232,1.0
27.89999999962044,-0.03688252645963373,0.0,0.0,1730.6255600138973,59,14.999999999997232,1.0
27.919999999619684,-0.04046396646466512,0.0,0.0,1971.733902907383,59,14.999999999997232,1.0
27.939999999618927,-0.05288213495466269,0.0,0.0,2195.4291665561686,59,14.999999999997232,1.0
27.95999999961817,-0.06578556667544623,0.0,0.0,2138.396592444233,61,14.999999999997232,1.0
27.979999999617412,-0.07739537148897829,0.0,0.0,2086.3698668441657,60,14.999999999997232,1.0
27.999999999616655,-0.0829177612101054,0.0,0.0,1994.4456942586264,60,14.999999999997232,1.0
28.019999999615898,-0.07934182089782875,0.0,0.0,1874.3794919260251,61,14.999999999997232,1.0
28.03999999961514,-0.07364533866926784,0.0,0.0,1945.6394330802857,60,14.999999999997232,1.0
28.059999999614384,-0.06627074276206212,0.0,0.0,1983.187120103592,61,14.999999999997232,1.0
28.079999999613626,-0.05822243814260425,0.0,0.0,2033.8429738600225,60,14.999999999997232,1.0
28.09999999961287,-0.05225686765794983,0.0,0.0,2029.1515361293086,59,14.999999999997232,1.0
28.119999999612112,-0.046714463921252315,0.0,0.0,1900.1835032489305,56,14.999999999997232,1.0
28.139999999611355,-0.040890669804659226,0.0,0.0,1793.9809900399116,59,14.999999999997232,1.0
28.159999999610598,-0.04087347643434516,0.0,0.0,1741.2410731123161,59,14.999999999997232,1.0
28.17999999960984,-0.05016763132391569,0.0,0.0,2010.409900671957,59,14.999999999997232,1.0
28.199999999609084,-0.060635898839160776,0.0,0.0,2082.980375852221,60,14.999999999997232,1.0
28.219999999608326,-0.06621279551268673,0.0,0.0,1944.0183194757078,60,14.999999999997232,1.0
28.23999999960757,-0.06842406782609822,0.0,0.0,1875.4891039127342,59,14.999999999997232,1.0
28.259999999606812,-0.07188989382378552,0.0,0.0,1824.5237949235557,59,14.999999999997232,1.0
28.279999999606055,-0.07495073471946878,0.0,0.0,1810.5534724220904,59,14.999999999997232,1.0
28.299999999605298,-0.07430910136727609,0.0,0.0,1922.2076804580458,60,14.999999999997232,1.0
28.31999999960454,-0.06682107727365708,0.0,0.0,2085.721669078305,61,14.999999999997232,1.0
28.339999999603783,-0.05915213475702459,0.0,0.0,2184.5339497025725,59,14.999999999997232,1.0
28.359999999603026,-0.05043710411869214,0.0,0.0,2098.262515218113,59,14.999999999997232,1.0
28.37999999960227,-0.039977506418201636,0.0,0.0,2001.1284821466643,61,14.999999999997232,1.0
28.399999999601512,-0.033811131914973556,0.0,0.0,1858.8736028287874,60,14.999999999997232,1.0
28.419999999600755,-0.0348701601822,0.0,0.0,1711.4050549676715,61,14.999999999997232,1.0
28.439999999599998,-0.04164236669937857,0.0,0.0,1931.43178211271,59,14.999999999997232,1.0
28.45999999959924,-0.049457156711776105,0.0,0.0,2080.108165599954,58,14.999999999997232,1.0
28.479999999598483,-0.05927025415467409,0.0,0.0,2142.917026607184,61,14.999999999997232,1.0
28.499999999597726,-0.07085119052855006,0.0,0.0,2110.757434973879,59,14.999999999997232,1.0
28.51999999959697,-0.08149989561489929,0.0,0.0,2123.245223356172,59,14.999999999997232,1.0
28.539999999596212,-0.08956571260594552,0.0,0.0,1948.058511146506,59,14.999999999997232,1.0
28.559999999595455,-0.0866067522094512,0.0,0.0,1999.499006151671,61,14.999999999997232,1.0
28.579999999594698,-0.0782893611612738,0.0,0.0,2143.735371980928,60,14.999999999997232,1.0
28.59999999959394,-0.06805014593598581,0.0,0.0,2183.859386689152,59,14.999999999997232,1.0
28.619999999593183,-0.05671730178722386,0.0,0.0,2151.0525771519583,61,14.999999999997232,1.0
28.639999999592426,-0.049000062488796875,0.0,0.0,2071.8679392875924,60,14.999999999997232,1.0
28.65999999959167,-0.043513402512090814,0.0,0.0,1946.1446575014818,59,14.999999999997232,1.0
28.679999999590912,-0.040398370466702846,0.0,0.0,1837.0096021377037,58,14.999999999997232,1.0
28.699999999590155,-0.03837850200866277,0.0,0.0,1722.4513665694465,54,14.999999999997232,1.0
28.719999999589398,-0.037832156746084374,0.0,0.0,1761.676598344559,59,14.999999999997232,1.0
28.73999999958864,-0.04587129141594119,0.0,0.0,1895.735795130457,59,14.999999999997232,1.0
28.759999999587883,-0.05572297303485912,0.0,0.0,1997.225746881545,59,14.999999999997232,1.0
28.779999999587126,-0.0660260069932963,0.0,0.0,2012.3076323915768,59,14.999999999997232,1.0
28.79999999958637,-0.07418420425457328,0.0,0.0,1901.6647552524337,61,14.999999999997232,1.0
28.81999999958561,-0.07520403153357695,0.0,0.0,2000.9750656860574,61,14.999999999997232,1.0
28.839999999584855,-0.0691392961297742,0.0,0.0,2086.3462038856774,62,14.999999999997232,1.0
28.859999999584097,-0.06119062737011403,0.0,0.0,2130.3727482203685,62,14.999999999997232,1.0
28.87999999958334,-0.05368908514110366,0.0,0.0,2132.6781682717333,61,14.999999999997232,1.0
28.899999999582583,-0.04766460138757762,0.0,0.0,2101.514702250374,60,14.999999999997232,1.0
28.919999999581826,-0.04258775344109837,0.0,0.0,2005.4408904913705,59,14.999999999997232,1.0
28.93999999958107,-0.038676478114713066,0.0,0.0,1860.4076294430477,57,14.999999999997232,1.0
28.95999999958031,-0.03495801814017457,0.0,0.0,1758.2388498521918,60,14.999999999997232,1.0
28.979999999579555,-0.038714200292880294,0.0,0.0,1740.0721581672763,60,14.999999999997232,1.0
28.999999999578797,-0.04832814180222215,0.0,0.0,1965.4999210702883,60,14.999999999997232,1.0
29.01999999957804,-0.05939604081751208,0.0,0.0,2043.8379490249918,60,14.999999999997232,1.0
29.039999999577283,-0.0687061581520926,0.0,0.0,1924.9437717987103,61,14.999999999997232,1.0
29.059999999576526,-0.0695323607576079,0.0,0.0,1925.4411145104477,61,14.999999999997232,1.0
29.07999999957577,-0.0672084365666007,0.0,0.0,1991.9345401229095,60,14.999999999997232,1.0
29.09999999957501,-0.06535560609410539,0.0,0.0,2052.1011993632874,60,14.999999999997232,1.0
29.119999999574254,-0.06395374761248428,0.0,0.0,2096.610478840304,61,14.999999999997232,1.0
29.139999999573497,-0.06118030826647165,0.0,0.0,2161.4897076164507,60,14.999999999997232,1.0
29.15999999957274,-0.05693413738949549,0.0,0.0,2159.1398947618873,60,14.999999999997232,1.0
29.179999999571983,-0.05227643555222391,0.0,0.0,2027.7855093885632,57,14.999999999997232,1.0
29.199999999571226,-0.04626159673471482,0.0,0.0,1934.1206516068391,60,14.999999999997232,1.0
29.21999999957047,-0.04316545664485236,0.0,0.0,1877.8754908351636,60,14.999999999997232,1.0
29.23999999956971,-0.04872865960532448,0.0,0.0,1827.1720495423888,61,14.999999999997232,1.0
29.259999999568954,-0.05708342885161863,0.0,0.0,1887.3480646894436,60,14.999999999997232,1.0
29.279999999568197,-0.06105225221871238,0.0,0.0,1843.5145450362947,60,14.999999999997232,1.0
29.29999999956744,-0.06411809024541279,0.0,0.0,1850.2991143289166,60,14.999999999997232,1.0
29.319999999566683,-0.06788971373482816,0.0,0.0,1895.0433380588793,60,14.999999999997232,1.0
29.339999999565926,-0.07093300037087945,0.0,0.0,1994.6880242251268,60,14.999999999997232,1.0
29.35999999956517,-0.07236765179828039,0.0,0.0,2112.0133534357838,60,14.999999999997232,1.0
29.37999999956441,-0.06867892858132135,0.0,0.0,2253.4130537670644,62,14.999999999997232,1.0
29.399999999563654,-0.062396499701512634,0.0,0.0,2304.0915214080705,60,14.999999999997232,1.0
29.419999999562897,-0.054694504865725566,0.0,0.0,2241.2473512459474,60,14.999999999997232,1.0
29.43999999956214,-0.04610297933997512,0.0,0.0,2162.356014168874,60,14.999999999997232,1.0
29.459999999561383,-0.04069966390910617,0.0,0.0,2053.609930251398,60,14.999999999997232,1.0
29.479999999560626,-0.040010635188567685,0.0,0.0,1937.7899067850492,60,14.999999999997232,1.0
29.49999999955987,-0.04307971534664421,0.0,0.0,1839.1130402882497,59,14.999999999997232,1.0
29.51999999955911,-0.04510092435312088,0.0,0.0,1787.42748457588,56,14.999999999997232,1.0
29.539999999558354,-0.047991271281621624,0.0,0.0,1781.8025422361025,60,14.999999999997232,1.0
29.559999999557597,-0.0538152542156158,0.0,0.0,1821.9815354762754,60,14.999999999997232,1.0
29.57999999955684,-0.05945603022613192,0.0,0.0,1937.224231171939,60,14.999999999997232,1.0
29.599999999556083,-0.06533893861964492,0.0,0.0,2051.569485155743,60,14.999999999997232,1.0
29.619999999555326,-0.06940658128691576,0.0,0.0,2145.3324275498103,61,14.999999999997232,1.0
29.63999999955457,-0.06728851478444536,0.0,0.0,2235.893893036396,62,14.999999999997232,1.0
29.65999999955381,-0.06159186641450409,0.0,0.0,2245.468854564163,60,14.999999999997232,1.0
29.679999999553054,-0.05532659770363201,0.0,0.0,2218.9735757652197,62,14.999999999997232,1.0
29.699999999552297,-0.05086331577247635,0.0,0.0,2161.087439442086,60,14.999999999997232,1.0
29.71999999955154,-0.04851314974667299,0.0,0.0,2110.953890667952,60,14.999999999997232,1.0
29.739999999550783,-0.04531448935682626,0.0,0.0,1998.0441609505447,57,14.999999999997232,1.0
29.759999999550026,-0.04184819187683305,0.0,0.0,1928.7682821173098,56,14.999999999997232,1.0
29.77999999954927,-0.0374075926213319,0.0,0.0,1905.57304557255,62,14.999999999997232,1.0
29.79999999954851,-0.0368052445859973,0.0,0.0,1911.7091685452076,60,14.999999999997232,1.0
29.819999999547754,-0.04212331847347895,0.0,0.0,1946.2813100395474,60,14.999999999997232,1.0
29.839999999546997,-0.04938748321650609,0.0,0.0,2019.205527450757,60,14.999999999997232,1.0
29.85999999954624,-0.05587274527881063,0.0,0.0,2087.311929628367,62,14.999999999997232,1.0
29.879999999545483,-0.058810824038247625,0.0,0.0,2148.6465973354175,60,14.999999999997232,1.0
29.899999999544725,-0.057798809840949227,0.0,0.0,2171.919679670387,60,14.999999999997232,1.0
29.91999999954397,-0.05871588533168121,0.0,0.0,2162.8562930836874,60,14.999999999997232,1.0
29.93999999954321,-0.061903176005606034,0.0,0.0,2139.4081628164963,61,14.999999999997232,1.0
29.959999999542454,-0.06503204483770259,0.0,0.0,2130.936890662037,60,14.999999999997232,1.0
29.979999999541697,-0.06557760697379346,0.0,0.0,2098.4850884862562,60,14.999999999997232,1.0
29.99999999954094,-0.06424405781066353,0.0,0.0,1927.3183014439792,56,14.999999999997232,1.0
