t,omega_hub,omega_gnd,tau_gen,T_max,n_slack,backline_payout,k_mppt_scale
0.019999999999999858,9.810340752448948,10.301455959771221,1167.319943802166,0.0,75,0.0,1.0
0.03999999999999904,9.936878291731576,10.230539787036903,1151.303387675596,0.0,75,0.0,1.0
0.05999999999999823,10.059849815919858,9.597143276426108,1013.1567497507592,0.0,75,0.0,1.0
0.07999999999999742,10.18117454966503,8.677501424930488,828.2893407763772,0.0,75,0.0,1.0
0.0999999999999966,10.302919301299507,7.649950890521922,643.7392349013685,0.0,75,0.0,1.0
0.11999999999999579,10.425758477090444,6.635135396528271,484.27523903288613,0.0,75,0.0,1.0
0.14000000000000018,10.550766207114876,5.72813071491375,360.9262963585213,0.0,75,0.0,1.0
0.1600000000000063,10.678174354963488,5.010814619431821,276.19089465342836,0.0,75,0.0,1.0
0.18000000000001243,10.806682531735818,4.5418101826018225,226.9084370826416,0.0,75,0.0,1.0
0.20000000000001855,10.934912885734528,4.336729585807753,206.8794585046231,0.0,75,0.0,1.0
0.22000000000002468,11.061015861159346,4.355953697028793,208.71765871724693,0.0,75,0.0,1.0
0.2400000000000308,11.182309671079661,4.522189165809825,224.95214336504543,0.0,75,0.0,1.0
0.26000000000003,11.296973527674984,4.763279860398243,249.57718531323056,0.0,75,0.0,1.0
0.28000000000002223,11.404517100056546,5.044040432613375,279.8657827442238,0.0,75,0.0,1.0
0.3000000000000145,11.505035273708975,5.371355100222711,317.3660117395739,0.0,75,0.0,1.0
0.3200000000000067,11.600013818113629,5.7772404466665925,367.14157896460455,0.0,75,0.0,1.0
0.33999999999999897,11.69140561107082,6.287007954445413,434.7911592118589,0.0,75,0.0,1.0
0.3599999999999912,11.779872999273836,6.895285559174998,522.99459236824,0.0,75,0.0,1.0
0.37999999999998346,11.866246408925752,7.565349603200726,629.5796608051432,0.0,75,0.0,1.0
0.3999999999999757,11.951546917110237,8.242703507337225,747.3637722085633,0.0,75,0.0,1.0
0.41999999999996795,12.03582410966181,8.874847862411471,866.3921703904441,0.0,75,0.0,1.0
0.4399999999999602,12.119629434052113,9.42921491362685,978.0110327609932,0.0,75,0.0,1.0
0.45999999999995245,12.204010829480273,9.896209138089134,1077.2845083527877,0.0,75,0.0,1.0
0.4799999999999447,12.289121524255446,10.282221004631404,1162.9647566689157,0.0,75,0.0,1.0
0.49999999999993694,12.375314794387615,10.60252186554311,1236.5481690025174,0.0,75,0.0,1.0
0.5199999999999569,12.463041046284365,10.87261927565973,1300.3523490479226,0.0,75,0.0,1.0
0.5399999999999769,12.551843527943857,11.102386454803007,1355.892834909726,0.0,75,0.0,1.0
0.559999999999997,12.641434280907552,11.297228694995447,1403.9011380573138,0.0,75,0.0,1.0
0.580000000000017,12.731785456294471,11.459742511164277,1444.5826826440432,0.0,75,0.0,1.0
0.600000000000037,12.822333483255958,11.591158008688451,1477.9043838062066,0.0,75,0.0,1.0
0.620000000000057,12.912661394345411,11.694905139007586,1504.4788683142465,0.0,75,0.0,1.0
0.640000000000077,13.002759077253517,11.776836771340147,1525.6327277266837,0.0,75,0.0,1.0
0.660000000000097,13.092264410874066,11.843279417097632,1542.8959408659327,0.0,75,0.0,1.0
0.680000000000117,13.180961125551327,11.900988021588047,1557.9686747898038,0.0,75,0.0,1.0
0.700000000000137,13.268825395743287,11.955849291813408,1572.365655174107,0.0,75,0.0,1.0
0.720000000000157,13.355534417968995,12.011237850286658,1586.9681816577474,0.0,75,0.0,1.0
0.740000000000177,13.440920068113385,12.069231078854108,1602.3297271825568,0.0,75,0.0,1.0
0.760000000000197,13.525059341759608,12.131295840478526,1618.8517264613274,0.0,75,0.0,1.0
0.780000000000217,13.60779176132545,12.197931264454668,1636.6847984559672,0.0,75,0.0,1.0
0.800000000000237,13.68897616691861,12.269785029810874,1656.0238714554814,0.0,75,0.0,1.0
0.820000000000257,13.76874433935407,12.347420613415421,1677.0467538505568,0.0,75,0.0,1.0
0.840000000000277,13.847045936184605,12.430410463316093,1699.6661471517002,0.0,75,0.0,1.0
0.860000000000297,13.92387922855297,12.518139618523376,1723.7420145972906,0.0,75,0.0,1.0
0.880000000000317,13.999400400314206,12.609924042748727,1749.1120280028163,0.0,75,0.0,1.0
0.900000000000337,14.073519394144194,12.70448672488883,1775.4438123716413,0.0,75,0.0,1.0
0.920000000000357,14.146232813276468,12.800602886804528,1802.4097769223524,0.0,75,0.0,1.0
0.940000000000377,14.217692295171936,12.89727983687717,1829.7380990979022,0.0,75,0.0,1.0
0.960000000000397,14.287900109133481,12.993368423703242,1857.1038529349732,0.0,75,0.0,1.0
0.980000000000417,14.3568709901046,13.08807945670252,1884.2760625145438,0.0,75,0.0,1.0
1.000000000000437,14.424691772594132,13.180985415547072,1911.1221417735107,0.0,75,0.0,1.0
1.020000000000457,14.49129895863718,13.271432224356264,1937.4400461425005,0.0,75,1.1588840120019493e-6,1.0
1.040000000000477,14.556688114294174,13.358857781882783,1963.0498936022723,0.0,75,1.9420151039912264e-5,1.0
1.060000000000497,14.620950035088873,13.44322166679272,1987.9222966077778,0.0,75,9.654224805474714e-5,1.0
1.080000000000517,14.684072649787549,13.524627474479974,2012.071031558044,0.0,75,0.0002949446508612732,1.0
1.100000000000537,14.746050247542685,13.603461764282251,2035.5958916951809,0.0,75,0.0006919308436314488,1.0
1.120000000000557,14.806929973772395,13.680185423064943,2058.622205303824,0.0,75,0.0013749878205669094,1.0
1.140000000000577,14.866637184362373,13.75485505473415,2081.156413344202,0.0,75,0.0024379883815969787,1.0
1.160000000000597,14.92515621402444,13.827310314141647,2103.1396157592476,0.0,75,0.003978148518118627,1.0
1.180000000000617,14.982539665233093,13.89753357652706,2124.555834617667,0.0,75,0.006093614484647589,1.0
1.200000000000637,15.038773340308916,13.965569458523971,2145.4084333094324,0.0,75,0.008881573244403286,1.0
1.220000000000657,15.093852208659664,14.03175456198433,2165.791496965449,0.0,75,0.012436796308011817,1.0
1.240000000000677,15.147826374151958,14.099542573938871,2186.768108737462,0.0,75,0.016850540940610382,1.0
1.260000000000697,15.200674680474622,14.185937345086726,2213.649001945989,0.0,75,0.02220974462694734,1.0
1.280000000000717,15.252396520719968,14.284703815237984,2244.580393979821,0.0,75,0.028596458844263192,1.0
1.300000000000737,15.303123949588052,14.387058229528849,2276.8618894983915,0.0,75,0.03608747684700573,1.0
1.320000000000757,15.352980201495738,14.488490032410528,2309.0797776118516,0.0,75,0.04475411752980385,1.0
1.340000000000777,15.402102129270475,14.588344755536054,2341.017829770139,0.0,75,0.054662133690076824,1.0
1.360000000000797,15.450631894914876,14.687218458105313,2372.858246397204,0.0,75,0.06587171831809775,1.0
1.380000000000817,15.498631501458025,14.784738054136724,2404.4732726238244,0.0,75,0.07843758703709316,1.0
1.400000000000837,15.546142127706522,14.879460700372883,2435.3818580733523,0.0,75,0.0924091186167611,1.0
1.420000000000857,15.593191555326788,14.969836851386903,2465.0561689285546,0.0,75,0.10783053869168077,1.0
1.440000000000877,15.63974259986912,15.054991253461727,2493.1803780599002,0.0,75,0.12474113451846339,1.0
1.460000000000897,15.685805251048706,15.13500215484551,2519.751192498961,0.0,75,0.14317549087687334,1.0
1.480000000000917,15.73140075692779,15.210613137830867,2544.9902723162827,0.0,75,0.1631637391246578,1.0
1.500000000000937,15.776511242867903,15.282594762878263,2569.1347295498954,0.0,75,0.1847318130084426,1.0
1.520000000000957,15.82112757872663,15.35146966563066,2592.3438298425613,0.0,75,0.20790170616089398,1.0
1.540000000000977,15.865242909843607,15.417474633251963,2614.6837647366456,0.0,75,0.23269172731775412,1.0
1.560000000000997,15.908828473458916,15.480780759935932,2636.200302309228,0.0,75,0.25911675020180336,1.0
1.580000000001017,15.951878370253057,15.541811280212372,2657.0268765671017,0.0,75,0.28718845577382046,1.0
1.600000000001037,15.994360766791896,15.601134815240519,2677.349482756408,0.0,75,0.31691556516829433,1.0
1.620000000001057,16.03623088631473,15.659276005731478,2697.342175260453,0.0,75,0.34830406213550547,1.0
1.640000000001077,16.077497385153713,15.716612440016718,2717.1309724865705,0.0,75,0.3813574042198964,1.0
1.660000000001097,16.118160754781368,15.773363678624966,2736.7890191198185,0.0,75,0.41607672223293,1.0
1.680000000001117,16.158228515349272,15.829766636939855,2756.3966295797154,0.0,75,0.4524610078401,1.0
1.700000000001137,16.19776612042097,15.887360621784211,2776.4905027928153,0.0,75,0.4905072892876434,1.0
1.720000000001157,16.23663276469171,15.94284334178211,2795.9167920266677,0.0,75,0.5302107954542331,1.0
1.740000000001177,16.274731197716715,15.990972410756196,2812.8231850572242,0.0,75,0.5715651085346032,1.0
1.760000000001197,16.3124749466998,16.04156231683882,2830.648937215256,0.0,75,0.6145623057523851,1.0
1.780000000001217,16.3501011980093,16.112019913949545,2855.569042782574,0.0,75,0.6591930905641498,1.0
1.800000000001237,16.387091207015864,16.18353948464505,2880.9764527617185,0.0,75,0.7054469138605222,1.0
1.820000000001257,16.42436376169289,16.265244222934896,2910.1398659488873,0.0,75,0.7533120856973304,1.0
1.840000000001277,16.45978665594399,16.313314330783246,2927.3664690043183,0.0,75,0.8027758781033579,1.0
1.860000000001297,16.494065141719062,16.312287622690814,2926.9980023393114,0.0,75,0.8538246195142403,1.0
1.880000000001317,16.53092781395564,16.381619309462348,2951.931963201646,0.0,75,0.9064437813766963,1.0
1.900000000001337,16.569922227390943,16.597548170437555,3030.264657969946,0.0,75,0.9606180574555241,1.0
1.920000000001357,16.60518046959461,16.726455105644423,3077.517304412522,0.0,75,1.0163314363592326,1.0
1.940000000001377,16.645785778118395,16.86754717423205,3129.65562442438,0.0,75,1.0735672677800954,1.0
1.960000000001397,16.686721757329966,17.088821004268766,3212.305836475311,0.0,75,1.1323083229218642,1.0
1.980000000001417,16.72621147398138,17.303716380830597,3293.604606470476,0.912819722677315,75,1.19253684956429,1.0
2.000000000001437,16.788646636769464,18.71907593991519,3854.441844487429,2.081511565309141,75,1.254234622188528,1.0
2.020000000001346,16.88549187900799,21.59220688507298,5128.457379845723,0.0,75,1.3173829875621752,1.0
2.040000000001255,16.9892360054019,23.45041422127574,6049.141198643526,175.02161749216543,74,1.3819629061573453,1.0
2.060000000001164,17.0552053698068,23.537630600840657,6094.220597317935,0.0,75,1.4479549897503237,1.0
2.080000000001073,17.14258756484406,23.425832929367,6036.466132780768,11.872152097953375,74,1.5153395355271222,1.0
2.100000000000982,17.269386616281952,23.999329472299813,6335.645966319982,89.16076243093114,73,1.5840965569959173,1.0
2.120000000000891,17.388311873031224,23.471933574053825,6060.248322752746,0.0,75,1.6542058119849554,1.0
2.1400000000008,17.45830309721779,23.228910148324676,5935.404933468352,0.0,75,1.725646827983261,1.0
2.160000000000709,17.565924516167314,23.609931355103217,6131.717444519547,6.555079704991443,74,1.7983989250613786,1.0
2.180000000000618,17.717618114403503,23.703338899022825,6180.3310245812145,0.0,75,1.87244123659028,1.0
2.200000000000527,17.845085993725093,22.681552795769502,5658.981209500072,11.724318377008789,73,1.9477527279589804,1.0
2.220000000000436,17.88084635997477,22.76378213370694,5700.087547339627,0.0,75,2.0243122134745497,1.0
2.240000000000345,17.979358646733196,23.462112941478892,6055.178180465824,10.051702368599715,74,2.1020983716128914,1.0
2.260000000000254,18.11181850499686,23.242170869601832,5942.183574049448,190.9915538816244,74,2.1810897587740734,1.0
2.280000000000163,18.190013642482345,22.036265658813825,5341.567046043992,1532.145024917676,72,2.2612648216828943,1.0
2.3000000000000718,18.269863092691732,20.592159385229863,4664.407309613814,3287.6654537864288,74,2.3426019085627203,1.0
2.3199999999999807,18.39062074514362,18.891349898384195,3925.7141108149863,6357.570824246806,73,2.4250792791995144,1.0
2.3399999999998897,18.47284673662037,17.124421416850325,3225.703897480703,8006.802901825871,73,2.508675114002319,1.0
2.3599999999997987,18.54091253849312,16.462054662250406,2980.9916807321233,11585.598626294997,72,2.5933675221569494,1.0
2.3799999999997077,18.665623557889496,16.790123239948368,3100.990622539197,11550.844156355597,72,2.6791345489606773,1.0
2.3999999999996167,18.8029002362682,17.51525075190473,3374.6240979230915,15912.544029011478,72,2.765954182417633,1.0
2.4199999999995256,18.873549570532447,18.95867851438152,3953.746401128387,19276.38678200341,72,2.853804359167351,1.0
2.4399999999994346,18.966773139985122,20.88055245407397,4795.97217866068,16957.792271949125,73,2.9426629698119036,1.0
2.4599999999993436,19.10694512479242,22.15835064671514,5400.917537210593,14730.279413982573,72,3.0325078637010696,1.0
2.4799999999992526,19.186518622974624,22.377743277196767,5508.397335981376,14544.64024012567,72,3.1233168532292233,1.0
2.4999999999991616,19.27193620921839,22.067787673554648,5356.859780855995,13073.717765951333,72,3.215067717692533,1.0
2.5199999999990705,19.40089854876167,21.283858182177372,4983.028810309425,14967.048589852742,72,3.3077382067504963,1.0
2.5399999999989795,19.487247659247664,20.32922340895188,4546.050568521848,6846.4948934550075,72,3.401306043531336,1.0
2.5599999999988885,19.57536610541977,19.8579544902679,4337.721921913062,12423.262208537586,72,3.4957489274172326,1.0
2.5799999999987975,19.717444051126787,19.76557218431108,4297.4562815053305,18844.563643605637,72,3.5910445365416606,1.0
2.5999999999987065,19.83549246243783,20.29763545769079,4531.934056906371,14946.468080023382,72,3.687170530027942,1.0
2.6199999999986154,19.874995981373875,22.576825679197025,5606.843635237353,30554.626688423123,73,3.7841045499954307,1.0
2.6399999999985244,19.980433496052523,25.85488993152336,7353.228667083067,20359.28788821394,73,3.881824223356878,1.0
2.6599999999984334,20.105222829361217,27.4901711206892,8312.80459069252,1.6163047585800898,75,3.9803071634284097,1.0
2.6799999999983424,20.174516116578715,25.826773504044965,7337.244525921629,0.0,75,4.079530971371275,1.0
2.6999999999982514,20.280879172004234,23.445916157549924,6046.820829135467,45.39957353601887,73,4.179473237482626,1.0
2.7199999999981603,20.382281050010203,20.05799320507215,4425.554005561927,19.18772049615608,74,4.2801115423509755,1.0
2.7399999999980693,20.425066410846558,16.553475448408573,3014.1930436317193,0.0,75,4.381423457890176,1.0
2.7599999999979783,20.5167637725654,14.699253665735487,2376.7486416260194,15.134872357343482,71,4.4833865482646,1.0
2.7799999999978873,20.670171105473823,14.30513107584865,2251.004526069318,0.0,75,4.585978370716711,1.0
2.7999999999977963,20.716361468444962,15.87933359540492,2773.685589775709,24.396831827350017,74,4.6891764763072805,1.0
2.8199999999977052,20.76416518070809,20.86241175054177,4787.642464540577,0.0,75,4.792958410577267,1.0
2.839999999997614,20.86385868760704,25.40272655104872,7098.283678500911,0.0,75,4.8973017141395605,1.0
2.859999999997523,20.901427182635228,25.033022142884178,6893.174173667425,46.73843530040753,74,5.002183923207942,1.0
2.879999999997432,20.94783044420418,22.05135839513332,5348.886477776784,2.901230089405735,75,5.107582570069777,1.0
2.899999999997341,21.006206078811257,18.354449093652825,3705.743816846423,0.0,75,5.213475183508465,1.0
2.91999999999725,21.00516588803296,14.561915695573143,2332.543275974774,20.176168453346747,74,5.319839289180874,1.0
2.939999999997159,21.07282194561245,13.142012938619649,1899.8375448673087,27.992840954455417,74,5.426652409954383,1.0
2.959999999997068,21.218512446915977,14.775164668436492,2401.3604007735544,0.0,75,5.5338920662080024,1.0
2.979999999996977,21.276149480310362,18.545897317249658,3783.4533803216486,10.932197874844151,73,5.64153577610126,1.0
2.999999999996886,21.299986624110602,23.733897469433956,6196.276779985638,10.722690317215086,74,5.749561055814256,1.0
3.019999999996795,21.32939873981778,27.36612555521555,8237.953106942037,25.93048610619492,74,5.8579454197619585,1.0
3.039999999996704,21.27253924586264,27.127235200769405,8094.75578601649,40.261234097336924,74,5.966666380785524,1.0
3.059999999996613,21.283832931063323,23.623003597437364,6138.5092886099255,0.0,75,6.0757014503230025,1.0
3.079999999996522,21.27306946295896,19.410216189038046,4144.321417557141,86.03139405559307,72,6.185028138561681,1.0
3.099999999996431,21.218460128301082,15.500283770463954,2642.8467666139904,463.20464184034114,74,6.294623954574013,1.0
3.11999999999634,21.26354528560717,13.92947692889796,2134.333602639706,3501.658042565585,70,6.404466406438886,1.0
3.139999999996249,21.41339709998573,17.144426280469823,3233.244877351108,23655.39719764645,72,6.514533001349811,1.0
3.159999999996158,21.509353721317726,24.298153255904513,6494.402768121653,33108.16524232766,71,6.624801245711356,1.0
3.179999999996067,21.54931418417706,29.45662788255498,9544.62218832447,20466.056228021753,73,6.7352486452251865,1.0
3.199999999995976,21.54011470526733,30.97655935070856,10555.019521287668,17684.625062922285,72,6.845852704966803,1.0
3.219999999995885,21.39660790205933,28.684094598103012,9050.550112042147,4673.368311454003,72,6.956590929453919,1.0
3.239999999995794,21.42481806491503,24.98468865437837,6866.581338718456,326.76638883199416,73,7.067440822707423,1.0
3.259999999995703,21.38422088580142,20.945885574130315,4826.031347330165,487.26950765466455,72,7.178379888305767,1.0
3.2799999999956118,21.310088173245372,17.062007551122953,3202.233118420343,1886.7477611488607,71,7.289385629433361,1.0
3.2999999999955207,21.36146512793644,14.454720834997913,2298.3284985949504,8268.356926248196,66,7.400435548923739,1.0
3.3199999999954297,21.505104246098735,15.846950269835038,2762.3841614008725,27313.727091960565,69,7.511507149298064,1.0
3.3399999999953387,21.603726287784635,22.814400878504557,5725.465761896204,32528.666076193946,69,7.622577932799393,1.0
3.3599999999952477,21.661779315320132,27.320496166299307,8210.504618500527,25475.816130438838,68,7.733625401423196,1.0
3.3799999999951567,21.598392856513573,27.58430785022795,8369.834435337621,11138.752354072783,69,7.844627056944534,1.0
3.3999999999950656,21.429004162843842,24.694538702865316,6708.0226592204435,4637.559495235702,70,7.955560400942377,1.0
3.4199999999949746,21.465176952284484,21.316191956688616,4998.180434878361,2624.4984189477077,70,8.066402934821035,1.0
3.4399999999948836,21.396022796417057,17.07119020478138,3205.6808850860616,1476.3588275803647,72,8.177132159829528,1.0
3.4599999999947926,21.349792286473303,13.053969542447406,1874.4673289665902,3695.988466411814,71,8.287725577078598,1.0
3.4799999999947016,21.44387098407455,11.668351646649912,1497.654731648655,12317.379877189902,69,8.398160687555974,1.0
3.4999999999946105,21.583391069019207,14.483445934639972,2307.4722675580306,29593.159181130373,69,8.50841499213995,1.0
3.5199999999945195,21.653208922451075,21.265717429484177,4974.538115697338,31979.938353422225,70,8.618465991611457,1.0
3.5399999999944285,21.69026144042352,27.73901954981523,8463.985261435346,33971.40752555762,70,8.728291186664782,1.0
3.5599999999943375,21.49192741243552,29.111496906499113,9322.271773508182,12736.955218487667,70,8.837868077917229,1.0
3.5799999999942465,21.404199136408216,25.936657657650805,7399.812314951938,2142.0448555189273,70,8.947174165917513,1.0
3.5999999999941554,21.40938415472789,21.668871635555327,5164.939977539916,190.83791391498883,72,9.056186951153444,1.0
3.6199999999940644,21.28632068499629,17.365660024807447,3317.227629069149,106.81603170376941,74,9.164883934058569,1.0
3.6399999999939734,21.250665706658367,14.203185343971931,2219.03521306741,1316.5632615500901,74,9.273242615018285,1.0
3.6599999999938824,21.3670543885435,14.169043671908613,2208.3797843409884,9927.31881019713,74,9.381240494375069,1.0
3.6799999999937913,21.45761118244183,18.197890287099693,3642.7953199144904,31095.41666341462,73,9.48885507243331,1.0
3.6999999999937003,21.544537667501565,23.440338523389734,6043.9441710021965,24376.90480734452,73,9.596063849463519,1.0
3.7199999999936093,21.596711992248917,26.46863189510386,7706.473218383604,7330.639498257727,73,9.702844325706081,1.0
3.7399999999935183,21.397836300493513,26.894295046685034,7956.334166639618,49.03123516591279,74,9.809174001374593,1.0
3.7599999999934273,21.332902496975063,24.234811529360762,6460.58698850001,21.602242082347463,73,9.915030376658821,1.0
3.7799999999933362,21.28914092504451,20.11921082807852,4452.609087791391,115.95242984091334,70,10.0203909517274,1.0
3.7999999999932452,21.164276662651247,16.142920895734804,2866.5328455054646,2034.9545706582583,72,10.125233226730103,1.0
3.819999999993154,21.138110319484383,14.144779801392708,2200.8227519287584,14140.463736082442,73,10.229534701800041,1.0
3.839999999993063,21.273506103127474,16.77342087844426,3094.8241276197277,21462.176318307498,71,10.333272877055425,1.0
3.859999999992972,21.370828225554575,25.323207364005118,7053.913143204433,4931.223621689425,73,10.43642525260131,1.0
3.879999999992881,21.446273602316413,30.712649718209192,10375.935379847568,0.0,75,10.538969328530948,1.0
3.89999999999279,21.445664267282456,32.303533486913004,11478.70103314121,116.32020976631168,74,10.640882604927207,1.0
3.919999999992699,21.220808789293393,30.239434857119058,10058.657625257418,2.5205959682551833,75,10.742142581863662,1.0
3.939999999992608,21.203680971765582,26.530837874391754,7742.738941489859,0.0,75,10.84272675940571,1.0
3.959999999992517,21.151815137672166,22.448633869564564,5543.352788707374,20.32244767292627,73,10.942612637611377,1.0
3.979999999992426,21.057782915710796,18.37814333833755,3715.3176782092905,1637.4600281336081,73,11.041777716532204,1.0
3.999999999992335,21.078418208699837,15.479627753577171,2635.807629282483,4586.244700163715,68,11.14019949621399,1.0
4.019999999992466,21.230739002951715,15.38921998772534,2605.1090101366563,18655.7860846546,71,11.237855476697392,1.0
4.039999999992597,21.35305518892237,21.120663567753628,4906.90672496459,29858.87010407823,70,11.334723158018477,1.0
4.059999999992728,21.391024363309857,25.000285860277355,6875.157224051422,22692.262530365948,70,11.430780040209335,1.0
4.079999999992859,21.28246606087901,25.161108717365806,6963.8953107581165,10178.364679079004,70,11.526003623298408,1.0
4.09999999999299,21.04341639234222,22.18106290050967,5411.995065360031,4830.802018370357,70,11.620371407310978,1.0
4.119999999993121,21.047088629462557,18.51481387043235,3770.7816592242953,1935.2797658591678,73,11.713860892269421,1.0
4.139999999993252,20.927843915161425,13.549624325816527,2019.515513078349,203.99093528248244,74,11.806449578193705,1.0
4.159999999993383,20.839128005857606,9.086704201540634,908.2501257092584,2377.142948254918,73,11.89811496510147,1.0
4.179999999993514,20.886914907857008,7.22203448645772,573.7356033594309,16298.130791380594,71,11.988834553008447,1.0
4.199999999993645,21.038086682633814,11.606002474821947,1481.692227901305,18356.583097586772,74,12.078585841928547,1.0
4.219999999993776,21.132905460149928,19.69500725638794,4266.826419120909,1426.005144973439,72,12.167346331874082,1.0
4.239999999993907,21.117451261885297,25.622594689509743,7221.690944851822,78.2782614428783,73,12.255093522856072,1.0
4.259999999994038,20.89596303225648,27.159227915308087,8113.86027051215,0.0,75,12.34180491488423,1.0
4.279999999994169,20.72781015259872,23.774705136146643,6217.602647417893,50.93830988766404,73,12.427458007967202,1.0
4.2999999999943,20.652064684371233,19.497716801452835,4181.770565166218,1053.1325848890838,72,12.512030302112665,1.0
4.319999999994431,20.46074325368275,15.279476483993218,2568.0864178739193,1500.6108710331557,69,12.595499297327416,1.0
4.339999999994562,20.352118315162404,11.493254589639701,1453.0439116850148,6901.914235783093,70,12.67784249361749,1.0
4.3599999999946935,20.38602466579795,12.19205484099835,1635.1082137050246,26904.947943832714,63,12.759037390988262,1.0
4.3799999999948245,20.54916993806102,20.490860623765474,4618.629060128406,35798.262707263806,62,12.839061489444472,1.0
4.3999999999949555,20.626542056533932,31.378322572620434,10830.590402185631,34872.32238128632,59,12.917892288990295,1.0
4.4199999999950865,20.633465296595485,33.485270765851624,12333.89694088637,21002.80083354243,66,12.99550728962954,1.0
4.4399999999952176,20.502085301950313,31.04834940001199,10604.000005117474,7190.439223063826,65,13.071883991365507,1.0
4.459999999995349,20.342614838010736,27.298151322811954,8197.07972207454,4945.417333351676,65,13.14699989420111,1.0
4.47999999999548,20.246444849590574,23.442276744594267,6044.943728671597,4035.0028971848974,67,13.220832498139014,1.0
4.499999999995611,20.11992607137316,19.618761524489802,4233.853841302815,1479.2594379971097,70,13.29335930318151,1.0
4.519999999995742,20.011685746853058,16.635236606906755,3044.042066645476,6203.505082482736,69,13.364557809330625,1.0
4.539999999995873,20.075774404788906,18.796129801216303,3886.239450545888,25434.70164987905,65,13.434405516588232,1.0
4.559999999996004,20.326140164312914,38.0227849391457,15903.053919813776,52878.6729117155,63,13.502879924955922,1.0
4.579999999996135,20.55849281796701,46.791524056942514,24083.913959285732,15009.33158925123,63,13.569958534435157,1.0
4.599999999996266,20.36670350371362,40.814279002814715,18323.859075715623,3314.5306892416984,70,13.635618845027178,1.0
4.619999999996397,19.88579567645957,35.06005935266252,13521.285379934405,5777.163589335752,72,13.699838356733126,1.0
4.639999999996528,19.728478595738306,27.447227471843465,8286.853254802305,3181.2565262800895,73,13.76259456955402,1.0
4.659999999996659,19.60499456707069,21.073517719594484,4885.02463985869,672.4235268402316,74,13.823864983490699,1.0
4.67999999999679,19.384552721266292,14.148851527734822,2202.089995092724,1555.6346188819298,74,13.883627098543984,1.0
4.699999999996921,19.194896714058842,7.919269606589021,689.8631421202908,8298.740098837166,72,13.9418584147146,1.0
4.719999999997052,19.19659048987249,4.995513869995551,274.5067470784972,7085.785512812288,72,13.99853643200313,1.0
4.739999999997183,19.462588576887303,2.266999358961046,56.53214702882772,3234.574466119604,63,14.053638650410138,1.0
4.759999999997314,19.67220432101525,0.6346216634147235,4.430191212427976,5755.617297254187,64,14.10714256993612,1.0
4.779999999997445,19.700620364760752,4.031805071423385,178.8099734735086,15946.466525267953,63,14.159025690581476,1.0
4.799999999997576,19.4751152484068,4.047569192945653,180.21098008851,10248.649826382247,68,14.209265512346592,1.0
4.819999999997707,19.05619442205454,1.4275812103738443,22.417869234336955,10934.42773837121,67,14.257839535231843,1.0
4.839999999997838,17.814856919460063,-2.863428543928167,90.19145328800839,11519.010363301228,66,14.304725259237498,1.0
4.859999999997969,17.261114665699303,-9.398547104528093,971.6595644363675,9794.576852546581,66,14.349900184363822,1.0
4.8799999999981,16.778382904948252,-18.697205441634324,3845.440404593482,20765.079281132872,64,14.393341810611085,1.0
4.899999999998231,16.94069400067667,-11.346265149863404,1416.115061361053,27807.11423429051,72,14.435027637979463,1.0
4.919999999998362,17.115273616435047,22.044606849877688,5345.611602822418,29039.344111045422,70,14.474935166469173,1.0
4.939999999998493,17.25113561126135,54.41958936789884,32576.408776678007,45346.89518282519,70,14.513041896080344,1.0
4.959999999998624,17.434391351660267,65.3235260907125,46938.79367016397,7522.497076341421,71,14.549325326813145,1.0
4.979999999998755,17.438495466156986,60.95263431248007,40867.45992594015,5643.727449439612,70,14.583762958667709,1.0
4.999999999998886,17.438756038923863,56.17178469485338,34707.96335385461,2427.9350451651367,68,14.616332291644122,1.0
5.019999999999017,17.54840714568098,52.3481123860853,30143.573574248385,2033.2454953250578,67,14.647011989094082,1.0
5.039999999999148,17.473549144589708,48.553944367146734,25932.34064968778,9623.09025565778,61,14.675795635874035,1.0
5.059999999999279,17.275307944898156,44.19029971328404,21480.608476248588,2256.423214436544,70,14.70270321454738,1.0
5.07999999999941,17.159933969708153,40.07516087400389,17666.20370985022,6113.257782934934,68,14.72777643332505,1.0
5.099999999999541,17.24108250699494,36.19635052852043,14411.933707418735,6757.262120321347,66,14.751073315110768,1.0
5.119999999999672,17.337563451311894,32.16526004165445,11380.643489019776,3152.452704402756,67,14.772663761743766,1.0
5.139999999999803,17.56639542458427,28.558684596605094,8971.58312477206,11219.025624914893,65,14.7926259385406,1.0
5.159999999999934,18.09239540840009,25.141095370090667,6952.821440487938,4821.3487196114265,67,14.811043347227292,1.0
5.180000000000065,18.42810386662868,21.622763128159722,5142.982738261539,7739.138700571729,65,14.828002475072319,1.0
5.2000000000001965,18.530433928557475,17.73867422521432,3461.2661959511115,8866.466515614915,66,14.843590924931153,1.0
5.2200000000003275,18.632999543001013,13.212887781965836,1920.384438927043,9070.290827773577,64,14.85789594538735,1.0
5.2400000000004585,18.809568919018908,8.734680650294038,839.2411066888319,3896.7499192861173,59,14.871003292557072,1.0
5.2600000000005895,18.908208398658555,4.191449194438821,193.25070984518027,3457.524981250645,50,14.882996365710525,1.0
5.280000000000721,18.684795037350778,0.006913542616436626,0.0005257677866021392,5886.689344406753,67,14.893955567901966,1.0
5.300000000000852,18.51910102622908,-3.8893187312063815,166.394802122041,5743.57846258269,61,14.903957850511066,1.0
5.320000000000983,18.443206764902474,-7.725216308123341,656.468637080243,4898.966265881828,64,14.91307640716811,1.0
5.340000000001114,18.344806676929238,-11.389396862335353,1426.9019697655183,1996.8660122783654,66,14.921380488127276,1.0
5.360000000001245,18.352023903790236,-14.810987473644012,2413.018849388838,1385.0577413619908,64,14.928935310903258,1.0
5.380000000001376,18.375225509854893,-18.201756342258665,3644.3432733724894,541.7237621340596,66,14.935802047020621,1.0
5.400000000001507,18.344900292287075,-20.209061118545044,4492.46766422398,5425.94079961652,71,14.942037868141782,1.0
5.420000000001638,18.498201852821783,-15.722037271876625,2719.0070157610553,39092.292956466015,66,14.947696037731841,1.0
5.440000000001769,18.829686668368815,14.265428069955323,2238.526818209762,72237.54810939878,68,14.95282603685943,1.0
5.4600000000019,18.95552797926993,45.38792721809696,22660.703308707936,52331.862412344686,66,14.95747371479136,1.0
5.480000000002031,17.463968596595592,42.41070577550173,19785.347608137938,0.0,75,14.961681456769126,1.0
5.500000000002162,17.44468294172171,35.88911418064123,14168.313683382135,179.5392318376055,74,14.965488362808252,1.0
5.520000000002293,17.70474763336599,29.942063256732013,9861.798672771554,744.3520932670189,70,14.968930432575837,1.0
5.540000000002424,17.80525404807806,25.443806832091166,7121.26036719646,91.030274899095,67,14.972040752417296,1.0
5.560000000002555,17.861641622113044,21.27132341051454,4977.161195981744,439.21864869716995,71,14.974849681445308,1.0
5.580000000002686,17.380296325439307,17.326298884945793,3302.206963555212,1654.1273649127156,72,14.977385034304058,1.0
5.600000000002817,17.187177302185056,13.403166437144149,1976.0935759596612,10933.747028525033,70,14.979672258798875,1.0
5.620000000002948,17.45926959259935,10.344616334879216,1177.121958274349,2617.7960359233684,64,14.98173460705449,1.0
5.640000000003079,17.765721253521995,11.159918182761928,1369.9815123053431,1827.2498175246828,60,14.983593299253458,1.0
5.66000000000321,18.047355307329976,17.24290911001192,3270.4970603374522,6384.78606425458,68,14.985267679320149,1.0
5.680000000003341,18.173849118167045,15.713413780438946,2716.0250989881742,4943.251300245242,70,14.986775362169052,1.0
5.700000000003472,18.25808338747068,13.717631878548852,2069.907667909177,3651.445483451314,68,14.988132372338749,1.0
5.720000000003603,18.443738350343374,12.977541135284826,1852.5823130981073,4415.874230369813,71,14.989353273992734,1.0
5.740000000003734,18.45792567254337,10.009337012862199,1102.0551018075848,7496.734909770341,71,14.990451292392748,1.0
5.760000000003865,16.74343151733705,4.719454039868908,245.0057107787845,20456.551562832756,71,14.991438427045788,1.0
5.780000000003996,15.73400721727418,-0.4050893996534795,1.805071638827781,8966.44908013327,71,14.99232555679759,1.0
5.800000000004127,15.871253443594671,-9.203493635601932,931.7472461062179,598.3611763100872,70,14.993122537196678,1.0
5.820000000004258,16.152550320387693,-14.876671910418253,2434.469038432502,379.18605180121216,70,14.993838290489132,1.0
5.840000000004389,16.417719266696544,3.919638964787549,168.9992657570889,215.4270712360126,72,14.994480888626967,1.0
5.86000000000452,16.548009558763216,31.982315002946745,11251.553202424837,332.8417100466417,72,14.995057629685089,1.0
5.880000000004651,16.185086852233812,42.231436104809454,19618.436150220638,2376.0107059699694,71,14.995575108086314,1.0
5.900000000004782,16.00240395311982,39.75939264022068,17388.90233431158,4293.300693682977,73,14.99603927903113,1.0
5.920000000004913,16.1603560940646,35.861548284631255,14146.557099080326,3186.5270429899765,72,14.99645551752181,1.0
5.940000000005044,16.398524564870957,32.28641560343173,11466.538957692717,723.7227115226215,70,14.996828672359241,1.0
5.960000000005175,16.329497093894943,29.01261142507255,9259.047838724753,899.219650667115,71,14.997163115476608,1.0
5.980000000005306,16.089408327940912,25.31187012668038,7047.598462409281,277.8199896228823,71,14.997462786958566,1.0
6.000000000005437,16.060270427278233,21.900260593647516,5275.835554766373,2868.100611279527,52,14.997731236076739,1.0
6.0200000000055685,16.349346921113494,21.257536251032647,4970.711322103639,9841.915180216702,53,14.99797165865513,1.0
6.0400000000056995,16.814108777840303,22.060540302919616,5353.341823024148,14632.877488752792,56,14.998186931059452,1.0
6.0600000000058305,16.894216887598336,21.160518393556842,4925.442925524632,8140.907234489867,48,14.998379641087356,1.0
6.0800000000059615,16.833631766710848,16.881828905089456,3134.9576189878526,920.1065727241073,62,14.998552116017093,1.0
6.1000000000060925,16.443666666972142,12.858321846879049,1818.7008478971973,1926.3571881430626,63,14.99870644805528,1.0
6.120000000006224,15.84239336564632,8.692323151424322,831.1212994566597,14801.212690424056,61,14.998844517406868,1.0
6.140000000006355,15.656280412089219,3.0482295343496713,102.20873623489776,12797.946541763531,60,14.998968013174087,1.0
6.160000000006486,15.75080398025775,-2.3076649748521785,58.57849399775456,10354.660818440414,60,14.999078452275448,1.0
6.180000000006617,15.489798815931215,-6.128001351447538,413.07640619677136,6024.567142138086,58,14.99917719656096,1.0
6.200000000006748,15.419368945427928,-9.066692961465852,904.2541338324388,8262.139429037234,58,14.999265468285948,1.0
6.220000000006879,15.550713857218037,-11.58145453669354,1475.4309810404932,19414.51651813489,59,14.999344364092304,1.0
6.24000000000701,15.84831824618726,1.5824993576360669,27.54734638610421,51538.302660933965,62,14.999414867634101,1.0
6.260000000007141,16.11330470720353,32.48286716227091,11606.503249899115,57387.86527709551,58,14.999477860972673,1.0
6.280000000007272,15.739644459496704,43.21073980798545,20538.8483822876,17824.223289566246,60,14.999534134855809,1.0
6.300000000007403,14.956865969623,36.6913248441764,14808.78650702964,2166.3623913990846,66,14.999584397985684,1.0
6.320000000007534,15.08161399514399,31.690381369895704,11047.08298506376,8695.303531725947,63,14.99962928537107,1.0
6.340000000007665,15.250514448388618,27.143143065976997,8104.252370501046,617.7207494484657,57,14.999669365851014,1.0
6.360000000007796,15.041388819258806,23.309318460061338,5976.567597798118,1004.8810879809754,52,14.999705148868895,1.0
6.380000000007927,14.38893719751464,19.626822295084505,4237.333687431088,2483.5265176951966,55,14.99973709056926,1.0
6.400000000008058,14.216488698044728,16.305551865887267,2924.5812381625374,9727.497084974335,51,14.999765599282915,1.0
6.420000000008189,14.435701121982888,13.313963331317122,1949.8778154642262,10946.294170176428,53,14.999791040459566,1.0
6.44000000000832,14.28419624982021,10.1311444463125,1129.040965712535,15748.646919941515,41,14.999813741102283,1.0
6.460000000008451,14.243125665543534,7.041933787274531,545.4771461079448,10470.135118639728,50,14.999833993752334,1.0
6.480000000008582,14.354412101258388,4.603283474896856,233.09240625284326,7503.84034353401,36,14.999852060069106,1.0
6.500000000008713,14.608653919271905,3.6465432611386692,146.27005530891427,7652.770147012774,38,14.999868174044963,1.0
6.520000000008844,14.836020679129893,4.754247859689119,248.6315998249443,15112.524291297706,34,14.999882544891323,1.0
6.540000000008975,14.836874330791485,7.116693141707524,557.1205340054959,13502.9795848136,34,14.999895359628958,1.0
6.560000000009106,14.664340793852608,6.153288071730101,416.49249503065533,9609.58995994197,51,14.999906785412035,1.0
6.580000000009237,14.600455977386012,5.752904409901318,364.05500064408244,9374.518249518062,56,14.999916971612562,1.0
6.600000000009368,14.464136003570129,3.470729239867399,132.50557602117587,7254.332040202676,40,14.999926051689624,1.0
6.620000000009499,13.362839816281795,0.22669977932322474,0.5653206893971867,25161.745273013283,42,14.999934144865009,1.0
6.64000000000963,13.105301802213276,-1.8964006640628275,39.559690265237265,37280.07195953253,37,14.99994135762506,1.0
6.660000000009761,13.538676681043027,1.1900131630772843,15.577444611269236,48296.12444998138,40,14.999947785066222,1.0
6.680000000009892,13.92179297453121,36.52591299030825,14675.565517531259,76271.1637638431,36,14.999953512100328,1.0
6.700000000010023,14.176008835590851,57.80845219947078,36759.98860268348,34548.61444517298,32,14.999958614534226,1.0
6.720000000010154,13.957293023529221,53.10299431843419,31019.20806142019,8399.541071963218,24,14.999963160036167,1.0
6.740000000010285,12.846651492293473,47.54248116147586,24863.16266488216,24191.993964863475,42,14.999967209001166,1.0
6.760000000010416,12.001171144825364,42.95264819826076,20294.229859679086,29142.767061645984,21,14.999970815325234,1.0
6.780000000010547,11.636987432806695,37.456980413169966,15433.279198398584,12354.806794409367,14,14.999974027098201,1.0
6.800000000010678,11.475755443034487,24.996994360418533,6873.346997602755,31606.144115784737,15,14.999976887223637,1.0
6.820000000010809,11.563300486506444,5.724722718635934,360.49695225793033,23408.792530782066,16,14.999979433973275,1.0
6.84000000001094,11.87112981320579,4.166713542114729,190.97651916246494,2545.3071056292215,22,14.999981701482623,1.0
6.8600000000110715,12.199502350072414,4.641523702075766,236.98116504624235,2929.5574268605596,17,14.999983720194434,1.0
6.8800000000112025,12.54043719034438,4.609529526152022,233.7253869771401,3600.8653216714883,18,14.999985517254792,1.0
6.9000000000113335,12.827726703151356,4.018465260646157,177.62869356121988,3935.7109002196585,41,14.99998711686729,1.0
6.9200000000114645,12.916938420583763,2.390047062934493,62.83557459345977,11409.841132408963,31,14.99998854060955,1.0
6.940000000011596,11.69241976125537,-0.8355269837965296,7.679158747173387,29089.354706237904,28,14.99998980771588,1.0
6.960000000011727,10.249180401852378,-4.25313372776129,198.98061156842715,8317.789737670711,29,14.999990935329958,1.0
6.980000000011858,10.320996274424335,-7.453305510432115,611.0693933502149,3470.557199322029,28,14.999991938730362,1.0
7.000000000011989,10.311505804110302,-7.9100284765247455,688.2540554937563,1951.6335745070114,40,14.999992831532083,1.0
7.02000000001212,10.373294219193408,-8.161787554297671,732.7625368963719,3780.916054360546,41,14.9999936258663,1.0
7.040000000012251,10.484866723249791,-8.700077158368591,832.6047681772359,2934.472548626719,36,14.999994332541187,1.0
7.060000000012382,10.67989660016374,-8.835327928786205,858.6932157010848,3834.400076032988,32,14.999994961185049,1.0
7.080000000012513,10.89204694423897,-5.4222796246870795,323.4122796112632,17196.44091544052,30,14.99999552037444,1.0
7.100000000012644,10.96296905838122,10.738544258468634,1268.4796607019864,41952.27442092001,30,14.999996017748202,1.0
7.120000000012775,10.812596488606795,23.196946071128373,5919.081377295219,26107.29229701519,32,14.999996460109452,1.0
7.140000000012906,9.551931011864744,18.63972093775565,3821.831163011471,46643.98263339465,41,14.999996853516413,1.0
7.160000000013037,8.851794706506446,14.82346755550769,2417.0870940610807,29013.146735278555,30,14.999997203363453,1.0
7.180000000013168,9.055075314441487,12.041869412038585,1595.0728083024953,3988.9430968475817,33,14.999997514453474,1.0
7.200000000013299,9.094026648028512,10.687027619096792,1256.338152644714,839.6706089298566,52,14.999997791062377,1.0
7.22000000001343,9.178972657780857,9.481433088308913,988.8733074888701,587.1327409202468,51,14.999998036996496,1.0
7.240000000013561,9.304392654115016,8.34539949305448,766.1026196854136,894.2198581158514,52,14.999998255644021,1.0
7.260000000013692,9.429630367336756,7.323257462553546,589.9310984913081,3391.2074011771697,41,14.999998450020527,1.0
7.280000000013823,9.536027367992197,6.103093899545661,409.7253066133861,8328.530291432173,30,14.99999862280986,1.0
7.300000000013954,9.421698011818139,4.756910940230811,248.91021862616338,21547.032558428855,30,14.999998776400375,1.0
7.320000000014085,9.385313440548742,4.459475139862042,218.75610375352338,20254.352555590962,38,14.999998912917317,1.0
7.340000000014216,9.551365720584847,6.807934620742967,509.8277118034175,21111.307273448838,43,14.999999034251719,1.0
7.360000000014347,9.620012514696535,8.223734466679282,743.9278943629365,6466.393316406358,31,14.99999914208599,1.0
7.380000000014478,9.392241199105309,6.89536734773435,523.0069994622115,5454.861463427926,33,14.999999237916876,1.0
7.400000000014609,9.137253432270759,5.283888225186965,307.11422253896404,6633.46547978625,38,14.999999323075858,1.0
7.42000000001474,8.93004946955017,3.8720040145774752,164.91656597794494,10398.852975873297,32,14.999999398747338,1.0
7.440000000014871,8.788142572718046,2.588157641047784,73.68415972405433,10085.49622593213,48,14.99999946598473,1.0
7.460000000015002,8.673505430500658,1.4761999962202816,23.970830717248358,3267.7418266423483,46,14.999999525724915,1.0
7.480000000015133,8.214576888735435,0.5115662538000341,2.8787003522970096,11847.541344729865,43,14.999999578801155,1.0
7.500000000015264,7.821215958995174,-0.4303071603701307,2.0368067749238596,26398.291023553476,41,14.99999962595442,1.0
7.520000000015395,7.930715825325808,-1.2002883238708517,15.847612664627684,38342.9938690094,41,14.999999667843571,1.0
7.540000000015526,8.240645253683963,15.244330822385468,2556.2858444456474,62286.77701130045,40,14.999999705054456,1.0
7.560000000015657,8.441583750673283,43.70448663316867,21010.90367055701,51225.014656161446,46,14.99999973810797,1.0
7.580000000015788,8.524255218429694,47.480516994840926,24798.394435071157,2331.3282558409232,48,14.99999976746717,1.0
7.600000000015919,8.48003068367836,43.908374870577205,21207.39922152649,3213.5980070225946,57,14.999999793543724,1.0
7.62000000001605,8.447929577917131,41.61105015901761,19046.274448699074,2498.497375117093,44,14.999999816703603,1.0
7.640000000016181,8.474993910946313,39.53176905430492,17190.3684101919,3997.6010892898844,39,14.999999837272089,1.0
7.660000000016312,8.481557946624704,37.39864711567552,15385.246866911077,4091.8691480841185,31,14.999999855538295,1.0
7.6800000000164435,8.482190087733773,35.29475891649587,13702.920076709215,3280.7056577926237,54,14.999999871759224,1.0
7.7000000000165745,8.534442846714201,33.155227791010034,12091.960428611404,2274.707653422846,45,14.999999886163224,1.0
7.7200000000167055,8.611624015151218,30.910828409515357,10510.272442587519,4595.349834353948,33,14.999999898953288,1.0
7.7400000000168365,8.713813477715913,28.762850476668646,9100.317242975176,5174.056714513424,23,14.999999910309743,1.0
7.7600000000169675,8.876153239096462,26.838092805136615,7923.115479588383,3531.7682148057133,22,14.999999920392886,1.0
7.780000000017099,9.023916264453993,25.0741641853423,6915.850805528528,1828.9426275712033,43,14.99999992934509,1.0
7.80000000001723,9.151848818158623,23.34983334554479,5997.36188991187,2524.9877530037843,42,14.999999937292888,1.0
7.820000000017361,9.251539360800654,21.407319721040086,5041.006714027149,1105.3136279563826,41,14.99999994434865,1.0
7.840000000017492,9.302991921999794,19.244915365826838,4074.0344418162176,2674.755625263075,49,14.999999950612285,1.0
7.860000000017623,9.288353013790717,17.46414355805748,3354.9594123808465,4970.84007498053,34,14.999999956172495,1.0
7.880000000017754,9.347793629332122,15.85758178158697,2766.091899556909,3785.24770533332,25,14.999999961108083,1.0
7.900000000017885,9.457034459023527,14.333824949105493,2260.04391438759,4908.051869029433,26,14.99999996548905,1.0
7.920000000018016,9.670316425458498,12.895121242414016,1829.125670422129,4797.11554017978,29,14.999999969377535,1.0
7.940000000018147,9.792042277791696,11.550095263250387,1467.4517064917493,2618.0599992186326,29,14.999999972828826,1.0
7.960000000018278,9.844070112553476,10.111509291506183,1124.6688216743746,3989.5187732966883,23,14.999999975891939,1.0
7.980000000018409,9.929798105428636,8.418541405057487,779.5902332753403,8947.475232174094,21,14.99999997861044,1.0
8.00000000001854,10.024966149141202,6.006084348045744,396.8035411542407,11654.028980361933,20,14.999999981023008,1.0
8.02000000001867,10.155193375971756,3.6026380510876317,142.76901019858937,7664.0260775300985,21,14.999999983163995,1.0
8.040000000018802,10.414563543275719,2.1317474345058307,49.9878183697441,5378.1696387389065,45,14.999999985063923,1.0
8.060000000018933,10.66692896020715,0.9287452972384743,9.488246098568403,3429.0841831421594,39,14.999999986749852,1.0
8.080000000019064,10.774256777444968,-0.4100059521682012,1.849153688946886,2450.7784450838503,42,14.999999988245857,1.0
8.100000000019195,10.847338063225862,-1.3951029505236263,21.409434668157004,5940.786756247499,42,14.999999989573267,1.0
8.120000000019326,10.879263497457682,-2.147823969286819,50.74462583347285,5165.231735662798,44,14.999999990751032,1.0
8.140000000019457,10.944998011129691,-3.250797182260869,116.24450552214725,5257.374493821842,45,14.99999999179602,1.0
8.160000000019588,11.037462272083786,-4.19017086360607,193.13285052834567,4299.430412151247,51,14.999999992723152,1.0
8.180000000019719,11.126703022195272,-5.233221161607396,301.2526409892501,5290.237912077001,47,14.999999993545703,1.0
8.20000000001985,11.051013612959796,-6.084329337039454,407.20969829714863,6910.445242104583,44,14.999999994275449,1.0
8.220000000019981,11.038138520641292,-6.111320674022776,410.83064418812023,7932.978850741538,42,14.999999994922815,1.0
8.240000000020112,11.151377067691643,-5.909954285887545,384.20315627408615,4880.342418427148,46,14.99999999549711,1.0
8.260000000020243,11.308173150896385,-5.58708390472416,343.37057214270544,5215.045130108292,43,14.999999996006549,1.0
8.280000000020374,11.513143939667982,-5.719413577773958,359.82860840987615,1878.8676322840752,45,14.999999996458456,1.0
8.300000000020505,11.725883798125667,-6.514386285057819,466.8095153804436,3655.8635066513357,36,14.999999996859307,1.0
8.320000000020636,11.741238345344664,-6.732531802473749,498.59682918452467,5676.507406719328,45,14.999999997214859,1.0
8.340000000020767,11.695951093576305,-5.806339245963396,370.8493298313626,7660.618576733517,45,14.999999997530225,1.0
8.360000000020898,11.756707703758925,-5.255456426805176,303.8180447945261,4485.610392813336,44,14.99999999780995,1.0
8.38000000002103,11.832028403998665,-5.781716563690866,367.7107106514304,4639.425915401936,43,14.999999998058035,1.0
8.40000000002116,11.871001357509684,-7.2159076408948515,572.7625539011717,6594.035272316375,46,14.999999998278062,1.0
8.420000000021291,11.687918372532126,-7.3489735230355295,594.0815302650497,11808.089689304052,47,14.999999998473204,1.0
8.440000000021422,11.574535239255836,-3.3245214809858092,121.57687385289687,23432.15288491701,46,14.999999998646263,1.0
8.460000000021553,11.746810696454066,3.070777966570811,103.72645051974442,30854.326160416447,44,14.999999998799739,1.0
8.480000000021684,11.848179648241944,12.278452760588324,1658.3644241339896,30243.94264256358,49,14.999999998935836,1.0
8.500000000021815,11.91937579161008,20.64639032701559,4689.007768890313,23486.7188769906,42,14.999999999056525,1.0
8.520000000021946,11.932619319601232,24.945489168370134,6845.051728341989,19653.676696107486,40,14.99999999916355,1.0
8.540000000022077,11.821585613576252,26.996990327462385,8017.212354152073,13413.694396771349,43,14.999999999258453,1.0
8.560000000022209,11.901460262035815,25.823540499160917,7335.407683029844,12028.756544336562,43,14.999999999342592,1.0
8.58000000002234,12.008681264923492,23.07038818257441,5854.670919841357,3234.5911706615816,37,14.999999999417204,1.0
8.60000000002247,12.095634028848647,20.56532409952594,4652.258108503967,4393.864618692444,34,14.999999999483363,1.0
8.620000000022602,12.118439089963939,18.063329076568937,3589.122430612629,4088.9402062700638,36,14.999999999542023,1.0
8.640000000022733,12.046413256124822,15.69079456232889,2708.2113739693086,7178.863326983394,37,14.99999999959403,1.0
8.660000000022864,12.042665887486038,14.375967491860608,2273.3528545973627,8986.959367799034,37,14.99999999964014,1.0
8.680000000022995,12.163381575507026,13.079391195719387,1881.77521455728,2000.0403761388873,33,14.999999999681027,1.0
8.700000000023126,12.309631828759152,11.122051766294522,1360.700390413486,4721.563660339808,30,14.999999999717273,1.0
8.720000000023257,12.369455852936435,9.105669260363713,912.0453394704592,5705.453750598003,32,14.999999999749386,1.0
8.740000000023388,12.329024467611031,7.756770988795133,661.8424578987522,8758.898534499456,23,14.999999999777872,1.0
8.760000000023519,12.305528304636297,9.603787196768115,1014.5600137288789,16800.62711860852,28,14.999999999803125,1.0
8.78000000002365,12.433835574263945,12.418821301152692,1696.4983476096022,12075.844783143939,31,14.999999999825512,1.0
8.80000000002378,12.631039125616018,11.93412253340727,1566.656087066171,4511.393828014597,26,14.999999999845338,1.0
8.820000000023912,12.765855364501544,9.623301387051878,1018.6872254463806,6219.126451217262,22,14.99999999986295,1.0
8.840000000024043,12.739779940612081,7.698933261003889,652.0093069313117,9142.215803790592,23,14.999999999878565,1.0
8.860000000024174,12.618754253156435,10.382059397077125,1185.6587305688117,22904.123696802184,20,14.999999999892362,1.0
8.880000000024305,12.725865105245058,13.27776854447289,1939.2905127265308,12089.239599150727,29,14.999999999904576,1.0
8.900000000024436,12.853965709025163,11.902342279994176,1558.3232692515066,5851.789177329209,21,14.99999999991551,1.0
8.920000000024567,12.836200691889065,9.021114829120647,895.1856403619848,6350.201369052278,25,14.99999999992506,1.0
8.940000000024698,12.756741976274645,6.393350911000627,449.62429458311806,5653.177413982883,29,14.999999999933573,1.0
8.960000000024829,12.611804187907993,6.501401977225084,464.95050436412856,17053.488652069875,26,14.999999999941128,1.0
8.98000000002496,12.807033242059196,10.527147759176781,1219.029239378948,29182.343317720042,33,14.999999999947827,1.0
9.000000000025091,13.031823803910312,17.678571664940083,3437.8508572366463,18037.75049937124,27,14.999999999953802,1.0
9.020000000025222,13.174116893588852,17.615648405332312,3413.421756143155,7654.199300292268,24,14.999999999959131,1.0
9.040000000025353,13.003337103688256,15.094919250357915,2506.4224589230857,6524.845810768619,27,14.99999999996367,1.0
9.060000000025484,12.826822991915787,15.83115005314236,2756.878432056203,14865.559066259753,21,14.999999999967908,1.0
9.080000000025615,12.941128290419138,16.932849346701524,3153.9352569789926,13319.811607443657,31,14.999999999971461,1.0
9.100000000025746,13.110378985452572,16.062332802655327,2837.983885695831,3328.1595939152307,27,14.99999999997488,1.0
9.120000000025877,13.089015257233346,13.35344392102062,1961.459110070268,9483.37613447099,24,14.999999999977545,1.0
9.140000000026008,12.980642533852574,10.404899741170635,1190.8813248619401,3879.595606248095,26,14.99999999998021,1.0
9.16000000002614,12.860342136516046,8.52860383854519,800.1079177833251,13595.268515130307,27,14.999999999982549,1.0
9.18000000002627,12.98646767065513,9.273293600098874,945.9337161299821,15316.175643901213,26,14.999999999984325,1.0
9.200000000026401,13.201220588339933,13.66790240832855,2054.927118679527,12926.131154082805,21,14.999999999986102,1.0
9.220000000026532,13.278837368224183,13.591078525309058,2031.8915702922873,9058.186625478505,18,14.999999999987878,1.0
9.240000000026663,13.033201649182734,10.606952602071948,1237.5818785286094,6415.681699342068,25,14.999999999989521,1.0
9.260000000026794,12.866230018718992,10.532765580607727,1220.330658536383,14792.911194702696,22,14.99999999999041,1.0
9.280000000026925,13.004053398661487,13.035720492534667,1869.2300963543707,16933.572868693842,29,14.999999999991298,1.0
9.300000000027056,13.200851896117726,15.377833970034331,2601.25555370936,10558.411838220043,20,14.999999999992186,1.0
9.320000000027187,13.07952113785874,13.025392533054285,1866.2693570416095,11731.08871481407,16,14.999999999993074,1.0
9.340000000027318,12.822893892787924,9.841558745225077,1065.4190638928783,6717.111921558867,29,14.999999999993962,1.0
9.36000000002745,12.726354237841598,7.510892793146314,620.5486160515096,14491.103419990735,28,14.99999999999485,1.0
9.38000000002758,12.86377252711008,7.579816664470016,631.989827336751,18398.11329659602,39,14.999999999995739,1.0
9.400000000027712,13.045086097220395,9.866398060895945,1070.803917656564,20565.89282607222,33,14.999999999996627,1.0
9.420000000027843,12.92999292937181,9.29917563995902,951.22134341088,9542.41108029853,24,14.999999999997232,1.0
9.440000000027974,12.732657045814811,7.310202200159278,587.829618279349,5935.48661200367,28,14.999999999997232,1.0
9.460000000028105,12.68894874240075,7.7124119690754265,654.2942821881169,16290.146395814674,22,14.999999999997232,1.0
9.480000000028236,12.836802089292878,11.50014277043079,1454.786121143207,23331.545363649646,33,14.999999999997232,1.0
9.500000000028367,13.034036951860395,17.293726639589877,3289.802791933467,26196.93462465173,32,14.999999999997232,1.0
9.520000000028498,12.957482121520512,18.03828406529892,3579.1766122245863,9739.374606440915,25,14.999999999997232,1.0
9.540000000028629,12.861460596277333,16.645703461187992,3047.8738808958647,5517.537787508797,30,14.999999999997232,1.0
9.56000000002876,12.885815165679931,17.50583575189544,3370.997139095746,15659.061361616483,28,14.999999999997232,1.0
9.58000000002889,13.059005416506514,21.49142280404927,5080.6937955665,27155.307435318122,39,14.999999999997232,1.0
9.600000000029022,13.224895341493145,24.339621358432947,6516.588846590737,9117.00742581066,26,14.999999999997232,1.0
9.620000000029153,13.224500268172443,22.102086202823106,5373.524359687259,6696.108431828456,35,14.999999999997232,1.0
9.640000000029284,13.23470350211892,19.812024515138642,4317.679469273,5113.716805787254,42,14.999999999997232,1.0
9.660000000029415,13.32469268032739,20.12479319204582,4455.080311248752,8142.706614858034,37,14.999999999997232,1.0
9.680000000029546,13.509174831967563,22.851478437589357,5744.090734619725,16831.74388539419,43,14.999999999997232,1.0
9.700000000029677,13.729290377755435,23.7308272067146,6194.673759064404,8871.407307431935,42,14.999999999997232,1.0
9.720000000029808,13.73765081841977,21.878182062000192,5265.203353718297,6164.684898783896,42,14.999999999997232,1.0
9.740000000029939,13.713510831440985,20.87762741291222,4794.628590316221,9966.931135700732,40,14.999999999997232,1.0
9.76000000003007,13.865303976451743,22.77476136385402,5705.587306985475,15290.807371130584,40,14.999999999997232,1.0
9.780000000030201,14.060407553321765,20.83027177408531,4772.902444004807,5860.103287900869,44,14.999999999997232,1.0
9.800000000030332,14.219132596322885,16.973907290143043,3169.2488156380823,2797.451892872154,38,14.999999999997232,1.0
9.820000000030463,14.15860111066082,13.483218394102797,1999.7689608937924,6252.102951930697,42,14.999999999997232,1.0
9.840000000030594,14.184209173667313,10.607179704179364,1237.6348740443007,5256.51868333382,40,14.999999999997232,1.0
9.860000000030725,14.344877830675658,8.519196723873193,798.3438410205692,4732.811253525547,46,14.999999999997232,1.0
9.880000000030856,14.500476977099328,5.978063310003571,393.1096503225193,3563.8121386109337,40,14.999999999997232,1.0
9.900000000030987,14.430014977757997,2.8430213432109492,88.91047393748289,6430.029616666502,46,14.999999999997232,1.0
9.920000000031118,14.377528338527881,0.4851990317602764,2.5895991046322067,5503.150481532177,41,14.999999999997232,1.0
9.94000000003125,14.510102945206258,-0.3598668153909291,1.4245453730156992,9856.851408133152,41,14.999999999997232,1.0
9.96000000003138,14.690648055013952,0.5605290265382473,3.456120685511067,18471.631955498404,44,14.999999999997232,1.0
9.980000000031511,14.690555333221363,2.323175374511514,59.36858202810383,21910.29525929234,40,14.999999999997232,1.0
10.000000000031642,14.471150957696658,4.759083393389397,249.13762219758212,17311.697187815636,45,14.999999999997232,1.0
10.020000000031773,14.589383293267613,6.305488596209554,437.3510508062161,16833.39470215023,45,14.999999999997232,1.0
10.040000000031904,14.737055353508403,9.539304641838765,1000.9816635478726,25096.07433055493,48,14.999999999997232,1.0
10.060000000032035,14.752194365148803,14.306355145430107,2251.389773018919,28437.57426918562,43,14.999999999997232,1.0
10.080000000032166,14.49566966838309,17.694085302203607,3443.8872014982353,15662.113458270884,46,14.999999999997232,1.0
10.100000000032297,14.556522275584793,18.763555654446836,3872.781228772762,12772.786694021761,50,14.999999999997232,1.0
10.120000000032428,14.68849700936288,19.20204546134633,4055.9040488957235,9347.063173835677,55,14.999999999997232,1.0
10.14000000003256,14.777599888268245,18.697384685985984,3845.5141350531753,10165.453715502892,48,14.999999999997232,1.0
10.16000000003269,14.684063267614853,17.11997487784235,3224.0289379974847,7653.211729575473,48,14.999999999997232,1.0
10.180000000032821,14.718045947660228,17.872350508082725,3513.6300395214134,9666.646845241012,45,14.999999999997232,1.0
10.200000000032952,14.888722949091413,21.316948514456488,4998.535233647875,14402.545299677313,50,14.999999999997232,1.0
10.220000000033084,15.063301509880768,23.56020299419866,6105.914816406324,10805.042554234258,45,14.999999999997232,1.0
10.240000000033215,15.082322159351907,22.16512446543117,5404.220168248609,7562.219228721032,47,14.999999999997232,1.0
10.260000000033346,15.00503629391473,21.890727323943945,5271.243370483927,9195.808548966837,47,14.999999999997232,1.0
10.280000000033477,15.144229780670837,24.384425837644322,6540.602457747335,12208.89621179131,44,14.999999999997232,1.0
10.300000000033608,15.343773704727855,25.16083996697827,6963.746546282801,9058.815369584523,46,14.999999999997232,1.0
10.320000000033739,15.475496594188849,22.569059513512656,5602.986920569238,5982.819972282188,45,14.999999999997232,1.0
10.34000000003387,15.302890735482439,20.02989474420283,4413.163518102287,6201.21329564968,48,14.999999999997232,1.0
10.360000000034,15.381940758287858,20.530232022845016,4636.394696030361,7665.795747900497,50,14.999999999997232,1.0
10.380000000034132,15.57047878187829,19.64754239310803,4246.28514297875,4432.413345737464,48,14.999999999997232,1.0
10.400000000034263,15.664757779942043,15.217165614191018,2547.1834226268925,5743.528588297424,47,14.999999999997232,1.0
10.420000000034394,15.49719592538583,11.147120370319012,1366.8412180541918,4876.924653851947,48,14.999999999997232,1.0
10.440000000034525,15.52408825243927,8.050675636300435,712.9471602101355,5580.404664195242,40,14.999999999997232,1.0
10.460000000034656,15.679836664057179,5.85282590505827,376.8112818241327,4448.240894534051,45,14.999999999997232,1.0
10.480000000034787,15.752998924350868,3.06973275774006,103.65585124336634,7017.527225964152,40,14.999999999997232,1.0
10.500000000034918,15.590957180655167,1.6278344385895531,29.148294554039822,10619.570000242205,41,14.999999999997232,1.0
10.520000000035049,15.635328306080392,2.9308900749148266,94.49128294357662,15613.93538730286,41,14.999999999997232,1.0
10.54000000003518,15.804882224603892,6.0236212674583465,399.1241449115414,18415.843952928968,40,14.999999999997232,1.0
10.560000000035311,15.854134032999585,9.13778177251821,918.4896129438264,28436.700094903004,40,14.999999999997232,1.0
10.580000000035442,15.535072581663737,12.615072627582043,1750.5406313908668,21847.531283297558,40,14.999999999997232,1.0
10.600000000035573,15.64535923811521,14.05866893520338,2174.1078945261784,18197.228392076777,41,14.999999999997232,1.0
10.620000000035704,15.80850264171594,14.764820161459745,2397.99905840273,18393.629022691526,43,14.999999999997232,1.0
10.640000000035835,15.80178175057852,14.770534433076143,2399.8555618255677,16430.95768873248,38,14.999999999997232,1.0
10.660000000035966,15.552390575816437,15.522192402566072,2650.3230268050784,19137.69129439437,40,14.999999999997232,1.0
10.680000000036097,15.595667822488359,17.97429692241152,3553.828848405134,23156.130906447168,45,14.999999999997232,1.0
10.700000000036228,15.771437068907122,21.106945005644295,4900.534402184219,21790.80988621348,47,14.999999999997232,1.0
10.720000000036359,15.85007056709615,21.35333053249094,5015.611973127908,14425.802617378939,39,14.999999999997232,1.0
10.74000000003649,15.630849186457164,19.518551724585937,4190.7124756787025,9188.060022589452,43,14.999999999997232,1.0
10.760000000036621,15.626170908305076,19.119838478987226,4021.2504580881664,13284.75526592684,43,14.999999999997232,1.0
10.780000000036752,15.779100816161952,19.81626857340151,4319.529501904983,12964.18334095116,46,14.999999999997232,1.0
10.800000000036883,15.859254246771155,18.593710667733326,3802.9868403491814,10245.537259448061,39,14.999999999997232,1.0
10.820000000037014,15.716512332775864,17.275579484798666,3282.902111891562,9620.63108826369,43,14.999999999997232,1.0
10.840000000037145,15.734153911060131,17.446974041912455,3348.365935410837,13125.829948880511,40,14.999999999997232,1.0
10.860000000037276,15.910045785288208,18.46576607753192,3750.8296851314144,15507.425242181796,45,14.999999999997232,1.0
10.880000000037407,16.022669737093413,18.49482622803611,3762.644569257777,15356.373814186472,41,14.999999999997232,1.0
10.900000000037538,15.862903494079438,18.982302658153557,3963.60595626318,14314.757422315963,44,14.999999999997232,1.0
10.92000000003767,15.92436914320514,19.57293815057162,4214.098986307122,12947.194689251508,40,14.999999999997232,1.0
10.9400000000378,16.1066572451517,17.853097499373245,3506.0639935433996,4128.680574732706,45,14.999999999997232,1.0
10.960000000037931,16.17753536986344,14.03515352850779,2166.8408802566314,6670.121635680647,42,14.999999999997232,1.0
10.980000000038062,16.003850600245176,12.099733887176843,1610.439161545452,10459.479496109514,44,14.999999999997232,1.0
11.000000000038193,16.060746167882026,13.317165672019474,1950.8159168961529,16655.16385340865,37,14.999999999997232,1.0
11.020000000038324,16.261924656632058,14.546774253549032,2327.695053020887,15392.062725509992,46,14.999999999997232,1.0
11.040000000038455,16.347618259533828,13.35659570479113,1962.3851370336936,9616.020142455269,41,14.999999999997232,1.0
11.060000000038587,16.015145484749443,12.43896079526432,1702.0052023273504,9950.171731209946,43,14.999999999997232,1.0
11.080000000038718,16.04788089955355,12.360252264404425,1680.5341964368617,11617.421060358442,44,14.999999999997232,1.0
11.100000000038849,16.22420989760519,11.579730561762279,1474.991758713125,8652.74816572229,49,14.999999999997232,1.0
11.12000000003898,16.20528777017929,9.357904820840771,963.2742089950643,12771.661267920896,44,14.999999999997232,1.0
11.14000000003911,15.874461427399988,9.013533261139141,893.6816003462776,13887.049301005365,44,14.999999999997232,1.0
11.160000000039242,15.893744645718654,9.815477562521059,1059.7795975838976,16107.940456562965,42,14.999999999997232,1.0
11.180000000039373,16.06257481691571,11.94935757120519,1570.6586100097068,20963.616552883177,47,14.999999999997232,1.0
11.200000000039504,16.06774867194821,13.96334434106943,2144.7248370600323,24936.237032286022,44,14.999999999997232,1.0
11.220000000039635,15.709285898101095,15.033440055004013,2486.0475187613897,17152.841992202622,45,14.999999999997232,1.0
11.240000000039766,15.756063041358267,15.026242385665967,2483.6675625606285,11748.297170353711,48,14.999999999997232,1.0
11.260000000039897,15.878422800306158,14.416508691467527,2286.192951362746,12096.951743638634,48,14.999999999997232,1.0
11.280000000040028,15.776712659812473,13.868111549231994,2115.56969736136,14929.186791465367,46,14.999999999997232,1.0
11.300000000040159,15.656172005454582,14.846224515187922,2424.5142059090354,18611.33016785607,44,14.999999999997232,1.0
11.32000000004029,15.74105276199692,18.20952069674118,3647.4530840554994,22961.56584891422,41,14.999999999997232,1.0
11.34000000004042,15.912275985878422,22.332141706782366,5485.970085329893,20210.95124638078,43,14.999999999997232,1.0
11.360000000040552,15.904443579450218,23.768274513601444,6214.239606893076,16846.97078295315,41,14.999999999997232,1.0
11.380000000040683,15.775313549792003,24.291964175313,6491.0947584415935,16511.020385376534,43,14.999999999997232,1.0
11.400000000040814,15.877497659127373,25.997038645146365,7434.306201489569,16056.404290370487,43,14.999999999997232,1.0
11.420000000040945,16.073228637293315,25.7026665319977,7266.897735405821,7708.521821590901,47,14.999999999997232,1.0
11.440000000041076,16.07294118600756,22.61104572939835,5623.853278746376,7749.518531402525,44,14.999999999997232,1.0
11.460000000041207,15.866826011327293,20.393381881162092,4574.790270060013,8108.777321466948,47,14.999999999997232,1.0
11.480000000041338,15.958742041564674,21.303417447458898,4992.191544347658,14507.181419743752,43,14.999999999997232,1.0
11.500000000041469,16.154749665214617,21.062155807455127,4879.758479832673,6465.078432364698,43,14.999999999997232,1.0
11.5200000000416,16.174326854179714,17.860266145662116,3508.8801747327275,6962.900887682929,39,14.999999999997232,1.0
11.540000000041731,15.950334907656,15.196883564587708,2540.3979708319957,6881.63567070965,44,14.999999999997232,1.0
11.560000000041862,16.028491694375948,14.922507049982462,2449.4933832245392,11482.810853705456,43,14.999999999997232,1.0
11.580000000041993,16.201479888558247,13.800535346430072,2095.002534328724,3987.0382866369423,45,14.999999999997232,1.0
11.600000000042124,16.161278313012357,9.721571487177723,1039.5984739833757,8903.738684059574,43,14.999999999997232,1.0
11.620000000042255,15.966687165942766,6.6999877309628655,493.7881915455822,7919.337267150197,43,14.999999999997232,1.0
11.640000000042386,16.038705054553994,5.833491174082346,374.32581205906297,9836.129168609272,42,14.999999999997232,1.0
11.660000000042517,16.19502406092731,5.270538796381383,305.5643712457745,12055.970159485578,43,14.999999999997232,1.0
11.680000000042648,16.10135344962595,5.91411754808793,384.74465009861746,17664.611929252045,42,14.999999999997232,1.0
11.70000000004278,15.915598162246244,8.553572005995976,804.7995346793384,19830.921988904618,41,14.999999999997232,1.0
11.72000000004291,16.042542197749906,11.100721188019131,1355.4861198355054,21306.143425205777,44,14.999999999997232,1.0
11.740000000043041,16.177884883303104,13.119808918434831,1893.4232466186636,16334.390354407453,43,14.999999999997232,1.0
11.760000000043172,15.953076918638255,14.798489599350512,2408.948238642938,21004.239387249174,45,14.999999999997232,1.0
11.780000000043303,15.811464973466057,16.29434178580606,2920.5613165593204,17269.84035829005,41,14.999999999997232,1.0
11.800000000043434,15.96045127940502,18.480168528427466,3756.682917229891,21046.99405320892,45,14.999999999997232,1.0
11.820000000043565,16.099486613007038,20.19728832038187,4487.235010462972,14243.830547853568,44,14.999999999997232,1.0
11.840000000043696,15.96661205338514,20.63373978605572,4683.2633931452465,14747.525180581915,44,14.999999999997232,1.0
11.860000000043827,15.836005063613637,20.202889080775737,4489.723999311403,10694.615097043976,45,14.999999999997232,1.0
11.880000000043959,15.931546673518149,20.176840353709622,4478.153753249935,10564.959806331499,48,14.999999999997232,1.0
11.90000000004409,16.043404205750093,18.209005395208273,3647.246652309964,6907.464611171262,45,14.999999999997232,1.0
11.92000000004422,15.910436659525866,16.253330368329934,2905.878228682837,8777.537171532524,43,14.999999999997232,1.0
11.940000000044352,15.872311583728433,15.70723526655762,2713.8896369089057,12771.163621168886,41,14.999999999997232,1.0
11.960000000044483,16.025096848619377,17.45763053722403,3352.457503716387,16030.655341317282,46,14.999999999997232,1.0
11.980000000044614,16.184886158260117,18.81042365985751,3892.1524208965984,15261.6438059347,46,14.999999999997232,1.0
12.000000000044745,16.091580274958574,20.570971718034343,4654.813651665857,16837.11820009472,45,14.999999999997232,1.0
12.020000000044876,16.031897667919917,22.126897177020126,5385.595365506633,15083.284815809735,45,14.999999999997232,1.0
12.040000000045007,16.206332762049954,22.016807875004293,5332.138119053362,6989.349176174431,47,14.999999999997232,1.0
12.060000000045138,16.330612583050033,18.41314948525164,3729.4848136284504,6961.605863566292,45,14.999999999997232,1.0
12.080000000045269,16.167005333355732,15.551826172682437,2660.4522703586354,7588.941343546046,49,14.999999999997232,1.0
12.1000000000454,16.090246320568724,14.808517064204512,2412.2139540491985,13706.107900569456,45,14.999999999997232,1.0
12.12000000004553,16.252680174539176,14.918733044414104,2448.2545521554266,8520.303404604281,48,14.999999999997232,1.0
12.140000000045662,16.360767789266994,12.150720771564412,1624.0401679537956,5232.341083201351,45,14.999999999997232,1.0
12.160000000045793,16.18420477766934,10.09047347092118,1119.9942035410056,9066.893535663718,48,14.999999999997232,1.0
12.180000000045924,16.142877166862966,9.932185247962227,1085.1313417982233,11920.04158578388,47,14.999999999997232,1.0
12.200000000046055,16.287356738326267,10.56733626216542,1228.3545524544384,12051.035920627111,49,14.999999999997232,1.0
12.220000000046186,16.316575830187723,10.581459631809738,1231.6401673358098,12480.796301219589,48,14.999999999997232,1.0
12.240000000046317,16.12486752957204,12.09649032237129,1609.575859311445,12856.114912803041,46,14.999999999997232,1.0
12.260000000046448,16.179644494762854,14.052032503510148,2172.0557922767625,14703.147245915834,47,14.999999999997232,1.0
12.280000000046579,16.34891965864906,16.485316908197518,2989.422409200733,13700.741877380498,49,14.999999999997232,1.0
12.30000000004671,16.37319046707032,18.627245080915948,3816.716852349581,16309.00977581379,47,14.999999999997232,1.0
12.320000000046841,16.20631835370545,21.002481719214657,4852.146622025404,11397.482616636215,48,14.999999999997232,1.0
12.340000000046972,16.28975425083145,21.940635449322098,5295.306323120544,9565.31037587797,49,14.999999999997232,1.0
12.360000000047103,16.43986155749216,20.410780100750507,4582.599387533121,5421.896936584682,49,14.999999999997232,1.0
12.380000000047234,16.343106410348632,17.28170825555207,3285.2318425301814,9146.421109913494,47,14.999999999997232,1.0
12.400000000047365,16.233854305015672,16.158782160873898,2872.1686501483414,10820.44255791811,48,14.999999999997232,1.0
12.420000000047496,16.339376093977513,17.181777026036194,3247.3480794966767,12074.004809106777,48,14.999999999997232,1.0
12.440000000047627,16.519542869458824,17.73128146310025,3458.381765560508,7789.760709363754,49,14.999999999997232,1.0
12.460000000047758,16.475240237454408,17.319681727200226,3299.6851264466477,6067.306716920455,49,14.999999999997232,1.0
12.48000000004789,16.302958550807368,17.05457001544926,3199.4419425304714,7499.021207456194,49,14.999999999997232,1.0
12.50000000004802,16.398695265341335,17.29657826893694,3290.887817948078,6440.896642413101,52,14.999999999997232,1.0
12.520000000048151,16.524544568345522,14.876918217656169,2434.54965220313,5620.868753951746,51,14.999999999997232,1.0
12.540000000048282,16.39792101893998,12.81693592615163,1807.0123118858396,7260.5385763819895,51,14.999999999997232,1.0
12.560000000048413,16.359222388381372,12.521390141694921,1724.6373218858823,8202.366177141046,50,14.999999999997232,1.0
12.580000000048544,16.511996638607183,14.166966804876862,2207.7324329553126,7938.188584461737,52,14.999999999997232,1.0
12.600000000048675,16.654272101918863,15.723018721396484,2719.3464948472274,7725.720610166015,51,14.999999999997232,1.0
12.620000000048806,16.55585857780925,18.364958658697724,3709.9887718924415,7222.125933631267,51,14.999999999997232,1.0
12.640000000048937,16.54369539123786,19.941577523086472,4374.331655201944,9459.229145008918,50,14.999999999997232,1.0
12.660000000049068,16.702220024491687,19.428335654485572,4152.062489336909,6319.689858829289,51,14.999999999997232,1.0
12.6800000000492,16.728531659685565,16.445960579678374,2975.1658132716857,8615.694847287714,50,14.999999999997232,1.0
12.70000000004933,16.58452447995691,15.587724649637277,2672.748757282005,5595.013154972605,50,14.999999999997232,1.0
12.720000000049462,16.619664122616577,16.365133736590153,2945.993624381293,8980.156591078072,50,14.999999999997232,1.0
12.740000000049593,16.793624339594125,16.962417492251163,3164.9596789957104,5128.971744317446,50,14.999999999997232,1.0
12.760000000049724,16.833351493434478,16.09301799371413,2848.837509606075,6033.613241415337,49,14.999999999997232,1.0
12.780000000049855,16.692433931991236,15.917978391870724,2787.202396924696,6427.742986951085,50,14.999999999997232,1.0
12.800000000049986,16.761801245463616,16.529055670238513,3005.3064948482834,8120.010318866705,53,14.999999999997232,1.0
12.820000000050117,16.90747909568884,15.558589694251438,2662.7668460147374,7396.92233054384,50,14.999999999997232,1.0
12.840000000050248,16.82323734742454,14.582051016525238,2338.998330333992,7446.790020156198,49,14.999999999997232,1.0
12.860000000050379,16.76296727861533,14.732550663167912,2387.528539470902,8433.450595353035,48,14.999999999997232,1.0
12.88000000005051,16.893143738504964,15.945822649282388,2796.9618595860393,8560.29362232255,51,14.999999999997232,1.0
12.90000000005064,17.029444930098393,16.311178173715156,2926.5998675614987,8101.950404018009,50,14.999999999997232,1.0
12.920000000050772,16.965059368039203,18.21231711941573,3648.573443439796,6314.281327705999,50,14.999999999997232,1.0
12.940000000050903,16.971805302435985,20.596589737187745,4666.414596822304,8621.295690629026,49,14.999999999997232,1.0
12.960000000051034,17.13848750490342,21.58093791686648,5123.1056950880975,6587.613747387067,50,14.999999999997232,1.0
12.980000000051165,17.214227652512772,19.66476374897745,4253.732266334075,6061.770026629123,50,14.999999999997232,1.0
13.000000000051296,17.06695213573736,18.945414220413703,3948.215919813591,5406.65877774405,47,14.999999999997232,1.0
13.020000000051427,17.08871699940694,18.778601038556065,3878.994426617848,6890.696671100465,47,14.999999999997232,1.0
13.040000000051558,17.23488015510477,17.20049574739488,3254.427593517642,5619.4384200883815,49,14.999999999997232,1.0
13.060000000051689,17.23712812665347,14.739845319809383,2389.8934405709724,5654.041650715869,50,14.999999999997232,1.0
13.08000000005182,17.199481370475056,14.145070120825775,2200.9130959538593,6674.945263668267,47,14.999999999997232,1.0
13.100000000051951,17.325263325420728,15.376514587590467,2600.809209486207,7813.012641193138,50,14.999999999997232,1.0
13.120000000052082,17.465263744512797,15.981914953718674,2809.637661466862,11251.34695096541,49,14.999999999997232,1.0
13.140000000052213,17.406624308018788,17.296490386896878,3290.854376744177,7364.04716694636,47,14.999999999997232,1.0
13.160000000052344,17.400903475395125,18.632623153077585,3818.9211012106316,7848.606067760044,47,14.999999999997232,1.0
13.180000000052475,17.55647530932104,18.726133623782143,3857.3488854531856,7992.792279325184,48,14.999999999997232,1.0
13.200000000052606,17.63291285635846,17.245704680399317,3271.557629159016,6536.3923313155165,47,14.999999999997232,1.0
13.220000000052737,17.540941700922268,17.87613057632324,3515.1164881993454,6028.551031186975,46,14.999999999997232,1.0
13.240000000052868,17.617810370050233,19.1783564425772,4045.902914223967,7824.995205482605,47,14.999999999997232,1.0
13.260000000053,17.761461736167586,18.265866056826304,3670.060490865113,8653.550810355538,48,14.999999999997232,1.0
13.28000000005313,17.72748216688559,16.869613511928208,3130.422460460138,6260.927094062946,47,14.999999999997232,1.0
13.300000000053261,17.66962293249218,16.409177688167187,2961.872236420282,7078.594214384514,42,14.999999999997232,1.0
13.320000000053392,17.784211561494516,16.269616934693715,2911.7047872183975,8289.183217456977,46,14.999999999997232,1.0
13.340000000053523,17.85257687698489,14.86666762891598,2431.1958702752413,9963.190208180464,45,14.999999999997232,1.0
13.360000000053654,17.801580900549304,15.029350849307898,2484.695256467512,8029.650866032998,43,14.999999999997232,1.0
13.380000000053785,17.88642200568371,16.80349909871105,3105.933401564214,10684.928230824036,41,14.999999999997232,1.0
13.400000000053916,18.039187490831612,17.954258460409243,3545.909365494945,13292.47359538272,42,14.999999999997232,1.0
13.420000000054047,18.0506871504499,19.33229459087134,4111.113755630566,10126.239315097966,43,14.999999999997232,1.0
13.440000000054178,17.998423074333598,21.42822003963006,5050.854754734835,8826.204940711934,40,14.999999999997232,1.0
13.46000000005431,18.13209656089248,22.683668029853067,5660.036748174359,8371.970147990573,44,14.999999999997232,1.0
13.48000000005444,18.22829552131236,20.768575544670796,4744.671031701676,9648.146785151815,40,14.999999999997232,1.0
13.500000000054571,18.143472383026094,19.910162078416146,4360.560093876804,5008.2601571350215,42,14.999999999997232,1.0
13.520000000054702,18.165548532426836,19.573571036797265,4214.3715144580365,6445.418962902336,40,14.999999999997232,1.0
13.540000000054834,18.27974922692959,18.008556481715793,3567.389172106627,7352.258495456065,41,14.999999999997232,1.0
13.560000000054965,18.273512474660617,16.317923745930354,2929.0209891579752,7568.142813423422,44,14.999999999997232,1.0
13.580000000055096,18.304026539051918,16.318522802067026,2929.236050857396,8710.471865393285,38,14.999999999997232,1.0
13.600000000055227,18.446990549093986,17.224063258829887,3263.35190658591,10628.056015358075,39,14.999999999997232,1.0
13.620000000055358,18.563743202719884,17.965464089584422,3550.3368994956218,11375.236794111492,39,14.999999999997232,1.0
13.640000000055489,18.513003236579223,20.215522496656735,4495.34084794118,8639.047721628887,40,14.999999999997232,1.0
13.66000000005562,18.624930021114803,23.531740669267908,6091.17100818245,8947.872698745621,40,14.999999999997232,1.0
13.68000000005575,18.80124766687233,23.58067159805559,6116.5288031688015,12116.44557066766,38,14.999999999997232,1.0
13.700000000055882,18.783060875574332,22.904536071478333,5770.795499146174,6075.007113604809,39,14.999999999997232,1.0
13.720000000056013,18.683494798707976,21.968607694105767,5308.816964192754,6627.718665049612,35,14.999999999997232,1.0
13.740000000056144,18.752234845964562,20.00157757669434,4400.694161121741,5545.725518131788,35,14.999999999997232,1.0
13.760000000056275,18.73730699640641,16.605656474377277,3033.2260963953076,7387.76535118142,35,14.999999999997232,1.0
13.780000000056406,18.742772546152445,13.76499107409197,2084.2247719681477,7649.101043109239,34,14.999999999997232,1.0
13.800000000056537,18.84742271331482,11.86213615822702,1547.813016599486,7607.846134072887,39,14.999999999997232,1.0
13.820000000056668,18.90611662627241,10.519147585781681,1217.1771252460223,12740.776738027225,34,14.999999999997232,1.0
13.840000000056799,18.90499198822106,12.839565880569387,1813.3989720162967,15708.700277885979,33,14.999999999997232,1.0
13.86000000005693,19.07457854220899,20.106901103325715,4447.16219176813,18341.538400926453,38,14.999999999997232,1.0
13.880000000057061,19.30900973718342,28.055528108527522,8658.239231932155,23440.754358819784,34,14.999999999997232,1.0
13.900000000057192,19.254935876960083,30.917837823981877,10515.039652810488,9782.280439620637,34,14.999999999997232,1.0
13.920000000057323,18.982494228101253,28.109607533828267,8691.650392764404,9796.39171486841,29,14.999999999997232,1.0
13.940000000057454,18.996816031966468,23.67220298033448,6164.105133363722,5842.718336973472,28,14.999999999997232,1.0
13.960000000057585,18.919215350360126,19.26252191057258,4081.492253908176,8510.150904213808,30,14.999999999997232,1.0
13.980000000057716,18.869432083419508,15.131713299838566,2518.656221273625,8816.688962194345,26,14.999999999997232,1.0
14.000000000057847,18.88482889041259,11.329809849101236,1412.0105033847053,4956.564154487894,36,14.999999999997232,1.0
14.020000000057978,18.86543389204227,7.653759920678664,644.3804501572578,8002.781938376689,35,14.999999999997232,1.0
14.040000000058109,18.905580970701987,5.501596863352899,332.943248515399,12401.592173854366,15,14.999999999997232,1.0
14.06000000005824,19.056682770046347,10.187368246598409,1141.6071897098168,25157.15487500565,20,14.999999999997232,1.0
14.080000000058371,19.22018116021393,20.598827912669293,4667.428825133399,28469.67983712731,13,14.999999999997232,1.0
14.100000000058502,19.111575396692324,26.612031676620845,7790.202529532184,18185.959070227927,24,14.999999999997232,1.0
14.120000000058633,19.02424243477496,26.408595468105695,7671.553060578579,9108.860185205413,24,14.999999999997232,1.0
14.140000000058764,19.08774523226171,22.856974908979485,5746.854321886895,6463.339791364627,28,14.999999999997232,1.0
14.160000000058895,18.974588598315904,18.630126389004925,3817.8977019732747,7744.149761391325,29,14.999999999997232,1.0
14.180000000059026,18.875616563373164,14.732718302763828,2387.5828744745154,6915.409813254198,19,14.999999999997232,1.0
14.200000000059157,18.85538115833392,11.109254508060145,1357.5708929734012,7583.185009127619,32,14.999999999997232,1.0
14.220000000059288,18.8074945800545,7.657623260350518,645.0311339720743,11105.495631784992,31,14.999999999997232,1.0
14.24000000005942,18.830311776663677,8.572932665461604,808.4469193519246,18115.84449081229,24,14.999999999997232,1.0
14.26000000005955,18.98280889701402,18.217656448700403,3650.713071311629,29048.893214502103,27,14.999999999997232,1.0
14.280000000059681,19.103385994746603,31.062107392826128,10613.3996725181,27277.7917029449,26,14.999999999997232,1.0
14.300000000059812,18.995319850050493,35.39637899235949,13781.940103478228,15008.38265521422,35,14.999999999997232,1.0
14.320000000059943,19.03228927262936,34.277627025066195,12924.512859165032,6714.687907088215,30,14.999999999997232,1.0
14.340000000060074,19.16472074825512,30.409793622500548,10172.311029793826,4820.728791735383,27,14.999999999997232,1.0
14.360000000060205,19.13271670221336,26.26890511284078,7590.609134101757,5822.814044341924,28,14.999999999997232,1.0
14.380000000060337,19.021482857140327,22.508412108863933,5572.9147722869775,3877.3602566794616,24,14.999999999997232,1.0
14.400000000060468,19.005541021680212,18.874285372479783,3918.625131539847,3890.8430507790613,26,14.999999999997232,1.0
14.420000000060599,18.976030500272582,15.470166124401498,2632.5864390823763,4623.5320269369595,26,14.999999999997232,1.0
14.44000000006073,19.019841890831593,13.38408897281917,1970.4722139557366,7957.045552301965,24,14.999999999997232,1.0
14.46000000006086,19.16105150743003,15.161962537034768,2528.7361877189032,16509.114882146772,22,14.999999999997232,1.0
14.480000000060992,19.275356222113714,18.39338889811199,3721.484306729083,19055.269453131048,22,14.999999999997232,1.0
14.500000000061123,19.295570768609604,22.27613272892168,5458.486982921892,16551.189127578575,22,14.999999999997232,1.0
14.520000000061254,19.459708060589954,25.99796123652234,7434.8338730129,11629.663591356431,25,14.999999999997232,1.0
14.540000000061385,19.714833419895776,26.33652522548502,7629.738170478697,15492.108253028888,21,14.999999999997232,1.0
14.560000000061516,19.71216382300742,25.06983342604216,6913.462028104508,6771.332615216713,28,14.999999999997232,1.0
14.580000000061647,19.470630266159702,22.109912525146463,5377.330550565913,7587.039329617585,23,14.999999999997232,1.0
14.600000000061778,19.410224235825986,18.02489983978654,3573.8671565777045,6433.021731234769,20,14.999999999997232,1.0
14.620000000061909,19.294403834451234,13.725331283693574,2072.2319073185126,9470.823888284378,21,14.999999999997232,1.0
14.64000000006204,19.309397291644768,10.074389820560308,1116.4266328227006,8843.824595379814,22,14.999999999997232,1.0
14.66000000006217,19.39689539021075,6.511615366750156,466.4124815294645,4422.105880721789,19,14.999999999997232,1.0
14.680000000062302,19.360690193089976,3.115379652239243,106.76149415344936,8223.699477552102,29,14.999999999997232,1.0
14.700000000062433,19.3870790193944,4.2740227537425906,200.93997549460337,18253.245045835032,17,14.999999999997232,1.0
14.720000000062564,19.551502414476307,14.507085280187255,2315.010756592883,31062.109084049185,16,14.999999999997232,1.0
14.740000000062695,19.662436893562887,26.520193100720594,7736.52706309459,28094.28550472586,13,14.999999999997232,1.0
14.760000000062826,19.260620882421144,27.872343384442555,8545.542783143066,11509.406276505782,27,14.999999999997232,1.0
14.780000000062957,19.11111628565903,23.21563503366137,5928.622810177817,11353.0892081208,20,14.999999999997232,1.0
14.800000000063088,18.985531906983347,18.548358292702446,3784.4575488990995,10332.20735744639,21,14.999999999997232,1.0
14.820000000063219,18.90374305340602,14.208546464726046,2220.7107190430693,11634.638733688711,15,14.999999999997232,1.0
14.84000000006335,18.960170092876336,11.099812984287713,1355.264331147783,9330.319331736624,16,14.999999999997232,1.0
14.860000000063481,19.024692400105415,10.589264792776445,1233.4578173668824,9161.631411446726,7,14.999999999997232,1.0
14.880000000063612,18.960342833425905,11.85043558274103,1544.761058507642,16074.233088856501,18,14.999999999997232,1.0
14.900000000063743,19.03494884976277,17.119687062134368,3223.920536159519,25259.46331702061,13,14.999999999997232,1.0
14.920000000063874,19.21759968985667,27.553904349269658,8351.394093775714,29343.87338633367,3,14.999999999997232,1.0
14.940000000064005,19.30134321552887,33.672474579387654,12472.190987294585,20293.390124488367,3,14.999999999997232,1.0
14.960000000064136,18.998850994667684,31.32022646071759,10790.522441056975,6445.59254129614,27,14.999999999997232,1.0
14.980000000064267,18.875330283912938,26.603660392418305,7785.302209026392,5255.2979369695295,31,14.999999999997232,1.0
15.000000000064398,18.782020870951445,22.21861575748095,5430.335747964389,6814.838452099579,27,14.999999999997232,1.0
15.02000000006453,18.729990128390835,18.257582486249312,3666.732500664174,8545.366813980174,21,14.999999999997232,1.0
15.04000000006466,18.811283601005286,15.056524810460795,2493.6883330482365,4476.898880747725,18,14.999999999997232,1.0
15.060000000064791,18.88197045108589,12.227213119303473,1644.5521473135368,5531.858098689154,12,14.999999999997232,1.0
15.080000000064922,18.827876191420852,12.186930540682246,1633.7340360375501,12050.233085523309,14,14.999999999997232,1.0
15.100000000065053,18.913784528571476,19.575099163141708,4215.029579715143,23174.8559996966,9,14.999999999997232,1.0
15.120000000065184,19.108207113739017,29.872259593781003,9815.870825620652,27442.656726304762,4,14.999999999997232,1.0
15.140000000065315,19.166699680486285,31.596682522085267,10981.853810415934,14182.23929479332,15,14.999999999997232,1.0
15.160000000065446,18.77991401622305,26.84281428781618,7925.903467792072,7760.57281068265,19,14.999999999997232,1.0
15.180000000065577,18.70696968878983,22.187098775596592,5414.940872858878,7909.737510360944,16,14.999999999997232,1.0
15.200000000065709,18.59126137341644,17.714484884023925,3451.832721769433,8996.332269783492,19,14.999999999997232,1.0
15.22000000006584,18.534901370359066,13.45526571029087,1991.485928679822,10102.749619724973,16,14.999999999997232,1.0
15.24000000006597,18.62180457327706,9.845848064506592,1066.3479652028302,5845.779486991598,16,14.999999999997232,1.0
15.260000000066102,18.683753963401834,6.6199932789750555,482.06742115042397,6351.969014547944,11,14.999999999997232,1.0
15.280000000066233,18.600284478899564,5.137750965243381,290.3613347894522,10676.668892498587,20,14.999999999997232,1.0
15.300000000066364,18.67181105198079,10.476949367664249,1207.4311485786034,23640.39896992888,9,14.999999999997232,1.0
15.320000000066495,18.846951697876385,21.321202757704633,5000.530557386668,30908.554106877036,6,14.999999999997232,1.0
15.340000000066626,18.902217646772574,28.663883204977793,9037.800204274688,20729.07408569288,7,14.999999999997232,1.0
15.360000000066757,18.499659600487394,26.434437800832605,7686.574520306965,8027.1385730739785,16,14.999999999997232,1.0
15.380000000066888,18.424669233065114,21.74635906510672,5201.9454584740415,7712.5510709222635,18,14.999999999997232,1.0
15.400000000067019,18.334927234828562,17.408524897681204,3333.6241302450503,7138.3829294441475,23,14.999999999997232,1.0
15.42000000006715,18.269587609447836,13.303476027582041,1946.8072185809506,9318.175722104661,13,14.999999999997232,1.0
15.44000000006728,18.34250302702458,10.58623216371405,1232.7514256645923,7882.606258104806,12,14.999999999997232,1.0
15.460000000067412,18.421455194202398,9.627044773775337,1019.4799018390254,8870.257014040792,10,14.999999999997232,1.0
15.480000000067543,18.32806725534059,10.092864478169828,1120.5250471217255,14474.338049811577,12,14.999999999997232,1.0
15.500000000067674,18.36325007344057,15.422225518197262,2616.2954392754827,25224.87101050984,7,14.999999999997232,1.0
15.520000000067805,18.52745110418054,26.95047740616907,7989.610556624725,31767.102735700704,5,14.999999999997232,1.0
15.540000000067936,18.639593457754383,34.20427197658807,12869.254435932486,20978.307599566488,3,14.999999999997232,1.0
15.560000000068067,18.335038396825365,31.57634411993415,10967.7205877855,6709.566793694008,20,14.999999999997232,1.0
15.580000000068198,18.240543434518752,26.846140015189228,7927.867570866587,6152.768846247116,24,14.999999999997232,1.0
15.600000000068329,18.220581443420823,22.48427291690212,5560.967814619121,4554.172152239049,24,14.999999999997232,1.0
15.62000000006846,18.156247403096334,18.48349998613624,3758.037489112483,7414.707727934191,27,14.999999999997232,1.0
15.640000000068591,18.210019196752306,14.963113013067229,2462.8422614600404,5503.198056797689,20,14.999999999997232,1.0
15.660000000068722,18.32417406673944,12.040448211635061,1594.6963245077254,4301.485033557065,17,14.999999999997232,1.0
15.680000000068853,18.30493204170378,9.421617707801955,976.435682551641,6705.98519909151,27,14.999999999997232,1.0
15.700000000068984,18.289802356194414,12.359637944660456,1680.3671513539957,18409.864365207286,11,14.999999999997232,1.0
15.720000000069115,18.42552954433188,21.381612497991217,5028.9068831567965,27645.807538009412,11,14.999999999997232,1.0
15.740000000069246,18.570694002494808,27.346892225335157,8226.377658225061,20777.738415975855,10,14.999999999997232,1.0
15.760000000069377,18.37614328899783,25.01748490846156,6884.620062596123,7482.870237206802,20,14.999999999997232,1.0
15.780000000069508,18.239978047870615,20.345470688490945,4553.319952898686,7259.340841597858,15,14.999999999997232,1.0
15.80000000006964,18.264000435713434,15.987228337929244,2811.5061692199665,6553.857592018288,22,14.999999999997232,1.0
15.82000000006977,18.18723092294351,11.841240443674371,1542.364727694006,8879.720880033556,21,14.999999999997232,1.0
15.840000000069901,18.19957802242794,8.175956202364873,735.3088580528749,9732.927151270307,8,14.999999999997232,1.0
15.860000000070032,18.305058909603897,6.900859990918493,523.8405547568553,11022.143293969184,17,14.999999999997232,1.0
15.880000000070163,18.300496641747014,7.043031704417936,545.6472514837983,13887.712539538468,6,14.999999999997232,1.0
15.900000000070294,18.21194232731976,10.59678819489306,1235.2111205216743,21765.876575272483,8,14.999999999997232,1.0
15.920000000070425,18.32133514424579,20.375481029404856,4566.762498976009,31036.976542087985,11,14.999999999997232,1.0
15.940000000070556,18.476100313048896,31.15614221348003,10677.757173892516,28171.10804083688,4,14.999999999997232,1.0
15.960000000070687,18.42111805697278,33.51424735722669,12355.252535135136,10356.829976377736,19,14.999999999997232,1.0
15.980000000070818,18.24548597627383,29.54671804540963,9603.094019804284,5075.309387669965,25,14.999999999997232,1.0
16.000000000070948,18.268386678680272,25.086665385459025,6922.748581781869,4824.701721684047,36,14.999999999997232,1.0
16.02000000007019,18.248541140920345,21.005200128859368,4853.40275698777,6036.359078817484,36,14.999999999997232,1.0
16.040000000069433,18.235055635838012,17.34186741835644,3308.144021114379,5986.553506784927,27,14.999999999997232,1.0
16.060000000068676,18.326815004481,14.416778041853153,2286.2783801886517,3953.793316993586,28,14.999999999997232,1.0
16.08000000006792,18.39287841791307,11.468545090335592,1446.8027913796668,5935.789774637443,25,14.999999999997232,1.0
16.100000000067162,18.362807692362672,11.983510019594583,1579.6496362869614,11376.3969658074,29,14.999999999997232,1.0
16.120000000066405,18.44015240282877,18.32463910204012,3693.716380420195,20180.933781449246,32,14.999999999997232,1.0
16.140000000065648,18.641686403747954,26.93084219936335,7977.972877237108,22094.360372649262,26,14.999999999997232,1.0
16.16000000006489,18.729997888248242,28.002396363501713,8625.476223085194,12312.917184012229,30,14.999999999997232,1.0
16.180000000064133,18.522142219827362,23.988492829259773,6329.9256704139225,5779.92292122939,30,14.999999999997232,1.0
16.200000000063376,18.539647335488635,19.668344668393868,4255.2816019421125,5855.370767400379,26,14.999999999997232,1.0
16.22000000006262,18.538079505249108,15.407206121898826,2611.2020053094434,7697.549700218287,22,14.999999999997232,1.0
16.240000000061862,18.472599709342678,11.385191476478747,1425.8484345169277,8151.736136665937,15,14.999999999997232,1.0
16.260000000061105,18.512500082764348,7.800603452817886,669.3435565092576,8322.80189403593,10,14.999999999997232,1.0
16.280000000060348,18.565046090991476,4.847020066604651,258.4296387867497,8594.110151639174,15,14.999999999997232,1.0
16.30000000005959,18.487378202051698,4.948166671228574,269.3278874688299,15664.50561980897,19,14.999999999997232,1.0
16.320000000058833,18.52185607461327,11.340845649589033,1414.7625805258274,26461.34754544813,20,14.999999999997232,1.0
16.340000000058076,18.666797550712936,23.34592317500683,5995.353417826531,30155.851580723058,13,14.999999999997232,1.0
16.36000000005732,18.758676959128522,31.114706465177893,10649.374542556012,19341.556920067393,11,14.999999999997232,1.0
16.38000000005656,18.53755431285682,29.805755223071294,9772.21348859406,5690.49546246899,28,14.999999999997232,1.0
16.400000000055805,18.536474760908156,25.64468587956401,7234.149052476606,6574.5524695317845,26,14.999999999997232,1.0
16.420000000055047,18.561195882084736,21.34686194287205,5012.57366288843,6195.228449824413,18,14.999999999997232,1.0
16.44000000005429,18.50463699144103,17.366440648214976,3317.5258686677075,6134.8185229288165,20,14.999999999997232,1.0
16.460000000053533,18.52761285836693,13.89324056364126,2123.243466951276,6501.576824315527,11,14.999999999997232,1.0
16.480000000052776,18.59563580769342,10.773106061630687,1276.6579563665823,6968.068937038508,18,14.999999999997232,1.0
16.50000000005202,18.557097273578414,9.821378635394362,1061.0542612975892,13160.227033167917,21,14.999999999997232,1.0
16.52000000005126,18.58955917609643,14.641195561114694,2358.010682046851,23733.119938000622,12,14.999999999997232,1.0
16.540000000050505,18.73523343273956,24.465980060776435,6584.425983677411,26532.82144615267,11,14.999999999997232,1.0
16.560000000049747,18.869285766932613,30.407109658206245,10170.515495427975,18823.32035683263,8,14.999999999997232,1.0
16.58000000004899,18.759179990289137,28.632316631864686,9017.905112780907,5619.1746219771885,20,14.999999999997232,1.0
16.600000000048233,18.74989011409783,24.872473806271277,6805.039485680159,5484.508771576116,23,14.999999999997232,1.0
16.620000000047476,18.80274772475064,20.58988129153704,4663.375327595457,5758.1506465161265,19,14.999999999997232,1.0
16.64000000004672,18.734757627697327,16.567296194730915,3019.2283352433997,5849.096004999984,21,14.999999999997232,1.0
16.66000000004596,18.74140292055083,12.868784946653863,1821.6618860354758,6698.366028287128,9,14.999999999997232,1.0
16.680000000045204,18.81224158834807,9.57277554376768,1008.0183477249226,6607.406405157353,18,14.999999999997232,1.0
16.700000000044447,18.774869683850607,7.964698755730017,697.8006889648,12209.139051356216,22,14.999999999997232,1.0
16.72000000004369,18.785937643360374,11.839497601713623,1541.9107380708087,21854.327744216436,13,14.999999999997232,1.0
16.740000000042933,18.91693455335547,20.87010808435457,4791.175525979062,25421.288602214165,12,14.999999999997232,1.0
16.760000000042176,19.040750709337907,27.76066016721084,8477.196782113033,19814.437223939574,8,14.999999999997232,1.0
16.78000000004142,18.924401853712943,27.421469854464377,8271.307098772284,8242.14156397253,21,14.999999999997232,1.0
16.80000000004066,18.919588268727534,24.564592585310812,6637.611297705376,6301.96054520841,19,14.999999999997232,1.0
16.820000000039904,18.978721442228967,20.499254541792137,4622.413804461041,6666.143731955306,25,14.999999999997232,1.0
16.840000000039147,18.915056410689363,16.456682954713695,2979.046552591607,6449.458367417282,12,14.999999999997232,1.0
16.86000000003839,18.920819464415437,13.214846205488504,1920.9537625818532,7715.937527322532,10,14.999999999997232,1.0
16.880000000037633,18.99004107416494,10.259068431872722,1157.7333359883216,8686.74415338128,19,14.999999999997232,1.0
16.900000000036876,18.943233046840813,9.46635556463899,985.7307644378872,14118.084841267291,19,14.999999999997232,1.0
16.92000000003612,18.948156534011275,13.740276561647793,2076.7471998962446,21986.907332984414,14,14.999999999997232,1.0
16.94000000003536,19.07327960040244,22.10693731431003,5375.883451607165,24536.571611052113,11,14.999999999997232,1.0
16.960000000034604,19.174104208803566,27.921534710881925,8575.733106720825,17704.941432773423,6,14.999999999997232,1.0
16.980000000033847,19.06617934494121,27.74553403972906,8467.961250647402,9016.544593941744,20,14.999999999997232,1.0
17.00000000003309,19.090622743001973,25.674100697121975,7250.75391266555,6325.213608492256,21,14.999999999997232,1.0
17.020000000032333,19.153943663253752,22.037232749645465,5342.035899882513,6704.59075702636,23,14.999999999997232,1.0
17.040000000031576,19.10636695673324,18.470392481299402,3752.7093825456564,5479.010615728708,16,14.999999999997232,1.0
17.06000000003082,19.134902075220353,15.968211355477237,2804.821512825114,6696.410204072399,14,14.999999999997232,1.0
17.08000000003006,19.211142488527777,13.169639608628577,1907.8334816327451,7335.2991591044965,18,14.999999999997232,1.0
17.100000000029304,19.179462023352265,12.514935928536296,1722.8598342490552,12927.023566390844,20,14.999999999997232,1.0
17.120000000028547,19.20714846398255,16.48933852326661,2990.881134283727,20297.198031742708,14,14.999999999997232,1.0
17.14000000002779,19.3364614170444,23.432422521596123,6039.862677536657,21144.73502826502,11,14.999999999997232,1.0
17.160000000027033,19.431803276593293,26.560425565997658,7760.018268715921,15115.781922648346,13,14.999999999997232,1.0
17.180000000026276,19.343927559511208,25.38969623883465,7091.003426103237,8232.242691458086,18,14.999999999997232,1.0
17.20000000002552,19.38654960332922,23.079777221821487,5859.43728269801,5821.2516120387645,21,14.999999999997232,1.0
17.22000000002476,19.419435251853827,19.449175281590126,4160.97461047418,7184.567938785934,24,14.999999999997232,1.0
17.240000000024004,19.369214550687893,16.467188424509533,2982.8512406913082,6181.978803129841,13,14.999999999997232,1.0
17.260000000023247,19.421708895860075,14.277537836633808,2242.32895344161,8237.1293005983,8,14.999999999997232,1.0
17.28000000002249,19.477831350877675,11.938141332043141,1567.7114031022045,9487.073105258109,12,14.999999999997232,1.0
17.300000000021733,19.421635244269396,12.296463286545894,1663.2331029310812,14482.402988985456,10,14.999999999997232,1.0
17.320000000020976,19.472470586918103,16.70665897190243,3070.236994037928,20967.008898854318,15,14.999999999997232,1.0
17.34000000002022,19.592653965013497,22.942384663885427,5789.883154722537,19685.863129540743,5,14.999999999997232,1.0
17.36000000001946,19.601064019196606,25.317142690801255,7050.534854290305,13538.108897093258,18,14.999999999997232,1.0
17.380000000018704,19.521423106297757,24.386887110967383,6541.922892593738,8487.478174349902,15,14.999999999997232,1.0
17.400000000017947,19.57726992842833,22.08324714343092,5364.367848376349,6391.315560431728,24,14.999999999997232,1.0
17.42000000001719,19.551818763293358,18.885124895003848,3923.1273652988352,7603.9710154471695,18,14.999999999997232,1.0
17.440000000016433,19.538366591281722,17.12280806982266,3225.096118155824,8241.36981123161,7,14.999999999997232,1.0
17.460000000015675,19.618925986215995,15.800770204451915,2746.3077295928497,10176.1001128838,13,14.999999999997232,1.0
17.48000000001492,19.63642860897871,14.459335042603582,2299.796068616903,10884.836712001588,13,14.999999999997232,1.0
17.50000000001416,19.59512037992038,16.1954383092816,2885.214442327206,16185.205840607437,8,14.999999999997232,1.0
17.520000000013404,19.68346483393216,21.525785529222727,5096.95386915104,20149.4278088892,11,14.999999999997232,1.0
17.540000000012647,19.788313082242382,25.819150707684933,7332.913975927621,15879.042240918452,1,14.999999999997232,1.0
17.56000000001189,19.73458571152676,25.912241434078247,7385.886817517576,10305.564807824525,19,14.999999999997232,1.0
17.580000000011132,19.729272063357122,24.06282005034262,6369.212396526878,6082.316053887261,15,14.999999999997232,1.0
17.600000000010375,19.77321932902668,20.734456150948567,4729.094390631697,6495.842605945265,18,14.999999999997232,1.0
17.620000000009618,19.728862228322786,18.015846674309774,3570.278045314624,7099.589046901539,13,14.999999999997232,1.0
17.64000000000886,19.775968259358212,16.8269869689896,3114.6223950000044,9728.429585966906,7,14.999999999997232,1.0
17.660000000008104,19.867233145985765,15.915070800045848,2786.184264275192,9353.629345087393,7,14.999999999997232,1.0
17.680000000007347,19.853069299058355,15.878344828567876,2773.34017944399,12016.59212098686,14,14.999999999997232,1.0
17.70000000000659,19.84953347966477,18.653360424039928,3827.4264062005295,16739.284574217243,8,14.999999999997232,1.0
17.720000000005832,19.948793486484472,23.235304827402867,5938.67329464564,17249.002827670287,3,14.999999999997232,1.0
17.740000000005075,19.981618016203818,24.60770982233163,6660.933209700842,12808.849295215477,19,14.999999999997232,1.0
17.760000000004318,19.918884519229263,23.297756552725186,5970.640064290543,7485.617485160375,11,14.999999999997232,1.0
17.78000000000356,19.963093368049016,20.46390581752528,4606.4858543939945,5717.683259930019,20,14.999999999997232,1.0
17.800000000002804,19.936596859095207,16.903028810737272,3142.8362127427567,7617.297738611378,15,14.999999999997232,1.0
17.820000000002047,19.923835328342253,15.641650930155398,2691.2736820291434,10475.505555062304,7,14.999999999997232,1.0
17.84000000000129,20.01497461909138,16.3200680484153,2929.790832153966,13309.998132662968,13,14.999999999997232,1.0
17.860000000000532,20.073581013617012,17.048711356940725,3197.2441482550767,12683.954524101453,3,14.999999999997232,1.0
17.879999999999775,20.004082704900043,18.3993598920957,3723.9008888274584,13294.023661365183,10,14.999999999997232,1.0
17.899999999999018,20.043204391269306,21.1422349518302,4916.935086342296,15122.06273845785,13,14.999999999997232,1.0
17.91999999999826,20.088970880430274,22.620726889020634,5628.670134864273,13060.924897387551,3,14.999999999997232,1.0
17.939999999997504,20.02181282275402,22.583995044942426,5610.4051540898245,9935.649760365895,15,14.999999999997232,1.0
17.959999999996747,20.050175448289824,21.313017842951332,4996.69202531358,8251.21047186363,13,14.999999999997232,1.0
17.97999999999599,20.07062270780004,18.346427301766784,3702.50534212915,7733.826631609885,16,14.999999999997232,1.0
17.999999999995232,20.02192291534605,16.986949717757025,3174.12106784966,10652.30600515978,10,14.999999999997232,1.0
18.019999999994475,20.08277225106376,18.555636959704508,3787.4282927838717,15667.044602390972,14,14.999999999997232,1.0
18.039999999993718,20.184679589434015,21.469856833733115,5070.502277070962,14767.637877255544,4,14.999999999997232,1.0
18.05999999999296,20.176299938320824,22.7651008171922,5700.747967386174,12287.07512438352,17,14.999999999997232,1.0
18.079999999992204,20.146464776762645,23.1160789970483,5877.884190175553,10931.524420795085,13,14.999999999997232,1.0
18.099999999991446,20.196194257614785,22.43443479978633,5536.342512644504,8962.295971396947,10,14.999999999997232,1.0
18.11999999999069,20.15363666383461,21.317809227746768,4998.938892976657,9428.896001476774,14,14.999999999997232,1.0
18.139999999989932,20.170360854329594,20.276394717130188,4522.454009973515,8787.09303854063,11,14.999999999997232,1.0
18.159999999989175,20.24002141748944,18.159401312992884,3627.402416509605,7152.822906581147,12,14.999999999997232,1.0
18.179999999988418,20.216480231748882,16.237257255364952,2900.1337549459195,9373.59643370025,16,14.999999999997232,1.0
18.19999999998766,20.22138321352804,17.370199732955502,3318.962226390441,14902.82485447301,5,14.999999999997232,1.0
18.219999999986904,20.319425186546248,21.59097221413681,5127.870892667905,17479.269750750635,6,14.999999999997232,1.0
18.239999999986146,20.372778482367217,23.897135151731742,6281.803753061461,14142.516616908306,8,14.999999999997232,1.0
18.25999999998539,20.306330854762876,23.46726666454119,6057.838651751547,9440.33768061408,14,14.999999999997232,1.0
18.279999999984632,20.329352997212826,21.460306997105008,5065.992540509936,6182.465855604397,20,14.999999999997232,1.0
18.299999999983875,20.288614564760795,18.779477193529097,3879.3564002850744,7560.302401373927,19,14.999999999997232,1.0
18.319999999983118,20.278073213085086,17.74184128867195,3462.5022554366724,9868.358897002245,8,14.999999999997232,1.0
18.33999999998236,20.3582315795596,17.550024010183417,3388.0367703381585,11000.19642425243,13,14.999999999997232,1.0
18.359999999981603,20.384685283349963,16.77421556647419,3095.117386575995,10433.39234728428,9,14.999999999997232,1.0
18.379999999980846,20.333754426551057,17.497929162741976,3367.9527748276973,12893.98374610579,7,14.999999999997232,1.0
18.39999999998009,20.389973519946043,20.891210118839627,4800.869262524579,16013.508279926798,10,14.999999999997232,1.0
18.419999999979332,20.432144305290933,23.471966763941275,6060.265461443202,14123.153579501668,2,14.999999999997232,1.0
18.439999999978575,20.371040930505288,23.596291747341116,6124.6348264820235,9844.340154208658,13,14.999999999997232,1.0
18.459999999977818,20.392766265938867,21.840431824312233,5247.049084996736,6826.542333570417,16,14.999999999997232,1.0
18.47999999997706,20.372370359602034,18.624085670341206,3815.422237618295,7293.627244721195,18,14.999999999997232,1.0
18.499999999976303,20.339149736373013,17.534755086210687,3382.1439952673068,10843.644917369735,7,14.999999999997232,1.0
18.519999999975546,20.413253251343914,19.061618798026622,3996.7984232141007,14581.936586063797,14,14.999999999997232,1.0
18.53999999997479,20.493248213941875,20.876326292217822,4794.030994050597,12026.470890701761,2,14.999999999997232,1.0
18.559999999974032,20.452888146372263,21.63790669777619,5150.189068878345,11283.752813392372,10,14.999999999997232,1.0
18.579999999973275,20.450207686454267,22.373684376434635,5506.399278339468,11475.97740755875,17,14.999999999997232,1.0
18.599999999972518,20.471793609767182,22.18398804383217,5413.422580817774,10094.06085786723,7,14.999999999997232,1.0
18.61999999997176,20.42137476964112,21.586103759837165,5125.558630835018,9465.287394666697,13,14.999999999997232,1.0
18.639999999971003,20.456029640751563,20.315589395290495,4539.954897258435,8380.294311728372,6,14.999999999997232,1.0
18.659999999970246,20.480596529580133,17.462902685354077,3354.4826721796135,7404.0904101589,15,14.999999999997232,1.0
18.67999999996949,20.436438073523302,16.276599628534374,2914.2046501436585,10363.660088818482,6,14.999999999997232,1.0
18.699999999968732,20.484475194097293,18.715447058380143,3852.9475445453295,16875.584669395575,15,14.999999999997232,1.0
18.719999999967975,20.581232696253167,23.243619294476414,5942.924216972119,16013.57989115108,1,14.999999999997232,1.0
18.739999999967218,20.576065370382548,24.892003927002513,6815.730454520994,11771.071939707375,16,14.999999999997232,1.0
18.75999999996646,20.536149140482223,23.805376424727505,6233.655413952694,7862.983505254036,18,14.999999999997232,1.0
18.779999999965703,20.532168888716832,21.183652905502107,4936.218654628667,6252.9273614881195,17,14.999999999997232,1.0
18.799999999964946,20.475214677788397,19.228268859025004,4066.989556464458,8434.168459140205,9,14.999999999997232,1.0
18.81999999996419,20.509666226289905,18.411977669884013,3729.010138879383,9929.139199711502,9,14.999999999997232,1.0
18.83999999996343,20.576164256875124,17.25800002090131,3276.224211935726,8194.608504707368,8,14.999999999997232,1.0
18.859999999962675,20.546721000094138,16.520305478376116,3002.1254240875032,10108.743801187824,11,14.999999999997232,1.0
18.879999999961917,20.542737578017565,18.535175557603676,3779.080062463076,14914.30215112247,10,14.999999999997232,1.0
18.89999999996116,20.619303034184885,23.025900004609294,5832.1127812449295,16021.910356076796,2,14.999999999997232,1.0
18.919999999960403,20.60753176005898,24.844581796474408,6789.7856910587825,12298.203194455893,17,14.999999999997232,1.0
18.939999999959646,20.57717511422757,23.740397818531918,6199.671374403706,7723.482684168818,8,14.999999999997232,1.0
18.95999999995889,20.580414276751295,20.474612219255565,4611.307200817782,5827.3866546754025,18,14.999999999997232,1.0
18.97999999995813,20.523411357997702,17.749959009978454,3465.6714934150687,7882.658003626824,10,14.999999999997232,1.0
18.999999999957375,20.54627518794178,17.60752291263636,3410.2734943091577,12653.131665220988,3,14.999999999997232,1.0
19.019999999956617,20.63433549691374,19.51519920211681,4189.272998881306,12887.36169130915,8,14.999999999997232,1.0
19.03999999995586,20.653022402125377,20.511782132941498,4628.065268961838,11262.45175163054,5,14.999999999997232,1.0
19.059999999955103,20.599621106168982,21.135749807957755,4913.919119390449,11034.9694728379,9,14.999999999997232,1.0
19.079999999954346,20.622934512690982,22.01637730785685,5331.929567381054,10931.852940466739,4,14.999999999997232,1.0
19.09999999995359,20.578586931598508,21.772346249689335,5214.385673379973,10034.543986398337,16,14.999999999997232,1.0
19.11999999995283,20.567676152215316,20.947082708771934,4826.583014089454,8725.30527290762,7,14.999999999997232,1.0
19.139999999952074,20.601161839201485,18.62145714788151,3814.3453294142614,6454.933226657632,12,14.999999999997232,1.0
19.159999999951317,20.559267158649366,16.332022751596604,2934.0846387453603,8461.215512742148,9,14.999999999997232,1.0
19.17999999995056,20.559883951782325,17.270727820528375,3281.0584339585007,14996.08816544606,5,14.999999999997232,1.0
19.199999999949803,20.648779621953256,22.424310326960413,5531.346630038057,17688.697252428323,5,14.999999999997232,1.0
19.219999999949046,20.709987290447053,26.008881428505806,7441.081044782816,13932.510747791397,5,14.999999999997232,1.0
19.23999999994829,20.648710708630986,25.531562582139717,7170.4675667428855,8467.815322926628,14,14.999999999997232,1.0
19.25999999994753,20.631470290917264,23.041114309450425,5839.822434832773,4956.694130982046,20,14.999999999997232,1.0
19.279999999946774,20.575385623721047,20.289668280754206,4528.377028373477,6621.76948365297,9,14.999999999997232,1.0
19.299999999946017,20.572709936850938,18.84816605793319,3907.787001221673,8687.191125603464,7,14.999999999997232,1.0
19.31999999994526,20.635907913562882,17.674217291797518,3436.157525654419,8559.581715890105,10,14.999999999997232,1.0
19.339999999944503,20.640677899312816,16.075188112439736,2842.528401353562,8338.737802521466,13,14.999999999997232,1.0
19.359999999943746,20.610820960370393,17.058582062129513,3200.947441674475,12877.643997800647,6,14.999999999997232,1.0
19.37999999994299,20.66998047219848,22.094131140193827,5369.656939240909,17335.519229180383,5,14.999999999997232,1.0
19.39999999994223,20.713558385962447,25.762689389887484,7300.877810598033,14269.977053250344,8,14.999999999997232,1.0
19.419999999941474,20.66427275630212,25.149574201592454,6957.511907735453,7952.965794630183,8,14.999999999997232,1.0
19.439999999940717,20.655280944790118,21.90452429926243,5277.89003254676,4968.1436819593655,14,14.999999999997232,1.0
19.45999999993996,20.601665682362366,18.207691076776253,3646.7201578204936,6290.104334026042,13,14.999999999997232,1.0
19.479999999939203,20.590932733824268,16.709493033803106,3071.2787319138597,10407.472533407674,5,14.999999999997232,1.0
19.499999999938446,20.662633456311198,17.88960957541828,3520.419438369872,12924.100290476988,10,14.999999999997232,1.0
19.51999999993769,20.716106251466645,19.331068650363918,4110.592366815909,10471.988202264985,1,14.999999999997232,1.0
19.53999999993693,20.659442961252026,20.20602884506371,4491.119618563013,10452.401225979596,5,14.999999999997232,1.0
19.559999999936174,20.6475654925217,21.368318458528677,5022.655371196071,11249.428810726884,12,14.999999999997232,1.0
19.579999999935417,20.625612337029906,21.646167559093072,5154.1222699596665,10476.229126508715,16,14.999999999997232,1.0
19.59999999993466,20.581721270630585,21.057080354929955,4877.406963813747,8858.91097773195,5,14.999999999997232,1.0
19.619999999933903,20.599241424207257,19.126143484682167,4023.9030105631514,7251.7983971227795,11,14.999999999997232,1.0
19.639999999933146,20.566084671368955,16.441224747745395,2973.452583264632,7521.823197751835,7,14.999999999997232,1.0
19.65999999993239,20.541400805681164,16.448865863010013,2976.217069972258,13207.61019539987,6,14.999999999997232,1.0
19.67999999993163,20.60956804625139,21.28337047229305,4982.800445269633,19615.29796871043,12,14.999999999997232,1.0
19.699999999930874,20.693698495588507,26.86651027992433,7939.9031208340775,14709.450897642186,0,14.999999999997232,1.0
19.719999999930117,20.664716840073343,27.27368765465649,8182.394421121381,8380.277036672502,11,14.999999999997232,1.0
19.73999999992936,20.613064252030654,24.7009228772774,6711.491500881266,4912.418236138786,16,14.999999999997232,1.0
19.759999999928603,20.56491673771085,21.425403710182227,5049.527165587194,5287.587665735165,12,14.999999999997232,1.0
19.779999999927846,20.538598212654843,19.188341606083416,4050.1169895092708,7338.578010376833,6,14.999999999997232,1.0
19.79999999992709,20.581372755682068,17.487744205034097,3364.03317118774,7807.321422036533,5,14.999999999997232,1.0
19.81999999992633,20.605480350599006,15.194160727930171,2539.4877224879306,6862.087561082519,7,14.999999999997232,1.0
19.839999999925574,20.577242129766876,15.527052329064178,2651.9828943244706,10861.647327053653,5,14.999999999997232,1.0
19.859999999924817,20.612016014460487,20.61651286701033,4675.446630751627,18167.565356549774,7,14.999999999997232,1.0
19.87999999992406,20.687536964915207,26.737959043675236,7864.102992033799,15724.416081710287,0,14.999999999997232,1.0
19.899999999923303,20.663118410531144,27.118493524659545,8089.539601517018,8407.859862446605,8,14.999999999997232,1.0
19.919999999922545,20.621867764985407,23.75511315592266,6207.359411557589,5173.362102544133,11,14.999999999997232,1.0
19.93999999992179,20.57104966999471,19.58894766492038,4220.995576808886,5184.6589150152095,9,14.999999999997232,1.0
19.95999999992103,20.540331842978492,16.620959326013562,3038.8191780869693,8255.32223349139,6,14.999999999997232,1.0
19.979999999920274,20.583137503277825,16.13067919844458,2862.186925434459,11464.76076275468,4,14.999999999997232,1.0
19.999999999919517,20.65024161027733,16.939000936719864,3156.2272800761607,9261.292216432574,3,14.999999999997232,1.0
20.01999999991876,20.62030476565779,18.30388401948463,3685.3538721861933,9793.628584120066,3,14.999999999997232,1.0
20.039999999918003,20.576088386229543,20.112407041598804,4449.598087076484,11931.557994411944,9,14.999999999997232,1.0
20.059999999917245,20.585566063459897,22.005502677160628,5326.66362881976,11687.14489725201,4,14.999999999997232,1.0
20.079999999916488,20.525238842472817,21.873346902510608,5262.876351893275,8779.688083996505,8,14.999999999997232,1.0
20.09999999991573,20.510888025677307,19.99234196581875,4396.631110060613,7022.596399545081,4,14.999999999997232,1.0
20.119999999914974,20.480660567521234,16.972559036583114,3168.74536275329,6231.614137543599,6,14.999999999997232,1.0
20.139999999914217,20.442729479087372,15.933619979736596,2792.6827022452735,11137.36716877816,4,14.999999999997232,1.0
20.15999999991346,20.477063709781408,19.177858134202243,4045.6926687714586,18068.239085724934,12,14.999999999997232,1.0
20.179999999912702,20.567786031445582,25.49938099266862,7152.402741101967,15424.57566662235,1,14.999999999997232,1.0
20.199999999911945,20.590471777562183,27.507219736636745,8323.1185140358,9463.607047496713,5,14.999999999997232,1.0
20.219999999911188,20.508928885119474,25.37257542949992,7081.443423182294,5972.290918769903,13,14.999999999997232,1.0
20.23999999991043,20.461815451836188,22.27189384797829,5456.409811331746,5108.616705415798,14,14.999999999997232,1.0
20.259999999909674,20.418014119654384,19.599549085066986,4225.565567717452,6235.855898786811,7,14.999999999997232,1.0
20.279999999908917,20.428215874838408,17.387681992822618,3325.6463359188074,7133.528350548841,7,14.999999999997232,1.0
20.29999999990816,20.448216303380455,14.739636853618574,2389.8258403420596,5797.064723376861,3,14.999999999997232,1.0
20.319999999907402,20.42530215516946,13.986088988355586,2151.7175370922155,9370.314259011651,5,14.999999999997232,1.0
20.339999999906645,20.436668633667065,18.20552561806541,3645.8527933303944,18158.138477719385,9,14.999999999997232,1.0
20.359999999905888,20.51999810291508,26.51100675987194,7731.168273641732,18892.615292201077,1,14.999999999997232,1.0
20.37999999990513,20.568308235255376,29.64589005019768,9667.666765552507,10715.992705974139,8,14.999999999997232,1.0
20.399999999904374,20.496790457061916,26.736292342441654,7863.1226104255475,6281.581672910901,13,14.999999999997232,1.0
20.419999999903617,20.433815215828062,22.445085853112367,5541.600668489434,4996.876713166543,14,14.999999999997232,1.0
20.43999999990286,20.391670887660176,18.54534747663339,3783.2290433197963,6171.510822739247,8,14.999999999997232,1.0
20.459999999902102,20.397314303804567,15.874396081567646,2771.9609604993925,8103.1925257417715,7,14.999999999997232,1.0
20.479999999901345,20.44800938898554,14.328089322105889,2258.235579844693,7731.254857240144,8,14.999999999997232,1.0
20.499999999900588,20.444191599750383,14.088056767900195,2183.2067784513633,8026.373393270012,1,14.999999999997232,1.0
20.51999999989983,20.411434510020687,17.456182646000098,3351.9014382756645,13751.827082816886,4,14.999999999997232,1.0
20.539999999899074,20.451408652050816,23.100717861954084,5870.0748231136495,16208.900086550791,1,14.999999999997232,1.0
20.559999999898317,20.46246017035055,25.744438626039937,7290.537321869308,10782.114148876894,10,14.999999999997232,1.0
20.57999999989756,20.40465541307982,23.881955036192927,6273.825539858148,5455.132983892228,7,14.999999999997232,1.0
20.599999999896802,20.362582578382302,20.054826138507494,4424.156565903397,4995.521288894536,9,14.999999999997232,1.0
20.619999999896045,20.32490757748137,16.77704054918462,3096.1599854788346,7098.866312155636,9,14.999999999997232,1.0
20.639999999895288,20.318526444992095,15.941675573396681,2795.5072209617565,11909.724676188556,5,14.999999999997232,1.0
20.65999999989453,20.375885441272583,18.412045144489024,3729.03747042972,14411.179884252973,9,14.999999999997232,1.0
20.679999999893774,20.420403137684236,21.330480039468647,5004.883165855874,9992.870346093734,0,14.999999999997232,1.0
20.699999999893016,20.36487016780012,22.114283120905217,5379.456697467087,8864.971576241045,4,14.999999999997232,1.0
20.71999999989226,20.33423323544351,22.265245683071313,5453.152818602784,9198.228713462611,14,14.999999999997232,1.0
20.739999999891502,20.315353321370083,21.424854433165073,5049.268262305444,8095.424990493241,18,14.999999999997232,1.0
20.759999999890745,20.280331531815108,20.041430007714986,4418.248084295526,6755.670804126417,8,14.999999999997232,1.0
20.779999999889988,20.27573833071713,17.974346261218752,3553.848358700074,6215.789234026735,4,14.999999999997232,1.0
20.79999999988923,20.25676993552567,16.14043492266148,2865.6500344193737,7415.666031950076,6,14.999999999997232,1.0
20.819999999888473,20.24442728248916,16.89041687792759,3138.1480054119925,13152.417768323441,5,14.999999999997232,1.0
20.839999999887716,20.29044083483283,21.567237953377767,5116.603282313802,17650.829193088208,11,14.999999999997232,1.0
20.85999999988696,20.366930810922867,26.483441312146457,7715.099301072963,11966.603998285791,1,14.999999999997232,1.0
20.879999999886202,20.352949592202517,26.271092746545296,7591.873455073433,6703.072707965952,7,14.999999999997232,1.0
20.899999999885445,20.288754396668672,23.5641340763333,6107.952562441535,5574.304535032868,12,14.999999999997232,1.0
20.919999999884688,20.253678713590457,20.551450762744775,4645.983412988751,5142.440883517308,7,14.999999999997232,1.0
20.93999999988393,20.230960072419528,18.078862662339144,3595.2980268009246,6423.794590027797,7,14.999999999997232,1.0
20.959999999883173,20.244813165424084,16.159354012711432,2872.3719431894638,7208.302249421475,3,14.999999999997232,1.0
20.979999999882416,20.25374801884198,14.581417965181291,2338.795248628429,7029.084389231598,3,14.999999999997232,1.0
20.99999999988166,20.237981462813337,15.55695700231336,2662.208022890094,11333.960593753653,7,14.999999999997232,1.0
21.019999999880902,20.254882140510933,20.22683065625002,4500.371462362771,17158.83015160732,8,14.999999999997232,1.0
21.039999999880145,20.325437648897193,26.071822012529058,7477.138933582942,13803.087484942298,2,14.999999999997232,1.0
21.059999999879388,20.33312798426328,26.74116157743609,7865.986947615986,7104.634421878165,12,14.999999999997232,1.0
21.07999999987863,20.26689623570045,23.561845071223516,6106.765974763739,6200.481677391871,6,14.999999999997232,1.0
21.099999999877873,20.222902843160167,19.998486267209273,4399.333982777337,4723.087129770956,8,14.999999999997232,1.0
21.119999999877116,20.198416954172096,17.12246467145237,3224.9667606764797,6795.106125756981,5,14.999999999997232,1.0
21.13999999987636,20.203922625681813,15.621119165497046,2684.21300380925,8794.104700415,2,14.999999999997232,1.0
21.159999999875602,20.233296059784433,15.260926856308735,2561.8547736496575,8588.87151066077,0,14.999999999997232,1.0
21.179999999874845,20.21607802944887,16.607370342635132,3033.8522466718064,9960.943737555268,0,14.999999999997232,1.0
21.199999999874088,20.199996110073137,19.84303088666634,4331.204622461139,13928.004472711355,6,14.999999999997232,1.0
21.21999999987333,20.243483390804133,24.165261642728368,6423.558572876709,13718.72897251924,2,14.999999999997232,1.0
21.239999999872573,20.257724746506252,25.373822578740977,7082.1395948316795,7639.950596865679,7,14.999999999997232,1.0
21.259999999871816,20.210247363104266,23.09338850879068,5866.3505209974,6105.61007763059,6,14.999999999997232,1.0
21.27999999987106,20.176146245504118,20.10699148125985,4447.2021707020185,4847.290119236612,7,14.999999999997232,1.0
21.299999999870302,20.160273657198097,17.807868341266808,3488.321923458819,7076.309388520502,6,14.999999999997232,1.0
21.319999999869545,20.15804651648545,17.06270042949954,3202.4932054152814,10020.493920277313,2,14.999999999997232,1.0
21.339999999868787,20.19480117169189,17.913695950995383,3529.905528871792,10493.074927967553,8,14.999999999997232,1.0
21.35999999986803,20.206343793232513,19.177924465814016,4045.720654981146,8790.159599846203,0,14.999999999997232,1.0
21.379999999867273,20.179581151582862,20.625917240265245,4679.713082024982,10362.843452865049,6,14.999999999997232,1.0
21.399999999866516,20.19473713494591,22.808427055212153,5722.467792062271,12065.686255787583,10,14.999999999997232,1.0
21.41999999986576,20.21936963204966,23.538115545810356,6094.471717927111,7776.545819784783,3,14.999999999997232,1.0
21.439999999865,20.193996796007315,21.9661837690982,5307.645523155726,5751.986325953026,7,14.999999999997232,1.0
21.459999999864245,20.171768975181163,19.63168326069946,4239.432864132702,5436.910580346763,4,14.999999999997232,1.0
21.479999999863487,20.165031399927376,17.828428109062774,3496.381337240216,6760.700667169202,6,14.999999999997232,1.0
21.49999999986273,20.15862407933456,17.303564575811826,3293.5468173221893,9734.325495209261,4,14.999999999997232,1.0
21.519999999861973,20.181195900055688,18.557385530014656,3788.142134805571,11542.50710404184,11,14.999999999997232,1.0
21.539999999861216,20.20953291226552,20.095864662007422,4442.281541650906,8942.584647248144,0,14.999999999997232,1.0
21.55999999986046,20.185454736236455,20.639166025346633,4685.7269164400495,8169.954452929993,4,14.999999999997232,1.0
21.5799999998597,20.172357856024576,21.236481759854417,4960.869732902924,10211.776278334932,6,14.999999999997232,1.0
21.599999999858944,20.189497367183858,21.65937980344539,5160.416068168879,7958.978733032036,9,14.999999999997232,1.0
21.619999999858187,20.16901455330083,20.595859515599578,4666.083721049451,6093.532337124344,10,14.999999999997232,1.0
21.63999999985743,20.149257434840102,19.04808455478181,3991.1247772672905,6477.940237014748,4,14.999999999997232,1.0
21.659999999856673,20.138765090876653,17.850495401987533,3505.0420470601593,7131.099533411058,1,14.999999999997232,1.0
21.679999999855916,20.130093847492393,17.558444435904594,3391.288681096239,9118.418689737062,7,14.999999999997232,1.0
21.69999999985516,20.130254258047522,18.750177955386597,3867.2609069453206,11165.678966732594,10,14.999999999997232,1.0
21.7199999998544,20.153528759833844,20.481523475401154,4614.420842607494,9429.998682400896,4,14.999999999997232,1.0
21.739999999853644,20.136524742606067,20.912487410375252,4810.653426580138,7382.464398988112,6,14.999999999997232,1.0
21.759999999852887,20.109350512611513,20.70597839004554,4716.112951979362,8602.266912729634,7,14.999999999997232,1.0
21.77999999985213,20.113708584307364,20.920483481082407,4814.33291990466,8190.218987987888,14,14.999999999997232,1.0
21.799999999851373,20.101498122977652,20.245981186273266,4508.897296144241,6640.175251183886,9,14.999999999997232,1.0
21.819999999850616,20.082924110730826,19.29163764560947,4093.840113544461,7080.526011319373,11,14.999999999997232,1.0
21.83999999984986,20.073198885055024,18.668208384587576,3833.5220471942444,7535.267996433832,5,14.999999999997232,1.0
21.8599999998491,20.06508898914436,18.43128327665563,3736.8342354675806,8060.461106089774,11,14.999999999997232,1.0
21.879999999848344,20.056052337974357,19.05012588619167,3991.9802590772492,9897.345520163542,7,14.999999999997232,1.0
21.899999999847587,20.06635142691245,20.45728861921652,4603.507234149183,9532.199820097128,9,14.999999999997232,1.0
21.91999999984683,20.06322952311,20.977136468075788,4840.442798403027,7246.69359716859,4,14.999999999997232,1.0
21.939999999846073,20.040171398233152,20.613492782438573,4674.076931608119,7533.016506038524,7,14.999999999997232,1.0
21.959999999845316,20.033819179257286,20.659553801912953,4694.988796235495,8613.705727574295,13,14.999999999997232,1.0
21.97999999984456,20.032247023924942,20.329655951248895,4546.244022057646,6813.986452478725,5,14.999999999997232,1.0
21.9999999998438,20.017448922425213,19.595037223287036,4223.620321602049,6930.500510694054,9,14.999999999997232,1.0
22.019999999843044,20.008897650503382,19.223186285967277,4064.839800835004,7810.630199645869,6,14.999999999997232,1.0
22.039999999842287,20.003446160990073,19.032311430385427,3984.5176622149775,7366.220425320456,5,14.999999999997232,1.0
22.05999999984153,19.99495498172084,19.1029302405645,4014.1413815346104,8286.261036309617,6,14.999999999997232,1.0
22.079999999840773,19.9907317241325,19.86845037314872,4342.308522533008,9374.563352596018,11,14.999999999997232,1.0
22.099999999840016,19.992247017240544,20.401558071359204,4578.4592891294615,7455.038897207626,3,14.999999999997232,1.0
22.11999999983926,19.977035120741636,20.16389869456969,4472.410916213561,6879.135161566798,5,14.999999999997232,1.0
22.1399999998385,19.962887793290413,20.064993955114755,4428.6438066067085,8408.286320259733,5,14.999999999997232,1.0
22.159999999837744,19.96088839397011,20.07699123843023,4433.941349068047,7283.809177117196,5,14.999999999997232,1.0
22.179999999836987,19.949576624312723,19.584937866855068,4219.267703734309,6686.657985064567,8,14.999999999997232,1.0
22.19999999983623,19.936209242759837,19.293465939314682,4094.6161074664533,7794.76353852071,8,14.999999999997232,1.0
22.219999999835473,19.928499649047847,19.30276713087657,4098.565007997338,7539.7670167050965,2,14.999999999997232,1.0
22.239999999834716,19.920909565693172,19.217465110136384,4062.4206178524014,7235.154219588925,7,14.999999999997232,1.0
22.25999999983396,19.907599512215167,19.440177800926,4157.125642247777,8329.104334762817,5,14.999999999997232,1.0
22.2799999998332,19.90088255598956,19.898306646523935,4355.368681390085,7940.621670133432,8,14.999999999997232,1.0
22.299999999832444,19.89091582468581,19.847391759508717,4333.1085562095595,6823.297221043906,5,14.999999999997232,1.0
22.319999999831687,19.875036661589657,19.71341903502194,4274.8077905540185,7761.124457012566,4,14.999999999997232,1.0
22.33999999983093,19.865622480816285,19.917200780598524,4363.643756281419,7807.198648498312,12,14.999999999997232,1.0
22.359999999830173,19.85781930488736,19.746832199712415,4289.3112011595895,6766.432312955797,4,14.999999999997232,1.0
22.379999999829415,19.844522776301435,19.499728076613376,4182.633345680504,7325.140591070263,4,14.999999999997232,1.0
22.39999999982866,19.83213397131872,19.60534439386418,4228.064816822238,7728.529794558336,11,14.999999999997232,1.0
22.4199999998279,19.825172746560156,19.558386224063184,4207.83518858587,6875.482442536816,3,14.999999999997232,1.0
22.439999999827144,19.8147453672166,19.465264005996765,4167.861531054686,7267.034010219064,2,14.999999999997232,1.0
22.459999999826387,19.79983607989724,19.650304280298332,4247.479041391421,7872.8394538467655,12,14.999999999997232,1.0
22.47999999982563,19.79113564924066,19.6740069644779,4257.732050421574,6873.2763893628,1,14.999999999997232,1.0
22.499999999824873,19.782218088380706,19.541181182733478,4200.435382180587,7037.215063031354,2,14.999999999997232,1.0
22.519999999824115,19.76630616847253,19.66543631468083,4254.0232399144425,7887.212726450112,9,14.999999999997232,1.0
22.539999999823358,19.75674183093069,19.7181554609492,4276.862202603767,6937.7469509288985,1,14.999999999997232,1.0
22.5599999998226,19.749667431073842,19.544890827886057,4202.03033221383,6745.994657850949,1,14.999999999997232,1.0
22.579999999821844,19.73339747488779,19.563826788148177,4210.1765045633065,7638.708999768487,5,14.999999999997232,1.0
22.599999999821087,19.721190831662213,19.602128821049263,4226.6779974871115,7107.782169526839,2,14.999999999997232,1.0
22.61999999982033,19.715304641628855,19.453671048118576,4162.898489732475,6743.653186661066,3,14.999999999997232,1.0
22.639999999819572,19.700361176536834,19.47862450513142,4173.58493873097,7548.6132720247315,4,14.999999999997232,1.0
22.659999999818815,19.685986323339613,19.56865437505547,4212.254574554154,7216.377519017592,4,14.999999999997232,1.0
22.679999999818058,19.679936197446548,19.47435096353244,4171.753799959206,6733.78246352734,4,14.999999999997232,1.0
22.6999999998173,19.667460009089957,19.51601897140178,4189.624961413257,7520.34653611011,4,14.999999999997232,1.0
22.719999999816544,19.65321591179387,19.678286221355727,4259.5844347055845,7296.522876177898,9,14.999999999997232,1.0
22.739999999815787,19.646226187003652,19.57960287917863,4216.969337969741,6613.611307196585,5,14.999999999997232,1.0
22.75999999981503,19.636181868853942,19.508351722579903,4186.333656250749,7194.528298573123,3,14.999999999997232,1.0
22.779999999814272,19.620804708669095,19.609588679393347,4229.895649924909,7413.578966634688,10,14.999999999997232,1.0
22.799999999813515,19.6127407488023,19.50999788035885,4187.040190207675,6631.160049118141,2,14.999999999997232,1.0
22.819999999812758,19.60582014516671,19.408643410426244,4143.649829363902,6994.130271467814,2,14.999999999997232,1.0
22.839999999812,19.590012897758747,19.49961979972693,4182.586895672927,7367.85738570306,9,14.999999999997232,1.0
22.859999999811244,19.57944617328381,19.44434782609738,4158.909286204837,6730.415175744607,1,14.999999999997232,1.0
22.879999999810487,19.574422316089926,19.36809028115123,4126.352132527071,6892.463556351192,3,14.999999999997232,1.0
22.89999999980973,19.560026610049107,19.50710013077413,4185.796510632529,7531.256666761524,7,14.999999999997232,1.0
22.919999999808972,19.547539768621345,19.507657496620094,4186.03571105982,6850.738313838949,3,14.999999999997232,1.0
22.939999999808215,19.543005617631223,19.388095723240628,4134.880813508957,6714.030113477548,3,14.999999999997232,1.0
22.959999999807458,19.530530436840824,19.454694027501883,4163.336316740892,7436.918693738138,5,14.999999999997232,1.0
22.9799999998067,19.51675787407634,19.47486067780517,4171.9721826191435,6924.0974855230725,5,14.999999999997232,1.0
22.999999999805944,19.511942334555087,19.32728027610141,4108.981391580764,6620.712489969848,5,14.999999999997232,1.0
23.019999999805187,19.50186782272695,19.340421811548097,4114.571074334659,7237.3562552411895,4,14.999999999997232,1.0
23.03999999980443,19.48596204916981,19.381771218324555,4132.183611154215,6995.468504003262,7,14.999999999997232,1.0
23.059999999803672,19.479386464422106,19.257420090547168,4079.3305139819067,6621.573039087787,7,14.999999999997232,1.0
23.079999999802915,19.471968936764394,19.27737314007943,4087.7882670004146,7123.595405598252,4,14.999999999997232,1.0
23.099999999802158,19.45562755506449,19.384057533881027,4133.158551244907,7082.639265816764,7,14.999999999997232,1.0
23.1199999998014,19.446249100914237,19.290329863397353,4093.2850886254773,6611.33918913862,3,14.999999999997232,1.0
23.139999999800644,19.44121083266719,19.27658559989575,4087.45427629119,7011.478664955244,4,14.999999999997232,1.0
23.159999999799886,19.426202615131547,19.395382666932328,4137.989556764129,7188.409900961609,8,14.999999999997232,1.0
23.17999999979913,19.414205680961388,19.300490764976008,4097.598381458166,6672.922666683808,1,14.999999999997232,1.0
23.199999999798372,19.41053060531227,19.22041411724021,4063.6675072202743,6790.2128519359385,3,14.999999999997232,1.0
23.219999999797615,19.39744911981678,19.321845120705333,4106.670687553769,7206.227745159858,5,14.999999999997232,1.0
23.239999999796858,19.382892676452254,19.268960166700605,4084.221084964841,6743.344547612497,5,14.999999999997232,1.0
23.2599999997961,19.379165124812378,19.170473790011417,4042.577718668662,6655.900694917348,5,14.999999999997232,1.0
23.279999999795344,19.368898056921402,19.264593867832204,4082.3703458177,7151.801894929739,5,14.999999999997232,1.0
23.299999999794586,19.352363112735507,19.259612161332598,4080.2592666544556,6766.756157959531,6,14.999999999997232,1.0
23.31999999979383,19.346834241909917,19.14192501935464,4030.546227912547,6631.39112365116,7,14.999999999997232,1.0
23.339999999793072,19.339675059889075,19.215340740178192,4061.5225173726694,7069.826378365151,4,14.999999999997232,1.0
23.359999999792315,19.322610022334853,19.25858009757365,4079.8219811212584,6844.276584020192,6,14.999999999997232,1.0
23.379999999791558,19.314124096147083,19.126434044716962,4024.0252719359887,6559.288081559328,3,14.999999999997232,1.0
23.3999999997908,19.30976516976451,19.15841407870859,4037.4931301238544,6937.755359042863,4,14.999999999997232,1.0
23.419999999790043,19.293817288307114,19.24432274666341,4073.783537755214,6897.0309995743355,7,14.999999999997232,1.0
23.439999999789286,19.28195712534581,19.13158130794344,4026.1914367669588,6612.2913902397995,4,14.999999999997232,1.0
23.45999999978853,19.27926288153281,19.122461076400008,4022.3536938027664,6773.328726900603,2,14.999999999997232,1.0
23.479999999787772,19.26593003410801,19.21810356836349,4062.6905524077997,6899.353935376116,5,14.999999999997232,1.0
23.499999999787015,19.25088622690551,19.112795789095273,4018.288591632238,6641.365766573183,2,14.999999999997232,1.0
23.519999999786258,19.247948382730073,19.044535322561817,3989.637582175352,6653.386416841487,2,14.999999999997232,1.0
23.5399999997855,19.23810186408059,19.15310442794892,4035.2555015070825,6938.657943424218,2,14.999999999997232,1.0
23.559999999784743,19.22067104611306,19.0934759736174,4010.1690723061547,6652.855913625594,3,14.999999999997232,1.0
23.579999999783986,19.21549244208511,18.995994788898894,3969.3259982186137,6597.8421299157,6,14.999999999997232,1.0
23.59999999978323,19.209199084611754,19.102352988770637,4013.898786783539,6889.055334549696,1,14.999999999997232,1.0
23.619999999782472,19.191102330624716,19.093863431177095,4010.3318280128615,6685.135340281568,5,14.999999999997232,1.0
23.639999999781715,19.182372388881703,18.97950823960653,3962.4390631902143,6560.36671969155,3,14.999999999997232,1.0
23.659999999780958,19.17900230681727,19.05731499546239,3994.993803199033,6717.751154526368,1,14.999999999997232,1.0
23.6799999997802,19.16246822167365,19.098503566891623,4012.2812234402923,6637.33186650836,3,14.999999999997232,1.0
23.699999999779443,19.149811514215948,18.970790957653662,3958.8000051489335,6601.919159250763,1,14.999999999997232,1.0
23.719999999778686,19.147793276290486,18.994662942453527,3968.76942327159,6645.287049333231,1,14.999999999997232,1.0
23.73999999977793,19.134671980013444,19.07404499540106,4002.011117352426,6637.609876164019,3,14.999999999997232,1.0
23.759999999777172,19.118421435756222,18.94933446002869,3949.8500412583394,6604.023851142291,1,14.999999999997232,1.0
23.779999999776415,19.115408393884504,18.922725094849607,3938.764775167762,6592.818557140721,2,14.999999999997232,1.0
23.799999999775657,19.10663217004062,19.039669560103647,3987.599186537311,6631.756116506422,0,14.999999999997232,1.0
23.8199999997749,19.08811543865672,18.934106951961063,3943.504466751303,6594.884972455982,2,14.999999999997232,1.0
23.839999999774143,19.082049425441305,18.86732935019252,3915.737284894997,6526.090756868113,5,14.999999999997232,1.0
23.859999999773386,19.07734573155556,18.987187989527172,3965.6463852460934,6562.706091956024,0,14.999999999997232,1.0
23.87999999977263,19.058823770104162,18.927538340055534,3940.7687837569943,6505.88782917001,2,14.999999999997232,1.0
23.89999999977187,19.048438128201994,18.827292670387084,3899.136442260524,6615.240826837048,2,14.999999999997232,1.0
23.919999999771115,19.046146483725945,18.918889075916105,3937.1680025349956,6531.0197694179005,0,14.999999999997232,1.0
23.939999999770357,19.03012360982497,18.933137406810964,3943.100612717031,6437.795092298613,2,14.999999999997232,1.0
23.9599999997696,19.0153224062967,18.795702661946127,3886.062824119176,6671.878656021273,1,14.999999999997232,1.0
23.979999999768843,19.013015876804406,18.84229163237507,3905.351493554187,6456.061714002964,1,14.999999999997232,1.0
23.999999999768086,19.001438255205258,18.94015041770754,3946.0222762992576,6321.359891571092,0,14.999999999997232,1.0
24.01999999976733,18.983302927101985,18.777841286852436,3878.680557336419,6642.699284988729,2,14.999999999997232,1.0
24.03999999976657,18.978418303381183,18.77531346844636,3877.6363542226563,6454.745241672447,2,14.999999999997232,1.0
24.059999999765814,18.97178764451071,18.913646749248937,3934.9863669091233,6202.538632199799,0,14.999999999997232,1.0
24.079999999765057,18.952518903312782,18.777448259483737,3878.5181945134773,6478.4687460408695,2,14.999999999997232,1.0
24.0999999997643,18.943341778946305,18.726845601201386,3857.6422078835926,6612.726735219399,1,14.999999999997232,1.0
24.119999999763543,18.940302840593226,18.85209435204642,3909.4160760430664,6172.594613869402,0,14.999999999997232,1.0
24.139999999762786,18.922866318674085,18.80617417261007,3890.3940571160065,6338.88941601515,2,14.999999999997232,1.0
24.15999999976203,18.908993635757884,18.69218781482774,3843.3767383527415,6719.021419551585,1,14.999999999997232,1.0
24.17999999976127,18.906664758641654,18.773519275883256,3876.895286021562,6257.937275625782,0,14.999999999997232,1.0
24.199999999760514,18.89366940093695,18.835440026687174,3902.5118109882224,6136.595465814964,0,14.999999999997232,1.0
24.219999999759757,18.87613743034816,18.668252866825487,3833.5403160971177,6703.472513992223,3,14.999999999997232,1.0
24.239999999759,18.871546580878185,18.698870359289092,3846.1252798485016,6332.29666903953,1,14.999999999997232,1.0
24.259999999758243,18.863928909203075,18.82530834031895,3898.314575188905,5901.467753050358,0,14.999999999997232,1.0
24.279999999757486,18.84511164728036,18.665669505756178,3832.479399079277,6513.425488325715,2,14.999999999997232,1.0
24.29999999975673,18.836270907762277,18.649476770912003,3825.83282211665,6571.826159222765,2,14.999999999997232,1.0
24.31999999975597,18.83274558347079,18.771029046648852,3875.866846171484,5905.625652097806,0,14.999999999997232,1.0
24.339999999755214,18.81568804852309,18.698396841120875,3845.9304887084304,6314.250670538855,2,14.999999999997232,1.0
24.359999999754457,18.802119821430068,18.61076875106386,3809.967848561325,6720.88098584424,2,14.999999999997232,1.0
24.3799999997537,18.799582758567126,18.692019120089785,3843.307366643823,6055.999490027651,0,14.999999999997232,1.0
24.399999999752943,18.78695069486308,18.73376197301032,3860.492214275483,6014.127573577175,0,14.999999999997232,1.0
24.419999999752186,18.769909398289773,18.578828707182144,3796.9016374389685,6722.495420137042,4,14.999999999997232,1.0
24.43999999975143,18.76515575253867,18.618078153605605,3812.9611754714297,6271.9990700552935,1,14.999999999997232,1.0
24.45999999975067,18.75780244672244,18.72981486298304,3858.8656128178245,5729.392408091597,0,14.999999999997232,1.0
24.479999999749914,18.739916437011477,18.572806068741784,3794.440377938008,6488.893974790816,4,14.999999999997232,1.0
24.499999999749157,18.73090964051348,18.566303937243195,3791.7840607910134,6541.666390864014,2,14.999999999997232,1.0
24.5199999997484,18.72744810571204,18.67722086857924,3837.224373110611,5783.562795465438,0,14.999999999997232,1.0
24.539999999747643,18.71165431080208,18.60854207972188,3809.0562216605786,6229.9318783897015,1,14.999999999997232,1.0
24.559999999746886,18.69808336006214,18.520560195963462,3773.1226496953677,6691.496601978636,2,14.999999999997232,1.0
24.57999999974613,18.695464176557678,18.600200764857473,3805.6421534230494,5985.995202291082,0,14.999999999997232,1.0
24.59999999974537,18.684106219766196,18.64674470692536,3824.7119698177385,5882.049462701924,0,14.999999999997232,1.0
24.619999999744614,18.66758613390877,18.485916173211145,3759.020064392883,6657.58902087697,5,14.999999999997232,1.0
24.639999999743857,18.662460022821747,18.525309251396262,3775.057911458547,6301.584793550724,1,14.999999999997232,1.0
24.6599999997431,18.65619269431091,18.638465028734817,3821.3161649010785,5653.200476048849,0,14.999999999997232,1.0
24.679999999742343,18.639488438784614,18.489512242612022,3760.4826926666988,6389.356341920001,3,14.999999999997232,1.0
24.699999999741586,18.629945490625342,18.46954995848037,3752.367032356825,6544.928901697145,2,14.999999999997232,1.0
24.71999999974083,18.627173748094396,18.579377011927267,3797.125751664645,5756.911627144467,0,14.999999999997232,1.0
24.73999999974007,18.61308174653485,18.53773967302317,3780.1257140325497,6064.9828328113,0,14.999999999997232,1.0
24.759999999739314,18.599254196427804,18.421807809889163,3732.993032829427,6645.232800602739,2,14.999999999997232,1.0
24.779999999738557,18.596482537483578,18.497169066722904,3763.5978983122372,5990.9480335892085,0,14.999999999997232,1.0
24.7999999997378,18.58704689567134,18.56682558526961,3791.997135452043,5723.114977091737,0,14.999999999997232,1.0
24.819999999737043,18.571054226296976,18.395092454128747,3722.1736903553883,6519.797576712899,4,14.999999999997232,1.0
24.839999999736285,18.564981495992143,18.420904503234432,3732.626949890109,6354.301798281436,1,14.999999999997232,1.0
24.85999999973553,18.56031057698617,18.541712827466032,3781.7462603384024,5609.681664613534,0,14.999999999997232,1.0
24.87999999973477,18.54502634580691,18.420356608332284,3732.4049133594394,6257.792442887357,2,14.999999999997232,1.0
24.899999999734014,18.53431842660931,18.364461213190822,3709.787792158691,6548.9329150785115,2,14.999999999997232,1.0
24.919999999733257,18.53208886625885,18.468885709994876,3752.097133057382,5763.284378801784,0,14.999999999997232,1.0
24.9399999997325,18.520076308068486,18.47111277491025,3753.002078577979,5851.012008957708,0,14.999999999997232,1.0
24.959999999731743,18.505725353226477,18.31953693422817,3691.6597683300515,6564.570298956598,5,14.999999999997232,1.0
24.979999999730985,18.502078191492174,18.382653010787845,3717.141248865302,6096.52004444683,1,14.999999999997232,1.0
24.99999999973023,18.49489922039815,18.48228504863819,3757.543466810262,5584.448504773721,0,14.999999999997232,1.0
25.01999999972947,18.479596905729597,18.318255067366426,3691.143155844053,6337.30654494872,3,14.999999999997232,1.0
25.039999999728714,18.471802935137198,18.312141730042555,3688.6798821528255,6416.175376974822,1,14.999999999997232,1.0
25.059999999727957,18.46865280203321,18.435608144219525,3738.5881241193465,5633.5655661163155,0,14.999999999997232,1.0
25.0799999997272,18.455164437599638,18.36893732562939,3711.596443201906,6015.270036311481,0,14.999999999997232,1.0
25.099999999726442,18.442948629392863,18.258359556326017,3667.0446305688974,6540.4793253415155,1,14.999999999997232,1.0
25.119999999725685,18.44055610552509,18.35144515539617,3704.530932206649,5842.382395947087,0,14.999999999997232,1.0
25.139999999724928,18.43110552469653,18.40840312511145,3727.5623617827437,5633.912113701499,0,14.999999999997232,1.0
25.15999999972417,18.416555805866103,18.23593897700644,3658.04417410413,6407.562967028455,3,14.999999999997232,1.0
25.179999999723414,18.411149048148125,18.268434934571356,3671.0928645453387,6266.419551950695,1,14.999999999997232,1.0
25.199999999722657,18.40636400495217,18.392605666003725,3721.1673750362356,5526.813191187797,0,14.999999999997232,1.0
25.2199999997219,18.392353315406606,18.27079735698855,3672.042396661537,6143.153681314108,2,14.999999999997232,1.0
25.239999999721142,18.38237678138014,18.20546140019302,3645.8270727330982,6455.235789322926,1,14.999999999997232,1.0
25.259999999720385,18.380182452455678,18.32117147914998,3692.318568052606,5680.988813707995,0,14.999999999997232,1.0
25.279999999719628,18.369112717427306,18.32642314948074,3694.4356399920584,5718.232398616406,0,14.999999999997232,1.0
25.29999999971887,18.355761511667055,18.167190916995043,3630.515083960019,6427.15780257894,4,14.999999999997232,1.0
25.319999999718114,18.352066173484715,18.230751038596615,3655.9631177442075,6061.739646412128,0,14.999999999997232,1.0
25.339999999717357,18.34555473988596,18.33766579559302,3698.9698551394836,5488.985535657861,0,14.999999999997232,1.0
25.3599999997166,18.33163862869229,18.182524227762812,3636.646060224998,6219.381912274812,3,14.999999999997232,1.0
25.379999999715842,18.323700543520665,18.157476769170596,3626.6335888526687,6339.477878173654,1,14.999999999997232,1.0
25.399999999715085,18.320925434055635,18.28574273531059,3678.0522612016034,5564.3524249676175,0,14.999999999997232,1.0
25.419999999714328,18.308967359016204,18.24250640840947,3660.679440669466,5817.043697678051,0,14.999999999997232,1.0
25.43999999971357,18.29700310558063,18.10751472098338,3606.7029830769284,6396.9794074722,3,14.999999999997232,1.0
25.459999999712814,18.294333226276375,18.195828595466047,3641.9699610313787,5878.762931352093,0,14.999999999997232,1.0
25.479999999712057,18.286347465332973,18.27504641969081,3673.750538060393,5491.167421498745,0,14.999999999997232,1.0
25.4999999997113,18.27288663775805,18.106223199186946,3606.1885039265308,6232.386187574882,3,14.999999999997232,1.0
25.519999999710542,18.266641149257076,18.111392057779597,3608.24774497662,6253.171311035402,1,14.999999999997232,1.0
25.539999999709785,18.26292411033433,18.244301739723294,3661.4000056707746,5471.059875208195,0,14.999999999997232,1.0
25.559999999709028,18.25063009545479,18.162029592437186,3628.4525080822045,5894.803811879637,0,14.999999999997232,1.0
25.57999999970827,18.240052347710996,18.053841845875134,3585.3532593545924,6372.866186654731,2,14.999999999997232,1.0
25.599999999707514,18.237841139933167,18.16172817068548,3628.3320716045755,5675.008928842316,0,14.999999999997232,1.0
25.619999999706756,18.22877668219035,18.20910563471446,3647.28680817809,5497.212409892905,0,14.999999999997232,1.0
25.639999999706,18.215964683989,18.039255464371735,3579.5621147975207,6223.661748409222,3,14.999999999997232,1.0
25.659999999705242,18.211022208351206,18.06870882015132,3591.2606227015544,6134.06410852935,0,14.999999999997232,1.0
25.679999999704485,18.20631813592666,18.197369514733538,3642.5868298132887,5409.648693397618,0,14.999999999997232,1.0
25.699999999703728,18.194029943834945,18.087248400548525,3598.634101734597,5945.6855250872795,0,14.999999999997232,1.0
25.71999999970297,18.184684911481067,18.003220929573487,3565.2756022293615,6316.989632804912,1,14.999999999997232,1.0
25.739999999702214,18.18249289038585,18.1254638236265,3613.8568270375226,5553.9606749471095,0,14.999999999997232,1.0
25.759999999701456,18.17273827809318,18.142823353846648,3620.7824317377167,5515.265175085394,0,14.999999999997232,1.0
25.7799999997007,18.16060411459111,17.978257142740606,3555.39502879554,6208.26792753605,2,14.999999999997232,1.0
25.799999999699942,18.156549110619462,18.02732273695143,3574.828015684266,6013.851418571586,0,14.999999999997232,1.0
25.819999999699185,18.15095328893261,18.146219966707385,3622.138289881427,5372.831467624778,0,14.999999999997232,1.0
25.839999999698428,18.13884489729641,18.018200061884265,3571.2108681709474,5972.744908997128,0,14.999999999997232,1.0
25.85999999969767,18.130508676157,17.953431565352652,3545.582754689811,6251.819082680458,1,14.999999999997232,1.0
25.879999999696913,18.128075993570178,18.085195303607964,3597.8171808660795,5472.836891602322,0,14.999999999997232,1.0
25.899999999696156,18.117974182559486,18.078113561220377,3595.000089256181,5536.7032093212,0,14.999999999997232,1.0
25.9199999996954,18.106495924561855,17.921301268057015,3532.903430545082,6181.8703001429985,2,14.999999999997232,1.0
25.939999999694642,18.10301692948536,17.985972021422327,3558.4470851092547,5913.57044234378,0,14.999999999997232,1.0
25.959999999693885,18.096738727379467,18.09281902705078,3600.8511038017177,5351.570133239623,0,14.999999999997232,1.0
25.979999999693128,18.08492439107588,17.955062454418556,3546.22694516278,5976.365371626526,0,14.999999999997232,1.0
25.99999999969237,18.07737146091113,17.903922355736242,3526.0547929225518,6190.220909674545,1,14.999999999997232,1.0
26.019999999691613,18.07461812105823,18.041444091269373,3580.430753882384,5412.380347325372,0,14.999999999997232,1.0
26.039999999690856,18.06442725084286,18.016688721971523,3570.6117975485745,5543.910442595193,0,14.999999999997232,1.0
26.0599999996901,18.05353298073473,17.867516413280782,3511.7295705674396,6148.525593157033,2,14.999999999997232,1.0
26.079999999689342,18.050392482101135,17.94373628978234,3541.7543924097686,5817.702520424896,0,14.999999999997232,1.0
26.099999999688585,18.04365863323222,18.038918375501638,3579.4283377381166,5328.006497531217,0,14.999999999997232,1.0
26.119999999687828,18.032197312025353,17.89745288055472,3523.5070157284413,5957.655748328178,0,14.999999999997232,1.0
26.13999999968707,18.02520383933148,17.855057986344978,3506.834052653157,6130.7874062842475,0,14.999999999997232,1.0
26.159999999686313,18.02215625858806,17.994924316706488,3561.9903128039387,5357.492282182111,0,14.999999999997232,1.0
26.179999999685556,18.01205161651879,17.959024074329204,3547.792002725695,5531.081599393601,0,14.999999999997232,1.0
26.1999999996848,18.00164141221095,17.81593598223182,3491.4833241528077,6104.128057832739,2,14.999999999997232,1.0
26.219999999684042,17.998664538878735,17.899676654907132,3524.3826678525015,5735.708030414549,0,14.999999999997232,1.0
26.239999999683285,17.991687187340673,17.98527337409742,3558.170641751194,5305.677041648019,0,14.999999999997232,1.0
26.259999999682528,17.980602900609107,17.844494285901234,3502.68573951518,5925.815149740107,0,14.999999999997232,1.0
26.27999999968177,17.973959285044458,17.807054245270525,3488.002989834077,6073.310591320993,0,14.999999999997232,1.0
26.299999999681013,17.9706997801715,17.94631338312118,3542.771804497138,5312.251352736135,0,14.999999999997232,1.0
26.319999999680256,17.960794706407867,17.90519373287564,3526.555588729901,5501.54801609386,0,14.999999999997232,1.0
26.3399999996795,17.95076091308803,17.766124372597098,3471.9869274484745,6060.245726652897,2,14.999999999997232,1.0
26.35999999967874,17.947824540923417,17.85320409880146,3506.1058625280734,5691.97733897433,0,14.999999999997232,1.0
26.379999999677985,17.940786184886253,17.932893606806076,3537.4754042432887,5277.85142198754,0,14.999999999997232,1.0
26.399999999677227,17.930087784320342,17.795972816620438,3483.663133388829,5880.946150242613,0,14.999999999997232,1.0
26.41999999967647,17.923605041663933,17.75871906908503,3469.093132721526,6017.7032980386,0,14.999999999997232,1.0
26.439999999675713,17.92024058642538,17.89626060873041,3523.0375815315538,5272.277870312005,0,14.999999999997232,1.0
26.459999999674956,17.910610140106193,17.855231817544144,3506.9023358406484,5456.028100754996,0,14.999999999997232,1.0
26.4799999996742,17.900855873044996,17.718428591548392,3453.3698292917948,6018.072373795077,2,14.999999999997232,1.0
26.49999999967344,17.897864736763005,17.80416660521968,3486.8718335706167,5668.320106479926,0,14.999999999997232,1.0
26.519999999672685,17.89091798096459,17.881642356468216,3517.28446701102,5247.59358646883,0,14.999999999997232,1.0
26.539999999671927,17.880610937374342,17.75131266294342,3466.2001138333294,5823.0030068409005,0,14.999999999997232,1.0
26.55999999967117,17.874121805747034,17.710159498074486,3450.1472439196173,5974.08708163646,1,14.999999999997232,1.0
26.579999999670413,17.870756302865445,17.844708835092504,3502.7699675015133,5239.4174909610665,0,14.999999999997232,1.0
26.599999999669656,17.861446462029935,17.80827382142203,3488.4807814861974,5396.386978899169,0,14.999999999997232,1.0
26.6199999996689,17.851899485341036,17.673685717734767,3435.950835341881,5970.170314060065,1,14.999999999997232,1.0
26.63999999966814,17.84876383765273,17.75264792096565,3466.7215902634266,5653.65059215978,0,14.999999999997232,1.0
26.659999999667384,17.8420362891813,17.83121457156068,3497.4743440674165,5213.780453998646,0,14.999999999997232,1.0
26.679999999666627,17.832125116799048,17.710025153324757,3450.0949002453513,5751.395084970369,0,14.999999999997232,1.0
26.69999999966587,17.825490410804814,17.66098594634358,3431.014670566399,5939.922108542761,0,14.999999999997232,1.0
26.719999999665113,17.822208993139615,17.791792975483364,3482.026870107051,5211.812340492198,0,14.999999999997232,1.0
26.739999999664356,17.813247343079176,17.764012325762472,3471.1614730082515,5323.6709996987765,0,14.999999999997232,1.0
26.7599999996636,17.803863764795693,17.632565381708616,3419.9809813425204,5923.955594476895,0,14.999999999997232,1.0
26.77999999966284,17.800479311085272,17.699255821386544,3445.90022293974,5654.462513263917,0,14.999999999997232,1.0
26.799999999662084,17.79407132491953,17.781959461643897,3478.1789052510157,5178.164918126732,0,14.999999999997232,1.0
26.819999999661327,17.784543290891197,17.6761631963728,3436.914198792848,5664.922114735303,0,14.999999999997232,1.0
26.83999999966057,17.777641587148192,17.623898675814218,3416.619849889027,5892.975557046387,0,14.999999999997232,1.0
26.859999999659813,17.774507870890428,17.75347557781387,3467.0448460123685,5187.901446422055,0,14.999999999997232,1.0
26.879999999659056,17.76597402246307,17.740494898484503,3461.9767516747015,5256.962081694313,0,14.999999999997232,1.0
26.8999999996583,17.756881418920905,17.62045306979225,3415.284030232263,5853.18406401358,0,14.999999999997232,1.0
26.91999999965754,17.75333356871772,17.67813117031687,3437.679538424218,5646.0511835909,0,14.999999999997232,1.0
26.939999999656784,17.74762808885578,17.76903096583042,3473.1230761110437,5128.754050965835,0,14.999999999997232,1.0
26.959999999656027,17.738852356133915,17.677102497455593,3437.2794797610586,5548.491298141132,0,14.999999999997232,1.0
26.97999999965527,17.73204891766798,17.614192562761026,3412.8575760182844,5829.934385893566,0,14.999999999997232,1.0
26.999999999654513,17.72950190179124,17.734938269664376,3459.8083897168667,5197.707770346402,0,14.999999999997232,1.0
27.019999999653756,17.72186257285524,17.73313678053245,3459.1055408478014,5182.297371353069,0,14.999999999997232,1.0
27.039999999653,17.713484419058382,17.615671583164847,3413.430738585136,5761.800815035605,0,14.999999999997232,1.0
27.05999999965224,17.709950847234747,17.651609349026966,3427.372438717218,5639.225224637558,0,14.999999999997232,1.0
27.079999999651484,17.70526847129864,17.744833195313035,3463.6701564243176,5078.376930283108,0,14.999999999997232,1.0
27.099999999650727,17.697376666773742,17.664767431545066,3432.484092516328,5419.69100777399,0,14.999999999997232,1.0
27.11999999964997,17.690702499269634,17.589497519333143,3403.294652808895,5763.421928859618,0,14.999999999997232,1.0
27.139999999649213,17.68862948020818,17.6965547902205,3444.8485658760374,5225.981033605245,0,14.999999999997232,1.0
27.159999999648456,17.681835711225247,17.707686427205914,3449.183744646778,5112.487845292685,0,14.999999999997232,1.0
27.1799999996477,17.67410893286362,17.596450715862826,3405.9858557536827,5659.1418655411935,0,14.999999999997232,1.0
27.19999999964694,17.6703284528275,17.610359194493313,3411.372260549827,5634.672102866814,0,14.999999999997232,1.0
27.219999999646184,17.666553017016103,17.707670939442703,3449.17771109542,5034.443229916443,0,14.999999999997232,1.0
27.239999999645427,17.6593447691824,17.64411489611278,3424.4626951395176,5286.2801869937875,0,14.999999999997232,1.0
27.25999999964467,17.652703941045704,17.560694266552453,3392.1578143566103,5706.181883629153,0,14.999999999997232,1.0
27.279999999643913,17.650802195890915,17.65240093274527,3427.6798455942467,5274.803261509567,0,14.999999999997232,1.0
27.299999999643155,17.644771061151488,17.679612498522026,3438.2556790768585,5052.970885744632,0,14.999999999997232,1.0
27.3199999996424,17.63764189913591,17.579328020387155,3399.3605101320586,5543.123712430432,0,14.999999999997232,1.0
27.33999999964164,17.633453101354515,17.57169046284612,3396.4073629428503,5623.49907174367,0,14.999999999997232,1.0
27.359999999640884,17.630498095028283,17.671718161407632,3435.185850538468,4995.878830972712,0,14.999999999997232,1.0
27.379999999640127,17.62386934484356,17.62681500996956,3417.7506813525706,5151.0931371149145,0,14.999999999997232,1.0
27.39999999963937,17.617349066825064,17.539020272109365,3383.7895531600957,5644.845212757546,0,14.999999999997232,1.0
27.419999999638613,17.615374948928526,17.61117685389164,3411.6890519695344,5334.082914154553,0,14.999999999997232,1.0
27.439999999637855,17.61017464229741,17.654402577176267,3428.457233927088,5002.399461538378,0,14.999999999997232,1.0
27.4599999996371,17.603662362714022,17.567559457379897,3394.810598174356,5411.827342015471,0,14.999999999997232,1.0
27.47999999963634,17.59906332129866,17.539185592901493,3383.853343884676,5597.280006926956,0,14.999999999997232,1.0
27.499999999635584,17.596840877089814,17.637283204625895,3421.8113472419654,4969.759111475156,0,14.999999999997232,1.0
27.519999999634827,17.59076050114579,17.611267969813106,3411.7243545502156,5055.9906558147995,0,14.999999999997232,1.0
27.53999999963407,17.584532906117705,17.52309667975359,3377.648089727904,5564.80025431001,0,14.999999999997232,1.0
27.559999999633312,17.58226618866052,17.57152778623061,3396.3444761650185,5386.632978307686,0,14.999999999997232,1.0
27.579999999632555,17.577990399645273,17.6291932773384,3418.673011707287,4956.838718556361,0,14.999999999997232,1.0
27.599999999631798,17.572067414686348,17.55740942512124,3390.8888829346974,5268.591966283487,0,14.999999999997232,1.0
27.61999999963104,17.567149007206698,17.51133221847736,3373.1143167247155,5549.100877148889,0,14.999999999997232,1.0
27.639999999630284,17.565464626624888,17.601680769219982,3408.0108249168143,5018.937150802156,0,14.999999999997232,1.0
27.659999999629527,17.559930471383122,17.594472427607005,3405.2200600640545,4984.802285207453,0,14.999999999997232,1.0
27.67999999962877,17.55414977903551,17.510599130623653,3372.8319010473765,5461.544882614404,0,14.999999999997232,1.0
27.699999999628012,17.55140889232863,17.533362578489466,3381.606836396523,5423.1513193052815,0,14.999999999997232,1.0
27.719999999627255,17.54809654973575,17.602606251238175,3408.369215197422,4910.825368741611,0,14.999999999997232,1.0
27.739999999626498,17.542666906928897,17.54694656023578,3386.8486694654734,5120.306578841786,0,14.999999999997232,1.0
27.75999999962574,17.537605200465656,17.488427627508674,3364.2961097086954,5497.80292906277,0,14.999999999997232,1.0
27.779999999624984,17.536153405576073,17.564832275112217,3393.756661381062,5096.990771267249,0,14.999999999997232,1.0
27.799999999624227,17.531228515468776,17.576048972340153,3398.0924722590926,4929.093936704383,0,14.999999999997232,1.0
27.81999999962347,17.52598244280317,17.500703730863073,3369.0209418298914,5335.36360683002,0,14.999999999997232,1.0
27.839999999622712,17.522690607975758,17.498664932414215,3368.2360185859325,5434.804295034238,0,14.999999999997232,1.0
27.859999999621955,17.520282834845897,17.574523782328626,3397.5027479319792,4869.191805671239,0,14.999999999997232,1.0
27.879999999621198,17.51523958753503,17.535574887702726,3382.4602530645348,4981.491204041964,0,14.999999999997232,1.0
27.89999999962044,17.510277290620117,17.471017996225317,3357.601168068718,5438.523114068148,0,14.999999999997232,1.0
27.919999999619684,17.508693803158437,17.52759355220467,3379.381893044154,5190.218248702164,0,14.999999999997232,1.0
27.939999999618927,17.504524247520717,17.556457302475028,3390.521123149916,4886.665046921578,0,14.999999999997232,1.0
27.95999999961817,17.499797525425713,17.492345760973226,3365.803762435818,5192.00514805932,0,14.999999999997232,1.0
27.979999999617412,17.496028684246586,17.469247619488232,3356.9207363009477,5413.113670544604,0,14.999999999997232,1.0
27.999999999616655,17.494337225816327,17.544782125640413,3386.0131781981045,4875.7290591163965,0,14.999999999997232,1.0
28.019999999615898,17.489622962811765,17.52277174326292,3377.5228252314273,4910.035135538012,0,14.999999999997232,1.0
28.03999999961514,17.48499946718566,17.45846182581928,3352.77678255948,5346.4767236636735,0,14.999999999997232,1.0
28.059999999614384,17.482980513525305,17.49127788205182,3365.3928214187067,5263.132732404221,0,14.999999999997232,1.0
28.079999999613626,17.479707891338673,17.535960610548166,3382.609059881665,4842.699751345128,0,14.999999999997232,1.0
28.09999999961287,17.475379823854794,17.484054066665212,3362.613612666796,5041.720165048635,0,14.999999999997232,1.0
28.119999999612112,17.471355310360934,17.44602606529222,3348.0020801794108,5361.900225450265,0,14.999999999997232,1.0
28.139999999611355,17.470057035311,17.51345991556325,3373.934060354448,4950.063491623082,0,14.999999999997232,1.0
28.159999999610598,17.465722456575232,17.50841553063526,3371.99075832729,4856.305751956697,0,14.999999999997232,1.0
28.17999999960984,17.461579604534702,17.449210938034383,3349.2245859602062,5224.155968423508,0,14.999999999997232,1.0
28.199999999609084,17.458995697122162,17.45817380134059,3352.6661572559638,5299.258533142514,0,14.999999999997232,1.0
28.219999999608326,17.456631183887,17.514075209237088,3374.1711347829446,4794.9931587717665,0,14.999999999997232,1.0
28.23999999960757,17.45254544778555,17.47463702562178,3358.9923309495484,4898.200112820204,0,14.999999999997232,1.0
28.259999999606812,17.448574036763727,17.428909900135608,3341.435903377495,5308.639849029692,0,14.999999999997232,1.0
28.279999999606055,17.447255608365097,17.481090678130496,3361.4738442672297,5055.266164670978,0,14.999999999997232,1.0
28.299999999605298,17.44348496511669,17.49305561695278,3366.0769429958355,4818.724794706935,0,14.999999999997232,1.0
28.31999999960454,17.439800384448898,17.4414107803266,3346.230910089022,5081.520274808348,0,14.999999999997232,1.0
28.339999999603783,17.4367330631054,17.430300428304424,3341.969103230443,5290.061418571087,0,14.999999999997232,1.0
28.359999999603026,17.43510947778777,17.490116613324457,3364.94597062457,4791.050514935278,0,14.999999999997232,1.0
28.37999999960227,17.431172536831546,17.463598849175984,3354.750132414348,4830.415845367088,0,14.999999999997232,1.0
28.399999999601512,17.42753641365916,17.416735764726155,3336.769531681203,5218.69328510975,0,14.999999999997232,1.0
28.419999999600755,17.42582871082539,17.448755224667114,3349.049647793827,5148.123454372059,0,14.999999999997232,1.0
28.439999999599998,17.422845610771972,17.477240032306543,3359.9931106154427,4777.08910526303,0,14.999999999997232,1.0
28.45999999959924,17.419447958228456,17.43338879289091,3343.153492845038,4934.313338978229,0,14.999999999997232,1.0
28.479999999598483,17.41616480148619,17.408681185179507,3333.6839866794526,5237.432993627633,0,14.999999999997232,1.0
28.499999999597726,17.41494635256986,17.46405180448419,3354.924159726782,4863.969117677375,0,14.999999999997232,1.0
28.51999999959697,17.411211205207085,17.451384004679586,3350.0588404666514,4786.570711320507,0,14.999999999997232,1.0
28.539999999596212,17.408030393825378,17.407548829243293,3333.250318667385,5094.580536676229,0,14.999999999997232,1.0
28.559999999595455,17.40579107636542,17.4190471238883,3337.655229746654,5191.7426468872145,0,14.999999999997232,1.0
28.579999999594698,17.403633394850093,17.460214880285434,3353.45014032315,4726.763633726686,0,14.999999999997232,1.0
28.59999999959394,17.40030649509099,17.424044842789176,3339.5707255188086,4803.665436404562,0,14.999999999997232,1.0
28.619999999593183,17.39713848255982,17.392828799233996,3327.6154300340986,5180.876090747879,0,14.999999999997232,1.0
28.639999999592426,17.395881248749905,17.43637188442943,3344.297709413332,4973.9026705375245,0,14.999999999997232,1.0
28.65999999959167,17.392567254182204,17.438983614100213,3345.2996444214127,4755.078410286167,0,14.999999999997232,1.0
28.679999999590912,17.389740608395076,17.399147485175547,3330.033665319796,4952.999281968198,0,14.999999999997232,1.0
28.699999999590155,17.387099681222097,17.39420128221758,3328.140620709297,5178.122700554833,0,14.999999999997232,1.0
28.719999999589398,17.385589977882642,17.44088416579406,3346.0288453311055,4737.175091725772,0,14.999999999997232,1.0
28.73999999958864,17.38223800465771,17.413363063976675,3335.4773451765386,4754.773474692666,0,14.999999999997232,1.0
28.759999999587883,17.37944910530743,17.381095217179986,3323.1271804354465,5083.32595838071,0,14.999999999997232,1.0
28.779999999587126,17.377804150443396,17.408258880399355,3333.5222497170334,5068.272182215657,0,14.999999999997232,1.0
28.79999999958637,17.37517569290104,17.42684757948672,3340.645182145283,4711.466407493932,0,14.999999999997232,1.0
28.81999999958561,17.372464467179487,17.39012610835984,3326.581346711244,4814.717184660533,0,14.999999999997232,1.0
28.839999999584855,17.369750777849696,17.375081158528776,3320.827897920078,5119.501030077883,0,14.999999999997232,1.0
28.859999999584097,17.368544343748407,17.419142456602255,3337.6917631574356,4815.916681223669,0,14.999999999997232,1.0
28.87999999958334,17.3652807664805,17.40262251218349,3331.363973317112,4724.198315347499,0,14.999999999997232,1.0
28.899999999582583,17.362906304944797,17.371331613804987,3319.3947824045863,4954.36660391269,0,14.999999999997232,1.0
28.919999999581826,17.360824577585646,17.38253323528608,3323.6770784340765,5100.997884151516,0,14.999999999997232,1.0
28.93999999958107,17.358916417585135,17.41362062559533,3335.5760162137494,4659.981511824694,0,14.999999999997232,1.0
28.95999999958031,17.356107177808184,17.380008955919372,3322.7118243862133,4721.384223919146,0,14.999999999997232,1.0
28.979999999579555,17.35366518875034,17.36070375128911,3315.3343821402605,5050.896409406737,0,14.999999999997232,1.0
28.999999999578797,17.35235744187418,17.39556949613723,3328.6642190443413,4928.612750621521,0,14.999999999997232,1.0
29.01999999957804,17.349478066351963,17.393191369598988,3327.75416621442,4693.506177705272,0,14.999999999997232,1.0
29.039999999577283,17.347310818732996,17.36167310396454,3315.704622658184,4818.399696693815,0,14.999999999997232,1.0
29.059999999576526,17.345028923746856,17.36134141234253,3315.577931995116,5066.032856346681,0,14.999999999997232,1.0
29.07999999957577,17.343635025789755,17.398004414172735,3329.596133551314,4704.574664558605,0,14.999999999997232,1.0
29.09999999957501,17.34069338723128,17.369755463845742,3318.792453611789,4691.152869330006,0,14.999999999997232,1.0
29.119999999574254,17.338678944180614,17.349043037702938,3310.882237564757,4940.473077234268,0,14.999999999997232,1.0
29.139999999573497,17.33702314502993,17.3714989245187,3319.4587237300984,5006.1782340143145,0,14.999999999997232,1.0
29.15999999957274,17.334768260896393,17.384399736740537,3324.390896274629,4644.47493993376,0,14.999999999997232,1.0
29.179999999571983,17.332521301691163,17.351284786986255,3311.7379213501076,4698.072916230809,0,14.999999999997232,1.0
29.199999999571226,17.330398927247135,17.344750015639008,3309.243884155103,5001.784132365651,0,14.999999999997232,1.0
29.21999999957047,17.32917224724426,17.379807972644326,3322.634976825904,4794.462004843783,0,14.999999999997232,1.0
29.23999999956971,17.32630629654036,17.361321867829805,3315.570466982239,4668.2842766753,0,14.999999999997232,1.0
29.259999999568954,17.324587430394754,17.338123907623984,3306.7159469973462,4811.4547881012195,0,14.999999999997232,1.0
29.279999999568197,17.3226829492266,17.34983382659658,3311.1840719156644,5010.061212406608,0,14.999999999997232,1.0
29.29999999956744,17.321015778207826,17.374299601155567,3320.5291529378596,4632.07264327809,0,14.999999999997232,1.0
29.319999999566683,17.318524840096664,17.340806155092302,3307.739139193358,4656.302249885262,0,14.999999999997232,1.0
29.339999999565926,17.31680732937461,17.33120713915877,3304.0781499047075,4913.363598942806,0,14.999999999997232,1.0
29.35999999956517,17.315420524757883,17.359632703203978,3314.9253234916396,4899.847262293061,0,14.999999999997232,1.0
29.37999999956441,17.312952336115934,17.355179824956597,3313.2249343223857,4630.451666077745,0,14.999999999997232,1.0
29.399999999563654,17.311218657454553,17.32688463232007,3302.4302416790233,4691.8578880622035,0,14.999999999997232,1.0
29.419999999562897,17.30938800451122,17.331894700699458,3304.340313077473,4945.66512139599,0,14.999999999997232,1.0
29.43999999956214,17.308066016051992,17.36156981824409,3315.665172091405,4690.817188004405,0,14.999999999997232,1.0
29.459999999561383,17.305417943264214,17.33234620076889,3304.512473056385,4639.854990487474,0,14.999999999997232,1.0
29.479999999560626,17.304060540440677,17.318789257909007,3299.3450749585086,4795.111768529125,0,14.999999999997232,1.0
29.49999999955987,17.302454881648842,17.339240585160056,3307.141904770678,4941.002756473655,0,14.999999999997232,1.0
29.51999999955911,17.30052930043304,17.349388249427697,3311.0139989231784,4582.730937075242,0,14.999999999997232,1.0
29.539999999558354,17.29852087815763,17.315691028709608,3298.1647138190783,4619.918313203466,0,14.999999999997232,1.0
29.559999999557597,17.29705766198226,17.31682912892723,3298.598281885088,4875.232455247135,0,14.999999999997232,1.0
29.57999999955684,17.295780611634015,17.34615465464309,3309.779894330758,4789.183104449877,0,14.999999999997232,1.0
29.599999999556083,17.293265264158723,17.327381205140522,3302.619533710827,4611.478458892648,0,14.999999999997232,1.0
29.619999999555326,17.291971812087308,17.306335846117953,3294.601864604899,4679.060510111848,0,14.999999999997232,1.0
29.63999999955457,17.290396261192573,17.321012140184248,3300.192077164511,4901.594649188797,0,14.999999999997232,1.0
29.65999999955381,17.288897130882653,17.341720859318322,3308.0881059876783,4618.0327564307145,0,14.999999999997232,1.0
29.679999999553054,17.286582739474806,17.306609054504715,3294.7058866201105,4609.509120439667,0,14.999999999997232,1.0
29.699999999552297,17.285518391639325,17.302944775845944,3293.3108770757185,4770.734013520218,0,14.999999999997232,1.0
29.71999999955154,17.284120819065592,17.328682609022167,3303.1156506065,4863.129523558649,0,14.999999999997232,1.0
29.739999999550783,17.282006986607943,17.324510889566284,3301.5254531897085,4569.766335468758,0,14.999999999997232,1.0
29.759999999550026,17.280458050407233,17.294090876468424,3289.941371679032,4587.199210543053,0,14.999999999997232,1.0
29.77999999954927,17.279216419144692,17.304994332461757,3294.0911173118684,4828.428042089882,0,14.999999999997232,1.0
29.79999999954851,17.277915165342954,17.331115144029326,3304.043073491629,4692.336960365341,0,14.999999999997232,1.0
29.819999999547754,17.275507836499056,17.301806732804675,3292.877678412577,4589.4735868237285,0,14.999999999997232,1.0
29.839999999546997,17.27458090184579,17.289129115836463,3288.0538414247053,4660.943266386895,0,14.999999999997232,1.0
29.85999999954624,17.27321512337851,17.311276139663907,3296.483097420666,4852.973207551634,0,14.999999999997232,1.0
29.879999999545483,17.27152488522879,17.321096929218303,3300.224387145133,4566.678005661938,0,14.999999999997232,1.0
29.899999999544725,17.269590669726973,17.284049803947518,3286.1221538787204,4579.436706040433,0,14.999999999997232,1.0
29.91999999954397,17.268768351657304,17.289888617193448,3288.342732344511,4739.655082844732,0,14.999999999997232,1.0
29.93999999954321,17.26748655340811,17.317593448171355,3298.889471197622,4779.707996998013,0,14.999999999997232,1.0
29.959999999542454,17.265280053645665,17.300618277411694,3292.425320587827,4557.1121566055135,0,14.999999999997232,1.0
29.979999999541697,17.26414206779803,17.27562662618411,3282.9200286005353,4572.414117535984,0,14.999999999997232,1.0
29.99999999954094,17.263092607930098,17.294975172311357,3290.277828319529,4779.684685595695,0,14.999999999997232,1.0
