t,omega_hub,omega_gnd,tau_gen,T_max,n_slack,backline_payout,k_mppt_scale
0.019999999999999858,5.166080720461428,5.30043114038763,309.04027301390005,0.0,75,0.0,1.0
0.03999999999999904,5.175584549872124,5.268774935834027,305.35988256920143,0.0,75,0.0,1.0
0.05999999999999823,5.184039371220663,5.12667881695038,289.1111926138453,0.0,75,0.0,1.0
0.07999999999999742,5.191341066954963,4.945725766095601,269.0622368876411,0.0,75,0.0,1.0
0.0999999999999966,5.1973126729304715,4.762949150439751,249.54253070642224,0.0,75,0.0,1.0
0.11999999999999579,5.201950247488261,4.59700077021542,232.4565768949728,0.0,75,0.0,1.0
0.14000000000000018,5.205845472488481,4.455703438954771,218.3862244950471,0.0,75,0.0,1.0
0.1600000000000063,5.209053902265558,4.34025353563358,207.21580828937772,0.0,75,0.0,1.0
0.18000000000001243,5.211466516546178,4.249798654642214,198.66867465498655,0.0,75,0.0,1.0
0.20000000000001855,5.213031599179726,4.181566917955248,192.34052078271526,0.0,75,0.0,1.0
0.22000000000002468,5.2138992865742315,4.13222403934683,187.82803062491413,0.0,75,0.0,1.0
0.2400000000000308,5.214282246172725,4.098445127962238,184.76977713609148,0.0,75,0.0,1.0
0.26000000000003,5.214675094518438,4.076800843394326,182.8233562837076,0.0,75,0.0,1.0
0.28000000000002223,5.21528985082205,4.064047496089605,181.68130255519412,0.0,75,0.0,1.0
0.3000000000000145,5.215919703096633,4.0579702011334575,181.13834368615827,0.0,75,0.0,1.0
0.3200000000000067,5.21644701424391,4.056301064467963,180.9893615816432,0.0,75,0.0,1.0
0.33999999999999897,5.216860832185511,4.057745043833967,181.11824324835038,0.0,75,0.0,1.0
0.3599999999999912,5.217152920947627,4.06085795861893,181.39624096086578,0.0,75,0.0,1.0
0.37999999999998346,5.217409960904217,4.065076396276123,181.773307183174,0.0,75,0.0,1.0
0.3999999999999757,5.217642276045068,4.06990364537504,182.20527250900741,0.0,75,0.0,1.0
0.41999999999996795,5.217906539438549,4.075210140724121,182.68071460166777,0.0,75,0.0,1.0
0.4399999999999602,5.2181834251835255,4.08100308816414,183.20044826165773,0.0,75,0.0,1.0
0.45999999999995245,5.218591352536453,4.087378684633999,183.7733096276039,0.0,75,0.0,1.0
0.4799999999999447,5.219207242069844,4.094264308791096,184.3930025326469,0.0,75,0.0,1.0
0.49999999999993694,5.220003406988086,4.10164195817362,185.0581342835536,0.0,75,0.0,1.0
0.5199999999999569,5.220964598412352,4.110194804102075,185.83071460434462,0.0,75,0.0,1.0
0.5399999999999769,5.2221142690424776,4.120816990707949,186.7924593799805,0.0,75,0.0,1.0
0.559999999999997,5.223513922927679,4.134614097643373,188.04537110074457,0.0,75,0.0,1.0
0.580000000000017,5.225213502687311,4.152889994423651,189.7114483636248,0.0,75,0.0,1.0
0.600000000000037,5.227243031801433,4.176783424572889,191.90071753365515,0.0,75,0.0,1.0
0.620000000000057,5.229577183239468,4.207272219120409,194.71253478360603,0.0,75,0.0,1.0
0.640000000000077,5.232136531616788,4.244686861410174,198.1910320657097,0.0,75,0.0,1.0
0.660000000000097,5.234809457502861,4.288622637461506,202.31512539202012,0.0,75,0.0,1.0
0.680000000000117,5.237473566674551,4.337760586526004,206.97783596620266,0.0,75,0.0,1.0
0.700000000000137,5.240042931730849,4.389833931295126,211.9770613878502,0.0,75,0.0,1.0
0.720000000000157,5.242512387798836,4.441995076210807,217.04452282789157,0.0,75,0.0,1.0
0.740000000000177,5.2450340938000535,4.4910409735285155,221.8639392850315,0.0,75,0.0,1.0
0.760000000000197,5.247783198278186,4.533872113322397,226.1159597395875,0.0,75,0.0,1.0
0.780000000000217,5.250742665699272,4.568541988438265,229.58733490135802,0.0,75,0.0,1.0
0.800000000000237,5.253655821765233,4.594405216498183,232.19415222724288,0.0,75,0.0,1.0
0.820000000000257,5.25637058544661,4.611796057590802,233.95529164491074,0.0,75,0.0,1.0
0.840000000000277,5.2587909053250295,4.621442356566136,234.93502400569915,0.0,75,0.0,1.0
0.860000000000297,5.260818594442891,4.624546047228194,235.25068757227308,0.0,75,0.0,1.0
0.880000000000317,5.262367640878246,4.622647407922381,235.0575596376866,0.0,75,0.0,1.0
0.900000000000337,5.263325780958154,4.617195761022831,234.50346365167923,0.0,75,0.0,1.0
0.920000000000357,5.263615779476537,4.609604430271716,233.73298303938697,0.0,75,0.0,1.0
0.940000000000377,5.263155796795006,4.60083971299002,232.84498671088693,0.0,75,0.0,1.0
0.960000000000397,5.26227960282116,4.591830666733248,231.93399759147098,0.0,75,0.0,1.0
0.980000000000417,5.26125502976544,4.5826137278450965,231.00383436497765,0.0,75,0.0,1.0
1.000000000000437,5.26003946561089,4.5739066909887764,230.12684659659087,0.0,75,0.0,1.0
1.020000000000457,5.258767876246728,4.567131160707035,229.44555743011307,0.0,75,4.059726921668581e-12,1.0
1.040000000000477,5.257589025009041,4.562959216738834,229.02656494984063,0.0,75,2.4757866407987524e-10,1.0
1.060000000000497,5.2565450515481,4.562461397364755,228.9765940268791,0.0,75,2.6940931864452915e-9,1.0
1.080000000000517,5.255752803857848,4.566158453713889,229.34783326865096,0.0,75,1.447372250862084e-8,1.0
1.100000000000537,5.255376455169297,4.57447928060679,230.18446757570902,0.0,75,5.2821500586358155e-8,1.0
1.120000000000557,5.255376311328715,4.587561882892065,231.5029643230061,0.0,75,1.5095744100415674e-7,1.0
1.140000000000577,5.256352330407218,4.604423762450416,233.20790002639853,0.0,75,3.6446506747123114e-7,1.0
1.160000000000597,5.2574576729103155,4.624343052617647,235.23003535122405,0.0,75,7.778238185844464e-7,1.0
1.180000000000617,5.258738617452277,4.647246944572864,237.56594580226007,0.0,75,1.510832017362652e-6,1.0
1.200000000000637,5.260352864943787,4.670957637938591,239.99629780958549,0.0,75,2.7247237239996345e-6,1.0
1.220000000000657,5.262066534839603,4.693641767706736,242.33300347917333,0.0,75,4.627837099817187e-6,1.0
1.240000000000677,5.263789502369097,4.714852135642128,244.52813727066052,0.0,75,7.48073588961735e-6,1.0
1.260000000000697,5.265498341971501,4.733213445423573,246.43640471932338,0.0,75,1.1600720968703023e-5,1.0
1.280000000000717,5.267038246329498,4.748285448467727,248.008361701434,0.0,75,1.7365697034644824e-5,1.0
1.300000000000737,5.26871224468442,4.759595417607653,249.19123393242947,0.0,75,2.5217381668743318e-5,1.0
1.320000000000757,5.270303852098026,4.766752702794748,249.94124462561138,0.0,75,3.5663861177444345e-5,1.0
1.340000000000777,5.271702898665002,4.771349640908124,250.4235513537349,0.0,75,4.928151071932229e-5,1.0
1.360000000000797,5.272826195736135,4.773914333551699,250.69283870499396,0.0,75,6.671630596188384e-5,1.0
1.380000000000817,5.273561324280444,4.775043847096836,250.81148115867092,0.0,75,8.868456051129849e-5,1.0
1.400000000000837,5.273862528089527,4.774676353756167,250.77287711430114,0.0,75,0.00011597312813509529,1.0
1.420000000000857,5.273689840206158,4.772924725133179,250.58891474966396,0.0,75,0.00014943911178651246,1.0
1.440000000000877,5.2731074661051,4.769826668173131,250.26371088857152,0.0,75,0.0001900091230015401,1.0
1.460000000000897,5.2724621387586454,4.765668634702369,249.8275728936453,0.0,75,0.00023867813567709858,1.0
1.480000000000917,5.271788719393212,4.76058666129449,249.29503895664521,0.0,75,0.00029650797780108256,1.0
1.500000000000937,5.27105299995505,4.75626403624923,248.842523407696,0.0,75,0.000364625503598597,1.0
1.520000000000957,5.270349897951016,4.7536790648940395,248.57211117213055,0.0,75,0.0004442204869532681,1.0
1.540000000000977,5.269978305967507,4.753833948600641,248.5883093195476,0.0,75,0.0005365432749968675,1.0
1.560000000000997,5.269973106654216,4.756775497879698,248.8960445095151,0.0,75,0.0006429022385473952,1.0
1.580000000001017,5.27012480750957,4.763833365575413,249.6351916846652,0.0,75,0.0007646610537063292,1.0
1.600000000001037,5.270315638339274,4.775068641447485,250.8140858358865,0.0,75,0.000903235846472746,1.0
1.620000000001057,5.270373719465806,4.789653350280318,252.34857137436623,0.0,75,0.0010600922297531652,1.0
1.640000000001077,5.270236682175179,4.805734702713412,254.04594636150364,0.0,75,0.001236742259686324,1.0
1.660000000001097,5.269850315513361,4.821151398720783,255.678508903261,0.0,75,0.0014347413357962927,1.0
1.680000000001117,5.269440312754365,4.834057892168648,257.0492727532179,0.0,75,0.0016556850671614316,1.0
1.700000000001137,5.269187836178779,4.842811276058569,257.98103161072027,0.0,75,0.0019012061245596951,1.0
1.720000000001157,5.268980115559784,4.847655159090094,258.4973659559808,0.0,75,0.0021729710964360086,1.0
1.740000000001177,5.26882202181158,4.849670116149759,258.71230259023616,0.0,75,0.002472677364543395,1.0
1.760000000001197,5.26903090306503,4.849818440089474,258.72812792015094,0.0,75,0.002802050013241326,1.0
1.780000000001217,5.269774379869416,4.848814000025142,258.62096927523794,0.0,75,0.0031628387846939538,1.0
1.800000000001237,5.270780240132363,4.849077281125529,258.6490552616053,0.0,75,0.0035568150905976046,1.0
1.820000000001257,5.271956205551881,4.852385710871364,259.00211795775454,0.0,75,0.003985769089578267,1.0
1.840000000001277,5.273131110166575,4.859225413246374,259.7327877841334,0.0,75,0.00445150683803297,1.0
1.860000000001297,5.274183461566942,4.869071701811014,260.7864516111448,0.0,75,0.0049558475209386665,1.0
1.880000000001317,5.275007009942201,4.880621857719231,262.02516689851393,0.0,75,0.005500620768013466,1.0
1.900000000001337,5.275525834309289,4.892387845074459,263.2900470929554,0.0,75,0.006087664059582224,1.0
1.920000000001357,5.275716533294396,4.9028410632741055,264.4163554089944,0.0,75,0.0067188202255650635,1.0
1.940000000001377,5.27554349814345,4.910891651937315,265.28542498774374,0.0,75,0.007395935040167326,1.0
1.960000000001397,5.275098281462911,4.915910039872944,265.82788672135973,0.0,75,0.00812085491409676,1.0
1.980000000001417,5.274795892472035,4.917410119762269,265.9901451453441,0.0,75,0.008895424685461704,1.0
2.000000000001437,5.274623106022332,4.915901846907539,265.8270006527184,0.0,75,0.009721485509906988,1.0
2.020000000001346,5.2746111769414945,4.913495688716719,265.5668387134157,0.0,75,0.01060087285001654,1.0
2.040000000001255,5.2747376438257785,4.911634986283268,265.3657406233002,0.0,75,0.01153541456354717,1.0
2.060000000001164,5.274924503284401,4.911485209029306,265.34955654365007,0.0,75,0.012526929089651636,1.0
2.080000000001073,5.275106138983479,4.913528958537695,265.57043509027375,0.0,75,0.013577223731896394,1.0
2.100000000000982,5.275199123722888,4.917439036442085,265.99327344836905,0.0,75,0.014688093036574415,1.0
2.120000000000891,5.275121494065392,4.922573986218287,266.54908114772303,0.0,75,0.015861317264552824,1.0
2.1400000000008,5.274863527769781,4.927804644110479,267.11584471568483,0.0,75,0.01709866095467431,1.0
2.160000000000709,5.274437865560942,4.932106072027947,267.5823733630844,0.0,75,0.01840187157654639,1.0
2.180000000000618,5.273878200471939,4.934712351431241,267.8652459050485,0.0,75,0.01977267827039978,1.0
2.200000000000527,5.2732142288116375,4.935244609917425,267.92303295690897,0.0,75,0.021212790671573858,1.0
2.220000000000436,5.272957207868287,4.933627720998438,267.7475073834467,0.0,75,0.022723897817090166,1.0
2.240000000000345,5.272967549819175,4.930240765550612,267.3800140692679,0.0,75,0.02430766713169972,1.0
2.260000000000254,5.2731669166954935,4.927412729615297,267.07335828772364,0.0,75,0.025965743490737495,1.0
2.280000000000163,5.273496995405751,4.926160856917473,266.9376686704848,0.0,75,0.027699748357081683,1.0
2.3000000000000718,5.273848425703571,4.926947934193139,267.0229754087504,0.0,75,0.02951127898949666,1.0
2.3199999999999807,5.274153677661477,4.929784088572246,267.330482759341,0.0,75,0.03140190771963333,1.0
2.3399999999998897,5.274351179768339,4.934032800366263,267.7914764259916,0.0,75,0.03337318129496954,1.0
2.3599999999997987,5.274416720765035,4.939260123901472,268.359196287195,0.0,75,0.03542662028499064,1.0
2.3799999999997077,5.274329398824381,4.944827393379849,268.96449745351725,0.0,75,0.037563718547938316,1.0
2.3999999999996167,5.274038062914679,4.950352700591919,269.5659104628348,0.0,75,0.03978594275549388,1.0
2.4199999999995256,5.2737467451382685,4.955374991194146,270.1131543368762,0.0,75,0.04209473197280293,1.0
2.4399999999994346,5.273406518593121,4.959304854569775,270.54175104615274,0.0,75,0.044491497291299004,1.0
2.4599999999993436,5.27304794612356,4.962508934391772,270.8914441630997,0.0,75,0.04697762151183672,1.0
2.4799999999992526,5.272777298393208,4.96472641421845,271.1335920484223,0.0,75,0.04955445887570408,1.0
2.4999999999991616,5.272501379899122,4.966168315572674,271.29110512457726,0.0,75,0.05222333484114353,1.0
2.5199999999990705,5.272228073142987,4.9674057057107674,271.4263138964068,0.0,75,0.05498554590307674,1.0
2.5399999999989795,5.2719290766891245,4.968459327866091,271.54146901925526,0.0,75,0.05784235945379226,1.0
2.5599999999988885,5.271587895519967,4.969701064453952,271.6772153703822,0.0,75,0.060795013682425424,1.0
2.5799999999987975,5.271228223682865,4.971259583647888,271.8476403281207,0.0,75,0.0638447175111244,1.0
2.5999999999987065,5.270830357254375,4.973384272715633,272.0800623650473,0.0,75,0.06699265056587016,1.0
2.6199999999986154,5.270389079625769,4.976154193050735,272.3832160831805,0.0,75,0.07023996317998228,1.0
2.6399999999985244,5.27002093215709,4.979385200003536,272.7370466701568,0.0,75,0.07358777642841596,1.0
2.6599999999984334,5.2698839256359955,4.982604762625052,273.0898524258724,0.0,75,0.07703718219102258,1.0
2.6799999999983424,5.269868294566961,4.986140665972372,273.47758614949754,0.0,75,0.08058924324301359,1.0
2.6999999999982514,5.269916627904874,4.990111406445568,273.91333033611977,0.0,75,0.08424499337093785,1.0
2.7199999999981603,5.2699525816916,4.994091714422034,274.3504725726469,0.0,75,0.08800543751254356,1.0
2.7399999999980693,5.269952498040943,4.997425741488174,274.71690445857485,0.0,75,0.09187155191897062,1.0
2.7599999999979783,5.2699310502296,4.999453162981253,274.9398512172759,0.0,75,0.09584428433776958,1.0
2.7799999999978873,5.269832297703576,5.000188762896735,275.02076431058657,0.0,75,0.0999245542153211,1.0
2.7999999999977963,5.269677185069908,5.00002469348913,275.0027162905117,0.0,75,0.1041132529172783,1.0
2.8199999999977052,5.269456110742373,4.999524544786787,274.9477024131809,0.0,75,0.10841124396572346,1.0
2.839999999997614,5.269240744106103,4.9994470324690194,274.9391769350961,0.0,75,0.11281936329178063,1.0
2.859999999997523,5.269127617403328,5.00019524131981,275.02147696449,0.0,75,0.11733841950249065,1.0
2.879999999997432,5.26907887224325,5.002569043122438,275.28266734327644,0.0,75,0.1219691941608011,1.0
2.899999999997341,5.269065322871823,5.006814065950096,275.7500580009531,0.0,75,0.1267124420775832,1.0
2.91999999999725,5.2690380643912595,5.01256679266303,276.3840843599895,0.0,75,0.13156889161463817,1.0
2.939999999997159,5.268958876814455,5.018978068915531,277.09154941880576,0.0,75,0.1365392449977015,1.0
2.959999999997068,5.268796904625013,5.024915471818315,277.7475304881099,0.0,75,0.14162417863850588,1.0
2.979999999996977,5.268540006506582,5.029423560847926,278.24611489853453,0.0,75,0.14682434346501225,1.0
2.999999999996886,5.26819689779114,5.03180599196002,278.50978694797243,0.0,75,0.15214036525894833,1.0
3.019999999996795,5.267822919255721,5.031894462255706,278.5195806720761,0.0,75,0.157572844999865,1.0
3.039999999996704,5.267461207608675,5.030092046815011,278.3200859937479,0.0,75,0.16312235921493043,1.0
3.059999999996613,5.267237509347038,5.0272874985618445,278.0098155251583,0.0,75,0.1687894603337489,1.0
3.079999999996522,5.267128641295324,5.024634201717951,277.7164374718117,0.0,75,0.1745746770475094,1.0
3.099999999996431,5.267122971697999,5.02335044461769,277.5745465838482,0.0,75,0.1804785146718212,1.0
3.11999999999634,5.267182344454442,5.023977238061012,277.64382017410674,0.0,75,0.18650145551262354,1.0
3.139999999996249,5.2672676110789975,5.026571475720576,277.93062880580504,0.0,75,0.19264395923458202,1.0
3.159999999996158,5.267339044456624,5.030731252991357,278.39082633806385,0.0,75,0.19890646323143357,1.0
3.179999999996067,5.267362893845812,5.035830087343273,278.9554313545093,0.0,75,0.20528938299776317,1.0
3.199999999995976,5.267314382136768,5.041140437098551,279.54406597205184,0.0,75,0.2117931125017227,1.0
3.219999999995885,5.26718020070042,5.0459834579839224,280.0814396407212,0.0,75,0.2184180245582397,1.0
3.239999999995794,5.266998481031529,5.049854830422,280.5113718917005,0.0,75,0.22516447120228544,1.0
3.259999999995703,5.266787241922924,5.052479494351761,280.8030394492953,0.0,75,0.2320327840618017,1.0
3.2799999999956118,5.266568142011511,5.053994678376572,280.9714842996458,0.0,75,0.2390232747299055,1.0
3.2999999999955207,5.266358482175905,5.054637332403666,281.0429441834173,0.0,75,0.2461362351360194,1.0
3.3199999999954297,5.266171131487405,5.054738969552605,281.05424655345104,0.0,75,0.2533719379156001,1.0
3.3399999999953387,5.26601275106263,5.054645510078382,281.04385355811104,0.0,75,0.2607306367781539,1.0
3.3599999999952477,5.265884217916632,5.054683444429985,281.04807195734037,0.0,75,0.2682125668732491,1.0
3.3799999999951567,5.265782101463342,5.055134529422263,281.0982362161297,0.0,75,0.27581794515426666,1.0
3.3999999999950656,5.265700207203077,5.056198946270021,281.2166256268827,0.0,75,0.2835469707396282,1.0
3.4199999999949746,5.26563136031172,5.057986372843924,281.4154876266232,0.0,75,0.29139982527128083,1.0
3.4399999999948836,5.265567575938809,5.060490238383974,281.69417598057436,0.0,75,0.29937667327022144,1.0
3.4599999999947926,5.265501230536369,5.06359708966244,282.0401703508172,0.0,75,0.3074776624888628,1.0
3.4799999999947016,5.265425361489397,5.06710191403774,282.4307398796942,0.0,75,0.31570292426006347,1.0
3.4999999999946105,5.265334509404794,5.070740273689025,282.83647615533033,0.0,75,0.3240525738426495,1.0
3.5199999999945195,5.265225383288309,5.07423290092664,283.2262348613103,0.0,75,0.332526710763284,1.0
3.5399999999944285,5.265097166087665,5.077336509416371,283.5728063283766,0.0,75,0.3411254191545347,1.0
3.5599999999943375,5.2649513982964615,5.079888640955472,283.8579546495928,0.0,75,0.3498487680890247,1.0
3.5799999999942465,5.264791364271932,5.081835978314341,284.07562601539087,0.0,75,0.3586968119095449,1.0
3.5999999999941554,5.264621502605501,5.083240306452042,284.2326521445252,0.0,75,0.36766959055502263,1.0
3.6199999999940644,5.264446901148312,5.084259907248725,284.346686849025,0.0,75,0.3767671298822687,1.0
3.6399999999939734,5.2642728052037056,5.085113933714554,284.442220907437,0.0,75,0.38598944198339774,1.0
3.6599999999938824,5.264103644550021,5.086035685240179,284.5453489069019,0.0,75,0.39533652549887766,1.0
3.6799999999937913,5.2639421308812775,5.0872267680411545,284.67863808421896,0.0,75,0.40480836592611935,1.0
3.6999999999937003,5.263788387386821,5.088820726466431,284.8570602472577,0.0,75,0.4144049359235689,1.0
3.7199999999936093,5.2636396641386956,5.090862652425944,285.0857080045185,0.0,75,0.4241261956102512,1.0
3.7399999999935183,5.263490905096997,5.093306895534519,285.35952645309425,0.0,75,0.4339720928607279,1.0
3.7599999999934273,5.263335896294475,5.096035224013552,285.6653250482554,0.0,75,0.44394256359543055,1.0
3.7799999999933362,5.263168581803776,5.098889137004909,285.9853747461334,0.0,75,0.4540375320663593,1.0
3.7999999999932452,5.262984215314072,5.101707946087799,286.3016636389293,0.0,75,0.4642569111381174,1.0
3.819999999993154,5.262780077713351,5.104362400827187,286.5996707087611,0.0,75,0.4746006025642723,1.0
3.839999999993063,5.262555781899282,5.106776498473807,286.87082825900836,0.0,75,0.48506849725904166,1.0
3.859999999992972,5.262313344862659,5.108930024150527,287.1128259083338,0.0,75,0.4956604755642976,1.0
3.879999999992881,5.262054825373728,5.11085595806607,287.32933486509387,0.0,75,0.5063764075118975,1.0
3.89999999999279,5.261783856274751,5.112631605481002,287.5290212669957,0.0,75,0.5172161530813552,1.0
3.919999999992699,5.261502539585103,5.114345547268398,287.72183414550494,0.0,75,0.5281795624528387,1.0
3.939999999992608,5.261210526657005,5.116080003929704,287.91702067270296,0.0,75,0.5392664762555647,1.0
3.959999999992517,5.260906221307766,5.117878454927554,288.1194786735282,0.0,75,0.5504767258115558,1.0
3.979999999992426,5.26058542836274,5.119744619817998,288.32963469370867,0.0,75,0.5618101333748072,1.0
3.999999999992335,5.260243872258065,5.12135297148953,288.510818844431,0.0,75,0.5732665123659146,1.0
4.019999999992466,5.259871276805981,5.122545730870039,288.6452224134035,0.0,75,0.5848456676021471,1.0
4.039999999992597,5.259468766735597,5.123474689158083,288.74992179487873,0.0,75,0.5965473955230425,1.0
4.059999999992728,5.259048714822071,5.12453060978755,288.86895367714516,0.0,75,0.6083714844115339,1.0
4.079999999992859,5.258617474928749,5.12639474467722,289.0791538607964,0.0,75,0.6203177146106584,1.0
4.09999999999299,5.25818370049246,5.129454608992704,289.42435044288146,0.0,75,0.6323858587358914,1.0
4.119999999993121,5.257749168305583,5.133839279581299,289.91936323429013,0.0,75,0.644575681883137,1.0
4.139999999993252,5.2573091373710845,5.139211332318481,290.52642430053766,0.0,75,0.6568869418324388,1.0
4.159999999993383,5.256851281396258,5.144841246785622,291.16330600089293,0.0,75,0.6693193892474386,1.0
4.179999999993514,5.256385901341966,5.149550876429802,291.69661651832837,0.0,75,0.6818727678706467,1.0
4.199999999993645,5.255933331002946,5.153139758432265,292.1033430692887,0.0,75,0.6945468147145633,1.0
4.219999999993776,5.255425424976277,5.155272302319561,292.3451576216955,0.0,75,0.7073412602487053,1.0
4.239999999993907,5.254829165000281,5.155209628603863,292.3380494633498,0.0,75,0.7202558285826035,1.0
4.259999999994038,5.254123265931882,5.153643583561148,292.16046405019085,0.0,75,0.7332902376447912,1.0
4.279999999994169,5.253350687715602,5.152049958630088,291.9798065384232,0.0,75,0.7464441993578811,1.0
4.2999999999943,5.252555851179369,5.15214796864906,291.990915599401,0.0,75,0.7597174198097479,1.0
4.319999999994431,5.2517404303484865,5.154795859592401,292.2911238947805,0.0,75,0.7731095994208926,1.0
4.339999999994562,5.250920620982308,5.160122393716376,292.8954942994655,0.0,75,0.7866204331080388,1.0
4.3599999999946935,5.250164832815185,5.166576502703096,293.6286403411213,0.0,75,0.8002496104440255,1.0
4.3799999999948245,5.24963849324505,5.175916295967237,294.69120453145126,0.0,75,0.8139968158140349,1.0
4.3999999999949555,5.249227829521446,5.18938603103122,296.22700116968156,0.0,75,0.82786172856823,1.0
4.4199999999950865,5.248903461540774,5.2056052245106,298.0815832879726,0.0,75,0.8418440231708589,1.0
4.4399999999952176,5.248724486751236,5.227984515881149,300.65004308122354,0.0,75,0.8559433693458679,1.0
4.459999999995349,5.248570226555844,5.256829291902482,303.9767962462435,0.0,75,0.8701594322190966,1.0
4.47999999999548,5.248377131493229,5.287540581437555,307.5389394038389,0.0,75,0.8844918724571156,1.0
4.499999999995611,5.2480472034501835,5.314610274669726,310.69590608787524,0.0,75,0.8989403464027376,1.0
4.519999999995742,5.247523194830467,5.332575610764582,312.7999890897338,0.0,75,0.9135045062073002,1.0
4.539999999995873,5.246742829182632,5.335884588560688,313.1883077668341,0.0,75,0.9281839999597405,1.0
4.559999999996004,5.2457927879939055,5.323105848786576,311.6900146512444,0.0,75,0.9429784718125408,1.0
4.579999999996135,5.2452699744564955,5.313199559008017,310.53098509227283,0.0,75,0.9578875621045942,1.0
4.599999999996266,5.245448298015618,5.327789758864682,312.2387808612973,0.0,75,0.9729109074810532,1.0
4.619999999996397,5.245761291918319,5.349964580042315,314.84333108478074,0.0,75,0.9880481410102111,1.0
4.639999999996528,5.246115136020921,5.3740599751218365,317.68572677827166,0.0,75,1.0032988922974633,1.0
4.659999999996659,5.2465491862822535,5.403911090440731,321.22480580727165,0.0,75,1.0186627875964378,1.0
4.67999999999679,5.2470454914452835,5.436970854823939,325.16717283825454,0.0,75,1.0341394499173002,1.0
4.699999999996921,5.247351252911099,5.464211036272413,328.43362473813363,0.0,75,1.049728499132337,1.0
4.719999999997052,5.24753372051268,5.48988641930163,331.5273818651572,0.0,75,1.0654295520788402,1.0
4.739999999997183,5.2484809129988115,5.57399008262504,341.76301985322533,0.31161764200946096,75,1.0812422226593523,1.0
4.759999999997314,5.251560376615552,5.8163791068811435,372.1329250645984,0.3830953932982798,75,1.0971661219393347,1.0
4.779999999997445,5.257090820447654,6.2488527705067565,429.52977042216963,0.0,75,1.113200858242297,1.0
4.799999999997576,5.264974837894357,6.8053002938387115,509.4332329825338,0.8746836285286863,75,1.1293460372424595,1.0
4.819999999997707,5.274113874158279,7.335406320875537,591.8900448157485,0.0,75,1.1456012620549785,1.0
4.839999999997838,5.2834507945039295,7.63040280541159,640.4535167011636,0.0,75,1.1619661333237965,1.0
4.859999999997969,5.290750654848336,7.5545578682666665,627.7847904348878,0.0,75,1.1784402493071637,1.0
4.8799999999981,5.29568789031146,7.113259268233595,556.5830315882225,70.99094168274763,74,1.1950231892038006,1.0
4.899999999998231,5.299745218048571,6.490052628051452,463.32861426365315,4.783790884386306,75,1.2116895384499542,1.0
4.919999999998362,5.30116142622817,5.964925235564013,391.3836637245523,172.4844263235861,74,1.2283359383374293,1.0
4.939999999998493,5.299601775128798,5.647150567329866,350.79340483103425,1394.50082555429,74,1.2448515634128403,1.0
4.959999999998624,5.299654188036958,5.670423276642319,353.69070149915717,2462.200140188373,73,1.2611216929984512,1.0
4.979999999998755,5.302107811196805,6.0253243989500405,399.3498752384093,4162.104665657773,73,1.2771740391864284,1.0
4.999999999998886,5.306550756664632,6.619959201987182,482.0624581957225,5504.919844206521,73,1.2931010690821019,1.0
5.019999999999017,5.313133790541276,7.227765083562854,574.6464691348739,6139.1294855907145,74,1.3089794817630913,1.0
5.039999999999148,5.320773135648561,7.667508195724564,646.6975012465371,5683.339081744339,74,1.324870839886905,1.0
5.059999999999279,5.328137777164245,7.752773427818155,661.1604540539158,4084.8082341987783,74,1.3407976366953265,1.0
5.07999999999941,5.335240938797574,7.453389083830162,611.0830971845448,2041.1949283227898,74,1.3566555853832305,1.0
5.099999999999541,5.341860247588177,6.831856948622002,513.4169630307821,49.526789951019346,74,1.3722872347726358,1.0
5.119999999999672,5.34818399520954,6.189395303291897,421.3947564245297,108.8316511522373,74,1.3875675447951283,1.0
5.139999999999803,5.352999290066262,5.651168393295461,351.29274630319765,20.119614222179653,73,1.40240703151797,1.0
5.159999999999934,5.3557573459245384,5.194864365146862,296.85277349499984,43.78727638178881,73,1.4167548956138765,1.0
5.180000000000065,5.354403805522153,4.831449993630175,256.7719994504391,89.90861962507068,72,1.430534712205167,1.0
5.2000000000001965,5.352196967280994,4.607427835556622,233.51230385848174,425.63639192514194,72,1.4436863902588306,1.0
5.2200000000003275,5.354357495434845,5.199651791591634,297.40016629182304,493.5811028915836,73,1.4562643317428305,1.0
5.2400000000004585,5.359334669017918,6.18727897774434,421.1066326328075,482.72358643466276,73,1.4685078116025878,1.0
5.2600000000005895,5.3669657743880155,7.2088958271373205,571.6499695116967,386.2432282054395,73,1.4806336216561427,1.0
5.280000000000721,5.374955314296751,7.723779917016039,656.2245382715031,533.515301140023,72,1.4928129306669236,1.0
5.300000000000852,5.380838799941548,7.54946180527349,626.9381090421159,652.7406760120604,72,1.5051790321018388,1.0
5.320000000000983,5.385130490070801,6.8228735400065865,512.0676367721421,684.9851043980111,72,1.5178273465642167,1.0
5.340000000001114,5.388961784199495,6.17082368528031,418.86971450298114,451.12590136319653,72,1.5306977590354534,1.0
5.360000000001245,5.389752226229257,5.556019601681835,339.56289195700055,480.2593560502406,72,1.5436753266430883,1.0
5.380000000001376,5.382841964528814,5.092941733278432,285.3186104842604,781.5809620699532,73,1.5566314364728182,1.0
5.400000000001507,5.374262234248589,4.731129738076589,246.21947458363923,1066.1522251345818,72,1.5693960787830206,1.0
5.420000000001638,5.36799091861396,4.450603130774877,217.88655050429452,767.3274860755238,70,1.5818424204233217,1.0
5.440000000001769,5.365276133919283,4.4537213716506985,218.19197461927996,496.4069658908074,71,1.5938958826325396,1.0
5.4600000000019,5.3695677707487866,4.8576982499649235,259.5695551648351,849.2848251332041,72,1.6056437577555838,1.0
5.480000000002031,5.375309926291288,5.7676282951600255,365.92089766243595,1324.3126094640972,73,1.6173250287375407,1.0
5.500000000002162,5.383511512454569,6.467580520105299,460.12557562450087,1082.4860631387867,72,1.629139990907526,1.0
5.520000000002293,5.3888020524353255,6.691498963580723,492.5377421756208,715.4561258445729,72,1.6412431642282361,1.0
5.540000000002424,5.390945138655432,6.24429377408692,428.9032521081073,809.5353487978806,72,1.65374979987387,1.0
5.560000000002555,5.392537995616125,5.695930037828931,356.87980895426074,1349.2192078539863,72,1.6666479839620891,1.0
5.580000000002686,5.389827461664513,5.1618065977455,293.08672087781866,1537.174241528441,72,1.6798001422330282,1.0
5.600000000002817,5.380969286193325,4.755245820791898,248.73599097774692,1220.0469516872433,72,1.6930528221561354,1.0
5.620000000002948,5.373543141504766,4.436765663169595,216.53378504868812,1232.7998830303095,70,1.7062151103515726,1.0
5.640000000003079,5.379651763589656,4.179763103354712,192.1746156018195,875.0916267174841,69,1.7191306486509252,1.0
5.66000000000321,5.385966783356755,3.9813028519861553,174.35849639156402,1113.448322120009,68,1.7316796321021506,1.0
5.680000000003341,5.387048728378098,4.367082216538743,209.78547794609838,5650.351816415868,66,1.743798396236076,1.0
5.700000000003472,5.389817382993131,5.219283780042488,299.65015494276065,7251.78289309844,67,1.7554720139430269,1.0
5.720000000003603,5.3954918203573765,6.200686451121211,422.93363711629974,7383.542003019748,67,1.7666806836246458,1.0
5.740000000003734,5.400275079132357,6.798918151239273,508.47816829975943,5444.470083509258,66,1.7773828363458222,1.0
5.760000000003865,5.4010347689900815,6.748468138977671,500.96004445076426,1531.2235989318467,66,1.7875421775443208,1.0
5.780000000003996,5.400045408498343,6.147827095223558,415.75355792041427,1278.5007731587477,65,1.797137693740956,1.0
5.800000000004127,5.3956895905087725,5.597136169290876,344.6072662734256,1469.0260525115482,63,1.8061610429742094,1.0
5.820000000004258,5.38641306962863,5.091844925361988,285.19573218328094,1186.5989421502625,72,1.8146136650015139,1.0
5.840000000004389,5.376464847542248,4.7105351308691334,244.08055341067512,840.4127350867053,70,1.822504799517967,1.0
5.86000000000452,5.380529415636878,4.395846970648244,212.5581764829308,768.6910533302815,71,1.829849217039758,1.0
5.880000000004651,5.3915127370709275,4.121308113459341,186.8369862267237,1098.1664682720427,68,1.8366660026724142,1.0
5.900000000004782,5.38977550597568,3.9641724443841313,172.86129485695906,1492.4167440768686,69,1.8429851666501826,1.0
5.920000000004913,5.3839448047810805,4.606874771979471,233.45624681170995,5913.613451203846,69,1.8488842103125893,1.0
5.940000000005044,5.384060668708799,5.383404104361651,318.79143725943663,6585.821546996586,69,1.8544390154753112,1.0
5.960000000005175,5.387138668007762,6.088588126273705,407.7799590854126,5604.4894382368475,70,1.859683325523741,1.0
5.980000000005306,5.3880230734142165,6.438002525412727,455.92664168942713,3623.9138482215826,69,1.8646170960685036,1.0
6.000000000005437,5.385150456222977,6.181062988247208,420.26093631147455,558.2331871517848,67,1.8692405392021454,1.0
6.0200000000055685,5.378876483471025,5.6623640385308995,352.68603155332755,650.304771594735,68,1.8735582660800905,1.0
6.0400000000056995,5.370083326246666,5.193391209236464,296.6844347739204,1001.5898393049756,67,1.8775780823531723,1.0
6.0600000000058305,5.357451242655556,4.778036547309522,251.12596572168053,1603.5095172136469,73,1.881310291537806,1.0
6.0800000000059615,5.351543945265381,4.449227196856072,217.75184914168116,1288.7688354607367,73,1.8847670035761934,1.0
6.1000000000060925,5.3584757316517635,4.171604826975174,191.42515515686827,845.5784986590058,71,1.8879612754192727,1.0
6.120000000006224,5.368160058714973,3.92707577285652,169.64116538332297,561.4023170677923,68,1.890906973773364,1.0
6.140000000006355,5.365672596480022,4.000903763276845,176.07954015303105,3348.0503032812144,73,1.8936295723580523,1.0
6.160000000006486,5.3626028543897055,4.661132470213743,238.98771495368956,6191.409876918714,73,1.896236117896678,1.0
6.180000000006617,5.365492248725965,5.5015115467926154,332.9329222944172,7319.8910711481185,73,1.8989723143507637,1.0
6.200000000006748,5.367029488123254,6.127235453045667,412.97315726765726,5967.186246300009,72,1.9021485866886993,1.0
6.220000000006879,5.3658074492373355,6.425637252153869,454.17695505894284,3611.532948509613,72,1.906029364031409,1.0
6.24000000000701,5.359678537096384,6.1647639948210955,418.04746623026807,364.5652718213949,73,1.9106552508252217,1.0
6.260000000007141,5.351342261326582,5.6879500196344885,355.8805296844598,534.6421927166489,72,1.9159749886678241,1.0
6.280000000007272,5.340412486241935,5.213086211130523,298.93894629147115,22.890735148593503,74,1.9219238261340108,1.0
6.300000000007403,5.3261681329780535,4.824633652562683,256.04798869584374,139.59025345899377,73,1.928359616565514,1.0
6.320000000007534,5.3196838853563575,4.4992482584814715,222.6755838059341,298.7985273538688,73,1.9350996478295612,1.0
6.340000000007665,5.3266017798864125,4.213491463132168,195.2886134087642,507.74645350235124,72,1.9419911010085733,1.0
6.360000000007796,5.334579043796515,3.9922050385675227,175.31471176960306,1787.8462660097957,69,1.948925717985468,1.0
6.380000000007927,5.332032624787664,4.437987946645388,216.65310716026727,6360.296449197344,70,1.9558736588197285,1.0
6.400000000008058,5.328375886654195,5.191616967842098,296.48175414864573,7978.205690676142,69,1.962930501406817,1.0
6.420000000008189,5.332641717722595,6.116098513457604,411.47327128950144,8580.79131188746,69,1.9701154616170586,1.0
6.44000000000832,5.334537511353188,6.808994174069542,509.9864182876426,7155.5779147781595,69,1.9773643292754752,1.0
6.460000000008451,5.335511905545382,7.0722715703182955,550.1872768076565,4152.927376329955,66,1.9845729507578684,1.0
6.480000000008582,5.332458399414188,6.796351300426668,508.0943009869239,889.564765503084,67,1.991649882897756,1.0
6.500000000008713,5.3295800667236986,6.236053438433354,427.771987356961,413.2532839903384,67,1.998525694277966,1.0
6.520000000008844,5.322895445984628,5.72899772257546,361.0355639580228,238.77324948701806,71,2.0051492100705364,1.0
6.540000000008975,5.31506336195509,5.2858728417183265,307.34496868696914,379.66178106328084,72,2.0114844072981803,1.0
6.560000000009106,5.318152993123809,4.921621060608218,266.44589250644594,157.07541962674617,72,2.01750709156018,1.0
6.580000000009237,5.331859840116933,4.607355844175551,233.50500662344461,452.7868774873141,71,2.023202724285465,1.0
6.600000000009368,5.345195389330722,4.433390980481185,216.20451144393118,1816.309582860578,70,2.028570873679179,1.0
6.620000000009499,5.340171363734981,5.09497323866006,285.546275329284,7002.972001485029,69,2.0336832336372153,1.0
6.64000000000963,5.329245801325918,5.919875232676135,385.49415047497547,8178.208768363917,68,2.0385671232617177,1.0
6.660000000009761,5.328867906570408,6.763228596504627,503.1538715343574,7742.396763853691,70,2.043205942870893,1.0
6.680000000009892,5.327451914321183,7.272228234933859,581.7383385106616,5821.433423752618,69,2.0475894647225394,1.0
6.700000000010023,5.329448594936084,7.261236891607111,579.9811731563972,2614.5129529674045,67,2.051713295405496,1.0
6.720000000010154,5.330856967297566,6.730681709995768,498.3228390939871,125.82198577043746,65,2.0555776402553674,1.0
6.740000000010285,5.332166703199403,6.1626688815888135,417.7633651851343,628.0214771410683,65,2.0591862782742942,1.0
6.760000000010416,5.331092550403286,5.596134623489194,344.48394996635994,181.69533645557888,71,2.0625457868545305,1.0
6.780000000010547,5.329786371209875,5.174241785483296,294.500558601055,158.4148498360254,70,2.065664933338103,1.0
6.800000000010678,5.340872067684246,4.813113698158537,254.8266981854148,318.18622633437116,74,2.068553662367043,1.0
6.820000000010809,5.36542385711439,4.498906437078821,222.64175042548177,349.3875465455822,72,2.0712229320037245,1.0
6.84000000001094,5.3758904680501765,4.332713715281308,206.49648952445432,1463.0681136696217,70,2.0736877019988564,1.0
6.8600000000110715,5.359688836020367,4.959082555680555,270.5174977346071,5379.6429383614195,70,2.0760100465320805,1.0
6.8800000000112025,5.338825849079846,5.699280365530476,357.29976353413315,5722.29067505208,70,2.0782586657034003,1.0
6.9000000000113335,5.3325583806667565,6.380306793837627,447.7914626183964,4738.831885759465,72,2.0804707036190395,1.0
6.9200000000114645,5.327319942052641,6.674111272384375,489.98137403785,3054.63084651922,71,2.0826292509154025,1.0
6.940000000011596,5.3267288050525625,6.458676793116184,458.85956509731307,566.8012213409144,72,2.0847168983406457,1.0
6.960000000011727,5.3261681167264605,5.926999188581171,386.4225131958604,100.23909810737847,71,2.086737883737383,1.0
6.980000000011858,5.325069667303839,5.433561564159294,324.7595039866011,235.26134249718237,72,2.088696308489855,1.0
7.000000000011989,5.321190631889219,4.978539313165736,272.6443906201043,119.3625994742894,71,2.090595262594965,1.0
7.02000000001212,5.3198058352491255,4.635135317865368,236.32927356415172,62.21975108693705,71,2.0924348149452396,1.0
7.040000000012251,5.331305043942703,4.340949537988348,207.28227180497382,290.90238688721166,72,2.0942074494973166,1.0
7.060000000012382,5.356450484144287,4.069291649676592,182.15047983140408,470.87900218403985,71,2.0959042452225654,1.0
7.080000000012513,5.360960014830287,4.005577068736618,176.49112418947502,2424.9904228377613,72,2.0975238726354846,1.0
7.100000000012644,5.342958024245511,4.736734187371576,246.80315837996136,6006.36859290705,72,2.099140003945758,1.0
7.120000000012775,5.326365871864382,5.626510531305383,348.23382834779426,6268.184222789039,72,2.100843284486692,1.0
7.140000000012906,5.322009331991063,6.354743009600856,444.2103458987804,4988.560830729742,73,2.1026406458827314,1.0
7.160000000013037,5.316284517668068,6.670531336538151,489.45587142911194,3026.561535330704,73,2.1044887810563973,1.0
7.180000000013168,5.314753808269645,6.40263620260093,450.93125377141666,221.15924650376775,71,2.1063560844143203,1.0
7.200000000013299,5.313120139242248,5.874364657688696,379.58976144652235,162.66880966622324,70,2.1082757928409763,1.0
7.22000000001343,5.3092609473797605,5.37417831189712,317.6997178087192,40.95497516278595,72,2.1103124395870925,1.0
7.240000000013561,5.303093992630205,4.942651010916247,268.7277891728254,139.86404050742263,72,2.1124650818208104,1.0
7.260000000013692,5.301608782544453,4.605629647532681,233.3300689525521,61.62232474100471,73,2.114711576156198,1.0
7.280000000013823,5.315499664345215,4.295652730725378,202.97895621287233,155.76029222846938,72,2.1170323614755446,1.0
7.300000000013954,5.339769497091911,4.049489930501077,180.38205566952584,685.7854783658786,73,2.1193971607729445,1.0
7.320000000014085,5.337326329890625,4.127596328290252,187.40756594246687,3089.262630602043,73,2.121889823270565,1.0
7.340000000014216,5.315381182369426,4.912596555030061,265.46965403742547,6640.339371882663,73,2.125003595279339,1.0
7.360000000014347,5.301306615257848,5.83382082477524,374.36811957139395,7464.354766617034,74,2.1293642034649327,1.0
7.380000000014478,5.29592294381092,6.455676714933948,458.43338032514407,5978.536009277041,74,2.135432600595865,1.0
7.400000000014609,5.2912958947423725,6.663785053153668,488.46634358097657,3316.8301943020056,74,2.1433216077293267,1.0
7.42000000001474,5.290075845435478,6.316568457509773,438.88940786248133,288.21558079734615,74,2.1527981948420485,1.0
7.440000000014871,5.2881159990133,5.802596712778255,370.3714147225952,478.48745528272417,74,2.163597090637325,1.0
7.460000000015002,5.283495353111442,5.309168506711348,310.0599725592117,86.00171516708545,74,2.175419020896703,1.0
7.480000000015133,5.279268566734293,4.901806421760325,264.3047681605184,291.11738188655943,72,2.187932142263987,1.0
7.500000000015264,5.284844810706975,4.580747956181708,230.8157702186918,87.62096877885132,72,2.2008256246947084,1.0
7.520000000015395,5.309737826913882,4.314113103305319,204.72729054921712,338.061621164686,73,2.2138408193922436,1.0
7.540000000015526,5.331986116748237,4.254903472769667,199.14623918846107,1419.8739388690803,72,2.2267695603790147,1.0
7.560000000015657,5.321749717920891,4.851827839302191,258.9425672045055,6702.630610924239,74,2.2395267266505274,1.0
7.580000000015788,5.298174981276095,5.941008932033487,388.25145843551843,8996.5565692166,74,2.252571215375698,1.0
7.600000000015919,5.285276277937702,7.011066889455266,540.7056482125754,8165.764675182735,74,2.266518124857853,1.0
7.62000000001605,5.2775991968149345,7.566183428631802,629.7184484327273,5845.999158956854,74,2.2818329335106315,1.0
7.640000000016181,5.271350435136269,7.508007806507167,620.0719934482981,2733.0185504413826,74,2.298803920815766,1.0
7.660000000016312,5.266072800078065,6.945504054758612,530.6402923213516,288.1314771268768,70,2.3174156548200906,1.0
7.6800000000164435,5.263291884357595,6.319543680281104,439.30295559678916,460.99183320079345,68,2.337284543327248,1.0
7.7000000000165745,5.259827825234927,5.766707598850624,365.80408183705674,165.38427212389755,71,2.357938926601994,1.0
7.7200000000167055,5.265039933650416,5.339215115393192,313.5793985328745,545.2618497921325,71,2.378929293659124,1.0
7.7400000000168365,5.297970593955336,5.003697959198746,275.40692593578666,1109.0701605242264,72,2.3998887685043875,1.0
7.7600000000169675,5.334729933837303,5.00433928472682,275.4775284432615,2759.94631666193,72,2.420531960321357,1.0
7.780000000017099,5.356934182705281,5.187145967389604,295.97131615706854,3804.9719250377457,69,2.440645504459839,1.0
7.80000000001723,5.338549927755145,6.177948596463035,419.83753746593544,6729.47816920964,69,2.4602233414419037,1.0
7.820000000017361,5.302824426557951,7.162899132921624,564.378363872503,7149.051194926951,69,2.4792861301482185,1.0
7.840000000017492,5.272691357207337,7.606256934552345,636.406590098682,4447.091121233917,70,2.4976938000306426,1.0
7.860000000017623,5.256169156242009,7.4997414371168,618.7073378596743,2095.017168614404,70,2.5153369447482117,1.0
7.880000000017754,5.240583226707468,6.938676299231012,529.5975166406118,825.2357464110421,70,2.5321394995239586,1.0
7.900000000017885,5.228210134165835,6.249958852609251,429.6818422523962,1055.872008486855,65,2.5480539498574464,1.0
7.920000000018016,5.218654468441534,5.716545300796271,359.4677919366153,623.4600472793894,64,2.5630557301232533,1.0
7.940000000018147,5.211115820343323,5.259982959002571,304.34162801897185,411.8403714299074,67,2.577138465102811,1.0
7.960000000018278,5.217226710849958,4.901607431253712,264.2833095113378,515.2919588135765,70,2.5903100155157306,1.0
7.980000000018409,5.245089588476737,4.6332919704591005,236.1413393187285,1540.8325092900102,70,2.6025892039932645,1.0
8.00000000001854,5.298891559776126,4.6116300062961635,233.93844446468268,1546.0376759387866,71,2.614003115910473,1.0
8.02000000001867,5.326511369141734,4.618046152073885,234.58985288952857,1809.5264734743946,66,2.6245848849445563,1.0
8.040000000018802,5.30274798816466,5.077319781115842,283.5709377568125,5264.7271780735755,65,2.6343718865008303,1.0
8.060000000018933,5.26094589124097,5.711106025583945,358.7840523900736,4887.2692704791325,65,2.6434042735429437,1.0
8.080000000019064,5.205291842623609,5.995911512609941,395.46050353753276,3210.504592764423,68,2.6517237991395963,1.0
8.100000000019195,5.177028096986532,5.853282593757412,376.87008834621844,1294.1837640904948,67,2.659372878418913,1.0
8.120000000019326,5.153215105504118,5.456441551556931,327.50029846112704,912.0852656751819,68,2.6663938497986575,1.0
8.140000000019457,5.13133982563689,5.0270917037928085,277.9881609817673,690.6389678527798,65,2.6728284015011856,1.0
8.160000000019588,5.114115268525669,4.689962684157547,241.95324976669292,463.3214340071182,64,2.67871713461244,1.0
8.180000000019719,5.09961357657679,4.39393320101096,212.3731387244107,216.86599489050045,63,2.684099238428219,1.0
8.20000000001985,5.101454305561199,4.214009128894211,195.33660232244122,415.3201441831581,65,2.6890122576565627,1.0
8.220000000019981,5.1212356318822065,4.102551977563612,185.14026001472217,1334.6660100563477,70,2.693491934305491,1.0
8.240000000020112,5.1491641026630735,4.264069966053844,200.00521942942677,2238.723671173881,72,2.697572109860216,1.0
8.260000000020243,5.192820377756493,4.237503979601479,197.52083974852212,2417.178918418229,65,2.7012846757130298,1.0
8.280000000020374,5.168997808634017,4.338730883152619,207.0704424406453,3812.2394307707063,67,2.7046595618116296,1.0
8.300000000020505,5.071201943778601,4.616160395542268,234.39830477110243,3083.181277871656,68,2.7077247551889205,1.0
8.320000000020636,4.996509982846106,4.652900914335561,238.1443561048717,1493.8510878930124,68,2.710506341473779,1.0
8.340000000020767,4.965362148893376,4.456790261373935,218.49277377265298,343.0532727571361,70,2.713028563695535,1.0
8.360000000020898,4.932530707644613,4.187244686826286,192.86319874090458,176.26221643591876,73,2.715313896709344,1.0
8.38000000002103,4.894431075894783,3.9348702403983906,170.31524189650176,121.3030450625251,69,2.71738320917329,1.0
8.40000000002116,4.866647703826876,3.7279793856529193,152.8761332983843,394.999499457446,68,2.7192556946851147,1.0
8.420000000021291,4.84082298325806,3.557059352522026,139.17938361100855,126.47596667971347,67,2.720948986796676,1.0
8.440000000021422,4.832957744758029,3.4796611631258876,133.18845991183264,227.29402750130475,67,2.722479298837984,1.0
8.460000000021553,4.849764208398068,3.5695169729387226,140.15596562107385,977.3119121365849,67,2.723861513462613,1.0
8.480000000021684,4.8730297313625925,3.863901426280653,164.2270765521503,2522.5137118771727,72,2.7251092708491456,1.0
8.500000000021815,4.892238507079211,3.951677347805918,171.77329247278655,2487.4043518895537,69,2.726237293784845,1.0
8.520000000021946,4.820458980968176,3.6991318124701422,150.51933782631505,834.9292659011048,68,2.727386866709968,1.0
8.540000000022077,4.754848746387415,3.669194554675434,148.09287548065842,2287.403756753429,69,2.72873696958375,1.0
8.560000000022209,4.673514531761822,3.7151638301725622,151.8268651352471,1469.8148992609754,67,2.7302420498149056,1.0
8.58000000002234,4.654057470279232,3.5066631990702337,135.26355470884835,886.6377175555986,70,2.7318466688023864,1.0
8.60000000002247,4.632513102967609,3.2690304395869947,117.55216016440973,233.34428580920496,71,2.7335064135177745,1.0
8.620000000022602,4.590517965428664,3.016607279408927,100.09911426001223,171.8972973726237,71,2.7351863672328736,1.0
8.640000000022733,4.541565022306069,2.819333991346589,87.43508570238518,381.89569389684146,67,2.736859072410295,1.0
8.660000000022864,4.492456848977785,2.6621352912349936,77.95660739722706,418.24951479101156,69,2.738502943111819,1.0
8.680000000022995,4.457763145999446,2.5677110533905174,72.52454059074225,1014.69771193612,69,2.740101663662306,1.0
8.700000000023126,4.455802966090885,2.621162178134878,75.57540280493255,2877.604156915101,65,2.7416429766652195,1.0
8.720000000023257,4.4673803191217765,3.1345140247836105,108.07695988721665,4506.763948732261,73,2.7431181445178234,1.0
8.740000000023388,4.4882415272552185,3.5037075860562368,135.03563533446822,3268.374280931276,68,2.7445215177525055,1.0
8.760000000023519,4.466056817147759,3.7819323998806005,157.33313944993301,3573.5937619604606,64,2.7458513547469514,1.0
8.78000000002365,4.406920420351291,3.992793305736625,175.36638220568727,3847.9876457906853,71,2.747105867199018,1.0
8.80000000002378,4.385240058869167,4.1390785961249055,188.4516878738925,4404.582810913074,70,2.7482843004163886,1.0
8.820000000023912,4.296132167680471,4.1398762428900895,188.5243283709034,3027.298585082069,69,2.7493871286156066,1.0
8.840000000024043,4.290215745242918,3.9774498051939573,174.02117648121194,2367.0396152355947,72,2.7504167271702555,1.0
8.860000000024174,4.284694606431821,3.7342727415241233,153.392721988991,1318.460122840617,73,2.751379675211322,1.0
8.880000000024305,4.246884216640221,3.472383126893394,132.6318903792734,476.4079004847056,73,2.752282390666095,1.0
8.900000000024436,4.206335492896972,3.237557498415247,115.29956411099272,242.99386825059122,73,2.753269501410035,1.0
8.920000000024567,4.170541296585888,3.071150421262335,103.751614010218,574.3424244934489,73,2.7550947168514113,1.0
8.940000000024698,4.139711425441739,3.082261885336447,104.50372162777569,1342.4519914190168,74,2.758777565500719,1.0
8.960000000024829,4.128803418383108,3.38773030110397,126.24388252319795,3104.3671615470275,74,2.7651015044958447,1.0
8.98000000002496,4.133538336595988,4.007045963932156,176.62059092771483,5056.349037855377,74,2.7746334558925008,1.0
9.000000000025091,4.1432226270022845,4.690973426503518,242.05754856978373,5852.505063847862,72,2.787763498280918,1.0
9.020000000025222,4.167126392176949,5.032872513776407,278.6278631391866,4473.211502549344,70,2.804534116153706,1.0
9.040000000025353,4.163127638909838,5.09676428893601,285.74706838670727,2115.6866187096866,71,2.824282794935293,1.0
9.060000000025484,4.121096248269795,4.904048254106706,264.54658206467735,159.30497442051285,72,2.846572060950672,1.0
9.080000000025615,4.111442166853996,4.80030206208897,253.47189876025178,252.74327673796475,73,2.871562286510891,1.0
9.100000000025746,4.030323638999847,4.694702897142859,242.4425882168571,0.0,75,2.8994089673093706,1.0
9.120000000025877,3.9844095874022076,4.431915644669313,216.0606390961107,0.06075248173645271,75,2.9302820576236708,1.0
9.140000000026008,3.9754725336923973,4.139800827500703,188.51745980513053,0.1921306275572296,75,2.964288853875809,1.0
9.16000000002614,3.9704459240177985,3.8872542319776424,166.218200104309,313.08968763465646,74,3.0014609768102027,1.0
9.18000000002627,3.9566594819348104,3.7551791796506326,155.1150773840976,1283.6806998694653,74,3.04177052064539,1.0
9.200000000026401,3.933825032999331,3.732035128559286,153.2089482088058,2107.688595069597,74,3.0851434673864255,1.0
9.220000000026532,3.909144966991938,3.8709876261996166,164.82999722409596,2283.6422262194073,73,3.131470785556551,1.0
9.240000000026663,3.8848477047426426,4.224030480226758,196.26676847673164,2394.1538589663855,74,3.1806175717981553,1.0
9.260000000026794,3.8807120877530052,4.9966257919099375,274.6289623481757,1980.2729185084972,74,3.2324305414966314,1.0
9.280000000026925,3.8985445707598676,6.090104660388228,407.98312251930656,1063.8654429099936,73,3.2867441296341475,1.0
9.300000000027056,3.9257542722301344,7.290202556351907,584.6175864390386,19.69635983378894,71,3.34337559193885,1.0
9.320000000027187,3.9663258248627153,8.318114397100297,761.1012983557196,399.73057592176355,71,3.4017344311331428,1.0
9.340000000027318,3.9919736525886353,8.66959456628657,826.7805693816418,484.6500534903568,69,3.4608019241698886,1.0
9.36000000002745,3.9946024861333953,7.995899865464649,703.2785612439135,482.0521950395773,68,3.5202418082588887,1.0
9.38000000002758,3.936902043386828,6.803652482108373,509.1865580702937,247.3986447545197,70,3.580199051019299,1.0
9.400000000027712,3.802172957201323,5.869723380967274,378.99017825981275,201.4334195157245,67,3.6403335746796643,1.0
9.420000000027843,3.6814991027216597,5.1748179727021855,294.5661515566171,2383.0765428645104,71,3.6999272625812853,1.0
9.440000000027974,3.617279266320922,4.590055149054927,231.75466898502214,5168.036864806109,72,3.7585388288983785,1.0
9.460000000028105,3.601793888249135,3.9505322383923502,171.67375463235,3454.8145599470777,73,3.8159839107985665,1.0
9.480000000028236,3.6301811355777738,2.09610398202107,48.33017093789044,2405.718625146589,72,3.872709112169705,1.0
9.500000000028367,3.659998504662423,0.775946603394502,6.623024444514111,152.82836582817197,69,3.9291922161340773,1.0
9.520000000028498,3.664107055556873,0.8999864168443102,8.909731055546866,251.6021119239654,69,3.98546383449387,1.0
9.540000000028629,3.642046015176692,1.4722691320754526,23.843340369884274,243.05023400506883,70,4.040915938343717,1.0
9.56000000002876,3.6167561926684977,2.8816713368421905,91.34432662935642,711.9552718104413,70,4.094966404553714,1.0
9.58000000002889,3.5925238193662197,4.532340377661148,225.9632022887536,471.8038165059835,68,4.14719804691776,1.0
9.600000000029022,3.585120179964036,6.308714007105308,437.7985966579138,188.69000257840338,69,4.197412941735164,1.0
9.620000000029153,3.604215761318487,7.66040776063059,645.5003176504231,1252.2914113273464,71,4.245511989507517,1.0
9.640000000029284,3.623355123063923,7.427134914719024,606.7856634558219,2344.011907620998,71,4.291333384606886,1.0
9.660000000029415,3.609778163651328,6.560749898862618,473.47783158968434,1777.613748546702,70,4.334885357025936,1.0
9.680000000029546,3.5527395426686788,5.613429321023598,346.616476163402,1758.0867153920342,67,4.376472170058622,1.0
9.700000000029677,3.462213752115851,4.974365571082348,272.1874411824636,1982.539241833549,70,4.416289217789234,1.0
9.720000000029808,3.3504912997668796,4.507007738893177,223.44430634287284,3189.203961448116,71,4.45424468666069,1.0
9.740000000029939,3.2334522022895555,4.054790968762707,180.85462780395574,5221.455368661871,72,4.490226185670882,1.0
9.76000000003007,3.058931499079723,3.58859033763132,141.6577867247496,7609.881487046194,71,4.524321141606383,1.0
9.780000000030201,3.012659910646555,3.0361258142222756,101.39865955765563,12434.05666669659,70,4.556974204984486,1.0
9.800000000030332,2.9643730734758633,0.7443825001606943,6.095158372000347,13887.174777323911,70,4.588758088519225,1.0
9.820000000030463,2.973521866238307,-2.7791996407182302,84.96345707265175,8580.5771041983,69,4.620554422925418,1.0
9.840000000030594,3.028227597497596,-3.5632254650047677,139.66233285904286,1511.4878147836373,70,4.653062375533395,1.0
9.860000000030725,3.0566795225516197,-3.108370959994872,106.28167027433385,117.2872792879655,66,4.68641138025664,1.0
9.880000000030856,3.0317094517622776,-2.6415872323098566,76.75781416492694,381.14494268604665,68,4.720083697809588,1.0
9.900000000030987,2.982168630888807,-1.9211839970150184,40.600427454252625,8501.721782982582,64,4.753608092461731,1.0
9.920000000031118,2.911743144043087,-0.19133130689553277,0.402684358981878,12885.773036520523,64,4.7867471035265545,1.0
9.94000000003125,2.860110339641079,1.617175614250066,28.767826640575862,10899.632589985664,69,4.819255594994823,1.0
9.96000000003138,2.8302932861929984,2.8729655130898895,90.79323923344236,7141.613435881575,66,4.850841700777033,1.0
9.980000000031511,2.8171989672699027,3.420167123641752,128.67297469003887,2937.2429396267753,63,4.881461351674558,1.0
10.000000000031642,2.801766153372901,3.4503134104292297,130.95128893206558,601.5113741205283,63,4.911246416511077,1.0
10.020000000031773,2.779406401800219,3.34110900893281,122.79310350529182,480.8466505629172,66,4.9402290046276125,1.0
10.040000000031904,2.7564787354123315,3.2438824290384387,115.75050534766753,494.58879683294913,66,4.968346345854839,1.0
10.060000000032035,2.747717888297684,3.111343718722715,106.48505709638822,556.478263762106,67,4.995478309073633,1.0
10.080000000032166,2.7391674065154894,2.999403494596125,98.96063455734992,1278.6440747787608,65,5.021487402959254,1.0
10.100000000032297,2.713384768390511,2.863297132059188,90.18317513104206,1193.6099048890328,62,5.046343499614902,1.0
10.120000000032428,2.6451406452037056,2.5615164502012666,72.17503177116868,2022.5575427702186,61,5.07009769584275,1.0
10.14000000003256,2.4594705453896237,2.1521886303037947,50.95107490449816,9138.724714263248,58,5.092698443277009,1.0
10.16000000003269,2.137323679683625,1.83357292496612,36.981886382856935,14713.222414382457,59,5.114087024535737,1.0
10.180000000032821,1.934508409071892,1.5776515170385677,27.378827401355032,17267.54689639878,60,5.134234553722295,1.0
10.200000000032952,1.7254759874579852,-1.9317374696305167,41.047706167319625,16139.477688706353,62,5.153135875935891,1.0
10.220000000033084,1.689693638052838,-5.683401789123586,355.31161486274493,7950.936385098913,62,5.170804364211652,1.0
10.240000000033215,1.7281221250694356,-5.234707141759401,301.42374745985563,36.99807233564896,70,5.187267951227517,1.0
10.260000000033346,1.7557472247978612,-4.6997770164343935,242.96694404625467,25.841639240881772,73,5.202570902800772,1.0
10.280000000033477,1.7634974276007738,-4.340782454307548,207.26631547186685,43.22095041685839,72,5.216759980955364,1.0
10.300000000033608,1.7554001059587383,-3.3011065200064142,119.87034682071744,58.334158595349365,71,5.2298848698185765,1.0
10.320000000033739,1.7265969311686404,-2.1785140434966848,52.20515781483503,224.70949270834205,71,5.24199909457082,1.0
10.34000000003387,1.6782128524819944,-1.0184880050469955,11.410495980670698,241.67016662920295,72,5.253160433809395,1.0
10.360000000034,1.5908606949561126,0.39038193065262883,1.6763785695808129,383.8761841382617,71,5.263428194545136,1.0
10.380000000034132,1.4584516367761167,2.1071555973735263,48.841151826968414,450.47691837400123,71,5.272862337453683,1.0
10.400000000034263,1.3411203616139733,3.9285749541494854,169.77071287407696,704.7950077969676,70,5.281516909066269,1.0
10.420000000034394,1.2775800495071992,5.489484150080751,331.4787985738657,539.7072934543379,71,5.289449400353658,1.0
10.440000000034525,1.2505822903074355,6.548039374098072,471.64501609212533,678.0542262194341,70,5.2968156427750515,1.0
10.460000000034656,1.2412335131056376,6.985369382524706,536.7492395134494,338.8781104126607,69,5.303801958025815,1.0
10.480000000034787,1.246321783061889,7.009771378867616,540.5058426239076,419.52280604390995,66,5.310434335019422,1.0
10.500000000034918,1.2534722224380284,6.921428594974834,526.9679117486885,470.9910589224425,68,5.316699904959444,1.0
10.520000000035049,1.2506514098982044,6.623243774367474,482.5409390416725,469.8584597118785,67,5.3225985689672,1.0
10.54000000003518,1.2371490352469725,6.186464749944465,420.9958071253597,470.75636621481465,69,5.328138777880194,1.0
10.560000000035311,1.2254956794983454,5.758776316842602,364.79855134169975,442.0683980612162,65,5.333324844100172,1.0
10.580000000035442,1.2162000866781217,5.364966292011123,316.6114964585713,436.2097945954461,62,5.3381631531501945,1.0
10.600000000035573,1.2109349105488865,5.0283764246772,278.13026415074404,459.27592927322365,64,5.3426635202600155,1.0
10.620000000035704,1.2055045751160443,4.704479285153418,243.4533787888138,609.6872014186044,69,5.346838682300854,1.0
10.640000000035835,1.2027792676850362,4.420424825062835,214.9417119743497,820.1372935192895,69,5.3507050876399385,1.0
10.660000000035966,1.2053005224456546,4.1590567669182645,190.27528509493467,722.4604728250549,70,5.354277874340803,1.0
10.680000000036097,1.211878514237262,3.928130486469287,169.7323003060238,577.2296079427134,69,5.357572475149049,1.0
10.700000000036228,1.2222820918503092,3.75773625106817,155.32639905851053,438.93560105480003,63,5.360604772534307,1.0
10.720000000036359,1.2365755110177492,3.6680860282803978,148.0034062195245,341.0419833208943,65,5.363390777196215,1.0
10.74000000003649,1.257266479007143,3.538365716092727,137.72035134902436,286.4775888481687,70,5.365946377463587,1.0
10.760000000036621,1.2869273118715856,3.4055643995936355,127.57655767757515,525.0450221647701,68,5.368287149097858,1.0
10.780000000036752,1.319669490259356,3.228815268939078,114.67772845027544,825.3046828812091,67,5.370428196442202,1.0
10.800000000036883,1.3393417832350247,2.8891613772638127,91.81978810260225,528.4229719621632,60,5.372384612608685,1.0
10.820000000037014,1.3535427159756062,2.53756481607701,70.83158715371145,305.8753068093758,59,5.374171904697346,1.0
10.840000000037145,1.3695133772138028,2.278063038527305,57.08528328254683,742.910717140007,62,5.375805398630452,1.0
10.860000000037276,1.357511177459804,2.07343588452615,47.29050003964812,1335.2256899420888,59,5.377300233918561,1.0
10.880000000037407,1.3065920442455794,1.8852479508622464,39.09575819853329,687.5631328428652,61,5.378678492447513,1.0
10.900000000037538,1.225597777514347,1.699774602801061,31.781570703602547,623.0402348491484,62,5.379950684911712,1.0
10.92000000003767,1.1433813680104898,1.5220328162922645,25.482422832576184,636.393067165672,62,5.381122819565879,1.0
10.9400000000378,1.0763596422095962,1.37732354381439,20.86722158779973,869.37276986032,68,5.382203317415758,1.0
10.960000000037931,1.0179622516997842,1.2518734901385893,17.239059588429498,732.49528365944,67,5.383198671485932,1.0
10.980000000038062,0.9730675770321079,0.0,0.0,3064.9643220626936,66,5.384113961440073,1.0
11.000000000038193,0.9481617000462313,0.0,0.0,4208.402119262528,66,5.384954217581228,1.0
11.020000000038324,0.9356306331225007,0.0,0.0,4333.919010305119,65,5.3857243986410746,1.0
11.040000000038455,0.8954312204660335,0.0,0.0,5027.803716508253,64,5.386429338524494,1.0
11.060000000038587,0.8263094538285285,0.0,0.0,3838.584563677669,66,5.387073706632981,1.0
11.080000000038718,0.7852272337752559,0.0,0.0,2039.0399405529886,70,5.387662053845326,1.0
11.100000000038849,0.7491617339808635,0.0,0.0,2297.5076522356453,71,5.388198905205365,1.0
11.12000000003898,0.6809203545745104,0.0,0.0,2249.2023348860957,71,5.388688246605939,1.0
11.14000000003911,0.5893655457503855,0.0,0.0,3307.875221801448,70,5.389133813295684,1.0
11.160000000039242,0.5262945415508881,0.0,0.0,2491.3796648391794,72,5.389541889110683,1.0
11.180000000039373,0.5211076234548314,0.0,0.0,2434.7007878914665,72,5.389941261672631,1.0
11.200000000039504,0.5008072844899789,0.0,0.0,2290.4972483592746,71,5.390391693513307,1.0
11.220000000039635,0.41880773951537226,0.0,0.0,2438.7102032288144,71,5.390933828299268,1.0
11.240000000039766,0.3776545621470858,0.0,0.0,3168.3360642656166,70,5.391560426886136,1.0
11.260000000039897,0.32891679723756095,0.0,0.0,4098.42110726508,68,5.39238075199709,1.0
11.280000000040028,0.286424291302291,0.0,0.0,4995.994498096752,67,5.393723228522851,1.0
11.300000000040159,0.24443314231118934,0.0,0.0,5557.325815596,68,5.396111820197433,1.0
11.32000000004029,0.24760481373930193,0.0,0.0,2567.272124967434,70,5.399732014167977,1.0
11.34000000004042,0.24292525007627794,0.0,0.0,245.81650648701148,71,5.404316564572094,1.0
11.360000000040552,0.22077742410219323,0.0,0.0,136.3664420202227,69,5.409591025190444,1.0
11.380000000040683,0.19520241968009894,0.0,0.0,179.23855058408265,67,5.415349419675482,1.0
11.400000000040814,0.16552408493867277,0.0,0.0,263.3392055311335,67,5.421434949416817,1.0
11.420000000040945,0.12832611534196475,0.0,0.0,437.61179739586885,66,5.427747215873886,1.0
11.440000000041076,0.09419949278057607,0.0,0.0,573.2322371471432,63,5.4342352433224,1.0
11.460000000041207,0.06841522284652139,0.0,0.0,227.40186123726153,62,5.440915298578172,1.0
11.480000000041338,0.05526734166587472,0.0,0.0,113.02456136303418,71,5.447863582419107,1.0
11.500000000041469,0.02693293086355814,0.0,0.0,269.5875995470219,69,5.4550368341457345,1.0
11.5200000000416,-0.04150781130372095,0.0,0.0,2019.7158832942828,65,5.462291195167947,1.0
11.540000000041731,-0.08214019222065516,0.0,0.0,3015.7488853929544,64,5.469510115421954,1.0
11.560000000041862,-0.07783850479710662,0.0,0.0,2282.82394430247,69,5.476653393401044,1.0
11.580000000041993,-0.07622447526068857,0.0,0.0,1610.8410812320953,69,5.483950121212341,1.0
11.600000000042124,-0.07727044738488252,0.0,0.0,1058.2888916125148,69,5.491699742732345,1.0
11.620000000042255,-0.08514893015545519,0.0,0.0,898.4066244831022,69,5.499873945053854,1.0
11.640000000042386,-0.09619852394864498,0.0,0.0,538.5528792858655,70,5.508326951943246,1.0
11.660000000042517,-0.11276589632977986,0.0,0.0,185.48084003682376,70,5.5168996597747855,1.0
11.680000000042648,-0.13330145336251817,0.0,0.0,135.66340979746823,67,5.525471203608472,1.0
11.70000000004278,-0.14713174713437452,0.0,0.0,603.3009074663324,63,5.53398979016852,1.0
11.72000000004291,-0.14550984142868978,0.0,0.0,533.5960879811621,63,5.542511299697983,1.0
11.740000000043041,-0.14437718877836672,0.0,0.0,65.08453232519835,65,5.551153812281919,1.0
11.760000000043172,-0.16333948959286482,0.0,0.0,156.79462319082913,67,5.559891626183375,1.0
11.780000000043303,-0.19768960521844348,0.0,0.0,131.08893299831678,64,5.568595900520838,1.0
11.800000000043434,-0.24001892342568484,0.0,0.0,112.56034020127193,66,5.577152685492069,1.0
11.820000000043565,-0.2704072713568134,0.0,0.0,793.5233177339968,60,5.585475719939167,1.0
11.840000000043696,-0.2739512193426948,0.0,0.0,1353.0227916507993,58,5.59351429708124,1.0
11.860000000043827,-0.2653389347278938,0.0,0.0,2247.560005330719,56,5.601247476808057,1.0
11.880000000043959,-0.24375805260596012,0.0,0.0,3468.029775509363,56,5.608764684495491,1.0
11.90000000004409,-0.22050518243532316,0.0,0.0,3389.2646610909687,56,5.616187757559739,1.0
11.92000000004422,-0.19756165724690836,0.0,0.0,993.4905949717592,64,5.623476121438944,1.0
11.940000000044352,-0.19345474027002388,0.0,0.0,218.06201680145324,57,5.630558127571444,1.0
11.960000000044483,-0.1926205580578189,0.0,0.0,406.7550295756958,52,5.637380865625424,1.0
11.980000000044614,-0.18587768278451894,0.0,0.0,362.5317325619692,51,5.643906802526691,1.0
12.000000000044745,-0.17693779475457255,0.0,0.0,191.89828131963728,48,5.650110887890703,1.0
12.020000000044876,-0.16164600043751792,0.0,0.0,203.25497889145888,59,5.655978128754866,1.0
12.040000000045007,-0.14863656675370965,0.0,0.0,236.22120670167794,62,5.661501563121935,1.0
12.060000000045138,-0.14301462021595063,0.0,0.0,150.18287530956187,65,5.66668057193121,1.0
12.080000000045269,-0.1476043550764467,0.0,0.0,300.7472538128772,66,5.67151958163033,1.0
12.1000000000454,-0.16338488735448145,0.0,0.0,789.83504016406,66,5.676038239009015,1.0
12.12000000004553,-0.19052021717221918,0.0,0.0,1556.5572605896896,64,5.680255619346998,1.0
12.140000000045662,-0.20829581808811523,0.0,0.0,2334.5947704000355,54,5.684185278634122,1.0
12.160000000045793,-0.2089408389017223,0.0,0.0,2548.70604707933,55,5.68786267211469,1.0
12.180000000045924,-0.20219611754708225,0.0,0.0,2296.5506245294227,66,5.691296552718804,1.0
12.200000000046055,-0.18484675161409184,0.0,0.0,856.838656189887,66,5.694493156425742,1.0
12.220000000046186,-0.18065041203779653,0.0,0.0,172.73062369967937,57,5.697461032910091,1.0
12.240000000046317,-0.17402775176852017,0.0,0.0,462.68255638200066,56,5.7002105229486855,1.0
12.260000000046448,-0.16298032258468217,0.0,0.0,152.17273331902598,56,5.702751864260572,1.0
12.280000000046579,-0.14616991779730235,0.0,0.0,133.46816582824232,58,5.705095962936644,1.0
12.30000000004671,-0.11933376474238748,0.0,0.0,162.66105203141177,59,5.707254079697834,1.0
12.320000000046841,-0.08528824283019751,0.0,0.0,120.05242844710256,57,5.709237454290366,1.0
12.340000000046972,-0.047431797425686914,0.0,0.0,128.26806440651546,70,5.711057264547012,1.0
12.360000000047103,-0.01699345906146657,0.0,0.0,209.52697837921045,66,5.712724485071164,1.0
12.380000000047234,0.00623638272003381,0.0,0.0,513.4465858607177,60,5.714249779337151,1.0
12.400000000047365,0.010520882160334326,0.0,0.0,492.4488751051054,55,5.715646034700924,1.0
12.420000000047496,0.011632054610808764,0.0,0.0,822.5077302510007,52,5.716927368987286,1.0
12.440000000047627,0.0034825013338541677,0.0,0.0,830.550762192228,55,5.71810158801191,1.0
12.460000000047758,-0.005932458369902843,0.0,0.0,968.3620669533991,64,5.719176123502977,1.0
12.48000000004789,-0.019280313139166935,0.0,0.0,849.2863288044833,62,5.7201581456393455,1.0
12.50000000004802,-0.03631769114369677,0.0,0.0,572.3989940555738,59,5.721054521178455,1.0
12.520000000048151,-0.05148932553835455,0.0,0.0,225.53624033065626,60,5.721871785123744,1.0
12.540000000048282,-0.06475719737485067,0.0,0.0,181.86564961947533,54,5.722616123317168,1.0
12.560000000048413,-0.06606777383634017,0.0,0.0,233.77472818343605,54,5.723293363771186,1.0
12.580000000048544,-0.05579259076298086,0.0,0.0,218.68078755768013,51,5.723908974918483,1.0
12.600000000048675,-0.025544563741522582,0.0,0.0,84.43457053106366,53,5.724468069266251,1.0
12.620000000048806,0.006989852433989692,0.0,0.0,120.44874263468324,70,5.7249754112024736,1.0
12.640000000048937,0.03749643210566665,0.0,0.0,81.29548636765064,68,5.7254354279227435,1.0
12.660000000049068,0.06173367938726171,0.0,0.0,167.8449762088873,57,5.725852222631312,1.0
12.6800000000492,0.06261179466791432,0.0,0.0,304.35316387993674,52,5.726229589326895,1.0
12.70000000004933,0.05415366202974366,0.0,0.0,1112.6523150188807,55,5.726571028614617,1.0
12.720000000049462,0.054651528657313944,0.0,0.0,1522.4101627188427,55,5.7268797640954965,1.0
12.740000000049593,0.06819129086016622,0.0,0.0,2459.661611725296,57,5.727158758976579,1.0
12.760000000049724,0.09178736748461955,0.0,0.0,2721.3080330162725,59,5.727410732620835,1.0
12.780000000049855,0.11527643503313317,0.0,0.0,1120.809047547199,65,5.727638176819504,1.0
12.800000000049986,0.1273618832410643,0.0,0.0,380.8292126283466,58,5.7278433716215895,1.0
12.820000000050117,0.127668962849073,0.0,0.0,370.30230020718375,53,5.728028400598076,1.0
12.840000000050248,0.12895744927421532,0.0,0.0,492.9708663876122,52,5.728195165453698,1.0
12.860000000050379,0.1361789620854133,0.0,0.0,153.98501540545783,52,5.728345399927505,1.0
12.88000000005051,0.14672365817664362,0.0,0.0,239.89548232964518,62,5.728480682946249,1.0
12.90000000005064,0.1536970286814344,0.0,0.0,190.4135342964033,64,5.728602451013477,1.0
12.920000000050772,0.14747455664808012,0.0,0.0,67.6507257101331,64,5.728712009831172,1.0
12.940000000050903,0.12715387060695624,0.0,0.0,131.28726400452555,62,5.728810545162609,1.0
12.960000000051034,0.09874610863692654,0.0,0.0,614.3115181410192,61,5.72889913295348,1.0
12.980000000051165,0.06755384911218133,0.0,0.0,1506.6949848990034,55,5.728978819247028,1.0
13.000000000051296,0.04090464352289103,0.0,0.0,2633.797912700832,53,5.729050974267821,1.0
13.020000000051427,0.016906049544629313,0.0,0.0,2351.014798286944,49,5.729116365439208,1.0
13.040000000051558,0.0039678521754573795,0.0,0.0,1702.350677807938,63,5.729175584163358,1.0
13.060000000051689,-0.004161546972109455,0.0,0.0,749.1786170746171,63,5.729229176478011,1.0
13.08000000005182,-0.015416075526652213,0.0,0.0,720.0912431055963,54,5.729277645524017,1.0
13.100000000051951,-0.025824322242274274,0.0,0.0,615.3449159146766,49,5.729321454062684,1.0
13.120000000052082,-0.03220266179720064,0.0,0.0,401.1545186695847,47,5.729361026996831,1.0
13.140000000052213,-0.03390649847669318,0.0,0.0,175.96012784142047,51,5.729396753859483,1.0
13.160000000052344,-0.031356564021800065,0.0,0.0,167.45970414651197,51,5.7294289912427,1.0
13.180000000052475,-0.024753767960181288,0.0,0.0,149.99945882083503,52,5.729458065146007,1.0
13.200000000052606,-0.00729045654164098,0.0,0.0,431.99929946657477,61,5.729484273229478,1.0
13.220000000052737,0.011853888755250664,0.0,0.0,472.3017356698795,62,5.729507886961352,1.0
13.240000000052868,0.021945129298246407,0.0,0.0,1431.2195742716044,54,5.729529153653538,1.0
13.260000000053,0.0181419865292912,0.0,0.0,2305.022509575493,48,5.729548298381587,1.0
13.28000000005313,0.016344234775325598,0.0,0.0,3019.88904600499,46,5.7295655257880975,1.0
13.300000000053261,0.017217562919692574,0.0,0.0,3070.1538648483474,52,5.729581021770209,1.0
13.320000000053392,0.031366792437867205,0.0,0.0,3391.512558767052,57,5.729594955053484,1.0
13.340000000053523,0.047628579852739425,0.0,0.0,3502.336591722055,57,5.729607478655441,1.0
13.360000000053654,0.05865322111129408,0.0,0.0,3455.3899687427615,56,5.7296187312428914,1.0
13.380000000053785,0.06975454309668319,0.0,0.0,3410.1809229583164,58,5.729628838387695,1.0
13.400000000053916,0.07854358590225233,0.0,0.0,2564.1101664819357,59,5.729637913726047,1.0
13.420000000054047,0.0876017331745807,0.0,0.0,1837.5031468739885,57,5.729646060026557,1.0
13.440000000054178,0.10168746232696621,0.0,0.0,988.5913456598586,51,5.729653370172495,1.0
13.46000000005431,0.11828352295421898,0.0,0.0,474.9186069203959,50,5.729659928063607,1.0
13.48000000005444,0.14022965284439018,0.0,0.0,435.07062415759765,66,5.72966580944272,1.0
13.500000000054571,0.16137045427647714,0.0,0.0,1436.8831368682193,64,5.729671082652414,1.0
13.520000000054702,0.15018662905134816,0.0,0.0,2188.6079205379024,61,5.729675809326763,1.0
13.540000000054834,0.13575332542563945,0.0,0.0,2148.1529448889596,56,5.729680045022768,1.0
13.560000000054965,0.11953773429272226,0.0,0.0,2807.4995220531787,52,5.729683839796311,1.0
13.580000000055096,0.11189772436773994,0.0,0.0,3315.0527149705536,52,5.729687238726779,1.0
13.600000000055227,0.11129998820537693,0.0,0.0,4189.55987745256,52,5.72969028239446,1.0
13.620000000055358,0.11098556613918355,0.0,0.0,4874.770005880588,51,5.729693007314605,1.0
13.640000000055489,0.12068930893469074,0.0,0.0,5024.416428578164,57,5.729695446331687,1.0
13.66000000005562,0.13278404732495733,0.0,0.0,4459.116353989962,58,5.729697628977268,1.0
13.68000000005575,0.13404886441227623,0.0,0.0,3656.2170802714477,58,5.729699581794412,1.0
13.700000000055882,0.13504785007854778,0.0,0.0,2579.249140268516,52,5.729701328631833,1.0
13.720000000056013,0.13990207108061828,0.0,0.0,1522.6822598137087,49,5.729702890910111,1.0
13.740000000056144,0.14939704731228506,0.0,0.0,761.8157078707651,60,5.729704287862664,1.0
13.760000000056275,0.15703231935638673,0.0,0.0,421.1237360259844,65,5.729705536753625,1.0
13.780000000056406,0.15080419787725352,0.0,0.0,612.9467432490547,62,5.72970665307483,1.0
13.800000000056537,0.1306324928879228,0.0,0.0,783.1615611508994,61,5.729707650723625,1.0
13.820000000056668,0.11412620710931728,0.0,0.0,1563.6102319819436,58,5.72970854216348,1.0
13.840000000056799,0.10454553967671179,0.0,0.0,2900.639925803124,53,5.729709338568857,1.0
13.86000000005693,0.10222924372431859,0.0,0.0,4033.3266078473557,50,5.729710049955898,1.0
13.880000000057061,0.11160603623812643,0.0,0.0,5679.68732184815,43,5.72971068530018,1.0
13.900000000057192,0.14040274570497593,0.0,0.0,7054.915357508203,50,5.729711252642817,1.0
13.920000000057323,0.16926829575999042,0.0,0.0,7017.544044267828,53,5.729711759186005,1.0
13.940000000057454,0.1849675882115766,0.0,0.0,6223.152681951519,50,5.729712211379084,1.0
13.960000000057585,0.1912470600559487,0.0,0.0,5107.740832451842,49,5.729712614995878,1.0
13.980000000057716,0.19796496242921682,0.0,0.0,4048.1618054622054,49,5.729712975204363,1.0
14.000000000057847,0.2078433070593808,0.0,0.0,3123.6590313006895,48,5.729713296629196,1.0
14.020000000057978,0.21298281092485202,0.0,0.0,2300.3467358330104,50,5.7297135834080395,1.0
14.040000000058109,0.21500797377391392,0.0,0.0,1545.7151740261627,53,5.729713839242066,1.0
14.06000000005824,0.21609555171713124,0.0,0.0,955.2300773481105,53,5.729714067441346,1.0
14.080000000058371,0.21494357204747583,0.0,0.0,773.0093684594519,57,5.72971427096565,1.0
14.100000000058502,0.19957405188773905,0.0,0.0,2099.6301150533295,54,5.729714452461026,1.0
14.120000000058633,0.19484983996639146,0.0,0.0,3833.641064405585,45,5.729714614292584,1.0
14.140000000058764,0.20159902638459434,0.0,0.0,6369.881868716218,42,5.7297147585740005,1.0
14.160000000058895,0.2395757119678268,0.0,0.0,8132.743048572224,47,5.72971488719391,1.0
14.180000000059026,0.2843786422072605,0.0,0.0,9063.500027521952,49,5.72971500183959,1.0
14.200000000059157,0.3280607049157126,0.0,0.0,9491.587168840208,47,5.729715104018161,1.0
14.220000000059288,0.36259594913323495,0.0,0.0,9330.008350937196,47,5.729715195075661,1.0
14.24000000005942,0.37874342773835673,0.0,0.0,8451.053052558673,38,5.7297152762140175,1.0
14.26000000005955,0.37527173323151763,0.0,0.0,6239.928286977828,48,5.7297153485063586,1.0
14.280000000059681,0.3663262184789294,0.0,0.0,3918.281113470712,53,5.729715412910647,1.0
14.300000000059812,0.3593669602745592,0.0,0.0,1992.4702333686928,57,5.729715470281955,1.0
14.320000000059943,0.34951821623509133,0.0,0.0,1210.1406059581343,55,5.7297155213833655,1.0
14.340000000060074,0.3235617974269297,0.0,0.0,1252.7530568192042,62,5.729715566895792,1.0
14.360000000060205,0.2847379214447227,0.0,0.0,1404.3035046875268,60,5.729715607426754,1.0
14.380000000060337,0.2628138419794066,0.0,0.0,2593.283614928273,61,5.729715643518218,1.0
14.400000000060468,0.2669748183578992,0.0,0.0,3468.900194014259,55,5.729715675653584,1.0
14.420000000060599,0.27451172397415613,0.0,0.0,5710.794550200931,51,5.729715704264009,1.0
14.44000000006073,0.30758617698624335,0.0,0.0,8515.989436338463,51,5.7297157297339645,1.0
14.46000000006086,0.361568129075197,0.0,0.0,11823.324939023474,53,5.729715752406255,1.0
14.480000000060992,0.4148642210607623,0.0,0.0,14365.96598515413,53,5.729715772586517,1.0
14.500000000061123,0.45436503197586176,0.0,0.0,14759.988161229441,53,5.729715790547219,1.0
14.520000000061254,0.48895352755458804,0.0,0.0,12496.31676650433,53,5.7297158065312015,1.0
14.540000000061385,0.5045888476421071,0.0,0.0,8445.481953256754,55,5.72971582075491,1.0
14.560000000061516,0.5016526905868599,0.0,0.0,4024.7937184442108,55,5.72971583341124,1.0
14.580000000061647,0.48309009602355535,0.0,0.0,538.7690101840294,60,5.729715844672054,1.0
14.600000000061778,0.4459372635842332,0.0,0.0,458.13132874044146,67,5.729715855292686,1.0
14.620000000061909,0.3952210017801139,0.0,0.0,599.6132345576167,64,5.729715868551998,1.0
14.64000000006204,0.34869358681537643,0.0,0.0,1701.0473434769556,64,5.729715884175735,1.0
14.66000000006217,0.31642868801841095,0.0,0.0,2062.388109826875,65,5.729715901420412,1.0
14.680000000062302,0.29777705059191073,0.0,0.0,2649.3589319095013,63,5.729715919685196,1.0
14.700000000062433,0.29237192004543194,0.0,0.0,4194.937415443857,62,5.729715938488579,1.0
14.720000000062564,0.30777569363887036,0.0,0.0,5701.961151380135,57,5.729715957448559,1.0
14.740000000062695,0.36662534628839305,0.0,0.0,10259.600096890767,54,5.729715976265874,1.0
14.760000000062826,0.42742780581173523,0.0,0.0,15486.341511242314,58,5.729715994709795,1.0
14.780000000062957,0.4812402795848179,0.0,0.0,16927.47067547259,57,5.729716012606053,1.0
14.800000000063088,0.5175160496127542,0.0,0.0,15736.513450463017,50,5.729716029826763,1.0
14.820000000063219,0.5341014696022368,0.0,0.0,13043.24425428129,50,5.729716046281891,1.0
14.84000000006335,0.5569102397865303,0.0,0.0,10395.981243281902,48,5.729716061912097,1.0
14.860000000063481,0.5742384853048292,0.0,0.0,7839.954299079888,46,5.729716076682734,1.0
14.880000000063612,0.5760543865451299,0.0,0.0,4937.010261367695,46,5.729716090578853,1.0
14.900000000063743,0.5624131016686895,0.0,0.0,1477.6458351335348,54,5.729716103601016,1.0
14.920000000063874,0.5276054724607802,0.0,0.0,301.50712368125335,71,5.729716115761853,1.0
14.940000000064005,0.48622090546983493,0.0,0.0,751.8075921165474,71,5.729716127083209,1.0
14.960000000064136,0.44897959947547883,0.0,0.0,1759.6078362036692,66,5.729718962691705,1.0
14.980000000064267,0.4324934272004174,0.0,0.0,3388.7756185518997,67,5.729868651225715,1.0
15.000000000064398,0.43517799459234263,0.0,0.0,5252.431096291922,68,5.730613950432287,1.0
15.02000000006453,0.461567824282399,0.0,0.0,6797.717968263082,71,5.732515530951062,1.0
15.04000000006466,0.5096093536588278,0.0,0.0,7251.361438285696,71,5.735891546501147,1.0
15.060000000064791,0.5583856050368983,0.0,0.0,6713.5859408372025,71,5.740514128641177,1.0
15.080000000064922,0.5983992563679205,0.0,0.0,6030.416126347187,71,5.746570942495961,1.0
15.100000000065053,0.631731295153999,0.0,0.0,5351.7026853189545,69,5.754910678469497,1.0
15.120000000065184,0.6560914667404342,0.0,0.0,5093.521335335267,70,5.766833772703889,1.0
15.140000000065315,0.6781830330994618,0.0,0.0,4095.35441173892,70,5.7840038379988306,1.0
15.160000000065446,0.688827597269396,0.0,0.0,3162.4457004640026,70,5.808016931797338,1.0
15.180000000065577,0.6944540711873426,0.0,0.0,2516.320663767015,70,5.839567842000072,1.0
15.200000000065709,0.6999106984905878,0.0,0.0,2323.1283248389864,72,5.878235155054865,1.0
15.22000000006584,0.6913912788616765,0.0,0.0,2255.321259641938,72,5.9228716039324185,1.0
15.24000000006597,0.6449592312092975,0.0,0.0,2749.733426197385,73,5.972235487361521,1.0
15.260000000066102,0.6181180166737352,0.0,0.0,3524.9735246851096,73,6.0254403892443635,1.0
15.280000000066233,0.6092098229961537,0.0,0.0,4820.328179709175,72,6.081725467638178,1.0
15.300000000066364,0.6256803454296735,0.0,0.0,6664.796469842831,72,6.14014097023051,1.0
15.320000000066495,0.6731631172285117,0.0,0.0,7679.395218469385,73,6.199606226365704,1.0
15.340000000066626,0.7081107420875473,0.0,0.0,7845.292450377908,72,6.259205350930531,1.0
15.360000000066757,0.7506144447107276,0.0,0.0,5884.878101565495,71,6.318905022423985,1.0
15.380000000066888,0.7764633101050141,0.0,0.0,6911.9330096902595,71,6.3800338331648225,1.0
15.400000000067019,0.7888615359170148,0.0,0.0,6201.318710967915,71,6.444274552460267,1.0
15.42000000006715,0.7901249943772801,0.0,0.0,2999.754296097478,71,6.512874546729862,1.0
15.44000000006728,0.7882860565716876,0.0,0.0,2259.013322844206,71,6.586656285658309,1.0
15.460000000067412,0.7791781792474896,0.0,0.0,523.9928189424163,72,6.665472882436131,1.0
15.480000000067543,0.7113004693228454,0.0,0.0,733.5277686750109,72,6.747808748691287,1.0
15.500000000067674,0.646838048131936,0.0,0.0,1086.8331690190273,72,6.831758793713723,1.0
15.520000000067805,0.5987976866287837,0.0,0.0,1310.4738486118958,72,6.915793280110582,1.0
15.540000000067936,0.5554261053080373,0.0,0.0,1682.0669388622553,71,6.998721324967517,1.0
15.560000000068067,0.5160066779811446,0.0,0.0,2266.6576096209897,70,7.079632189216096,1.0
15.580000000068198,0.49290453991115823,0.0,0.0,2862.6211210054335,69,7.157845709839789,1.0
15.600000000068329,0.488629041396997,0.0,0.0,4186.063940115248,69,7.232870534006577,1.0
15.62000000006846,0.4874076767415999,0.0,0.0,5088.744150389711,68,7.304369021902097,1.0
15.640000000068591,0.5332029434318386,0.0,0.0,6715.455080902506,70,7.372131147777353,1.0
15.660000000068722,0.567160446685252,0.0,0.0,5516.713905985042,67,7.436046993281493,1.0
15.680000000068853,0.5843174084683276,0.0,0.0,3459.628637421143,66,7.496126787238183,1.0
15.700000000068984,0.593558933434586,0.0,0.0,2383.8510151951687,66,7.552477084929882,1.0
15.720000000069115,0.6092075256025479,0.0,0.0,1210.946370075896,67,7.605324613969354,1.0
15.740000000069246,0.6246013538538522,0.0,0.0,429.0465750385484,66,7.654873106280837,1.0
15.760000000069377,0.6322091492423829,0.0,0.0,72.04184743549732,68,7.701251497029322,1.0
15.780000000069508,0.6246148051092264,0.0,0.0,1704.6866609937115,67,7.744528995559531,1.0
15.80000000006964,0.5606460522820494,0.0,0.0,3572.6614785982965,72,7.784791329148522,1.0
15.82000000006977,0.4900528141996269,0.0,0.0,1660.1345922817013,71,7.822147133974279,1.0
15.840000000069901,0.4118626229416885,0.0,0.0,1402.96122489047,65,7.856721438674377,1.0
15.860000000070032,0.33479544136550293,0.0,0.0,1322.1830841472367,64,7.888650276706376,1.0
15.880000000070163,0.26964944015093073,0.0,0.0,1452.64774644282,67,7.918076342785451,1.0
15.900000000070294,0.20807239470754382,0.0,0.0,1294.9964934550346,69,7.945145521904133,1.0
15.920000000070425,0.1455812142875926,0.0,0.0,1120.9241642291436,71,7.970004145388715,1.0
15.940000000070556,0.08556988504285067,0.0,0.0,1218.897526774834,68,7.992796850657862,1.0
15.960000000070687,0.028482369293270998,0.0,0.0,1585.673943052732,65,8.013664940343942,1.0
15.980000000070818,-0.029344868026332155,0.0,0.0,2090.413738207571,68,8.032745152664914,1.0
16.000000000070948,-0.08701722334560034,0.0,0.0,2443.8792386040404,67,8.050168768784038,1.0
16.02000000007019,-0.139082403334448,0.0,0.0,2237.3450302049578,65,8.066060994702116,1.0
16.040000000069433,-0.17870710225236114,0.0,0.0,1841.6928937300574,67,8.080540589133069,1.0
16.060000000068676,-0.2086527575247832,0.0,0.0,1506.4171965265825,68,8.093719722568396,1.0
16.08000000006792,-0.24281621086991942,0.0,0.0,1773.7042479328604,68,8.105703660499834,1.0
16.100000000067162,-0.2878629028659155,0.0,0.0,2482.5917908880997,69,8.116590920746445,1.0
16.120000000066405,-0.31519896753823057,0.0,0.0,2967.990848483555,68,8.126473418904526,1.0
16.140000000065648,-0.3349227350359937,0.0,0.0,2704.24341517867,66,8.135436653860433,1.0
16.16000000006489,-0.34900652431428497,0.0,0.0,1279.9520438414584,67,8.14355994156765,1.0
16.180000000064133,-0.3679499821148578,0.0,0.0,972.9551178283969,65,8.150916683099098,1.0
16.200000000063376,-0.38933424039467185,0.0,0.0,803.0147283760277,66,8.15757465561716,1.0
16.22000000006262,-0.4065377863451407,0.0,0.0,666.512693259869,67,8.16359631710877,1.0
16.240000000061862,-0.4236430528749555,0.0,0.0,284.8205046001746,69,8.169039117575394,1.0
16.260000000061105,-0.44995737637938027,0.0,0.0,329.9364817430486,68,8.173955810902646,1.0
16.280000000060348,-0.47008419030839393,0.0,0.0,178.97919835051457,67,8.178394762908516,1.0
16.30000000005959,-0.4787397031346629,0.0,0.0,193.49289702115374,64,8.182400252122985,1.0
16.320000000058833,-0.4847369366928432,0.0,0.0,61.58525347011746,68,8.186012760719308,1.0
16.340000000058076,-0.5046407262972598,0.0,0.0,424.33513287481395,67,8.189269253728366,1.0
16.36000000005732,-0.5209596671307059,0.0,0.0,305.95231967836287,67,8.192203445245884,1.0
16.38000000005656,-0.5235334594397145,0.0,0.0,1069.1899464080686,63,8.194846050810835,1.0
16.400000000055805,-0.5198698210699855,0.0,0.0,1057.8864024555544,63,8.197225025508533,1.0
16.420000000055047,-0.5039419300505222,0.0,0.0,1415.848874521349,63,8.199365787650873,1.0
16.44000000005429,-0.4718188711641157,0.0,0.0,2427.207624341615,60,8.201291428119298,1.0
16.460000000053533,-0.4186483149129844,0.0,0.0,3951.91605251547,58,8.203022905637747,1.0
16.480000000052776,-0.3487976337738991,0.0,0.0,5576.3593503504135,60,8.204579228379556,1.0
16.50000000005202,-0.29231829354004585,0.0,0.0,9752.436953182727,63,8.205977622412535,1.0
16.52000000005126,-0.2437816935681735,0.0,0.0,12787.4923283084,62,8.20723368755889,1.0
16.540000000050505,-0.19714311067735268,0.0,0.0,13669.989176335639,55,8.208361541293032,1.0
16.560000000049747,-0.16166552293483832,0.0,0.0,13613.890590459378,56,8.209373951329516,1.0
16.58000000004899,-0.14650634780968252,0.0,0.0,12827.874853453557,54,8.2102824575655,1.0
16.600000000048233,-0.1356739953022232,0.0,0.0,11214.21184933095,53,8.211097484043275,1.0
16.620000000047476,-0.12235837081890376,0.0,0.0,8168.988058777971,53,8.211828441589605,1.0
16.64000000004672,-0.11292486228154276,0.0,0.0,4122.137516956203,55,8.212483821772521,1.0
16.66000000004596,-0.1040037808271069,0.0,0.0,1224.5775663138122,61,8.213071282795067,1.0
16.680000000045204,-0.10080738627865851,0.0,0.0,465.2451159235403,64,8.213597727920279,1.0
16.700000000044447,-0.10792870081481976,0.0,0.0,895.4571018498418,62,8.214069414594737,1.0
16.72000000004369,-0.12342333475692017,0.0,0.0,1541.416266610797,61,8.214493741407624,1.0
16.740000000042933,-0.15636154745570352,0.0,0.0,1432.3391427434408,62,8.214876356455859,1.0
16.760000000042176,-0.17058308320494833,0.0,0.0,1197.5904891744892,72,8.215224747411671,1.0
16.78000000004142,-0.19014615504615923,0.0,0.0,765.3111508467117,71,8.215545869756369,1.0
16.80000000004066,-0.21132181487603696,0.0,0.0,601.6619205900813,71,8.215841329417714,1.0
16.820000000039904,-0.23906698528392903,0.0,0.0,380.23877368555316,71,8.21611270966264,1.0
16.840000000039147,-0.2733943831853703,0.0,0.0,346.7082887255093,71,8.216361577686952,1.0
16.86000000003839,-0.3124266305772744,0.0,0.0,376.0431508860079,68,8.216589466328351,1.0
16.880000000037633,-0.35183433826737004,0.0,0.0,359.47713970320257,65,8.216797860323627,1.0
16.900000000036876,-0.3907931258428221,0.0,0.0,468.7826489773254,62,8.216988276469245,1.0
16.92000000003612,-0.43564103172813545,0.0,0.0,370.4742658445024,70,8.217166348208346,1.0
16.94000000003536,-0.48313255744220907,0.0,0.0,752.1715252038804,71,8.217338485072178,1.0
16.960000000034604,-0.5287446901889529,0.0,0.0,1591.9279212088652,71,8.217503931833512,1.0
16.980000000033847,-0.5553491540117806,0.0,0.0,2446.1142234248505,69,8.217671352180561,1.0
17.00000000003309,-0.5658354653222679,0.0,0.0,3017.597845727899,70,8.217879114952972,1.0
17.020000000032333,-0.5657922368604431,0.0,0.0,3351.522902722917,70,8.218135758510686,1.0
17.040000000031576,-0.561583253363566,0.0,0.0,3275.773055164787,68,8.218427688706289,1.0
17.06000000003082,-0.5467752333018823,0.0,0.0,3423.8291678674486,68,8.218743049242605,1.0
17.08000000003006,-0.5274453535104334,0.0,0.0,2977.263170506188,68,8.2190780110966,1.0
17.100000000029304,-0.5056743028865214,0.0,0.0,2002.5953497895246,73,8.219429573719069,1.0
17.120000000028547,-0.4880368056143407,0.0,0.0,657.5439111802125,68,8.219789301143983,1.0
17.14000000002779,-0.4730654402666111,0.0,0.0,277.54496970085216,69,8.220150382854579,1.0
17.160000000027033,-0.4674165972457999,0.0,0.0,205.72493002838496,67,8.220507481449914,1.0
17.180000000026276,-0.493106516595349,0.0,0.0,70.61248804313652,70,8.22085650149085,1.0
17.20000000002552,-0.5265120777806751,0.0,0.0,78.85937739557217,74,8.221194370558145,1.0
17.22000000002476,-0.5650351464284807,0.0,0.0,189.7582590424302,71,8.22151885470822,1.0
17.240000000024004,-0.6118555176264522,0.0,0.0,415.61386603281125,69,8.221828403254563,1.0
17.260000000023247,-0.6558591178426221,0.0,0.0,631.7232575973087,70,8.222123474056529,1.0
17.28000000002249,-0.7004656258234161,0.0,0.0,750.1901837789254,69,8.222420051666214,1.0
17.300000000021733,-0.7424501798191675,0.0,0.0,1479.1647691299738,66,8.2227197327461,1.0
17.320000000020976,-0.7723626234967967,0.0,0.0,1809.6291390291692,66,8.223020079623456,1.0
17.34000000002022,-0.7906343009990235,0.0,0.0,1794.288749096535,67,8.223329382711452,1.0
17.36000000001946,-0.8024411441967246,0.0,0.0,1264.350764373067,71,8.223645292185763,1.0
17.380000000018704,-0.8253957806140635,0.0,0.0,735.1352503694659,71,8.223979071090827,1.0
17.400000000017947,-0.852620350055853,0.0,0.0,650.5444799151908,71,8.224335583298888,1.0
17.42000000001719,-0.8776692152894836,0.0,0.0,467.3834879527175,71,8.224705445468933,1.0
17.440000000016433,-0.9009661823307202,0.0,0.0,369.0536452194665,72,8.22508053131369,1.0
17.460000000015675,-0.9272425472009661,0.0,0.0,486.11987897378526,70,8.225454448009092,1.0
17.48000000001492,-0.9598607483294581,0.0,0.0,822.629096378443,70,8.225822240044645,1.0
17.50000000001416,-0.9890307538978839,0.0,0.0,973.1233494356816,70,8.226180138854756,1.0
17.520000000013404,-1.0122137179636759,0.0,0.0,1050.660240307061,70,8.226525351546842,1.0
17.540000000012647,-1.0323000199489736,0.0,0.0,1299.8944115100483,70,8.22685588298254,1.0
17.56000000001189,-1.0579024328895863,0.0,0.0,2219.5390214051554,71,8.227170386279996,1.0
17.580000000011132,-1.0766517934600708,0.0,0.0,2311.857139757953,70,8.227468037504716,1.0
17.600000000010375,-1.085398846627427,0.0,0.0,1692.654135993537,66,8.227748430920252,1.0
17.620000000009618,-1.0856793558400766,0.0,0.0,944.3201313062947,67,8.228011491689859,1.0
17.64000000000886,-1.089505061136954,0.0,0.0,620.8989583455398,69,8.228257403367385,1.0
17.660000000008104,-1.0954071242008736,0.0,0.0,655.4795969214607,68,8.228486547901614,1.0
17.680000000007347,-1.1016360277478527,0.0,0.0,570.456141818184,68,8.228699457951267,1.0
17.70000000000659,-1.1101753416981925,0.0,0.0,642.2455039113345,68,8.228897504409588,1.0
17.720000000005832,-1.120147009034787,0.0,0.0,726.1308511062762,67,8.229082493841247,1.0
17.740000000005075,-1.127115268219716,0.0,0.0,800.0156554456681,68,8.229256026067725,1.0
17.760000000004318,-1.1239022318659875,0.0,0.0,782.5831052312717,67,8.229418763542611,1.0
17.78000000000356,-1.1108529483124525,0.0,0.0,704.9251702048714,67,8.229570835876514,1.0
17.800000000002804,-1.0969685242724192,0.0,0.0,760.2820378694822,69,8.229712492627412,1.0
17.820000000002047,-1.0967627320517725,0.0,0.0,1081.3394433933777,67,8.229844073157714,1.0
17.84000000000129,-1.1097120208095204,0.0,0.0,1428.4399774164067,68,8.22996614189484,1.0
17.860000000000532,-1.1094563556397443,0.0,0.0,851.2435006902281,68,8.23008071455906,1.0
17.879999999999775,-1.1003279710395875,0.0,0.0,253.57450186184718,72,8.230189048691896,1.0
17.899999999999018,-1.0964201921676822,0.0,0.0,363.8484863276162,71,8.230291776237198,1.0
17.91999999999826,-1.0964993312733977,0.0,0.0,480.23801165831213,69,8.230388950867658,1.0
17.939999999997504,-1.095211440806034,0.0,0.0,367.9977043056561,69,8.230480451501416,1.0
17.959999999996747,-1.0940611306243586,0.0,0.0,488.46299017173067,68,8.230566263111784,1.0
17.97999999999599,-1.0866933923669604,0.0,0.0,525.0065716359436,68,8.2306464533627,1.0
17.999999999995232,-1.0598686616050779,0.0,0.0,381.1899880318909,64,8.230721153284419,1.0
18.019999999994475,-1.0168852409156472,0.0,0.0,180.88999321910447,63,8.23079054136072,1.0
18.039999999993718,-0.9674916190833812,0.0,0.0,102.65801574204447,62,8.23085483049135,1.0
18.05999999999296,-0.9171661762267769,0.0,0.0,110.31445337442754,70,8.230914257372524,1.0
18.079999999992204,-0.8596803336557164,0.0,0.0,132.01967337455392,67,8.23096907390593,1.0
18.099999999991446,-0.7916821168113899,0.0,0.0,86.42634579757616,66,8.231019540305317,1.0
18.11999999999069,-0.7377237905766109,0.0,0.0,89.90951311219393,67,8.231065919619402,1.0
18.139999999989932,-0.6918284303665773,0.0,0.0,89.08858114898814,67,8.231108473432757,1.0
18.159999999989175,-0.6508190802393198,0.0,0.0,101.42040717866978,66,8.231147458542594,1.0
18.179999999988418,-0.6125386118766437,0.0,0.0,108.12002152083302,65,8.231183124441198,1.0
18.19999999998766,-0.5783222099919335,0.0,0.0,127.15732516198491,64,8.231215711459672,1.0
18.219999999986904,-0.5483838250957915,0.0,0.0,122.08908368849701,65,8.231245449452205,1.0
18.239999999986146,-0.5195105336114757,0.0,0.0,207.7238935018766,67,8.231272564732782,1.0
18.25999999998539,-0.48704421366803086,0.0,0.0,290.375160495501,65,8.231297493001428,1.0
18.279999999984632,-0.4494874962335741,0.0,0.0,178.59944019942267,70,8.231320474580558,1.0
18.299999999983875,-0.40864965231353284,0.0,0.0,90.56977857438049,68,8.231341621636014,1.0
18.319999999983118,-0.366234900694454,0.0,0.0,80.52113838889753,72,8.231361046989294,1.0
18.33999999998236,-0.3303224433637468,0.0,0.0,35.14941040493289,72,8.231378862397957,1.0
18.359999999981603,-0.29876947779094326,0.0,0.0,30.25721879489343,72,8.231395177233516,1.0
18.379999999980846,-0.27075314127645655,0.0,0.0,48.74078681093449,69,8.231410097486215,1.0
18.39999999998009,-0.2447503246760041,0.0,0.0,62.393472739704634,71,8.231423725038255,1.0
18.419999999979332,-0.22053641831336535,0.0,0.0,55.82992271499185,68,8.23143615715594,1.0
18.439999999978575,-0.19529071561905614,0.0,0.0,174.27962853980898,67,8.23144748615894,1.0
18.459999999977818,-0.1717400308983024,0.0,0.0,195.0596639698279,67,8.231457799275892,1.0
18.47999999997706,-0.14710777834653294,0.0,0.0,204.13326653695236,70,8.231481364723104,1.0
18.499999999976303,-0.12093973443426512,0.0,0.0,107.43798566625607,70,8.231541320279337,1.0
18.519999999975546,-0.09696969051946171,0.0,0.0,174.78776613290609,69,8.231630411302511,1.0
18.53999999997479,-0.07598311509282443,0.0,0.0,70.21976856501905,70,8.231740918876666,1.0
18.559999999974032,-0.05782620511629586,0.0,0.0,61.408010386963035,73,8.231866541139608,1.0
18.579999999973275,-0.042714531070855294,0.0,0.0,35.999487745859014,73,8.232002166196688,1.0
18.599999999972518,-0.02990400079307702,0.0,0.0,44.22642935358103,71,8.232143678913646,1.0
18.61999999997176,-0.018341346561918135,0.0,0.0,48.788532307711314,71,8.2322877967532,1.0
18.639999999971003,-0.007818120952998785,0.0,0.0,47.29692838723518,72,8.232431930489,1.0
18.659999999970246,0.001520894528201717,0.0,0.0,41.80789417262523,73,8.232574066210036,1.0
18.67999999996949,0.009734440644372728,0.0,0.0,35.61117432325114,72,8.232712665528659,1.0
18.699999999968732,0.017956579521966453,0.0,0.0,127.89391848615061,70,8.232846581338025,1.0
18.719999999967975,0.02626539291247099,0.0,0.0,210.97886384866592,71,8.232974986837513,1.0
18.739999999967218,0.0362312324739246,0.0,0.0,277.9714514432632,70,8.233097354265574,1.0
18.75999999996646,0.04851704318628419,0.0,0.0,310.81696753593957,70,8.233213390507071,1.0
18.779999999965703,0.06267181717007367,0.0,0.0,391.55542610010787,67,8.233322887214305,1.0
18.799999999964946,0.07643335990105327,0.0,0.0,465.86197507655214,67,8.233425770744251,1.0
18.81999999996419,0.0890653381700285,0.0,0.0,490.9431662653216,67,8.233522076063995,1.0
18.83999999996343,0.10065115832856641,0.0,0.0,397.8291289331989,68,8.233611922120938,1.0
18.859999999962675,0.1114297226767791,0.0,0.0,214.12678546338978,71,8.233695491516551,1.0
18.879999999961917,0.12073754321996026,0.0,0.0,109.65041114703624,71,8.233773013810223,1.0
18.89999999996116,0.12744260361384482,0.0,0.0,99.7944536666262,72,8.233844751879511,1.0
18.919999999960403,0.13180018987091885,0.0,0.0,87.32252022779237,73,8.233910990847557,1.0
18.939999999959646,0.13256244216173022,0.0,0.0,65.44929930060631,73,8.233972029161428,1.0
18.95999999995889,0.13119643028402747,0.0,0.0,117.55491589469419,71,8.234028171467628,1.0
18.97999999995813,0.12485659952973281,0.0,0.0,342.7761442514454,70,8.234079722984918,1.0
18.999999999957375,0.11673369906548,0.0,0.0,433.18544352952716,72,8.234126985119934,1.0
19.019999999956617,0.10908239741548198,0.0,0.0,486.80916189200445,72,8.234170252110475,1.0
19.03999999995586,0.10133666117478167,0.0,0.0,476.83913422058504,70,8.23420980851508,1.0
19.059999999955103,0.09048940923671536,0.0,0.0,787.9990460518457,70,8.234245927395412,1.0
19.079999999954346,0.0794181364261032,0.0,0.0,620.4720849614125,70,8.23427886906321,1.0
19.09999999995359,0.07412903112848158,0.0,0.0,367.8821045346684,71,8.234308880283457,1.0
19.11999999995283,0.07293194751009367,0.0,0.0,244.76574655174892,71,8.234336193843774,1.0
19.139999999952074,0.07326705682226851,0.0,0.0,276.51724355675987,70,8.234361028414405,1.0
19.159999999951317,0.068696379659933,0.0,0.0,453.04180800820154,69,8.234383588636133,1.0
19.17999999995056,0.05694647770335694,0.0,0.0,815.2342897512872,69,8.234404065384581,1.0
19.199999999949803,0.03838850478706467,0.0,0.0,1092.1254991637572,69,8.234422636167483,1.0
19.219999999949046,0.01848300352884338,0.0,0.0,1073.3533268873646,68,8.234439465620353,1.0
19.23999999994829,0.0030788326461515607,0.0,0.0,878.0967380482583,71,8.234454706071363,1.0
19.25999999994753,-0.008525502235112184,0.0,0.0,738.4397800340583,71,8.234468498152305,1.0
19.279999999946774,-0.020198358076460247,0.0,0.0,803.9188973535995,69,8.234480971437057,1.0
19.299999999946017,-0.03433325617833405,0.0,0.0,843.1674957531054,69,8.234492245092131,1.0
19.31999999994526,-0.046615621987872884,0.0,0.0,692.7510678738349,69,8.234502428528046,1.0
19.339999999944503,-0.051128239210846055,0.0,0.0,533.1280091429505,67,8.234511622041708,1.0
19.359999999943746,-0.046925622231593814,0.0,0.0,501.0100886592579,69,8.234519917443354,1.0
19.37999999994299,-0.04094320932414233,0.0,0.0,460.45429778506093,70,8.234527398662355,1.0
19.39999999994223,-0.03761585998402871,0.0,0.0,425.72018947280844,69,8.234534142328366,1.0
19.419999999941474,-0.038396909613130095,0.0,0.0,425.3863882148463,68,8.23454021832507,1.0
19.439999999940717,-0.042400086084559974,0.0,0.0,474.8191112851176,69,8.234545690314986,1.0
19.45999999993996,-0.04841542657090845,0.0,0.0,519.4752036561764,70,8.234550616234289,1.0
19.479999999939203,-0.05648424146426185,0.0,0.0,577.8876707132982,72,8.23455504875761,1.0
19.499999999938446,-0.0660498236624756,0.0,0.0,629.5245247102825,72,8.234559035732893,1.0
19.51999999993769,-0.07805266689772691,0.0,0.0,780.8348942910588,71,8.234562724773491,1.0
19.53999999993693,-0.09356662945680735,0.0,0.0,1038.1930137999855,71,8.234569682255657,1.0
19.559999999936174,-0.11187050808811982,0.0,0.0,1258.336771337064,70,8.234581593622092,1.0
19.579999999935417,-0.12885143859510004,0.0,0.0,1199.2487413538167,70,8.2345972202196,1.0
19.59999999993466,-0.13750213409090545,0.0,0.0,777.8337224635062,70,8.23461551826136,1.0
19.619999999933903,-0.1395168369981483,0.0,0.0,484.4731530872194,72,8.234635638713725,1.0
19.639999999933146,-0.1431879899931147,0.0,0.0,605.3932385416634,71,8.234656895848493,1.0
19.65999999993239,-0.15261307898714932,0.0,0.0,743.9561653383164,70,8.234678740507686,1.0
19.67999999993163,-0.16443797419085637,0.0,0.0,894.6323615985061,70,8.234700737406154,1.0
19.699999999930874,-0.17182911353236624,0.0,0.0,655.6062789953926,70,8.234722545891191,1.0
19.719999999930117,-0.17424314770359958,0.0,0.0,488.1789787794329,71,8.234743903658755,1.0
19.73999999992936,-0.17570960227647858,0.0,0.0,451.35482848301507,70,8.23476461299686,1.0
19.759999999928603,-0.17865735072410752,0.0,0.0,533.1178562501027,69,8.234784529185456,1.0
19.779999999927846,-0.1878373802581545,0.0,0.0,889.610443590261,70,8.234803550735945,1.0
19.79999999992709,-0.2036410710989918,0.0,0.0,1247.9794916447481,68,8.234821611197168,1.0
19.81999999992633,-0.22389962341846167,0.0,0.0,1391.307776947452,67,8.234838672294103,1.0
19.839999999925574,-0.24033115932271584,0.0,0.0,1213.517017536934,69,8.234854718198712,1.0
19.859999999924817,-0.24829456219869203,0.0,0.0,823.597860893331,69,8.234869750761126,1.0
19.87999999992406,-0.2530861641042825,0.0,0.0,721.5870055335429,69,8.23488378555435,1.0
19.899999999923303,-0.25820722930394235,0.0,0.0,778.5351281726405,68,8.234896848606633,1.0
19.919999999922545,-0.26316219782503203,0.0,0.0,749.6731700469979,67,8.23490897371446,1.0
19.93999999992179,-0.26147235749861963,0.0,0.0,575.94370328649,67,8.23492020024452,1.0
19.95999999992103,-0.25261859096174605,0.0,0.0,725.690274343372,68,8.234930571346325,1.0
19.979999999920274,-0.24222831469943817,0.0,0.0,617.3046303926395,68,8.234940132509577,1.0
19.999999999919517,-0.23552292079378212,0.0,0.0,492.708494932332,67,8.234948930409486,1.0
20.01999999991876,-0.23722623356832565,0.0,0.0,486.2276987932637,68,8.234957011992202,1.0
20.039999999918003,-0.24845795411911004,0.0,0.0,1056.2895312345247,70,8.23496442375984,1.0
20.059999999917245,-0.26830342492494325,0.0,0.0,1429.9925606683464,70,8.234971211220504,1.0
20.079999999916488,-0.2907506438960425,0.0,0.0,1508.444118516199,67,8.234977418474603,1.0
20.09999999991573,-0.30821512343788465,0.0,0.0,1236.7380341008875,72,8.234983088633511,1.0
20.119999999914974,-0.3193473084000286,0.0,0.0,1058.3096536096646,72,8.23498835719268,1.0
20.139999999914217,-0.33044090012497546,0.0,0.0,1102.681731286595,71,8.23499334129608,1.0
20.15999999991346,-0.3442264633713004,0.0,0.0,1219.790709222547,70,8.234998035673511,1.0
20.179999999912702,-0.358162299295824,0.0,0.0,1219.1777368964179,71,8.235002439248513,1.0
20.199999999911945,-0.3668764388774771,0.0,0.0,924.3779561333656,73,8.235006555239996,1.0
20.219999999911188,-0.36963243895620007,0.0,0.0,540.4534425469105,71,8.235010390162563,1.0
20.23999999991043,-0.36875222393268425,0.0,0.0,413.51717943820944,71,8.235013953003177,1.0
20.259999999909674,-0.3712207261645352,0.0,0.0,597.1067049881603,71,8.235017254546078,1.0
20.279999999908917,-0.3799762366011091,0.0,0.0,964.1928446355724,70,8.23502030682296,1.0
20.29999999990816,-0.3934500103110088,0.0,0.0,1212.3507667994795,71,8.235023122667888,1.0
20.319999999907402,-0.4061344453890151,0.0,0.0,1113.1818878610707,71,8.235025715359896,1.0
20.339999999906645,-0.41411711346927665,0.0,0.0,863.9224196846202,70,8.235028098338887,1.0
20.359999999905888,-0.4202791011630428,0.0,0.0,793.3488823554655,71,8.235030284982352,1.0
20.37999999990513,-0.4296560647285067,0.0,0.0,1002.5368740231423,71,8.235032288432754,1.0
20.399999999904374,-0.4446396278196405,0.0,0.0,1324.1519918791291,70,8.235034121466363,1.0
20.419999999903617,-0.46272716972861366,0.0,0.0,1419.0741984752872,71,8.235035796396524,1.0
20.43999999990286,-0.47540238742937985,0.0,0.0,1135.4197693294989,69,8.23503732500479,1.0
20.459999999902102,-0.47615270798827436,0.0,0.0,520.0880560816488,71,8.23503871849479,1.0
20.479999999901345,-0.46683571812877045,0.0,0.0,139.0346265349982,71,8.235039987464349,1.0
20.499999999900588,-0.456762365521292,0.0,0.0,78.19334365066457,71,8.235041141892491,1.0
20.51999999989983,-0.4554182425908158,0.0,0.0,562.1863445257771,71,8.235042191137707,1.0
20.539999999899074,-0.4644078888149404,0.0,0.0,1119.4950953312944,71,8.23504314394531,1.0
20.559999999898317,-0.47911107617599735,0.0,0.0,1365.4942989586302,73,8.235045871902898,1.0
20.57999999989756,-0.49588511306626987,0.0,0.0,1454.0327043110995,72,8.235058376982796,1.0
20.599999999896802,-0.5133404723109168,0.0,0.0,1529.9164475760892,72,8.235080051498183,1.0
20.619999999896045,-0.532128574084178,0.0,0.0,1680.5035031617515,72,8.235108555593854,1.0
20.639999999895288,-0.5541950147954116,0.0,0.0,1950.068639628555,73,8.235141973605568,1.0
20.65999999989453,-0.5795738271013381,0.0,0.0,2109.4806401140568,73,8.235178747177963,1.0
20.679999999893774,-0.6029279419394304,0.0,0.0,2000.5939996213856,73,8.235231718369178,1.0
20.699999999893016,-0.6228282560105691,0.0,0.0,1802.0524436742835,73,8.235350979250251,1.0
20.71999999989226,-0.638484767470253,0.0,0.0,1463.2041899737842,72,8.235566333332573,1.0
20.739999999891502,-0.6478833087593443,0.0,0.0,1055.2691108614088,72,8.235881834604934,1.0
20.759999999890745,-0.6545746534998796,0.0,0.0,905.033560551879,72,8.236308568056014,1.0
20.779999999889988,-0.6604429252967785,0.0,0.0,835.3786824618768,72,8.236876785254468,1.0
20.79999999988923,-0.6647868041822457,0.0,0.0,752.2862607200643,72,8.237609498152343,1.0
20.819999999888473,-0.6665184444120763,0.0,0.0,640.5267267266203,72,8.238507510555591,1.0
20.839999999887716,-0.6670829158903682,0.0,0.0,629.6770366198176,72,8.239542670104097,1.0
20.85999999988696,-0.6687632383160103,0.0,0.0,732.5306976652312,72,8.24067192175556,1.0
20.879999999886202,-0.67304202923483,0.0,0.0,927.6923329987711,72,8.241859018912022,1.0
20.899999999885445,-0.6826742555627792,0.0,0.0,1257.2376371690702,72,8.243094604679666,1.0
20.919999999884688,-0.6982802677364498,0.0,0.0,1593.82263210067,73,8.244394082168247,1.0
20.93999999988393,-0.7177913050676866,0.0,0.0,1822.7128663470944,73,8.24580453371717,1.0
20.959999999883173,-0.7374860181203651,0.0,0.0,1913.137279938776,73,8.247397177182702,1.0
20.979999999882416,-0.7551353789023736,0.0,0.0,1838.6620674394717,72,8.249232196398374,1.0
20.99999999988166,-0.7695023592451465,0.0,0.0,1685.575979992666,73,8.251345925554913,1.0
21.019999999880902,-0.7807044174465958,0.0,0.0,1460.6886697752627,73,8.253753101118104,1.0
21.039999999880145,-0.7881803104477606,0.0,0.0,1155.963825057208,72,8.256466521826871,1.0
21.059999999879388,-0.7909675075157748,0.0,0.0,768.9613944179396,71,8.25950592527876,1.0
21.07999999987863,-0.7906857772166013,0.0,0.0,499.9074489106909,72,8.262890857658158,1.0
21.099999999877873,-0.7889012223395714,0.0,0.0,336.858922998836,72,8.266627058086058,1.0
21.119999999877116,-0.7857313199833985,0.0,0.0,307.21212137540124,72,8.27068895339791,1.0
21.13999999987636,-0.7829985105585107,0.0,0.0,363.68948586514045,72,8.275031623923477,1.0
21.159999999875602,-0.7820245669586445,0.0,0.0,425.7584542426708,72,8.279613589201258,1.0
21.179999999874845,-0.7813102709507614,0.0,0.0,454.82575650163835,72,8.2844095060544,1.0
21.199999999874088,-0.7788993497375948,0.0,0.0,377.03505551529423,72,8.28939921066014,1.0
21.21999999987333,-0.7733857692777408,0.0,0.0,264.30116925344134,72,8.294565432194384,1.0
21.239999999872573,-0.765692807053458,0.0,0.0,155.8142080986828,72,8.299894277525905,1.0
21.259999999871816,-0.7582544867767496,0.0,0.0,128.0716683315386,71,8.305360406245615,1.0
21.27999999987106,-0.7510422526526023,0.0,0.0,122.15813673945442,71,8.31093705732007,1.0
21.299999999870302,-0.7459352723749667,0.0,0.0,120.11123209454651,71,8.316634736423508,1.0
21.319999999869545,-0.7411170536341047,0.0,0.0,96.42808612642868,71,8.322465680417677,1.0
21.339999999868787,-0.7347859824545088,0.0,0.0,44.03181479516861,73,8.328420002140872,1.0
21.35999999986803,-0.7261703642127278,0.0,0.0,34.626039522032364,73,8.334463283084274,1.0
21.379999999867273,-0.7158877739092799,0.0,0.0,31.614868499859018,73,8.340551447300149,1.0
21.399999999866516,-0.7074177008296095,0.0,0.0,57.13207016873513,73,8.34664581167349,1.0
21.41999999986576,-0.7018432227477793,0.0,0.0,61.81587966795329,73,8.35276423256834,1.0
21.439999999865,-0.6943491623898231,0.0,0.0,42.47101205966528,73,8.358986340210404,1.0
21.459999999864245,-0.6792599605248602,0.0,0.0,66.72605616108034,73,8.365371791801325,1.0
21.479999999863487,-0.6561381064076232,0.0,0.0,329.0055018461524,73,8.371973227004569,1.0
21.49999999986273,-0.6276165956629512,0.0,0.0,654.8208731544692,73,8.378836339044037,1.0
21.519999999861973,-0.5971006640614828,0.0,0.0,1043.285388637037,73,8.38591478263186,1.0
21.539999999861216,-0.5687674002234979,0.0,0.0,968.6644380314474,71,8.393146231262127,1.0
21.55999999986046,-0.5383390375896538,0.0,0.0,1316.3482818614675,71,8.40053454699957,1.0
21.5799999998597,-0.4993332914349351,0.0,0.0,1985.4899811849605,71,8.408077837351618,1.0
21.599999999858944,-0.45739563397593425,0.0,0.0,1807.1862311061118,71,8.415754598335658,1.0
21.619999999858187,-0.4172452770924135,0.0,0.0,1870.4771220161585,69,8.423551642660033,1.0
21.63999999985743,-0.3760798660398187,0.0,0.0,1872.0609047954742,69,8.431609479748207,1.0
21.659999999856673,-0.3381872680580361,0.0,0.0,1735.6708181363067,68,8.439932351544185,1.0
21.679999999855916,-0.29804843832336086,0.0,0.0,2070.895824140708,68,8.448657987378876,1.0
21.69999999985516,-0.25551895440963895,0.0,0.0,2021.8231450590208,71,8.45800535605787,1.0
21.7199999998544,-0.2135644918457853,0.0,0.0,2075.231548800593,70,8.467921562000459,1.0
21.739999999853644,-0.17375651019934768,0.0,0.0,2676.1461702658576,69,8.47838771584424,1.0
21.759999999852887,-0.1443590805244562,0.0,0.0,3774.5774453343183,72,8.489313318893362,1.0
21.77999999985213,-0.11370165931648146,0.0,0.0,4345.376909668629,73,8.500494593118809,1.0
21.799999999851373,-0.08826517796267017,0.0,0.0,4312.453431717136,73,8.511798728878547,1.0
21.819999999850616,-0.06190231546669907,0.0,0.0,3458.2179177977073,73,8.523362290939811,1.0
21.83999999984986,-0.037810342023654235,0.0,0.0,1775.744677975616,73,8.535393473058186,1.0
21.8599999998491,-0.016541728073200163,0.0,0.0,1520.604113450875,72,8.547913492414883,1.0
21.879999999848344,0.002169283546759269,0.0,0.0,1398.4805857966746,68,8.56070741996655,1.0
21.899999999847587,0.02090243895556097,0.0,0.0,1488.2064094839714,67,8.573539451617439,1.0
21.91999999984683,0.03815429469198732,0.0,0.0,1625.625550260118,64,8.586234718518885,1.0
21.939999999846073,0.05422522869087546,0.0,0.0,1639.49459129516,69,8.598657728984918,1.0
21.959999999845316,0.06882929107442415,0.0,0.0,1741.0523713801865,70,8.610702095723964,1.0
21.97999999984456,0.0834161316578231,0.0,0.0,1735.5866271889374,70,8.622285028995627,1.0
21.9999999998438,0.09813078894461577,0.0,0.0,1818.5704804740367,67,8.633365177384787,1.0
22.019999999843044,0.11227943172609856,0.0,0.0,1684.1652972147847,68,8.643925325053722,1.0
22.039999999842287,0.12427361103998381,0.0,0.0,1534.2931980183164,68,8.653941604341332,1.0
22.05999999984153,0.1351175803077449,0.0,0.0,1329.3206138587389,66,8.663395329838515,1.0
22.079999999840773,0.13716430959043335,0.0,0.0,1466.462415679278,70,8.672279686245624,1.0
22.099999999840016,0.14886197263787174,0.0,0.0,1268.5479912381875,68,8.680597314738913,1.0
22.11999999983926,0.1582640386526467,0.0,0.0,1223.696871292103,68,8.688358174131949,1.0
22.1399999998385,0.16140285044135222,0.0,0.0,1178.3724856565411,66,8.695577775395046,1.0
22.159999999837744,0.15108757649031307,0.0,0.0,1566.7491072333535,66,8.702275731166738,1.0
22.179999999836987,0.14164273267418465,0.0,0.0,1363.8983469142327,67,8.708474570471637,1.0
22.19999999983623,0.14646567487555823,0.0,0.0,982.0739453311213,69,8.714198776227274,1.0
22.219999999835473,0.15959790136052399,0.0,0.0,1169.224404014018,69,8.719475585551507,1.0
22.239999999834716,0.17616676945178908,0.0,0.0,1225.8238769055629,68,8.724362184344171,1.0
22.25999999983396,0.18964996183852914,0.0,0.0,978.0564718633333,67,8.728934802096497,1.0
22.2799999998332,0.19455441273022406,0.0,0.0,1051.3075564178582,66,8.733240607911517,1.0
22.299999999832444,0.19550379257286124,0.0,0.0,1098.5057076912558,66,8.737341936788807,1.0
22.319999999831687,0.2007094168629416,0.0,0.0,985.635265732935,68,8.741498545838622,1.0
22.33999999983093,0.21002356284700077,0.0,0.0,1149.808655844309,68,8.745819343757645,1.0
22.359999999830173,0.21827933458011986,0.0,0.0,1004.4113980312147,68,8.750294221039766,1.0
22.379999999829415,0.21873722311712057,0.0,0.0,1348.293352265195,68,8.75488819962272,1.0
22.39999999982866,0.20205057365518597,0.0,0.0,2316.7454115005808,68,8.759549337006419,1.0
22.4199999998279,0.17975053287845597,0.0,0.0,2304.359682752463,68,8.76421614750694,1.0
22.439999999827144,0.15623549901947828,0.0,0.0,1932.7560069476888,69,8.768824385687985,1.0
22.459999999826387,0.13497461680055464,0.0,0.0,1900.3708472731762,67,8.7733258848206,1.0
22.47999999982563,0.11490905516925287,0.0,0.0,2033.4335131753626,66,8.77768209587325,1.0
22.499999999824873,0.09443982041942058,0.0,0.0,2094.5386867314182,67,8.781864553253707,1.0
22.519999999824115,0.07243304459029602,0.0,0.0,2066.6394487196844,68,8.785853542259781,1.0
22.539999999823358,0.05068825754369624,0.0,0.0,1899.3245334552726,68,8.789636428899323,1.0
22.5599999998226,0.030744955683847594,0.0,0.0,1872.7383836585598,64,8.793206262198666,1.0
22.579999999821844,0.01675968339228078,0.0,0.0,1693.1261788827333,65,8.796560607925061,1.0
22.599999999821087,0.007408048850668501,0.0,0.0,1552.1975942946815,67,8.799700578551647,1.0
22.61999999982033,0.005554196458914982,0.0,0.0,1346.2901376560492,66,8.802630029373708,1.0
22.639999999819572,0.0005583074492645091,0.0,0.0,1338.785305830688,65,8.805354895056384,1.0
22.659999999818815,-0.004462717468327222,0.0,0.0,1314.8874603889292,65,8.807882644652643,1.0
22.679999999818058,-0.00820169420255634,0.0,0.0,1274.4457172255177,65,8.810221836358982,1.0
22.6999999998173,-0.0023583234061398677,0.0,0.0,882.4232567372903,67,8.812381847568595,1.0
22.719999999816544,0.016735562642042647,0.0,0.0,1654.4877755094662,69,8.814372721364869,1.0
22.739999999815787,0.03807583793513384,0.0,0.0,1545.3997325354517,66,8.81620431869387,1.0
22.75999999981503,0.055010352332781134,0.0,0.0,1342.9773474425172,64,8.817886496639199,1.0
22.779999999814272,0.06499445880388115,0.0,0.0,999.5143311819063,62,8.81942900533926,1.0
22.799999999813515,0.07096588616415221,0.0,0.0,1036.0040617372338,62,8.820841375764337,1.0
22.819999999812758,0.07939150767837466,0.0,0.0,958.8006003478475,63,8.82213283549556,1.0
22.839999999812,0.08496909399314656,0.0,0.0,1055.9678700731943,63,8.823312247456313,1.0
22.859999999811244,0.08445947996545004,0.0,0.0,1455.8695296031922,65,8.824388091170633,1.0
22.879999999810487,0.06758565141082806,0.0,0.0,2049.904967153899,68,8.825368512003207,1.0
22.89999999980973,0.04487819174609954,0.0,0.0,2017.8167394980262,67,8.826261067822601,1.0
22.919999999808972,0.018755212061282896,0.0,0.0,1922.7982894267268,68,8.82707599480129,1.0
22.939999999808215,-0.006841091216703774,0.0,0.0,1770.4689670536188,68,8.82783165780304,1.0
22.959999999807458,-0.029291949664856234,0.0,0.0,1753.1486117125623,69,8.828534507210469,1.0
22.9799999998067,-0.05161503005007858,0.0,0.0,1855.0889624470692,68,8.829189867162869,1.0
22.999999999805944,-0.07326369462215265,0.0,0.0,1831.7780474193955,65,8.829799938828188,1.0
23.019999999805187,-0.09361037375410099,0.0,0.0,1801.1742306996173,65,8.830366280401918,1.0
23.03999999980443,-0.10946115419112347,0.0,0.0,1578.5118504285228,67,8.83089071293958,1.0
23.059999999803672,-0.11677811825366462,0.0,0.0,1440.0306414932747,71,8.831376035218147,1.0
23.079999999802915,-0.10497492941116682,0.0,0.0,1570.4266135671962,66,8.831827123412602,1.0
23.099999999802158,-0.06519195969292957,0.0,0.0,2087.145150636988,68,8.832245617918579,1.0
23.1199999998014,-0.04710712655386286,0.0,0.0,1651.0706042431468,68,8.832632926546758,1.0
23.139999999800644,-0.016188990499062264,0.0,0.0,2337.3479116040585,70,8.83299057915831,1.0
23.159999999799886,0.012791485916070593,0.0,0.0,1811.8881177996905,71,8.833320179196749,1.0
23.17999999979913,0.03843859876513881,0.0,0.0,1938.8769798565204,67,8.833623364967202,1.0
23.199999999798372,0.06272517165604942,0.0,0.0,1749.2164100086395,66,8.833901779036175,1.0
23.219999999797615,0.08246606268263285,0.0,0.0,1629.3895872886492,66,8.834157404777406,1.0
23.239999999796858,0.09004140453781065,0.0,0.0,2494.7664075787466,67,8.834396570133423,1.0
23.2599999997961,0.06892744416696232,0.0,0.0,2995.7333816130276,66,8.834623344680864,1.0
23.279999999795344,0.043233418035877685,0.0,0.0,2127.5931600440695,64,8.834839903907604,1.0
23.299999999794586,0.015191921681017725,0.0,0.0,2043.3968132049883,64,8.835045547755595,1.0
23.31999999979383,-0.00920628539518683,0.0,0.0,1833.216715197868,66,8.835239834190467,1.0
23.339999999793072,-0.029275390841188395,0.0,0.0,2002.4267087306457,66,8.835422577847119,1.0
23.359999999792315,-0.047906691992870225,0.0,0.0,1667.807310511823,66,8.835593795562321,1.0
23.379999999791558,-0.06596622089186625,0.0,0.0,1676.2068532256867,67,8.835753661194254,1.0
23.3999999997908,-0.0810988717709974,0.0,0.0,1639.5399568512098,68,8.835902468294451,1.0
23.419999999790043,-0.09336138945664095,0.0,0.0,1592.2666240168126,65,8.836040606159475,1.0
23.439999999789286,-0.0947246686176211,0.0,0.0,1356.663231594134,64,8.836169213419796,1.0
23.45999999978853,-0.05089582414662382,0.0,0.0,3160.0047265872035,66,8.83628904797288,1.0
23.479999999787772,-0.028753463287632734,0.0,0.0,1299.0277961854313,66,8.836400388376369,1.0
23.499999999787015,-0.0035683653313159274,0.0,0.0,2221.0350224943286,66,8.836503569746124,1.0
23.519999999786258,0.02762853504790035,0.0,0.0,1896.2025740134209,64,8.836598966510156,1.0
23.5399999997855,0.051250073079235334,0.0,0.0,1792.137665239938,62,8.83668697844785,1.0
23.559999999784743,0.07733937103482964,0.0,0.0,2020.8117774162258,64,8.836768019478521,1.0
23.579999999783986,0.1009414904275469,0.0,0.0,1605.593079247634,64,8.836842508745159,1.0
23.59999999978323,0.10644163623325463,0.0,0.0,1078.681623864792,62,8.836910863607017,1.0
23.619999999782472,0.10608251159065764,0.0,0.0,1696.4316498782277,64,8.836973494214861,1.0
23.639999999781715,0.08807953037748419,0.0,0.0,2267.8040739393014,64,8.837030799392432,1.0
23.659999999780958,0.06445702865597414,0.0,0.0,1985.8277724707905,65,8.837083163591426,1.0
23.6799999997802,0.044968028419922014,0.0,0.0,1837.117769723667,66,8.837130954723879,1.0
23.699999999779443,0.024102650441934992,0.0,0.0,1955.4919479332937,66,8.83717452270692,1.0
23.719999999778686,0.005608964530188952,0.0,0.0,1971.622096464624,64,8.837214198582052,1.0
23.73999999977793,-0.014408760578284057,0.0,0.0,1881.7544201221308,65,8.837250294093563,1.0
23.759999999777172,-0.0349110668640801,0.0,0.0,1676.7975016952691,65,8.837283101629671,1.0
23.779999999776415,-0.05308118054919715,0.0,0.0,1559.135862005739,67,8.837312894446761,1.0
23.799999999775657,-0.0685411555033127,0.0,0.0,1445.1366393600015,67,8.83733992711075,1.0
23.8199999997749,-0.0794746711805804,0.0,0.0,1344.928644008421,67,8.83736443610085,1.0
23.839999999774143,-0.06735328309795345,0.0,0.0,1658.036368186642,67,8.837387978267108,1.0
23.859999999773386,-0.039965049379879415,0.0,0.0,1970.548915345125,64,8.837425540076776,1.0
23.87999999977263,-0.017410477340071846,0.0,0.0,1784.3183495198111,64,8.837478346306053,1.0
23.89999999977187,0.007953125916931657,0.0,0.0,2177.059955569992,62,8.837542277076215,1.0
23.919999999771115,0.03843724443967928,0.0,0.0,2088.887129453528,68,8.83761396790152,1.0
23.939999999770357,0.06740481359643223,0.0,0.0,1863.7824809738781,67,8.83769069392183,1.0
23.9599999997696,0.09402691295734482,0.0,0.0,1838.1599240613411,66,8.837770265731953,1.0
23.979999999768843,0.11823134295557597,0.0,0.0,1553.9008443489158,64,8.837850940897798,1.0
23.999999999768086,0.13536485962869946,0.0,0.0,1027.2873629852966,67,8.837931348906531,1.0
24.01999999976733,0.11635636335312487,0.0,0.0,2615.145597162111,65,8.838010427611145,1.0
24.03999999976657,0.09171295292721239,0.0,0.0,2065.7340913881594,65,8.838087369501418,1.0
24.059999999765814,0.0662128317566472,0.0,0.0,2271.9538047190317,65,8.838161576365948,1.0
24.079999999765057,0.040288196832286155,0.0,0.0,2286.146025304216,65,8.838232621112768,1.0
24.0999999997643,0.01378217459383396,0.0,0.0,2324.1102736657103,65,8.838300215689777,1.0
24.119999999763543,-0.016065972426352524,0.0,0.0,3373.340953846142,62,8.83836418419649,1.0
24.139999999762786,-0.041875425153358126,0.0,0.0,2734.596633510467,59,8.838424440408293,1.0
24.15999999976203,-0.06207828223033752,0.0,0.0,1721.505285036127,57,8.838480969045772,1.0
24.17999999976127,-0.07635341278495078,0.0,0.0,1219.2427712719707,66,8.838533810218095,1.0
24.199999999760514,-0.08894523027696218,0.0,0.0,1262.3910970371214,62,8.838583046551646,1.0
24.219999999759757,-0.09761152732575251,0.0,0.0,967.4017083452459,62,8.838628792586789,1.0
24.239999999759,-0.09393906806277477,0.0,0.0,1195.605700969254,62,8.838671186086366,1.0
24.259999999758243,-0.05379473222108591,0.0,0.0,3763.5441035345684,60,8.83871038095232,1.0
24.279999999757486,-0.026867942522506263,0.0,0.0,1630.4819827880701,66,8.838746541491522,1.0
24.29999999975673,0.001985716800326711,0.0,0.0,2592.767652365648,63,8.838779837811341,1.0
24.31999999975597,0.03606299165800494,0.0,0.0,1929.8353165139677,62,8.838810442157492,1.0
24.339999999755214,0.05820745704440665,0.0,0.0,1551.3614633082186,62,8.838838526036378,1.0
24.359999999754457,0.08484821507288408,0.0,0.0,1728.1734788709364,65,8.838864257987142,1.0
24.3799999997537,0.10710961994604194,0.0,0.0,1591.7238866509067,65,8.83888780189052,1.0
24.399999999752943,0.12075320601620626,0.0,0.0,1350.5631037132719,63,8.838909315718487,1.0
24.419999999752186,0.09273997788600424,0.0,0.0,3051.0267934900994,63,8.838928950644268,1.0
24.43999999975143,0.07256115769378405,0.0,0.0,1957.3512912159397,62,8.838946850445,1.0
24.45999999975067,0.051647086085759616,0.0,0.0,2238.1154558264247,63,8.838963151140389,1.0
24.479999999749914,0.024577952452391257,0.0,0.0,2136.7629806834916,63,8.838977980819772,1.0
24.499999999749157,-0.0003854118397326176,0.0,0.0,1928.5270668834191,62,8.838991459618338,1.0
24.5199999997484,-0.02539664554642134,0.0,0.0,1842.8046794603679,59,8.83900369980955,1.0
24.539999999747643,-0.040984123659328714,0.0,0.0,1415.7480489590978,62,8.839014805986668,1.0
24.559999999746886,-0.0565388085297946,0.0,0.0,1664.8916540802952,63,8.839024875311013,1.0
24.57999999974613,-0.06840745849140994,0.0,0.0,1840.8216654737582,61,8.839033997808778,1.0
24.59999999974537,-0.07451126479076108,0.0,0.0,1523.4564008679256,61,8.839042256701369,1.0
24.619999999744614,-0.0736296195485943,0.0,0.0,1140.6794270260623,58,8.839049728757141,1.0
24.639999999743857,-0.043743716849546144,0.0,0.0,1919.2847273809664,55,8.8390564846551,1.0
24.6599999997431,-0.022014934065840243,0.0,0.0,1684.2697984593403,58,8.839062589352563,1.0
24.679999999742343,0.0038951026156292708,0.0,0.0,2217.863606235928,60,8.839068102451032,1.0
24.699999999741586,0.03559748693703941,0.0,0.0,1988.1586689299547,65,8.839073078555263,1.0
24.71999999974083,0.06321262401987872,0.0,0.0,1750.6575753049137,61,8.839077567622402,1.0
24.73999999974007,0.08808137710745353,0.0,0.0,1595.1999783971205,56,8.839081615298266,1.0
24.759999999739314,0.10105465634420416,0.0,0.0,1550.5936835514885,55,8.83908526323897,1.0
24.779999999738557,0.09864546779473271,0.0,0.0,1412.4060374410003,58,8.839088549416735,1.0
24.7999999997378,0.10209071792617247,0.0,0.0,1486.8229648491106,57,8.839091508409137,1.0
24.819999999737043,0.09645054124375588,0.0,0.0,1996.869470315523,58,8.839094171671382,1.0
24.839999999736285,0.08586860296729013,0.0,0.0,2197.4288196190446,58,8.839096567791643,1.0
24.85999999973553,0.07153030993955731,0.0,0.0,2332.5996908142297,62,8.839098722729522,1.0
24.87999999973477,0.04809449209380729,0.0,0.0,2025.7975669540772,63,8.83910066003831,1.0
24.899999999734014,0.025951147190066377,0.0,0.0,1868.0915467022933,61,8.839102401071361,1.0
24.919999999733257,0.0024020465009294578,0.0,0.0,1904.3799175529532,61,8.839103965173159,1.0
24.9399999997325,-0.01921318824703203,0.0,0.0,1825.8702199515287,60,8.839105369856181,1.0
24.959999999731743,-0.04034433442530556,0.0,0.0,1822.8668567496277,62,8.839106630963732,1.0
24.979999999730985,-0.06158641914473932,0.0,0.0,1832.7955479450382,59,8.839107762820056,1.0
24.99999999973023,-0.07941054962445783,0.0,0.0,1711.5051291749062,55,8.839108778368157,1.0
25.01999999972947,-0.0934315342509651,0.0,0.0,1516.8528356669067,56,8.839109689296365,1.0
25.039999999728714,-0.0984631674343552,0.0,0.0,1433.0996109863886,65,8.83911050615407,1.0
25.059999999727957,-0.07088077566278643,0.0,0.0,3710.5408771464286,62,8.839111238457887,1.0
25.0799999997272,-0.03731901777250076,0.0,0.0,1858.112240592767,62,8.839111894788392,1.0
25.099999999726442,-0.014681039536856203,0.0,0.0,2093.5545452079414,65,8.839112482878543,1.0
25.119999999725685,0.019835719496083714,0.0,0.0,2114.847477296765,66,8.839113009694255,1.0
25.139999999724928,0.04942486382312916,0.0,0.0,1746.337866266723,66,8.839113481507649,1.0
25.15999999972417,0.07939867672276411,0.0,0.0,1921.3109843659408,64,8.83911390396386,1.0
25.179999999723414,0.1052225147016699,0.0,0.0,1721.5663894082663,62,8.839114282141693,1.0
25.199999999722657,0.12774819525421827,0.0,0.0,1710.048102389645,62,8.839114620608546,1.0
25.2199999997219,0.1388557774484775,0.0,0.0,1484.028115528546,63,8.839114923470529,1.0
25.239999999721142,0.1075412276820648,0.0,0.0,3061.081382715484,64,8.839115194417587,1.0
25.259999999720385,0.081197949890942,0.0,0.0,2149.4352129937574,64,8.83911543676467,1.0
25.279999999719628,0.04881097708478779,0.0,0.0,2536.14580095417,65,8.839115653488777,1.0
25.29999999971887,0.02130730212847435,0.0,0.0,2429.743964106891,63,8.839115847262516,1.0
25.319999999718114,-0.0011292406953028792,0.0,0.0,2337.351225753241,64,8.839116020484619,1.0
25.339999999717357,-0.01832692544227555,0.0,0.0,1853.583765312134,63,8.839116175307177,1.0
25.3599999997166,-0.0365230072864937,0.0,0.0,1549.7244198884591,66,8.839116334007802,1.0
25.379999999715842,-0.05189891782703912,0.0,0.0,1278.9374130533627,68,8.83911660449324,1.0
25.399999999715085,-0.06462572370444795,0.0,0.0,1247.5974158739295,67,8.839116974942488,1.0
25.419999999714328,-0.07546085006648393,0.0,0.0,1280.6836593037594,64,8.839117417968415,1.0
25.43999999971357,-0.07690914168248146,0.0,0.0,867.4474992027139,65,8.839117911259242,1.0
25.459999999712814,-0.06922230553641963,0.0,0.0,898.0730644531667,64,8.83911843676158,1.0
25.479999999712057,-0.027276373363897804,0.0,0.0,2447.2095962707413,64,8.839118979985763,1.0
25.4999999997113,-0.008463870172784493,0.0,0.0,1165.0418589067467,63,8.839119529415607,1.0
25.519999999710542,0.0172904406968333,0.0,0.0,2030.9157190682495,62,8.839120076008259,1.0
25.539999999709785,0.04464883257948271,0.0,0.0,1730.4735880375815,67,8.839120612770516,1.0
25.559999999709028,0.06963663167943708,0.0,0.0,1648.639730216715,66,8.839121134400703,1.0
25.57999999970827,0.08726254937967678,0.0,0.0,1426.1247103088012,65,8.839121647897445,1.0
25.599999999707514,0.08738500020989771,0.0,0.0,1500.0652432543245,62,8.839122896963707,1.0
25.619999999706756,0.07611587564292045,0.0,0.0,2035.1033055399216,63,8.839126303160821,1.0
25.639999999706,0.06312603078146206,0.0,0.0,2152.3825066141712,65,8.839131502775798,1.0
25.659999999705242,0.04867985442638525,0.0,0.0,1959.6249334227666,67,8.839138024640866,1.0
25.679999999704485,0.034903921764830946,0.0,0.0,1811.816913837799,65,8.83914548387734,1.0
25.699999999703728,0.02258785550957365,0.0,0.0,1827.6001819667042,64,8.839153568083482,1.0
25.71999999970297,0.009769915152986213,0.0,0.0,1824.4528435222564,65,8.839162025581619,1.0
25.739999999702214,-0.002248051095277197,0.0,0.0,1880.4789972882465,64,8.83917065997862,1.0
25.759999999701456,-0.01573570205212841,0.0,0.0,1789.454449260268,62,8.839179320061081,1.0
25.7799999997007,-0.025580478687852196,0.0,0.0,1683.0582172623613,62,8.839187879560177,1.0
25.799999999699942,-0.023220013958520403,0.0,0.0,1514.7209903402522,62,8.839196241445828,1.0
25.819999999699185,-0.014020065166835908,0.0,0.0,1292.6879351965422,63,8.83920433301223,1.0
25.839999999698428,-0.002599820874519662,0.0,0.0,999.9471706475067,60,8.839212101485145,1.0
25.85999999969767,0.008592973384026318,0.0,0.0,1045.3490087495559,59,8.839219510327615,1.0
25.879999999696913,0.025727798246980012,0.0,0.0,1426.9695953088797,59,8.839226536140263,1.0
25.899999999696156,0.05267610199088123,0.0,0.0,1912.9209644006635,62,8.839233214755298,1.0
25.9199999996954,0.0827383276850359,0.0,0.0,1900.865074200072,66,8.839239791163315,1.0
25.939999999694642,0.11143416422620643,0.0,0.0,2321.8675961983026,61,8.839246235321939,1.0
25.959999999693885,0.13734498729087677,0.0,0.0,2020.4363020494145,61,8.839252486744645,1.0
25.979999999693128,0.14787243787025162,0.0,0.0,1324.3948920116727,63,8.839258501078197,1.0
25.99999999969237,0.1377884322552864,0.0,0.0,2078.4764561811635,64,8.839264247135183,1.0
26.019999999691613,0.12112113656960366,0.0,0.0,2238.8016910711576,62,8.839269704402486,1.0
26.039999999690856,0.09917587841191461,0.0,0.0,2384.8450265602996,63,8.839274860954749,1.0
26.0599999996901,0.0761312837194461,0.0,0.0,2492.6542949226487,65,8.839279711711718,1.0
26.079999999689342,0.051768414470225094,0.0,0.0,2378.6385491891488,62,8.839284256987678,1.0
26.099999999688585,0.023536743112062105,0.0,0.0,2383.9624181138433,61,8.839288501287863,1.0
26.119999999687828,-0.004678495141908939,0.0,0.0,3450.2006815412874,59,8.83929245231411,1.0
26.13999999968707,-0.025371162833286005,0.0,0.0,2707.742721097271,60,8.839296120146878,1.0
26.159999999686313,-0.040532159303426206,0.0,0.0,1400.0403202658033,62,8.83929951657587,1.0
26.179999999685556,-0.05261731337680003,0.0,0.0,1267.6925320312755,65,8.839302654555715,1.0
26.1999999996848,-0.06316135454749557,0.0,0.0,1306.483501025518,64,8.83930554776633,1.0
26.219999999684042,-0.07190232501097908,0.0,0.0,1093.402992538834,66,8.839308210260858,1.0
26.239999999683285,-0.06850655032323667,0.0,0.0,719.4429712702093,65,8.839310656186722,1.0
26.259999999682528,-0.040220435874266644,0.0,0.0,3713.213039232216,62,8.839312899567373,1.0
26.27999999968177,0.000378718807104528,0.0,0.0,1559.0677839251537,64,8.839314954134174,1.0
26.299999999681013,0.01781342013801982,0.0,0.0,1785.0245553639077,63,8.839316833199824,1.0
26.319999999680256,0.0466255706265286,0.0,0.0,2438.85677644825,63,8.83931854956579,1.0
26.3399999996795,0.07023967555399348,0.0,0.0,2580.911457685675,67,8.839320119832232,1.0
26.35999999967874,0.08718725855201685,0.0,0.0,1620.9297407410709,64,8.839322004146895,1.0
26.379999999677985,0.07150967602345736,0.0,0.0,2648.732007366232,62,8.839324387149869,1.0
26.399999999677227,0.0548310466007678,0.0,0.0,2396.8431040466685,62,8.839327124753888,1.0
26.41999999967647,0.03271883853368488,0.0,0.0,2247.9584531906407,62,8.839330099953578,1.0
26.439999999675713,0.007031997276621579,0.0,0.0,2127.658636993123,61,8.839333218437707,1.0
26.459999999674956,-0.015479122388384583,0.0,0.0,1824.8685470103658,62,8.839336404860232,1.0
26.4799999996742,-0.035612325802267926,0.0,0.0,1744.6457384714076,62,8.839339599675437,1.0
26.49999999967344,-0.05261780270571717,0.0,0.0,1655.8310606431749,64,8.839342756456535,1.0
26.519999999672685,-0.06506639622087552,0.0,0.0,1620.431835764315,63,8.839345839626995,1.0
26.539999999671927,-0.0731148733386277,0.0,0.0,1990.9163417646205,63,8.839348822545036,1.0
26.55999999967117,-0.06837197572818947,0.0,0.0,1891.995017584242,60,8.839351685889161,1.0
26.579999999670413,-0.027294235587960926,0.0,0.0,2307.124547119851,63,8.839354416300504,1.0
26.599999999669656,-0.005863447799235869,0.0,0.0,1647.4728717201401,63,8.83935700524376,1.0
26.6199999996689,0.021651098242049836,0.0,0.0,2018.4450286113583,59,8.839359448054122,1.0
26.63999999966814,0.04970484676109456,0.0,0.0,2151.1294706139056,57,8.839361743141877,1.0
26.659999999667384,0.07096625718082723,0.0,0.0,2797.257229031322,57,8.839363891331134,1.0
26.679999999666627,0.08090648567194966,0.0,0.0,1910.7879362163046,59,8.839365895311763,1.0
26.69999999966587,0.07813089347922861,0.0,0.0,1909.7523763172742,59,8.839367759187171,1.0
26.719999999665113,0.06911085752293558,0.0,0.0,2202.541221757554,58,8.839369488102745,1.0
26.739999999664356,0.0590309206647032,0.0,0.0,2226.045688413691,59,8.839371087942682,1.0
26.7599999996636,0.04785324433993004,0.0,0.0,2052.067794818182,60,8.83937256508351,1.0
26.77999999966284,0.03640203062132757,0.0,0.0,2125.8098136293424,63,8.839373926195837,1.0
26.799999999662084,0.023820093046667407,0.0,0.0,2050.0017319463245,62,8.839375178085822,1.0
26.819999999661327,0.011816789078271436,0.0,0.0,1969.4974704150654,60,8.839376327570214,1.0
26.83999999966057,-0.0005463048931175227,0.0,0.0,1927.4168015210137,60,8.839377381378865,1.0
26.859999999659813,-0.013072129624105451,0.0,0.0,1899.5652595059173,59,8.839378346080201,1.0
26.879999999659056,-0.023229842443254368,0.0,0.0,1823.9550232241802,58,8.839379228025468,1.0
26.8999999996583,-0.027995271738117205,0.0,0.0,1731.54702310252,60,8.839380033308432,1.0
26.91999999965754,-0.022803324103729903,0.0,0.0,1626.4588291483149,61,8.839380767737609,1.0
26.939999999656784,-0.011731504509932872,0.0,0.0,1460.2977067078693,57,8.839381436818663,1.0
26.959999999656027,0.0035162597407598943,0.0,0.0,1349.147440199431,57,8.839382045744927,1.0
26.97999999965527,0.025279249383356933,0.0,0.0,1782.9476589900898,60,8.839382599394414,1.0
26.999999999654513,0.05457790537538535,0.0,0.0,2110.8804443555605,61,8.839383102331775,1.0
27.019999999653756,0.08708324464223384,0.0,0.0,2781.464992402693,65,8.839383558814447,1.0
27.039999999653,0.11927941650497871,0.0,0.0,3491.563219625735,63,8.839383972801402,1.0
27.05999999965224,0.14767770714845221,0.0,0.0,2924.6960969432184,63,8.839384347964373,1.0
27.079999999651484,0.16934699636990594,0.0,0.0,1450.0494119250359,63,8.839384687700433,1.0
27.099999999650727,0.15565661999083122,0.0,0.0,2858.7593839505903,65,8.839384995145691,1.0
27.11999999964997,0.13458960892678215,0.0,0.0,2159.1139220814634,66,8.839385273189539,1.0
27.139999999649213,0.11137989401466784,0.0,0.0,2168.2541900621786,65,8.839385524489225,1.0
27.159999999648456,0.08769240069509908,0.0,0.0,2309.9184962050685,63,8.839385751484329,1.0
27.1799999996477,0.06695921615089623,0.0,0.0,2216.2121570916856,64,8.839385956411194,1.0
27.19999999964694,0.04673613964869477,0.0,0.0,2129.6494796671996,64,8.83938614131685,1.0
27.219999999646184,0.026786218962306367,0.0,0.0,1997.242980373092,65,8.839386308072598,1.0
27.239999999645427,0.010642592872035117,0.0,0.0,1558.0387196181732,68,8.839386458386914,1.0
27.25999999964467,-0.0027407429024664913,0.0,0.0,1684.1847290920198,67,8.839386593817823,1.0
27.279999999643913,-0.014432257295237148,0.0,0.0,1804.2757750529536,66,8.839386715784652,1.0
27.299999999643155,-0.023620254730241777,0.0,0.0,1867.3770053772685,64,8.839386825578996,1.0
27.3199999996424,-0.02595759442306805,0.0,0.0,1809.467126571913,64,8.839386924375189,1.0
27.33999999964164,-0.015264612755516003,0.0,0.0,1243.7104214144442,63,8.839387013239904,1.0
27.359999999640884,0.020208809870250685,0.0,0.0,2163.273345983957,68,8.839387093141251,1.0
27.379999999640127,0.04147376698208169,0.0,0.0,1464.320586180266,68,8.839387164957142,1.0
27.39999999963937,0.07052946757214203,0.0,0.0,1818.3945028275668,67,8.839387229483133,1.0
27.419999999638613,0.09595703105269413,0.0,0.0,1631.317642472907,64,8.839387287439639,1.0
27.439999999637855,0.10872847910663182,0.0,0.0,1039.6102612917502,64,8.839387339478524,1.0
27.4599999996371,0.11415100807214056,0.0,0.0,1369.1908050106877,67,8.839387386189346,1.0
27.47999999963634,0.11030278270242952,0.0,0.0,1771.5116145599332,67,8.839387576214326,1.0
27.499999999635584,0.09911342094598809,0.0,0.0,1990.8305332194514,67,8.839388071374037,1.0
27.519999999634827,0.08576362777667311,0.0,0.0,1813.4660257808555,68,8.839388798380837,1.0
27.53999999963407,0.06716638498384499,0.0,0.0,1809.2056327637076,67,8.839389695559111,1.0
27.559999999633312,0.050282238390690334,0.0,0.0,1694.2804650038386,66,8.839390712569068,1.0
27.579999999632555,0.03464323190573695,0.0,0.0,1611.5598010453768,65,8.839391808589093,1.0
27.599999999631798,0.023079850989189413,0.0,0.0,1537.8225181882895,63,8.839392950769422,1.0
27.61999999963104,0.017834103557216232,0.0,0.0,1528.2856440159615,63,8.839394112918315,1.0
27.639999999630284,0.03413086447966518,0.0,0.0,1606.4724870131329,67,8.839395274390538,1.0
27.659999999629527,0.058597109476599844,0.0,0.0,1265.8268413096425,68,8.839396770428987,1.0
27.67999999962877,0.08256207713197623,0.0,0.0,1411.0389682778903,68,8.839398825005011,1.0
27.699999999628012,0.11062496476755126,0.0,0.0,1503.5782355401302,69,8.839405501188976,1.0
27.719999999627255,0.13963568146569225,0.0,0.0,1608.9899834452342,69,8.83944634321349,1.0
27.739999999626498,0.1627539497852719,0.0,0.0,1201.39715072927,69,8.839543702727678,1.0
27.75999999962574,0.17371642731655623,0.0,0.0,1218.6414799466725,69,8.839712662384764,1.0
27.779999999624984,0.17310170998065333,0.0,0.0,1735.7546320053311,69,8.83996333310576,1.0
27.799999999624227,0.16442082447270023,0.0,0.0,1948.8321814740566,70,8.84065367739827,1.0
27.81999999962347,0.15173974040498484,0.0,0.0,1834.6880072803174,68,8.842496141837444,1.0
27.839999999622712,0.1378879101718624,0.0,0.0,1789.3461710782244,68,8.845902046462152,1.0
27.859999999621955,0.12318112249509183,0.0,0.0,1803.8634804945802,68,8.851286672328861,1.0
27.879999999621198,0.10901405592129335,0.0,0.0,1734.8679699148074,68,8.85905065089121,1.0
27.89999999962044,0.097590242766667,0.0,0.0,1572.3755991380833,67,8.86939129802526,1.0
27.919999999619684,0.08935268505357484,0.0,0.0,1531.618890390054,67,8.882126562144943,1.0
27.939999999618927,0.08668111198763082,0.0,0.0,1522.0570297426636,67,8.89688394580386,1.0
27.95999999961817,0.09758180812182272,0.0,0.0,1698.6049688265803,67,8.913319727699514,1.0
27.979999999617412,0.11687000748241369,0.0,0.0,1141.714734844844,69,8.931194095581064,1.0
27.999999999616655,0.13883170719882929,0.0,0.0,1201.0480322807025,68,8.950011884470582,1.0
28.019999999615898,0.16194013548068784,0.0,0.0,1232.9723912442962,68,8.969302098670004,1.0
28.03999999961514,0.18370792369219863,0.0,0.0,1279.2222375938272,68,8.988709378560776,1.0
28.059999999614384,0.2049392019962871,0.0,0.0,1023.3836355206612,69,9.007966809742566,1.0
28.079999999613626,0.21757803874980497,0.0,0.0,1257.2763693536826,69,9.026862606820204,1.0
28.09999999961287,0.22112416433768417,0.0,0.0,1617.9881206862165,68,9.045219796804512,1.0
28.119999999612112,0.21488322663276668,0.0,0.0,1782.61750192426,68,9.062902253702791,1.0
28.139999999611355,0.20524873781734349,0.0,0.0,1725.0988630860106,68,9.079813323233573,1.0
28.159999999610598,0.19356948193208495,0.0,0.0,1571.7328096486522,68,9.095888594882931,1.0
28.17999999960984,0.1817656189449058,0.0,0.0,1526.2317710235236,68,9.111089633110529,1.0
28.199999999609084,0.17431115311218137,0.0,0.0,1523.7263124341275,68,9.125398739693507,1.0
28.219999999608326,0.17073289139898803,0.0,0.0,1518.506019995661,68,9.138814591060003,1.0
28.23999999960757,0.1827608944810711,0.0,0.0,1486.9074242040708,69,9.151348616970248,1.0
28.259999999606812,0.1986635681057374,0.0,0.0,1042.2473415379318,68,9.163022159509932,1.0
28.279999999606055,0.21608557797756955,0.0,0.0,1012.815382103764,68,9.173869869755935,1.0
28.299999999605298,0.2353765122507587,0.0,0.0,1036.66386075904,68,9.183960605033182,1.0
28.31999999960454,0.25519298035621435,0.0,0.0,1092.6345429182427,69,9.193358203496338,1.0
28.339999999603783,0.27515614929294296,0.0,0.0,1221.1375428724532,69,9.202107064338097,1.0
28.359999999603026,0.2853324527111369,0.0,0.0,1373.8213602684912,68,9.210236499089772,1.0
28.37999999960227,0.2862512457140778,0.0,0.0,1615.44942416624,68,9.217770996154329,1.0
28.399999999601512,0.2793560796094794,0.0,0.0,1765.6463695692962,67,9.2247377079736,1.0
28.419999999600755,0.2688478651111133,0.0,0.0,1690.5257962248752,67,9.231165670974502,1.0
28.439999999599998,0.25792500218399445,0.0,0.0,1637.2100866322746,67,9.237084981793906,1.0
28.45999999959924,0.24873795460004805,0.0,0.0,1598.0755762602118,67,9.242526141825683,1.0
28.479999999598483,0.24427611429856233,0.0,0.0,1558.9593659828613,66,9.2475195418173,1.0
28.499999999597726,0.24206805759525957,0.0,0.0,1573.8053600643805,68,9.252095062574181,1.0
28.51999999959697,0.25374030252387075,0.0,0.0,1547.823311824474,69,9.256281771532839,1.0
28.539999999596212,0.26773108498063336,0.0,0.0,1164.0093923131112,68,9.260107698125102,1.0
28.559999999595455,0.2841125215738039,0.0,0.0,1146.0212231830028,68,9.263599673552752,1.0
28.579999999594698,0.3015078373290191,0.0,0.0,1202.8082012368059,68,9.266783222890167,1.0
28.59999999959394,0.3154128441773,0.0,0.0,1340.493166099889,68,9.2696824993885,1.0
28.619999999593183,0.3234087275581245,0.0,0.0,1568.5066297567294,68,9.272320252516893,1.0
28.639999999592426,0.3236035528465141,0.0,0.0,1684.1484727633099,68,9.27471782268764,1.0
28.65999999959167,0.3195820363204594,0.0,0.0,1742.1019578002306,68,9.276895156807216,1.0
28.679999999590912,0.31563454123042367,0.0,0.0,1707.286101279464,68,9.278870839807425,1.0
28.699999999590155,0.3114788382849041,0.0,0.0,1653.1537853684915,68,9.280662138164304,1.0
28.719999999589398,0.3100462062990681,0.0,0.0,1607.2019333254343,68,9.282285052133695,1.0
28.73999999958864,0.3185645182150909,0.0,0.0,1603.4934661872483,68,9.283754374036883,1.0
28.759999999587883,0.3345737094651079,0.0,0.0,1361.1198859534031,68,9.285083750438684,1.0
28.779999999587126,0.35333585397552,0.0,0.0,1207.2708627162383,68,9.286285755333319,1.0
28.79999999958637,0.3729808881224901,0.0,0.0,1127.462835183717,68,9.287372039986252,1.0
28.81999999958561,0.3920028608339412,0.0,0.0,1199.5210884169023,67,9.288353205305656,1.0
28.839999999584855,0.40754546102268546,0.0,0.0,1423.381388102672,67,9.289238932075339,1.0
28.859999999584097,0.41247286842952774,0.0,0.0,1603.7724153918723,67,9.290038080397252,1.0
28.87999999958334,0.4066611791043071,0.0,0.0,1824.202619957066,68,9.290758748533353,1.0
28.899999999582583,0.39510883665048074,0.0,0.0,1752.2891546435244,69,9.291408330109405,1.0
28.919999999581826,0.3774585843397414,0.0,0.0,1670.1600717420313,70,9.29199368553675,1.0
28.93999999958107,0.3561836723147405,0.0,0.0,1595.4577466300548,68,9.292521039618277,1.0
28.95999999958031,0.3346555424930654,0.0,0.0,1547.9552065753662,67,9.292995929869017,1.0
28.979999999579555,0.31595233859476496,0.0,0.0,1515.6286730634474,67,9.293423394256049,1.0
28.999999999578797,0.3042066395352824,0.0,0.0,1541.8398161984903,67,9.293808012395727,1.0
29.01999999957804,0.2992661599352137,0.0,0.0,1610.805121680595,67,9.29415394356019,1.0
29.039999999577283,0.2995591613924802,0.0,0.0,1625.8222535840946,67,9.294464962098425,1.0
29.059999999576526,0.3046326613245825,0.0,0.0,1676.1377543381636,66,9.294744490352997,1.0
29.07999999957577,0.33004586143034514,0.0,0.0,1665.3601232453232,66,9.294995629625433,1.0
29.09999999957501,0.3544957079476011,0.0,0.0,1573.4912899884914,65,9.295221336772002,1.0
29.119999999574254,0.37995196680145044,0.0,0.0,1712.2753238336088,66,9.295425475001016,1.0
29.139999999573497,0.40753688629840756,0.0,0.0,1643.9815745064361,65,9.295610427186974,1.0
29.15999999957274,0.4298199062070635,0.0,0.0,1240.887330895248,65,9.295777878318198,1.0
29.179999999571983,0.4464132976564271,0.0,0.0,1924.389317867427,64,9.295929382946099,1.0
29.199999999571226,0.45193136208443885,0.0,0.0,2102.8250329076827,64,9.296066372495984,1.0
29.21999999957047,0.4488635671494449,0.0,0.0,1841.5406762504601,65,9.296190162670147,1.0
29.23999999956971,0.41957914835632476,0.0,0.0,1715.7420437544495,66,9.296301960819537,1.0
29.259999999568954,0.3940847757892755,0.0,0.0,1657.9385925968434,66,9.296402873188258,1.0
29.279999999568197,0.36395208394144557,0.0,0.0,1744.62423745637,66,9.296493911957628,1.0
29.29999999956744,0.3374113650544006,0.0,0.0,1436.9751753359465,64,9.29657600203688,1.0
29.319999999566683,0.31749193781173457,0.0,0.0,1032.0285629653897,64,9.296649987561397,1.0
29.339999999565926,0.30811167176045695,0.0,0.0,1200.3793670646692,65,9.296716638073208,1.0
29.35999999956517,0.30758322165475666,0.0,0.0,1569.2635603369797,64,9.296776654368228,1.0
29.37999999956441,0.31123941611607026,0.0,0.0,1912.0942367267771,65,9.296830674002523,1.0
29.399999999563654,0.32544211459095135,0.0,0.0,1644.054569220524,65,9.29687927645665,1.0
29.419999999562897,0.34140341167714283,0.0,0.0,1465.685986429651,65,9.296922987962217,1.0
29.43999999956214,0.3581962274978852,0.0,0.0,1415.2480999633149,66,9.296962285998264,1.0
29.459999999561383,0.37875203478706854,0.0,0.0,1620.0010125937802,68,9.29699760351118,1.0
29.479999999560626,0.40079483830955887,0.0,0.0,1491.7806875892034,67,9.297029492520656,1.0
29.49999999955987,0.4245579361588218,0.0,0.0,1434.8621753472778,66,9.297058876260097,1.0
29.51999999955911,0.4474072682189678,0.0,0.0,1499.6064562750526,67,9.297086001401592,1.0
29.539999999558354,0.4678728350009141,0.0,0.0,1803.8354256958085,67,9.297110991648067,1.0
29.559999999557597,0.484398843981356,0.0,0.0,2008.3426142940339,66,9.297133972983099,1.0
29.57999999955684,0.4940466568865425,0.0,0.0,1931.9177726344249,66,9.297155071406799,1.0
29.599999999556083,0.5001540338906593,0.0,0.0,1843.1467379199382,66,9.297174411174588,1.0
29.619999999555326,0.5043617308135279,0.0,0.0,1906.3253547155853,65,9.297192113451965,1.0
29.63999999955457,0.5073605782937443,0.0,0.0,1893.7743482161313,66,9.29720829531129,1.0
29.65999999955381,0.5091962690105777,0.0,0.0,1793.66914910131,65,9.297223069008721,1.0
29.679999999553054,0.5076305102078945,0.0,0.0,1724.2385169237045,65,9.297236541488976,1.0
29.699999999552297,0.4994544953420008,0.0,0.0,1593.4823729771983,65,9.297248814074347,1.0
29.71999999955154,0.48643300706691794,0.0,0.0,1101.476881618894,65,9.297260049238991,1.0
29.739999999550783,0.467635751945756,0.0,0.0,1476.8394340222762,65,9.297270791321754,1.0
29.759999999550026,0.44367231382296923,0.0,0.0,1834.3611990006655,66,9.297281092575274,1.0
29.77999999954927,0.41478076647928847,0.0,0.0,2101.0804893278796,67,9.297290907305818,1.0
29.79999999954851,0.38274201063916696,0.0,0.0,2063.7909646693947,66,9.297300206762529,1.0
29.819999999547754,0.3523866198087308,0.0,0.0,1813.947600958511,65,9.297308975772419,1.0
29.839999999546997,0.3294794192483197,0.0,0.0,1663.3367194612956,65,9.297317209933814,1.0
29.85999999954624,0.32227267995832976,0.0,0.0,1521.0509036065196,65,9.29732491328351,1.0
29.879999999545483,0.3262916345999609,0.0,0.0,2253.2055948642437,66,9.297332096364787,1.0
29.899999999544725,0.33535211514260954,0.0,0.0,2082.4441991791086,63,9.297338774634031,1.0
29.91999999954397,0.3579869182787668,0.0,0.0,3440.4793503131086,63,9.2973449671531,1.0
29.93999999954321,0.37797451673652976,0.0,0.0,4187.1180141423765,63,9.29735069552198,1.0
29.959999999542454,0.4024607402021374,0.0,0.0,5698.50411872558,62,9.297355983013363,1.0
29.979999999541697,0.42706704900397596,0.0,0.0,7140.368370030123,62,9.29736085387619,1.0
29.99999999954094,0.44897558324569325,0.0,0.0,9045.357679674256,62,9.297365332780481,1.0
