{
  "config": "50 kW",
  "beam_profile": "PROFILE_AIRFOIL",
  "axial_profile": "AXIAL_TRUMPET",
  "timestamp": "2026-04-21T05:06:06.569",
  "best_mass_kg": 400.71927525378663,
  "min_fos": 1.8000000000000005,
  "evaluations": 192109320,
  "generations": 2000000,
  "elapsed_s": 3274.4641308784485,
  "archive_size": 200,
  "design": {
    "Do_top_m": 0.16283800962197098,
    "t_over_D": 0.02000000000000003,
    "beam_aspect": 0.2,
    "Do_scale_exp": 0.4192566877434061,
    "axial_profile": "AXIAL_TRUMPET",
    "profile_exp": 2.738173100307784,
    "straight_frac": 0.17237579286751548,
    "r_hub_m": 5.366563145999495,
    "taper_ratio": 1.0,
    "n_rings": 5,
    "tether_length_m": 67.0820393249937,
    "n_lines": 8,
    "knuckle_mass_kg": 0.010000000000003569
  },
  "evaluation": {
    "mass_total_kg": 400.71927525378663,
    "mass_beams_kg": 400.15927525378646,
    "mass_knuckles_kg": 0.5600000000001999,
    "min_fos": 1.8000000000000005,
    "worst_ring_idx": 2,
    "feasible": true
  }
}
