island,iteration,mass_kg
1,1,1.000001e6
1,2,1.000001e6
1,3,1.000001e6
1,4,1.000001e6
1,5,1.000001e6
1,6,1.000001e6
1,7,1.000001e6
1,8,1.000001e6
1,9,1.000001e6
1,10,1.000001e6
1,11,1.000001e6
1,12,1.000001e6
1,13,1.000001e6
1,14,1.000001e6
1,15,1.000001e6
1,16,1.000001e6
1,17,1741.047344986258
1,18,1741.047344986258
1,19,1741.047344986258
1,20,1741.047344986258
1,21,1741.047344986258
1,22,1741.047344986258
1,23,1741.047344986258
1,24,1741.047344986258
1,25,1741.047344986258
1,26,469.8272914256043
1,27,469.8272914256043
1,28,469.8272914256043
1,29,469.8272914256043
1,30,469.8272914256043
1,31,469.8272914256043
1,32,469.8272914256043
1,33,469.8272914256043
1,34,469.8272914256043
1,35,469.8272914256043
1,36,469.8272914256043
1,37,469.8272914256043
1,38,469.8272914256043
1,39,469.8272914256043
1,40,469.8272914256043
1,41,469.8272914256043
1,42,469.8272914256043
1,43,469.8272914256043
1,44,469.8272914256043
1,45,469.8272914256043
1,46,469.8272914256043
1,47,469.8272914256043
1,48,469.8272914256043
1,49,469.8272914256043
1,50,469.8272914256043
1,51,469.8272914256043
1,52,469.8272914256043
1,53,469.8272914256043
1,54,469.8272914256043
1,55,469.8272914256043
1,56,290.009217620415
1,57,290.009217620415
1,58,290.009217620415
1,59,290.009217620415
1,60,290.009217620415
1,61,290.009217620415
1,62,290.009217620415
1,63,290.009217620415
1,64,290.009217620415
1,65,290.009217620415
1,66,290.009217620415
1,67,290.009217620415
1,68,290.009217620415
1,69,290.009217620415
1,70,257.77290624995265
1,71,257.77290624995265
1,72,257.77290624995265
1,73,257.77290624995265
1,74,257.77290624995265
1,75,257.77290624995265
1,76,257.77290624995265
1,77,257.77290624995265
1,78,257.77290624995265
1,79,248.60801047459634
1,80,248.60801047459634
1,81,226.71118952399132
1,82,226.71118952399132
1,83,226.71118952399132
1,84,161.5615591964027
1,85,161.5615591964027
1,86,161.5615591964027
1,87,161.5615591964027
1,88,161.5615591964027
1,89,161.5615591964027
1,90,161.5615591964027
1,91,137.1310674289553
1,92,137.1310674289553
1,93,137.1310674289553
1,94,137.1310674289553
1,95,137.1310674289553
1,96,137.1310674289553
1,97,137.1310674289553
1,98,137.1310674289553
1,99,137.1310674289553
1,100,100.63364357963698
1,101,100.63364357963698
1,102,100.63364357963698
1,103,100.63364357963698
1,104,100.63364357963698
1,105,100.63364357963698
1,106,100.63364357963698
1,107,100.63364357963698
1,108,100.63364357963698
1,109,100.63364357963698
1,110,100.63364357963698
1,111,100.63364357963698
1,112,100.63364357963698
1,113,100.63364357963698
1,114,100.63364357963698
1,115,100.63364357963698
1,116,100.63364357963698
1,117,89.00783814357764
1,118,89.00783814357764
1,119,89.00783814357764
1,120,89.00783814357764
1,121,89.00783814357764
1,122,89.00783814357764
1,123,89.00783814357764
1,124,89.00783814357764
1,125,89.00783814357764
1,126,89.00783814357764
1,127,89.00783814357764
1,128,89.00783814357764
1,129,89.00783814357764
1,130,89.00783814357764
1,131,89.00783814357764
1,132,89.00783814357764
1,133,89.00783814357764
1,134,89.00783814357764
1,135,89.00783814357764
1,136,89.00783814357764
1,137,89.00783814357764
1,138,89.00783814357764
1,139,80.402340737539
1,140,80.402340737539
1,141,80.402340737539
1,142,80.402340737539
1,143,80.402340737539
1,144,80.402340737539
1,145,80.402340737539
1,146,80.402340737539
1,147,80.402340737539
1,148,80.402340737539
1,149,80.402340737539
1,150,80.402340737539
1,151,80.402340737539
1,152,80.402340737539
1,153,80.402340737539
1,154,80.402340737539
1,155,80.402340737539
1,156,80.402340737539
1,157,80.402340737539
1,158,80.402340737539
1,159,80.402340737539
1,160,77.91090648070663
1,161,77.91090648070663
1,162,77.91090648070663
1,163,77.91090648070663
1,164,77.91090648070663
1,165,77.91090648070663
1,166,77.91090648070663
1,167,77.91090648070663
1,168,77.91090648070663
1,169,77.91090648070663
1,170,77.91090648070663
1,171,77.91090648070663
1,172,77.91090648070663
1,173,77.91090648070663
1,174,77.91090648070663
1,175,77.91090648070663
1,176,77.91090648070663
1,177,77.91090648070663
1,178,77.91090648070663
1,179,77.91090648070663
1,180,77.91090648070663
1,181,77.91090648070663
1,182,77.91090648070663
1,183,77.91090648070663
1,184,77.91090648070663
1,185,77.91090648070663
1,186,77.91090648070663
1,187,77.91090648070663
1,188,77.91090648070663
1,189,77.91090648070663
1,190,77.91090648070663
1,191,77.91090648070663
1,192,77.91090648070663
1,193,77.91090648070663
1,194,77.91090648070663
1,195,77.91090648070663
1,196,77.91090648070663
1,197,77.91090648070663
1,198,77.91090648070663
1,199,77.91090648070663
1,200,77.91090648070663
1,201,73.24872983171633
1,202,73.24872983171633
1,203,73.24872983171633
1,204,73.24872983171633
1,205,73.24872983171633
1,206,67.22174498363971
1,207,67.22174498363971
1,208,67.22174498363971
1,209,67.22174498363971
1,210,67.22174498363971
1,211,67.22174498363971
1,212,67.22174498363971
1,213,67.22174498363971
1,214,67.22174498363971
1,215,67.22174498363971
1,216,67.22174498363971
1,217,67.22174498363971
1,218,67.22174498363971
1,219,67.22174498363971
1,220,67.22174498363971
1,221,67.22174498363971
1,222,67.22174498363971
1,223,67.22174498363971
1,224,67.22174498363971
1,225,67.22174498363971
1,226,67.22174498363971
1,227,67.22174498363971
1,228,67.22174498363971
1,229,67.22174498363971
1,230,67.22174498363971
1,231,67.22174498363971
1,232,67.22174498363971
1,233,67.22174498363971
1,234,67.22174498363971
1,235,67.22174498363971
1,236,67.22174498363971
1,237,67.22174498363971
1,238,67.22174498363971
1,239,67.22174498363971
1,240,67.22174498363971
1,241,67.22174498363971
1,242,67.22174498363971
1,243,67.22174498363971
1,244,67.22174498363971
1,245,67.22174498363971
1,246,67.22174498363971
1,247,67.22174498363971
1,248,67.22174498363971
1,249,67.22174498363971
1,250,67.22174498363971
1,251,67.22174498363971
1,252,67.22174498363971
1,253,67.22174498363971
1,254,67.22174498363971
1,255,67.22174498363971
1,256,67.22174498363971
1,257,67.22174498363971
1,258,67.22174498363971
1,259,67.22174498363971
1,260,67.22174498363971
1,261,67.22174498363971
1,262,67.22174498363971
1,263,67.22174498363971
1,264,67.22174498363971
1,265,67.22174498363971
1,266,67.22174498363971
1,267,67.22174498363971
1,268,67.22174498363971
1,269,67.22174498363971
1,270,67.22174498363971
1,271,67.22174498363971
1,272,67.22174498363971
1,273,67.22174498363971
1,274,67.22174498363971
1,275,67.22174498363971
1,276,67.22174498363971
1,277,67.22174498363971
1,278,67.22174498363971
1,279,67.22174498363971
1,280,67.22174498363971
1,281,67.22174498363971
1,282,67.22174498363971
1,283,67.22174498363971
1,284,67.22174498363971
1,285,67.22174498363971
1,286,67.22174498363971
1,287,67.22174498363971
1,288,67.22174498363971
1,289,67.22174498363971
1,290,67.22174498363971
1,291,67.22174498363971
1,292,67.22174498363971
1,293,67.22174498363971
1,294,67.22174498363971
1,295,67.22174498363971
1,296,67.22174498363971
1,297,67.22174498363971
1,298,67.22174498363971
1,299,67.22174498363971
1,300,67.22174498363971
1,301,67.22174498363971
1,302,67.22174498363971
1,303,67.22174498363971
1,304,67.22174498363971
1,305,67.22174498363971
1,306,67.22174498363971
1,307,67.22174498363971
1,308,67.22174498363971
1,309,67.22174498363971
1,310,67.19054347044566
1,311,67.19054347044566
1,312,67.19054347044566
1,313,67.19054347044566
1,314,66.94417099590123
1,315,62.58661661727795
1,316,62.58661661727795
1,317,62.58661661727795
1,318,62.58661661727795
1,319,62.58661661727795
1,320,62.58661661727795
1,321,62.58661661727795
1,322,62.58661661727795
1,323,62.58661661727795
1,324,62.58661661727795
1,325,62.58661661727795
1,326,62.58661661727795
1,327,62.58661661727795
1,328,62.58661661727795
1,329,62.58661661727795
1,330,62.58661661727795
1,331,62.58661661727795
1,332,62.58661661727795
1,333,62.58661661727795
1,334,62.58661661727795
1,335,62.58661661727795
1,336,62.58661661727795
1,337,62.58661661727795
1,338,62.58661661727795
1,339,62.58661661727795
1,340,62.58661661727795
1,341,62.58661661727795
1,342,62.58661661727795
1,343,62.58661661727795
1,344,62.58661661727795
1,345,62.58661661727795
1,346,62.58661661727795
1,347,62.58661661727795
1,348,62.58661661727795
1,349,62.58661661727795
1,350,62.58661661727795
1,351,62.58661661727795
1,352,62.58661661727795
1,353,62.58661661727795
1,354,62.58661661727795
1,355,62.58661661727795
1,356,62.58661661727795
1,357,62.58661661727795
1,358,62.58661661727795
1,359,62.58661661727795
1,360,62.58661661727795
1,361,62.58661661727795
1,362,62.58661661727795
1,363,62.58661661727795
1,364,62.58661661727795
1,365,62.58661661727795
1,366,62.58661661727795
1,367,62.58661661727795
1,368,62.58661661727795
1,369,62.58661661727795
1,370,62.58661661727795
1,371,62.58661661727795
1,372,62.58661661727795
1,373,62.166958801334964
1,374,62.166958801334964
1,375,62.166958801334964
1,376,62.166958801334964
1,377,62.166958801334964
1,378,62.166958801334964
1,379,62.166958801334964
1,380,62.166958801334964
1,381,62.166958801334964
1,382,62.166958801334964
1,383,62.166958801334964
1,384,62.166958801334964
1,385,62.166958801334964
1,386,62.166958801334964
1,387,62.166958801334964
1,388,62.166958801334964
1,389,62.166958801334964
1,390,62.166958801334964
1,391,62.166958801334964
1,392,61.88432648550852
1,393,61.88432648550852
1,394,61.88432648550852
1,395,61.88432648550852
1,396,61.88432648550852
1,397,61.88432648550852
1,398,61.46894765485802
1,399,61.46894765485802
1,400,61.46894765485802
1,401,61.46894765485802
1,402,61.46894765485802
1,403,61.46894765485802
1,404,61.46894765485802
1,405,61.46894765485802
1,406,61.46894765485802
1,407,61.46894765485802
1,408,61.46894765485802
1,409,61.46894765485802
1,410,61.46894765485802
1,411,61.46894765485802
1,412,61.46894765485802
1,413,61.46894765485802
1,414,61.46894765485802
1,415,61.46894765485802
1,416,61.46894765485802
1,417,61.46894765485802
1,418,61.46894765485802
1,419,61.46894765485802
1,420,61.46894765485802
1,421,61.46894765485802
1,422,61.46510433277878
1,423,61.46510433277878
1,424,61.46510433277878
1,425,61.46510433277878
1,426,61.46510433277878
1,427,61.46510433277878
1,428,61.46510433277878
1,429,61.37251875696291
1,430,61.37251875696291
1,431,61.37251875696291
1,432,61.37251875696291
1,433,61.37251875696291
1,434,61.37251875696291
1,435,61.37251875696291
1,436,61.37251875696291
1,437,61.37251875696291
1,438,61.37251875696291
1,439,61.32853261323178
1,440,61.32853261323178
1,441,61.32853261323178
1,442,61.32853261323178
1,443,61.32853261323178
1,444,61.32853261323178
1,445,61.01157977853236
1,446,61.01157977853236
1,447,61.01157977853236
1,448,61.01157977853236
1,449,61.01157977853236
1,450,61.01157977853236
1,451,61.01157977853236
1,452,61.01157977853236
1,453,61.01157977853236
1,454,61.01157977853236
1,455,61.01157977853236
1,456,61.01157977853236
1,457,61.01157977853236
1,458,61.01157977853236
1,459,61.01157977853236
1,460,61.01157977853236
1,461,61.01157977853236
1,462,61.01157977853236
1,463,61.01157977853236
1,464,61.01157977853236
1,465,61.01157977853236
1,466,61.01157977853236
1,467,61.01157977853236
1,468,61.01157977853236
1,469,61.01157977853236
1,470,61.01157977853236
1,471,61.01157977853236
1,472,61.01157977853236
1,473,61.01157977853236
1,474,61.01157977853236
1,475,61.01157977853236
1,476,61.01157977853236
1,477,61.01157977853236
1,478,61.01157977853236
1,479,61.01157977853236
1,480,61.01157977853236
1,481,61.01157977853236
1,482,61.01157977853236
1,483,61.01157977853236
1,484,61.01157977853236
1,485,61.01157977853236
1,486,61.01157977853236
1,487,61.01157977853236
1,488,61.01157977853236
1,489,61.01157977853236
1,490,61.01157977853236
1,491,61.01157977853236
1,492,61.01157977853236
1,493,61.01157977853236
1,494,61.01157977853236
1,495,61.01157977853236
1,496,61.01157977853236
1,497,61.01157977853236
1,498,61.01157977853236
1,499,61.01157977853236
1,500,61.01157977853236
1,501,61.01157977853236
1,502,61.01157977853236
1,503,61.01157977853236
1,504,60.979746086395465
1,505,60.979746086395465
1,506,60.979746086395465
1,507,60.979746086395465
1,508,60.979746086395465
1,509,60.979746086395465
1,510,60.979746086395465
1,511,60.979746086395465
1,512,60.979746086395465
1,513,60.979746086395465
1,514,60.979746086395465
1,515,60.979746086395465
1,516,60.979746086395465
1,517,60.979746086395465
1,518,60.979746086395465
1,519,60.979746086395465
1,520,60.973532632919486
1,521,60.973532632919486
1,522,60.973532632919486
1,523,60.973532632919486
1,524,60.973532632919486
1,525,60.973532632919486
1,526,60.973532632919486
1,527,60.973532632919486
1,528,60.973532632919486
1,529,60.973532632919486
1,530,60.973532632919486
1,531,60.973532632919486
1,532,60.973532632919486
1,533,60.973532632919486
1,534,60.973532632919486
1,535,60.973532632919486
1,536,60.92085154353252
1,537,60.92085154353252
1,538,60.92085154353252
1,539,60.92085154353252
1,540,60.92085154353252
1,541,60.92085154353252
1,542,60.92085154353252
1,543,60.92085154353252
1,544,60.92085154353252
1,545,60.92085154353252
1,546,60.92085154353252
1,547,60.92085154353252
1,548,60.92085154353252
1,549,60.92085154353252
1,550,60.92085154353252
1,551,60.92085154353252
1,552,60.92085154353252
1,553,60.92085154353252
1,554,60.92085154353252
1,555,60.92085154353252
1,556,60.92085154353252
1,557,60.92085154353252
1,558,60.92085154353252
1,559,60.92085154353252
1,560,60.92085154353252
1,561,60.92085154353252
1,562,60.92085154353252
1,563,60.92085154353252
1,564,60.92085154353252
1,565,60.92085154353252
1,566,60.92085154353252
1,567,60.92085154353252
1,568,60.92085154353252
1,569,60.92085154353252
1,570,60.92085154353252
1,571,60.92085154353252
1,572,60.92085154353252
1,573,60.92085154353252
1,574,60.92085154353252
1,575,60.92085154353252
1,576,60.92085154353252
1,577,60.92085154353252
1,578,60.92085154353252
1,579,60.92085154353252
1,580,60.92085154353252
1,581,60.92085154353252
1,582,60.92085154353252
1,583,60.92085154353252
1,584,60.92085154353252
1,585,60.92085154353252
1,586,60.92085154353252
1,587,60.92085154353252
1,588,60.8804651130765
1,589,60.8804651130765
1,590,60.8804651130765
1,591,60.8804651130765
1,592,60.8804651130765
1,593,60.8804651130765
1,594,60.8804651130765
1,595,60.8804651130765
1,596,60.8804651130765
1,597,60.8804651130765
1,598,60.8804651130765
1,599,60.8804651130765
1,600,60.8804651130765
1,601,60.8804651130765
1,602,60.8804651130765
1,603,60.8804651130765
1,604,60.8804651130765
1,605,60.8804651130765
1,606,60.8804651130765
1,607,60.8804651130765
1,608,60.8804651130765
1,609,60.8804651130765
1,610,60.8804651130765
1,611,60.8804651130765
1,612,60.8804651130765
1,613,60.8804651130765
1,614,60.8804651130765
1,615,60.8804651130765
1,616,60.8804651130765
1,617,60.8804651130765
1,618,60.8804651130765
1,619,60.8804651130765
1,620,60.8804651130765
1,621,60.8804651130765
1,622,60.87741738988233
1,623,60.87741738988233
1,624,60.87741738988233
1,625,60.876729022384644
1,626,60.87074748152504
1,627,60.87074748152504
1,628,60.87074748152504
1,629,60.87074748152504
1,630,60.87074748152504
1,631,60.87074748152504
1,632,60.869309184354805
1,633,60.869309184354805
1,634,60.869309184354805
1,635,60.869309184354805
1,636,60.869309184354805
1,637,60.869309184354805
1,638,60.869309184354805
1,639,60.869309184354805
1,640,60.869309184354805
1,641,60.869309184354805
1,642,60.869309184354805
1,643,60.869309184354805
1,644,60.869309184354805
1,645,60.869309184354805
1,646,60.869309184354805
1,647,60.869309184354805
1,648,60.869309184354805
1,649,60.86857562161414
1,650,60.86857562161414
1,651,60.86857562161414
1,652,60.86857562161414
1,653,60.861248610951385
1,654,60.861248610951385
1,655,60.85871082938623
1,656,60.85871082938623
1,657,60.85871082938623
1,658,60.85871082938623
1,659,60.85871082938623
1,660,60.85871082938623
1,661,60.85871082938623
1,662,60.85142130966306
1,663,60.85142130966306
1,664,60.85142130966306
1,665,60.85142130966306
1,666,60.84711320885935
1,667,60.84180446610448
1,668,60.84180446610448
1,669,60.84180446610448
1,670,60.84180446610448
1,671,60.84180446610448
1,672,60.84180446610448
1,673,60.84180446610448
1,674,60.84180446610448
1,675,60.84180446610448
1,676,60.84180446610448
1,677,60.84180446610448
1,678,60.84180446610448
1,679,60.84180446610448
1,680,60.84180446610448
1,681,60.84180446610448
1,682,60.84180446610448
1,683,60.84180446610448
1,684,60.84180446610448
1,685,60.84180446610448
1,686,60.84180446610448
1,687,60.84180446610448
1,688,60.84180446610448
1,689,60.84180446610448
1,690,60.84180446610448
1,691,60.84180446610448
1,692,60.84180446610448
1,693,60.84180446610448
1,694,60.84180446610448
1,695,60.84180446610448
1,696,60.84180446610448
1,697,60.84180446610448
1,698,60.84180446610448
1,699,60.84180446610448
1,700,60.84131654811449
1,701,60.84131654811449
1,702,60.840454091070185
1,703,60.840454091070185
1,704,60.840454091070185
1,705,60.840454091070185
1,706,60.840454091070185
1,707,60.840454091070185
1,708,60.840454091070185
1,709,60.840454091070185
1,710,60.840454091070185
1,711,60.838099726592226
1,712,60.838099726592226
1,713,60.838099726592226
1,714,60.837006678682165
1,715,60.837006678682165
1,716,60.837006678682165
1,717,60.837006678682165
1,718,60.837006678682165
1,719,60.837006678682165
1,720,60.837006678682165
1,721,60.837006678682165
1,722,60.837006678682165
1,723,60.837006678682165
1,724,60.837006678682165
1,725,60.83545004371946
1,726,60.83545004371946
1,727,60.83545004371946
1,728,60.83545004371946
1,729,60.83545004371946
1,730,60.83545004371946
1,731,60.83532792179476
1,732,60.83532792179476
1,733,60.83532792179476
1,734,60.83532792179476
1,735,60.83532792179476
1,736,60.83532792179476
1,737,60.83532792179476
1,738,60.83532792179476
1,739,60.83532792179476
1,740,60.83532792179476
1,741,60.83532792179476
1,742,60.83532792179476
1,743,60.83532792179476
1,744,60.83532792179476
1,745,60.83532792179476
1,746,60.83532792179476
1,747,60.83532792179476
1,748,60.83532792179476
1,749,60.83532792179476
1,750,60.83532792179476
1,751,60.83532792179476
1,752,60.83532792179476
1,753,60.83532792179476
1,754,60.83532792179476
1,755,60.83471312908658
1,756,60.83471312908658
1,757,60.83471312908658
1,758,60.83471312908658
1,759,60.83471312908658
1,760,60.83471312908658
1,761,60.83471312908658
1,762,60.83471312908658
1,763,60.83471312908658
1,764,60.83471312908658
1,765,60.83471312908658
1,766,60.83471312908658
1,767,60.83471312908658
1,768,60.83471312908658
1,769,60.83471312908658
1,770,60.83471312908658
1,771,60.83471312908658
1,772,60.83465054307193
1,773,60.83465054307193
1,774,60.83465054307193
1,775,60.83465054307193
1,776,60.83465054307193
1,777,60.83465054307193
1,778,60.83465054307193
1,779,60.83465054307193
1,780,60.83465054307193
1,781,60.83465054307193
1,782,60.83465054307193
1,783,60.83465054307193
1,784,60.83465054307193
1,785,60.83465054307193
1,786,60.83465054307193
1,787,60.83465054307193
1,788,60.83465054307193
1,789,60.83465054307193
1,790,60.83459993155779
1,791,60.83459993155779
1,792,60.83459993155779
1,793,60.83459993155779
1,794,60.83459993155779
1,795,60.83459993155779
1,796,60.83459993155779
1,797,60.83459993155779
1,798,60.83459993155779
1,799,60.83459993155779
1,800,60.83459993155779
1,801,60.83459993155779
1,802,60.83459993155779
1,803,60.83459993155779
1,804,60.834549896881185
1,805,60.834549896881185
1,806,60.834549896881185
1,807,60.834549896881185
1,808,60.83445099302513
1,809,60.83445099302513
1,810,60.83445099302513
1,811,60.83445099302513
1,812,60.83445099302513
1,813,60.83445099302513
1,814,60.83445099302513
1,815,60.83445099302513
1,816,60.83445099302513
1,817,60.83445099302513
1,818,60.83445099302513
1,819,60.83445099302513
1,820,60.83445099302513
1,821,60.83445099302513
1,822,60.83445099302513
1,823,60.83445099302513
1,824,60.83445099302513
1,825,60.83445099302513
1,826,60.83445099302513
1,827,60.83445099302513
1,828,60.83445099302513
1,829,60.83445099302513
1,830,60.83445099302513
1,831,60.83445099302513
1,832,60.83445099302513
1,833,60.83445099302513
1,834,60.83445099302513
1,835,60.83445099302513
1,836,60.83443917871455
1,837,60.83443917871455
1,838,60.83443917871455
1,839,60.83443917871455
1,840,60.83443917871455
1,841,60.834366748076555
1,842,60.834366748076555
1,843,60.834334669767685
1,844,60.834334669767685
1,845,60.834334669767685
1,846,60.834334669767685
1,847,60.834334669767685
1,848,60.834334669767685
1,849,60.834334669767685
1,850,60.834334669767685
1,851,60.83421502562962
1,852,60.83418936170189
1,853,60.83418936170189
1,854,60.83418936170189
1,855,60.83418936170189
1,856,60.83418936170189
1,857,60.83418936170189
1,858,60.83418936170189
1,859,60.83418936170189
1,860,60.83418936170189
1,861,60.83418936170189
1,862,60.83418936170189
1,863,60.83418936170189
1,864,60.83418936170189
1,865,60.83418936170189
1,866,60.83418936170189
1,867,60.83418936170189
1,868,60.83418936170189
1,869,60.83418936170189
1,870,60.83418936170189
1,871,60.83408038374689
1,872,60.83408038374689
1,873,60.83408038374689
1,874,60.83408038374689
1,875,60.83408038374689
1,876,60.83408038374689
1,877,60.83408038374689
1,878,60.83408038374689
1,879,60.83408038374689
1,880,60.83408038374689
1,881,60.83408038374689
1,882,60.83405505403431
1,883,60.83405505403431
1,884,60.83405505403431
1,885,60.83405505403431
1,886,60.83405505403431
1,887,60.83405505403431
1,888,60.83405505403431
1,889,60.83405505403431
1,890,60.83405505403431
1,891,60.83405505403431
1,892,60.83405505403431
1,893,60.83405505403431
1,894,60.83405505403431
1,895,60.83405505403431
1,896,60.83404627051701
1,897,60.83404627051701
1,898,60.83404627051701
1,899,60.83404627051701
1,900,60.83403617710083
1,901,60.83403617710083
1,902,60.83403617710083
1,903,60.83403617710083
1,904,60.83403617710083
1,905,60.83403617710083
1,906,60.83403617710083
1,907,60.83403617710083
1,908,60.83403617710083
1,909,60.83403617710083
1,910,60.83403617710083
1,911,60.83403617710083
1,912,60.83403617710083
1,913,60.83403398932292
1,914,60.83403398932292
1,915,60.83403398932292
1,916,60.83400979517447
1,917,60.83400979517447
1,918,60.833991390149436
1,919,60.83397793208347
1,920,60.83397793208347
1,921,60.83397793208347
1,922,60.83397793208347
1,923,60.83397793208347
1,924,60.83397793208347
1,925,60.83396126484613
1,926,60.83396126484613
1,927,60.83396126484613
1,928,60.83396126484613
1,929,60.83396126484613
1,930,60.83395045290799
1,931,60.83395045290799
1,932,60.83395045290799
1,933,60.83395045290799
1,934,60.83394478058937
1,935,60.83394478058937
1,936,60.83394478058937
1,937,60.83394478058937
1,938,60.83393995724727
1,939,60.83391005007334
1,940,60.83391005007334
1,941,60.83391005007334
1,942,60.83391005007334
1,943,60.83391005007334
1,944,60.83390924401221
1,945,60.83390924401221
1,946,60.83390924401221
1,947,60.83390924401221
1,948,60.83390924401221
1,949,60.83390924401221
1,950,60.83389467584816
1,951,60.83388756226874
1,952,60.83388756226874
1,953,60.83388756226874
1,954,60.83388756226874
1,955,60.8338806560089
1,956,60.8338806560089
1,957,60.8338806560089
1,958,60.8338806560089
1,959,60.8338806560089
1,960,60.8338806560089
1,961,60.8338806560089
1,962,60.8338806560089
1,963,60.8338806560089
1,964,60.8338806560089
1,965,60.8338806560089
1,966,60.8338704818993
1,967,60.8338704818993
1,968,60.8338704818993
1,969,60.8338704818993
1,970,60.8338704818993
1,971,60.8338704818993
1,972,60.8338704818993
1,973,60.8338704818993
1,974,60.8338704818993
1,975,60.8338704818993
1,976,60.8338704818993
1,977,60.83386503093226
1,978,60.833841244397
1,979,60.833841244397
1,980,60.833841244397
1,981,60.833841244397
1,982,60.833839945754086
1,983,60.833839945754086
1,984,60.833839945754086
1,985,60.833839945754086
1,986,60.833839945754086
1,987,60.833839945754086
1,988,60.833839945754086
1,989,60.833839945754086
1,990,60.833839945754086
1,991,60.83380164449794
1,992,60.83380164449794
1,993,60.83380164449794
1,994,60.83380164449794
1,995,60.83380164449794
1,996,60.83380164449794
1,997,60.83380164449794
1,998,60.83380164449794
1,999,60.83380164449794
1,1000,60.83380164449794
1,1001,60.83380164449794
1,1002,60.83380164449794
1,1003,60.83380164449794
1,1004,60.83380164449794
1,1005,60.83380164449794
1,1006,60.83380164449794
1,1007,60.83380164449794
1,1008,60.83380164449794
1,1009,60.83379238405607
1,1010,60.83379238405607
1,1011,60.83379238405607
1,1012,60.83379238405607
1,1013,60.83379238405607
1,1014,60.83379238405607
1,1015,60.83378717931475
1,1016,60.83378717931475
1,1017,60.83378717931475
1,1018,60.83378717931475
1,1019,60.83378717931475
1,1020,60.83378717931475
1,1021,60.83378717931475
1,1022,60.83378717931475
1,1023,60.83378717931475
1,1024,60.83378717931475
1,1025,60.83378717931475
1,1026,60.83378717931475
1,1027,60.83378717931475
1,1028,60.83378717931475
1,1029,60.83378717931475
1,1030,60.83378717931475
1,1031,60.83378717931475
1,1032,60.83378194362177
1,1033,60.83378194362177
1,1034,60.8337819266521
1,1035,60.83377475664448
1,1036,60.83377475664448
1,1037,60.833769470836664
1,1038,60.833769470836664
1,1039,60.833769470836664
1,1040,60.833769470836664
1,1041,60.833769470836664
1,1042,60.833761129075896
1,1043,60.83374943471205
1,1044,60.83374943471205
1,1045,60.833742315182946
1,1046,60.833742315182946
1,1047,60.833742315182946
1,1048,60.833736950350904
1,1049,60.83373462618571
1,1050,60.83373462618571
1,1051,60.83373274405421
1,1052,60.83372564835551
1,1053,60.83371461722992
1,1054,60.83371461722992
1,1055,60.83371461722992
1,1056,60.83371461722992
1,1057,60.83371461722992
1,1058,60.83371461722992
1,1059,60.83370429581423
1,1060,60.83370429581423
1,1061,60.83370429581423
1,1062,60.83370429581423
1,1063,60.83370429581423
1,1064,60.83370429581423
1,1065,60.83370429581423
1,1066,60.83370429581423
1,1067,60.83370429581423
1,1068,60.83370429581423
1,1069,60.83369446360683
1,1070,60.83369446360683
1,1071,60.83369446360683
1,1072,60.83369446360683
1,1073,60.83369446360683
1,1074,60.83368568791148
1,1075,60.83368568791148
1,1076,60.83368269259223
1,1077,60.83368269259223
1,1078,60.83368269259223
1,1079,60.83368269259223
1,1080,60.83368269259223
1,1081,60.83368269259223
1,1082,60.83365879544651
1,1083,60.83365879544651
1,1084,60.83365879544651
1,1085,60.83365758103461
1,1086,60.833647433863014
1,1087,60.833647433863014
1,1088,60.833647433863014
1,1089,60.833647433863014
1,1090,60.833647433863014
1,1091,60.833647433863014
1,1092,60.833647433863014
1,1093,60.833647433863014
1,1094,60.833647433863014
1,1095,60.833647433863014
1,1096,60.833647433863014
1,1097,60.833647433863014
1,1098,60.833647433863014
1,1099,60.833647433863014
1,1100,60.833647433863014
1,1101,60.833647433863014
1,1102,60.833647433863014
1,1103,60.833647433863014
1,1104,60.833647433863014
1,1105,60.833647433863014
1,1106,60.833647433863014
1,1107,60.833647433863014
1,1108,60.833639790343796
1,1109,60.833639790343796
1,1110,60.833639790343796
1,1111,60.833639790343796
1,1112,60.833639790343796
1,1113,60.833639790343796
1,1114,60.833639790343796
1,1115,60.833639790343796
1,1116,60.833639790343796
1,1117,60.833639633754245
1,1118,60.833639633754245
1,1119,60.833639633754245
1,1120,60.83363883301653
1,1121,60.83363883301653
1,1122,60.83363883301653
1,1123,60.83361795919914
1,1124,60.83361795919914
1,1125,60.83361795919914
1,1126,60.83361795919914
1,1127,60.83361795919914
1,1128,60.83361795919914
1,1129,60.83361795919914
1,1130,60.83361795919914
1,1131,60.83361795919914
1,1132,60.83361795919914
1,1133,60.83361795919914
1,1134,60.83361795919914
1,1135,60.83361795919914
1,1136,60.83361795919914
1,1137,60.83361795919914
1,1138,60.833601771239685
1,1139,60.833601771239685
1,1140,60.833598256466445
1,1141,60.833598256466445
1,1142,60.833598256466445
1,1143,60.833591631797944
1,1144,60.833591631797944
1,1145,60.833591631797944
1,1146,60.833591631797944
1,1147,60.833591631797944
1,1148,60.833591631797944
1,1149,60.833591631797944
1,1150,60.833591631797944
1,1151,60.833591631797944
1,1152,60.833564959134854
1,1153,60.833564959134854
1,1154,60.833564959134854
1,1155,60.833564959134854
1,1156,60.833564959134854
1,1157,60.833564959134854
1,1158,60.833564959134854
1,1159,60.833564959134854
1,1160,60.833564959134854
1,1161,60.833564959134854
1,1162,60.83356258398558
1,1163,60.83356258398558
1,1164,60.83356258398558
1,1165,60.83356258398558
1,1166,60.83356258398558
1,1167,60.83356258398558
1,1168,60.83356258398558
1,1169,60.83356258398558
1,1170,60.83356258398558
1,1171,60.83356258398558
1,1172,60.83356258398558
1,1173,60.83356258398558
1,1174,60.83356258398558
1,1175,60.83356258398558
1,1176,60.83356258398558
1,1177,60.83356258398558
1,1178,60.83356258398558
1,1179,60.83356258398558
1,1180,60.83356160906662
1,1181,60.83356160906662
1,1182,60.83356160906662
1,1183,60.83356111458444
1,1184,60.83355994605926
1,1185,60.83355994605926
1,1186,60.8335583377982
1,1187,60.8335583377982
1,1188,60.8335583377982
1,1189,60.8335583377982
1,1190,60.8335583377982
1,1191,60.8335583377982
1,1192,60.8335583377982
1,1193,60.8335583377982
1,1194,60.83354801068491
1,1195,60.83354801068491
1,1196,60.83354801068491
1,1197,60.83354801068491
1,1198,60.83354801068491
1,1199,60.83354801068491
1,1200,60.83352661038538
1,1201,60.83352661038538
1,1202,60.83352661038538
1,1203,60.83352661038538
1,1204,60.83352661038538
1,1205,60.83352661038538
1,1206,60.83352661038538
1,1207,60.83352661038538
1,1208,60.83352661038538
1,1209,60.83352661038538
1,1210,60.83352661038538
1,1211,60.83352661038538
1,1212,60.83352661038538
1,1213,60.83352661038538
1,1214,60.83352661038538
1,1215,60.83352661038538
1,1216,60.83352372981717
1,1217,60.83352273140788
1,1218,60.833512477291315
1,1219,60.833512477291315
1,1220,60.83350556384056
1,1221,60.83350556384056
1,1222,60.83350556384056
1,1223,60.83350556384056
1,1224,60.83350556384056
1,1225,60.83350556384056
1,1226,60.83350429771603
1,1227,60.83350429771603
1,1228,60.83350429771603
1,1229,60.83350429771603
1,1230,60.833499523952845
1,1231,60.833499523952845
1,1232,60.833499523952845
1,1233,60.83349151826329
1,1234,60.83349151826329
1,1235,60.83349151826329
1,1236,60.83349151826329
1,1237,60.83348181874332
1,1238,60.83348181874332
1,1239,60.83348181874332
1,1240,60.83348181874332
1,1241,60.83348181874332
1,1242,60.83348181874332
1,1243,60.83348181874332
1,1244,60.83348181874332
1,1245,60.83348181874332
1,1246,60.833480151949644
1,1247,60.833480151949644
1,1248,60.833480151949644
1,1249,60.833464830903054
1,1250,60.8334616459771
1,1251,60.8334616459771
1,1252,60.8334616459771
1,1253,60.8334616459771
1,1254,60.8334616459771
1,1255,60.83345843335324
1,1256,60.83345843335324
1,1257,60.83345843335324
1,1258,60.83345843335324
1,1259,60.83345843335324
1,1260,60.833457908195925
1,1261,60.833457908195925
1,1262,60.833457908195925
1,1263,60.833457908195925
1,1264,60.833457908195925
1,1265,60.83345371977344
1,1266,60.83345371977344
1,1267,60.83345371977344
1,1268,60.83345371977344
1,1269,60.83345371977344
1,1270,60.833450826624144
1,1271,60.833450826624144
1,1272,60.833445972115776
1,1273,60.83343372413841
1,1274,60.83343372413841
1,1275,60.83343372413841
1,1276,60.83343372413841
1,1277,60.83343372413841
1,1278,60.83343372413841
1,1279,60.83343372413841
1,1280,60.83343273982754
1,1281,60.83343273982754
1,1282,60.83343273982754
1,1283,60.83343273982754
1,1284,60.83343273982754
1,1285,60.83343273982754
1,1286,60.83343273982754
1,1287,60.83343273982754
1,1288,60.83343273982754
1,1289,60.833428635640956
1,1290,60.833428635640956
1,1291,60.833428635640956
1,1292,60.833428635640956
1,1293,60.833428635640956
1,1294,60.833428635640956
1,1295,60.83342822771381
1,1296,60.83342822771381
1,1297,60.83342822771381
1,1298,60.83342651539663
1,1299,60.833425366677474
1,1300,60.8334163139262
1,1301,60.8334163139262
1,1302,60.833415312638806
1,1303,60.83339978885376
1,1304,60.83339978885376
1,1305,60.83339978885376
1,1306,60.83339978885376
1,1307,60.83339978885376
1,1308,60.833396535293026
1,1309,60.833396535293026
1,1310,60.8333802119014
1,1311,60.8333802119014
1,1312,60.8333802119014
1,1313,60.8333802119014
1,1314,60.8333802119014
1,1315,60.8333802119014
1,1316,60.8333802119014
1,1317,60.8333802119014
1,1318,60.83337307142804
1,1319,60.83337307142804
1,1320,60.83337307142804
1,1321,60.83337307142804
1,1322,60.83337307142804
1,1323,60.83337307142804
1,1324,60.83337307142804
1,1325,60.83336397870709
1,1326,60.83336397870709
1,1327,60.83336397870709
1,1328,60.83335814276634
1,1329,60.83335814276634
1,1330,60.83335814276634
1,1331,60.83335814276634
1,1332,60.83335814276634
1,1333,60.83335814276634
1,1334,60.83335750089652
1,1335,60.83335750089652
1,1336,60.83335750089652
1,1337,60.83335750089652
1,1338,60.833348065608824
1,1339,60.83334560207817
1,1340,60.83334560207817
1,1341,60.83334560207817
1,1342,60.83334560207817
1,1343,60.83332307433446
1,1344,60.83332307433446
1,1345,60.83332307433446
1,1346,60.83332307433446
1,1347,60.83332307433446
1,1348,60.83332307433446
1,1349,60.83332307433446
1,1350,60.83332307433446
1,1351,60.83332307433446
1,1352,60.83332307433446
1,1353,60.83332307433446
1,1354,60.83332307433446
1,1355,60.83332307433446
1,1356,60.83332307433446
1,1357,60.83332307433446
1,1358,60.83332307433446
1,1359,60.83332307433446
1,1360,60.83332307433446
1,1361,60.83332307433446
1,1362,60.83332307433446
1,1363,60.83332307433446
1,1364,60.83332307433446
1,1365,60.83331474244268
1,1366,60.83331474244268
1,1367,60.83331474244268
1,1368,60.83331474244268
1,1369,60.83331474244268
1,1370,60.83331474244268
1,1371,60.83331474244268
1,1372,60.83331474244268
1,1373,60.83331474244268
1,1374,60.833312683171656
1,1375,60.833312683171656
1,1376,60.83331041908149
1,1377,60.83329964458699
1,1378,60.83329964458699
1,1379,60.83329964458699
1,1380,60.83329964458699
1,1381,60.83329964458699
1,1382,60.833298071003966
1,1383,60.833298071003966
1,1384,60.833298071003966
1,1385,60.833298071003966
1,1386,60.833298071003966
1,1387,60.833298071003966
1,1388,60.833298071003966
1,1389,60.833298071003966
1,1390,60.833298071003966
1,1391,60.833298071003966
1,1392,60.833298071003966
1,1393,60.83327311780495
1,1394,60.83327311780495
1,1395,60.83327311780495
1,1396,60.83327311780495
1,1397,60.83327311780495
1,1398,60.83327311780495
1,1399,60.83327311780495
1,1400,60.83327311780495
1,1401,60.83327311780495
1,1402,60.83327311780495
1,1403,60.83327311780495
1,1404,60.83327311780495
1,1405,60.83327311780495
1,1406,60.83327311780495
1,1407,60.83327311780495
1,1408,60.83327311780495
1,1409,60.83327311780495
1,1410,60.83327311780495
1,1411,60.83327311780495
1,1412,60.83327311780495
1,1413,60.83327311780495
1,1414,60.83327311780495
1,1415,60.83327311780495
1,1416,60.83326099812593
1,1417,60.83326099812593
1,1418,60.83326099812593
1,1419,60.83325493910299
1,1420,60.83325493910299
1,1421,60.83325493910299
1,1422,60.83325493910299
1,1423,60.83325493910299
1,1424,60.83325493910299
1,1425,60.83325493910299
1,1426,60.83325493910299
1,1427,60.83325493910299
1,1428,60.833247577004045
1,1429,60.83323262790842
1,1430,60.833226954463555
1,1431,60.833226954463555
1,1432,60.833226954463555
1,1433,60.833226954463555
1,1434,60.833226954463555
1,1435,60.833226954463555
1,1436,60.833226954463555
1,1437,60.833226954463555
1,1438,60.833226954463555
1,1439,60.833226954463555
1,1440,60.833226954463555
1,1441,60.833226954463555
1,1442,60.833226954463555
1,1443,60.833226954463555
1,1444,60.833226954463555
1,1445,60.833226954463555
1,1446,60.833226954463555
1,1447,60.833226954463555
1,1448,60.8332211706068
1,1449,60.8332211706068
1,1450,60.833220160763965
1,1451,60.83321916854184
1,1452,60.83321916854184
1,1453,60.83321916854184
1,1454,60.83321916854184
1,1455,60.83321916854184
1,1456,60.83321916854184
1,1457,60.83321715356722
1,1458,60.83320769034828
1,1459,60.83320769034828
1,1460,60.83320769034828
1,1461,60.83320769034828
1,1462,60.83320769034828
1,1463,60.83320769034828
1,1464,60.83320769034828
1,1465,60.83320769034828
1,1466,60.83320769034828
1,1467,60.83320769034828
1,1468,60.83320769034828
1,1469,60.83320456478557
1,1470,60.83320456478557
1,1471,60.83320456478557
1,1472,60.83318818982496
1,1473,60.83318818982496
1,1474,60.83318818982496
1,1475,60.83318818982496
1,1476,60.83318818982496
1,1477,60.83318818982496
1,1478,60.83318818982496
1,1479,60.83318818982496
1,1480,60.83318818982496
1,1481,60.83318818982496
1,1482,60.83318818982496
1,1483,60.83318818982496
1,1484,60.83318818982496
1,1485,60.83318818982496
1,1486,60.83318818982496
1,1487,60.83317817230927
1,1488,60.83317817230927
1,1489,60.83317817230927
1,1490,60.83317817230927
1,1491,60.83317817230927
1,1492,60.83317817230927
1,1493,60.83317817230927
1,1494,60.83317817230927
1,1495,60.83317817230927
1,1496,60.83317817230927
1,1497,60.83317817230927
1,1498,60.83317817230927
1,1499,60.83316672995486
1,1500,60.83316672995486
1,1501,60.83316672995486
1,1502,60.83316672995486
1,1503,60.83316495805362
1,1504,60.83316495805362
1,1505,60.83316495805362
1,1506,60.83316495805362
1,1507,60.83316495805362
1,1508,60.83316495805362
1,1509,60.83316495805362
1,1510,60.83316495805362
1,1511,60.83316495805362
1,1512,60.83316495805362
1,1513,60.83316495805362
1,1514,60.83316495805362
1,1515,60.83316495805362
1,1516,60.83315758343193
1,1517,60.83315758343193
1,1518,60.83315758343193
1,1519,60.83315758343193
1,1520,60.83315758343193
1,1521,60.83315151755999
1,1522,60.83315151755999
1,1523,60.83315151755999
1,1524,60.83314810967968
1,1525,60.833134608018206
1,1526,60.833134608018206
1,1527,60.833134608018206
1,1528,60.833134608018206
1,1529,60.833134608018206
1,1530,60.833134608018206
1,1531,60.833134608018206
1,1532,60.833134608018206
1,1533,60.833134608018206
1,1534,60.833134608018206
1,1535,60.833134608018206
1,1536,60.833134608018206
1,1537,60.833134608018206
1,1538,60.833134608018206
1,1539,60.83313005012825
1,1540,60.83313005012825
1,1541,60.83313005012825
1,1542,60.83313005012825
1,1543,60.83313005012825
1,1544,60.83313005012825
1,1545,60.83313005012825
1,1546,60.83313005012825
1,1547,60.83313005012825
1,1548,60.83313005012825
1,1549,60.83313005012825
1,1550,60.83313005012825
1,1551,60.83313005012825
1,1552,60.83313005012825
1,1553,60.83313005012825
1,1554,60.83312703005593
1,1555,60.83312703005593
1,1556,60.83312703005593
1,1557,60.83312703005593
1,1558,60.83312284353594
1,1559,60.833121549476665
1,1560,60.833121549476665
1,1561,60.833121549476665
1,1562,60.833121549476665
1,1563,60.833121549476665
1,1564,60.833121549476665
1,1565,60.833121549476665
1,1566,60.833121549476665
1,1567,60.833121549476665
1,1568,60.833121549476665
1,1569,60.833118309652626
1,1570,60.83311163236908
1,1571,60.83311163236908
1,1572,60.83311163236908
1,1573,60.83311163236908
1,1574,60.83311163236908
1,1575,60.83311163236908
1,1576,60.83311163236908
1,1577,60.83311163236908
1,1578,60.83311163236908
1,1579,60.83311163236908
1,1580,60.83310900743741
1,1581,60.83310900743741
1,1582,60.83310900743741
1,1583,60.83310793569497
1,1584,60.83310793569497
1,1585,60.83310655555295
1,1586,60.83310655555295
1,1587,60.83310655555295
1,1588,60.83310655555295
1,1589,60.83310655555295
1,1590,60.83310655555295
1,1591,60.83310655555295
1,1592,60.83310655555295
1,1593,60.83310655555295
1,1594,60.83310655555295
1,1595,60.83310655555295
1,1596,60.83310655555295
1,1597,60.83310647172695
1,1598,60.83310647172695
1,1599,60.83310445647224
1,1600,60.83310445647224
1,1601,60.83310445647224
1,1602,60.833097759832846
1,1603,60.833097759832846
1,1604,60.83309452559483
1,1605,60.83309452559483
1,1606,60.83309452559483
1,1607,60.83308745239093
1,1608,60.83308745239093
1,1609,60.83308745239093
1,1610,60.83308745239093
1,1611,60.83308745239093
1,1612,60.83308745239093
1,1613,60.83308745239093
1,1614,60.83308745239093
1,1615,60.83308454406983
1,1616,60.83308254257644
1,1617,60.83308254257644
1,1618,60.83308254257644
1,1619,60.83308254257644
1,1620,60.83308254257644
1,1621,60.833073729872
1,1622,60.833073729872
1,1623,60.833073729872
1,1624,60.833073729872
1,1625,60.833073729872
1,1626,60.83306293547372
1,1627,60.83306293547372
1,1628,60.83306293547372
1,1629,60.83306293547372
1,1630,60.83306293547372
1,1631,60.83306293547372
1,1632,60.83306293547372
1,1633,60.83306293547372
1,1634,60.83306293547372
1,1635,60.83306293547372
1,1636,60.83306110636526
1,1637,60.83306110636526
1,1638,60.83306110636526
1,1639,60.83306110636526
1,1640,60.83306110636526
1,1641,60.83306110636526
1,1642,60.83306110636526
1,1643,60.83306110636526
1,1644,60.83306110636526
1,1645,60.83306110636526
1,1646,60.83306110636526
1,1647,60.83304328124572
1,1648,60.83304328124572
1,1649,60.83304328124572
1,1650,60.83304328124572
1,1651,60.83304328124572
1,1652,60.83304328124572
1,1653,60.83304328124572
1,1654,60.83304328124572
1,1655,60.83304328124572
1,1656,60.83304328124572
1,1657,60.83304328124572
1,1658,60.83304328124572
1,1659,60.83304328124572
1,1660,60.83304328124572
1,1661,60.83304328124572
1,1662,60.83304328124572
1,1663,60.83304328124572
1,1664,60.83304328124572
1,1665,60.83304328124572
1,1666,60.83304328124572
1,1667,60.83304328124572
1,1668,60.83304328124572
1,1669,60.83304328124572
1,1670,60.83304328124572
1,1671,60.83304328124572
1,1672,60.83304328124572
1,1673,60.83304328124572
1,1674,60.83304328124572
1,1675,60.83303575272637
1,1676,60.83303575272637
1,1677,60.83303575272637
1,1678,60.83303575272637
1,1679,60.83303575272637
1,1680,60.83303575272637
1,1681,60.83303575272637
1,1682,60.833025395727184
1,1683,60.833025395727184
1,1684,60.833025395727184
1,1685,60.833025395727184
1,1686,60.833025395727184
1,1687,60.83301836040438
1,1688,60.83301836040438
1,1689,60.83301836040438
1,1690,60.83301836040438
1,1691,60.83301836040438
1,1692,60.83301551635687
1,1693,60.83301551635687
1,1694,60.83301551635687
1,1695,60.83301551635687
1,1696,60.83301551635687
1,1697,60.83301209561873
1,1698,60.83301209561873
1,1699,60.83299607371274
1,1700,60.83299607371274
1,1701,60.83299607371274
1,1702,60.83299607371274
1,1703,60.83299607371274
1,1704,60.83299607371274
1,1705,60.83299607371274
1,1706,60.83299607371274
1,1707,60.83299607371274
1,1708,60.83299607371274
1,1709,60.83299607371274
1,1710,60.83299607371274
1,1711,60.83299607371274
1,1712,60.83299607371274
1,1713,60.83299607371274
1,1714,60.83299607371274
1,1715,60.83299607371274
1,1716,60.83299607371274
1,1717,60.83299607371274
1,1718,60.83299607371274
1,1719,60.83299607371274
1,1720,60.83299607371274
1,1721,60.83299607371274
1,1722,60.83299607371274
1,1723,60.832989880678085
1,1724,60.832989880678085
1,1725,60.83298455980314
1,1726,60.83298455980314
1,1727,60.83298455980314
1,1728,60.83298455980314
1,1729,60.83298455980314
1,1730,60.83298455980314
1,1731,60.83298455980314
1,1732,60.83298455980314
1,1733,60.832972155496094
1,1734,60.832972155496094
1,1735,60.832972155496094
1,1736,60.832972155496094
1,1737,60.832972155496094
1,1738,60.832972155496094
1,1739,60.832972155496094
1,1740,60.832972155496094
1,1741,60.832972155496094
1,1742,60.832972155496094
1,1743,60.832972155496094
1,1744,60.832972155496094
1,1745,60.832972155496094
1,1746,60.832972155496094
1,1747,60.83296517878813
1,1748,60.83296517878813
1,1749,60.83296517878813
1,1750,60.83296193034581
1,1751,60.83296193034581
1,1752,60.83296193034581
1,1753,60.83296193034581
1,1754,60.83296193034581
1,1755,60.83296185125423
1,1756,60.83296185125423
1,1757,60.83296185125423
1,1758,60.83296185125423
1,1759,60.83296185125423
1,1760,60.83296035002955
1,1761,60.83295225839822
1,1762,60.83295225839822
1,1763,60.83295225839822
1,1764,60.83295225839822
1,1765,60.83294886202723
1,1766,60.83294886202723
1,1767,60.83294886202723
1,1768,60.83294886202723
1,1769,60.83294607700619
1,1770,60.83294607700619
1,1771,60.83294607700619
1,1772,60.83294493986755
1,1773,60.83292672655065
1,1774,60.83292672655065
1,1775,60.83292672655065
1,1776,60.83292672655065
1,1777,60.83292672655065
1,1778,60.83292672655065
1,1779,60.83292672655065
1,1780,60.83292672655065
1,1781,60.83292672655065
1,1782,60.83292672655065
1,1783,60.83292672655065
1,1784,60.83292672655065
1,1785,60.832926360666086
1,1786,60.832926360666086
1,1787,60.832926360666086
1,1788,60.83290154912798
1,1789,60.83290154912798
1,1790,60.83290154912798
1,1791,60.83290154912798
1,1792,60.83290154912798
1,1793,60.83290154912798
1,1794,60.83290154912798
1,1795,60.83290154912798
1,1796,60.83290154912798
1,1797,60.83290154912798
1,1798,60.83290154912798
1,1799,60.83290154912798
1,1800,60.83290154912798
1,1801,60.83290154912798
1,1802,60.83290154912798
1,1803,60.83290154912798
1,1804,60.832900842309485
1,1805,60.832900842309485
1,1806,60.832900842309485
1,1807,60.832900842309485
1,1808,60.832900842309485
1,1809,60.83289272654245
1,1810,60.83289272654245
1,1811,60.83289272654245
1,1812,60.83289272654245
1,1813,60.83289272654245
1,1814,60.83289272654245
1,1815,60.83289272654245
1,1816,60.83289272654245
1,1817,60.83289190706121
1,1818,60.83289132455757
1,1819,60.83289132455757
1,1820,60.83289132455757
1,1821,60.83289132455757
1,1822,60.83289132455757
1,1823,60.832882380573615
1,1824,60.832882380573615
1,1825,60.832882380573615
1,1826,60.832882380573615
1,1827,60.832882380573615
1,1828,60.832882380573615
1,1829,60.832882380573615
1,1830,60.83288144574893
1,1831,60.83288144574893
1,1832,60.83288144574893
1,1833,60.83287905874189
1,1834,60.83287905874189
1,1835,60.83287905874189
1,1836,60.83287905874189
1,1837,60.83287614957555
1,1838,60.83287614957555
1,1839,60.83287614957555
1,1840,60.83286755357261
1,1841,60.83286755357261
1,1842,60.83286755357261
1,1843,60.83286755357261
1,1844,60.83286755357261
1,1845,60.83286755357261
1,1846,60.83286755357261
1,1847,60.83286755357261
1,1848,60.83286755357261
1,1849,60.83286755357261
1,1850,60.83286755357261
1,1851,60.83286755357261
1,1852,60.83286755357261
1,1853,60.83286755357261
1,1854,60.83286755357261
1,1855,60.83286755357261
1,1856,60.83285993612139
1,1857,60.83285993612139
1,1858,60.83285993612139
1,1859,60.83285993612139
1,1860,60.83285993612139
1,1861,60.83285993612139
1,1862,60.83285993612139
1,1863,60.83285993612139
1,1864,60.83285993612139
1,1865,60.83285993612139
1,1866,60.83285664198376
1,1867,60.83285664198376
1,1868,60.83285664198376
1,1869,60.83285664198376
1,1870,60.83285664198376
1,1871,60.83285664198376
1,1872,60.83285664198376
1,1873,60.83285664198376
1,1874,60.83285603656255
1,1875,60.83285603656255
1,1876,60.83285603656255
1,1877,60.83285603656255
1,1878,60.83285603656255
1,1879,60.83285603656255
1,1880,60.83285603656255
1,1881,60.83285603656255
1,1882,60.83285603656255
1,1883,60.83285603656255
1,1884,60.83285188329665
1,1885,60.83285188329665
1,1886,60.83285154250671
1,1887,60.83285154250671
1,1888,60.83285154250671
1,1889,60.832851136244315
1,1890,60.832849493360115
1,1891,60.832840518219705
1,1892,60.832840518219705
1,1893,60.832840518219705
1,1894,60.832840518219705
1,1895,60.832840518219705
1,1896,60.832840518219705
1,1897,60.832840518219705
1,1898,60.83283178128736
1,1899,60.83283178128736
1,1900,60.83283178128736
1,1901,60.83283178128736
1,1902,60.832829030747675
1,1903,60.832829030747675
1,1904,60.832829030747675
1,1905,60.832829030747675
1,1906,60.83282714362701
1,1907,60.83282714362701
1,1908,60.83282229788594
1,1909,60.83282229788594
1,1910,60.832822015915944
1,1911,60.832822015915944
1,1912,60.832822015915944
1,1913,60.832822015915944
1,1914,60.832822015915944
1,1915,60.832822015915944
1,1916,60.832822015915944
1,1917,60.832822015915944
1,1918,60.83281513424559
1,1919,60.83281513424559
1,1920,60.83281513424559
1,1921,60.83281513424559
1,1922,60.83281513424559
1,1923,60.83281513424559
1,1924,60.83281513424559
1,1925,60.83281513424559
1,1926,60.83281513424559
1,1927,60.83281513424559
1,1928,60.83281440632424
1,1929,60.83281440632424
1,1930,60.83281440632424
1,1931,60.83281440632424
1,1932,60.83281440632424
1,1933,60.83281440632424
1,1934,60.8328127064601
1,1935,60.8328127064601
1,1936,60.83281034964059
1,1937,60.83281034964059
1,1938,60.832802977853284
1,1939,60.832802977853284
1,1940,60.83277391288293
1,1941,60.83277391288293
1,1942,60.83277391288293
1,1943,60.83277391288293
1,1944,60.83277391288293
1,1945,60.83277391288293
1,1946,60.83277391288293
1,1947,60.83277391288293
1,1948,60.83277391288293
1,1949,60.83277391288293
1,1950,60.83277391288293
1,1951,60.83277391288293
1,1952,60.83277391288293
1,1953,60.83277391288293
1,1954,60.83277391288293
1,1955,60.83277391288293
1,1956,60.83277391288293
1,1957,60.83277391288293
1,1958,60.83277160622957
1,1959,60.83277160622957
1,1960,60.83277160622957
1,1961,60.83277160622957
1,1962,60.83277160622957
1,1963,60.83277160622957
1,1964,60.83277160622957
1,1965,60.83277160622957
1,1966,60.83277160622957
1,1967,60.83276355661102
1,1968,60.83276355661102
1,1969,60.83276355661102
1,1970,60.83276355661102
1,1971,60.83276355661102
1,1972,60.83276355661102
1,1973,60.83276355661102
1,1974,60.83276355661102
1,1975,60.83276355661102
1,1976,60.83276355661102
1,1977,60.83276355661102
1,1978,60.83276355661102
1,1979,60.83276355661102
1,1980,60.83276355661102
1,1981,60.83276355661102
1,1982,60.832750263866956
1,1983,60.832750263866956
1,1984,60.832750263866956
1,1985,60.832750263866956
1,1986,60.832750263866956
1,1987,60.832750263866956
1,1988,60.832750263866956
1,1989,60.832750263866956
1,1990,60.832750263866956
1,1991,60.832750263866956
1,1992,60.832750263866956
1,1993,60.83274412195385
1,1994,60.83274412195385
1,1995,60.83274412195385
1,1996,60.83274412195385
1,1997,60.83274412195385
1,1998,60.83274412195385
1,1999,60.83274412195385
1,2000,60.832730400680575
1,2001,60.832730400680575
1,2002,60.832730400680575
1,2003,60.832730400680575
1,2004,60.832730400680575
1,2005,60.832730400680575
1,2006,60.832730400680575
1,2007,60.832730400680575
1,2008,60.832730400680575
1,2009,60.83271720563573
1,2010,60.83271720563573
1,2011,60.83271720563573
1,2012,60.83271720563573
1,2013,60.83271720563573
1,2014,60.83271720563573
1,2015,60.83271720563573
1,2016,60.83271720563573
1,2017,60.83271720563573
1,2018,60.83271720563573
1,2019,60.83271720563573
1,2020,60.83271720563573
1,2021,60.83271720563573
1,2022,60.83271720563573
1,2023,60.83271720563573
1,2024,60.83271720563573
1,2025,60.83271720563573
1,2026,60.83271720563573
1,2027,60.83271720563573
1,2028,60.83271720563573
1,2029,60.83271720563573
1,2030,60.83271720563573
1,2031,60.83270816836747
1,2032,60.83270816836747
1,2033,60.83270816836747
1,2034,60.83270816836747
1,2035,60.83270816836747
1,2036,60.83270816836747
1,2037,60.83270816836747
1,2038,60.8326813029221
1,2039,60.8326813029221
1,2040,60.8326813029221
1,2041,60.8326813029221
1,2042,60.8326813029221
1,2043,60.8326813029221
1,2044,60.8326813029221
1,2045,60.8326813029221
1,2046,60.8326813029221
1,2047,60.8326813029221
1,2048,60.8326813029221
1,2049,60.8326813029221
1,2050,60.8326813029221
1,2051,60.8326813029221
1,2052,60.8326813029221
1,2053,60.83268026483263
1,2054,60.83268026483263
1,2055,60.83268026483263
1,2056,60.83268026483263
1,2057,60.83268026483263
1,2058,60.83267635089159
1,2059,60.83267635089159
1,2060,60.83267635089159
1,2061,60.83267635089159
1,2062,60.83267635089159
1,2063,60.83267635089159
1,2064,60.83267623489191
1,2065,60.83267623489191
1,2066,60.83267623489191
1,2067,60.83266962746048
1,2068,60.83266962746048
1,2069,60.83266962746048
1,2070,60.83266962746048
1,2071,60.83266962746048
1,2072,60.83266432891092
1,2073,60.83266432891092
1,2074,60.83266432891092
1,2075,60.83266432891092
1,2076,60.832659361933516
1,2077,60.832659361933516
1,2078,60.832659361933516
1,2079,60.832659361933516
1,2080,60.832659361933516
1,2081,60.832659361933516
1,2082,60.832659361933516
1,2083,60.83264636249376
1,2084,60.83264636249376
1,2085,60.83264603638437
1,2086,60.83264603638437
1,2087,60.83264603638437
1,2088,60.83264603638437
1,2089,60.83264603638437
1,2090,60.83264603638437
1,2091,60.83264603638437
1,2092,60.83264603638437
1,2093,60.83264603638437
1,2094,60.83264603638437
1,2095,60.83264603638437
1,2096,60.83263845896362
1,2097,60.83263845896362
1,2098,60.83263845896362
1,2099,60.83263845896362
1,2100,60.83263845896362
1,2101,60.83263017007802
1,2102,60.83263017007802
1,2103,60.83263017007802
1,2104,60.83263017007802
1,2105,60.83263017007802
1,2106,60.83263017007802
1,2107,60.83263017007802
1,2108,60.83262053441812
1,2109,60.83262053441812
1,2110,60.83262053441812
1,2111,60.83262053441812
1,2112,60.83262053441812
1,2113,60.83262053441812
1,2114,60.83262053441812
1,2115,60.83262053441812
1,2116,60.83262053441812
1,2117,60.83262053441812
1,2118,60.83262053441812
1,2119,60.83262053441812
1,2120,60.83262053441812
1,2121,60.832615790432605
1,2122,60.832607392707374
1,2123,60.832607392707374
1,2124,60.83260507106892
1,2125,60.83260507106892
1,2126,60.83260507106892
1,2127,60.83260507106892
1,2128,60.83260507106892
1,2129,60.83260507106892
1,2130,60.83260507106892
1,2131,60.83260507106892
1,2132,60.83260507106892
1,2133,60.83260507106892
1,2134,60.83260507106892
1,2135,60.832604286842404
1,2136,60.832604286842404
1,2137,60.83259819582928
1,2138,60.83259819582928
1,2139,60.83259819582928
1,2140,60.83259819582928
1,2141,60.83259819582928
1,2142,60.83259819582928
1,2143,60.832593912904834
1,2144,60.832593912904834
1,2145,60.832593912904834
1,2146,60.832593912904834
1,2147,60.832593912904834
1,2148,60.832593912904834
1,2149,60.832593912904834
1,2150,60.832593912904834
1,2151,60.832593912904834
1,2152,60.832593912904834
1,2153,60.832593912904834
1,2154,60.832593912904834
1,2155,60.832593912904834
1,2156,60.832593912904834
1,2157,60.83258601708799
1,2158,60.83258279484684
1,2159,60.83258279484684
1,2160,60.83258259026038
1,2161,60.83258259026038
1,2162,60.83258259026038
1,2163,60.83258259026038
1,2164,60.83258259026038
1,2165,60.832575933824366
1,2166,60.832575933824366
1,2167,60.832557337283774
1,2168,60.832557337283774
1,2169,60.832557337283774
1,2170,60.832557337283774
1,2171,60.8325570154718
1,2172,60.8325570154718
1,2173,60.8325570154718
1,2174,60.8325570154718
1,2175,60.8325570154718
1,2176,60.8325570154718
1,2177,60.83255379361194
1,2178,60.83255379361194
1,2179,60.83255379361194
1,2180,60.83255379361194
1,2181,60.83255379361194
1,2182,60.83255379361194
1,2183,60.83255379361194
1,2184,60.83255379361194
1,2185,60.83255379361194
1,2186,60.83255379361194
1,2187,60.83255379361194
1,2188,60.83255379361194
1,2189,60.83255379361194
1,2190,60.83254315405811
1,2191,60.83254315405811
1,2192,60.83254315405811
1,2193,60.83254315405811
1,2194,60.83253922090404
1,2195,60.832534344016956
1,2196,60.832534344016956
1,2197,60.832531821679446
1,2198,60.832531821679446
1,2199,60.832531821679446
1,2200,60.832531821679446
1,2201,60.832531821679446
1,2202,60.832531821679446
1,2203,60.832525367894014
1,2204,60.832525367894014
1,2205,60.832525367894014
1,2206,60.832525367894014
1,2207,60.832525367894014
1,2208,60.832525367894014
1,2209,60.832525367894014
1,2210,60.832525367894014
1,2211,60.832525367894014
1,2212,60.832525367894014
1,2213,60.832525367894014
1,2214,60.832525367894014
1,2215,60.83252352779839
1,2216,60.83252352779839
1,2217,60.83252352779839
1,2218,60.83252352779839
1,2219,60.83252352779839
1,2220,60.83252314787822
1,2221,60.83252314787822
1,2222,60.83252314787822
1,2223,60.83252314787822
1,2224,60.83252314787822
1,2225,60.83252314787822
1,2226,60.832522278134256
1,2227,60.832522278134256
1,2228,60.832522278134256
1,2229,60.832522278134256
1,2230,60.832522278134256
1,2231,60.832522278134256
1,2232,60.832522278134256
1,2233,60.832522278134256
1,2234,60.832516611987664
1,2235,60.832516611987664
1,2236,60.832516611987664
1,2237,60.832516611987664
1,2238,60.832516611987664
1,2239,60.832516611987664
1,2240,60.832516611987664
1,2241,60.832516611987664
1,2242,60.832516611987664
1,2243,60.832516611987664
1,2244,60.832516611987664
1,2245,60.832516611987664
1,2246,60.83251557727657
1,2247,60.83251557727657
1,2248,60.83251557727657
1,2249,60.83251557727657
1,2250,60.83251557727657
1,2251,60.83251557727657
1,2252,60.83251557727657
1,2253,60.83251356962125
1,2254,60.832512680511904
1,2255,60.83250886494099
1,2256,60.83250586891836
1,2257,60.83250586891836
1,2258,60.83250586891836
1,2259,60.83250586891836
1,2260,60.83250586891836
1,2261,60.83250586891836
1,2262,60.83250586891836
1,2263,60.83250586891836
1,2264,60.83250586891836
1,2265,60.83250394014405
1,2266,60.83250217011313
1,2267,60.832500630492675
1,2268,60.832500630492675
1,2269,60.832500630492675
1,2270,60.832500630492675
1,2271,60.832500630492675
1,2272,60.832500630492675
1,2273,60.832500630492675
1,2274,60.8324962658505
1,2275,60.8324962658505
1,2276,60.8324962658505
1,2277,60.8324962658505
1,2278,60.8324962658505
1,2279,60.83249201923496
1,2280,60.83248832080556
1,2281,60.83248832080556
1,2282,60.83248832080556
1,2283,60.8324868340873
1,2284,60.8324868340873
1,2285,60.83247160794475
1,2286,60.83247160794475
1,2287,60.83247160794475
1,2288,60.83247160794475
1,2289,60.83247160794475
1,2290,60.83247160794475
1,2291,60.83247160794475
1,2292,60.83247160794475
1,2293,60.83247160794475
1,2294,60.8324667475653
1,2295,60.8324667475653
1,2296,60.8324667475653
1,2297,60.8324667475653
1,2298,60.8324667475653
1,2299,60.8324667475653
1,2300,60.8324667475653
1,2301,60.8324667475653
1,2302,60.8324667475653
1,2303,60.8324667475653
1,2304,60.832458701439904
1,2305,60.832458701439904
1,2306,60.83245510768935
1,2307,60.83245510768935
1,2308,60.83244769425683
1,2309,60.83244769425683
1,2310,60.83244769425683
1,2311,60.83244769425683
1,2312,60.83244769425683
1,2313,60.83244769425683
1,2314,60.83244515387961
1,2315,60.83244515387961
1,2316,60.83244515387961
1,2317,60.83244515387961
1,2318,60.83244515387961
1,2319,60.83244515387961
1,2320,60.83244515387961
1,2321,60.83243294693159
1,2322,60.83243294693159
1,2323,60.83243294693159
1,2324,60.83243294693159
1,2325,60.83243294693159
1,2326,60.83243294693159
1,2327,60.83242372798143
1,2328,60.83242372798143
1,2329,60.83242372798143
1,2330,60.83242372798143
1,2331,60.83242372798143
1,2332,60.83242372798143
1,2333,60.83242372798143
1,2334,60.83242372798143
1,2335,60.83242372798143
1,2336,60.83242372798143
1,2337,60.83242372798143
1,2338,60.83242372798143
1,2339,60.83242372798143
1,2340,60.83242372798143
1,2341,60.83242372798143
1,2342,60.83241078073577
1,2343,60.83241078073577
1,2344,60.83241078073577
1,2345,60.83241078073577
1,2346,60.83241078073577
1,2347,60.83241078073577
1,2348,60.83241078073577
1,2349,60.83241078073577
1,2350,60.83241078073577
1,2351,60.83241078073577
1,2352,60.83241078073577
1,2353,60.83240940955579
1,2354,60.83240940955579
1,2355,60.83240940955579
1,2356,60.83240430539392
1,2357,60.83240430539392
1,2358,60.83240430539392
1,2359,60.83240430539392
1,2360,60.83240430539392
1,2361,60.83240430539392
1,2362,60.83240043621191
1,2363,60.83240043621191
1,2364,60.83240043621191
1,2365,60.832388585789275
1,2366,60.832388585789275
1,2367,60.832388585789275
1,2368,60.832388585789275
1,2369,60.832388585789275
1,2370,60.832388585789275
1,2371,60.832388585789275
1,2372,60.832388585789275
1,2373,60.832388585789275
1,2374,60.832388585789275
1,2375,60.832388585789275
1,2376,60.832388585789275
1,2377,60.832388585789275
1,2378,60.832388585789275
1,2379,60.832388585789275
1,2380,60.832388585789275
1,2381,60.832388585789275
1,2382,60.832388585789275
1,2383,60.832388585789275
1,2384,60.83238176571083
1,2385,60.83238176571083
1,2386,60.83238176571083
1,2387,60.83238176571083
1,2388,60.83238176571083
1,2389,60.83238176571083
1,2390,60.83238176571083
1,2391,60.83238176571083
1,2392,60.83238176571083
1,2393,60.83238176571083
1,2394,60.83238176571083
1,2395,60.83238176571083
1,2396,60.83238176571083
1,2397,60.83238176571083
1,2398,60.83238176571083
1,2399,60.83238176571083
1,2400,60.83237815388488
1,2401,60.83237815388488
1,2402,60.83237815388488
1,2403,60.83237815388488
1,2404,60.83237815388488
1,2405,60.83237815388488
1,2406,60.83237815388488
1,2407,60.83237815388488
1,2408,60.83237815388488
1,2409,60.83237815388488
1,2410,60.832376343672756
1,2411,60.832376343672756
1,2412,60.832376343672756
1,2413,60.832376343672756
1,2414,60.832376343672756
1,2415,60.83236679933541
1,2416,60.83236679933541
1,2417,60.83236679933541
1,2418,60.83236679933541
1,2419,60.83236679933541
1,2420,60.83236152056843
1,2421,60.83236152056843
1,2422,60.83236152056843
1,2423,60.83236152056843
1,2424,60.83236152056843
1,2425,60.83236152056843
1,2426,60.83236152056843
1,2427,60.83236152056843
1,2428,60.83236152056843
1,2429,60.83236152056843
1,2430,60.83236152056843
1,2431,60.83236152056843
1,2432,60.83236152056843
1,2433,60.83235538126906
1,2434,60.83235538126906
1,2435,60.83235538126906
1,2436,60.83235538126906
1,2437,60.83235538126906
1,2438,60.83235538126906
1,2439,60.83235538126906
1,2440,60.83235538126906
1,2441,60.832353842934275
1,2442,60.83235174225736
1,2443,60.83235174225736
1,2444,60.83235063486511
1,2445,60.832338745786394
1,2446,60.832338745786394
1,2447,60.832338745786394
1,2448,60.832338745786394
1,2449,60.832338745786394
1,2450,60.832338745786394
1,2451,60.832338745786394
1,2452,60.832338745786394
1,2453,60.832338745786394
1,2454,60.832333396117484
1,2455,60.832333396117484
1,2456,60.832333396117484
1,2457,60.832333396117484
1,2458,60.832333011153885
1,2459,60.832333011153885
1,2460,60.832333011153885
1,2461,60.83233088290224
1,2462,60.83233088290224
1,2463,60.83233088290224
1,2464,60.83232498841942
1,2465,60.83232498841942
1,2466,60.83232498841942
1,2467,60.83232498841942
1,2468,60.83232498841942
1,2469,60.83232498841942
1,2470,60.83232498841942
1,2471,60.83232498841942
1,2472,60.83232498841942
1,2473,60.83232114918965
1,2474,60.83232114918965
1,2475,60.8323188243247
1,2476,60.8323188243247
1,2477,60.8323188243247
1,2478,60.8323188243247
1,2479,60.8323188243247
1,2480,60.8323188243247
1,2481,60.832315517072836
1,2482,60.83231412799748
1,2483,60.83231412799748
1,2484,60.83231412799748
1,2485,60.83231412799748
1,2486,60.83231412799748
1,2487,60.83231412799748
1,2488,60.83231412799748
1,2489,60.83231412799748
1,2490,60.83231308504537
1,2491,60.83231308504537
1,2492,60.83231276708082
1,2493,60.83231276708082
1,2494,60.832312030878605
1,2495,60.832306734192876
1,2496,60.83229781276942
1,2497,60.83229781276942
1,2498,60.83229781276942
1,2499,60.83229781276942
1,2500,60.83229781276942
1,2501,60.83229781276942
1,2502,60.83229781276942
1,2503,60.83229781276942
1,2504,60.83229781276942
1,2505,60.83229781276942
1,2506,60.83229781276942
1,2507,60.83229152858778
1,2508,60.83229152858778
1,2509,60.83229152858778
1,2510,60.83229152858778
1,2511,60.83229152858778
1,2512,60.83229152858778
1,2513,60.83229152858778
1,2514,60.83229152858778
1,2515,60.83229152858778
1,2516,60.83229152858778
1,2517,60.83229152858778
1,2518,60.83229152858778
1,2519,60.83229152858778
1,2520,60.83229152858778
1,2521,60.83228756308598
1,2522,60.83228756308598
1,2523,60.83228756308598
1,2524,60.8322754756442
1,2525,60.8322754756442
1,2526,60.8322754756442
1,2527,60.8322754756442
1,2528,60.8322754756442
1,2529,60.8322754756442
1,2530,60.8322754756442
1,2531,60.8322754756442
1,2532,60.8322754756442
1,2533,60.8322754756442
1,2534,60.8322754756442
1,2535,60.83227275628898
1,2536,60.832267179757714
1,2537,60.832267179757714
1,2538,60.832267179757714
1,2539,60.832267179757714
1,2540,60.832267179757714
1,2541,60.832267179757714
1,2542,60.832267179757714
1,2543,60.832267179757714
1,2544,60.83226370951227
1,2545,60.83226370951227
1,2546,60.83226370951227
1,2547,60.83226370951227
1,2548,60.83226370951227
1,2549,60.83226370951227
1,2550,60.83226255728866
1,2551,60.83226255728866
1,2552,60.83226220618459
1,2553,60.83226147792587
1,2554,60.83226147792587
1,2555,60.832258999616215
1,2556,60.83225612549387
1,2557,60.83225290579861
1,2558,60.83225290579861
1,2559,60.83225290579861
1,2560,60.83225290579861
1,2561,60.83225290579861
1,2562,60.83225290579861
1,2563,60.832246039867975
1,2564,60.832243261708214
1,2565,60.832243261708214
1,2566,60.832243261708214
1,2567,60.832243261708214
1,2568,60.832243261708214
1,2569,60.832243261708214
1,2570,60.832243261708214
1,2571,60.832243261708214
1,2572,60.832243261708214
1,2573,60.83224308653727
1,2574,60.83224308653727
1,2575,60.83224308653727
1,2576,60.83224308653727
1,2577,60.83223759086753
1,2578,60.83223759086753
1,2579,60.83223656744884
1,2580,60.83223656744884
1,2581,60.83223656744884
1,2582,60.83223656744884
1,2583,60.83222851308642
1,2584,60.83222851308642
1,2585,60.83222851308642
1,2586,60.83222851308642
1,2587,60.83222851308642
1,2588,60.83222851308642
1,2589,60.83221894833153
1,2590,60.83221894833153
1,2591,60.83221894833153
1,2592,60.83221894833153
1,2593,60.83221894833153
1,2594,60.83221894833153
1,2595,60.83221894833153
1,2596,60.83221894833153
1,2597,60.83221894833153
1,2598,60.83221894833153
1,2599,60.83221894833153
1,2600,60.83221894833153
1,2601,60.83221894833153
1,2602,60.83221894833153
1,2603,60.83221894833153
1,2604,60.83221894833153
1,2605,60.83221894833153
1,2606,60.83221614591751
1,2607,60.83221614591751
1,2608,60.8322131432711
1,2609,60.8322131432711
1,2610,60.8322131432711
1,2611,60.8322131432711
1,2612,60.83220622991625
1,2613,60.83220622991625
1,2614,60.83220622991625
1,2615,60.83220622991625
1,2616,60.83220622991625
1,2617,60.832205046493605
1,2618,60.832205046493605
1,2619,60.832205046493605
1,2620,60.832205046493605
1,2621,60.83220067087374
1,2622,60.83220067087374
1,2623,60.83220067087374
1,2624,60.83220067087374
1,2625,60.83220067087374
1,2626,60.83220067087374
1,2627,60.83220067087374
1,2628,60.83220067087374
1,2629,60.83219985924413
1,2630,60.832195886913844
1,2631,60.832195886913844
1,2632,60.832184360366064
1,2633,60.832184360366064
1,2634,60.832184360366064
1,2635,60.832184360366064
1,2636,60.832184360366064
1,2637,60.832184360366064
1,2638,60.83218229151475
1,2639,60.83218229151475
1,2640,60.83218229151475
1,2641,60.83218229151475
1,2642,60.83218229151475
1,2643,60.83218229151475
1,2644,60.83218229151475
1,2645,60.83218229151475
1,2646,60.83218102669351
1,2647,60.83218102669351
1,2648,60.83218102669351
1,2649,60.83218102669351
1,2650,60.832179039240565
1,2651,60.832179039240565
1,2652,60.832179039240565
1,2653,60.832179039240565
1,2654,60.83217566342758
1,2655,60.83217566342758
1,2656,60.83217566342758
1,2657,60.83217566342758
1,2658,60.83217566342758
1,2659,60.83217566342758
1,2660,60.83217566342758
1,2661,60.83217566342758
1,2662,60.83217409922741
1,2663,60.83217409922741
1,2664,60.83216906070318
1,2665,60.832160391839885
1,2666,60.832160391839885
1,2667,60.832160391839885
1,2668,60.832160391839885
1,2669,60.832160391839885
1,2670,60.832160391839885
1,2671,60.832160391839885
1,2672,60.832160391839885
1,2673,60.832160391839885
1,2674,60.832160391839885
1,2675,60.8321564465354
1,2676,60.8321564465354
1,2677,60.8321564465354
1,2678,60.8321564465354
1,2679,60.8321564465354
1,2680,60.8321564465354
1,2681,60.8321564465354
1,2682,60.8321564465354
1,2683,60.83214577406967
1,2684,60.83214577406967
1,2685,60.83214577406967
1,2686,60.83214577406967
1,2687,60.83214577406967
1,2688,60.832139380163774
1,2689,60.832139380163774
1,2690,60.832139380163774
1,2691,60.832139380163774
1,2692,60.832139380163774
1,2693,60.832139380163774
1,2694,60.832139380163774
1,2695,60.832139380163774
1,2696,60.832139380163774
1,2697,60.832139380163774
1,2698,60.832139380163774
1,2699,60.832139380163774
1,2700,60.832138436956974
1,2701,60.832138436956974
1,2702,60.832138436956974
1,2703,60.832138436956974
1,2704,60.832138436956974
1,2705,60.832138436956974
1,2706,60.832138436956974
1,2707,60.832138436956974
1,2708,60.83213412421643
1,2709,60.83213412421643
1,2710,60.83213046332599
1,2711,60.83212557784275
1,2712,60.83212435496292
1,2713,60.83212435496292
1,2714,60.83212215667567
1,2715,60.83212215667567
1,2716,60.83212215667567
1,2717,60.83212215667567
1,2718,60.83212215667567
1,2719,60.83212215667567
1,2720,60.83212215667567
1,2721,60.83212215667567
1,2722,60.8321213357967
1,2723,60.8321213357967
1,2724,60.8321213357967
1,2725,60.8321213357967
1,2726,60.8321213357967
1,2727,60.8321213357967
1,2728,60.8321213357967
1,2729,60.8321156487211
1,2730,60.83211198567767
1,2731,60.83211198567767
1,2732,60.83211198567767
1,2733,60.83211198567767
1,2734,60.83211198567767
1,2735,60.83211198567767
1,2736,60.83211198567767
1,2737,60.83211198567767
1,2738,60.83211198567767
1,2739,60.83211198567767
1,2740,60.83211198567767
1,2741,60.832109288196115
1,2742,60.832109288196115
1,2743,60.832109288196115
1,2744,60.83210233346938
1,2745,60.83210233346938
1,2746,60.83210233346938
1,2747,60.83210233346938
1,2748,60.83210233346938
1,2749,60.83210233346938
1,2750,60.83210233346938
1,2751,60.83210233346938
1,2752,60.83210233346938
1,2753,60.83210233346938
1,2754,60.83210233346938
1,2755,60.83210233346938
1,2756,60.83210233346938
1,2757,60.83209799350414
1,2758,60.83209799350414
1,2759,60.83209799350414
1,2760,60.832096115873505
1,2761,60.832096115873505
1,2762,60.83209134414032
1,2763,60.83209134414032
1,2764,60.83209134414032
1,2765,60.83209134414032
1,2766,60.8320909746681
1,2767,60.8320909746681
1,2768,60.8320909746681
1,2769,60.8320909746681
1,2770,60.8320909746681
1,2771,60.832083191327115
1,2772,60.832083191327115
1,2773,60.832083191327115
1,2774,60.832083191327115
1,2775,60.832083191327115
1,2776,60.832083191327115
1,2777,60.832083191327115
1,2778,60.832083191327115
1,2779,60.832083191327115
1,2780,60.832083191327115
1,2781,60.83208190069671
1,2782,60.83208190069671
1,2783,60.83208190069671
1,2784,60.832080733378234
1,2785,60.832080733378234
1,2786,60.8320803972103
1,2787,60.8320803972103
1,2788,60.8320803972103
1,2789,60.8320803972103
1,2790,60.8320803972103
1,2791,60.8320803972103
1,2792,60.8320803972103
1,2793,60.832078320000896
1,2794,60.832078320000896
1,2795,60.832078320000896
1,2796,60.832078320000896
1,2797,60.832078320000896
1,2798,60.832078320000896
1,2799,60.832078320000896
1,2800,60.832078320000896
1,2801,60.832078320000896
1,2802,60.83207186931737
1,2803,60.83207186931737
1,2804,60.83207186931737
1,2805,60.83207186931737
1,2806,60.83207186931737
1,2807,60.83207186931737
1,2808,60.83207186931737
1,2809,60.83206362258766
1,2810,60.83206362258766
1,2811,60.83206362258766
1,2812,60.83206362258766
1,2813,60.83206362258766
1,2814,60.83206362258766
1,2815,60.83206362258766
1,2816,60.83206362258766
1,2817,60.83206362258766
1,2818,60.83206362258766
1,2819,60.83206362258766
1,2820,60.83206362258766
1,2821,60.83206362258766
1,2822,60.83206362258766
1,2823,60.83206362258766
1,2824,60.83205347633496
1,2825,60.83205347633496
1,2826,60.83204702598005
1,2827,60.83204702598005
1,2828,60.83204702598005
1,2829,60.83204702598005
1,2830,60.83204702598005
1,2831,60.83204702598005
1,2832,60.83204431022309
1,2833,60.83204431022309
1,2834,60.83204431022309
1,2835,60.83204431022309
1,2836,60.83204431022309
1,2837,60.83204431022309
1,2838,60.83204431022309
1,2839,60.83204431022309
1,2840,60.83204431022309
1,2841,60.83204431022309
1,2842,60.83204431022309
1,2843,60.83204431022309
1,2844,60.83204431022309
1,2845,60.83204431022309
1,2846,60.83204431022309
1,2847,60.83204431022309
1,2848,60.83204431022309
1,2849,60.83204431022309
1,2850,60.83204431022309
1,2851,60.83204024800779
1,2852,60.83204024800779
1,2853,60.83204024800779
1,2854,60.83204024800779
1,2855,60.83204024800779
1,2856,60.83204024800779
1,2857,60.83204024800779
1,2858,60.83203615939489
1,2859,60.83203615939489
1,2860,60.83202988440791
1,2861,60.83202988440791
1,2862,60.83202988440791
1,2863,60.83202988440791
1,2864,60.83202988440791
1,2865,60.83202988440791
1,2866,60.83202038065432
1,2867,60.83202038065432
1,2868,60.83202038065432
1,2869,60.83202038065432
1,2870,60.83202038065432
1,2871,60.83202038065432
1,2872,60.83202038065432
1,2873,60.83202038065432
1,2874,60.83202038065432
1,2875,60.83202038065432
1,2876,60.83202038065432
1,2877,60.83202038065432
1,2878,60.83202038065432
1,2879,60.83202038065432
1,2880,60.83202038065432
1,2881,60.83201656422995
1,2882,60.83201656422995
1,2883,60.83201656422995
1,2884,60.83201656422995
1,2885,60.83201656422995
1,2886,60.83201656422995
1,2887,60.83201656422995
1,2888,60.83201656422995
1,2889,60.83201656422995
1,2890,60.83201656422995
1,2891,60.83201656422995
1,2892,60.83201656422995
1,2893,60.83201656422995
1,2894,60.83201656422995
1,2895,60.83201656422995
1,2896,60.83201656422995
1,2897,60.83201656422995
1,2898,60.83201650127145
1,2899,60.83200955740081
1,2900,60.83200355278688
1,2901,60.83200355278688
1,2902,60.83200355278688
1,2903,60.83200355278688
1,2904,60.83200355278688
1,2905,60.83200355278688
1,2906,60.83200355278688
1,2907,60.83200355278688
1,2908,60.83200355278688
1,2909,60.83200355278688
1,2910,60.83200120065547
1,2911,60.83199516589711
1,2912,60.83199516589711
1,2913,60.83199516589711
1,2914,60.83199516589711
1,2915,60.83199516589711
1,2916,60.83199516589711
1,2917,60.83199516589711
1,2918,60.8319951253536
1,2919,60.8319951253536
1,2920,60.8319951253536
1,2921,60.8319951253536
1,2922,60.8319951253536
1,2923,60.8319951253536
1,2924,60.8319951253536
1,2925,60.8319951253536
1,2926,60.8319951253536
1,2927,60.8319951253536
1,2928,60.8319951253536
1,2929,60.8319951253536
1,2930,60.8319951253536
1,2931,60.8319951253536
1,2932,60.8319951253536
1,2933,60.8319951253536
1,2934,60.83198256966696
1,2935,60.83198256966696
1,2936,60.83198256966696
1,2937,60.83198256966696
1,2938,60.83198256966696
1,2939,60.83198256966696
1,2940,60.83198256966696
1,2941,60.83198256966696
1,2942,60.83198256966696
1,2943,60.83198251246834
1,2944,60.83198251246834
1,2945,60.83198251246834
1,2946,60.83198251246834
1,2947,60.83198251246834
1,2948,60.83197481617958
1,2949,60.83197481617958
1,2950,60.83197481617958
1,2951,60.83197481617958
1,2952,60.83197481617958
1,2953,60.83197481617958
1,2954,60.83197481617958
1,2955,60.83197481617958
1,2956,60.83197481617958
1,2957,60.83197481617958
1,2958,60.83197481617958
1,2959,60.83197481617958
1,2960,60.83197481617958
1,2961,60.83197481617958
1,2962,60.83197481617958
1,2963,60.83197481617958
1,2964,60.83197481617958
1,2965,60.83197116813348
1,2966,60.83197116813348
1,2967,60.83197116813348
1,2968,60.83197116813348
1,2969,60.83197116813348
1,2970,60.83197116813348
1,2971,60.83197116813348
1,2972,60.831963376510046
1,2973,60.831963376510046
1,2974,60.831963376510046
1,2975,60.831963376510046
1,2976,60.831963376510046
1,2977,60.831963376510046
1,2978,60.831963376510046
1,2979,60.831963376510046
1,2980,60.831963376510046
1,2981,60.831963376510046
1,2982,60.83195476246963
1,2983,60.83195476246963
1,2984,60.83195476246963
1,2985,60.83195476246963
1,2986,60.83195476246963
1,2987,60.83193396753863
1,2988,60.83193396753863
1,2989,60.83193396753863
1,2990,60.83193396753863
1,2991,60.83193396753863
1,2992,60.83193396753863
1,2993,60.83193396753863
1,2994,60.83193396753863
1,2995,60.831927027185166
1,2996,60.831927027185166
1,2997,60.831927027185166
1,2998,60.831927027185166
1,2999,60.831927027185166
1,3000,60.831927027185166
1,3001,60.831927027185166
1,3002,60.831927027185166
1,3003,60.831927027185166
1,3004,60.831927027185166
1,3005,60.831927027185166
1,3006,60.831927027185166
1,3007,60.831927027185166
1,3008,60.831927027185166
1,3009,60.831927027185166
1,3010,60.831927027185166
1,3011,60.831927027185166
1,3012,60.831927027185166
1,3013,60.831927027185166
1,3014,60.831927027185166
1,3015,60.831927027185166
1,3016,60.831927027185166
1,3017,60.831927027185166
1,3018,60.831927027185166
1,3019,60.831927027185166
1,3020,60.831927027185166
1,3021,60.831927027185166
1,3022,60.831927027185166
1,3023,60.831927027185166
1,3024,60.831927027185166
1,3025,60.831927027185166
1,3026,60.831927027185166
1,3027,60.831927027185166
1,3028,60.831927027185166
1,3029,60.831927027185166
1,3030,60.831927027185166
1,3031,60.831927027185166
1,3032,60.831927027185166
1,3033,60.831927027185166
1,3034,60.831927027185166
1,3035,60.831927027185166
1,3036,60.831927027185166
1,3037,60.8319233781855
1,3038,60.8319233781855
1,3039,60.8319233781855
1,3040,60.8319233781855
1,3041,60.8319233781855
1,3042,60.8319233781855
1,3043,60.8319233781855
1,3044,60.8319233781855
1,3045,60.8319233781855
1,3046,60.8319233781855
1,3047,60.8319233781855
1,3048,60.8319233781855
1,3049,60.8319233781855
1,3050,60.8319233781855
1,3051,60.83192021756212
1,3052,60.83192021756212
1,3053,60.83191973050945
1,3054,60.83191885626911
1,3055,60.831916802245075
1,3056,60.831916802245075
1,3057,60.831916802245075
1,3058,60.831916802245075
1,3059,60.831916802245075
1,3060,60.831916802245075
1,3061,60.831916802245075
1,3062,60.831916802245075
1,3063,60.83191619592994
1,3064,60.83191619592994
1,3065,60.83190805562974
1,3066,60.83190805562974
1,3067,60.83190805562974
1,3068,60.83190805562974
1,3069,60.83190805562974
1,3070,60.83190805562974
1,3071,60.83190805562974
1,3072,60.83190805562974
1,3073,60.83190805562974
1,3074,60.83190805562974
1,3075,60.83190805562974
1,3076,60.83190805562974
1,3077,60.83190805562974
1,3078,60.83190805562974
1,3079,60.83190805562974
1,3080,60.831898572913865
1,3081,60.831898572913865
1,3082,60.831898572913865
1,3083,60.831898572913865
1,3084,60.831898572913865
1,3085,60.831898572913865
1,3086,60.831898572913865
1,3087,60.831898572913865
1,3088,60.831898572913865
1,3089,60.83189330786917
1,3090,60.831882713387465
1,3091,60.831882713387465
1,3092,60.831882713387465
1,3093,60.831882713387465
1,3094,60.831882713387465
1,3095,60.831882713387465
1,3096,60.831882713387465
1,3097,60.831882713387465
1,3098,60.831882713387465
1,3099,60.83188071452973
1,3100,60.83188071452973
1,3101,60.83188071452973
1,3102,60.83188071452973
1,3103,60.83188071452973
1,3104,60.83188071452973
1,3105,60.831877937385734
1,3106,60.831877937385734
1,3107,60.831877937385734
1,3108,60.831877937385734
1,3109,60.831877937385734
1,3110,60.831877937385734
1,3111,60.831877937385734
1,3112,60.831877937385734
1,3113,60.831877937385734
1,3114,60.831877598986644
1,3115,60.831877598986644
1,3116,60.831877598986644
1,3117,60.831877598986644
1,3118,60.831877598986644
1,3119,60.831877598986644
1,3120,60.831877598986644
1,3121,60.831877598986644
1,3122,60.831877598986644
1,3123,60.831877598986644
1,3124,60.831877598986644
1,3125,60.831877598986644
1,3126,60.831877598986644
1,3127,60.831870457023086
1,3128,60.831870457023086
1,3129,60.831870457023086
1,3130,60.831870457023086
1,3131,60.831870457023086
1,3132,60.831870457023086
1,3133,60.83186742979076
1,3134,60.83186302608098
1,3135,60.83186302608098
1,3136,60.83186302608098
1,3137,60.83186302608098
1,3138,60.83186302608098
1,3139,60.83186302608098
1,3140,60.83186302608098
1,3141,60.83186302608098
1,3142,60.83186302608098
1,3143,60.83186302608098
1,3144,60.83186302608098
1,3145,60.83186302608098
1,3146,60.83186302608098
1,3147,60.83186302608098
1,3148,60.83186302608098
1,3149,60.83186302608098
1,3150,60.83186302608098
1,3151,60.83186302608098
1,3152,60.83186302608098
1,3153,60.83186302608098
1,3154,60.83185894127242
1,3155,60.83185894127242
1,3156,60.83185894127242
1,3157,60.83185894127242
1,3158,60.831858491269486
1,3159,60.831858491269486
1,3160,60.831858491269486
1,3161,60.83184757104992
1,3162,60.83184757104992
1,3163,60.83184757104992
1,3164,60.831847550384325
1,3165,60.831847550384325
1,3166,60.831847550384325
1,3167,60.831847550384325
1,3168,60.831843511306126
1,3169,60.83183899500546
1,3170,60.83183899500546
1,3171,60.83183899500546
1,3172,60.83183899500546
1,3173,60.83183899500546
1,3174,60.83183899500546
1,3175,60.83183899500546
1,3176,60.83183899500546
1,3177,60.83182765408728
1,3178,60.83182765408728
1,3179,60.83182765408728
1,3180,60.83182765408728
1,3181,60.83182765408728
1,3182,60.83182765408728
1,3183,60.83182765408728
1,3184,60.83182765408728
1,3185,60.83182765408728
1,3186,60.83182765408728
1,3187,60.83182765408728
1,3188,60.83182765408728
1,3189,60.83182765408728
1,3190,60.83182308126795
1,3191,60.83182308126795
1,3192,60.83182079310853
1,3193,60.83182079310853
1,3194,60.83181177409444
1,3195,60.83181177409444
1,3196,60.83181177409444
1,3197,60.83181177409444
1,3198,60.83181177409444
1,3199,60.83181177409444
1,3200,60.83181177409444
1,3201,60.83181177409444
1,3202,60.83181053681966
1,3203,60.83181053681966
1,3204,60.83181053681966
1,3205,60.831801050500864
1,3206,60.831801050500864
1,3207,60.831801050500864
1,3208,60.831801050500864
1,3209,60.831801050500864
1,3210,60.831801050500864
1,3211,60.831801050500864
1,3212,60.831801050500864
1,3213,60.831801050500864
1,3214,60.831801050500864
1,3215,60.831801050500864
1,3216,60.831801050500864
1,3217,60.831801050500864
1,3218,60.831801050500864
1,3219,60.831801050500864
1,3220,60.83179549550232
1,3221,60.83179549550232
1,3222,60.83179549550232
1,3223,60.83179549550232
1,3224,60.83179549550232
1,3225,60.83179549550232
1,3226,60.83179549550232
1,3227,60.83179549550232
1,3228,60.83179549550232
1,3229,60.83179549550232
1,3230,60.83179549550232
1,3231,60.83179549550232
1,3232,60.83179549550232
1,3233,60.83179549550232
1,3234,60.83179549550232
1,3235,60.83178775841286
1,3236,60.83178775841286
1,3237,60.83178775841286
1,3238,60.83178775841286
1,3239,60.83178775841286
1,3240,60.83178775841286
1,3241,60.83178775841286
1,3242,60.83177952564842
1,3243,60.83177952564842
1,3244,60.83177952564842
1,3245,60.83177952564842
1,3246,60.83177952564842
1,3247,60.83177952564842
1,3248,60.83177952564842
1,3249,60.83177952564842
1,3250,60.83177952564842
1,3251,60.83177952564842
1,3252,60.83177952564842
1,3253,60.83177952564842
1,3254,60.83177952564842
1,3255,60.83177952564842
1,3256,60.83177952564842
1,3257,60.83177952564842
1,3258,60.83177952564842
1,3259,60.83177952564842
1,3260,60.83177952564842
1,3261,60.83177952564842
1,3262,60.83177952564842
1,3263,60.83177952564842
1,3264,60.83177952564842
1,3265,60.83177952564842
1,3266,60.83177952564842
1,3267,60.83177952564842
1,3268,60.83177952564842
1,3269,60.83177952564842
1,3270,60.83177952564842
1,3271,60.83177952564842
1,3272,60.83177952564842
1,3273,60.83177952564842
1,3274,60.83177952564842
1,3275,60.83177952564842
1,3276,60.83177952564842
1,3277,60.8317788365465
1,3278,60.8317788365465
1,3279,60.8317788365465
1,3280,60.8317788365465
1,3281,60.8317788365465
1,3282,60.8317788365465
1,3283,60.8317788365465
1,3284,60.8317788365465
1,3285,60.8317788365465
1,3286,60.8317788365465
1,3287,60.8317788365465
1,3288,60.8317788365465
1,3289,60.8317788365465
1,3290,60.8317788365465
1,3291,60.8317788365465
1,3292,60.8317788365465
1,3293,60.8317788365465
1,3294,60.8317788365465
1,3295,60.8317788365465
1,3296,60.8317788365465
1,3297,60.8317788365465
1,3298,60.8317788365465
1,3299,60.8317788365465
1,3300,60.8317788365465
1,3301,60.8317788365465
1,3302,60.8317788365465
1,3303,60.8317788365465
1,3304,60.8317788365465
1,3305,60.8317788365465
1,3306,60.8317788365465
1,3307,60.831778543867415
1,3308,60.83177159236758
1,3309,60.83177159236758
1,3310,60.83177159236758
1,3311,60.83177159236758
1,3312,60.83177159236758
1,3313,60.83177159236758
1,3314,60.83177159236758
1,3315,60.83177159236758
1,3316,60.831769119811796
1,3317,60.831769119811796
1,3318,60.831769119811796
1,3319,60.831769119811796
1,3320,60.831769119811796
1,3321,60.831769119811796
1,3322,60.831769119811796
1,3323,60.831769119811796
1,3324,60.831769119811796
1,3325,60.831769119811796
1,3326,60.831769119811796
1,3327,60.83176599720388
1,3328,60.83176599720388
1,3329,60.83176599720388
1,3330,60.83176599720388
1,3331,60.83176599720388
1,3332,60.83176599720388
1,3333,60.83176599720388
1,3334,60.83176599720388
1,3335,60.83176599720388
1,3336,60.83176599720388
1,3337,60.83176599720388
1,3338,60.83176599720388
1,3339,60.83176599720388
1,3340,60.83176599720388
1,3341,60.83176599720388
1,3342,60.83176599720388
1,3343,60.83175712969315
1,3344,60.83175712969315
1,3345,60.83175712969315
1,3346,60.83175712969315
1,3347,60.831752163559926
1,3348,60.831752163559926
1,3349,60.831752163559926
1,3350,60.831752163559926
1,3351,60.831752163559926
1,3352,60.831752163559926
1,3353,60.831752163559926
1,3354,60.831752163559926
1,3355,60.831752163559926
1,3356,60.831752163559926
1,3357,60.831751540054334
1,3358,60.831751540054334
1,3359,60.831751540054334
1,3360,60.831751540054334
1,3361,60.831751540054334
1,3362,60.831751540054334
1,3363,60.83175100302742
1,3364,60.83175100302742
1,3365,60.83175100302742
1,3366,60.83175100302742
1,3367,60.83174905931614
1,3368,60.83174905931614
1,3369,60.83174905931614
1,3370,60.831747040804395
1,3371,60.831747040804395
1,3372,60.83174667477885
1,3373,60.83174667477885
1,3374,60.83174667477885
1,3375,60.83174667477885
1,3376,60.831740667786335
1,3377,60.831740667786335
1,3378,60.831740667786335
1,3379,60.831740667786335
1,3380,60.831740667786335
1,3381,60.83174054726536
1,3382,60.83174054726536
1,3383,60.83173077734937
1,3384,60.83173077734937
1,3385,60.83173077734937
1,3386,60.83173077734937
1,3387,60.83173077734937
1,3388,60.83173077734937
1,3389,60.83173077734937
1,3390,60.83173077734937
1,3391,60.83173077734937
1,3392,60.83173077734937
1,3393,60.83173077734937
1,3394,60.83173077734937
1,3395,60.83173077734937
1,3396,60.83173077734937
1,3397,60.831729738189225
1,3398,60.831729738189225
1,3399,60.831729738189225
1,3400,60.831729738189225
1,3401,60.831729738189225
1,3402,60.83172689708628
1,3403,60.83172689708628
1,3404,60.83172689708628
1,3405,60.83172689708628
1,3406,60.83172689708628
1,3407,60.83172689708628
1,3408,60.83172689708628
1,3409,60.83172689708628
1,3410,60.83172689708628
1,3411,60.83172689708628
1,3412,60.83172689708628
1,3413,60.83172689708628
1,3414,60.83172689708628
1,3415,60.83172689708628
1,3416,60.83172689708628
1,3417,60.83172689708628
1,3418,60.83172689708628
1,3419,60.83172327691579
1,3420,60.83172327691579
1,3421,60.831722590717405
1,3422,60.831722590717405
1,3423,60.831722590717405
1,3424,60.831722590717405
1,3425,60.831722590717405
1,3426,60.83171888094176
1,3427,60.83171625820467
1,3428,60.83171625820467
1,3429,60.83171625820467
1,3430,60.83171625820467
1,3431,60.83171625820467
1,3432,60.83171625820467
1,3433,60.83171625820467
1,3434,60.83171625820467
1,3435,60.83170702582998
1,3436,60.8317014927828
1,3437,60.8317014927828
1,3438,60.8317014927828
1,3439,60.8317014927828
1,3440,60.8317014927828
1,3441,60.8317014927828
1,3442,60.8317014927828
1,3443,60.8317014927828
1,3444,60.8317014927828
1,3445,60.8317014927828
1,3446,60.8317014927828
1,3447,60.8317014927828
1,3448,60.8317014927828
1,3449,60.8317014927828
1,3450,60.8317014927828
1,3451,60.8317014927828
1,3452,60.8317014927828
1,3453,60.8317014927828
1,3454,60.8317014927828
1,3455,60.8317014927828
1,3456,60.8317014927828
1,3457,60.8317014927828
1,3458,60.8317014927828
1,3459,60.83169820727647
1,3460,60.83169820727647
1,3461,60.83169820727647
1,3462,60.83169820727647
1,3463,60.83169820727647
1,3464,60.83169820727647
1,3465,60.83169540932502
1,3466,60.83169540932502
1,3467,60.83169540932502
1,3468,60.83169392829695
1,3469,60.83169392829695
1,3470,60.83169392829695
1,3471,60.83169392829695
1,3472,60.83169392829695
1,3473,60.83169392829695
1,3474,60.83169392829695
1,3475,60.83169392829695
1,3476,60.83169392829695
1,3477,60.83169392829695
1,3478,60.83169392829695
1,3479,60.83169392829695
1,3480,60.83169392829695
1,3481,60.83169392829695
1,3482,60.83169392829695
1,3483,60.8316917223476
1,3484,60.8316917223476
1,3485,60.8316917223476
1,3486,60.8316917223476
1,3487,60.8316917223476
1,3488,60.8316917223476
1,3489,60.8316917223476
1,3490,60.8316917223476
1,3491,60.831683535899614
1,3492,60.831683535899614
1,3493,60.831683535899614
1,3494,60.831683535899614
1,3495,60.831683535899614
1,3496,60.831683535899614
1,3497,60.831683535899614
1,3498,60.831683535899614
1,3499,60.831683535899614
1,3500,60.831683535899614
1,3501,60.83167602893142
1,3502,60.83167602893142
1,3503,60.83167602893142
1,3504,60.83167602893142
1,3505,60.83167602893142
1,3506,60.83167602893142
1,3507,60.83167602893142
1,3508,60.83167602893142
1,3509,60.83167602893142
1,3510,60.83167602893142
1,3511,60.83167602893142
1,3512,60.83167602893142
1,3513,60.83167602893142
1,3514,60.83167602893142
1,3515,60.83167602893142
1,3516,60.83167602893142
1,3517,60.83166838338332
1,3518,60.83166838338332
1,3519,60.83166838338332
1,3520,60.83166838338332
1,3521,60.83166838338332
1,3522,60.83166838338332
1,3523,60.83166838338332
1,3524,60.831650367099336
1,3525,60.831650367099336
1,3526,60.831650367099336
1,3527,60.831650367099336
1,3528,60.831650367099336
1,3529,60.831650367099336
1,3530,60.831650367099336
1,3531,60.831650367099336
1,3532,60.831650367099336
1,3533,60.831650367099336
1,3534,60.831650367099336
1,3535,60.831650367099336
1,3536,60.831650367099336
1,3537,60.831650367099336
1,3538,60.831650367099336
1,3539,60.831650367099336
1,3540,60.831650367099336
1,3541,60.831650367099336
1,3542,60.831650367099336
1,3543,60.831650367099336
1,3544,60.831650367099336
1,3545,60.83164746653477
1,3546,60.83164746653477
1,3547,60.83164746653477
1,3548,60.83164746653477
1,3549,60.83164746653477
1,3550,60.83164746653477
1,3551,60.83164746653477
1,3552,60.83164396019715
1,3553,60.83164396019715
1,3554,60.83164396019715
1,3555,60.83164396019715
1,3556,60.83164396019715
1,3557,60.83164396019715
1,3558,60.83164396019715
1,3559,60.83164396019715
1,3560,60.83164396019715
1,3561,60.83164396019715
1,3562,60.831641352044805
1,3563,60.831641352044805
1,3564,60.831641352044805
1,3565,60.831641352044805
1,3566,60.831641352044805
1,3567,60.831641352044805
1,3568,60.831641352044805
1,3569,60.831641352044805
1,3570,60.831641352044805
1,3571,60.831641352044805
1,3572,60.831641352044805
1,3573,60.8316358594218
1,3574,60.8316358594218
1,3575,60.8316358594218
1,3576,60.8316358594218
1,3577,60.8316358594218
1,3578,60.8316358594218
1,3579,60.8316358594218
1,3580,60.8316358594218
1,3581,60.8316358594218
1,3582,60.8316358594218
1,3583,60.8316358594218
1,3584,60.8316358594218
1,3585,60.831633316683536
1,3586,60.831633316683536
1,3587,60.83163194051713
1,3588,60.83163194051713
1,3589,60.83163194051713
1,3590,60.83161936662217
1,3591,60.83161936662217
1,3592,60.83161936662217
1,3593,60.83161936662217
1,3594,60.83161936662217
1,3595,60.83161936662217
1,3596,60.83161936662217
1,3597,60.83161936662217
1,3598,60.83161936662217
1,3599,60.83161936662217
1,3600,60.83161936662217
1,3601,60.83161936662217
1,3602,60.83161936662217
1,3603,60.83161936662217
1,3604,60.83161936662217
1,3605,60.83161936662217
1,3606,60.83161936662217
1,3607,60.83161936662217
1,3608,60.831610087061634
1,3609,60.831610087061634
1,3610,60.831610087061634
1,3611,60.831610087061634
1,3612,60.831610087061634
1,3613,60.831610087061634
1,3614,60.831610087061634
1,3615,60.831610087061634
1,3616,60.831610087061634
1,3617,60.831610087061634
1,3618,60.831610087061634
1,3619,60.831610087061634
1,3620,60.831610087061634
1,3621,60.831610087061634
1,3622,60.831610087061634
1,3623,60.831610087061634
1,3624,60.831610087061634
1,3625,60.831610087061634
1,3626,60.831610087061634
1,3627,60.831610087061634
1,3628,60.831610087061634
1,3629,60.831610087061634
1,3630,60.831603635429126
1,3631,60.831603635429126
1,3632,60.831603635429126
1,3633,60.831603635429126
1,3634,60.831603635429126
1,3635,60.831603635429126
1,3636,60.831603635429126
1,3637,60.831603635429126
1,3638,60.831603635429126
1,3639,60.831603635429126
1,3640,60.831603635429126
1,3641,60.831603635429126
1,3642,60.831603635429126
1,3643,60.831603635429126
1,3644,60.831603635429126
1,3645,60.831603635429126
1,3646,60.831603635429126
1,3647,60.831603635429126
1,3648,60.831603635429126
1,3649,60.831603635429126
1,3650,60.831603635429126
1,3651,60.831603635429126
1,3652,60.831603635429126
1,3653,60.831603635429126
1,3654,60.831603635429126
1,3655,60.831603635429126
1,3656,60.831603635429126
1,3657,60.831603635429126
1,3658,60.831598969294866
1,3659,60.831598969294866
1,3660,60.831598969294866
1,3661,60.831595619916015
1,3662,60.831595619916015
1,3663,60.83159249628819
1,3664,60.83158494299547
1,3665,60.8315774410544
1,3666,60.8315774410544
1,3667,60.8315774410544
1,3668,60.8315774410544
1,3669,60.8315774410544
1,3670,60.8315774410544
1,3671,60.8315774410544
1,3672,60.8315774410544
1,3673,60.8315774410544
1,3674,60.8315774410544
1,3675,60.8315774410544
1,3676,60.83157598327235
1,3677,60.83157598327235
1,3678,60.83157598327235
1,3679,60.831571161581955
1,3680,60.831571161581955
1,3681,60.831571161581955
1,3682,60.831571161581955
1,3683,60.831571161581955
1,3684,60.831571161581955
1,3685,60.831571161581955
1,3686,60.831571161581955
1,3687,60.831571161581955
1,3688,60.831571161581955
1,3689,60.831571161581955
1,3690,60.831571161581955
1,3691,60.831571161581955
1,3692,60.831571161581955
1,3693,60.831571161581955
1,3694,60.83156837988787
1,3695,60.83156837988787
1,3696,60.831564467603734
1,3697,60.831564467603734
1,3698,60.831564467603734
1,3699,60.831564467603734
1,3700,60.831564467603734
1,3701,60.831564467603734
1,3702,60.831564467603734
1,3703,60.83156341322809
1,3704,60.83156341322809
1,3705,60.83156341322809
1,3706,60.83156341322809
1,3707,60.83156341322809
1,3708,60.83156341322809
1,3709,60.83156341322809
1,3710,60.83156341322809
1,3711,60.83156341322809
1,3712,60.83156341322809
1,3713,60.83156341322809
1,3714,60.83156341322809
1,3715,60.83156341322809
1,3716,60.83156341322809
1,3717,60.83156341322809
1,3718,60.831556888008144
1,3719,60.831556888008144
1,3720,60.831556888008144
1,3721,60.831556888008144
1,3722,60.831556888008144
1,3723,60.831556888008144
1,3724,60.831556888008144
1,3725,60.831556888008144
1,3726,60.831556888008144
1,3727,60.831556888008144
1,3728,60.831556888008144
1,3729,60.831556888008144
1,3730,60.831556888008144
1,3731,60.831556888008144
1,3732,60.831556888008144
1,3733,60.831556888008144
1,3734,60.831556888008144
1,3735,60.83155058515098
1,3736,60.83155058515098
1,3737,60.83155058515098
1,3738,60.83155058515098
1,3739,60.83155058515098
1,3740,60.83155058515098
1,3741,60.83155058515098
1,3742,60.83155058515098
1,3743,60.83155058515098
1,3744,60.83154811096844
1,3745,60.83154811096844
1,3746,60.83154811096844
1,3747,60.83154811096844
1,3748,60.83154811096844
1,3749,60.83154811096844
1,3750,60.83154811096844
1,3751,60.83154811096844
1,3752,60.83154811096844
1,3753,60.83154811096844
1,3754,60.83154811096844
1,3755,60.83154811096844
1,3756,60.83154811096844
1,3757,60.83154755379646
1,3758,60.83154755379646
1,3759,60.83154755379646
1,3760,60.83154755379646
1,3761,60.83154755379646
1,3762,60.83154755379646
1,3763,60.83154755379646
1,3764,60.83154755379646
1,3765,60.83154755379646
1,3766,60.83154755379646
1,3767,60.831542073510235
1,3768,60.831542073510235
1,3769,60.831542073510235
1,3770,60.831542073510235
1,3771,60.83154094154215
1,3772,60.83154094154215
1,3773,60.83154094154215
1,3774,60.83154094154215
1,3775,60.83154094154215
1,3776,60.83154094154215
1,3777,60.83154094154215
1,3778,60.83154094154215
1,3779,60.83154094154215
1,3780,60.83154094154215
1,3781,60.83154094154215
1,3782,60.83154094154215
1,3783,60.83154094154215
1,3784,60.83154094154215
1,3785,60.83154094154215
1,3786,60.83154094154215
1,3787,60.83154094154215
1,3788,60.83154094154215
1,3789,60.83154094154215
1,3790,60.83154094154215
1,3791,60.83154094154215
1,3792,60.83154094154215
1,3793,60.83154094154215
1,3794,60.83153429311327
1,3795,60.83153429311327
1,3796,60.83153429311327
1,3797,60.83153429311327
1,3798,60.83153429311327
1,3799,60.83153429311327
1,3800,60.83153429311327
1,3801,60.83153429311327
1,3802,60.83153429311327
1,3803,60.83153429311327
1,3804,60.83153429311327
1,3805,60.83153217031267
1,3806,60.83153217031267
1,3807,60.83153217031267
1,3808,60.83153217031267
1,3809,60.83152109190457
1,3810,60.83152109190457
1,3811,60.83152109190457
1,3812,60.83152109190457
1,3813,60.831520914489985
1,3814,60.831520914489985
1,3815,60.831520914489985
1,3816,60.831520914489985
1,3817,60.831520914489985
1,3818,60.831520914489985
1,3819,60.831514579472774
1,3820,60.831514579472774
1,3821,60.831514579472774
1,3822,60.831514579472774
1,3823,60.831514579472774
1,3824,60.831514579472774
1,3825,60.831514579472774
1,3826,60.831514579472774
1,3827,60.831514579472774
1,3828,60.831514579472774
1,3829,60.831514579472774
1,3830,60.831514579472774
1,3831,60.831514579472774
1,3832,60.831514579472774
1,3833,60.83151313177816
1,3834,60.83151313177816
1,3835,60.83151313177816
1,3836,60.83151078624523
1,3837,60.83151078624523
1,3838,60.83150795516039
1,3839,60.83150795516039
1,3840,60.83150795516039
1,3841,60.83150795516039
1,3842,60.83150795516039
1,3843,60.83150795516039
1,3844,60.83150795516039
1,3845,60.83150795516039
1,3846,60.83150795516039
1,3847,60.83150795516039
1,3848,60.83150795516039
1,3849,60.83150795516039
1,3850,60.83150795516039
1,3851,60.83150711868539
1,3852,60.83150711868539
1,3853,60.83150711868539
1,3854,60.83150711868539
1,3855,60.83150711868539
1,3856,60.83150711868539
1,3857,60.83150711868539
1,3858,60.83150711868539
1,3859,60.83150711868539
1,3860,60.83150711868539
1,3861,60.83150711868539
1,3862,60.83150711868539
1,3863,60.83150711868539
1,3864,60.8315052112402
1,3865,60.83150403222472
1,3866,60.83150403222472
1,3867,60.831501619569174
1,3868,60.831501619569174
1,3869,60.83148763669138
1,3870,60.83148763669138
1,3871,60.83148763669138
1,3872,60.83148763669138
1,3873,60.83148763669138
1,3874,60.83148763669138
1,3875,60.83148763669138
1,3876,60.83148763669138
1,3877,60.83148763669138
1,3878,60.83148763669138
1,3879,60.8314812661398
1,3880,60.8314812661398
1,3881,60.8314812661398
1,3882,60.8314812661398
1,3883,60.8314812661398
1,3884,60.8314812661398
1,3885,60.831479678406296
1,3886,60.831479678406296
1,3887,60.83147944948085
1,3888,60.83147944948085
1,3889,60.83147944948085
1,3890,60.83147944948085
1,3891,60.83147944948085
1,3892,60.83147944948085
1,3893,60.83147944948085
1,3894,60.83147478216275
1,3895,60.83147478216275
1,3896,60.83147478216275
1,3897,60.83147478216275
1,3898,60.83147478216275
1,3899,60.83147478216275
1,3900,60.83147478216275
1,3901,60.83147478216275
1,3902,60.83147478216275
1,3903,60.83147478216275
1,3904,60.83147478216275
1,3905,60.83147478216275
1,3906,60.83147478216275
1,3907,60.83147478216275
1,3908,60.83147217831003
1,3909,60.83147217831003
1,3910,60.83147217831003
1,3911,60.83147217831003
1,3912,60.83147217831003
1,3913,60.83147217831003
1,3914,60.831470602126046
1,3915,60.831470602126046
1,3916,60.831470602126046
1,3917,60.831470602126046
1,3918,60.831470602126046
1,3919,60.83147007906886
1,3920,60.83147007906886
1,3921,60.83147007906886
1,3922,60.83147007906886
1,3923,60.83147007906886
1,3924,60.83147007906886
1,3925,60.83147007906886
1,3926,60.831468061303994
1,3927,60.831468061303994
1,3928,60.831468061303994
1,3929,60.831468061303994
1,3930,60.8314608516379
1,3931,60.8314608516379
1,3932,60.8314608516379
1,3933,60.8314608516379
1,3934,60.8314608516379
1,3935,60.8314608516379
1,3936,60.8314608516379
1,3937,60.8314608516379
1,3938,60.8314608516379
1,3939,60.8314608516379
1,3940,60.8314608516379
1,3941,60.8314608516379
1,3942,60.8314608516379
1,3943,60.8314608516379
1,3944,60.8314608516379
1,3945,60.8314608516379
1,3946,60.8314608516379
1,3947,60.8314546162786
1,3948,60.8314546162786
1,3949,60.8314546162786
1,3950,60.8314546162786
1,3951,60.8314546162786
1,3952,60.8314546162786
1,3953,60.8314546162786
1,3954,60.8314546162786
1,3955,60.8314488180299
1,3956,60.8314488180299
1,3957,60.8314488180299
1,3958,60.8314488180299
1,3959,60.8314488180299
1,3960,60.8314488180299
1,3961,60.8314463671592
1,3962,60.8314463671592
1,3963,60.8314463671592
1,3964,60.8314463671592
1,3965,60.8314463671592
1,3966,60.8314463671592
1,3967,60.8314463671592
1,3968,60.8314463671592
1,3969,60.8314463671592
1,3970,60.8314463671592
1,3971,60.8314463671592
1,3972,60.8314463671592
1,3973,60.8314463671592
1,3974,60.8314463671592
1,3975,60.83143699515611
1,3976,60.83143699515611
1,3977,60.83143699515611
1,3978,60.83143699515611
1,3979,60.83143699515611
1,3980,60.83143699515611
1,3981,60.83143699515611
1,3982,60.83143699515611
1,3983,60.83143699515611
1,3984,60.83143699515611
1,3985,60.83143699515611
1,3986,60.83143699515611
1,3987,60.83143699515611
1,3988,60.83143699515611
1,3989,60.83143699515611
1,3990,60.83143699515611
1,3991,60.83143592267007
1,3992,60.83143592267007
1,3993,60.83143592267007
1,3994,60.8314345360737
1,3995,60.831430899260674
1,3996,60.831430899260674
1,3997,60.831430899260674
1,3998,60.831430565089555
1,3999,60.831430565089555
1,4000,60.831430565089555
1,4001,60.831430565089555
1,4002,60.831430565089555
1,4003,60.831430565089555
1,4004,60.831425571999894
1,4005,60.831425571999894
1,4006,60.831425571999894
1,4007,60.831425571999894
1,4008,60.831425571999894
1,4009,60.831424638588565
1,4010,60.831424638588565
1,4011,60.831424638588565
1,4012,60.831424638588565
1,4013,60.831424638588565
1,4014,60.831424638588565
1,4015,60.83141261067536
1,4016,60.83141261067536
1,4017,60.83141261067536
1,4018,60.83141261067536
1,4019,60.83141261067536
1,4020,60.83141261067536
1,4021,60.83141261067536
1,4022,60.83141261067536
1,4023,60.83141261067536
1,4024,60.83141261067536
1,4025,60.83141261067536
1,4026,60.83141261067536
1,4027,60.83141261067536
1,4028,60.83141261067536
1,4029,60.83141261067536
1,4030,60.83141261067536
1,4031,60.83141261067536
1,4032,60.83141261067536
1,4033,60.83141261067536
1,4034,60.83141261067536
1,4035,60.83141261067536
1,4036,60.83141261067536
1,4037,60.83141261067536
1,4038,60.83141261067536
1,4039,60.83141261067536
1,4040,60.83141261067536
1,4041,60.83141261067536
1,4042,60.83141261067536
1,4043,60.83141261067536
1,4044,60.83141261067536
1,4045,60.83141261067536
1,4046,60.83141261067536
1,4047,60.83141261067536
1,4048,60.83140881928142
1,4049,60.83140881928142
1,4050,60.83140881928142
1,4051,60.83140764461471
1,4052,60.83140764461471
1,4053,60.83139992725867
1,4054,60.83139992725867
1,4055,60.83139992725867
1,4056,60.83139992725867
1,4057,60.83139992725867
1,4058,60.83139992725867
1,4059,60.83139992725867
1,4060,60.83139992725867
1,4061,60.83139992725867
1,4062,60.83139992725867
1,4063,60.83139992725867
1,4064,60.83139992725867
1,4065,60.83139992725867
1,4066,60.83139992725867
1,4067,60.83139992725867
1,4068,60.83139992725867
1,4069,60.83139992725867
1,4070,60.83139992725867
1,4071,60.83139992725867
1,4072,60.83139992725867
1,4073,60.83139992725867
1,4074,60.83139992725867
1,4075,60.83139992725867
1,4076,60.83139992725867
1,4077,60.83139992725867
1,4078,60.83139992725867
1,4079,60.83139992725867
1,4080,60.83139992725867
1,4081,60.83139992725867
1,4082,60.83139992725867
1,4083,60.83139992725867
1,4084,60.83139992725867
1,4085,60.83139992725867
1,4086,60.83139992725867
1,4087,60.83139992725867
1,4088,60.83139992725867
1,4089,60.83139992725867
1,4090,60.83139992725867
1,4091,60.83139992725867
1,4092,60.831395711079686
1,4093,60.831395711079686
1,4094,60.831395711079686
1,4095,60.831395711079686
1,4096,60.831395711079686
1,4097,60.831395711079686
1,4098,60.831395711079686
1,4099,60.831395711079686
1,4100,60.831395711079686
1,4101,60.831395711079686
1,4102,60.831395711079686
1,4103,60.831395711079686
1,4104,60.831395711079686
1,4105,60.831395711079686
1,4106,60.831395711079686
1,4107,60.831395711079686
1,4108,60.831395711079686
1,4109,60.831395711079686
1,4110,60.831395711079686
1,4111,60.831395711079686
1,4112,60.831395711079686
1,4113,60.831395711079686
1,4114,60.831395711079686
1,4115,60.831395711079686
1,4116,60.831395711079686
1,4117,60.831395711079686
1,4118,60.831395711079686
1,4119,60.831395711079686
1,4120,60.831395711079686
1,4121,60.831395711079686
1,4122,60.831395711079686
1,4123,60.831395711079686
1,4124,60.831395711079686
1,4125,60.831395711079686
1,4126,60.831395711079686
1,4127,60.831395711079686
1,4128,60.831395711079686
1,4129,60.831395711079686
1,4130,60.831395711079686
1,4131,60.831395711079686
1,4132,60.83139364260671
1,4133,60.83139364260671
1,4134,60.83139364260671
1,4135,60.83139364260671
1,4136,60.83139364260671
1,4137,60.83139364260671
1,4138,60.831390645042816
1,4139,60.831390645042816
1,4140,60.831390645042816
1,4141,60.831390645042816
1,4142,60.831390645042816
1,4143,60.831390645042816
1,4144,60.831390645042816
1,4145,60.831390645042816
1,4146,60.831390645042816
1,4147,60.831390645042816
1,4148,60.831390645042816
1,4149,60.831390645042816
1,4150,60.831390645042816
1,4151,60.831390645042816
1,4152,60.831390645042816
1,4153,60.831390645042816
1,4154,60.831390645042816
1,4155,60.831390645042816
1,4156,60.831390645042816
1,4157,60.831390645042816
1,4158,60.831390645042816
1,4159,60.831390645042816
1,4160,60.831390645042816
1,4161,60.831390645042816
1,4162,60.831390645042816
1,4163,60.831390645042816
1,4164,60.831390645042816
1,4165,60.831390645042816
1,4166,60.831390645042816
1,4167,60.831390645042816
1,4168,60.831387235984245
1,4169,60.831387235984245
1,4170,60.831387235984245
1,4171,60.831387235984245
1,4172,60.831387235984245
1,4173,60.831387235984245
1,4174,60.831387235984245
1,4175,60.831386613546265
1,4176,60.83138620538459
1,4177,60.83138143255333
1,4178,60.83138143255333
1,4179,60.83138143255333
1,4180,60.83138143255333
1,4181,60.83138143255333
1,4182,60.83138143255333
1,4183,60.83138143255333
1,4184,60.83138143255333
1,4185,60.83138143255333
1,4186,60.83138143255333
1,4187,60.83138143255333
1,4188,60.83138143255333
1,4189,60.83137783545167
1,4190,60.83137783545167
1,4191,60.83137783545167
1,4192,60.83137783545167
1,4193,60.83137783545167
1,4194,60.83137783545167
1,4195,60.83137783545167
1,4196,60.83137783545167
1,4197,60.831374351483845
1,4198,60.831374351483845
1,4199,60.831374351483845
1,4200,60.831374351483845
1,4201,60.831370185741896
1,4202,60.83136909836115
1,4203,60.83136909836115
1,4204,60.83136909836115
1,4205,60.83136909836115
1,4206,60.83136909836115
1,4207,60.83136909836115
1,4208,60.831366899526394
1,4209,60.831366899526394
1,4210,60.831366899526394
1,4211,60.831366899526394
1,4212,60.831366899526394
1,4213,60.831366899526394
1,4214,60.83136647847762
1,4215,60.83136647847762
1,4216,60.83136647847762
1,4217,60.83136430629413
1,4218,60.83136385391536
1,4219,60.83135988835714
1,4220,60.83135988835714
1,4221,60.83135988835714
1,4222,60.83135685750331
1,4223,60.83135685750331
1,4224,60.83135685750331
1,4225,60.83135685750331
1,4226,60.83135685750331
1,4227,60.83135685750331
1,4228,60.83135685750331
1,4229,60.83135604017695
1,4230,60.83135604017695
1,4231,60.83135604017695
1,4232,60.83135604017695
1,4233,60.83135604017695
1,4234,60.83135604017695
1,4235,60.83135604017695
1,4236,60.83135604017695
1,4237,60.83135021460657
1,4238,60.83135021460657
1,4239,60.83135021460657
1,4240,60.83134115655726
1,4241,60.83134115655726
1,4242,60.83134115655726
1,4243,60.83134115655726
1,4244,60.83134115655726
1,4245,60.83134115655726
1,4246,60.83134115655726
1,4247,60.83134115655726
1,4248,60.83134115655726
1,4249,60.83134115655726
1,4250,60.83134115655726
1,4251,60.83134115655726
1,4252,60.83134115655726
1,4253,60.83134115655726
1,4254,60.83134115655726
1,4255,60.83134115655726
1,4256,60.83134115655726
1,4257,60.83134115655726
1,4258,60.83134115655726
1,4259,60.83134115655726
1,4260,60.83134115655726
1,4261,60.83134115655726
1,4262,60.83134115655726
1,4263,60.83134115655726
1,4264,60.83134115655726
1,4265,60.83134115655726
1,4266,60.83134115655726
1,4267,60.83134115655726
1,4268,60.83134115655726
1,4269,60.83134115655726
1,4270,60.83134115655726
1,4271,60.83134115655726
1,4272,60.83134115655726
1,4273,60.83134115655726
1,4274,60.83134115655726
1,4275,60.83134115655726
1,4276,60.83134115655726
1,4277,60.83134115655726
1,4278,60.831339859371624
1,4279,60.831339859371624
1,4280,60.831339859371624
1,4281,60.831339859371624
1,4282,60.831339859371624
1,4283,60.831339859371624
1,4284,60.831339859371624
1,4285,60.831339859371624
1,4286,60.831339859371624
1,4287,60.831339859371624
1,4288,60.831339859371624
1,4289,60.831339859371624
1,4290,60.831339859371624
1,4291,60.831339859371624
1,4292,60.831339859371624
1,4293,60.831339859371624
1,4294,60.831339859371624
1,4295,60.831339859371624
1,4296,60.831339859371624
1,4297,60.831339859371624
1,4298,60.831339859371624
1,4299,60.831339859371624
1,4300,60.83133588352197
1,4301,60.83133588352197
1,4302,60.83133588352197
1,4303,60.83133588352197
1,4304,60.83133588352197
1,4305,60.83133588352197
1,4306,60.83133588352197
1,4307,60.83133588352197
1,4308,60.83133588352197
1,4309,60.83133588352197
1,4310,60.83133588352197
1,4311,60.83133588352197
1,4312,60.83133551401741
1,4313,60.83133551401741
1,4314,60.8313297487303
1,4315,60.8313297487303
1,4316,60.8313297487303
1,4317,60.8313297487303
1,4318,60.8313297487303
1,4319,60.8313297487303
1,4320,60.8313297487303
1,4321,60.8313297487303
1,4322,60.8313297487303
1,4323,60.8313297487303
1,4324,60.831322459205715
1,4325,60.831320937676765
1,4326,60.831320937676765
1,4327,60.831320937676765
1,4328,60.831320937676765
1,4329,60.831320937676765
1,4330,60.831320937676765
1,4331,60.831320937676765
1,4332,60.831320937676765
1,4333,60.831320937676765
1,4334,60.831318171349714
1,4335,60.831318171349714
1,4336,60.831318171349714
1,4337,60.831318171349714
1,4338,60.831318171349714
1,4339,60.831318171349714
1,4340,60.831318171349714
1,4341,60.831318171349714
1,4342,60.831318171349714
1,4343,60.831318171349714
1,4344,60.831318171349714
1,4345,60.831318171349714
1,4346,60.831318171349714
1,4347,60.831315784014464
1,4348,60.831315784014464
1,4349,60.831315784014464
1,4350,60.831315784014464
1,4351,60.831315784014464
1,4352,60.831315784014464
1,4353,60.831315784014464
1,4354,60.8313126282857
1,4355,60.8313126282857
1,4356,60.8313126282857
1,4357,60.8313126282857
1,4358,60.83130803079067
1,4359,60.83130803079067
1,4360,60.83130803079067
1,4361,60.83130803079067
1,4362,60.83130803079067
1,4363,60.83130803079067
1,4364,60.83130803079067
1,4365,60.83130803079067
1,4366,60.83130803079067
1,4367,60.83130803079067
1,4368,60.83130461125698
1,4369,60.83130461125698
1,4370,60.83130461125698
1,4371,60.83130461125698
1,4372,60.83130461125698
1,4373,60.83130461125698
1,4374,60.83130461125698
1,4375,60.83130461125698
1,4376,60.83130461125698
1,4377,60.83130461125698
1,4378,60.83130461125698
1,4379,60.83130461125698
1,4380,60.83130461125698
1,4381,60.83130461125698
1,4382,60.83130461125698
1,4383,60.83130461125698
1,4384,60.83130461125698
1,4385,60.83130461125698
1,4386,60.83130461125698
1,4387,60.83130461125698
1,4388,60.83130461125698
1,4389,60.83130461125698
1,4390,60.83130461125698
1,4391,60.83130461125698
1,4392,60.83130139000292
1,4393,60.83130139000292
1,4394,60.83130139000292
1,4395,60.83130139000292
1,4396,60.83130139000292
1,4397,60.83130139000292
1,4398,60.83130139000292
1,4399,60.83130139000292
1,4400,60.83130139000292
1,4401,60.83130084681836
1,4402,60.83129944224385
1,4403,60.83129944224385
1,4404,60.83129684469515
1,4405,60.83129684469515
1,4406,60.83129684469515
1,4407,60.831296784104154
1,4408,60.831296784104154
1,4409,60.83129226394543
1,4410,60.83129226394543
1,4411,60.83129226394543
1,4412,60.83129226394543
1,4413,60.83129226394543
1,4414,60.83129226394543
1,4415,60.83129226394543
1,4416,60.83129226394543
1,4417,60.83129100515833
1,4418,60.83129100515833
1,4419,60.83129100515833
1,4420,60.83129100515833
1,4421,60.83129100515833
1,4422,60.83129100515833
1,4423,60.83129100515833
1,4424,60.83129100515833
1,4425,60.83129100515833
1,4426,60.83129100515833
1,4427,60.83129100515833
1,4428,60.83129100515833
1,4429,60.83129100515833
1,4430,60.83128079451648
1,4431,60.83128079451648
1,4432,60.83128079451648
1,4433,60.83128079451648
1,4434,60.83128079451648
1,4435,60.83128079451648
1,4436,60.83128079451648
1,4437,60.83128079451648
1,4438,60.83128079451648
1,4439,60.83128079451648
1,4440,60.83128079451648
1,4441,60.83128079451648
1,4442,60.83128079451648
1,4443,60.83128079451648
1,4444,60.83128079451648
1,4445,60.83128079451648
1,4446,60.83128079451648
1,4447,60.83128079451648
1,4448,60.83128079451648
1,4449,60.83128079451648
1,4450,60.83128079451648
1,4451,60.831280745608
1,4452,60.831280745608
1,4453,60.831280745608
1,4454,60.831280745608
1,4455,60.831280745608
1,4456,60.831280745608
1,4457,60.831280745608
1,4458,60.831280745608
1,4459,60.831280745608
1,4460,60.831280745608
1,4461,60.831280745608
1,4462,60.831280745608
1,4463,60.831280745608
1,4464,60.831280745608
1,4465,60.831278879050224
1,4466,60.831278879050224
1,4467,60.831278879050224
1,4468,60.831278879050224
1,4469,60.831278879050224
1,4470,60.831278879050224
1,4471,60.831278879050224
1,4472,60.831278879050224
1,4473,60.831278879050224
1,4474,60.831278879050224
1,4475,60.831278879050224
1,4476,60.831278879050224
1,4477,60.831278879050224
1,4478,60.831278879050224
1,4479,60.83127790719141
1,4480,60.83127790719141
1,4481,60.83127790719141
1,4482,60.83127790719141
1,4483,60.83127790719141
1,4484,60.83127790719141
1,4485,60.83127790719141
1,4486,60.83127381527566
1,4487,60.83127381527566
1,4488,60.83127381527566
1,4489,60.83127381527566
1,4490,60.83127381527566
1,4491,60.83127381527566
1,4492,60.83127381527566
1,4493,60.83127381527566
1,4494,60.83127381527566
1,4495,60.83127381527566
1,4496,60.83127381527566
1,4497,60.83127381527566
1,4498,60.83127381527566
1,4499,60.83127381527566
1,4500,60.83127381527566
1,4501,60.83127381527566
1,4502,60.83127381527566
1,4503,60.83126824073293
1,4504,60.83126824073293
1,4505,60.83126824073293
1,4506,60.83126628546989
1,4507,60.83126628546989
1,4508,60.83126628546989
1,4509,60.83126628546989
1,4510,60.83126628546989
1,4511,60.83126628546989
1,4512,60.83126628546989
1,4513,60.83126628546989
1,4514,60.83126628546989
1,4515,60.83126628546989
1,4516,60.8312654544738
1,4517,60.83126347349306
1,4518,60.83126347349306
1,4519,60.83126347349306
1,4520,60.831258218802674
1,4521,60.831258218802674
1,4522,60.831258218802674
1,4523,60.831258218802674
1,4524,60.831258218802674
1,4525,60.831254818204435
1,4526,60.831254818204435
1,4527,60.831254818204435
1,4528,60.831254818204435
1,4529,60.83125358116532
1,4530,60.83125358116532
1,4531,60.83125358116532
1,4532,60.83125358116532
1,4533,60.83125358116532
1,4534,60.83125358116532
1,4535,60.83125358116532
1,4536,60.83125358116532
1,4537,60.83125358116532
1,4538,60.83125358116532
1,4539,60.83125358116532
1,4540,60.83125358116532
1,4541,60.83124928708863
1,4542,60.83124928708863
1,4543,60.83124928708863
1,4544,60.83124928708863
1,4545,60.83124928708863
1,4546,60.83124783429517
1,4547,60.83124783429517
1,4548,60.83124508175169
1,4549,60.83124508175169
1,4550,60.83124508175169
1,4551,60.83124441307241
1,4552,60.83124441307241
1,4553,60.83124441307241
1,4554,60.83124441307241
1,4555,60.83124441307241
1,4556,60.83124274550102
1,4557,60.83124274550102
1,4558,60.83124274550102
1,4559,60.83124274550102
1,4560,60.83124274550102
1,4561,60.83124274550102
1,4562,60.83124080715469
1,4563,60.83124080715469
1,4564,60.83124080715469
1,4565,60.831236110102914
1,4566,60.831236110102914
1,4567,60.831236110102914
1,4568,60.831236110102914
1,4569,60.831236110102914
1,4570,60.83123017898441
1,4571,60.83123017898441
1,4572,60.83123017898441
1,4573,60.83123017898441
1,4574,60.83123017898441
1,4575,60.83123017898441
1,4576,60.83123017898441
1,4577,60.83123017898441
1,4578,60.83123017898441
1,4579,60.83123017898441
1,4580,60.83123017898441
1,4581,60.83123017898441
1,4582,60.83123017898441
1,4583,60.83123017898441
1,4584,60.83122541831838
1,4585,60.83122541831838
1,4586,60.83122541831838
1,4587,60.83122541831838
1,4588,60.83122541831838
1,4589,60.83122541831838
1,4590,60.83122541831838
1,4591,60.83122541831838
1,4592,60.83122541831838
1,4593,60.83122541831838
1,4594,60.83122541831838
1,4595,60.83122541831838
1,4596,60.83122541831838
1,4597,60.83122541831838
1,4598,60.83122541831838
1,4599,60.83122541831838
1,4600,60.83122541831838
1,4601,60.83122541831838
1,4602,60.83122541831838
1,4603,60.83122541831838
1,4604,60.83122541831838
1,4605,60.83122541831838
1,4606,60.83122541831838
1,4607,60.83122541831838
1,4608,60.83122541831838
1,4609,60.83122541831838
1,4610,60.83122541831838
1,4611,60.83122541831838
1,4612,60.83122541831838
1,4613,60.83122541831838
1,4614,60.83122541831838
1,4615,60.83122541831838
1,4616,60.83122541831838
1,4617,60.83122541831838
1,4618,60.83122541831838
1,4619,60.83122541831838
1,4620,60.83122541831838
1,4621,60.83122541831838
1,4622,60.83122541831838
1,4623,60.83122541831838
1,4624,60.83122541831838
1,4625,60.83122541831838
1,4626,60.83122541831838
1,4627,60.83122541831838
1,4628,60.83122541831838
1,4629,60.83122541831838
1,4630,60.83122541831838
1,4631,60.83122541831838
1,4632,60.83122541831838
1,4633,60.83122541831838
1,4634,60.83122541831838
1,4635,60.83122541831838
1,4636,60.83122541831838
1,4637,60.83122541831838
1,4638,60.83122541831838
1,4639,60.83122541831838
1,4640,60.83122541831838
1,4641,60.83122541831838
1,4642,60.83122541831838
1,4643,60.83122484586353
1,4644,60.831221686623124
1,4645,60.831221686623124
1,4646,60.831221686623124
1,4647,60.831221686623124
1,4648,60.831221686623124
1,4649,60.831221686623124
1,4650,60.831221686623124
1,4651,60.831221686623124
1,4652,60.831221686623124
1,4653,60.831221686623124
1,4654,60.831221686623124
1,4655,60.831221686623124
1,4656,60.83121906521295
1,4657,60.83121393331484
1,4658,60.83121393331484
1,4659,60.83121393331484
1,4660,60.83121393331484
1,4661,60.83121393331484
1,4662,60.83121393331484
1,4663,60.83121393331484
1,4664,60.83121393331484
1,4665,60.83121393331484
1,4666,60.83121221399046
1,4667,60.83121221399046
1,4668,60.83121221399046
1,4669,60.83121221399046
1,4670,60.83121221399046
1,4671,60.83121221399046
1,4672,60.83121221399046
1,4673,60.83121221399046
1,4674,60.83121221399046
1,4675,60.83121221399046
1,4676,60.83121221399046
1,4677,60.83121221399046
1,4678,60.83121221399046
1,4679,60.83121221399046
1,4680,60.83121221399046
1,4681,60.83121221399046
1,4682,60.83121221399046
1,4683,60.83121221399046
1,4684,60.83121221399046
1,4685,60.83121221399046
1,4686,60.83121221399046
1,4687,60.83121221399046
1,4688,60.83121221399046
1,4689,60.83121221399046
1,4690,60.83121221399046
1,4691,60.83121221399046
1,4692,60.83121221399046
1,4693,60.83120940491404
1,4694,60.83120940491404
1,4695,60.831207982068435
1,4696,60.831207982068435
1,4697,60.831207982068435
1,4698,60.831207982068435
1,4699,60.83120551332061
1,4700,60.83120551332061
1,4701,60.83120551332061
1,4702,60.83120551332061
1,4703,60.83120551332061
1,4704,60.83120551332061
1,4705,60.83120551332061
1,4706,60.83120551332061
1,4707,60.83120551332061
1,4708,60.83120551332061
1,4709,60.83120551332061
1,4710,60.83120551332061
1,4711,60.83120551332061
1,4712,60.83120551332061
1,4713,60.83120551332061
1,4714,60.83120551332061
1,4715,60.83120551332061
1,4716,60.83120551332061
1,4717,60.83120551332061
1,4718,60.83120551332061
1,4719,60.83120135909454
1,4720,60.83120135909454
1,4721,60.83120135909454
1,4722,60.83120135909454
1,4723,60.83120135909454
1,4724,60.83120135909454
1,4725,60.83120135909454
1,4726,60.83120135909454
1,4727,60.83120135909454
1,4728,60.83120135909454
1,4729,60.83120135909454
1,4730,60.83120135909454
1,4731,60.83120135909454
1,4732,60.83120135909454
1,4733,60.83119763360171
1,4734,60.83119763360171
1,4735,60.83119763360171
1,4736,60.83119030445023
1,4737,60.83119030445023
1,4738,60.83119030445023
1,4739,60.83119030445023
1,4740,60.83119030445023
1,4741,60.83119030445023
1,4742,60.83119030445023
1,4743,60.83119030445023
1,4744,60.83119030445023
1,4745,60.83119030445023
1,4746,60.831183237778234
1,4747,60.831183237778234
1,4748,60.831183237778234
1,4749,60.831183237778234
1,4750,60.831183237778234
1,4751,60.831183237778234
1,4752,60.831183237778234
1,4753,60.831183237778234
1,4754,60.831183237778234
1,4755,60.831183237778234
1,4756,60.831183237778234
1,4757,60.831183237778234
1,4758,60.831183237778234
1,4759,60.831183237778234
1,4760,60.831183237778234
1,4761,60.831183237778234
1,4762,60.831183237778234
1,4763,60.831183237778234
1,4764,60.831183237778234
1,4765,60.831183237778234
1,4766,60.831183237778234
1,4767,60.831183237778234
1,4768,60.831183237778234
1,4769,60.831183237778234
1,4770,60.831183237778234
1,4771,60.831183237778234
1,4772,60.831183237778234
1,4773,60.831183237778234
1,4774,60.831183237778234
1,4775,60.831183237778234
1,4776,60.831183237778234
1,4777,60.831183237778234
1,4778,60.831183237778234
1,4779,60.831183237778234
1,4780,60.831183237778234
1,4781,60.831183237778234
1,4782,60.831183237778234
1,4783,60.831183237778234
1,4784,60.831182363973504
1,4785,60.831182363973504
1,4786,60.831182363973504
1,4787,60.831182363973504
1,4788,60.831182363973504
1,4789,60.831182363973504
1,4790,60.831182363973504
1,4791,60.831182363973504
1,4792,60.831182363973504
1,4793,60.83117467546788
1,4794,60.83117467546788
1,4795,60.83117467546788
1,4796,60.83117467546788
1,4797,60.83117467546788
1,4798,60.83117467546788
1,4799,60.83117467546788
1,4800,60.83117467546788
1,4801,60.83117467546788
1,4802,60.83117467546788
1,4803,60.83117467546788
1,4804,60.83117467546788
1,4805,60.83117467546788
1,4806,60.83117467546788
1,4807,60.83117467546788
1,4808,60.83117467546788
1,4809,60.83117467546788
1,4810,60.83117467546788
1,4811,60.83117467546788
1,4812,60.831173893078706
1,4813,60.831173893078706
1,4814,60.831172174712016
1,4815,60.831172174712016
1,4816,60.831172174712016
1,4817,60.831172174712016
1,4818,60.831172174712016
1,4819,60.831172174712016
1,4820,60.831172174712016
1,4821,60.831172174712016
1,4822,60.831171100319985
1,4823,60.831171100319985
1,4824,60.831171100319985
1,4825,60.831171100319985
1,4826,60.831171100319985
1,4827,60.831171100319985
1,4828,60.831171100319985
1,4829,60.831171100319985
1,4830,60.831171100319985
1,4831,60.831171100319985
1,4832,60.831171100319985
1,4833,60.831171100319985
1,4834,60.831171100319985
1,4835,60.831171100319985
1,4836,60.831171100319985
1,4837,60.831171100319985
1,4838,60.831171100319985
1,4839,60.831171100319985
1,4840,60.831171100319985
1,4841,60.831171100319985
1,4842,60.83116803932419
1,4843,60.83116803932419
1,4844,60.83116803932419
1,4845,60.83116803932419
1,4846,60.831165695888934
1,4847,60.831165695888934
1,4848,60.831165695888934
1,4849,60.831162577796945
1,4850,60.831162577796945
1,4851,60.831162577796945
1,4852,60.831162577796945
1,4853,60.831162577796945
1,4854,60.831162577796945
1,4855,60.831162577796945
1,4856,60.831162577796945
1,4857,60.831162577796945
1,4858,60.831162577796945
1,4859,60.831162577796945
1,4860,60.831162577796945
1,4861,60.831162577796945
1,4862,60.831162577796945
1,4863,60.831162577796945
1,4864,60.831162577796945
1,4865,60.831162577796945
1,4866,60.831162577796945
1,4867,60.831162577796945
1,4868,60.831162577796945
1,4869,60.831162577796945
1,4870,60.831162577796945
1,4871,60.831162577796945
1,4872,60.83116248000336
1,4873,60.83116248000336
1,4874,60.83116248000336
1,4875,60.83116248000336
1,4876,60.83116248000336
1,4877,60.83116248000336
1,4878,60.83116248000336
1,4879,60.83116248000336
1,4880,60.83116248000336
1,4881,60.8311572354947
1,4882,60.8311572354947
1,4883,60.8311572354947
1,4884,60.8311572354947
1,4885,60.8311572354947
1,4886,60.8311572354947
1,4887,60.8311572354947
1,4888,60.8311572354947
1,4889,60.8311572354947
1,4890,60.8311572354947
1,4891,60.8311572354947
1,4892,60.8311572354947
1,4893,60.8311572354947
1,4894,60.83115252783331
1,4895,60.83115252783331
1,4896,60.83115252783331
1,4897,60.83115252783331
1,4898,60.83115252783331
1,4899,60.83115252783331
1,4900,60.83115252783331
1,4901,60.83115252783331
1,4902,60.83115252783331
1,4903,60.83115252783331
1,4904,60.83115252783331
1,4905,60.831151296568684
1,4906,60.831151296568684
1,4907,60.831151296568684
1,4908,60.831151296568684
1,4909,60.831151296568684
1,4910,60.831151296568684
1,4911,60.831151296568684
1,4912,60.831151296568684
1,4913,60.831151296568684
1,4914,60.831151296568684
1,4915,60.831151296568684
1,4916,60.831151296568684
1,4917,60.831151296568684
1,4918,60.831151296568684
1,4919,60.831151296568684
1,4920,60.831151296568684
1,4921,60.831151296568684
1,4922,60.831151296568684
1,4923,60.83115103489648
1,4924,60.83115103489648
1,4925,60.83114518221685
1,4926,60.83114518221685
1,4927,60.83114518221685
1,4928,60.83114518221685
1,4929,60.83114518221685
1,4930,60.831141712171515
1,4931,60.831141712171515
1,4932,60.831141712171515
1,4933,60.831141712171515
1,4934,60.831141712171515
1,4935,60.831141712171515
1,4936,60.831141712171515
1,4937,60.831141712171515
1,4938,60.831141712171515
1,4939,60.831141712171515
1,4940,60.831141712171515
1,4941,60.831141712171515
1,4942,60.831141712171515
1,4943,60.831141712171515
1,4944,60.831141712171515
1,4945,60.831141712171515
1,4946,60.831141712171515
1,4947,60.831141712171515
1,4948,60.831141712171515
1,4949,60.831141712171515
1,4950,60.831141712171515
1,4951,60.831141712171515
1,4952,60.831141712171515
1,4953,60.831141712171515
1,4954,60.831141712171515
1,4955,60.831141712171515
1,4956,60.831141712171515
1,4957,60.831141712171515
1,4958,60.831141712171515
1,4959,60.831141712171515
1,4960,60.831141712171515
1,4961,60.831140974462194
1,4962,60.831140974462194
1,4963,60.831140974462194
1,4964,60.831140974462194
1,4965,60.831140974462194
1,4966,60.831140974462194
1,4967,60.83113893281729
1,4968,60.831138500227894
1,4969,60.83113613127559
1,4970,60.83113613127559
1,4971,60.83113613127559
1,4972,60.83113613127559
1,4973,60.83113613127559
1,4974,60.83113613127559
1,4975,60.83113613127559
1,4976,60.83113613127559
1,4977,60.83113613127559
1,4978,60.83113613127559
1,4979,60.83113613127559
1,4980,60.83113613127559
1,4981,60.83113613127559
1,4982,60.83113613127559
1,4983,60.83113613127559
1,4984,60.83113613127559
1,4985,60.83113613127559
1,4986,60.83113613127559
1,4987,60.83113613127559
1,4988,60.831127884627016
1,4989,60.831127884627016
1,4990,60.831127884627016
1,4991,60.831127884627016
1,4992,60.831127884627016
1,4993,60.831127884627016
1,4994,60.831127884627016
1,4995,60.831127884627016
1,4996,60.831127884627016
1,4997,60.831127884627016
1,4998,60.831127884627016
1,4999,60.831127884627016
1,5000,60.831127884627016
1,5001,60.831127884627016
1,5002,60.831127884627016
1,5003,60.831127884627016
1,5004,60.831126641498834
1,5005,60.831126641498834
1,5006,60.831126641498834
1,5007,60.831126641498834
1,5008,60.831126641498834
1,5009,60.831126641498834
1,5010,60.831126641498834
1,5011,60.831126641498834
1,5012,60.831126641498834
1,5013,60.831126641498834
1,5014,60.831126641498834
1,5015,60.831126641498834
1,5016,60.831125052035205
1,5017,60.831125052035205
1,5018,60.831125052035205
1,5019,60.831125052035205
1,5020,60.831125052035205
1,5021,60.831125052035205
1,5022,60.831125052035205
1,5023,60.831125052035205
1,5024,60.831125052035205
1,5025,60.831125052035205
1,5026,60.831125052035205
1,5027,60.831125052035205
1,5028,60.831125052035205
1,5029,60.831125052035205
1,5030,60.831125052035205
1,5031,60.831125052035205
1,5032,60.831125052035205
1,5033,60.831125052035205
1,5034,60.831125052035205
1,5035,60.831125052035205
1,5036,60.831125052035205
1,5037,60.831125052035205
1,5038,60.831125052035205
1,5039,60.831125052035205
1,5040,60.831125052035205
1,5041,60.831125052035205
1,5042,60.83112469107734
1,5043,60.83112195203038
1,5044,60.83112195203038
1,5045,60.83112195203038
1,5046,60.83112195203038
1,5047,60.83112195203038
1,5048,60.83112195203038
1,5049,60.8311212725166
1,5050,60.8311212725166
1,5051,60.8311212725166
1,5052,60.8311212725166
1,5053,60.8311212725166
1,5054,60.83112003468094
1,5055,60.83112003468094
1,5056,60.83111764688403
1,5057,60.83111764688403
1,5058,60.83111764688403
1,5059,60.83111764688403
1,5060,60.83111369693962
1,5061,60.83111369693962
1,5062,60.83111369693962
1,5063,60.83111369693962
1,5064,60.83111369693962
1,5065,60.83111369693962
1,5066,60.83111369693962
1,5067,60.83111369693962
1,5068,60.83111369693962
1,5069,60.83111266687996
1,5070,60.83111266687996
1,5071,60.83111266687996
1,5072,60.83111151299644
1,5073,60.83111151299644
1,5074,60.83110646952583
1,5075,60.83110646952583
1,5076,60.83110646952583
1,5077,60.83110646952583
1,5078,60.83110646952583
1,5079,60.83110321680239
1,5080,60.83110321680239
1,5081,60.83110321680239
1,5082,60.83110321680239
1,5083,60.83110321680239
1,5084,60.83110321680239
1,5085,60.83110321680239
1,5086,60.83110321680239
1,5087,60.831100814522536
1,5088,60.831100814522536
1,5089,60.831100814522536
1,5090,60.831100814522536
1,5091,60.831100814522536
1,5092,60.831100814522536
1,5093,60.831100814522536
1,5094,60.831100814522536
1,5095,60.831098466197176
1,5096,60.831098466197176
1,5097,60.831098466197176
1,5098,60.831098466197176
1,5099,60.831098466197176
1,5100,60.831098466197176
1,5101,60.831098466197176
1,5102,60.831098466197176
1,5103,60.831098466197176
1,5104,60.831098466197176
1,5105,60.831098466197176
1,5106,60.831098466197176
1,5107,60.831098466197176
1,5108,60.831098466197176
1,5109,60.831098466197176
1,5110,60.83109825524226
1,5111,60.83109825524226
1,5112,60.83109789251807
1,5113,60.83109789251807
1,5114,60.83109788340752
1,5115,60.83109788340752
1,5116,60.83109788340752
1,5117,60.83109788340752
1,5118,60.83109788340752
1,5119,60.83109788340752
1,5120,60.83109788340752
1,5121,60.83109588512732
1,5122,60.83109588512732
1,5123,60.83109588512732
1,5124,60.83109588512732
1,5125,60.83109588512732
1,5126,60.83109588512732
1,5127,60.83109472357469
1,5128,60.83108605351061
1,5129,60.83108605351061
1,5130,60.83108605351061
1,5131,60.83108605351061
1,5132,60.83108605351061
1,5133,60.83108605351061
1,5134,60.83108501597285
1,5135,60.83108501597285
1,5136,60.83108501597285
1,5137,60.83108501597285
1,5138,60.83108501597285
1,5139,60.83108501597285
1,5140,60.83108501597285
1,5141,60.83108501597285
1,5142,60.83108501597285
1,5143,60.83108501597285
1,5144,60.83108501597285
1,5145,60.83108501597285
1,5146,60.83108501597285
1,5147,60.83108501597285
1,5148,60.83108501597285
1,5149,60.83108501597285
1,5150,60.83108501597285
1,5151,60.83108501597285
1,5152,60.83108468366898
1,5153,60.83108468366898
1,5154,60.83108468366898
1,5155,60.83108468366898
1,5156,60.83108468366898
1,5157,60.83108468366898
1,5158,60.83108316329407
1,5159,60.83108316329407
1,5160,60.83108316329407
1,5161,60.83108316329407
1,5162,60.83108316329407
1,5163,60.83108316329407
1,5164,60.83108316329407
1,5165,60.83108316329407
1,5166,60.83108316329407
1,5167,60.83108034483548
1,5168,60.83108034483548
1,5169,60.83108034483548
1,5170,60.83108034483548
1,5171,60.83108034483548
1,5172,60.83108034483548
1,5173,60.83108034483548
1,5174,60.83108034483548
1,5175,60.83108034483548
1,5176,60.83108034483548
1,5177,60.83108034483548
1,5178,60.83107947712661
1,5179,60.83107947712661
1,5180,60.83107947712661
1,5181,60.831076208585124
1,5182,60.831076208585124
1,5183,60.831076208585124
1,5184,60.831076208585124
1,5185,60.831076208585124
1,5186,60.831076208585124
1,5187,60.831076208585124
1,5188,60.831076208585124
1,5189,60.831076208585124
1,5190,60.831076208585124
1,5191,60.831076208585124
1,5192,60.831076208585124
1,5193,60.831076208585124
1,5194,60.831076208585124
1,5195,60.831076208585124
1,5196,60.831076208585124
1,5197,60.831076208585124
1,5198,60.831076208585124
1,5199,60.831076208585124
1,5200,60.831076208585124
1,5201,60.831076208585124
1,5202,60.831076208585124
1,5203,60.83107163177458
1,5204,60.83107163177458
1,5205,60.83107163177458
1,5206,60.83107163177458
1,5207,60.83107163177458
1,5208,60.83107163177458
1,5209,60.83107163177458
1,5210,60.83107163177458
1,5211,60.83107163177458
1,5212,60.83107163177458
1,5213,60.83107163177458
1,5214,60.83107163177458
1,5215,60.83107163177458
1,5216,60.83107163177458
1,5217,60.83107163177458
1,5218,60.83107163177458
1,5219,60.83107163177458
1,5220,60.83107163177458
1,5221,60.83107163177458
1,5222,60.83107163177458
1,5223,60.83107163177458
1,5224,60.83107163177458
1,5225,60.83107163177458
1,5226,60.83107163177458
1,5227,60.83107163177458
1,5228,60.83107163177458
1,5229,60.83107163177458
1,5230,60.83107163177458
1,5231,60.83107163177458
1,5232,60.83107163177458
1,5233,60.83107163177458
1,5234,60.83107163177458
1,5235,60.83107163177458
1,5236,60.83107163177458
1,5237,60.83107163177458
1,5238,60.83107163177458
1,5239,60.83107163177458
1,5240,60.83107163177458
1,5241,60.83107163177458
1,5242,60.83107163177458
1,5243,60.83107163177458
1,5244,60.83107163177458
1,5245,60.83107163177458
1,5246,60.83107163177458
1,5247,60.83107163177458
1,5248,60.83107163177458
1,5249,60.83107163177458
1,5250,60.83107163177458
1,5251,60.83106880265522
1,5252,60.83106880265522
1,5253,60.8310670442852
1,5254,60.8310670442852
1,5255,60.8310670442852
1,5256,60.8310670442852
1,5257,60.8310670442852
1,5258,60.8310670442852
1,5259,60.8310670442852
1,5260,60.8310670442852
1,5261,60.83106479158308
1,5262,60.83106479158308
1,5263,60.83106479158308
1,5264,60.83106479158308
1,5265,60.83106479158308
1,5266,60.83106479158308
1,5267,60.83106479158308
1,5268,60.83106479158308
1,5269,60.83106479158308
1,5270,60.83106479158308
1,5271,60.83106479158308
1,5272,60.83106479158308
1,5273,60.831064355816366
1,5274,60.831064355816366
1,5275,60.831064355816366
1,5276,60.831064355816366
1,5277,60.831064355816366
1,5278,60.831064355816366
1,5279,60.831064355816366
1,5280,60.831064355816366
1,5281,60.831064355816366
1,5282,60.831064355816366
1,5283,60.831064355816366
1,5284,60.831064355816366
1,5285,60.831064355816366
1,5286,60.83106041627883
1,5287,60.83105996937803
1,5288,60.83105996937803
1,5289,60.83105996937803
1,5290,60.83105996937803
1,5291,60.83105996937803
1,5292,60.83105996937803
1,5293,60.831059476332186
1,5294,60.831059476332186
1,5295,60.831059476332186
1,5296,60.83105638666524
1,5297,60.83105638666524
1,5298,60.83105638666524
1,5299,60.83105638666524
1,5300,60.831053273666875
1,5301,60.831053273666875
1,5302,60.831053273666875
1,5303,60.831053273666875
1,5304,60.831053273666875
1,5305,60.831053273666875
1,5306,60.831053273666875
1,5307,60.831053273666875
1,5308,60.831053273666875
1,5309,60.831053273666875
1,5310,60.831053273666875
1,5311,60.831053273666875
1,5312,60.83105221688098
1,5313,60.83105221688098
1,5314,60.83105221688098
1,5315,60.83105221688098
1,5316,60.83105221688098
1,5317,60.83105221688098
1,5318,60.83105221688098
1,5319,60.83105221688098
1,5320,60.83104347697531
1,5321,60.83104347697531
1,5322,60.83104347697531
1,5323,60.83104347697531
1,5324,60.83103789450684
1,5325,60.83103789450684
1,5326,60.83103789450684
1,5327,60.83103789450684
1,5328,60.83103789450684
1,5329,60.83103789450684
1,5330,60.83103789450684
1,5331,60.83103789450684
1,5332,60.83103789450684
1,5333,60.83103789450684
1,5334,60.83103789450684
1,5335,60.83103789450684
1,5336,60.83103789450684
1,5337,60.83103789450684
1,5338,60.83103789450684
1,5339,60.83103789450684
1,5340,60.83103789450684
1,5341,60.83103789450684
1,5342,60.83103789450684
1,5343,60.83103789450684
1,5344,60.83103789450684
1,5345,60.83103789450684
1,5346,60.83103789450684
1,5347,60.83103789450684
1,5348,60.83103789450684
1,5349,60.83103789450684
1,5350,60.83103789450684
1,5351,60.83103789450684
1,5352,60.83103789450684
1,5353,60.83103789450684
1,5354,60.83103789450684
1,5355,60.83103789450684
1,5356,60.83103789450684
1,5357,60.83103789450684
1,5358,60.83103789450684
1,5359,60.83103789450684
1,5360,60.83103789450684
1,5361,60.83103789450684
1,5362,60.83103789450684
1,5363,60.83103789450684
1,5364,60.83103789450684
1,5365,60.83103789450684
1,5366,60.83103789450684
1,5367,60.83103789450684
1,5368,60.83103789450684
1,5369,60.83103789450684
1,5370,60.83103789450684
1,5371,60.83103789450684
1,5372,60.83103789450684
1,5373,60.83103789450684
1,5374,60.83103789450684
1,5375,60.83103789450684
1,5376,60.83103789450684
1,5377,60.83103789450684
1,5378,60.83103789450684
1,5379,60.83103789450684
1,5380,60.83103789450684
1,5381,60.83103789450684
1,5382,60.83103789450684
1,5383,60.83103789450684
1,5384,60.83103789450684
1,5385,60.83103370679148
1,5386,60.83103370679148
1,5387,60.83103370679148
1,5388,60.83103370679148
1,5389,60.83103370679148
1,5390,60.83103370679148
1,5391,60.83103370679148
1,5392,60.83103370679148
1,5393,60.83103370679148
1,5394,60.83103370679148
1,5395,60.83103370679148
1,5396,60.83103370679148
1,5397,60.83103370679148
1,5398,60.83103370679148
1,5399,60.83103370679148
1,5400,60.83103370679148
1,5401,60.83103370679148
1,5402,60.83103370679148
1,5403,60.83103370679148
1,5404,60.83103370679148
1,5405,60.83103370679148
1,5406,60.83103370679148
1,5407,60.83103370679148
1,5408,60.83103370679148
1,5409,60.83103370679148
1,5410,60.83103370679148
1,5411,60.83103370679148
1,5412,60.83103370679148
1,5413,60.83103370679148
1,5414,60.83103370679148
1,5415,60.83103370679148
1,5416,60.83103370679148
1,5417,60.83103370679148
1,5418,60.83103370679148
1,5419,60.83103370679148
1,5420,60.83103370679148
1,5421,60.83103370679148
1,5422,60.83103370679148
1,5423,60.83103322091215
1,5424,60.83103322091215
1,5425,60.83103322091215
1,5426,60.83103322091215
1,5427,60.83103322091215
1,5428,60.83103203456842
1,5429,60.83103203456842
1,5430,60.83103203456842
1,5431,60.83103203456842
1,5432,60.83103203456842
1,5433,60.831031459696106
1,5434,60.831031459696106
1,5435,60.831031459696106
1,5436,60.831031459696106
1,5437,60.831031459696106
1,5438,60.831031459696106
1,5439,60.831031459696106
1,5440,60.831031459696106
1,5441,60.83102924569594
1,5442,60.83102924569594
1,5443,60.83102924569594
1,5444,60.83102924569594
1,5445,60.83102924569594
1,5446,60.83102924569594
1,5447,60.83102924569594
1,5448,60.8310255234447
1,5449,60.83102543907604
1,5450,60.83102543907604
1,5451,60.83102543907604
1,5452,60.83102543907604
1,5453,60.83102543907604
1,5454,60.831020419078655
1,5455,60.831020419078655
1,5456,60.831020419078655
1,5457,60.831020419078655
1,5458,60.831020419078655
1,5459,60.831020419078655
1,5460,60.831020419078655
1,5461,60.831020419078655
1,5462,60.831020419078655
1,5463,60.831020419078655
1,5464,60.831020419078655
1,5465,60.83101833689981
1,5466,60.83101833689981
1,5467,60.83101833689981
1,5468,60.83101833689981
1,5469,60.83101833689981
1,5470,60.83101833689981
1,5471,60.83101833689981
1,5472,60.83101833689981
1,5473,60.83101833689981
1,5474,60.83101833689981
1,5475,60.83101833689981
1,5476,60.83101833689981
1,5477,60.83101833689981
1,5478,60.83101833689981
1,5479,60.83101833689981
1,5480,60.83101833689981
1,5481,60.83101833689981
1,5482,60.83101697433353
1,5483,60.83101697433353
1,5484,60.83101697433353
1,5485,60.83101697433353
1,5486,60.83101697433353
1,5487,60.83101697433353
1,5488,60.83101697433353
1,5489,60.83101697433353
1,5490,60.83101697433353
1,5491,60.83101697433353
1,5492,60.83101697433353
1,5493,60.83101697433353
1,5494,60.83101697433353
1,5495,60.83101697433353
1,5496,60.83101697433353
1,5497,60.83101697433353
1,5498,60.83101697433353
1,5499,60.83101697433353
1,5500,60.83101697433353
1,5501,60.831016680302255
1,5502,60.831016680302255
1,5503,60.83101424846378
1,5504,60.83101424846378
1,5505,60.83101424846378
1,5506,60.83101424846378
1,5507,60.83101424846378
1,5508,60.83101424846378
1,5509,60.83101424846378
1,5510,60.83101424846378
1,5511,60.83101424846378
1,5512,60.83100906121885
1,5513,60.83100906121885
1,5514,60.83100906121885
1,5515,60.83100906121885
1,5516,60.83100906121885
1,5517,60.831006547651114
1,5518,60.831006547651114
1,5519,60.831006547651114
1,5520,60.831006547651114
1,5521,60.831006547651114
1,5522,60.831006547651114
1,5523,60.831006547651114
1,5524,60.831006547651114
1,5525,60.831006547651114
1,5526,60.831006547651114
1,5527,60.831006547651114
1,5528,60.831006547651114
1,5529,60.831006547651114
1,5530,60.831006547651114
1,5531,60.831006547651114
1,5532,60.831006547651114
1,5533,60.831006547651114
1,5534,60.831006547651114
1,5535,60.831006547651114
1,5536,60.831006547651114
1,5537,60.831006547651114
1,5538,60.831006547651114
1,5539,60.831006547651114
1,5540,60.831006547651114
1,5541,60.831006547651114
1,5542,60.831006547651114
1,5543,60.831005984480164
1,5544,60.831005984480164
1,5545,60.831005984480164
1,5546,60.831005984480164
1,5547,60.831005984480164
1,5548,60.831005984480164
1,5549,60.83100380408749
1,5550,60.83100380408749
1,5551,60.83100380408749
1,5552,60.83100107519299
1,5553,60.83100107519299
1,5554,60.83100107519299
1,5555,60.83100107519299
1,5556,60.83100107519299
1,5557,60.83100107519299
1,5558,60.83100107519299
1,5559,60.83100107519299
1,5560,60.831000742965976
1,5561,60.831000742965976
1,5562,60.831000742965976
1,5563,60.83099621532105
1,5564,60.83099621532105
1,5565,60.83099621532105
1,5566,60.83099621532105
1,5567,60.83099621532105
1,5568,60.83099621532105
1,5569,60.83099621532105
1,5570,60.830991668868585
1,5571,60.830991668868585
1,5572,60.830991668868585
1,5573,60.830991668868585
1,5574,60.830991668868585
1,5575,60.830991668868585
1,5576,60.830991668868585
1,5577,60.830991668868585
1,5578,60.830991668868585
1,5579,60.830991668868585
1,5580,60.830991668868585
1,5581,60.830991668868585
1,5582,60.830991668868585
1,5583,60.830991668868585
1,5584,60.830991668868585
1,5585,60.830991668868585
1,5586,60.830991668868585
1,5587,60.830991668868585
1,5588,60.830991668868585
1,5589,60.830991668868585
1,5590,60.830988791954
1,5591,60.830988791954
1,5592,60.830988791954
1,5593,60.830988791954
1,5594,60.830988791954
1,5595,60.830988791954
1,5596,60.830988791954
1,5597,60.830988791954
1,5598,60.830988791954
1,5599,60.830988791954
1,5600,60.830988791954
1,5601,60.830988791954
1,5602,60.830988791954
1,5603,60.830988791954
1,5604,60.830988791954
1,5605,60.830988791954
1,5606,60.830988791954
1,5607,60.830988791954
1,5608,60.83098824850402
1,5609,60.83098824850402
1,5610,60.83098824850402
1,5611,60.83098346303486
1,5612,60.8309823102963
1,5613,60.8309823102963
1,5614,60.8309823102963
1,5615,60.8309823102963
1,5616,60.8309823102963
1,5617,60.8309823102963
1,5618,60.8309823102963
1,5619,60.8309823102963
1,5620,60.8309823102963
1,5621,60.8309823102963
1,5622,60.8309823102963
1,5623,60.8309823102963
1,5624,60.8309823102963
1,5625,60.8309823102963
1,5626,60.8309823102963
1,5627,60.8309823102963
1,5628,60.8309823102963
1,5629,60.8309823102963
1,5630,60.8309823102963
1,5631,60.8309823102963
1,5632,60.830981487859226
1,5633,60.830981487859226
1,5634,60.830977180571495
1,5635,60.830977180571495
1,5636,60.830977180571495
1,5637,60.830977180571495
1,5638,60.830977180571495
1,5639,60.830977180571495
1,5640,60.830977180571495
1,5641,60.830977180571495
1,5642,60.830977180571495
1,5643,60.830977180571495
1,5644,60.830977180571495
1,5645,60.830977180571495
1,5646,60.830977180571495
1,5647,60.830977180571495
1,5648,60.830977180571495
1,5649,60.83097595878881
1,5650,60.83097595878881
1,5651,60.83097595878881
1,5652,60.83097595878881
1,5653,60.83097595878881
1,5654,60.83097595878881
1,5655,60.83097595878881
1,5656,60.83097595878881
1,5657,60.83097595878881
1,5658,60.83097595878881
1,5659,60.83097595878881
1,5660,60.83097595878881
1,5661,60.83097595878881
1,5662,60.83097595878881
1,5663,60.83097595878881
1,5664,60.83097595878881
1,5665,60.83097595878881
1,5666,60.83097535796127
1,5667,60.83097535796127
1,5668,60.83097535796127
1,5669,60.83097535796127
1,5670,60.83097535796127
1,5671,60.83097535796127
1,5672,60.83097535796127
1,5673,60.83097535796127
1,5674,60.83097535796127
1,5675,60.83097205831133
1,5676,60.83097205831133
1,5677,60.83097205831133
1,5678,60.83097205831133
1,5679,60.83097205831133
1,5680,60.83097205831133
1,5681,60.83097205831133
1,5682,60.83097205831133
1,5683,60.83097205831133
1,5684,60.83097205831133
1,5685,60.83097205831133
1,5686,60.83097205831133
1,5687,60.83097205831133
1,5688,60.83097008505083
1,5689,60.83097008505083
1,5690,60.83097008505083
1,5691,60.83097008505083
1,5692,60.83097008505083
1,5693,60.830969565312486
1,5694,60.830969565312486
1,5695,60.830969565312486
1,5696,60.830969565312486
1,5697,60.830969565312486
1,5698,60.830969565312486
1,5699,60.830969565312486
1,5700,60.830969565312486
1,5701,60.830969565312486
1,5702,60.830969565312486
1,5703,60.830969565312486
1,5704,60.830969565312486
1,5705,60.830969565312486
1,5706,60.830969565312486
1,5707,60.830969565312486
1,5708,60.830969565312486
1,5709,60.830969565312486
1,5710,60.830969565312486
1,5711,60.830969565312486
1,5712,60.830969565312486
1,5713,60.830969565312486
1,5714,60.830969565312486
1,5715,60.830968738544435
1,5716,60.8309682789823
1,5717,60.83096717825962
1,5718,60.83096717825962
1,5719,60.83096717825962
1,5720,60.83096717825962
1,5721,60.83096717825962
1,5722,60.83096717825962
1,5723,60.83096717825962
1,5724,60.83096717825962
1,5725,60.83096717825962
1,5726,60.83096717825962
1,5727,60.83096717825962
1,5728,60.830964761266564
1,5729,60.830964761266564
1,5730,60.830964761266564
1,5731,60.83096472549192
1,5732,60.83096472549192
1,5733,60.83096472549192
1,5734,60.83096472549192
1,5735,60.83096472549192
1,5736,60.83095987985863
1,5737,60.83095987985863
1,5738,60.83095987985863
1,5739,60.83095987985863
1,5740,60.83095987985863
1,5741,60.83095987985863
1,5742,60.83095987985863
1,5743,60.83095987985863
1,5744,60.83095987985863
1,5745,60.83095987985863
1,5746,60.83095987985863
1,5747,60.83095987985863
1,5748,60.83095987985863
1,5749,60.83095987985863
1,5750,60.83095987985863
1,5751,60.83095987985863
1,5752,60.8309592340515
1,5753,60.8309592340515
1,5754,60.8309592340515
1,5755,60.83095400428037
1,5756,60.83095400428037
1,5757,60.83095400428037
1,5758,60.83095400428037
1,5759,60.83095400428037
1,5760,60.830952962779854
1,5761,60.830952962779854
1,5762,60.830952962779854
1,5763,60.830952962779854
1,5764,60.83095220394586
1,5765,60.83095220394586
1,5766,60.83095220394586
1,5767,60.83095220394586
1,5768,60.83095220394586
1,5769,60.83095220394586
1,5770,60.83095220394586
1,5771,60.83095220394586
1,5772,60.83095220394586
1,5773,60.83095220394586
1,5774,60.83095220394586
1,5775,60.83094819194229
1,5776,60.83094819194229
1,5777,60.83094819194229
1,5778,60.83094819194229
1,5779,60.83094819194229
1,5780,60.83094819194229
1,5781,60.83094819194229
1,5782,60.83094819194229
1,5783,60.83094819194229
1,5784,60.83094819194229
1,5785,60.83094819194229
1,5786,60.83094819194229
1,5787,60.83094819194229
1,5788,60.83094819194229
1,5789,60.83094819194229
1,5790,60.83094790621316
1,5791,60.83094527786766
1,5792,60.83094527786766
1,5793,60.83094527786766
1,5794,60.83094527786766
1,5795,60.83094527786766
1,5796,60.83094527786766
1,5797,60.83094527786766
1,5798,60.83094527786766
1,5799,60.83094527786766
1,5800,60.83094527786766
1,5801,60.83094527786766
1,5802,60.83094527786766
1,5803,60.83094527786766
1,5804,60.83094527786766
1,5805,60.83094527786766
1,5806,60.83094527786766
1,5807,60.83094527786766
1,5808,60.83094527786766
1,5809,60.83094527786766
1,5810,60.83094527786766
1,5811,60.83094527786766
1,5812,60.83094527786766
1,5813,60.83094527786766
1,5814,60.83094527786766
1,5815,60.83094527786766
1,5816,60.83094527786766
1,5817,60.83094527786766
1,5818,60.83094527786766
1,5819,60.83094527786766
1,5820,60.830941418590555
1,5821,60.830941418590555
1,5822,60.830941418590555
1,5823,60.830941418590555
1,5824,60.830941418590555
1,5825,60.8309374668075
1,5826,60.8309374668075
1,5827,60.8309374668075
1,5828,60.8309374668075
1,5829,60.8309374668075
1,5830,60.8309374668075
1,5831,60.8309374668075
1,5832,60.8309374668075
1,5833,60.8309374668075
1,5834,60.8309374668075
1,5835,60.8309374668075
1,5836,60.8309374668075
1,5837,60.8309374668075
1,5838,60.8309374668075
1,5839,60.8309374668075
1,5840,60.830935981024716
1,5841,60.830935981024716
1,5842,60.830935981024716
1,5843,60.830935981024716
1,5844,60.830935981024716
1,5845,60.830935981024716
1,5846,60.830935981024716
1,5847,60.830935981024716
1,5848,60.830935981024716
1,5849,60.830935981024716
1,5850,60.830935981024716
1,5851,60.830935981024716
1,5852,60.830935981024716
1,5853,60.830935345359606
1,5854,60.830935345359606
1,5855,60.830935345359606
1,5856,60.830935345359606
1,5857,60.830935345359606
1,5858,60.830935345359606
1,5859,60.830935345359606
1,5860,60.830935345359606
1,5861,60.830935345359606
1,5862,60.830935345359606
1,5863,60.830935345359606
1,5864,60.83092696407221
1,5865,60.83092696407221
1,5866,60.83092696407221
1,5867,60.83092696407221
1,5868,60.83092696407221
1,5869,60.83092696407221
1,5870,60.83092696407221
1,5871,60.83092696407221
1,5872,60.83092696407221
1,5873,60.83092696407221
1,5874,60.83092696407221
1,5875,60.83092696407221
1,5876,60.83092696407221
1,5877,60.83092696407221
1,5878,60.83092696407221
1,5879,60.83092696407221
1,5880,60.83092696407221
1,5881,60.83092696407221
1,5882,60.83092696407221
1,5883,60.83092696407221
1,5884,60.83092696407221
1,5885,60.83092298672917
1,5886,60.83092298672917
1,5887,60.83092298672917
1,5888,60.83092298672917
1,5889,60.83092298672917
1,5890,60.83092298672917
1,5891,60.83092298672917
1,5892,60.83092298672917
1,5893,60.83092298672917
1,5894,60.83092298672917
1,5895,60.83092298672917
1,5896,60.83092298672917
1,5897,60.83092298672917
1,5898,60.83092298672917
1,5899,60.83092298672917
1,5900,60.83092200691741
1,5901,60.83092200691741
1,5902,60.83092200691741
1,5903,60.83092200691741
1,5904,60.83092200691741
1,5905,60.83092200691741
1,5906,60.83092200691741
1,5907,60.83092200691741
1,5908,60.83092200691741
1,5909,60.83092200691741
1,5910,60.83092200691741
1,5911,60.83092200691741
1,5912,60.83092200691741
1,5913,60.83092200691741
1,5914,60.83092200691741
1,5915,60.83092200691741
1,5916,60.83092200691741
1,5917,60.83092200691741
1,5918,60.83092200691741
1,5919,60.83092200691741
1,5920,60.83092200691741
1,5921,60.83092200691741
1,5922,60.83092200691741
1,5923,60.830921214752735
1,5924,60.830921214752735
1,5925,60.830921214752735
1,5926,60.830921214752735
1,5927,60.830921214752735
1,5928,60.830921214752735
1,5929,60.830921214752735
1,5930,60.830921214752735
1,5931,60.830921214752735
1,5932,60.830921214752735
1,5933,60.830921214752735
1,5934,60.830921214752735
1,5935,60.830921214752735
1,5936,60.830921214752735
1,5937,60.830921214752735
1,5938,60.830921214752735
1,5939,60.83092041767152
1,5940,60.83092041767152
1,5941,60.83092041767152
1,5942,60.83092041767152
1,5943,60.83092041767152
1,5944,60.83091624583296
1,5945,60.83091624583296
1,5946,60.83091624583296
1,5947,60.83091624583296
1,5948,60.83091624583296
1,5949,60.83091624583296
1,5950,60.83091624583296
1,5951,60.83091624583296
1,5952,60.83091624583296
1,5953,60.83091624583296
1,5954,60.83091624583296
1,5955,60.83091624583296
1,5956,60.83091624583296
1,5957,60.83091624583296
1,5958,60.83091624583296
1,5959,60.83091624583296
1,5960,60.83091624583296
1,5961,60.83091624583296
1,5962,60.83091624583296
1,5963,60.83091624583296
1,5964,60.83091624583296
1,5965,60.83091624583296
1,5966,60.83091624583296
1,5967,60.83091624583296
1,5968,60.83091624583296
1,5969,60.83091624583296
1,5970,60.83091624583296
1,5971,60.83091624583296
1,5972,60.83091624583296
1,5973,60.83091624583296
1,5974,60.83091624583296
1,5975,60.83091624583296
1,5976,60.83091346065987
1,5977,60.83091346065987
1,5978,60.83091346065987
1,5979,60.830913218653826
1,5980,60.83091236600116
1,5981,60.83091236600116
1,5982,60.83091236600116
1,5983,60.83091236600116
1,5984,60.830910833102976
1,5985,60.830910833102976
1,5986,60.830910833102976
1,5987,60.830910833102976
1,5988,60.830910833102976
1,5989,60.830910833102976
1,5990,60.830910833102976
1,5991,60.830910833102976
1,5992,60.830910833102976
1,5993,60.830910833102976
1,5994,60.83090948684007
1,5995,60.83090948684007
1,5996,60.830909217613105
1,5997,60.830909217613105
1,5998,60.830909217613105
1,5999,60.830909217613105
1,6000,60.830909217613105
1,6001,60.830909056864584
1,6002,60.830909056864584
1,6003,60.83090534304353
1,6004,60.83090534304353
1,6005,60.83090534304353
1,6006,60.83090534304353
1,6007,60.83090534304353
1,6008,60.83090534304353
1,6009,60.83090534304353
1,6010,60.83090534304353
1,6011,60.83090534304353
1,6012,60.83090534304353
1,6013,60.83090534304353
1,6014,60.83090205710041
1,6015,60.83090205710041
1,6016,60.83090205710041
1,6017,60.83090205710041
1,6018,60.83090205710041
1,6019,60.83090205710041
1,6020,60.83090205710041
1,6021,60.83090205710041
1,6022,60.83090205710041
1,6023,60.83090205710041
1,6024,60.83090205710041
1,6025,60.83090205710041
1,6026,60.83090205710041
1,6027,60.83090205710041
1,6028,60.83090205710041
1,6029,60.83090205710041
1,6030,60.83090205710041
1,6031,60.83090205710041
1,6032,60.83090205710041
1,6033,60.83090205710041
1,6034,60.83090205710041
1,6035,60.83090205710041
1,6036,60.83090205710041
1,6037,60.83090205710041
1,6038,60.83090205710041
1,6039,60.83090205710041
1,6040,60.83090205710041
1,6041,60.83089807044812
1,6042,60.83089807044812
1,6043,60.83089807044812
1,6044,60.83089807044812
1,6045,60.83089807044812
1,6046,60.83089807044812
1,6047,60.83089807044812
1,6048,60.83089807044812
1,6049,60.83089807044812
1,6050,60.83089807044812
1,6051,60.83089807044812
1,6052,60.83089807044812
1,6053,60.83089807044812
1,6054,60.83089807044812
1,6055,60.83089807044812
1,6056,60.83089807044812
1,6057,60.83089807044812
1,6058,60.83089807044812
1,6059,60.83089807044812
1,6060,60.83089807044812
1,6061,60.83089807044812
1,6062,60.83089807044812
1,6063,60.83089807044812
1,6064,60.83089807044812
1,6065,60.83089807044812
1,6066,60.83089788353541
1,6067,60.83089788353541
1,6068,60.83089788353541
1,6069,60.83089773529271
1,6070,60.83089773529271
1,6071,60.83089773529271
1,6072,60.83089773529271
1,6073,60.83089773529271
1,6074,60.83089773529271
1,6075,60.83089773529271
1,6076,60.83089773529271
1,6077,60.83089773529271
1,6078,60.83089773529271
1,6079,60.83089773529271
1,6080,60.83089773529271
1,6081,60.83089773529271
1,6082,60.83089388413467
1,6083,60.83089388413467
1,6084,60.83089388413467
1,6085,60.83089388413467
1,6086,60.83089388413467
1,6087,60.83089388413467
1,6088,60.83089388413467
1,6089,60.83089388413467
1,6090,60.83089388413467
1,6091,60.83089388413467
1,6092,60.83089388413467
1,6093,60.83089388413467
1,6094,60.83089388413467
1,6095,60.83089388413467
1,6096,60.83089388413467
1,6097,60.83089388413467
1,6098,60.83089388413467
1,6099,60.83089388413467
1,6100,60.83089388413467
1,6101,60.83089388413467
1,6102,60.83089388413467
1,6103,60.83089388413467
1,6104,60.83089388413467
1,6105,60.83089388413467
1,6106,60.83089388413467
1,6107,60.83089388413467
1,6108,60.83089388413467
1,6109,60.83089388413467
1,6110,60.83089388413467
1,6111,60.83089388413467
1,6112,60.83089388413467
1,6113,60.83089388413467
1,6114,60.83089388413467
1,6115,60.83089163751777
1,6116,60.83089163751777
1,6117,60.83089163751777
1,6118,60.83089163751777
1,6119,60.83089163751777
1,6120,60.83089163751777
1,6121,60.83089163751777
1,6122,60.83089163751777
1,6123,60.83089163751777
1,6124,60.83089159366294
1,6125,60.83089159366294
1,6126,60.83089159366294
1,6127,60.83089159366294
1,6128,60.83089159366294
1,6129,60.83089159366294
1,6130,60.83089159366294
1,6131,60.83089000958172
1,6132,60.83089000958172
1,6133,60.83089000958172
1,6134,60.83089000958172
1,6135,60.83089000958172
1,6136,60.83089000958172
1,6137,60.83089000958172
1,6138,60.83089000958172
1,6139,60.83089000958172
1,6140,60.83089000958172
1,6141,60.83089000958172
1,6142,60.83089000958172
1,6143,60.83089000958172
1,6144,60.83089000958172
1,6145,60.83089000958172
1,6146,60.83089000958172
1,6147,60.83089000958172
1,6148,60.83089000958172
1,6149,60.83089000958172
1,6150,60.83089000958172
1,6151,60.83089000958172
1,6152,60.83089000958172
1,6153,60.83089000958172
1,6154,60.83089000958172
1,6155,60.83088977595242
1,6156,60.83088977595242
1,6157,60.83088977595242
1,6158,60.83088977595242
1,6159,60.83088977595242
1,6160,60.83088977595242
1,6161,60.830887959241714
1,6162,60.830887959241714
1,6163,60.830887959241714
1,6164,60.830887959241714
1,6165,60.830887959241714
1,6166,60.830887959241714
1,6167,60.830887959241714
1,6168,60.830887959241714
1,6169,60.830887959241714
1,6170,60.830887959241714
1,6171,60.830887959241714
1,6172,60.830887959241714
1,6173,60.830887959241714
1,6174,60.830887959241714
1,6175,60.83088248341816
1,6176,60.83088248341816
1,6177,60.83088248341816
1,6178,60.83088248341816
1,6179,60.83088248341816
1,6180,60.83088248341816
1,6181,60.83088248341816
1,6182,60.83088248341816
1,6183,60.83088248341816
1,6184,60.83088248341816
1,6185,60.83088248341816
1,6186,60.83088248341816
1,6187,60.83088248341816
1,6188,60.83088248341816
1,6189,60.83088248341816
1,6190,60.83088248341816
1,6191,60.83088248341816
1,6192,60.83088248341816
1,6193,60.83088248341816
1,6194,60.83088248341816
1,6195,60.83088248341816
1,6196,60.83088248341816
1,6197,60.83088248341816
1,6198,60.83088248341816
1,6199,60.83088248341816
1,6200,60.83088248341816
1,6201,60.83088248341816
1,6202,60.83088150286873
1,6203,60.83088150286873
1,6204,60.83088150286873
1,6205,60.83088150286873
1,6206,60.83088150286873
1,6207,60.83088071475819
1,6208,60.83088071475819
1,6209,60.83088071475819
1,6210,60.83088071475819
1,6211,60.83088071475819
1,6212,60.83088071475819
1,6213,60.83088071475819
1,6214,60.83088071475819
1,6215,60.83088071475819
1,6216,60.83088071475819
1,6217,60.83088071475819
1,6218,60.83088071475819
1,6219,60.83087794250062
1,6220,60.83087794250062
1,6221,60.83087794250062
1,6222,60.83087794250062
1,6223,60.83087794250062
1,6224,60.83087794250062
1,6225,60.83087510399976
1,6226,60.83087510399976
1,6227,60.83087510399976
1,6228,60.83087510399976
1,6229,60.83087510399976
1,6230,60.83087510399976
1,6231,60.83087510399976
1,6232,60.83087510399976
1,6233,60.83087510399976
1,6234,60.83087510399976
1,6235,60.83087510399976
1,6236,60.83087510399976
1,6237,60.83087510399976
1,6238,60.83087510399976
1,6239,60.83087510399976
1,6240,60.83087510399976
1,6241,60.83087510399976
1,6242,60.83087510399976
1,6243,60.83087510399976
1,6244,60.83087510399976
1,6245,60.83087510399976
1,6246,60.83087510399976
1,6247,60.83087510399976
1,6248,60.83087510399976
1,6249,60.830874378861694
1,6250,60.830874378861694
1,6251,60.830874378861694
1,6252,60.830874378861694
1,6253,60.83087328348662
1,6254,60.83087044318237
1,6255,60.83087044318237
1,6256,60.83087044318237
1,6257,60.83087044318237
1,6258,60.83087044318237
1,6259,60.83087044318237
1,6260,60.83087044318237
1,6261,60.83087044318237
1,6262,60.83087044318237
1,6263,60.83087044318237
1,6264,60.83087044318237
1,6265,60.83087044318237
1,6266,60.83087044318237
1,6267,60.83087044318237
1,6268,60.83087044318237
1,6269,60.83087044318237
1,6270,60.83087044318237
1,6271,60.83087044318237
1,6272,60.83087044318237
1,6273,60.83087044318237
1,6274,60.83087044318237
1,6275,60.83087044318237
1,6276,60.830867498121286
1,6277,60.830867498121286
1,6278,60.830867498121286
1,6279,60.830867498121286
1,6280,60.830867498121286
1,6281,60.830867498121286
1,6282,60.830867498121286
1,6283,60.830867498121286
1,6284,60.830867498121286
1,6285,60.830867498121286
1,6286,60.830867498121286
1,6287,60.830867498121286
1,6288,60.830867498121286
1,6289,60.830867498121286
1,6290,60.830867498121286
1,6291,60.830867498121286
1,6292,60.830867498121286
1,6293,60.830867498121286
1,6294,60.830867498121286
1,6295,60.830867498121286
1,6296,60.830865950744624
1,6297,60.830865950744624
1,6298,60.830865950744624
1,6299,60.830865950744624
1,6300,60.830865950744624
1,6301,60.830865950744624
1,6302,60.830865950744624
1,6303,60.830865950744624
1,6304,60.830865950744624
1,6305,60.830865950744624
1,6306,60.830865950744624
1,6307,60.830865950744624
1,6308,60.83086266726798
1,6309,60.83086266726798
1,6310,60.83086266726798
1,6311,60.83086266726798
1,6312,60.83086266726798
1,6313,60.83086266726798
1,6314,60.83086266726798
1,6315,60.83086266726798
1,6316,60.83086266726798
1,6317,60.83086266726798
1,6318,60.83086266726798
1,6319,60.83086266726798
1,6320,60.83086266726798
1,6321,60.83086004322659
1,6322,60.83086004322659
1,6323,60.83086004322659
1,6324,60.83086004322659
1,6325,60.83086004322659
1,6326,60.83086004322659
1,6327,60.83086004322659
1,6328,60.83086004322659
1,6329,60.83086004322659
1,6330,60.83086004322659
1,6331,60.83086004322659
1,6332,60.83086004322659
1,6333,60.83086004322659
1,6334,60.83086004322659
1,6335,60.83085746422422
1,6336,60.83085746422422
1,6337,60.83085746422422
1,6338,60.83085746422422
1,6339,60.83085746422422
1,6340,60.83085746422422
1,6341,60.83085746422422
1,6342,60.83085746422422
1,6343,60.83085746422422
1,6344,60.83085746422422
1,6345,60.83085746422422
1,6346,60.83085379978798
1,6347,60.83085379978798
1,6348,60.83085379978798
1,6349,60.83085379978798
1,6350,60.83085379978798
1,6351,60.83085379978798
1,6352,60.83085379978798
1,6353,60.83085379978798
1,6354,60.83085379978798
1,6355,60.83085178965718
1,6356,60.83085178965718
1,6357,60.83085178965718
1,6358,60.83085178965718
1,6359,60.83085178965718
1,6360,60.83085178965718
1,6361,60.83085178965718
1,6362,60.83085178965718
1,6363,60.83085178965718
1,6364,60.83085178965718
1,6365,60.83085178965718
1,6366,60.83085178965718
1,6367,60.83085178965718
1,6368,60.83085178965718
1,6369,60.83085178965718
1,6370,60.83085178965718
1,6371,60.83085103257253
1,6372,60.83085103257253
1,6373,60.83085103257253
1,6374,60.83085103257253
1,6375,60.83085103257253
1,6376,60.83085103257253
1,6377,60.83085103257253
1,6378,60.83085103257253
1,6379,60.83085103257253
1,6380,60.83085103257253
1,6381,60.83085103257253
1,6382,60.83085103257253
1,6383,60.83085016861877
1,6384,60.83085016861877
1,6385,60.83085016861877
1,6386,60.83085016861877
1,6387,60.83085016861877
1,6388,60.83085016861877
1,6389,60.83085016861877
1,6390,60.83085016861877
1,6391,60.83085016861877
1,6392,60.83085016861877
1,6393,60.83085016861877
1,6394,60.83085016861877
1,6395,60.83085016861877
1,6396,60.83085016861877
1,6397,60.83085016861877
1,6398,60.83085016861877
1,6399,60.83085016861877
1,6400,60.83085016861877
1,6401,60.83085016861877
1,6402,60.83085016861877
1,6403,60.83085016861877
1,6404,60.83085016861877
1,6405,60.83085016861877
1,6406,60.83085016861877
1,6407,60.83085016861877
1,6408,60.83084696928621
1,6409,60.83084696928621
1,6410,60.83084696928621
1,6411,60.83084696928621
1,6412,60.83084696928621
1,6413,60.83084696928621
1,6414,60.83084696928621
1,6415,60.83084696928621
1,6416,60.83084696928621
1,6417,60.83084696928621
1,6418,60.83084696928621
1,6419,60.83084696928621
1,6420,60.83084696928621
1,6421,60.83084696928621
1,6422,60.83084696928621
1,6423,60.83084696928621
1,6424,60.83084696928621
1,6425,60.83084696928621
1,6426,60.83084696928621
1,6427,60.83084696928621
1,6428,60.830846535932174
1,6429,60.830846535932174
1,6430,60.830846535932174
1,6431,60.830846535932174
1,6432,60.830846535932174
1,6433,60.830846535932174
1,6434,60.830846535932174
1,6435,60.830846535932174
1,6436,60.830846535932174
1,6437,60.830846535932174
1,6438,60.830846007690816
1,6439,60.830846007690816
1,6440,60.830846007690816
1,6441,60.830846007690816
1,6442,60.830846007690816
1,6443,60.830846007690816
1,6444,60.830846007690816
1,6445,60.830846007690816
1,6446,60.830846007690816
1,6447,60.830846007690816
1,6448,60.830846007690816
1,6449,60.830846007690816
1,6450,60.830846007690816
1,6451,60.83084571267412
1,6452,60.83084571267412
1,6453,60.83084571267412
1,6454,60.830845273934344
1,6455,60.830845273934344
1,6456,60.830845273934344
1,6457,60.830845273934344
1,6458,60.830845273934344
1,6459,60.830845273934344
1,6460,60.83084085415339
1,6461,60.83084085415339
1,6462,60.83084085415339
1,6463,60.83084085415339
1,6464,60.83084085415339
1,6465,60.83084085415339
1,6466,60.83084085415339
1,6467,60.83084085415339
1,6468,60.83084085415339
1,6469,60.83084085415339
1,6470,60.83084085415339
1,6471,60.83084085415339
1,6472,60.83084085415339
1,6473,60.83084085415339
1,6474,60.83084085415339
1,6475,60.83084085415339
1,6476,60.83084085415339
1,6477,60.83084085415339
1,6478,60.83084085415339
1,6479,60.83084085415339
1,6480,60.83084085415339
1,6481,60.83084085415339
1,6482,60.83084085415339
1,6483,60.830837880215796
1,6484,60.830837880215796
1,6485,60.830837880215796
1,6486,60.830837880215796
1,6487,60.830837880215796
1,6488,60.830837880215796
1,6489,60.830837880215796
1,6490,60.830837880215796
1,6491,60.830837880215796
1,6492,60.830837880215796
1,6493,60.830837880215796
1,6494,60.830837880215796
1,6495,60.830837880215796
1,6496,60.830837880215796
1,6497,60.830837880215796
1,6498,60.830837880215796
1,6499,60.830837880215796
1,6500,60.830837880215796
1,6501,60.830837880215796
1,6502,60.830837880215796
1,6503,60.830837880215796
1,6504,60.830837880215796
1,6505,60.830837880215796
1,6506,60.830837880215796
1,6507,60.830837880215796
1,6508,60.830837880215796
1,6509,60.830837880215796
1,6510,60.830837880215796
1,6511,60.830837880215796
1,6512,60.830837880215796
1,6513,60.830837880215796
1,6514,60.830837880215796
1,6515,60.83083590171707
1,6516,60.83083316965231
1,6517,60.83083316965231
1,6518,60.83083316965231
1,6519,60.83083316965231
1,6520,60.83083316965231
1,6521,60.83083316965231
1,6522,60.83083316965231
1,6523,60.83083316965231
1,6524,60.83083316965231
1,6525,60.83083316965231
1,6526,60.83083316965231
1,6527,60.83083316965231
1,6528,60.83083316965231
1,6529,60.83083316965231
1,6530,60.83083316965231
1,6531,60.83083316965231
1,6532,60.83083316965231
1,6533,60.83083316965231
1,6534,60.83083316965231
1,6535,60.83083316965231
1,6536,60.83083316965231
1,6537,60.83083316965231
1,6538,60.83083316965231
1,6539,60.83083316965231
1,6540,60.83083316965231
1,6541,60.83083316965231
1,6542,60.83083316965231
1,6543,60.83083316965231
1,6544,60.83083316965231
1,6545,60.83083316965231
1,6546,60.83083316965231
1,6547,60.83083316965231
1,6548,60.83083316965231
1,6549,60.830830781434656
1,6550,60.830830781434656
1,6551,60.830830781434656
1,6552,60.830830781434656
1,6553,60.830830781434656
1,6554,60.830830781434656
1,6555,60.830830781434656
1,6556,60.830830781434656
1,6557,60.830830781434656
1,6558,60.830830781434656
1,6559,60.830830781434656
1,6560,60.830830781434656
1,6561,60.830830781434656
1,6562,60.830830781434656
1,6563,60.830827235236924
1,6564,60.830827235236924
1,6565,60.830827235236924
1,6566,60.830826270533166
1,6567,60.830826270533166
1,6568,60.830826270533166
1,6569,60.830826270533166
1,6570,60.830826270533166
1,6571,60.830826270533166
1,6572,60.830826270533166
1,6573,60.830826270533166
1,6574,60.830826270533166
1,6575,60.830826270533166
1,6576,60.830826270533166
1,6577,60.830826270533166
1,6578,60.830826270533166
1,6579,60.830826270533166
1,6580,60.830826270533166
1,6581,60.830826270533166
1,6582,60.830826270533166
1,6583,60.830826270533166
1,6584,60.830826270533166
1,6585,60.830826270533166
1,6586,60.830826270533166
1,6587,60.830826270533166
1,6588,60.830826270533166
1,6589,60.830826270533166
1,6590,60.830826270533166
1,6591,60.830826270533166
1,6592,60.830826270533166
1,6593,60.830826270533166
1,6594,60.830826270533166
1,6595,60.830826270533166
1,6596,60.830826270533166
1,6597,60.830825963813304
1,6598,60.830825963813304
1,6599,60.830825963813304
1,6600,60.830825963813304
1,6601,60.830825963813304
1,6602,60.830825963813304
1,6603,60.830825963813304
1,6604,60.83082206899936
1,6605,60.83082206899936
1,6606,60.83082206899936
1,6607,60.83082206899936
1,6608,60.83082206899936
1,6609,60.83082206899936
1,6610,60.83082206899936
1,6611,60.83082206899936
1,6612,60.83082206899936
1,6613,60.83082206899936
1,6614,60.83082206899936
1,6615,60.83082206899936
1,6616,60.83082206899936
1,6617,60.83082206899936
1,6618,60.83082206899936
1,6619,60.83082206899936
1,6620,60.83082206899936
1,6621,60.83082206899936
1,6622,60.83082206899936
1,6623,60.83082206899936
1,6624,60.83082206899936
1,6625,60.83082206899936
1,6626,60.83082206899936
1,6627,60.83081860753876
1,6628,60.83081860753876
1,6629,60.83081860753876
1,6630,60.83081860753876
1,6631,60.83081860753876
1,6632,60.83081860753876
1,6633,60.83081860753876
1,6634,60.83081860753876
1,6635,60.83081860753876
1,6636,60.83081860753876
1,6637,60.83081860753876
1,6638,60.83081860753876
1,6639,60.83081860753876
1,6640,60.83081860753876
1,6641,60.83081860753876
1,6642,60.83081860753876
1,6643,60.83081860753876
1,6644,60.83081860753876
1,6645,60.83081860753876
1,6646,60.83081860753876
1,6647,60.83081860753876
1,6648,60.83081860753876
1,6649,60.83081860753876
1,6650,60.83081860753876
1,6651,60.83081860753876
1,6652,60.83081860753876
1,6653,60.83081860753876
1,6654,60.83081860753876
1,6655,60.83081772570685
1,6656,60.83081772570685
1,6657,60.83081772570685
1,6658,60.83081772570685
1,6659,60.83081772570685
1,6660,60.83081772570685
1,6661,60.83081772570685
1,6662,60.83081772570685
1,6663,60.83081772570685
1,6664,60.83081772570685
1,6665,60.83081772570685
1,6666,60.83081772570685
1,6667,60.83081772570685
1,6668,60.83081772570685
1,6669,60.83081772570685
1,6670,60.83081772570685
1,6671,60.83081772570685
1,6672,60.83081772570685
1,6673,60.83081772570685
1,6674,60.830817601101735
1,6675,60.830817601101735
1,6676,60.830817601101735
1,6677,60.83081505805103
1,6678,60.83081505805103
1,6679,60.83081505805103
1,6680,60.83081505805103
1,6681,60.83081505805103
1,6682,60.83081505805103
1,6683,60.83081505805103
1,6684,60.83081505805103
1,6685,60.83081505805103
1,6686,60.83081505805103
1,6687,60.83081228749789
1,6688,60.83081228749789
1,6689,60.83081228749789
1,6690,60.83081228749789
1,6691,60.83081228749789
1,6692,60.83081228749789
1,6693,60.83081228749789
1,6694,60.83081228749789
1,6695,60.83081228749789
1,6696,60.83081228749789
1,6697,60.83081228749789
1,6698,60.83081228749789
1,6699,60.83081228749789
1,6700,60.83081228749789
1,6701,60.83081228749789
1,6702,60.83081228749789
1,6703,60.83081228749789
1,6704,60.83081228749789
1,6705,60.83080981976308
1,6706,60.83080981976308
1,6707,60.83080981976308
1,6708,60.83080981976308
1,6709,60.83080981976308
1,6710,60.83080981976308
1,6711,60.83080981976308
1,6712,60.83080981976308
1,6713,60.830808455255784
1,6714,60.830808455255784
1,6715,60.830808455255784
1,6716,60.830808455255784
1,6717,60.830808455255784
1,6718,60.830808455255784
1,6719,60.830808455255784
1,6720,60.830808455255784
1,6721,60.830808455255784
1,6722,60.830808455255784
1,6723,60.830808455255784
1,6724,60.830808455255784
1,6725,60.830808455255784
1,6726,60.830808455255784
1,6727,60.830808455255784
1,6728,60.830808455255784
1,6729,60.830808455255784
1,6730,60.830808455255784
1,6731,60.830808455255784
1,6732,60.830808455255784
1,6733,60.830808455255784
1,6734,60.830808455255784
1,6735,60.830808455255784
1,6736,60.830808455255784
1,6737,60.830808455255784
1,6738,60.830808455255784
1,6739,60.830808455255784
1,6740,60.830808455255784
1,6741,60.830808455255784
1,6742,60.830808455255784
1,6743,60.8308057875636
1,6744,60.8308057875636
1,6745,60.8308057875636
1,6746,60.8308057875636
1,6747,60.8308057875636
1,6748,60.8308057875636
1,6749,60.8308057875636
1,6750,60.83080299289019
1,6751,60.83080299289019
1,6752,60.83080299289019
1,6753,60.83080299289019
1,6754,60.830801435377765
1,6755,60.830801435377765
1,6756,60.830801435377765
1,6757,60.830801435377765
1,6758,60.830801435377765
1,6759,60.830801435377765
1,6760,60.830801435377765
1,6761,60.830801435377765
1,6762,60.830801435377765
1,6763,60.830801435377765
1,6764,60.830801435377765
1,6765,60.830801435377765
1,6766,60.830801435377765
1,6767,60.830801435377765
1,6768,60.830801435377765
1,6769,60.830801435377765
1,6770,60.830801435377765
1,6771,60.830801435377765
1,6772,60.830801435377765
1,6773,60.830801435377765
1,6774,60.830801435377765
1,6775,60.830801435377765
1,6776,60.830801435377765
1,6777,60.830801435377765
1,6778,60.830801435377765
1,6779,60.830801435377765
1,6780,60.830801435377765
1,6781,60.830801435377765
1,6782,60.830801435377765
1,6783,60.830801435377765
1,6784,60.830799123742985
1,6785,60.830799123742985
1,6786,60.830799123742985
1,6787,60.830799123742985
1,6788,60.830799123742985
1,6789,60.830799123742985
1,6790,60.830799123742985
1,6791,60.830799123742985
1,6792,60.830799123742985
1,6793,60.830799123742985
1,6794,60.830799123742985
1,6795,60.830799123742985
1,6796,60.830799123742985
1,6797,60.830799123742985
1,6798,60.83079882155864
1,6799,60.83079882155864
1,6800,60.83079882155864
1,6801,60.83079882155864
1,6802,60.83079882155864
1,6803,60.83079882155864
1,6804,60.83079882155864
1,6805,60.83079882155864
1,6806,60.83079882155864
1,6807,60.83079882155864
1,6808,60.83079882155864
1,6809,60.83079882155864
1,6810,60.83079652437816
1,6811,60.83079652437816
1,6812,60.83079652437816
1,6813,60.83079652437816
1,6814,60.83079652437816
1,6815,60.83079652437816
1,6816,60.83079652437816
1,6817,60.83079652437816
1,6818,60.83079652437816
1,6819,60.83079652437816
1,6820,60.83079201955295
1,6821,60.83079201955295
1,6822,60.83079201955295
1,6823,60.83079201955295
1,6824,60.83079201955295
1,6825,60.83079201955295
1,6826,60.83079201955295
1,6827,60.83079155372445
1,6828,60.83079155372445
1,6829,60.83079155372445
1,6830,60.83079155372445
1,6831,60.83079155372445
1,6832,60.83079155372445
1,6833,60.83079155372445
1,6834,60.83079155372445
1,6835,60.83079155372445
1,6836,60.83079155372445
1,6837,60.83079155372445
1,6838,60.83079155372445
1,6839,60.83079155372445
1,6840,60.83078908785624
1,6841,60.83078908785624
1,6842,60.83078908785624
1,6843,60.83078908785624
1,6844,60.83078908785624
1,6845,60.83078908785624
1,6846,60.83078908785624
1,6847,60.83078908785624
1,6848,60.83078908785624
1,6849,60.83078908785624
1,6850,60.83078908785624
1,6851,60.83078908785624
1,6852,60.83078908785624
1,6853,60.83078908785624
1,6854,60.83078908785624
1,6855,60.83078908785624
1,6856,60.83078908785624
1,6857,60.83078908785624
1,6858,60.83078908785624
1,6859,60.83078908785624
1,6860,60.83078908785624
1,6861,60.83078908785624
1,6862,60.83078908785624
1,6863,60.83078908785624
1,6864,60.83078908785624
1,6865,60.83078908785624
1,6866,60.83078908785624
1,6867,60.83078908785624
1,6868,60.83078908785624
1,6869,60.83078908785624
1,6870,60.83078630650363
1,6871,60.83078630650363
1,6872,60.83078630650363
1,6873,60.83078630650363
1,6874,60.83078630650363
1,6875,60.83078630650363
1,6876,60.83078630650363
1,6877,60.83078630650363
1,6878,60.83078630650363
1,6879,60.83078630650363
1,6880,60.83078630650363
1,6881,60.83078630650363
1,6882,60.83078630650363
1,6883,60.83078630650363
1,6884,60.83078630650363
1,6885,60.83078630650363
1,6886,60.83078630650363
1,6887,60.83078630650363
1,6888,60.83078630650363
1,6889,60.83078630650363
1,6890,60.83078630650363
1,6891,60.83078630650363
1,6892,60.83078630650363
1,6893,60.83078630650363
1,6894,60.83078630650363
1,6895,60.83078630650363
1,6896,60.83078630650363
1,6897,60.83078630650363
1,6898,60.83078630650363
1,6899,60.83078630650363
1,6900,60.83078630650363
1,6901,60.83078630650363
1,6902,60.83078369862988
1,6903,60.83078369862988
1,6904,60.83078369862988
1,6905,60.83078369862988
1,6906,60.83078369862988
1,6907,60.830783602279816
1,6908,60.830783602279816
1,6909,60.830783602279816
1,6910,60.830783602279816
1,6911,60.830783602279816
1,6912,60.830783602279816
1,6913,60.830783602279816
1,6914,60.830783602279816
1,6915,60.830783602279816
1,6916,60.830783602279816
1,6917,60.830783602279816
1,6918,60.830783602279816
1,6919,60.830783602279816
1,6920,60.830783602279816
1,6921,60.830783602279816
1,6922,60.830783602279816
1,6923,60.830783602279816
1,6924,60.830783602279816
1,6925,60.830783602279816
1,6926,60.830783602279816
1,6927,60.830783602279816
1,6928,60.830783602279816
1,6929,60.830783602279816
1,6930,60.830783602279816
1,6931,60.830783602279816
1,6932,60.830783602279816
1,6933,60.830783602279816
1,6934,60.830783602279816
1,6935,60.830783602279816
1,6936,60.830783602279816
1,6937,60.830783602279816
1,6938,60.830783602279816
1,6939,60.830783602279816
1,6940,60.830783602279816
1,6941,60.830783602279816
1,6942,60.830783602279816
1,6943,60.830783602279816
1,6944,60.830783602279816
1,6945,60.830783602279816
1,6946,60.830783602279816
1,6947,60.830783602279816
1,6948,60.830783602279816
1,6949,60.830783602279816
1,6950,60.830783602279816
1,6951,60.830783602279816
1,6952,60.830783602279816
1,6953,60.830783602279816
1,6954,60.830783602279816
1,6955,60.830783602279816
1,6956,60.830783602279816
1,6957,60.83078063324942
1,6958,60.83078063324942
1,6959,60.83078063324942
1,6960,60.83078063324942
1,6961,60.83078063324942
1,6962,60.83077988098625
1,6963,60.83077988098625
1,6964,60.83077988098625
1,6965,60.83077988098625
1,6966,60.83077988098625
1,6967,60.83077988098625
1,6968,60.83077988098625
1,6969,60.83077988098625
1,6970,60.83077988098625
1,6971,60.83077988098625
1,6972,60.83077988098625
1,6973,60.83077988098625
1,6974,60.83077988098625
1,6975,60.83077988098625
1,6976,60.830777037583985
1,6977,60.830777037583985
1,6978,60.830777037583985
1,6979,60.830777037583985
1,6980,60.830777037583985
1,6981,60.830777037583985
1,6982,60.830777037583985
1,6983,60.830777037583985
1,6984,60.830777037583985
1,6985,60.830777037583985
1,6986,60.830777037583985
1,6987,60.830777037583985
1,6988,60.830777037583985
1,6989,60.830777037583985
1,6990,60.830777037583985
1,6991,60.830777037583985
1,6992,60.830777037583985
1,6993,60.830777037583985
1,6994,60.830777037583985
1,6995,60.830777037583985
1,6996,60.830777037583985
1,6997,60.830777037583985
1,6998,60.830777037583985
1,6999,60.830777037583985
1,7000,60.830777037583985
1,7001,60.830777037583985
1,7002,60.830777037583985
1,7003,60.830777037583985
1,7004,60.830777037583985
1,7005,60.830777037583985
1,7006,60.830777037583985
1,7007,60.830777037583985
1,7008,60.830777037583985
1,7009,60.830777037583985
1,7010,60.830777037583985
1,7011,60.830777037583985
1,7012,60.830777037583985
1,7013,60.830777037583985
1,7014,60.830777037583985
1,7015,60.830777037583985
1,7016,60.830777037583985
1,7017,60.830777037583985
1,7018,60.830777037583985
1,7019,60.830777037583985
1,7020,60.830777037583985
1,7021,60.830777037583985
1,7022,60.830777037583985
1,7023,60.830777037583985
1,7024,60.830777037583985
1,7025,60.830777037583985
1,7026,60.830777037583985
1,7027,60.830777037583985
1,7028,60.830777037583985
1,7029,60.830777037583985
1,7030,60.830777037583985
1,7031,60.830777037583985
1,7032,60.830777037583985
1,7033,60.830777037583985
1,7034,60.830777037583985
1,7035,60.830777037583985
1,7036,60.83077652638895
1,7037,60.83077652638895
1,7038,60.83077652638895
1,7039,60.83077652638895
1,7040,60.83077652638895
1,7041,60.83077652638895
1,7042,60.83077652638895
1,7043,60.83077652638895
1,7044,60.830776271459754
1,7045,60.830776271459754
1,7046,60.830776271459754
1,7047,60.8307753020515
1,7048,60.83077392977577
1,7049,60.83077392977577
1,7050,60.83077392977577
1,7051,60.83077392977577
1,7052,60.83077392977577
1,7053,60.83077392977577
1,7054,60.83077392977577
1,7055,60.83077392977577
1,7056,60.83077392977577
1,7057,60.83077263809833
1,7058,60.83077263809833
1,7059,60.83077263809833
1,7060,60.83077263809833
1,7061,60.83077263809833
1,7062,60.83077263809833
1,7063,60.83077263809833
1,7064,60.83077263809833
1,7065,60.83077263809833
1,7066,60.83077263809833
1,7067,60.83077263809833
1,7068,60.83077263809833
1,7069,60.830770518082744
1,7070,60.830770518082744
1,7071,60.830770518082744
1,7072,60.830770518082744
1,7073,60.830770518082744
1,7074,60.830770518082744
1,7075,60.830770518082744
1,7076,60.830770518082744
1,7077,60.830770518082744
1,7078,60.830770518082744
1,7079,60.830770518082744
1,7080,60.830770518082744
1,7081,60.830769631800486
1,7082,60.830763976829445
1,7083,60.830763976829445
1,7084,60.830763976829445
1,7085,60.830763976829445
1,7086,60.830763976829445
1,7087,60.830763976829445
1,7088,60.830763976829445
1,7089,60.830763976829445
1,7090,60.830763976829445
1,7091,60.830762957917976
1,7092,60.830762957917976
1,7093,60.830762957917976
1,7094,60.830762957917976
1,7095,60.830762957917976
1,7096,60.830762957917976
1,7097,60.830762957917976
1,7098,60.830762957917976
1,7099,60.830762957917976
1,7100,60.830762957917976
1,7101,60.830762957917976
1,7102,60.830762957917976
1,7103,60.830762957917976
1,7104,60.830762957917976
1,7105,60.830762957917976
1,7106,60.830762957917976
1,7107,60.830762957917976
1,7108,60.830762957917976
1,7109,60.830762957917976
1,7110,60.830762957917976
1,7111,60.830762957917976
1,7112,60.830762957917976
1,7113,60.830762957917976
1,7114,60.830762957917976
1,7115,60.830762957917976
1,7116,60.830762957917976
1,7117,60.830762957917976
1,7118,60.830762957917976
1,7119,60.830762957917976
1,7120,60.830762957917976
1,7121,60.830762957917976
1,7122,60.830762957917976
1,7123,60.830762957917976
1,7124,60.830762957917976
1,7125,60.830762957917976
1,7126,60.830762957917976
1,7127,60.830762957917976
1,7128,60.830762957917976
1,7129,60.830762957917976
1,7130,60.830762957917976
1,7131,60.830762957917976
1,7132,60.830762957917976
1,7133,60.830762957917976
1,7134,60.830759297527166
1,7135,60.830759297527166
1,7136,60.830759297527166
1,7137,60.830759297527166
1,7138,60.830759297527166
1,7139,60.830759297527166
1,7140,60.830759297527166
1,7141,60.830759297527166
1,7142,60.830759297527166
1,7143,60.830759297527166
1,7144,60.830759297527166
1,7145,60.830759297527166
1,7146,60.830759297527166
1,7147,60.830759297527166
1,7148,60.83075812454249
1,7149,60.83075812454249
1,7150,60.83075812454249
1,7151,60.83075812454249
1,7152,60.83075812454249
1,7153,60.83075812454249
1,7154,60.83075812454249
1,7155,60.83075812454249
1,7156,60.83075812454249
1,7157,60.83075812454249
1,7158,60.83075812454249
1,7159,60.83075812454249
1,7160,60.83075812454249
1,7161,60.83075414198182
1,7162,60.83075414198182
1,7163,60.83075414198182
1,7164,60.83075414198182
1,7165,60.83075414198182
1,7166,60.83075414198182
1,7167,60.83075414198182
1,7168,60.83075414198182
1,7169,60.83075414198182
1,7170,60.83075414198182
1,7171,60.83075414198182
1,7172,60.83075414198182
1,7173,60.83075414198182
1,7174,60.83075414198182
1,7175,60.83075414198182
1,7176,60.83075414198182
1,7177,60.83075414198182
1,7178,60.83075414198182
1,7179,60.83075414198182
1,7180,60.83075414198182
1,7181,60.83075414198182
1,7182,60.83075414198182
1,7183,60.83075414198182
1,7184,60.830752501371165
1,7185,60.830752501371165
1,7186,60.830752501371165
1,7187,60.830752501371165
1,7188,60.830752501371165
1,7189,60.830752501371165
1,7190,60.830752501371165
1,7191,60.830752501371165
1,7192,60.830752501371165
1,7193,60.830752501371165
1,7194,60.830752501371165
1,7195,60.830752501371165
1,7196,60.83075121689039
1,7197,60.83075121689039
1,7198,60.83075121689039
1,7199,60.83075121689039
1,7200,60.83075121689039
1,7201,60.83075121689039
1,7202,60.83075121689039
1,7203,60.83075121689039
1,7204,60.83075121689039
1,7205,60.83074676053732
1,7206,60.83074676053732
1,7207,60.83074676053732
1,7208,60.83074676053732
1,7209,60.83074676053732
1,7210,60.83074676053732
1,7211,60.83074676053732
1,7212,60.83074676053732
1,7213,60.83074676053732
1,7214,60.83074676053732
1,7215,60.83074676053732
1,7216,60.83074676053732
1,7217,60.83074676053732
1,7218,60.83074676053732
1,7219,60.83074676053732
1,7220,60.83074676053732
1,7221,60.83074676053732
1,7222,60.83074676053732
1,7223,60.83074676053732
1,7224,60.83074676053732
1,7225,60.83074513691555
1,7226,60.83074513691555
1,7227,60.83074513691555
1,7228,60.83074513691555
1,7229,60.83074513691555
1,7230,60.83074513691555
1,7231,60.83074513691555
1,7232,60.83074406156096
1,7233,60.83074406156096
1,7234,60.83074406156096
1,7235,60.83074406156096
1,7236,60.830742703634556
1,7237,60.830742703634556
1,7238,60.830742703634556
1,7239,60.830742703634556
1,7240,60.830742703634556
1,7241,60.830742703634556
1,7242,60.830742703634556
1,7243,60.830742703634556
1,7244,60.830742703634556
1,7245,60.830742703634556
1,7246,60.830742703634556
1,7247,60.830742703634556
1,7248,60.830742703634556
1,7249,60.830742703634556
1,7250,60.830742703634556
1,7251,60.83074233571607
1,7252,60.83074233571607
1,7253,60.83074233571607
1,7254,60.83074233571607
1,7255,60.83074098908316
1,7256,60.83074098908316
1,7257,60.83074098908316
1,7258,60.83074098908316
1,7259,60.83074098908316
1,7260,60.83074098908316
1,7261,60.83074098908316
1,7262,60.83074098908316
1,7263,60.83074098908316
1,7264,60.83074098908316
1,7265,60.83074098908316
1,7266,60.83074098908316
1,7267,60.83074098908316
1,7268,60.83074098908316
1,7269,60.83074098908316
1,7270,60.83074098908316
1,7271,60.8307396192356
1,7272,60.8307396192356
1,7273,60.8307396192356
1,7274,60.8307396192356
1,7275,60.8307396192356
1,7276,60.8307396192356
1,7277,60.8307396192356
1,7278,60.8307396192356
1,7279,60.8307396192356
1,7280,60.8307396192356
1,7281,60.8307396192356
1,7282,60.8307396192356
1,7283,60.8307396192356
1,7284,60.8307396192356
1,7285,60.8307396192356
1,7286,60.8307396192356
1,7287,60.8307396192356
1,7288,60.83073637455112
1,7289,60.83073637455112
1,7290,60.83073637455112
1,7291,60.83073637455112
1,7292,60.83073637455112
1,7293,60.83073637455112
1,7294,60.83073637455112
1,7295,60.83073637455112
1,7296,60.83073637455112
1,7297,60.83073637455112
1,7298,60.83073637455112
1,7299,60.83073637455112
1,7300,60.83073637455112
1,7301,60.83073637455112
1,7302,60.83073637455112
1,7303,60.83073637455112
1,7304,60.83073637455112
1,7305,60.83073637455112
1,7306,60.83073637455112
1,7307,60.83073637455112
1,7308,60.83073637455112
1,7309,60.83073637455112
1,7310,60.83073637455112
1,7311,60.83073637455112
1,7312,60.83073637455112
1,7313,60.83073637455112
1,7314,60.83073637455112
1,7315,60.83073637455112
1,7316,60.83073637455112
1,7317,60.83073637455112
1,7318,60.83073637455112
1,7319,60.83073637455112
1,7320,60.83073637455112
1,7321,60.83073637455112
1,7322,60.83073637455112
1,7323,60.83073637455112
1,7324,60.83073637455112
1,7325,60.83073637455112
1,7326,60.83073637455112
1,7327,60.83073637455112
1,7328,60.83073637455112
1,7329,60.83073637455112
1,7330,60.830735516118025
1,7331,60.830735516118025
1,7332,60.830735516118025
1,7333,60.830735516118025
1,7334,60.830735516118025
1,7335,60.830735516118025
1,7336,60.830735516118025
1,7337,60.830735516118025
1,7338,60.830735516118025
1,7339,60.830735516118025
1,7340,60.83073421345365
1,7341,60.83073421345365
1,7342,60.83073421345365
1,7343,60.83073421345365
1,7344,60.83073421345365
1,7345,60.83073421345365
1,7346,60.83073421345365
1,7347,60.83073421345365
1,7348,60.83073421345365
1,7349,60.83073421345365
1,7350,60.83073421345365
1,7351,60.83073421345365
1,7352,60.83073421345365
1,7353,60.83073421345365
1,7354,60.83073421345365
1,7355,60.83073142246791
1,7356,60.83073142246791
1,7357,60.83073142246791
1,7358,60.83073142246791
1,7359,60.83073142246791
1,7360,60.83073142246791
1,7361,60.83073142246791
1,7362,60.83073142246791
1,7363,60.83073142246791
1,7364,60.830728635536374
1,7365,60.830728635536374
1,7366,60.830728635536374
1,7367,60.830728635536374
1,7368,60.830728635536374
1,7369,60.830728635536374
1,7370,60.830728635536374
1,7371,60.830728635536374
1,7372,60.830728635536374
1,7373,60.830728635536374
1,7374,60.830728635536374
1,7375,60.830728635536374
1,7376,60.830728635536374
1,7377,60.830728635536374
1,7378,60.830728635536374
1,7379,60.830728635536374
1,7380,60.830728635536374
1,7381,60.830728635536374
1,7382,60.830728635536374
1,7383,60.830728635536374
1,7384,60.830728635536374
1,7385,60.83072339008815
1,7386,60.83072339008815
1,7387,60.83072339008815
1,7388,60.83072339008815
1,7389,60.83072339008815
1,7390,60.83072339008815
1,7391,60.83072339008815
1,7392,60.83072339008815
1,7393,60.83072339008815
1,7394,60.83072339008815
1,7395,60.83072339008815
1,7396,60.83072339008815
1,7397,60.83072339008815
1,7398,60.83072339008815
1,7399,60.83072339008815
1,7400,60.83072339008815
1,7401,60.83072339008815
1,7402,60.83072339008815
1,7403,60.83072339008815
1,7404,60.83072339008815
1,7405,60.83072339008815
1,7406,60.83072339008815
1,7407,60.83072339008815
1,7408,60.83072339008815
1,7409,60.83072339008815
1,7410,60.83072339008815
1,7411,60.83072339008815
1,7412,60.83072339008815
1,7413,60.83072339008815
1,7414,60.83072339008815
1,7415,60.83072339008815
1,7416,60.83072339008815
1,7417,60.83072339008815
1,7418,60.83072339008815
1,7419,60.83072339008815
1,7420,60.83072339008815
1,7421,60.83072339008815
1,7422,60.83072339008815
1,7423,60.83072339008815
1,7424,60.83072339008815
1,7425,60.83072339008815
1,7426,60.83072339008815
1,7427,60.83072339008815
1,7428,60.83072339008815
1,7429,60.83072339008815
1,7430,60.83072339008815
1,7431,60.83072339008815
1,7432,60.83072339008815
1,7433,60.83072339008815
1,7434,60.83072339008815
1,7435,60.83072339008815
1,7436,60.83072339008815
1,7437,60.83072339008815
1,7438,60.83072339008815
1,7439,60.83072339008815
1,7440,60.83072339008815
1,7441,60.83072339008815
1,7442,60.83072339008815
1,7443,60.83072339008815
1,7444,60.83072339008815
1,7445,60.83072339008815
1,7446,60.83072339008815
1,7447,60.83072339008815
1,7448,60.83072339008815
1,7449,60.83072339008815
1,7450,60.83072339008815
1,7451,60.83072339008815
1,7452,60.83072339008815
1,7453,60.83072339008815
1,7454,60.83072339008815
1,7455,60.83072339008815
1,7456,60.83072339008815
1,7457,60.83072339008815
1,7458,60.83072339008815
1,7459,60.83072339008815
1,7460,60.83072339008815
1,7461,60.83072339008815
1,7462,60.83072339008815
1,7463,60.83072339008815
1,7464,60.83072339008815
1,7465,60.83072339008815
1,7466,60.83072339008815
1,7467,60.83072339008815
1,7468,60.83072339008815
1,7469,60.83072339008815
1,7470,60.83072339008815
1,7471,60.83072339008815
1,7472,60.83072339008815
1,7473,60.830721456723474
1,7474,60.830721456723474
1,7475,60.830720730862055
1,7476,60.830720730862055
1,7477,60.830720730862055
1,7478,60.830720730862055
1,7479,60.830720730862055
1,7480,60.830720730862055
1,7481,60.830720730862055
1,7482,60.830720730862055
1,7483,60.830720730862055
1,7484,60.830720730862055
1,7485,60.830720730862055
1,7486,60.830720730862055
1,7487,60.830720730862055
1,7488,60.830720730862055
1,7489,60.830720730862055
1,7490,60.830720730862055
1,7491,60.830720730862055
1,7492,60.8307172416227
1,7493,60.8307172416227
1,7494,60.8307172416227
1,7495,60.8307172416227
1,7496,60.8307172416227
1,7497,60.8307172416227
1,7498,60.8307172416227
1,7499,60.8307172416227
1,7500,60.8307172416227
1,7501,60.8307172416227
1,7502,60.8307172416227
1,7503,60.8307172416227
1,7504,60.8307172416227
1,7505,60.8307172416227
1,7506,60.8307172416227
1,7507,60.8307172416227
1,7508,60.8307172416227
1,7509,60.8307172416227
1,7510,60.8307172416227
1,7511,60.8307172416227
1,7512,60.8307172416227
1,7513,60.8307172416227
1,7514,60.8307172416227
1,7515,60.8307172416227
1,7516,60.8307172416227
1,7517,60.8307172416227
1,7518,60.8307172416227
1,7519,60.8307172416227
1,7520,60.8307172416227
1,7521,60.8307172416227
1,7522,60.8307172416227
1,7523,60.8307172416227
1,7524,60.8307172416227
1,7525,60.8307172416227
1,7526,60.8307172416227
1,7527,60.8307172416227
1,7528,60.8307172416227
1,7529,60.83071704308411
1,7530,60.8307135542869
1,7531,60.8307135542869
1,7532,60.8307135542869
1,7533,60.8307135542869
1,7534,60.8307135542869
1,7535,60.8307135542869
1,7536,60.8307135542869
1,7537,60.8307135542869
1,7538,60.8307135542869
1,7539,60.8307135542869
1,7540,60.8307135542869
1,7541,60.8307135542869
1,7542,60.8307135542869
1,7543,60.8307135542869
1,7544,60.8307135542869
1,7545,60.8307135542869
1,7546,60.8307135542869
1,7547,60.8307135542869
1,7548,60.83071351157555
1,7549,60.83071351157555
1,7550,60.83071351157555
1,7551,60.83071351157555
1,7552,60.83071351157555
1,7553,60.83071351157555
1,7554,60.83071351157555
1,7555,60.83071351157555
1,7556,60.83071351157555
1,7557,60.83071351157555
1,7558,60.83071351157555
1,7559,60.83071351157555
1,7560,60.830712703225444
1,7561,60.830712703225444
1,7562,60.830712703225444
1,7563,60.830712703225444
1,7564,60.830712703225444
1,7565,60.830712703225444
1,7566,60.830712703225444
1,7567,60.830712703225444
1,7568,60.830712703225444
1,7569,60.830712703225444
1,7570,60.830712703225444
1,7571,60.830712703225444
1,7572,60.830712703225444
1,7573,60.830712703225444
1,7574,60.830712607270286
1,7575,60.830712607270286
1,7576,60.830712607270286
1,7577,60.830712607270286
1,7578,60.830712607270286
1,7579,60.830712607270286
1,7580,60.830712607270286
1,7581,60.830712607270286
1,7582,60.830712607270286
1,7583,60.830712607270286
1,7584,60.830712607270286
1,7585,60.830712607270286
1,7586,60.830712607270286
1,7587,60.830712607270286
1,7588,60.830712607270286
1,7589,60.830712607270286
1,7590,60.830712607270286
1,7591,60.830712607270286
1,7592,60.830712607270286
1,7593,60.830711393526954
1,7594,60.830711393526954
1,7595,60.83070990163671
1,7596,60.83070990163671
1,7597,60.83070990163671
1,7598,60.83070990163671
1,7599,60.83070990163671
1,7600,60.83070990163671
1,7601,60.83070990163671
1,7602,60.83070990163671
1,7603,60.83070990163671
1,7604,60.83070990163671
1,7605,60.83070990163671
1,7606,60.83070990163671
1,7607,60.83070990163671
1,7608,60.83070990163671
1,7609,60.83070990163671
1,7610,60.83070990163671
1,7611,60.83070990163671
1,7612,60.83070990163671
1,7613,60.83070990163671
1,7614,60.83070990163671
1,7615,60.83070990163671
1,7616,60.83070760917419
1,7617,60.83070760917419
1,7618,60.83070760917419
1,7619,60.83070760917419
1,7620,60.83070760917419
1,7621,60.83070760917419
1,7622,60.83070760917419
1,7623,60.83070760917419
1,7624,60.83070760917419
1,7625,60.83070760917419
1,7626,60.83070760917419
1,7627,60.83070760917419
1,7628,60.83070760917419
1,7629,60.83070760917419
1,7630,60.83070760917419
1,7631,60.83070760917419
1,7632,60.83070760917419
1,7633,60.83070760917419
1,7634,60.83070760917419
1,7635,60.83070760917419
1,7636,60.83070760917419
1,7637,60.83070760917419
1,7638,60.83070356961458
1,7639,60.83070356961458
1,7640,60.83070356961458
1,7641,60.83070356961458
1,7642,60.83070356961458
1,7643,60.83070180024211
1,7644,60.83070180024211
1,7645,60.83070180024211
1,7646,60.83070180024211
1,7647,60.830697365456025
1,7648,60.830697365456025
1,7649,60.830697365456025
1,7650,60.830697365456025
1,7651,60.830697365456025
1,7652,60.830697365456025
1,7653,60.830697365456025
1,7654,60.830697365456025
1,7655,60.830697365456025
1,7656,60.830697365456025
1,7657,60.830697365456025
1,7658,60.830697365456025
1,7659,60.830697365456025
1,7660,60.830697365456025
1,7661,60.830697365456025
1,7662,60.830697365456025
1,7663,60.830697365456025
1,7664,60.830697365456025
1,7665,60.830697365456025
1,7666,60.830697365456025
1,7667,60.830697365456025
1,7668,60.830697365456025
1,7669,60.830697365456025
1,7670,60.830697365456025
1,7671,60.830697365456025
1,7672,60.830697365456025
1,7673,60.830697365456025
1,7674,60.830697365456025
1,7675,60.830697365456025
1,7676,60.830697365456025
1,7677,60.830697365456025
1,7678,60.830697365456025
1,7679,60.830697365456025
1,7680,60.830697365456025
1,7681,60.830697365456025
1,7682,60.830697365456025
1,7683,60.830697365456025
1,7684,60.830697365456025
1,7685,60.830697365456025
1,7686,60.830697365456025
1,7687,60.830697365456025
1,7688,60.830697365456025
1,7689,60.830697365456025
1,7690,60.830697365456025
1,7691,60.830697365456025
1,7692,60.830697365456025
1,7693,60.830697365456025
1,7694,60.830697365456025
1,7695,60.830697365456025
1,7696,60.830697365456025
1,7697,60.830697365456025
1,7698,60.830697365456025
1,7699,60.830697365456025
1,7700,60.830697365456025
1,7701,60.830697365456025
1,7702,60.830697365456025
1,7703,60.830697365456025
1,7704,60.830697365456025
1,7705,60.830697365456025
1,7706,60.830697365456025
1,7707,60.830697365456025
1,7708,60.830697365456025
1,7709,60.830697365456025
1,7710,60.830697365456025
1,7711,60.830697365456025
1,7712,60.830697365456025
1,7713,60.830697365456025
1,7714,60.830697365456025
1,7715,60.830697365456025
1,7716,60.830697365456025
1,7717,60.830697365456025
1,7718,60.830697365456025
1,7719,60.830697365456025
1,7720,60.830697365456025
1,7721,60.830697365456025
1,7722,60.830697365456025
1,7723,60.830697365456025
1,7724,60.830697365456025
1,7725,60.830697365456025
1,7726,60.830697365456025
1,7727,60.830697365456025
1,7728,60.830697365456025
1,7729,60.830697365456025
1,7730,60.830697365456025
1,7731,60.830697365456025
1,7732,60.830697365456025
1,7733,60.830697365456025
1,7734,60.830697365456025
1,7735,60.830697365456025
1,7736,60.830697365456025
1,7737,60.830697365456025
1,7738,60.83069673283041
1,7739,60.83069673283041
1,7740,60.83069673283041
1,7741,60.83069673283041
1,7742,60.83069673283041
1,7743,60.83069673283041
1,7744,60.83069673283041
1,7745,60.83069673283041
1,7746,60.83069673283041
1,7747,60.83069673283041
1,7748,60.83069673283041
1,7749,60.83069673283041
1,7750,60.83069569077768
1,7751,60.83069569077768
1,7752,60.83069569077768
1,7753,60.83069569077768
1,7754,60.83069569077768
1,7755,60.83069569077768
1,7756,60.83069569077768
1,7757,60.83069569077768
1,7758,60.83069569077768
1,7759,60.83069569077768
1,7760,60.83069569077768
1,7761,60.8306951721908
1,7762,60.8306951721908
1,7763,60.8306951721908
1,7764,60.8306951721908
1,7765,60.8306951721908
1,7766,60.8306951721908
1,7767,60.8306951721908
1,7768,60.8306951721908
1,7769,60.8306951721908
1,7770,60.8306951721908
1,7771,60.8306951721908
1,7772,60.8306951721908
1,7773,60.8306951721908
1,7774,60.8306951721908
1,7775,60.8306951721908
1,7776,60.8306951721908
1,7777,60.8306951721908
1,7778,60.8306951721908
1,7779,60.8306951721908
1,7780,60.8306951721908
1,7781,60.8306951721908
1,7782,60.8306951721908
1,7783,60.8306951721908
1,7784,60.8306951721908
1,7785,60.8306951721908
1,7786,60.8306951721908
1,7787,60.83069428149612
1,7788,60.83069428149612
1,7789,60.83069428149612
1,7790,60.83069428149612
1,7791,60.83069428149612
1,7792,60.83069428149612
1,7793,60.83069428149612
1,7794,60.83069428149612
1,7795,60.83069428149612
1,7796,60.83069428149612
1,7797,60.83069428149612
1,7798,60.83069428149612
1,7799,60.83069428149612
1,7800,60.83069428149612
1,7801,60.83069428149612
1,7802,60.83069428149612
1,7803,60.83069428149612
1,7804,60.83069428149612
1,7805,60.83069428149612
1,7806,60.83069428149612
1,7807,60.83069428149612
1,7808,60.83069428149612
1,7809,60.83069428149612
1,7810,60.83069428149612
1,7811,60.83069428149612
1,7812,60.83069428149612
1,7813,60.83069428149612
1,7814,60.83069385580293
1,7815,60.83069385580293
1,7816,60.83069385580293
1,7817,60.83069385580293
1,7818,60.83069385580293
1,7819,60.83069385580293
1,7820,60.83069385580293
1,7821,60.83069385580293
1,7822,60.83069385580293
1,7823,60.83069385580293
1,7824,60.83069385580293
1,7825,60.83069385580293
1,7826,60.83069385580293
1,7827,60.83069385580293
1,7828,60.83069385580293
1,7829,60.83069385580293
1,7830,60.83069385580293
1,7831,60.83069385580293
1,7832,60.83069385580293
1,7833,60.83069385580293
1,7834,60.83069385580293
1,7835,60.83069385580293
1,7836,60.83069385580293
1,7837,60.83069385580293
1,7838,60.83069385580293
1,7839,60.83069385580293
1,7840,60.83069235330598
1,7841,60.830691206086875
1,7842,60.830691206086875
1,7843,60.830691206086875
1,7844,60.830691206086875
1,7845,60.830691206086875
1,7846,60.830691206086875
1,7847,60.830691206086875
1,7848,60.830691206086875
1,7849,60.830691206086875
1,7850,60.830691206086875
1,7851,60.830691206086875
1,7852,60.830691206086875
1,7853,60.830691206086875
1,7854,60.830691206086875
1,7855,60.830691206086875
1,7856,60.830691206086875
1,7857,60.830691206086875
1,7858,60.830691206086875
1,7859,60.830691206086875
1,7860,60.830691206086875
1,7861,60.830691206086875
1,7862,60.830691206086875
1,7863,60.830691206086875
1,7864,60.830691206086875
1,7865,60.830691206086875
1,7866,60.830691206086875
1,7867,60.830691206086875
1,7868,60.830691206086875
1,7869,60.830691206086875
1,7870,60.830691206086875
1,7871,60.830691206086875
1,7872,60.830691206086875
1,7873,60.830691206086875
1,7874,60.830691206086875
1,7875,60.83068816894034
1,7876,60.83068816894034
1,7877,60.83068816894034
1,7878,60.83068816894034
1,7879,60.83068816894034
1,7880,60.83068816894034
1,7881,60.83068816894034
1,7882,60.83068816894034
1,7883,60.83068816894034
1,7884,60.83068816894034
1,7885,60.83068816894034
1,7886,60.83068816894034
1,7887,60.83068816894034
1,7888,60.83068816894034
1,7889,60.83068816894034
1,7890,60.83068816894034
1,7891,60.83068816894034
1,7892,60.83068816894034
1,7893,60.83068816894034
1,7894,60.83068816894034
1,7895,60.83068816894034
1,7896,60.83068816894034
1,7897,60.83068816894034
1,7898,60.83068816894034
1,7899,60.83068816894034
1,7900,60.83068816894034
1,7901,60.83068816894034
1,7902,60.83068816894034
1,7903,60.83068816894034
1,7904,60.83068816894034
1,7905,60.83068816894034
1,7906,60.83068816894034
1,7907,60.83068816894034
1,7908,60.83068816894034
1,7909,60.83068816894034
1,7910,60.83068816894034
1,7911,60.83068816894034
1,7912,60.83068816894034
1,7913,60.83068816894034
1,7914,60.83068816894034
1,7915,60.83068816894034
1,7916,60.83068816894034
1,7917,60.83068816894034
1,7918,60.83068816894034
1,7919,60.83068816894034
1,7920,60.83068816894034
1,7921,60.83068816894034
1,7922,60.830687416393864
1,7923,60.830687416393864
1,7924,60.830687416393864
1,7925,60.830687416393864
1,7926,60.830687416393864
1,7927,60.830687416393864
1,7928,60.830687416393864
1,7929,60.830687416393864
1,7930,60.830687416393864
1,7931,60.830687416393864
1,7932,60.830687416393864
1,7933,60.830687416393864
1,7934,60.830687416393864
1,7935,60.830687416393864
1,7936,60.830687416393864
1,7937,60.830687416393864
1,7938,60.830687416393864
1,7939,60.830687416393864
1,7940,60.830687416393864
1,7941,60.83068660073091
1,7942,60.83068660073091
1,7943,60.83068660073091
1,7944,60.83068660073091
1,7945,60.83068660073091
1,7946,60.83068660073091
1,7947,60.83068660073091
1,7948,60.83068660073091
1,7949,60.83068660073091
1,7950,60.83068660073091
1,7951,60.83068660073091
1,7952,60.83068660073091
1,7953,60.83068660073091
1,7954,60.83068411086018
1,7955,60.83068411086018
1,7956,60.83068411086018
1,7957,60.83068411086018
1,7958,60.83068411086018
1,7959,60.83068411086018
1,7960,60.83068411086018
1,7961,60.83068411086018
1,7962,60.83068411086018
1,7963,60.83068411086018
1,7964,60.83068411086018
1,7965,60.83068411086018
1,7966,60.83068411086018
1,7967,60.83068411086018
1,7968,60.83068411086018
1,7969,60.83068411086018
1,7970,60.83068411086018
1,7971,60.83068411086018
1,7972,60.83068411086018
1,7973,60.83068411086018
1,7974,60.83068411086018
1,7975,60.83068411086018
1,7976,60.83068411086018
1,7977,60.83068411086018
1,7978,60.83068411086018
1,7979,60.83068411086018
1,7980,60.83068411086018
1,7981,60.830683610138905
1,7982,60.830683610138905
1,7983,60.83068343261517
1,7984,60.83068343261517
1,7985,60.8306827062504
1,7986,60.8306827062504
1,7987,60.8306827062504
1,7988,60.8306827062504
1,7989,60.8306827062504
1,7990,60.8306827062504
1,7991,60.8306827062504
1,7992,60.8306827062504
1,7993,60.8306827062504
1,7994,60.83068105351389
1,7995,60.83068105351389
1,7996,60.83068105351389
1,7997,60.83068105351389
1,7998,60.83068105351389
1,7999,60.83068105351389
1,8000,60.83068105351389
1,8001,60.83068105351389
1,8002,60.83068105351389
1,8003,60.83068105351389
1,8004,60.83068105351389
1,8005,60.83068105351389
1,8006,60.83068105351389
1,8007,60.83068105351389
1,8008,60.83068105351389
1,8009,60.83068105351389
1,8010,60.83068105351389
1,8011,60.83068105351389
1,8012,60.83068105351389
1,8013,60.83068105351389
1,8014,60.83068105351389
1,8015,60.83068105351389
1,8016,60.83068105351389
1,8017,60.83068105351389
1,8018,60.83068105351389
1,8019,60.83068105351389
1,8020,60.83068105351389
1,8021,60.83068105351389
1,8022,60.83068105351389
1,8023,60.83068105351389
1,8024,60.83068105351389
1,8025,60.83068105351389
1,8026,60.83068105351389
1,8027,60.83068105351389
1,8028,60.83068105351389
1,8029,60.83068105351389
1,8030,60.83068105351389
1,8031,60.83068105351389
1,8032,60.83068105351389
1,8033,60.83068105351389
1,8034,60.83068105351389
1,8035,60.83068105351389
1,8036,60.83068105351389
1,8037,60.83068105351389
1,8038,60.830680015814316
1,8039,60.830680015814316
1,8040,60.830680015814316
1,8041,60.830680015814316
1,8042,60.830680015814316
1,8043,60.830680015814316
1,8044,60.830680015814316
1,8045,60.830680015814316
1,8046,60.830680015814316
1,8047,60.830680015814316
1,8048,60.830680015814316
1,8049,60.830680015814316
1,8050,60.830680015814316
1,8051,60.830680015814316
1,8052,60.830680015814316
1,8053,60.830680015814316
1,8054,60.830680015814316
1,8055,60.830680015814316
1,8056,60.830680015814316
1,8057,60.830680015814316
1,8058,60.83067917357755
1,8059,60.83067917357755
1,8060,60.83067917357755
1,8061,60.83067917357755
1,8062,60.83067917357755
1,8063,60.83067917357755
1,8064,60.83067917357755
1,8065,60.83067917357755
1,8066,60.83067917357755
1,8067,60.83067917357755
1,8068,60.83067917357755
1,8069,60.83067917357755
1,8070,60.83067917357755
1,8071,60.83067917357755
1,8072,60.83067917357755
1,8073,60.83067917357755
1,8074,60.83067917357755
1,8075,60.83067917357755
1,8076,60.83067917357755
1,8077,60.83067917357755
1,8078,60.83067917357755
1,8079,60.83067917357755
1,8080,60.83067917357755
1,8081,60.83067708070238
1,8082,60.83067708070238
1,8083,60.83067708070238
1,8084,60.830675765573844
1,8085,60.830675765573844
1,8086,60.830675765573844
1,8087,60.830675765573844
1,8088,60.830675765573844
1,8089,60.830675765573844
1,8090,60.830675765573844
1,8091,60.830675765573844
1,8092,60.830675765573844
1,8093,60.830675765573844
1,8094,60.830675765573844
1,8095,60.830675765573844
1,8096,60.830675765573844
1,8097,60.830675765573844
1,8098,60.830675765573844
1,8099,60.830675765573844
1,8100,60.830675765573844
1,8101,60.830675765573844
1,8102,60.830675765573844
1,8103,60.830675765573844
1,8104,60.830675765573844
1,8105,60.830675765573844
1,8106,60.830675765573844
1,8107,60.830675765573844
1,8108,60.830675765573844
1,8109,60.830675765573844
1,8110,60.830675765573844
1,8111,60.830675765573844
1,8112,60.830675765573844
1,8113,60.830675765573844
1,8114,60.830675765573844
1,8115,60.830675765573844
1,8116,60.830675765573844
1,8117,60.83067534739851
1,8118,60.83067534739851
1,8119,60.83067534739851
1,8120,60.83067534739851
1,8121,60.83067534739851
1,8122,60.83067534739851
1,8123,60.83067534739851
1,8124,60.83067534739851
1,8125,60.83067534739851
1,8126,60.83067534739851
1,8127,60.83067534739851
1,8128,60.83067534739851
1,8129,60.83067534739851
1,8130,60.83067534739851
1,8131,60.83067534739851
1,8132,60.83067534739851
1,8133,60.83067534739851
1,8134,60.83067534739851
1,8135,60.83067534739851
1,8136,60.83067534739851
1,8137,60.83067501286326
1,8138,60.83067501286326
1,8139,60.83067501286326
1,8140,60.83067501286326
1,8141,60.83067331944028
1,8142,60.83067331944028
1,8143,60.83067331944028
1,8144,60.83067331944028
1,8145,60.83067331944028
1,8146,60.83067257971926
1,8147,60.83067257971926
1,8148,60.830671580551694
1,8149,60.830671580551694
1,8150,60.830671580551694
1,8151,60.830671580551694
1,8152,60.830671580551694
1,8153,60.830671580551694
1,8154,60.830671580551694
1,8155,60.830671580551694
1,8156,60.830671580551694
1,8157,60.830671580551694
1,8158,60.830671580551694
1,8159,60.830671580551694
1,8160,60.830671580551694
1,8161,60.830671580551694
1,8162,60.830671580551694
1,8163,60.830671580551694
1,8164,60.830671580551694
1,8165,60.830671580551694
1,8166,60.830671580551694
1,8167,60.830671580551694
1,8168,60.830671580551694
1,8169,60.830671580551694
1,8170,60.830671580551694
1,8171,60.830671580551694
1,8172,60.83067110085461
1,8173,60.83067110085461
1,8174,60.83067110085461
1,8175,60.83067110085461
1,8176,60.83067110085461
1,8177,60.83067110085461
1,8178,60.83067110085461
1,8179,60.83067110085461
1,8180,60.83067110085461
1,8181,60.83067110085461
1,8182,60.83067110085461
1,8183,60.83067110085461
1,8184,60.83067110085461
1,8185,60.83067110085461
1,8186,60.83067110085461
1,8187,60.83067110085461
1,8188,60.83067110085461
1,8189,60.83067110085461
1,8190,60.83066952048938
1,8191,60.83066952048938
1,8192,60.83066952048938
1,8193,60.83066952048938
1,8194,60.83066952048938
1,8195,60.83066952048938
1,8196,60.83066952048938
1,8197,60.83066952048938
1,8198,60.83066952048938
1,8199,60.83066952048938
1,8200,60.83066952048938
1,8201,60.83066952048938
1,8202,60.83066952048938
1,8203,60.83066952048938
1,8204,60.83066952048938
1,8205,60.83066952048938
1,8206,60.83066952048938
1,8207,60.83066952048938
1,8208,60.83066952048938
1,8209,60.83066952048938
1,8210,60.83066952048938
1,8211,60.83066952048938
1,8212,60.83066952048938
1,8213,60.83066952048938
1,8214,60.83066952048938
1,8215,60.83066952048938
1,8216,60.83066952048938
1,8217,60.83066952048938
1,8218,60.83066952048938
1,8219,60.83066952048938
1,8220,60.8306693107728
1,8221,60.8306693107728
1,8222,60.8306693107728
1,8223,60.8306693107728
1,8224,60.8306693107728
1,8225,60.8306693107728
1,8226,60.8306693107728
1,8227,60.8306693107728
1,8228,60.8306693107728
1,8229,60.830668985620335
1,8230,60.830668985620335
1,8231,60.830668985620335
1,8232,60.830668985620335
1,8233,60.830668985620335
1,8234,60.830668985620335
1,8235,60.830668985620335
1,8236,60.830668985620335
1,8237,60.830668985620335
1,8238,60.83066870933888
1,8239,60.83066870933888
1,8240,60.83066870933888
1,8241,60.83066870933888
1,8242,60.83066870933888
1,8243,60.83066870933888
1,8244,60.83066870933888
1,8245,60.83066870933888
1,8246,60.83066809735058
1,8247,60.83066809735058
1,8248,60.83066809735058
1,8249,60.83066809735058
1,8250,60.83066809735058
1,8251,60.83066809735058
1,8252,60.83066809735058
1,8253,60.83066809735058
1,8254,60.83066809735058
1,8255,60.83066809735058
1,8256,60.83066809735058
1,8257,60.83066809735058
1,8258,60.83066702757868
1,8259,60.83066702757868
1,8260,60.83066702757868
1,8261,60.83066702757868
1,8262,60.83066702757868
1,8263,60.83066702757868
1,8264,60.83066702757868
1,8265,60.83066702757868
1,8266,60.83066702757868
1,8267,60.83066702757868
1,8268,60.83066702757868
1,8269,60.83066702757868
1,8270,60.83066702757868
1,8271,60.83066702757868
1,8272,60.83066702757868
1,8273,60.83066702757868
1,8274,60.83066702757868
1,8275,60.83066702757868
1,8276,60.83066702757868
1,8277,60.83066702757868
1,8278,60.83066702757868
1,8279,60.83066702757868
1,8280,60.83066702757868
1,8281,60.83066702757868
1,8282,60.83066702757868
1,8283,60.83066679754178
1,8284,60.83066679754178
1,8285,60.83066679754178
1,8286,60.83066679754178
1,8287,60.83066403091166
1,8288,60.83066403091166
1,8289,60.83066403091166
1,8290,60.83066403091166
1,8291,60.83066403091166
1,8292,60.83066403091166
1,8293,60.83066403091166
1,8294,60.83066403091166
1,8295,60.83066403091166
1,8296,60.83066403091166
1,8297,60.83066403091166
1,8298,60.83066403091166
1,8299,60.83066403091166
1,8300,60.83066232322609
1,8301,60.83066232322609
1,8302,60.83066209898736
1,8303,60.83066209898736
1,8304,60.83066209898736
1,8305,60.83066209898736
1,8306,60.83066192512416
1,8307,60.83066192512416
1,8308,60.83066192512416
1,8309,60.83066192512416
1,8310,60.83066192512416
1,8311,60.83066192512416
1,8312,60.83066192512416
1,8313,60.83066192512416
1,8314,60.83066192512416
1,8315,60.83066192512416
1,8316,60.83066192512416
1,8317,60.83066192512416
1,8318,60.83066192512416
1,8319,60.83066192512416
1,8320,60.83066192512416
1,8321,60.83066192512416
1,8322,60.830661340860594
1,8323,60.830661340860594
1,8324,60.830660411231754
1,8325,60.830660411231754
1,8326,60.830660411231754
1,8327,60.830660411231754
1,8328,60.830660411231754
1,8329,60.830660411231754
1,8330,60.830660411231754
1,8331,60.83065777364705
1,8332,60.83065777364705
1,8333,60.83065777364705
1,8334,60.83065777364705
1,8335,60.83065777364705
1,8336,60.83065777364705
1,8337,60.83065777364705
1,8338,60.83065777364705
1,8339,60.83065777364705
1,8340,60.83065777364705
1,8341,60.83065777364705
1,8342,60.83065777364705
1,8343,60.83065777364705
1,8344,60.83065777364705
1,8345,60.83065777364705
1,8346,60.83065777364705
1,8347,60.83065777364705
1,8348,60.83065777364705
1,8349,60.83065777364705
1,8350,60.83065777364705
1,8351,60.83065777364705
1,8352,60.83065777364705
1,8353,60.83065777364705
1,8354,60.83065777364705
1,8355,60.83065777364705
1,8356,60.83065777364705
1,8357,60.83065777364705
1,8358,60.83065777364705
1,8359,60.83065777364705
1,8360,60.83065777364705
1,8361,60.83065777364705
1,8362,60.83065777364705
1,8363,60.83065777364705
1,8364,60.83065777364705
1,8365,60.83065777364705
1,8366,60.83065777364705
1,8367,60.83065777364705
1,8368,60.83065777364705
1,8369,60.83065777364705
1,8370,60.83065777364705
1,8371,60.83065777364705
1,8372,60.83065777364705
1,8373,60.83065777364705
1,8374,60.83065777364705
1,8375,60.83065777364705
1,8376,60.83065777364705
1,8377,60.83065777364705
1,8378,60.83065777364705
1,8379,60.83065777364705
1,8380,60.83065777364705
1,8381,60.83065777364705
1,8382,60.83065777364705
1,8383,60.83065777364705
1,8384,60.83065777364705
1,8385,60.83065777364705
1,8386,60.83065777364705
1,8387,60.83065777364705
1,8388,60.83065777364705
1,8389,60.83065777364705
1,8390,60.83065777364705
1,8391,60.83065777364705
1,8392,60.83065777364705
1,8393,60.83065777364705
1,8394,60.83065777364705
1,8395,60.83065777364705
1,8396,60.83065777364705
1,8397,60.83065777364705
1,8398,60.83065548473723
1,8399,60.83065548473723
1,8400,60.83065548473723
1,8401,60.83065548473723
1,8402,60.83065548473723
1,8403,60.83065548473723
1,8404,60.83065548473723
1,8405,60.83065548473723
1,8406,60.83065548473723
1,8407,60.83065548473723
1,8408,60.83065548473723
1,8409,60.83065548473723
1,8410,60.83065548473723
1,8411,60.83065548473723
1,8412,60.83065548473723
1,8413,60.83065548473723
1,8414,60.83065548473723
1,8415,60.83065548473723
1,8416,60.83065548473723
1,8417,60.83065548473723
1,8418,60.83065548473723
1,8419,60.83065548473723
1,8420,60.83065548473723
1,8421,60.83065548473723
1,8422,60.83065548473723
1,8423,60.83065548473723
1,8424,60.83065548473723
1,8425,60.83065548473723
1,8426,60.83065548473723
1,8427,60.83065548473723
1,8428,60.83065548473723
1,8429,60.83065548473723
1,8430,60.83065548473723
1,8431,60.83065522782936
1,8432,60.83065522782936
1,8433,60.83065522782936
1,8434,60.83065522782936
1,8435,60.83065522782936
1,8436,60.83065522782936
1,8437,60.83065522782936
1,8438,60.83065522782936
1,8439,60.83065522782936
1,8440,60.83065522782936
1,8441,60.83065522782936
1,8442,60.83065522782936
1,8443,60.83065522782936
1,8444,60.83065522782936
1,8445,60.83065522782936
1,8446,60.83065522782936
1,8447,60.83065522782936
1,8448,60.83065522782936
1,8449,60.83065522782936
1,8450,60.83065522782936
1,8451,60.83065522782936
1,8452,60.83065522782936
1,8453,60.83065522782936
1,8454,60.83065522782936
1,8455,60.83065394357953
1,8456,60.83065394357953
1,8457,60.83065394357953
1,8458,60.83065394357953
1,8459,60.83065394357953
1,8460,60.83065394357953
1,8461,60.83065394357953
1,8462,60.830652859120235
1,8463,60.830652859120235
1,8464,60.830652859120235
1,8465,60.830652859120235
1,8466,60.830652859120235
1,8467,60.830652859120235
1,8468,60.830652859120235
1,8469,60.830652859120235
1,8470,60.830652859120235
1,8471,60.830652859120235
1,8472,60.830652859120235
1,8473,60.830652859120235
1,8474,60.830652859120235
1,8475,60.830652859120235
1,8476,60.830652859120235
1,8477,60.830652859120235
1,8478,60.830652859120235
1,8479,60.830652859120235
1,8480,60.830652859120235
1,8481,60.830652859120235
1,8482,60.830652859120235
1,8483,60.830652859120235
1,8484,60.830652859120235
1,8485,60.830652859120235
1,8486,60.830652859120235
1,8487,60.830652859120235
1,8488,60.830652859120235
1,8489,60.830652859120235
1,8490,60.830652859120235
1,8491,60.830652859120235
1,8492,60.830652859120235
1,8493,60.830652859120235
1,8494,60.830652859120235
1,8495,60.830652859120235
1,8496,60.830652859120235
1,8497,60.830652859120235
1,8498,60.830652859120235
1,8499,60.830652859120235
1,8500,60.830652859120235
1,8501,60.830652859120235
1,8502,60.830652859120235
1,8503,60.830652859120235
1,8504,60.830652859120235
1,8505,60.830652859120235
1,8506,60.830652859120235
1,8507,60.830652859120235
1,8508,60.830652859120235
1,8509,60.830652859120235
1,8510,60.830652859120235
1,8511,60.830652859120235
1,8512,60.830652859120235
1,8513,60.830652859120235
1,8514,60.830652859120235
1,8515,60.830652859120235
1,8516,60.830652859120235
1,8517,60.830652859120235
1,8518,60.830652859120235
1,8519,60.830652859120235
1,8520,60.830652859120235
1,8521,60.830652859120235
1,8522,60.830652859120235
1,8523,60.830652859120235
1,8524,60.830652859120235
1,8525,60.830652859120235
1,8526,60.830652859120235
1,8527,60.830652859120235
1,8528,60.830652859120235
1,8529,60.830652859120235
1,8530,60.830652859120235
1,8531,60.830652859120235
1,8532,60.830652859120235
1,8533,60.830652859120235
1,8534,60.830652859120235
1,8535,60.830652859120235
1,8536,60.830652859120235
1,8537,60.830652859120235
1,8538,60.830652859120235
1,8539,60.830652859120235
1,8540,60.830652859120235
1,8541,60.830652859120235
1,8542,60.830652859120235
1,8543,60.830652859120235
1,8544,60.830651713872484
1,8545,60.830651713872484
1,8546,60.830651713872484
1,8547,60.830651713872484
1,8548,60.830651713872484
1,8549,60.830651713872484
1,8550,60.830651713872484
1,8551,60.830651713872484
1,8552,60.830651713872484
1,8553,60.830651713872484
1,8554,60.830651713872484
1,8555,60.830650204009096
1,8556,60.830650204009096
1,8557,60.830650204009096
1,8558,60.830650204009096
1,8559,60.830650204009096
1,8560,60.830650204009096
1,8561,60.830650204009096
1,8562,60.830650204009096
1,8563,60.830650204009096
1,8564,60.830650204009096
1,8565,60.830650204009096
1,8566,60.830650204009096
1,8567,60.830650204009096
1,8568,60.830650204009096
1,8569,60.830650204009096
1,8570,60.83064974071395
1,8571,60.83064974071395
1,8572,60.83064974071395
1,8573,60.83064974071395
1,8574,60.83064974071395
1,8575,60.83064974071395
1,8576,60.83064974071395
1,8577,60.83064974071395
1,8578,60.83064974071395
1,8579,60.83064974071395
1,8580,60.830649657528134
1,8581,60.830649657528134
1,8582,60.830649657528134
1,8583,60.830649657528134
1,8584,60.830649657528134
1,8585,60.830649657528134
1,8586,60.830649657528134
1,8587,60.830649657528134
1,8588,60.830649657528134
1,8589,60.830649657528134
1,8590,60.83064899650591
1,8591,60.83064899650591
1,8592,60.83064899650591
1,8593,60.83064890142227
1,8594,60.83064890142227
1,8595,60.83064890142227
1,8596,60.83064890142227
1,8597,60.83064890142227
1,8598,60.83064890142227
1,8599,60.83064890142227
1,8600,60.83064890142227
1,8601,60.83064890142227
1,8602,60.83064890142227
1,8603,60.83064890142227
1,8604,60.83064890142227
1,8605,60.83064890142227
1,8606,60.83064890142227
1,8607,60.83064890142227
1,8608,60.83064890142227
1,8609,60.83064890142227
1,8610,60.83064890142227
1,8611,60.83064890142227
1,8612,60.83064890142227
1,8613,60.83064890142227
1,8614,60.83064890142227
1,8615,60.83064890142227
1,8616,60.83064890142227
1,8617,60.830648893994365
1,8618,60.830648893994365
1,8619,60.830648893994365
1,8620,60.830648893994365
1,8621,60.830648893994365
1,8622,60.830648893994365
1,8623,60.830648893994365
1,8624,60.830647801013654
1,8625,60.830647801013654
1,8626,60.830647801013654
1,8627,60.830647801013654
1,8628,60.830647801013654
1,8629,60.830647801013654
1,8630,60.830647801013654
1,8631,60.830647801013654
1,8632,60.830647801013654
1,8633,60.830647539683454
1,8634,60.830647539683454
1,8635,60.830647539683454
1,8636,60.830647539683454
1,8637,60.830647539683454
1,8638,60.830647539683454
1,8639,60.830647539683454
1,8640,60.830647539683454
1,8641,60.830647539683454
1,8642,60.830647539683454
1,8643,60.830647539683454
1,8644,60.830647539683454
1,8645,60.830647539683454
1,8646,60.830647539683454
1,8647,60.830647539683454
1,8648,60.830647539683454
1,8649,60.830647539683454
1,8650,60.830647539683454
1,8651,60.830647539683454
1,8652,60.830647539683454
1,8653,60.83064630884665
1,8654,60.83064630884665
1,8655,60.83064630884665
1,8656,60.83064630884665
1,8657,60.83064630884665
1,8658,60.83064630884665
1,8659,60.83064630884665
1,8660,60.83064630884665
1,8661,60.83064630884665
1,8662,60.83064630884665
1,8663,60.83064630884665
1,8664,60.83064630884665
1,8665,60.83064630884665
1,8666,60.83064630884665
1,8667,60.83064630884665
1,8668,60.83064630884665
1,8669,60.83064630884665
1,8670,60.83064630884665
1,8671,60.83064630884665
1,8672,60.830645038199414
1,8673,60.830645038199414
1,8674,60.830645038199414
1,8675,60.830645038199414
1,8676,60.830645038199414
1,8677,60.830645038199414
1,8678,60.830645038199414
1,8679,60.830645038199414
1,8680,60.830645038199414
1,8681,60.830645038199414
1,8682,60.830645038199414
1,8683,60.830645038199414
1,8684,60.830645038199414
1,8685,60.830645038199414
1,8686,60.830645038199414
1,8687,60.830645038199414
1,8688,60.830645038199414
1,8689,60.830645038199414
1,8690,60.830645038199414
1,8691,60.830645038199414
1,8692,60.830645038199414
1,8693,60.830645038199414
1,8694,60.830645038199414
1,8695,60.830645038199414
1,8696,60.830645038199414
1,8697,60.830645038199414
1,8698,60.830645038199414
1,8699,60.830645038199414
1,8700,60.830645038199414
1,8701,60.830645038199414
1,8702,60.830645038199414
1,8703,60.830645038199414
1,8704,60.830645038199414
1,8705,60.830645038199414
1,8706,60.830645038199414
1,8707,60.830645038199414
1,8708,60.830645038199414
1,8709,60.830645038199414
1,8710,60.830645038199414
1,8711,60.830645038199414
1,8712,60.830645038199414
1,8713,60.830645038199414
1,8714,60.830645038199414
1,8715,60.830645038199414
1,8716,60.830645038199414
1,8717,60.830645038199414
1,8718,60.830645038199414
1,8719,60.830645038199414
1,8720,60.830645038199414
1,8721,60.830645038199414
1,8722,60.830645038199414
1,8723,60.830645038199414
1,8724,60.830645038199414
1,8725,60.830645038199414
1,8726,60.830645038199414
1,8727,60.8306436980417
1,8728,60.8306436980417
1,8729,60.8306436980417
1,8730,60.8306436980417
1,8731,60.8306436980417
1,8732,60.8306436980417
1,8733,60.8306436980417
1,8734,60.8306436980417
1,8735,60.8306436980417
1,8736,60.8306436980417
1,8737,60.8306436980417
1,8738,60.8306436980417
1,8739,60.8306436980417
1,8740,60.8306436980417
1,8741,60.8306436980417
1,8742,60.8306436980417
1,8743,60.8306436980417
1,8744,60.8306436980417
1,8745,60.8306436980417
1,8746,60.8306436980417
1,8747,60.8306436980417
1,8748,60.8306436980417
1,8749,60.8306436980417
1,8750,60.8306436980417
1,8751,60.8306436980417
1,8752,60.8306436980417
1,8753,60.8306436980417
1,8754,60.8306436980417
1,8755,60.8306436980417
1,8756,60.8306436980417
1,8757,60.8306436980417
1,8758,60.8306436980417
1,8759,60.8306436980417
1,8760,60.8306436980417
1,8761,60.8306436980417
1,8762,60.8306436980417
1,8763,60.83064311529303
1,8764,60.830642904194505
1,8765,60.830642904194505
1,8766,60.830642904194505
1,8767,60.830642904194505
1,8768,60.830642904194505
1,8769,60.830642904194505
1,8770,60.83064230252912
1,8771,60.83064230252912
1,8772,60.83064230252912
1,8773,60.83064230252912
1,8774,60.83064230252912
1,8775,60.83064230252912
1,8776,60.83064230252912
1,8777,60.83064230252912
1,8778,60.83064230252912
1,8779,60.83064230252912
1,8780,60.83064230252912
1,8781,60.83064230252912
1,8782,60.83064230252912
1,8783,60.83064230252912
1,8784,60.83064230252912
1,8785,60.83064230252912
1,8786,60.83064230252912
1,8787,60.83064230252912
1,8788,60.83064230252912
1,8789,60.83064230252912
1,8790,60.83064230252912
1,8791,60.83064230252912
1,8792,60.83064230252912
1,8793,60.83064230252912
1,8794,60.83064230252912
1,8795,60.83064230252912
1,8796,60.83064230252912
1,8797,60.83064230252912
1,8798,60.83064230252912
1,8799,60.83064230252912
1,8800,60.83064208157363
1,8801,60.83064208157363
1,8802,60.83064208157363
1,8803,60.83064208157363
1,8804,60.83064208157363
1,8805,60.83064208157363
1,8806,60.83064208157363
1,8807,60.83064208157363
1,8808,60.83064208157363
1,8809,60.83064172719357
1,8810,60.83064172719357
1,8811,60.83064172719357
1,8812,60.83064172719357
1,8813,60.83064172719357
1,8814,60.830641666777446
1,8815,60.830641666777446
1,8816,60.830641666777446
1,8817,60.830641666777446
1,8818,60.830641666777446
1,8819,60.830641666777446
1,8820,60.830641666777446
1,8821,60.830641666777446
1,8822,60.830641666777446
1,8823,60.83063831440892
1,8824,60.83063831440892
1,8825,60.83063831440892
1,8826,60.83063831440892
1,8827,60.83063831440892
1,8828,60.83063831440892
1,8829,60.83063831440892
1,8830,60.83063831440892
1,8831,60.83063831440892
1,8832,60.83063831440892
1,8833,60.83063831440892
1,8834,60.83063831440892
1,8835,60.83063831440892
1,8836,60.83063831440892
1,8837,60.83063831440892
1,8838,60.83063831440892
1,8839,60.83063831440892
1,8840,60.83063831440892
1,8841,60.83063831440892
1,8842,60.83063831440892
1,8843,60.83063831440892
1,8844,60.83063831440892
1,8845,60.83063831440892
1,8846,60.83063831440892
1,8847,60.83063831440892
1,8848,60.83063831440892
1,8849,60.83063831440892
1,8850,60.83063831440892
1,8851,60.83063831440892
1,8852,60.83063831440892
1,8853,60.83063831440892
1,8854,60.83063831440892
1,8855,60.83063831440892
1,8856,60.83063831440892
1,8857,60.83063831440892
1,8858,60.83063831440892
1,8859,60.83063831440892
1,8860,60.83063831440892
1,8861,60.83063831440892
1,8862,60.83063831440892
1,8863,60.83063831440892
1,8864,60.83063831440892
1,8865,60.83063831440892
1,8866,60.83063732559003
1,8867,60.83063732559003
1,8868,60.83063732559003
1,8869,60.83063732559003
1,8870,60.83063732559003
1,8871,60.83063732559003
1,8872,60.83063732559003
1,8873,60.83063732559003
1,8874,60.83063732559003
1,8875,60.83063732559003
1,8876,60.83063732559003
1,8877,60.83063732559003
1,8878,60.83063732559003
1,8879,60.83063732559003
1,8880,60.83063732559003
1,8881,60.83063732559003
1,8882,60.83063732559003
1,8883,60.83063732559003
1,8884,60.83063732559003
1,8885,60.83063732559003
1,8886,60.83063732559003
1,8887,60.83063732559003
1,8888,60.83063732559003
1,8889,60.83063732559003
1,8890,60.83063732559003
1,8891,60.83063732559003
1,8892,60.83063732559003
1,8893,60.83063732559003
1,8894,60.83063732559003
1,8895,60.83063732559003
1,8896,60.83063732559003
1,8897,60.83063732559003
1,8898,60.83063732559003
1,8899,60.83063732559003
1,8900,60.83063639974912
1,8901,60.83063639974912
1,8902,60.83063639974912
1,8903,60.83063639974912
1,8904,60.83063639974912
1,8905,60.83063639974912
1,8906,60.83063639974912
1,8907,60.83063639974912
1,8908,60.83063639974912
1,8909,60.83063639974912
1,8910,60.83063639974912
1,8911,60.83063639974912
1,8912,60.83063639974912
1,8913,60.83063639974912
1,8914,60.83063639974912
1,8915,60.83063639974912
1,8916,60.83063639974912
1,8917,60.83063639974912
1,8918,60.83063639974912
1,8919,60.830634971940526
1,8920,60.830634971940526
1,8921,60.830634971940526
1,8922,60.830634971940526
1,8923,60.830634971940526
1,8924,60.830634971940526
1,8925,60.830634971940526
1,8926,60.830634971940526
1,8927,60.830634971940526
1,8928,60.830634971940526
1,8929,60.830634971940526
1,8930,60.830634971940526
1,8931,60.830634971940526
1,8932,60.830634971940526
1,8933,60.830634971940526
1,8934,60.830634971940526
1,8935,60.830634971940526
1,8936,60.830634971940526
1,8937,60.830634971940526
1,8938,60.830634971940526
1,8939,60.830634971940526
1,8940,60.830634971940526
1,8941,60.830634971940526
1,8942,60.830634971940526
1,8943,60.830634971940526
1,8944,60.830634971940526
1,8945,60.830634971940526
1,8946,60.830634971940526
1,8947,60.830634971940526
1,8948,60.830634971940526
1,8949,60.830633467871294
1,8950,60.830633467871294
1,8951,60.830633467871294
1,8952,60.830633467871294
1,8953,60.830633467871294
1,8954,60.830633467871294
1,8955,60.830633467871294
1,8956,60.830633467871294
1,8957,60.830633467871294
1,8958,60.830633467871294
1,8959,60.830633467871294
1,8960,60.830633467871294
1,8961,60.830633467871294
1,8962,60.830633467871294
1,8963,60.830633467871294
1,8964,60.830633467871294
1,8965,60.830633467871294
1,8966,60.830633467871294
1,8967,60.830633467871294
1,8968,60.830633467871294
1,8969,60.830633467871294
1,8970,60.830633467871294
1,8971,60.830633467871294
1,8972,60.830633467871294
1,8973,60.830633467871294
1,8974,60.830633467871294
1,8975,60.830633467871294
1,8976,60.830633467871294
1,8977,60.830633467871294
1,8978,60.830633467871294
1,8979,60.830633467871294
1,8980,60.830633467871294
1,8981,60.830633467871294
1,8982,60.830633467871294
1,8983,60.830633467871294
1,8984,60.830633467871294
1,8985,60.830633467871294
1,8986,60.83063164506005
1,8987,60.83063164506005
1,8988,60.83063164506005
1,8989,60.83063164506005
1,8990,60.83063164506005
1,8991,60.83063164506005
1,8992,60.83063164506005
1,8993,60.83063164506005
1,8994,60.83063164506005
1,8995,60.83063164506005
1,8996,60.83063164506005
1,8997,60.83063164506005
1,8998,60.83063164506005
1,8999,60.83063164506005
1,9000,60.83063164506005
1,9001,60.83063164506005
1,9002,60.83063164506005
1,9003,60.83063164506005
1,9004,60.83063164506005
1,9005,60.83063164506005
1,9006,60.83063164506005
1,9007,60.83063164506005
1,9008,60.83063164506005
1,9009,60.83063164506005
1,9010,60.83063164506005
1,9011,60.83063164506005
1,9012,60.83063164506005
1,9013,60.83063164506005
1,9014,60.83063164506005
1,9015,60.83063164506005
1,9016,60.83063164506005
1,9017,60.83063164506005
1,9018,60.83063164506005
1,9019,60.83063164506005
1,9020,60.83063164506005
1,9021,60.83063164506005
1,9022,60.83063164506005
1,9023,60.83063164506005
1,9024,60.83063164506005
1,9025,60.83063164506005
1,9026,60.83063164506005
1,9027,60.83063135088359
1,9028,60.83063135088359
1,9029,60.83063135088359
1,9030,60.83063135088359
1,9031,60.83063135088359
1,9032,60.83063135088359
1,9033,60.83063135088359
1,9034,60.83063135088359
1,9035,60.83063135088359
1,9036,60.83063135088359
1,9037,60.83063097631657
1,9038,60.83063097631657
1,9039,60.83063097631657
1,9040,60.83063097631657
1,9041,60.83063097631657
1,9042,60.83063097631657
1,9043,60.83063097631657
1,9044,60.83063097631657
1,9045,60.83063097631657
1,9046,60.83063097631657
1,9047,60.83063097631657
1,9048,60.83063097631657
1,9049,60.83063033643787
1,9050,60.83063033643787
1,9051,60.83063033643787
1,9052,60.83063033643787
1,9053,60.83063033643787
1,9054,60.83063033643787
1,9055,60.83063033643787
1,9056,60.83063033643787
1,9057,60.83063033643787
1,9058,60.83063033643787
1,9059,60.83063033643787
1,9060,60.83063033643787
1,9061,60.83063033643787
1,9062,60.83063033643787
1,9063,60.83063033643787
1,9064,60.83063033643787
1,9065,60.83063033643787
1,9066,60.83063033643787
1,9067,60.83063033643787
1,9068,60.83063033643787
1,9069,60.83063033643787
1,9070,60.83063033643787
1,9071,60.83063033643787
1,9072,60.83063033643787
1,9073,60.83063033643787
1,9074,60.83063033643787
1,9075,60.83063033643787
1,9076,60.83063033643787
1,9077,60.83063033643787
1,9078,60.83063033643787
1,9079,60.83063033643787
1,9080,60.83063033643787
1,9081,60.83063033643787
1,9082,60.83063033643787
1,9083,60.83063033643787
1,9084,60.83063033643787
1,9085,60.83063033643787
1,9086,60.83063033643787
1,9087,60.83063033643787
1,9088,60.83063033643787
1,9089,60.830630295554975
1,9090,60.830630295554975
1,9091,60.830630295554975
1,9092,60.830630295554975
1,9093,60.830630295554975
1,9094,60.830630295554975
1,9095,60.830630295554975
1,9096,60.830630295554975
1,9097,60.830630295554975
1,9098,60.830630295554975
1,9099,60.830630295554975
1,9100,60.830630295554975
1,9101,60.830630295554975
1,9102,60.830630295554975
1,9103,60.830630295554975
1,9104,60.830630295554975
1,9105,60.830630295554975
1,9106,60.830630295554975
1,9107,60.83062969036261
1,9108,60.83062969036261
1,9109,60.83062969036261
1,9110,60.83062969036261
1,9111,60.83062969036261
1,9112,60.83062969036261
1,9113,60.83062969036261
1,9114,60.83062969036261
1,9115,60.83062969036261
1,9116,60.83062969036261
1,9117,60.83062969036261
1,9118,60.83062953522724
1,9119,60.83062953522724
1,9120,60.83062953522724
1,9121,60.83062953522724
1,9122,60.83062953522724
1,9123,60.83062953522724
1,9124,60.830629292143925
1,9125,60.830629292143925
1,9126,60.830629292143925
1,9127,60.830628582949664
1,9128,60.830628582949664
1,9129,60.83062857473051
1,9130,60.83062857473051
1,9131,60.83062857473051
1,9132,60.83062857473051
1,9133,60.83062857473051
1,9134,60.83062857473051
1,9135,60.83062857473051
1,9136,60.83062857473051
1,9137,60.83062857473051
1,9138,60.83062857473051
1,9139,60.83062857473051
1,9140,60.83062857473051
1,9141,60.83062857473051
1,9142,60.83062857473051
1,9143,60.83062857473051
1,9144,60.83062857473051
1,9145,60.83062857473051
1,9146,60.83062857473051
1,9147,60.83062857473051
1,9148,60.83062857473051
1,9149,60.83062857473051
1,9150,60.83062857473051
1,9151,60.83062857473051
1,9152,60.83062857473051
1,9153,60.83062857473051
1,9154,60.83062857473051
1,9155,60.83062857473051
1,9156,60.83062857473051
1,9157,60.83062857473051
1,9158,60.83062857473051
1,9159,60.83062857473051
1,9160,60.83062857473051
1,9161,60.83062857473051
1,9162,60.83062857473051
1,9163,60.83062857473051
1,9164,60.83062857473051
1,9165,60.83062857473051
1,9166,60.83062857473051
1,9167,60.83062857473051
1,9168,60.83062857473051
1,9169,60.83062857473051
1,9170,60.83062857473051
1,9171,60.83062857473051
1,9172,60.83062857473051
1,9173,60.83062857473051
1,9174,60.83062857473051
1,9175,60.83062857473051
1,9176,60.83062857473051
1,9177,60.83062857473051
1,9178,60.83062857473051
1,9179,60.83062857473051
1,9180,60.83062857473051
1,9181,60.83062857473051
1,9182,60.83062857473051
1,9183,60.83062857473051
1,9184,60.83062857473051
1,9185,60.83062857473051
1,9186,60.83062857473051
1,9187,60.83062857473051
1,9188,60.83062857473051
1,9189,60.83062857473051
1,9190,60.83062857473051
1,9191,60.83062857473051
1,9192,60.83062857473051
1,9193,60.83062857473051
1,9194,60.83062857473051
1,9195,60.83062857473051
1,9196,60.83062857473051
1,9197,60.830628318135325
1,9198,60.830628318135325
1,9199,60.830628318135325
1,9200,60.830628318135325
1,9201,60.830628318135325
1,9202,60.830628318135325
1,9203,60.830628318135325
1,9204,60.830628318135325
1,9205,60.830628318135325
1,9206,60.830628318135325
1,9207,60.830628318135325
1,9208,60.830628318135325
1,9209,60.830628318135325
1,9210,60.830628318135325
1,9211,60.830628318135325
1,9212,60.830628318135325
1,9213,60.830628318135325
1,9214,60.830628318135325
1,9215,60.830628318135325
1,9216,60.830628318135325
1,9217,60.830628318135325
1,9218,60.830628318135325
1,9219,60.830628318135325
1,9220,60.830628318135325
1,9221,60.830628318135325
1,9222,60.830628318135325
1,9223,60.830628318135325
1,9224,60.830628318135325
1,9225,60.830628318135325
1,9226,60.830628318135325
1,9227,60.830628318135325
1,9228,60.83062825107899
1,9229,60.83062825107899
1,9230,60.83062825107899
1,9231,60.83062825107899
1,9232,60.83062825107899
1,9233,60.83062825107899
1,9234,60.83062825107899
1,9235,60.83062825107899
1,9236,60.83062825107899
1,9237,60.83062825107899
1,9238,60.83062825107899
1,9239,60.83062825107899
1,9240,60.83062825107899
1,9241,60.83062825107899
1,9242,60.83062825107899
1,9243,60.83062825107899
1,9244,60.83062825107899
1,9245,60.83062825107899
1,9246,60.83062825107899
1,9247,60.83062825107899
1,9248,60.83062825107899
1,9249,60.83062825107899
1,9250,60.83062825107899
1,9251,60.83062825107899
1,9252,60.83062825107899
1,9253,60.83062825107899
1,9254,60.83062825107899
1,9255,60.83062825107899
1,9256,60.83062825107899
1,9257,60.83062768749487
1,9258,60.83062768749487
1,9259,60.83062768749487
1,9260,60.83062768749487
1,9261,60.83062768749487
1,9262,60.83062768749487
1,9263,60.83062768749487
1,9264,60.83062720514198
1,9265,60.83062720514198
1,9266,60.83062720514198
1,9267,60.83062720514198
1,9268,60.83062720514198
1,9269,60.83062720514198
1,9270,60.83062720514198
1,9271,60.83062720514198
1,9272,60.83062720514198
1,9273,60.83062720514198
1,9274,60.83062720514198
1,9275,60.83062720514198
1,9276,60.83062720514198
1,9277,60.83062720514198
1,9278,60.83062720514198
1,9279,60.83062720514198
1,9280,60.83062720514198
1,9281,60.83062720514198
1,9282,60.83062720514198
1,9283,60.830626844751144
1,9284,60.830626844751144
1,9285,60.830626844751144
1,9286,60.830626844751144
1,9287,60.830626844751144
1,9288,60.830626844751144
1,9289,60.830626681275895
1,9290,60.830626681275895
1,9291,60.830626681275895
1,9292,60.830626681275895
1,9293,60.830626681275895
1,9294,60.830625738400414
1,9295,60.830625738400414
1,9296,60.830625738400414
1,9297,60.830625738400414
1,9298,60.830625738400414
1,9299,60.830625738400414
1,9300,60.830625738400414
1,9301,60.830625738400414
1,9302,60.830625738400414
1,9303,60.830625738400414
1,9304,60.830625738400414
1,9305,60.830625738400414
1,9306,60.830625738400414
1,9307,60.830625738400414
1,9308,60.830625738400414
1,9309,60.830625738400414
1,9310,60.830625738400414
1,9311,60.830625738400414
1,9312,60.830625738400414
1,9313,60.830625738400414
1,9314,60.830625738400414
1,9315,60.830625738400414
1,9316,60.830625738400414
1,9317,60.830625738400414
1,9318,60.830625738400414
1,9319,60.830625738400414
1,9320,60.830625738400414
1,9321,60.830625738400414
1,9322,60.830625738400414
1,9323,60.830625738400414
1,9324,60.830625738400414
1,9325,60.830625738400414
1,9326,60.830625738400414
1,9327,60.830625738400414
1,9328,60.830625738400414
1,9329,60.830625738400414
1,9330,60.830625738400414
1,9331,60.830625738400414
1,9332,60.830625738400414
1,9333,60.830625738400414
1,9334,60.830625738400414
1,9335,60.83062529707036
1,9336,60.83062529707036
1,9337,60.83062529707036
1,9338,60.83062529707036
1,9339,60.83062529707036
1,9340,60.83062529707036
1,9341,60.83062529707036
1,9342,60.83062529707036
1,9343,60.83062529707036
1,9344,60.83062529707036
1,9345,60.83062529707036
1,9346,60.83062529707036
1,9347,60.83062529707036
1,9348,60.83062529707036
1,9349,60.83062529707036
1,9350,60.83062529707036
1,9351,60.83062524349293
1,9352,60.83062524349293
1,9353,60.83062524349293
1,9354,60.83062524349293
1,9355,60.83062524349293
1,9356,60.83062524349293
1,9357,60.83062524349293
1,9358,60.83062524349293
1,9359,60.83062524349293
1,9360,60.83062524349293
1,9361,60.83062524349293
1,9362,60.83062524349293
1,9363,60.83062524349293
1,9364,60.83062524349293
1,9365,60.83062524349293
1,9366,60.83062483917649
1,9367,60.83062483917649
1,9368,60.83062483917649
1,9369,60.83062483917649
1,9370,60.83062483917649
1,9371,60.83062483917649
1,9372,60.83062483917649
1,9373,60.83062483917649
1,9374,60.83062483917649
1,9375,60.83062483917649
1,9376,60.83062483917649
1,9377,60.83062483917649
1,9378,60.83062483917649
1,9379,60.83062483917649
1,9380,60.83062483917649
1,9381,60.83062483917649
1,9382,60.83062483917649
1,9383,60.83062483917649
1,9384,60.83062441003841
1,9385,60.83062441003841
1,9386,60.83062441003841
1,9387,60.83062441003841
1,9388,60.830623065057075
1,9389,60.830623065057075
1,9390,60.830623065057075
1,9391,60.830623065057075
1,9392,60.830623065057075
1,9393,60.830623065057075
1,9394,60.830623065057075
1,9395,60.830623065057075
1,9396,60.830623065057075
1,9397,60.830623065057075
1,9398,60.830623065057075
1,9399,60.830623065057075
1,9400,60.830623065057075
1,9401,60.830623065057075
1,9402,60.830623065057075
1,9403,60.830623065057075
1,9404,60.830623065057075
1,9405,60.830623065057075
1,9406,60.830623065057075
1,9407,60.830623065057075
1,9408,60.830623065057075
1,9409,60.830623065057075
1,9410,60.830623065057075
1,9411,60.830623065057075
1,9412,60.830623065057075
1,9413,60.830623065057075
1,9414,60.830623065057075
1,9415,60.830623065057075
1,9416,60.830623065057075
1,9417,60.830623065057075
1,9418,60.830623065057075
1,9419,60.830623065057075
1,9420,60.830623065057075
1,9421,60.830623065057075
1,9422,60.83062229244745
1,9423,60.83062229244745
1,9424,60.83062229244745
1,9425,60.83062229244745
1,9426,60.83062229244745
1,9427,60.83062229244745
1,9428,60.83062229244745
1,9429,60.83062229244745
1,9430,60.83062229244745
1,9431,60.83062229244745
1,9432,60.83062229244745
1,9433,60.83062229244745
1,9434,60.83062229244745
1,9435,60.83062229244745
1,9436,60.83062229244745
1,9437,60.83062229244745
1,9438,60.83062229244745
1,9439,60.83062229244745
1,9440,60.83062229244745
1,9441,60.83062229244745
1,9442,60.83062229244745
1,9443,60.83062229244745
1,9444,60.83062229244745
1,9445,60.83062229244745
1,9446,60.83062229244745
1,9447,60.83062229244745
1,9448,60.83062229244745
1,9449,60.83062229244745
1,9450,60.83062229244745
1,9451,60.83062229244745
1,9452,60.83062229244745
1,9453,60.83062229244745
1,9454,60.83062229244745
1,9455,60.83062229244745
1,9456,60.83062229244745
1,9457,60.83062229244745
1,9458,60.83062229244745
1,9459,60.83062229244745
1,9460,60.83062229244745
1,9461,60.83062229244745
1,9462,60.83062229244745
1,9463,60.83062229244745
1,9464,60.83062229244745
1,9465,60.83061939174723
1,9466,60.83061939174723
1,9467,60.83061939174723
1,9468,60.83061939174723
1,9469,60.83061939174723
1,9470,60.83061939174723
1,9471,60.83061939174723
1,9472,60.83061939174723
1,9473,60.83061939174723
1,9474,60.83061939174723
1,9475,60.83061939174723
1,9476,60.83061939174723
1,9477,60.83061939174723
1,9478,60.83061939174723
1,9479,60.83061939174723
1,9480,60.83061939174723
1,9481,60.83061939174723
1,9482,60.83061939174723
1,9483,60.83061939174723
1,9484,60.83061939174723
1,9485,60.83061939174723
1,9486,60.83061939174723
1,9487,60.83061939174723
1,9488,60.83061939174723
1,9489,60.83061939174723
1,9490,60.83061939174723
1,9491,60.83061939174723
1,9492,60.83061939174723
1,9493,60.83061939174723
1,9494,60.83061939174723
1,9495,60.83061939174723
1,9496,60.83061939174723
1,9497,60.83061939174723
1,9498,60.83061939174723
1,9499,60.83061939174723
1,9500,60.83061939174723
1,9501,60.83061939174723
1,9502,60.83061939174723
1,9503,60.83061939174723
1,9504,60.83061939174723
1,9505,60.83061939174723
1,9506,60.83061939174723
1,9507,60.83061939174723
1,9508,60.83061903839961
1,9509,60.83061903839961
1,9510,60.83061903839961
1,9511,60.83061903839961
1,9512,60.83061903839961
1,9513,60.83061903839961
1,9514,60.83061903839961
1,9515,60.83061903839961
1,9516,60.83061903839961
1,9517,60.83061903839961
1,9518,60.83061903839961
1,9519,60.83061903839961
1,9520,60.83061903839961
1,9521,60.83061903839961
1,9522,60.83061903839961
1,9523,60.83061903839961
1,9524,60.83061903839961
1,9525,60.83061903839961
1,9526,60.83061903839961
1,9527,60.83061903839961
1,9528,60.83061903839961
1,9529,60.83061903839961
1,9530,60.83061903839961
1,9531,60.83061903839961
1,9532,60.83061903839961
1,9533,60.83061903839961
1,9534,60.83061903839961
1,9535,60.83061903839961
1,9536,60.83061903839961
1,9537,60.83061815590272
1,9538,60.83061815590272
1,9539,60.83061815590272
1,9540,60.83061815590272
1,9541,60.83061815590272
1,9542,60.83061815590272
1,9543,60.83061815590272
1,9544,60.83061815590272
1,9545,60.83061815590272
1,9546,60.83061815590272
1,9547,60.83061815590272
1,9548,60.83061815590272
1,9549,60.83061815590272
1,9550,60.83061815590272
1,9551,60.83061815590272
1,9552,60.83061815590272
1,9553,60.83061815590272
1,9554,60.83061815590272
1,9555,60.83061815590272
1,9556,60.83061815590272
1,9557,60.83061815590272
1,9558,60.83061815590272
1,9559,60.83061815590272
1,9560,60.83061815590272
1,9561,60.83061815590272
1,9562,60.83061815590272
1,9563,60.83061815590272
1,9564,60.83061815590272
1,9565,60.83061815590272
1,9566,60.83061815590272
1,9567,60.83061815590272
1,9568,60.83061815590272
1,9569,60.83061815590272
1,9570,60.83061815590272
1,9571,60.83061815590272
1,9572,60.83061815590272
1,9573,60.83061815590272
1,9574,60.83061815590272
1,9575,60.83061815590272
1,9576,60.83061815590272
1,9577,60.83061815590272
1,9578,60.83061815590272
1,9579,60.83061815590272
1,9580,60.83061815590272
1,9581,60.83061815590272
1,9582,60.83061815590272
1,9583,60.83061815590272
1,9584,60.83061815590272
1,9585,60.83061815590272
1,9586,60.83061815590272
1,9587,60.83061815590272
1,9588,60.83061815590272
1,9589,60.83061815590272
1,9590,60.83061815590272
1,9591,60.83061815590272
1,9592,60.83061815590272
1,9593,60.83061815590272
1,9594,60.83061815590272
1,9595,60.83061815590272
1,9596,60.83061815590272
1,9597,60.83061815590272
1,9598,60.83061815590272
1,9599,60.83061815590272
1,9600,60.83061815590272
1,9601,60.83061815590272
1,9602,60.83061815590272
1,9603,60.83061815590272
1,9604,60.83061815590272
1,9605,60.83061815590272
1,9606,60.83061815590272
1,9607,60.83061815590272
1,9608,60.83061815590272
1,9609,60.83061815590272
1,9610,60.83061815590272
1,9611,60.83061815590272
1,9612,60.83061815590272
1,9613,60.83061815590272
1,9614,60.83061815590272
1,9615,60.83061815590272
1,9616,60.83061815590272
1,9617,60.83061815590272
1,9618,60.83061815590272
1,9619,60.83061815590272
1,9620,60.83061815590272
1,9621,60.83061815590272
1,9622,60.83061815590272
1,9623,60.83061815590272
1,9624,60.83061815590272
1,9625,60.83061815590272
1,9626,60.83061815590272
1,9627,60.83061815590272
1,9628,60.83061815590272
1,9629,60.83061761994432
1,9630,60.83061761994432
1,9631,60.83061761994432
1,9632,60.83061761994432
1,9633,60.83061761994432
1,9634,60.83061761994432
1,9635,60.83061761994432
1,9636,60.83061761994432
1,9637,60.83061761994432
1,9638,60.83061761994432
1,9639,60.83061761994432
1,9640,60.83061761994432
1,9641,60.83061761994432
1,9642,60.83061761994432
1,9643,60.83061761994432
1,9644,60.83061761994432
1,9645,60.83061761994432
1,9646,60.83061761994432
1,9647,60.83061761994432
1,9648,60.83061761994432
1,9649,60.83061761994432
1,9650,60.83061761994432
1,9651,60.83061761994432
1,9652,60.83061761994432
1,9653,60.83061761994432
1,9654,60.83061761994432
1,9655,60.83061761994432
1,9656,60.83061761994432
1,9657,60.83061761994432
1,9658,60.83061761994432
1,9659,60.83061761994432
1,9660,60.83061761994432
1,9661,60.83061761994432
1,9662,60.83061761994432
1,9663,60.83061761994432
1,9664,60.83061685865899
1,9665,60.83061685865899
1,9666,60.83061685865899
1,9667,60.83061685865899
1,9668,60.83061685865899
1,9669,60.83061685865899
1,9670,60.83061685865899
1,9671,60.83061685865899
1,9672,60.83061685865899
1,9673,60.83061685865899
1,9674,60.83061685865899
1,9675,60.83061685865899
1,9676,60.83061685865899
1,9677,60.83061685865899
1,9678,60.83061685865899
1,9679,60.83061685865899
1,9680,60.83061685865899
1,9681,60.83061685865899
1,9682,60.83061685865899
1,9683,60.83061685865899
1,9684,60.83061685865899
1,9685,60.83061685865899
1,9686,60.83061685865899
1,9687,60.83061685865899
1,9688,60.83061685865899
1,9689,60.83061685865899
1,9690,60.83061685865899
1,9691,60.83061685865899
1,9692,60.83061685865899
1,9693,60.83061685865899
1,9694,60.83061685865899
1,9695,60.83061685865899
1,9696,60.83061685865899
1,9697,60.83061685865899
1,9698,60.83061685865899
1,9699,60.83061685865899
1,9700,60.83061685865899
1,9701,60.83061685865899
1,9702,60.83061685865899
1,9703,60.83061685865899
1,9704,60.83061685865899
1,9705,60.83061685865899
1,9706,60.83061685865899
1,9707,60.83061685865899
1,9708,60.83061685865899
1,9709,60.83061685865899
1,9710,60.83061685865899
1,9711,60.83061685865899
1,9712,60.83061685865899
1,9713,60.83061685865899
1,9714,60.83061685865899
1,9715,60.83061685865899
1,9716,60.83061685865899
1,9717,60.83061685865899
1,9718,60.83061685865899
1,9719,60.83061685865899
1,9720,60.83061685865899
1,9721,60.83061685865899
1,9722,60.83061685865899
1,9723,60.83061685865899
1,9724,60.83061685865899
1,9725,60.83061685865899
1,9726,60.83061685865899
1,9727,60.83061685865899
1,9728,60.83061685865899
1,9729,60.83061685865899
1,9730,60.83061685865899
1,9731,60.83061685865899
1,9732,60.83061685865899
1,9733,60.83061685865899
1,9734,60.83061685865899
1,9735,60.83061685865899
1,9736,60.83061685865899
1,9737,60.83061685865899
1,9738,60.83061685865899
1,9739,60.83061685865899
1,9740,60.83061685865899
1,9741,60.83061685865899
1,9742,60.83061685865899
1,9743,60.83061685865899
1,9744,60.83061508847015
1,9745,60.83061508847015
1,9746,60.83061508847015
1,9747,60.83061508847015
1,9748,60.83061508847015
1,9749,60.83061508847015
1,9750,60.83061508847015
1,9751,60.83061508847015
1,9752,60.83061508847015
1,9753,60.83061508847015
1,9754,60.83061508847015
1,9755,60.83061508847015
1,9756,60.83061508847015
1,9757,60.83061508847015
1,9758,60.83061508847015
1,9759,60.83061508847015
1,9760,60.83061508847015
1,9761,60.83061508847015
1,9762,60.83061508847015
1,9763,60.83061508847015
1,9764,60.83061508847015
1,9765,60.83061508847015
1,9766,60.83061508847015
1,9767,60.83061508847015
1,9768,60.83061508847015
1,9769,60.83061508847015
1,9770,60.83061508847015
1,9771,60.83061508847015
1,9772,60.83061508847015
1,9773,60.83061508847015
1,9774,60.83061508847015
1,9775,60.83061508847015
1,9776,60.83061508847015
1,9777,60.83061508847015
1,9778,60.83061508847015
1,9779,60.83061508847015
1,9780,60.83061508847015
1,9781,60.83061508847015
1,9782,60.83061508847015
1,9783,60.83061508847015
1,9784,60.83061508847015
1,9785,60.83061508847015
1,9786,60.83061508847015
1,9787,60.83061508847015
1,9788,60.83061508847015
1,9789,60.83061508847015
1,9790,60.83061508847015
1,9791,60.83061508847015
1,9792,60.83061508847015
1,9793,60.83061508847015
1,9794,60.8306148257922
1,9795,60.8306148257922
1,9796,60.8306148257922
1,9797,60.8306148257922
1,9798,60.8306148257922
1,9799,60.8306148257922
1,9800,60.8306148257922
1,9801,60.8306148257922
1,9802,60.8306148257922
1,9803,60.8306148257922
1,9804,60.8306148257922
1,9805,60.8306148257922
1,9806,60.8306148257922
1,9807,60.8306148257922
1,9808,60.830614600277
1,9809,60.83061423305275
1,9810,60.83061423305275
1,9811,60.83061423305275
1,9812,60.83061423305275
1,9813,60.83061423305275
1,9814,60.83061423305275
1,9815,60.83061423305275
1,9816,60.83061423305275
1,9817,60.83061423305275
1,9818,60.83061423305275
1,9819,60.83061423305275
1,9820,60.83061423305275
1,9821,60.83061423305275
1,9822,60.83061423305275
1,9823,60.83061423305275
1,9824,60.83061423305275
1,9825,60.83061423305275
1,9826,60.83061423305275
1,9827,60.83061423305275
1,9828,60.83061423305275
1,9829,60.83061423305275
1,9830,60.83061423305275
1,9831,60.83061423305275
1,9832,60.83061423305275
1,9833,60.83061423305275
1,9834,60.83061423305275
1,9835,60.83061423305275
1,9836,60.83061423305275
1,9837,60.83061423305275
1,9838,60.83061423305275
1,9839,60.83061423305275
1,9840,60.83061423305275
1,9841,60.83061423305275
1,9842,60.83061423305275
1,9843,60.83061423305275
1,9844,60.83061423305275
1,9845,60.83061423305275
1,9846,60.83061423305275
1,9847,60.83061423305275
1,9848,60.83061423305275
1,9849,60.83061423305275
1,9850,60.83061423305275
1,9851,60.83061423305275
1,9852,60.83061423305275
1,9853,60.83061423305275
1,9854,60.83061423305275
1,9855,60.83061423305275
1,9856,60.83061423305275
1,9857,60.83061423305275
1,9858,60.83061423305275
1,9859,60.83061423305275
1,9860,60.83061423305275
1,9861,60.83061423305275
1,9862,60.83061423305275
1,9863,60.83061413521745
1,9864,60.83061413521745
1,9865,60.83061413521745
1,9866,60.83061413521745
1,9867,60.83061413521745
1,9868,60.83061413521745
1,9869,60.83061413521745
1,9870,60.83061413521745
1,9871,60.83061413521745
1,9872,60.83061413521745
1,9873,60.83061413521745
1,9874,60.83061413521745
1,9875,60.83061413521745
1,9876,60.83061413521745
1,9877,60.83061413521745
1,9878,60.83061413521745
1,9879,60.83061413521745
1,9880,60.83061413521745
1,9881,60.830613088909466
1,9882,60.830613088909466
1,9883,60.830613088909466
1,9884,60.830613088909466
1,9885,60.830613088909466
1,9886,60.830612447902325
1,9887,60.830612447902325
1,9888,60.830612447902325
1,9889,60.830612447902325
1,9890,60.830612447902325
1,9891,60.830612447902325
1,9892,60.830612447902325
1,9893,60.830612447902325
1,9894,60.830612447902325
1,9895,60.830612447902325
1,9896,60.830612447902325
1,9897,60.830612447902325
1,9898,60.830612447902325
1,9899,60.830612447902325
1,9900,60.830612447902325
1,9901,60.830612447902325
1,9902,60.830612447902325
1,9903,60.830612447902325
1,9904,60.830612447902325
1,9905,60.830612447902325
1,9906,60.83061171390381
1,9907,60.83061171390381
1,9908,60.83061171390381
1,9909,60.83061171390381
1,9910,60.83061171390381
1,9911,60.83061171390381
1,9912,60.83061171390381
1,9913,60.83061171390381
1,9914,60.830611656030996
1,9915,60.830611656030996
1,9916,60.830611656030996
1,9917,60.830611656030996
1,9918,60.830611656030996
1,9919,60.830611656030996
1,9920,60.830611656030996
1,9921,60.83060982087664
1,9922,60.83060982087664
1,9923,60.83060982087664
1,9924,60.83060982087664
1,9925,60.83060982087664
1,9926,60.83060982087664
1,9927,60.83060982087664
1,9928,60.83060982087664
1,9929,60.83060982087664
1,9930,60.83060982087664
1,9931,60.83060982087664
1,9932,60.83060982087664
1,9933,60.83060982087664
1,9934,60.83060982087664
1,9935,60.83060982087664
1,9936,60.83060982087664
1,9937,60.83060982087664
1,9938,60.83060982087664
1,9939,60.83060982087664
1,9940,60.83060982087664
1,9941,60.83060982087664
1,9942,60.83060982087664
1,9943,60.83060982087664
1,9944,60.83060982087664
1,9945,60.83060982087664
1,9946,60.83060982087664
1,9947,60.83060982087664
1,9948,60.83060982087664
1,9949,60.83060982087664
1,9950,60.83060982087664
1,9951,60.83060982087664
1,9952,60.83060982087664
1,9953,60.83060982087664
1,9954,60.83060982087664
1,9955,60.83060982087664
1,9956,60.83060982087664
1,9957,60.83060982087664
1,9958,60.83060982087664
1,9959,60.83060982087664
1,9960,60.83060982087664
1,9961,60.83060982087664
1,9962,60.83060982087664
1,9963,60.83060982087664
1,9964,60.83060982087664
1,9965,60.83060982087664
1,9966,60.83060982087664
1,9967,60.83060982087664
1,9968,60.83060982087664
1,9969,60.83060982087664
1,9970,60.83060982087664
1,9971,60.83060982087664
1,9972,60.83060982087664
1,9973,60.83060982087664
1,9974,60.83060982087664
1,9975,60.83060982087664
1,9976,60.83060982087664
1,9977,60.83060982087664
1,9978,60.83060982087664
1,9979,60.83060982087664
1,9980,60.83060982087664
1,9981,60.83060982087664
1,9982,60.83060982087664
1,9983,60.83060982087664
1,9984,60.83060982087664
1,9985,60.83060982087664
1,9986,60.83060982087664
1,9987,60.83060982087664
1,9988,60.83060982087664
1,9989,60.83060982087664
1,9990,60.83060982087664
1,9991,60.83060982087664
1,9992,60.83060982087664
1,9993,60.83060982087664
1,9994,60.83060982087664
1,9995,60.83060982087664
1,9996,60.83060982087664
1,9997,60.83060982087664
1,9998,60.83060982087664
1,9999,60.83060982087664
1,10000,60.83060982087664
