{
  "config": "50 kW",
  "beam_profile": "PROFILE_AIRFOIL",
  "axial_profile": "AXIAL_LINEAR",
  "timestamp": "2026-04-21T04:44:03.569",
  "best_mass_kg": 400.71927525378663,
  "min_fos": 1.8000000000000014,
  "evaluations": 192109320,
  "generations": 2000000,
  "elapsed_s": 4551.813534975052,
  "archive_size": 200,
  "design": {
    "Do_top_m": 0.16283800962197104,
    "t_over_D": 0.020000000000000007,
    "beam_aspect": 0.2,
    "Do_scale_exp": 0.7694606368867254,
    "axial_profile": "AXIAL_LINEAR",
    "profile_exp": 3.4885132604575975,
    "straight_frac": 0.10401707739280067,
    "r_hub_m": 5.366563145999495,
    "taper_ratio": 1.0,
    "n_rings": 5,
    "tether_length_m": 67.0820393249937,
    "n_lines": 8,
    "knuckle_mass_kg": 0.01000000000000651
  },
  "evaluation": {
    "mass_total_kg": 400.71927525378663,
    "mass_beams_kg": 400.1592752537863,
    "mass_knuckles_kg": 0.5600000000003647,
    "min_fos": 1.8000000000000014,
    "worst_ring_idx": 2,
    "feasible": true
  }
}
