{
  "config": "10 kW",
  "beam_profile": "PROFILE_AIRFOIL",
  "axial_profile": "AXIAL_PARABOLIC",
  "timestamp": "2026-04-21T01:37:37.059",
  "best_mass_kg": 19.95892573831625,
  "min_fos": 1.8,
  "evaluations": 192109320,
  "generations": 2000000,
  "elapsed_s": 3525.1586170196533,
  "archive_size": 200,
  "design": {
    "Do_top_m": 0.11999999999999995,
    "t_over_D": 0.02,
    "beam_aspect": 0.19999999999999996,
    "Do_scale_exp": 0.3799610729029576,
    "axial_profile": "AXIAL_PARABOLIC",
    "profile_exp": 3.5,
    "straight_frac": 0.6204193193032917,
    "r_hub_m": 1.6,
    "taper_ratio": 0.25,
    "n_rings": 5,
    "tether_length_m": 30.0,
    "n_lines": 8,
    "knuckle_mass_kg": 0.01
  },
  "evaluation": {
    "mass_total_kg": 19.95892573831625,
    "mass_beams_kg": 19.39892573831625,
    "mass_knuckles_kg": 0.56,
    "min_fos": 1.8,
    "worst_ring_idx": 6,
    "feasible": true
  }
}
