{
  "config": "50 kW",
  "beam_profile": "PROFILE_ELLIPTICAL",
  "axial_profile": "AXIAL_TRUMPET",
  "timestamp": "2026-04-21T04:45:57.157",
  "best_mass_kg": 22.698703590851448,
  "min_fos": 1.8000000000000012,
  "evaluations": 192109238,
  "generations": 2000000,
  "elapsed_s": 6174.2725918293,
  "archive_size": 200,
  "design": {
    "Do_top_m": 0.062747767856047,
    "t_over_D": 0.020000000000000014,
    "beam_aspect": 1.0,
    "Do_scale_exp": 0.04962231078977977,
    "axial_profile": "AXIAL_TRUMPET",
    "profile_exp": 0.30000000000000004,
    "straight_frac": 0.4741303343622952,
    "r_hub_m": 3.577708763999664,
    "taper_ratio": 0.15,
    "n_rings": 5,
    "tether_length_m": 67.0820393249937,
    "n_lines": 8,
    "knuckle_mass_kg": 0.010000000000000002
  },
  "evaluation": {
    "mass_total_kg": 22.698703590851448,
    "mass_beams_kg": 22.13870359085145,
    "mass_knuckles_kg": 0.56,
    "min_fos": 1.8000000000000012,
    "worst_ring_idx": 6,
    "feasible": true
  }
}
