{
  "config": "10 kW",
  "beam_profile": "PROFILE_AIRFOIL",
  "axial_profile": "AXIAL_STRAIGHT_TAPER",
  "timestamp": "2026-04-21T02:23:21.355",
  "best_mass_kg": 16.989026761878904,
  "min_fos": 1.8000000000000005,
  "evaluations": 192109320,
  "generations": 2000000,
  "elapsed_s": 4633.166135072708,
  "archive_size": 200,
  "design": {
    "Do_top_m": 0.1107279132607822,
    "t_over_D": 0.02,
    "beam_aspect": 0.2,
    "Do_scale_exp": 0.24363034973476425,
    "axial_profile": "AXIAL_STRAIGHT_TAPER",
    "profile_exp": 2.5124219823113085,
    "straight_frac": 0.7,
    "r_hub_m": 1.6,
    "taper_ratio": 0.25,
    "n_rings": 5,
    "tether_length_m": 30.0,
    "n_lines": 8,
    "knuckle_mass_kg": 0.010000000000000007
  },
  "evaluation": {
    "mass_total_kg": 16.989026761878904,
    "mass_beams_kg": 16.429026761878905,
    "mass_knuckles_kg": 0.5600000000000004,
    "min_fos": 1.8000000000000005,
    "worst_ring_idx": 6,
    "feasible": true
  }
}
