{
  "config": "10 kW",
  "beam_profile": "PROFILE_CIRCULAR",
  "axial_profile": "AXIAL_LINEAR",
  "timestamp": "2026-04-22T07:21:21.979",
  "best_mass_kg": 15.435174011529034,
  "min_fos": 1.8000000000000005,
  "torsional_fos_min": 1.5,
  "evaluations": 128071992,
  "generations": 2000000,
  "elapsed_s": 3575.452320098877,
  "archive_size": 200,
  "design": {
    "Do_top_m": 0.04203248223819459,
    "t_over_D": 0.020000000000000007,
    "beam_aspect": 1.0,
    "Do_scale_exp": 0.9840641049786639,
    "axial_profile": "AXIAL_LINEAR",
    "profile_exp": 0.45739095340756764,
    "straight_frac": 0.0018024451292143126,
    "r_hub_m": 1.9939229340862803,
    "taper_ratio": 1.0,
    "n_rings": 5,
    "tether_length_m": 30.0,
    "n_lines": 8,
    "knuckle_mass_kg": 0.010000000000000014
  },
  "evaluation": {
    "mass_total_kg": 15.435174011529034,
    "mass_beams_kg": 14.875174011529033,
    "mass_knuckles_kg": 0.5600000000000008,
    "min_fos": 1.8000000000000005,
    "torsional_fos_min": 1.5,
    "worst_ring_idx": 2,
    "feasible": true
  }
}
