{
  "config": "50 kW",
  "beam_profile": "PROFILE_ELLIPTICAL",
  "axial_profile": "AXIAL_TRUMPET",
  "timestamp": "2026-04-22T16:08:08.305",
  "best_mass_kg": 145.8810306394607,
  "min_fos": 1.8000000000000003,
  "torsional_fos_min": 1.5000000000000004,
  "evaluations": 128071992,
  "generations": 2000000,
  "elapsed_s": 3877.5651450157166,
  "archive_size": 200,
  "design": {
    "Do_top_m": 0.08785687349603791,
    "t_over_D": 0.02,
    "beam_aspect": 1.0,
    "Do_scale_exp": 0.9534341690648489,
    "axial_profile": "AXIAL_TRUMPET",
    "profile_exp": 2.247455170223133,
    "straight_frac": 0.5334573350234522,
    "r_hub_m": 4.458547222512759,
    "taper_ratio": 0.9999999999999997,
    "n_rings": 5,
    "tether_length_m": 67.0820393249937,
    "n_lines": 8,
    "knuckle_mass_kg": 0.010000000000000064
  },
  "evaluation": {
    "mass_total_kg": 145.8810306394607,
    "mass_beams_kg": 145.3210306394607,
    "mass_knuckles_kg": 0.5600000000000036,
    "min_fos": 1.8000000000000003,
    "torsional_fos_min": 1.5000000000000004,
    "worst_ring_idx": 4,
    "feasible": true
  }
}
