{
  "config": "50 kW",
  "beam_profile": "PROFILE_CIRCULAR",
  "axial_profile": "AXIAL_ELLIPTIC",
  "timestamp": "2026-04-22T15:04:58.916",
  "best_mass_kg": 145.88103063946073,
  "min_fos": 1.8000000000000038,
  "torsional_fos_min": 1.5000000000000004,
  "evaluations": 128071992,
  "generations": 2000000,
  "elapsed_s": 3189.864634990692,
  "archive_size": 200,
  "design": {
    "Do_top_m": 0.08785687349603796,
    "t_over_D": 0.020000000000000004,
    "beam_aspect": 1.0,
    "Do_scale_exp": 0.04925362106312573,
    "axial_profile": "AXIAL_ELLIPTIC",
    "profile_exp": 3.1688203148341527,
    "straight_frac": 0.650485037000234,
    "r_hub_m": 4.458547222512758,
    "taper_ratio": 0.9999999999999998,
    "n_rings": 5,
    "tether_length_m": 67.0820393249937,
    "n_lines": 8,
    "knuckle_mass_kg": 0.010000000000000021
  },
  "evaluation": {
    "mass_total_kg": 145.88103063946073,
    "mass_beams_kg": 145.32103063946073,
    "mass_knuckles_kg": 0.5600000000000012,
    "min_fos": 1.8000000000000038,
    "torsional_fos_min": 1.5000000000000004,
    "worst_ring_idx": 2,
    "feasible": true
  }
}
