{
  "config": "50 kW",
  "beam_profile": "PROFILE_AIRFOIL",
  "axial_profile": "AXIAL_STRAIGHT_TAPER",
  "timestamp": "2026-04-22T16:25:25.198",
  "best_mass_kg": 400.71927525378663,
  "min_fos": 1.8000000000000007,
  "torsional_fos_min": 2.0642815650411737,
  "evaluations": 128071992,
  "generations": 2000000,
  "elapsed_s": 1590.385344028473,
  "archive_size": 200,
  "design": {
    "Do_top_m": 0.162838009621971,
    "t_over_D": 0.020000000000000025,
    "beam_aspect": 0.19999999999999996,
    "Do_scale_exp": 0.9927629418539297,
    "axial_profile": "AXIAL_STRAIGHT_TAPER",
    "profile_exp": 3.266988796681409,
    "straight_frac": 0.4295938216723265,
    "r_hub_m": 5.366563145999495,
    "taper_ratio": 1.0,
    "n_rings": 5,
    "tether_length_m": 67.0820393249937,
    "n_lines": 8,
    "knuckle_mass_kg": 0.010000000000003208
  },
  "evaluation": {
    "mass_total_kg": 400.71927525378663,
    "mass_beams_kg": 400.15927525378646,
    "mass_knuckles_kg": 0.5600000000001797,
    "min_fos": 1.8000000000000007,
    "torsional_fos_min": 2.0642815650411737,
    "worst_ring_idx": 2,
    "feasible": true
  }
}
