{
  "config": "50 kW",
  "beam_profile": "PROFILE_CIRCULAR",
  "axial_profile": "AXIAL_STRAIGHT_TAPER",
  "timestamp": "2026-04-22T15:02:51.929",
  "best_mass_kg": 145.88103063946073,
  "min_fos": 1.8000000000000012,
  "torsional_fos_min": 1.5000000000000004,
  "evaluations": 128071992,
  "generations": 2000000,
  "elapsed_s": 3046.299966096878,
  "archive_size": 200,
  "design": {
    "Do_top_m": 0.08785687349603791,
    "t_over_D": 0.02000000000000001,
    "beam_aspect": 1.0,
    "Do_scale_exp": 0.9683059634429896,
    "axial_profile": "AXIAL_STRAIGHT_TAPER",
    "profile_exp": 1.2147695166217145,
    "straight_frac": 0.1625695467181788,
    "r_hub_m": 4.458547222512757,
    "taper_ratio": 1.0,
    "n_rings": 5,
    "tether_length_m": 67.0820393249937,
    "n_lines": 8,
    "knuckle_mass_kg": 0.010000000000000106
  },
  "evaluation": {
    "mass_total_kg": 145.88103063946073,
    "mass_beams_kg": 145.32103063946073,
    "mass_knuckles_kg": 0.5600000000000059,
    "min_fos": 1.8000000000000012,
    "torsional_fos_min": 1.5000000000000004,
    "worst_ring_idx": 2,
    "feasible": true
  }
}
