{
  "config": "50 kW",
  "beam_profile": "PROFILE_CIRCULAR",
  "axial_profile": "AXIAL_LINEAR",
  "timestamp": "2026-04-22T15:01:10.171",
  "best_mass_kg": 145.88103063946073,
  "min_fos": 1.8000000000000038,
  "torsional_fos_min": 1.5000000000000004,
  "evaluations": 128071992,
  "generations": 2000000,
  "elapsed_s": 2968.2767238616943,
  "archive_size": 200,
  "design": {
    "Do_top_m": 0.08785687349603796,
    "t_over_D": 0.020000000000000046,
    "beam_aspect": 1.0,
    "Do_scale_exp": 0.5400821770883617,
    "axial_profile": "AXIAL_LINEAR",
    "profile_exp": 1.413717176439576,
    "straight_frac": 0.4903466613489342,
    "r_hub_m": 4.458547222512757,
    "taper_ratio": 1.0,
    "n_rings": 5,
    "tether_length_m": 67.0820393249937,
    "n_lines": 8,
    "knuckle_mass_kg": 0.010000000000000162
  },
  "evaluation": {
    "mass_total_kg": 145.88103063946073,
    "mass_beams_kg": 145.32103063946073,
    "mass_knuckles_kg": 0.560000000000009,
    "min_fos": 1.8000000000000038,
    "torsional_fos_min": 1.5000000000000004,
    "worst_ring_idx": 2,
    "feasible": true
  }
}
