{
  "config": "50 kW",
  "beam_profile": "PROFILE_AIRFOIL",
  "axial_profile": "AXIAL_ELLIPTIC",
  "timestamp": "2026-04-21T04:55:14.551",
  "best_mass_kg": 400.71927525378663,
  "min_fos": 1.8000000000000007,
  "evaluations": 192109320,
  "generations": 2000000,
  "elapsed_s": 4110.194947957993,
  "archive_size": 200,
  "design": {
    "Do_top_m": 0.16283800962197106,
    "t_over_D": 0.02000000000000001,
    "beam_aspect": 0.19999999999999987,
    "Do_scale_exp": 0.8923721201735063,
    "axial_profile": "AXIAL_ELLIPTIC",
    "profile_exp": 2.7012090836970253,
    "straight_frac": 0.011154474909366593,
    "r_hub_m": 5.366563145999495,
    "taper_ratio": 1.0,
    "n_rings": 5,
    "tether_length_m": 67.0820393249937,
    "n_lines": 8,
    "knuckle_mass_kg": 0.010000000000002927
  },
  "evaluation": {
    "mass_total_kg": 400.71927525378663,
    "mass_beams_kg": 400.15927525378646,
    "mass_knuckles_kg": 0.5600000000001639,
    "min_fos": 1.8000000000000007,
    "worst_ring_idx": 2,
    "feasible": true
  }
}
