{
  "config": "10 kW",
  "beam_profile": "PROFILE_ELLIPTICAL",
  "axial_profile": "AXIAL_LINEAR",
  "timestamp": "2026-04-20T23:21:38.582",
  "best_mass_kg": 5.05607423150718,
  "min_fos": 1.800000000000002,
  "evaluations": 192109320,
  "generations": 2000000,
  "elapsed_s": 4025.6722679138184,
  "archive_size": 200,
  "design": {
    "Do_top_m": 0.038015330066044774,
    "t_over_D": 0.02000000000000002,
    "beam_aspect": 0.9999999999999993,
    "Do_scale_exp": 0.4854172589352106,
    "axial_profile": "AXIAL_LINEAR",
    "profile_exp": 2.0559233068400427,
    "straight_frac": 0.6639773585915241,
    "r_hub_m": 1.6,
    "taper_ratio": 0.25,
    "n_rings": 5,
    "tether_length_m": 30.0,
    "n_lines": 8,
    "knuckle_mass_kg": 0.01
  },
  "evaluation": {
    "mass_total_kg": 5.05607423150718,
    "mass_beams_kg": 4.496074231507181,
    "mass_knuckles_kg": 0.56,
    "min_fos": 1.800000000000002,
    "worst_ring_idx": 5,
    "feasible": true
  }
}
