{
  "config": "10 kW",
  "beam_profile": "PROFILE_AIRFOIL",
  "axial_profile": "AXIAL_ELLIPTIC",
  "timestamp": "2026-04-21T01:18:20.917",
  "best_mass_kg": 40.5327709462295,
  "min_fos": 1.8,
  "evaluations": 192109320,
  "generations": 2000000,
  "elapsed_s": 5464.3525240421295,
  "archive_size": 200,
  "design": {
    "Do_top_m": 0.12,
    "t_over_D": 0.020387727279782848,
    "beam_aspect": 0.2,
    "Do_scale_exp": 0.35468681109090333,
    "axial_profile": "AXIAL_ELLIPTIC",
    "profile_exp": 1.471001009172314,
    "straight_frac": 0.09219452247819948,
    "r_hub_m": 1.6,
    "taper_ratio": 0.25000000000000006,
    "n_rings": 5,
    "tether_length_m": 30.0,
    "n_lines": 8,
    "knuckle_mass_kg": 0.010000000000000103
  },
  "evaluation": {
    "mass_total_kg": 40.5327709462295,
    "mass_beams_kg": 39.972770946229495,
    "mass_knuckles_kg": 0.5600000000000057,
    "min_fos": 1.8,
    "worst_ring_idx": 5,
    "feasible": true
  }
}
