{
  "config": "50 kW",
  "beam_profile": "PROFILE_ELLIPTICAL",
  "axial_profile": "AXIAL_TRUMPET",
  "timestamp": "2026-04-22T15:58:02.510",
  "best_mass_kg": 145.8810306394607,
  "min_fos": 1.8000000000000003,
  "torsional_fos_min": 1.5000000000000004,
  "evaluations": 128071992,
  "generations": 2000000,
  "elapsed_s": 3361.5146939754486,
  "archive_size": 200,
  "design": {
    "Do_top_m": 0.08785687349603791,
    "t_over_D": 0.02,
    "beam_aspect": 1.0,
    "Do_scale_exp": 0.9209960027934563,
    "axial_profile": "AXIAL_TRUMPET",
    "profile_exp": 1.836072242669186,
    "straight_frac": 0.1113689895031214,
    "r_hub_m": 4.458547222512759,
    "taper_ratio": 0.9999999999999996,
    "n_rings": 5,
    "tether_length_m": 67.0820393249937,
    "n_lines": 8,
    "knuckle_mass_kg": 0.010000000000000134
  },
  "evaluation": {
    "mass_total_kg": 145.8810306394607,
    "mass_beams_kg": 145.3210306394607,
    "mass_knuckles_kg": 0.5600000000000075,
    "min_fos": 1.8000000000000003,
    "torsional_fos_min": 1.5000000000000004,
    "worst_ring_idx": 5,
    "feasible": true
  }
}
