{
  "config": "50 kW",
  "beam_profile": "PROFILE_AIRFOIL",
  "axial_profile": "AXIAL_LINEAR",
  "timestamp": "2026-04-21T04:39:34.695",
  "best_mass_kg": 400.71927525378663,
  "min_fos": 1.8000000000000023,
  "evaluations": 192109320,
  "generations": 2000000,
  "elapsed_s": 4792.990694999695,
  "archive_size": 200,
  "design": {
    "Do_top_m": 0.1628380096219711,
    "t_over_D": 0.020000000000000004,
    "beam_aspect": 0.19999999999999996,
    "Do_scale_exp": 0.1769059718241318,
    "axial_profile": "AXIAL_LINEAR",
    "profile_exp": 3.1578683574183426,
    "straight_frac": 0.6040077386573979,
    "r_hub_m": 5.366563145999495,
    "taper_ratio": 1.0,
    "n_rings": 5,
    "tether_length_m": 67.0820393249937,
    "n_lines": 8,
    "knuckle_mass_kg": 0.010000000000003513
  },
  "evaluation": {
    "mass_total_kg": 400.71927525378663,
    "mass_beams_kg": 400.15927525378646,
    "mass_knuckles_kg": 0.5600000000001968,
    "min_fos": 1.8000000000000023,
    "worst_ring_idx": 2,
    "feasible": true
  }
}
