{
  "config": "10 kW",
  "beam_profile": "PROFILE_ELLIPTICAL",
  "axial_profile": "AXIAL_ELLIPTIC",
  "timestamp": "2026-04-21T00:38:46.808",
  "best_mass_kg": 6.2184002233880715,
  "min_fos": 1.8000000000000005,
  "evaluations": 192109320,
  "generations": 2000000,
  "elapsed_s": 4103.371980905533,
  "archive_size": 200,
  "design": {
    "Do_top_m": 0.038000427947468676,
    "t_over_D": 0.020000000000000004,
    "beam_aspect": 1.0,
    "Do_scale_exp": 0.48301711332224406,
    "axial_profile": "AXIAL_ELLIPTIC",
    "profile_exp": 3.496445633469529,
    "straight_frac": 0.23566180383467739,
    "r_hub_m": 1.6,
    "taper_ratio": 0.25,
    "n_rings": 5,
    "tether_length_m": 30.0,
    "n_lines": 8,
    "knuckle_mass_kg": 0.010000000000000002
  },
  "evaluation": {
    "mass_total_kg": 6.2184002233880715,
    "mass_beams_kg": 5.658400223388072,
    "mass_knuckles_kg": 0.56,
    "min_fos": 1.8000000000000005,
    "worst_ring_idx": 5,
    "feasible": true
  }
}
