t,omega_hub,omega_gnd,tau_gen,T_max,n_slack,backline_payout,k_mppt_scale
0.019999999999999858,9.519763394825466,9.780885610411353,1052.3229565634706,0.0,75,0.0,1.0
0.03999999999999904,9.551062353854764,9.769498037226946,1049.8740108931927,0.0,75,0.0,1.0
0.05999999999999823,9.577838730627981,9.49023199473257,990.709536452303,0.0,75,0.0,1.0
0.07999999999999742,9.601964862214244,9.059473777399946,902.8147163573697,0.0,75,0.0,1.0
0.0999999999999966,9.62400615893749,8.556913881869896,805.4285269991151,0.0,75,0.0,1.0
0.11999999999999579,9.644939465842361,8.036282236642217,710.4001540566835,0.0,75,0.0,1.0
0.14000000000000018,9.665439630610884,7.532290658528228,624.0894282100677,0.0,75,0.0,1.0
0.1600000000000063,9.685942891597614,7.068112099762591,549.5402952029139,0.0,75,0.0,1.0
0.18000000000001243,9.70716573891895,6.659529804070889,487.84270932439296,0.0,75,0.0,1.0
0.20000000000001855,9.72919228484645,6.316307237207136,438.85310826274764,0.0,75,0.0,1.0
0.22000000000002468,9.751722324741822,6.042463451940823,401.62501024844664,0.0,75,0.0,1.0
0.2400000000000308,9.774202374665418,5.8356284876181705,374.60015830050804,0.0,75,0.0,1.0
0.26000000000003,9.79588097381897,5.687631968870282,355.84073154646774,0.0,75,0.0,1.0
0.28000000000002223,9.81598105120537,5.586874178773205,343.3447939838705,0.0,75,0.0,1.0
0.3000000000000145,9.833865413123538,5.521884440262326,335.403285487723,0.0,75,0.0,1.0
0.3200000000000067,9.849165164315473,5.48476419123266,330.90902056770864,0.0,75,0.0,1.0
0.33999999999999897,9.86181318547842,5.473035782077305,329.49532739088386,0.0,75,0.0,1.0
0.3599999999999912,9.871963923161328,5.489192117969461,331.4435311877586,0.0,75,0.0,1.0
0.37999999999998346,9.87987662011076,5.538269168831636,337.3966792507417,0.0,75,0.0,1.0
0.3999999999999757,9.885836945217767,5.624547103368044,347.99083129806434,0.0,75,0.0,1.0
0.41999999999996795,9.890132939488554,5.748773773423311,363.5323988779966,0.0,75,0.0,1.0
0.4399999999999602,9.893042193341888,5.907039612151524,383.82428677479953,0.0,75,0.0,1.0
0.45999999999995245,9.89481050297798,6.0916347292695265,408.1881504232688,0.0,75,0.0,1.0
0.4799999999999447,9.895645619993747,6.293259033563314,435.65620189878877,0.0,75,0.0,1.0
0.49999999999993694,9.895741373984974,6.503375593166835,465.2328351637789,0.0,75,0.0,1.0
0.5199999999999569,9.895308266473654,6.715670979835548,496.10260380345886,0.0,75,0.0,1.0
0.5399999999999769,9.894574384735142,6.926247586839714,527.7019619762325,0.0,75,0.0,1.0
0.559999999999997,9.89375845035566,7.1328474009343825,559.6526324951801,0.0,75,0.0,1.0
0.580000000000017,9.893045778644966,7.333752194294187,591.6231337204628,0.0,75,0.0,1.0
0.600000000000037,9.892582817277866,7.5269730570722695,623.2085574208105,0.0,75,0.0,1.0
0.620000000000057,9.89248295714729,7.710063361171881,653.8958473661354,0.0,75,0.0,1.0
0.640000000000077,9.892829239687364,7.8805083865200185,683.1265367301357,0.0,75,0.0,1.0
0.660000000000097,9.893674498424009,8.036363590975526,710.4145374299276,0.0,75,0.0,1.0
0.680000000000117,9.89504181930253,8.176753653131911,735.4523033440666,0.0,75,0.0,1.0
0.700000000000137,9.896930627887647,8.302006337220952,758.1564014558254,0.0,75,0.0,1.0
0.720000000000157,9.899321603746257,8.41340391332252,778.6390194958177,0.0,75,0.0,1.0
0.740000000000177,9.902180654273144,8.512704442115266,797.1275061068989,0.0,75,0.0,1.0
0.760000000000197,9.905461280931494,8.60163067272084,813.8685525288115,0.0,75,0.0,1.0
0.780000000000217,9.90910791660356,8.681495570682,829.052018781483,0.0,75,0.0,1.0
0.800000000000237,9.913061465966337,8.753061938704969,842.7770263308614,0.0,75,0.0,1.0
0.820000000000257,9.917263739698535,8.816632754223093,855.0631443512343,0.0,75,0.0,1.0
0.840000000000277,9.921658600371646,8.87229679647549,865.8941548922418,0.0,75,0.0,1.0
0.860000000000297,9.926190776774776,8.92020383448999,875.2704009373492,0.0,75,0.0,1.0
0.880000000000317,9.930805703473094,8.960759580073393,883.247334770648,0.0,75,0.0,1.0
0.900000000000337,9.935450771573825,8.994680635620705,889.947077104911,0.0,75,0.0,1.0
0.920000000000357,9.940077552036385,9.02292109532659,895.5441560173855,0.0,75,0.0,1.0
0.940000000000377,9.944644476430762,9.046521371405763,900.2350381563133,0.0,75,0.0,1.0
0.960000000000397,9.949117074953136,9.066447596037042,904.2051921285445,0.0,75,0.0,1.0
0.980000000000417,9.953467227970156,9.083474232352756,907.6045454279814,0.0,75,0.0,1.0
1.000000000000437,9.957671844536566,9.098133364215082,910.53633784348,0.0,75,0.0,1.0
1.020000000000457,9.961713255516129,9.110739130719146,913.0612425881877,0.0,75,7.711001607445222e-6,1.0
1.040000000000477,9.965578194607223,9.121470321381134,915.2134290622054,0.0,75,0.0001289518069557988,1.0
1.060000000000497,9.969259241123607,9.130481752154198,917.0226672906286,0.0,75,0.0006396983412870059,1.0
1.080000000000517,9.972753347952956,9.137997620310125,918.5330055967287,0.0,75,0.0019501179931655968,1.0
1.100000000000537,9.976059859019804,9.144356693024532,919.8118526218882,0.0,75,0.004564835925361299,1.0
1.120000000000557,9.979178035829987,9.149992343464223,920.945958739993,0.0,75,0.00905071594936478,1.0
1.140000000000577,9.9821073592051,9.15536206238862,922.0271994276729,0.0,75,0.016010935009498142,1.0
1.160000000000597,9.984848497093731,9.160864484836244,923.1358192048742,0.0,75,0.02606431393300764,1.0
1.180000000000617,9.987404763760955,9.166777622817804,924.3279318481257,0.0,75,0.0398290243703751,1.0
1.200000000000637,9.98978258313641,9.173240706900586,925.6317957341175,0.0,75,0.057909926435505785,1.0
1.220000000000657,9.991990249367403,9.180280636986074,927.0530783120358,0.0,75,0.08088890662312526,1.0
1.240000000000677,9.994035825679335,9.187857992927436,928.5840794802062,0.0,75,0.1093176838641215,1.0
1.260000000000697,9.995926632855145,9.19591010973193,930.2123902089689,0.0,75,0.1437126354386682,1.0
1.280000000000717,9.997669279046915,9.20438549305299,931.9278353519678,0.0,75,0.1845512659383585,1.0
1.300000000000737,9.99927064109982,9.213265611852222,933.7268955799257,0.0,75,0.23227000330893333,1.0
1.320000000000757,10.00073829778544,9.222571577171786,935.6140914566258,0.0,75,0.28726305772898253,1.0
1.340000000000777,10.002079479970332,9.232358822483743,937.6009436980274,0.0,75,0.34988212299225313,1.0
1.360000000000797,10.003299719756708,9.242695716150436,939.7016651148018,0.0,75,0.4204367372857411,1.0
1.380000000000817,10.00440280608749,9.253628599484584,941.9260648291893,0.0,75,0.49919515175997664,1.0
1.400000000000837,10.00539101977113,9.26515457840557,944.2739829792466,0.0,75,0.5863855819038923,1.0
1.420000000000857,10.006266138656212,9.277215147387667,946.7339298001107,0.0,75,0.6821977391797365,1.0
1.440000000000877,10.007006871024611,9.289457600858555,949.2342476996366,0.0,75,0.7867845592581546,1.0
1.460000000000897,10.007643901693603,9.302338211194922,951.8684581500285,0.0,75,0.9002640590474633,1.0
1.480000000000917,10.008286326611298,9.317316530251931,954.9362605739648,0.0,75,1.0227212679866924,1.0
1.500000000000937,10.008761853592414,9.33050381583624,957.641316030681,0.0,75,1.1542101901572608,1.0
1.520000000000957,10.010471112623128,9.363145004077849,964.3533280412678,0.0,75,1.2947557629953417,1.0
1.540000000000977,10.01838860493845,9.5369812524355,1000.4941255023684,0.7569801865521555,75,1.4443557860403882,1.0
1.560000000000997,10.035948659426777,10.133456260507588,1129.5562936198246,0.0,75,1.6029827994780508,1.0
1.580000000001017,10.06481575023028,11.246238818674257,1391.2567632332132,1.4216510474648243,75,1.770585897435334,1.0
1.600000000001037,10.0929718486178,12.771505090213932,1794.224764962964,7.381740472613161,73,1.947092465239513,1.0
1.620000000001057,10.118529440083577,14.689646593374555,2373.642887420647,0.12912589601843943,75,2.132409833310979,1.0
1.640000000001077,10.155819252911057,17.3996315342618,3330.2189528088543,104.49895233809087,70,2.3264268431522317,1.0
1.660000000001097,10.214656332898818,21.314239246612185,4997.264741280055,312.8191829260325,73,2.529015323130018,1.0
1.680000000001117,10.276683455662809,26.083632460849454,7483.914705879473,478.8261583912051,73,2.740031473517684,1.0
1.700000000001137,10.33720671904391,30.54204438300285,10260.981226026475,7341.729875938734,74,2.959317161648952,1.0
1.720000000001157,10.389397962355693,33.76768737995174,12542.823820891672,24010.396732971385,72,3.186701129098946,1.0
1.740000000001177,10.40633590372489,35.14131401554636,15038.070580867088,12549.19526124471,73,3.4220001136092777,1.1070403235753035
1.760000000001197,10.422237152235896,33.973293609204546,16095.336328249256,3356.819146745309,71,3.6650198890595225,1.267745466158423
1.780000000001217,10.457131003367264,32.30838119440878,16420.57856718686,362.62123787966397,69,3.91555622719626,1.4300965973129665
1.800000000001237,10.490945224344882,30.58260949381758,16399.033348579418,1603.8043572959741,73,4.173395785097353,1.5939565741817905
1.820000000001257,10.537520067856077,28.715253693262987,15956.231066103403,105.04916422616641,71,4.438316922500783,1.759188253907752
1.840000000001277,10.58368334576643,26.705029263982077,15106.267436003476,615.3704507068536,74,4.710090453187765,1.9256544936337052
1.860000000001297,10.598528264424276,24.636202509603923,13975.093033934007,1967.2747635455858,73,4.988480334598238,2.0932181505025103
1.880000000001317,10.622639646670551,22.567067539763798,12670.27441618139,42.6658818695543,71,5.273244299790079,2.2617420816570233
1.900000000001337,10.662769574573714,20.472852047029804,11208.571459396015,23.142072119625617,74,5.5641344357429565,2.4310891442401004
1.920000000001357,10.70315741809905,18.236951545385924,9516.076583937207,85.35349582260399,68,5.860897711867634,2.601122195394597
1.940000000001377,10.739640913926698,16.114313104346408,7917.045553945897,1175.427788093266,71,6.163276462417257,2.771704092263372
1.960000000001397,10.769460361916174,14.042422780974439,6382.964404640183,669.9310835155923,74,6.471008826318719,2.942697691989281
1.980000000001417,10.778570896030145,11.908054735297771,4857.22448148723,363.4472510717993,72,6.783829147754112,3.1139658517151814
2.000000000001437,10.795667702455269,9.796973957707847,3468.654698261632,325.35599366195635,72,7.101468340629415,3.2853714285839297
2.020000000001346,10.83006470662246,7.779292626985075,2301.146670181855,381.0755185416232,71,7.423654219874134,3.4567772797374317
2.040000000001255,10.877071810800972,5.794915577620259,1340.169494695227,401.76001780957796,70,7.7501118023235644,3.628046262319496
2.060000000001164,10.933218274202682,3.8495243019632848,619.2711154313271,772.5631161918313,63,8.080563579748443,3.799041233472983
2.080000000001073,11.015882029509687,1.9344356158853762,163.3995032604916,475.7588661540386,71,8.41472976641478,3.9696250503407517
2.100000000000982,11.075749207799364,0.02784545717586282,0.03530743134230773,30.3470838560343,70,8.752328523382278,4.13966057006566
2.120000000000891,11.134446572426814,-1.847227936129353,161.73768716229333,28.40540397211385,74,9.093076161583538,4.309010649790569
2.1400000000008,11.190136746654515,-3.6719012197665784,664.0701491927819,94.88815868617945,71,9.43668732556812,4.477538146658334
2.160000000000709,11.24878204030509,-5.4261761415731184,1504.4441896735493,140.081003650429,71,9.782875159646437,4.645105917811819
2.180000000000618,11.316342505422197,-7.113093871055739,2677.917475442505,234.18269160395144,68,10.131351458028211,4.811576820393881
2.200000000000527,11.393371127863961,-8.424986596874223,3885.8184615602345,523.0448876392834,69,10.481826800419146,4.9768137115473765
2.220000000000436,11.445138335842767,-8.672124956049466,4252.6952585771205,1697.6449902617787,68,10.834010674416954,5.140679448415168
2.240000000000345,11.485942696130655,-7.400882722241581,3195.0994298749433,10648.836066169459,69,11.187611585933665,5.303036888140112
2.260000000000254,11.517536249680195,-4.656617021278729,1303.2401730107806,16252.701456670588,70,11.542337158765697,5.463748887865071
2.280000000000163,11.513896044060875,-1.2764429387788345,100.7717341003961,19624.868463157196,70,11.897894224335053,5.622678304732899
2.3000000000000718,11.472380886409967,1.0357506180999296,68.20362879397811,22523.908904665983,69,12.253988902534777,5.779687995886458
2.3199999999999807,11.384761470798209,1.1784611582764684,90.66040822309613,21176.270436354796,72,12.61032667452846,5.9346408184686075
2.3399999999998897,11.358903818288319,0.28514608653737944,5.444516643445632,19942.83628903408,70,12.966612448276543,6.0873996296222055
2.3599999999997987,11.42595429435174,-0.5492357928792384,20.6987297648896,29992.185519472652,70,13.322550617492602,6.237827286490111
2.3799999999997077,11.509626903080466,1.1916758689385525,99.75240604080813,45033.44124998071,71,13.677845114667353,6.385786646215183
2.3999999999996167,11.568536523889037,9.061291664356744,5898.776418991824,27272.00746998854,72,14.032199458739552,6.531140565940281
2.4199999999995256,11.614692752307688,20.341429888752405,30375.658327622,2305.0443175906785,73,14.385316797938764,6.673751902808263
2.4399999999994346,11.555885693776148,24.046411153265502,43337.358002170964,15654.074877662553,70,14.736899948275626,6.81348351396199
2.4599999999993436,11.471563303116643,22.480184663440536,38635.774903677506,2015.593333834787,70,15.086651428110217,6.950198256544321
2.4799999999992526,11.46276900630429,20.086080824685048,31437.418294761224,1223.0207208310653,72,15.434273489188303,7.083758987698111
2.4999999999991616,11.434655049493568,17.823585777951166,25209.29520144035,8739.606286398664,68,15.77946814449717,7.214028564566223
2.5199999999990705,11.401006408575832,15.684466881155005,19864.595781266366,3051.2516403010036,66,16.121937193260255,7.340869844291513
2.5399999999989795,11.385683675288018,13.555293065432123,15086.573585610038,2375.003864361365,65,16.461382243357246,7.464145684016847
2.5599999999988885,11.393466336468217,11.444382670711484,10925.961267117957,1461.9683661133,68,16.797504731429473,7.583718940885073
2.5799999999987975,11.410492368993262,9.49520366085049,7635.915190258468,2390.584892209164,65,17.13000594090487,7.6994524720390585
2.5999999999987065,11.412333589028265,7.650336895588288,5028.889254009237,1489.0433045064347,65,17.458587018153203,7.811209134621656
2.6199999999986154,11.413009719315172,5.867576842536031,2998.9724175298456,546.6849839858477,65,17.782948986961834,7.918851785775733
2.6399999999985244,11.411949277269168,4.127764319029574,1503.5514668455673,178.88076787238634,62,18.102792761503977,8.02224328264414
2.6599999999984334,11.402053246763083,2.3455442735783785,491.4763753587128,189.32513036947705,61,18.417819157952813,8.121246482369749
2.6799999999983424,11.377320752373999,0.5606750712551659,28.40933270549196,1492.4323694185484,70,18.727728904881097,8.215724242095401
2.6999999999982514,11.351541443838581,-1.1183544992206227,114.26665324224365,631.4907280330267,70,19.032222652571132,8.305539418963965
2.7199999999981603,11.35605119772807,-2.3321186182472977,501.97794832807494,5768.688578975167,68,19.331000981346953,8.390554870118304
2.7399999999980693,11.408919810127706,-0.8699926818844805,70.52446059795669,27685.53490719568,67,19.623764409030578,8.470633452701266
2.7599999999979783,11.483210234038856,6.041039607225075,3430.52465118032,57796.20162806583,69,19.910213397612264,8.545638023855721
2.7799999999978873,11.572639828187251,19.661183681371444,36634.396117882774,77334.01753454117,67,20.190048359217272,8.61543144072452
2.7999999999977963,11.72586187806301,33.97363756561357,110202.21733636182,52513.8362214619,68,20.462969661441385,8.679876560450527
2.8199999999977052,11.840074683646606,42.89360465850378,176860.71463894457,6175.728322653134,69,20.72867763212191,8.738836240176592
2.839999999997614,11.861143732501843,45.631170477032384,201378.05623543606,16232.121656986672,69,20.986872563602418,8.79217333704559
2.859999999997523,11.866408979098988,43.98724814593617,188142.2308253244,516.7356994955238,68,21.2372547165449,8.839750708200365
2.879999999997432,11.907304654479079,41.85271688435175,171128.74005023047,390.5601656837914,74,21.47952432333624,8.881431210783788
2.899999999997341,11.951704050080428,39.75887245108235,155054.13590770544,2163.063072349623,71,21.71338159113184,8.917077701938709
2.91999999999725,11.973972390055463,37.84686156266425,140963.9852446964,40.303632567237,73,21.938526704574812,8.94655303880799
2.939999999997159,12.001510730244348,35.827964547579946,126653.10660258484,337.5926903944778,72,22.154659828224524,8.96972007853449
2.959999999997068,12.007357281505229,33.578886049369245,111458.45395542329,1623.0160105272341,72,22.361481108725616,8.98644167826107
2.979999999996977,12.00187720228567,31.091085740876473,95662.5474494334,24.061994849017342,72,22.558690676744863,8.996580695130586
2.999999999996886,12.021634183932933,28.489491359757565,80353.46055339064,158.9076872548341,72,22.745988648699907,8.999999986285896
3.019999999996795,12.066933205979131,26.231858069461406,68122.92739986039,231.1702328554566,73,22.923082898871865,9.0
3.039999999996704,12.12628838348183,23.900741146340874,56553.29730709478,200.82760310660353,72,23.089781223212203,9.0
3.059999999996613,12.187340265747492,21.467606935222157,45624.95660499465,232.04028305191568,73,23.24606933481702,9.0
3.079999999996522,12.228586342484025,19.121137189428016,36196.170854275784,174.1429873732696,70,23.392081324159868,9.0
3.099999999996431,12.271128429031137,16.96169025660324,28482.19469973398,72.90236185831749,71,23.528064807258758,9.0
3.11999999999634,12.331786407473812,14.930375644826826,22068.69557266817,87.36582296119062,72,23.654352237303115,9.0
3.139999999996249,12.390365184766265,12.96319360095865,16636.394445257596,50.99935663848916,73,23.771337409865758,9.0
3.159999999996158,12.42151004022035,11.021251157295424,12025.329730146388,0.0,75,23.87945633496648,9.0
3.179999999996067,12.453551918162136,9.106977701407114,8210.767242538714,5.793865232523302,74,23.979171772114746,9.0
3.199999999995976,12.466951056554588,7.245873069155216,5197.764976896575,17.967438925497966,73,24.070960829823285,9.0
3.219999999995885,12.502488845422844,5.4404370673526365,2930.237192898631,26.33168124103345,69,24.155305121380515,9.0
3.239999999995794,12.558574039958959,3.716324122201172,1367.2954331441767,24.739474753015898,74,24.23268304597927,9.0
3.259999999995703,12.608935262770583,2.0399369415768995,411.9729298354013,42.19298808694737,73,24.303563830437927,9.0
3.2799999999956118,12.656015136856826,0.3769227750073189,14.065007053602578,198.58557014854392,73,24.36840302327277,9.0
3.2999999999955207,12.693609727549148,-1.3201150849807377,172.52767992177633,85.78363225577695,73,24.427639181139487,9.0
3.3199999999954297,12.72622193050094,-3.0784204367267445,938.1905661404311,47.22324525972553,70,24.481691528819905,9.0
3.3399999999953387,12.752688250666687,-4.694865017782541,2182.1339959846273,287.5495144908337,68,24.53095840899105,9.0
3.3599999999952477,12.774950841873563,-5.991533518195744,3553.9489160666435,1665.028187519425,62,24.57581636784581,9.0
3.3799999999951567,12.760579370662999,-6.701007950166685,4445.447247271514,3342.9448356086587,62,24.61661974798026,9.0
3.3999999999950656,12.758339843078273,-6.477534823553859,4153.887281644939,9695.677625796983,57,24.65370068147046,9.0
3.4199999999949746,12.765276369707326,-5.130168665669853,2605.544423283859,17006.134409349237,49,24.68736939428092,9.0
3.4399999999948836,12.787387023553212,-2.9327047421813566,851.4749533764887,18776.82683003408,41,24.717914748554353,9.0
3.4599999999947926,12.787119063207651,-2.163023210456631,463.18827148843707,10940.376055574206,46,24.745604962344,9.0
3.4799999999947016,12.744162417136364,-3.700902303899318,1355.9711084377207,1528.5541061540173,45,24.770688457306033,9.0
3.4999999999946105,12.698053558398158,-5.727488541156882,3247.608373919256,740.7620156190337,40,24.79339479408585,9.0
3.5199999999945195,12.624172574994198,-7.681074109720267,5840.891048422484,3786.256345690802,42,24.813935662859166,9.0
3.5399999999944285,12.53161342302684,-9.61943772663467,9160.824635483637,2117.0008049171724,42,24.832505902950967,9.0
3.5599999999943375,12.420843383243835,-11.414154481704665,12898.00933068965,804.7902411832653,61,24.849284530848227,9.0
3.5799999999942465,12.295524613869324,-12.440325734784754,15321.408734367233,5819.867679952898,57,24.864435760401,9.0
3.5999999999941554,12.234293095076772,-12.032078333644312,14332.319993668336,13800.917879659493,51,24.878110002719502,9.0
3.6199999999940644,12.221995891982996,-9.994452439300007,9889.018876581555,29409.37087904527,45,24.890444836332563,9.0
3.6399999999939734,12.323504504806303,-4.861980198858241,2340.2462939548727,47969.04550211688,51,24.901565940687192,9.0
3.6599999999938824,12.471392844289586,4.659423184645765,2149.3122169478333,60517.46781198887,34,24.91158798811685,9.0
3.6799999999937913,12.511796498810174,16.904493169901425,28290.42704379315,60849.00598095289,35,24.920615491068617,9.0
3.6999999999937003,12.49494144266962,24.736014755036177,60575.17217017538,35883.245595864144,36,24.928743602718082,9.0
3.7199999999936093,12.468313343055277,26.330214741834414,68634.74062676032,11123.362991327207,56,24.936058870165088,9.0
3.7399999999935183,12.472822692789906,24.790099038561916,60840.35202382914,3989.627401870238,57,24.942639940245705,9.0
3.7599999999934273,12.491551866840888,22.71033013528344,51060.15039050274,3842.0148378398094,50,24.948558218648337,9.0
3.7799999999933362,12.484544272328023,20.858473744578706,43072.51676837465,3758.5835459775035,46,24.95387848352001,9.0
3.7999999999932452,12.481656880226561,19.78801702113627,38764.9961452491,4503.6954033007305,42,24.958659455120035,9.0
3.819999999993154,12.494195935919807,19.07750139483152,36031.15488751005,5775.29220582601,46,24.96295432334611,9.0
3.839999999993063,12.515064140688668,17.902162171134794,31728.253629759354,2192.9656588964635,53,24.966811235138284,9.0
3.859999999992972,12.528190523910997,16.764117757518637,27822.528774607217,2460.8582115932463,57,24.97027374388139,9.0
3.879999999992881,12.52740577716314,15.184213157376892,22825.472591657093,1662.8116583608323,63,24.973381222984546,9.0
3.89999999999279,12.528798769196374,13.339623010845733,17616.608665077012,570.0805249313493,58,24.976169245831898,9.0
3.919999999992699,12.51321812286487,11.511821262054188,13119.680848178803,189.02235321650113,59,24.978669934280095,9.0
3.939999999992608,12.487688293691805,9.676060611651579,9268.988747075156,391.29927397771485,54,24.980912277833202,9.0
3.959999999992517,12.46437154992779,7.924890967786579,6217.585788279225,822.0182233588446,64,24.98292242556089,9.0
3.979999999992426,12.422349279217507,6.72255698498417,4474.084469219586,5424.79616860654,56,24.98472395274709,9.0
3.999999999992335,12.44642192483737,7.128566783083903,5030.829973707831,13952.982532787415,45,24.986338104166816,9.0
4.019999999992466,12.529913246855273,9.84942918931772,9604.114280183006,22992.83424153558,40,24.98778401579293,9.0
4.039999999992597,12.75587484791227,14.044595120629817,19527.814558139467,34512.42231599135,42,24.989078916635197,9.0
4.059999999992728,12.929911796619809,20.405655822907477,41222.68816673283,37670.33443051593,40,24.99023831231242,9.0
4.079999999992859,12.91846041037201,26.32349437746264,68599.70926779043,24536.661584386904,41,24.991276151858212,9.0
4.09999999999299,12.879442120331436,25.588946109338682,64824.622135677295,734.572458758598,45,24.992204979159624,9.0
4.119999999993121,12.799986216739725,22.86093643632801,51739.61905983714,1832.9897301678625,47,24.993036070333055,9.0
4.139999999993252,12.618879623912404,20.468391739170677,41476.55097842689,10761.959746141601,49,24.993779558246956,9.0
4.159999999993383,12.226493188130767,18.15379792436069,32626.47752877372,18533.786777946458,46,24.99444454531141,9.0
4.179999999993514,12.17028245137525,15.435576991580302,23587.446669237317,17254.608493551536,48,24.99503920556941,9.0
4.199999999993645,12.255076975358477,12.99134904609571,16708.7398537117,10892.408037477002,46,24.995570877044127,9.0
4.219999999993776,12.347781088885007,11.346479071428158,12745.516144517364,2684.061868389582,50,24.99604614521983,9.0
4.239999999993907,12.391614763500943,9.718895124333065,9351.235321340717,802.7979394755187,60,24.996470918463096,9.0
4.259999999994038,12.346576563130567,8.276178814892328,6781.018441831185,614.8258348202828,56,24.99685049612344,9.0
4.279999999994169,12.232087867722155,6.66108585397452,4392.636410647927,2652.052070341782,52,24.99718962999132,9.0
4.2999999999943,11.967232558972144,4.837859432279952,2317.08350476351,7850.703407241139,52,24.997492579732384,9.0
4.319999999994431,10.920135848478552,2.696776243622395,719.9876087084454,37345.64328929578,47,24.997763162863816,9.0
4.339999999994562,9.992010489451381,-0.48504862062220977,23.29194427238333,37165.16768529269,46,24.99800479978897,9.0
4.3599999999946935,9.88565677027576,-3.0830013538602645,940.9848374425183,13201.8489038093,45,24.998220554360667,9.0
4.3799999999948245,9.905157141081961,-4.97719148408671,2452.471071857261,5912.627630592608,43,24.998413170401253,9.0
4.3999999999949555,9.933061596631772,-6.613646252008552,4330.29135792397,4888.875497508859,47,24.998585104568388,9.0
4.4199999999950865,10.048302104526408,-7.646428214372479,5788.318579317598,5073.085945078194,42,24.99873855592109,9.0
4.4399999999952176,10.16913247601765,-6.691583299714908,4432.951418645322,13226.34389156815,50,24.99887549250668,9.0
4.459999999995349,10.23613239507093,-1.447059838483841,207.3042354391351,30972.14267815125,39,24.998997675260036,9.0
4.47999999999548,10.280398960942637,3.7116744801449952,1363.8762172094025,30175.32249267745,33,24.99910667947936,9.0
4.499999999995611,10.267707992567752,4.049041654062399,1623.0790933169042,22499.745999748913,40,24.99920391411744,9.0
4.519999999995742,10.154422723686361,1.8225302025881691,328.8400175952612,22633.74178566922,43,24.99929063910507,9.0
4.539999999995873,9.77082207572171,-0.5858892418041878,33.983354162526716,26924.440829497435,40,24.99936798090252,9.0
4.559999999996004,8.99289361351827,-2.9806406283329467,879.5376369716334,35492.36687457439,38,24.99943694645549,9.0
4.579999999996135,8.93358105138134,-5.2693106650726,2748.7978536197365,24587.686374642337,38,24.999498435716184,9.0
4.599999999996266,8.98656140972829,-1.7894819380490845,317.0223150537868,39909.373589620685,49,24.999553252873557,9.0
4.619999999996397,9.084126460882693,10.564820992282284,11049.928817297874,63633.899195144884,38,24.999602116422615,9.0
4.639999999996528,9.194091133283797,24.7501085389241,60644.21939616384,48325.30641010677,36,24.999645668191317,9.0
4.659999999996659,9.004328311560561,29.358116469105312,85328.0012587417,25544.06696957948,40,24.999684481429778,9.0
4.67999999999679,8.646346062964724,26.841144466990503,71324.25659348763,14703.27829190351,46,24.999719068058347,9.0
4.699999999996921,8.488947944266025,23.94332417295616,56754.994472675404,5841.800269392649,50,24.999749885159687,9.0
4.719999999997052,8.304519049625073,21.442664804617856,45518.99951839654,2885.4866931438637,43,24.9997773407929,9.0
4.739999999997183,7.978965886870789,19.267478213600885,36752.33595444689,3650.3480797572397,39,24.999801799198753,9.0
4.759999999997314,7.681029313259684,17.005107554348857,28628.194610562285,5242.328568544666,47,24.99982358545949,9.0
4.779999999997445,7.506639307636037,14.777489340815167,21619.044930572683,8029.661943050737,47,24.999842989668608,9.0
4.799999999997576,7.4019344388761,12.760937511379371,16121.311090763586,12658.4574041859,44,24.99986027066207,9.0
4.819999999997707,7.561961062049787,11.037994384711395,12061.894683655108,7951.479752201274,42,24.99987565935607,9.0
4.839999999997838,7.743187849899997,9.795103756017108,9498.461701522905,2372.3193293581962,42,24.99988936173217,9.0
4.859999999997969,7.866232236107312,9.09528518519506,8189.697047402845,3080.51537182567,50,24.99990156150677,9.0
4.8799999999981,7.919545351741446,8.15209411870188,6579.207213497204,178.0036759537927,63,24.99991242251788,9.0
4.899999999998231,7.8815794770744585,6.683378763737703,4422.08761825843,2075.632325359753,59,24.999922090858426,9.0
4.919999999998362,7.803873334918159,4.949175395909048,2424.9393728476766,2282.6704765906534,54,24.999930696782915,9.0
4.939999999998493,7.716014505194992,3.1173003299305253,962.0385733515112,182.48353147003877,57,24.999938356411285,9.0
4.959999999998624,7.691864395191955,1.280974756385496,162.4487363231912,392.4559709469567,63,24.99994517325113,9.0
4.979999999998755,7.6752891692658105,-0.2382460759253216,5.619358076687597,651.4529133747833,58,24.999951239557397,9.0
4.999999999998886,7.748016838919238,-0.5088028250389782,25.629151161996862,2814.732211519566,57,24.999956637546987,9.0
5.019999999999017,7.8582260757132225,2.5895965100817673,663.8949984177392,6909.463694611798,54,24.999961440483155,9.0
5.039999999999148,7.956695242679362,9.031598508109107,8075.407389556188,24295.435476185827,49,24.999965713643828,9.0
5.059999999999279,8.005628041325801,12.066663675623376,14414.832853800255,13192.495083307358,56,24.999969515186233,9.0
5.07999999999941,7.954437779719171,9.984827692025622,9869.981619904729,4266.564806399471,48,24.999972896918468,9.0
5.099999999999541,7.82318429203055,6.840683356963572,4632.699930233602,4459.870385208429,46,24.99997590498814,9.0
5.119999999999672,7.605173901323314,3.940673915317238,1537.3621797793073,6550.26069512589,42,24.999978580496936,9.0
5.139999999999803,7.050522356286397,1.3018400548508093,167.78396531298185,9185.174048209275,42,24.999980960049015,9.0
5.159999999999934,6.496389552066507,-1.010469091652221,101.083730733262,9572.034406463114,39,24.999983076240067,9.0
5.180000000000065,6.130971925976605,-3.066971628414387,931.2251819803809,8597.913919466559,41,24.99998495809369,9.0
5.2000000000001965,6.218343269632764,-4.932710832837598,2408.8319798789457,4273.872251339814,46,24.999986631450636,9.0
5.2200000000003275,6.329057855664888,-6.578576580870471,4284.489313207364,2589.12323964566,56,24.999988119315915,9.0
5.2400000000004585,6.440090173381477,-8.122442987671699,6531.433928709737,6230.96042884058,55,24.99998944216813,9.0
5.2600000000005895,6.478742484025965,-9.846333250577446,9598.077569661275,14084.034303470444,46,24.99999061823542,9.0
5.280000000000721,6.129697225386124,-11.481415575290164,13050.467457639043,24806.83095519436,50,24.99999166374166,9.0
5.300000000000852,5.85675074185681,-10.48763882520012,10889.06624465665,27052.094336297087,53,24.999992593125416,9.0
5.320000000000983,5.891114437884417,-7.276720071695575,5242.114845179908,34374.17962202461,56,24.999993419235434,9.0
5.340000000001114,5.963050346750732,1.7101891262403932,289.5499379035771,37264.00766289942,56,24.999994153505053,9.0
5.360000000001245,6.012998387804774,15.094339997087507,22556.07089481989,29941.523170486544,49,24.99999480610705,9.0
5.380000000001376,6.038893363790575,24.710022253406926,60447.934776622686,27267.137106214657,44,24.99999538609218,9.0
5.400000000001507,6.033308507429723,27.992925004086235,77576.78117815524,12312.969352404263,54,24.99999590151213,9.0
5.420000000001638,6.004717967162468,26.27174043400434,68330.23019773814,2169.2382213265255,53,24.9999963595295,9.0
5.440000000001769,5.990419606633589,23.018015097894036,52453.0728856409,3909.420069072219,48,24.999996766515427,9.0
5.4600000000019,5.65117563692122,19.61856805427014,38103.93303750285,20527.366781868026,45,24.99999712813652,9.0
5.480000000002031,4.767298219305438,16.479322192425816,26885.237932256023,18565.63688535229,52,24.99999744943271,9.0
5.500000000002162,4.4923819708791495,14.205079687693015,19976.644604437162,9571.461208784185,51,24.99999773488608,9.0
5.520000000002293,4.473090393162977,12.125887549670296,14556.677737857659,10193.12851053235,48,24.99999798848225,9.0
5.540000000002424,4.484922871208376,10.248295770551422,10397.729053869514,350.83377214048244,55,24.999998213765302,9.0
5.560000000002555,4.422734939308845,8.714160304741052,7517.722391855742,317.0140018385447,55,24.999998413886555,9.0
5.580000000002686,4.3903471463378985,7.2627984872723195,5222.075944805784,172.28655619491664,52,24.999998591647703,9.0
5.600000000002817,4.387994430529892,5.8631868336876956,3403.319024826146,187.80128941382222,49,24.999998749539518,9.0
5.620000000002948,4.4048752341091895,4.48547125567651,1991.8257861645202,147.63672174413114,50,24.999998889776357,9.0
5.640000000003079,4.435342666459903,3.1097104435267826,957.3596052153745,54.163817177232715,54,24.999999014326562,9.0
5.66000000000321,4.4669920447962195,1.7779308125054518,312.9427594315733,49.26432498557127,69,24.999999124939695,9.0
5.680000000003341,4.498952416599443,0.4644609863138892,21.356676772959407,50.98554233407943,68,24.999999223170924,9.0
5.700000000003472,4.531087157735376,-0.8298662479412304,68.17912095773352,104.32260427026033,69,24.999999310402377,9.0
5.720000000003603,4.562940602405017,-2.0665098670602577,422.775840035083,140.16707761511373,66,24.99999938786242,9.0
5.740000000003734,4.593284358768231,-3.3264202671045835,1095.4421075470086,241.46081108702057,65,24.9999994566426,9.0
5.760000000003865,4.62281691286576,-4.663335422754033,2152.9230292461407,104.74302113851837,68,24.999999517713004,9.0
5.780000000003996,4.654015949421022,-5.932493265238212,3484.2531578675776,239.0213426657723,61,24.999999571935565,9.0
5.800000000004127,4.536840447386305,-7.13472888150075,5039.531265039573,1825.263372448631,57,24.99999962007607,9.0
5.820000000004258,4.444950321055658,-8.273455344657496,6776.556270664127,2662.481399168823,61,24.99999966281499,9.0
5.840000000004389,4.4011940850032305,-9.23793828654314,8448.610874811979,5109.152618928559,62,24.999999700756902,9.0
5.86000000000452,4.377527698328952,-10.132903030264858,10164.896658254323,9230.379078232369,60,24.999999734438866,9.0
5.880000000004651,4.393423996992668,-11.045457311140325,12078.210594010103,13146.998282415454,54,24.999999764338025,9.0
5.900000000004782,4.438273368924201,-12.03809458140492,14346.656393934198,20463.978784861578,55,24.999999790878167,9.0
5.920000000004913,4.497358101076416,-9.693084407820324,9301.632648375818,35139.86399811672,55,24.999999814435736,9.0
5.940000000005044,4.532496223739201,-2.72558112581006,735.4504548638315,42197.46861355337,48,24.999999835345182,9.0
5.960000000005175,4.499273020717138,5.034141306017692,2508.915290206398,31220.848293774463,48,24.999999853903407,9.0
5.980000000005306,4.431591415580186,10.20255263102611,10305.115938696923,20612.805402285798,50,24.99999987037428,9.0
6.000000000005437,4.461812082662071,12.850414346343928,16348.181738399462,12104.901289144142,54,24.999999884992,9.0
6.0200000000055685,4.517964030520949,13.961348466445163,19297.00584914956,6650.676248254549,58,24.999999897964578,9.0
6.0400000000056995,4.55693704017696,13.950648708795923,19267.439340226705,2809.5200654326713,63,24.9999999094768,9.0
6.0600000000058305,4.570672713690971,13.249431188289902,17379.19525450969,663.4352934531034,62,24.99999991969267,9.0
6.0800000000059615,4.557810700273984,12.463828973143036,15379.35623450422,833.1544245585169,60,24.99999992875788,9.0
6.1000000000060925,4.581767222101474,11.414818376600126,12899.509778506024,126.49179606375975,68,24.999999936801753,9.0
6.120000000006224,4.586229885891721,10.272830810899766,10447.574234067783,222.3102587596289,61,24.999999943939134,9.0
6.140000000006355,4.581920525141381,9.135778553572315,8262.782528211275,159.02430125528394,61,24.999999950271913,9.0
6.160000000006486,4.586441904040521,7.749929331826523,5946.0790601822055,310.9639057951867,66,24.999999955890637,9.0
6.180000000006617,4.583460733401268,6.26771587344299,3889.1419647507128,677.2864709914454,66,24.999999960875666,9.0
6.200000000006748,4.577228791705771,4.8277618980165835,2307.421209450128,824.9470949883174,63,24.999999965298322,9.0
6.220000000006879,4.575709348481164,3.4435016306591355,1173.9126445548604,825.2465433622637,64,24.999999969221907,9.0
6.24000000000701,4.591406548115976,2.2275394790269667,491.2312809317493,559.8924013827597,60,24.999999972702653,9.0
6.260000000007141,4.600024355510444,1.2458726437965872,153.6676658115091,303.9815671890012,62,24.999999975790434,9.0
6.280000000007272,4.588257417874457,0.6395375068611745,40.491814045538476,731.0085497543283,61,24.99999997852954,9.0
6.300000000007403,4.558580997061921,0.4693288282283169,21.806685351610334,2592.1059512068464,55,24.999999980959263,9.0
6.320000000007534,4.538280497302089,0.7563322003222563,56.63180132718627,3188.6891253825343,54,24.9999999831145,9.0
6.340000000007665,4.538152897069147,1.4372999114740936,204.5172725168203,3439.5706172122455,57,24.99999998502616,9.0
6.360000000007796,4.551370317436679,2.12002599649499,444.95651235564304,4596.859984684457,55,24.999999986721765,9.0
6.380000000007927,4.5610399707269265,2.766236630506257,757.5544444995064,5549.070071923924,53,24.99999998822568,9.0
6.400000000008058,4.563751619328463,3.2237001848188083,1028.832045278481,6729.109415457846,54,24.999999989559527,9.0
6.420000000008189,4.569041989298664,3.9217421394085448,1522.6260793932581,8013.383921994471,49,24.999999990742506,9.0
6.44000000000832,4.583057160172959,4.9253929697659276,2401.6900947553427,9124.132108427915,50,24.99999999179164,9.0
6.460000000008451,4.602026464872439,6.098821750355113,3682.3670475178565,9633.60435666378,46,24.99999999272207,9.0
6.480000000008582,4.621536099945785,6.87892358265124,4684.639375939581,8371.647053675286,46,24.999999993547203,9.0
6.500000000008713,4.6400053694123855,7.217112535736356,5156.584621994803,5831.87212297217,49,24.999999994278934,9.0
6.520000000008844,4.655948907223438,7.137032982552456,5042.786739610118,5143.4065489807945,50,24.9999999949278,9.0
6.540000000008975,4.661247466017623,6.698448675464416,4442.0522511252675,3371.459747563682,55,24.99999999550319,9.0
6.560000000009106,4.663065820319693,6.023700946912204,3592.212336685267,2448.162018952152,60,24.999999996013404,9.0
6.580000000009237,4.674127599881339,5.285724647766469,2765.9496201485904,2291.654796263832,62,24.99999999646581,9.0
6.600000000009368,4.698517107994327,4.529148183843053,2030.8051438496736,2361.407034743981,59,24.999999996866947,9.0
6.620000000009499,4.7261020165448375,3.7886974330482306,1421.0685956794389,2699.648062939167,56,24.999999997222613,9.0
6.64000000000963,4.738161999345889,3.4293299376836766,1164.2700783278594,3422.4037623354247,56,24.99999999753796,9.0
6.660000000009761,4.744082627602719,3.6968696711859623,1353.0176912077259,6037.275794586975,55,24.999999997817554,9.0
6.680000000009892,4.763232765420412,4.619061887820058,2112.237539627668,8029.435346336244,54,24.999999998065455,9.0
6.700000000010023,4.805714515271148,6.217736556437968,3827.364540641243,8564.837021573896,51,24.99999999828523,9.0
6.720000000010154,4.849377382308241,7.898254556625362,6175.8600790840765,7311.675274618801,48,24.999999998480053,9.0
6.740000000010285,4.884949798851337,8.733650230592696,7551.387988682853,6503.922096047003,49,24.999999998652793,9.0
6.760000000010416,4.908376198846493,7.697726345428885,5866.2440980218835,620.4645251127512,58,24.999999998805897,9.0
6.780000000010547,4.919815447400011,5.910054652546554,3457.9458536126303,395.9775379715522,52,24.99999999894164,9.0
6.800000000010678,4.923739815337649,4.042582175589,1617.9045939925993,253.40408718591246,52,24.999999999061973,9.0
6.820000000010809,4.916702230537158,2.255999872318251,503.8640069660966,333.9613655793044,59,24.999999999168665,9.0
6.84000000001094,4.885375150008375,0.6862614925855443,46.62452878436817,352.098643297381,67,24.999999999263185,9.0
6.8600000000110715,4.8521871203089955,-0.5901734931641923,34.48217045132887,1381.8271282643652,65,24.999999999347022,9.0
6.8800000000112025,4.802356147907691,-1.1261868922784743,125.56139471764496,6734.26204836127,64,24.99999999942131,9.0
6.9000000000113335,4.753943935194046,-0.14270332127538918,2.016059552399667,13768.24671107398,65,24.99999999948714,9.0
6.9200000000114645,4.773746082096789,2.696430518774587,719.8030167153199,21040.376049771214,64,24.9999999995455,9.0
6.940000000011596,4.843678107575534,7.008646035223958,4862.99080545899,19928.147985464784,59,24.99999999959727,9.0
6.960000000011727,4.915640647311501,10.628740378858746,11184.042082077052,15554.158563449202,57,24.999999999643098,9.0
6.980000000011858,4.970121212089683,12.333734752446901,15059.980281427925,6891.390822926504,54,24.999999999683784,9.0
7.000000000011989,4.978720803034971,11.117443059250208,12236.156477391392,424.98214208915545,59,24.99999999971972,9.0
7.02000000001212,4.911490802664498,8.931536537819458,7897.462147713994,680.3715513137539,58,24.999999999751637,9.0
7.040000000012251,4.819015883057583,6.829041865662542,4616.945467494201,936.9783299948155,62,24.999999999779913,9.0
7.060000000012382,4.753316606434878,4.9377980846990654,2413.803142600518,994.6462511091278,69,24.999999999805016,9.0
7.080000000012513,4.738934745700896,3.2747898722756457,1061.7006220483547,1376.6984774737996,67,24.99999999982722,9.0
7.100000000012644,4.675089806960317,1.7844543234297756,315.2434460083146,2826.9654433666606,65,24.999999999846995,9.0
7.120000000012775,4.5709434168337815,0.5283046004371276,27.63146933346027,2393.834110770173,64,24.99999999986435,9.0
7.140000000012906,4.555577896744755,-0.7732280989660602,59.19028761003606,2483.0549298317474,63,24.999999999879787,9.0
7.160000000013037,4.560311283929068,-2.059674296212972,419.9835624415598,2336.684963618741,66,24.99999999989351,9.0
7.180000000013168,4.537024169842468,-3.2480128150545573,1044.4091374291045,2444.751724991027,65,24.999999999905786,9.0
7.200000000013299,4.440306682802944,-4.37919971767213,1898.5616265587064,4348.189087799524,62,24.999999999916444,9.0
7.22000000001343,4.375267760610821,-5.401750574965337,2888.7120181396967,6738.194483642765,61,24.99999999992584,9.0
7.240000000013561,4.317236781964449,-5.50606520466855,3001.358649768111,11231.017172203106,60,24.999999999934634,9.0
7.260000000013692,4.220268589766918,-4.166296887017189,1718.4449453261425,16320.377906916852,60,24.99999999994174,9.0
7.280000000013823,4.0838511903392165,-1.162905502188228,133.88257149494584,20510.751122115627,58,24.999999999948844,9.0
7.300000000013954,3.931686768780228,2.7913411839934867,771.3669749403579,19298.58028853639,55,24.99999999995422,9.0
7.320000000014085,3.8868609976838666,6.256803332585806,3875.611206323027,15155.481458911214,56,24.99999999995955,9.0
7.340000000014216,3.9264844090828417,8.764595486568615,7604.995270274714,11365.238796411408,56,24.99999999996453,9.0
7.360000000014347,3.988319470576531,10.474525741197954,10861.853260798836,8720.629787201777,54,24.999999999968082,9.0
7.380000000014478,4.0442188161469,11.389162615722501,12841.589483649728,6062.420285605062,57,24.999999999971635,9.0
7.400000000014609,4.092278683464696,11.398141614112578,12861.845593281127,3360.362265880894,57,24.999999999975188,9.0
7.42000000001474,4.103360887936603,10.750929022793168,11442.665010460509,1008.2949719862377,55,24.99999999997874,9.0
7.440000000014871,4.057217916605843,9.76252457670104,9435.38172495849,2403.0355311229278,45,24.999999999980545,9.0
7.460000000015002,4.017201205561552,8.799293485981874,7665.329019391861,734.0008710857743,55,24.99999999998232,9.0
7.480000000015133,4.0208207928381166,8.03864430690497,6397.3604270006335,3175.58062635951,51,24.999999999984098,9.0
7.500000000015264,4.008095329339209,8.035920315117393,6393.025515780725,5726.8245577693615,50,24.999999999985874,9.0
7.520000000015395,4.015679793151616,8.596807333460232,7316.604536534926,6798.41265250953,44,24.99999999998765,9.0
7.540000000015526,4.043545935996485,9.380601160099527,8711.572134361199,7109.972649406833,40,24.999999999989427,9.0
7.560000000015657,4.067345414419401,9.86079382541166,9626.290231860396,4181.126216557467,51,24.999999999991203,9.0
7.580000000015788,4.084158702154225,9.145674114371866,8280.69214562287,778.9368447115145,48,24.99999999999298,9.0
7.600000000015919,4.099344254221222,8.010309511922861,6352.340789203384,1003.2118994126447,52,24.99999999999447,9.0
7.62000000001605,4.112452637962541,6.855986773469744,4653.450909161215,912.4510383981262,53,24.99999999999447,9.0
7.640000000016181,4.126843667658836,5.6913945250930915,3206.8051923857024,483.3247337094869,60,24.99999999999447,9.0
7.660000000016312,4.136613367103998,4.569296296456701,2066.96839583648,376.2505776734861,61,24.99999999999447,9.0
7.6800000000164435,4.144419384196088,3.4706877584850986,1192.5216781729337,432.90075970701696,61,24.99999999999447,9.0
7.7000000000165745,4.161048987691706,2.4560707393259884,597.1960641807575,475.1258918919799,56,24.99999999999447,9.0
7.7200000000167055,4.1850153127868195,1.4363812377440286,204.2559149541637,710.5144356169322,51,24.99999999999447,9.0
7.7400000000168365,4.209113461144487,0.4830268669551144,23.0981804658469,1489.117469636502,46,24.99999999999447,9.0
7.7600000000169675,4.227590516078541,-0.522661653986782,27.04434525027166,839.7291467677913,41,24.99999999999447,9.0
7.780000000017099,4.252570497494129,-1.5118741392207526,226.29057787160468,479.1073617103094,40,24.99999999999447,9.0
7.80000000001723,4.258726297286775,-2.346344418708401,545.0278809892023,782.2354361505644,47,24.99999999999447,9.0
7.820000000017361,4.233267043880981,-2.8911672670503736,827.525968440289,3074.297592573021,50,24.99999999999447,9.0
7.840000000017492,4.205398697320756,-2.8599135960672424,809.7314719200563,5303.572094345354,41,24.99999999999447,9.0
7.860000000017623,4.189775354791086,-2.1275841474849875,448.1348161583127,8032.207988343881,33,24.99999999999447,9.0
7.880000000017754,4.186087706618909,-0.5758920597353842,32.833514782160066,12091.643501998753,32,24.99999999999447,9.0
7.900000000017885,4.197082376288675,1.7713888973466376,310.6440439386507,15135.11301187382,28,24.99999999999447,9.0
7.920000000018016,4.239282902648512,4.75852386157781,2241.7113847793344,18670.48570500842,30,24.99999999999447,9.0
7.940000000018147,4.307735042353255,8.370434221242558,6936.352736162703,20946.89142425475,33,24.99999999999447,9.0
7.960000000018278,4.373499765147972,12.19205440637824,14715.97287416062,19058.425919254554,35,24.99999999999447,9.0
7.980000000018409,4.423918917375573,14.950901410545368,22129.415845796902,14186.729103910826,34,24.99999999999447,9.0
8.00000000001854,4.469308727669765,15.780818122457347,24654.387840793745,4858.591573138375,44,24.99999999999447,9.0
8.02000000001867,4.514899569355192,14.680487875279995,21336.155701368054,1099.7184441767738,53,24.99999999999447,9.0
8.040000000018802,4.558636524623231,13.021596889403037,16786.636569460974,1156.2586498300395,48,24.99999999999447,9.0
8.060000000018933,4.580252856235784,11.267032024270753,12567.655052958327,102.51938994769894,62,24.99999999999447,9.0
8.080000000019064,4.592873296142555,9.662347433259088,9242.734834179839,448.06268293224696,63,24.99999999999447,9.0
8.100000000019195,4.599576302916341,8.277221740002844,6782.727573584396,843.1219674894546,62,24.99999999999447,9.0
8.120000000019326,4.616692414363528,7.119570945300055,5018.140754070911,1157.6106766274456,58,24.99999999999447,9.0
8.140000000019457,4.647681867005274,6.00936080811847,3575.1293148928767,840.1601712870254,61,24.99999999999447,9.0
8.160000000019588,4.684767616185202,4.751469482324361,2235.0697619045136,380.0266909034065,62,24.99999999999447,9.0
8.180000000019719,4.722772447817233,3.3603436670265623,1117.8990464920269,137.24727411414875,62,24.99999999999447,9.0
8.20000000001985,4.7523915689353124,2.0011690558677397,396.4630814260955,166.06960163580908,64,24.99999999999447,9.0
8.220000000019981,4.775654474382838,0.7457496774634018,55.05811556224002,562.5008985719467,56,24.99999999999447,9.0
8.240000000020112,4.795922286098699,-0.4021612763073982,16.01163552395835,673.5872491573188,49,24.99999999999447,9.0
8.260000000020243,4.8025808727031825,-1.603448032095862,254.53351357157715,508.7307873641517,50,24.99999999999447,9.0
8.280000000020374,4.793348624954677,-2.605458615170035,672.0530449410119,1319.164484073241,55,24.99999999999447,9.0
8.300000000020505,4.767784401871653,-3.09836411976063,950.3861616433863,4339.4695074367455,61,24.99999999999447,9.0
8.320000000020636,4.725800203639545,-2.284500728017541,516.6754140549548,10916.317957531517,50,24.99999999999447,9.0
8.340000000020767,4.709087844937124,-0.174815887485723,3.025498857224675,13896.934866015472,48,24.99999999999447,9.0
8.360000000020898,4.715884415620253,2.6953056104798376,719.202561054525,17343.543182404694,41,24.99999999999447,9.0
8.38000000002103,4.748170086024447,5.729363669028184,3249.73519714603,18105.674930678124,42,24.99999999999447,9.0
8.40000000002116,4.799298992080037,8.302632918762137,6824.437624987556,15309.296523073594,37,24.99999999999447,9.0
8.420000000021291,4.848847690115407,9.042896729360738,8095.62414453043,6638.680167933922,36,24.99999999999447,9.0
8.440000000021422,4.881662720692847,7.660651712295588,5809.872881052635,2820.344453391826,36,24.99999999999447,9.0
8.460000000021553,4.842730309665305,5.932782391084941,3484.5927830967876,3803.531804695639,34,24.99999999999447,9.0
8.480000000021684,4.771373324864507,4.137110894343071,1694.4529686571207,3263.0727695951723,48,24.99999999999447,9.0
8.500000000021815,4.77078575046051,2.494303651396717,615.9335198317285,2767.6037180706794,52,24.99999999999447,9.0
8.520000000021946,4.780835426382025,1.3586892093243168,182.7576003858994,3295.7421871026686,49,24.99999999999447,9.0
8.540000000022077,4.7495051374964,1.0258561214956905,104.18569741900791,6454.466847051267,44,24.99999999999447,9.0
8.560000000022209,4.757275888711088,1.786492459800835,315.96397558359854,9121.435335483138,52,24.99999999999447,9.0
8.58000000002234,4.81740533574987,2.52606409757411,631.7189826802373,9343.212757756448,47,24.99999999999447,9.0
8.60000000002247,4.872523745218993,3.118863837210016,963.0038518705823,8458.643653861807,45,24.99999999999447,9.0
8.620000000022602,4.897508407447457,3.4692747778360826,1191.5508809288303,7103.653671172115,42,24.99999999999447,9.0
8.640000000022733,4.901110035585158,3.500677976656211,1213.2198833283364,5080.272837562119,41,24.99999999999447,9.0
8.660000000022864,4.888187490253394,2.9996330912103972,890.7820695065599,3771.007590703581,41,24.99999999999447,9.0
8.680000000022995,4.876266259671081,2.310976193195968,528.7204855863342,3982.1912258986185,36,24.99999999999447,9.0
8.700000000023126,4.874952766713848,1.9131213337330915,362.3432905208836,5967.744519280239,36,24.99999999999447,9.0
8.720000000023257,4.869336069372982,2.1099472697407124,440.7358706275424,8726.467799173954,36,24.99999999999447,9.0
8.740000000023388,4.853451150338891,2.813404090205848,783.6090149039125,10098.5508731378,35,24.99999999999447,9.0
8.760000000023519,4.846173756801763,3.7896068098840834,1421.750857578462,10398.910718604518,33,24.99999999999447,9.0
8.78000000002365,4.861890023606414,4.692637926940718,2180.064220622886,9987.998385046021,36,24.99999999999447,9.0
8.80000000002378,4.892867152087151,5.43680666374388,2926.3278031940563,9210.766240472038,35,24.99999999999447,9.0
8.820000000023912,4.9224236108782415,6.055446377262278,3630.1746519619865,7956.857638621191,40,24.99999999999447,9.0
8.840000000024043,4.952897957201848,6.648560133409285,4376.13183290837,9644.499266147448,43,24.99999999999447,9.0
8.860000000024174,4.961009984623053,7.787392760180826,6003.705114130358,11322.484015907892,39,24.99999999999447,9.0
8.880000000024305,4.972826286933883,9.358306835310108,8670.212775557377,11843.84206726913,36,24.99999999999447,9.0
8.900000000024436,5.011085487770423,10.916292280809824,11797.378278846745,12075.136523922143,35,24.99999999999447,9.0
8.920000000024567,5.061834105510047,12.103675010853909,14503.395928068567,11695.483597121862,40,24.99999999999447,9.0
8.940000000024698,5.119718912944951,12.907611056049893,16494.035894251883,6926.651014292628,42,24.99999999999447,9.0
8.960000000024829,5.179945275723947,11.928978245084162,14087.751675197429,1696.0056778605442,44,24.99999999999447,9.0
8.98000000002496,5.238687711636849,9.968034264377007,9836.809002483611,981.3564256553994,46,24.99999999999447,9.0
9.000000000025091,5.295232465413719,7.996743260640914,6330.842374883981,1393.483517239777,38,24.99999999999447,9.0
9.020000000025222,5.332207535813381,5.954903244542061,3510.626392533899,601.7478224939991,41,24.99999999999447,9.0
9.040000000025353,5.350303079628863,4.034582732360204,1611.5079246016537,863.6062473178163,56,24.99999999999447,9.0
9.060000000025484,5.353338433093285,2.2818006285302044,515.4547967277227,355.23102227498606,59,24.99999999999447,9.0
9.080000000025615,5.343852442893257,0.7294337958067864,52.67529258404455,3011.4917976354122,54,24.99999999999447,9.0
9.100000000025746,5.352753896872917,0.1830501662297119,3.317228972315791,7458.721520268547,47,24.99999999999447,9.0
9.120000000025877,5.377714303700274,1.1701657220688062,135.55949389337624,13554.933266780488,43,24.99999999999447,9.0
9.140000000026008,5.431033232082672,3.636024443541954,1308.8467016494233,18505.1106280288,42,24.99999999999447,9.0
9.16000000002614,5.50290202397466,6.021355452513675,3589.4154270661006,15673.61644830709,41,24.99999999999447,9.0
9.18000000002627,5.584128712974221,6.652099149669072,4380.791886605771,12978.64658417688,44,24.99999999999447,9.0
9.200000000026401,5.6752560880370915,7.3630094938406385,5367.17697183235,14714.750586009835,37,24.99999999999447,9.0
9.220000000026532,5.702114650184432,8.786138904541538,7642.427448139939,11568.054631784527,35,24.99999999999447,9.0
9.240000000026663,5.623885864252597,8.023288809929749,6372.94316942685,2199.2191598999257,41,24.99999999999447,9.0
9.260000000026794,5.412715486887111,5.43071071718807,2919.769270484355,3083.655840215838,58,24.99999999999447,9.0
9.280000000026925,5.329891844744084,3.1358426334374307,973.5173931466962,6138.607449901762,56,24.99999999999447,9.0
9.300000000027056,5.261586564560197,1.1695762313691835,135.42294753739046,7306.186242945737,53,24.99999999999447,9.0
9.320000000027187,5.298609569141677,-0.5777863180497478,33.049865903222944,4631.923775630781,57,24.99999999999447,9.0
9.340000000027318,5.353236814856794,-2.1674193970212126,465.0729774157959,3674.4872018920564,57,24.99999999999447,9.0
9.36000000002745,5.396566062766922,-3.5698702145303054,1261.6533615104743,3759.74843156053,56,24.99999999999447,9.0
9.38000000002758,5.3896056932966845,-4.946890304165221,2422.7006444629433,5433.1943835581915,54,24.99999999999447,9.0
9.400000000027712,5.386298161975915,-6.2014691148575825,3807.3636990707164,8062.072173054964,56,24.99999999999447,9.0
9.420000000027843,5.407656738136446,-6.434595140705009,4098.997447853667,13593.843611295706,52,24.99999999999447,9.0
9.440000000027974,5.402815369773405,-3.444102051986636,1174.3220555053572,22026.073409455425,52,24.99999999999447,9.0
9.460000000028105,5.208458898166616,2.0695436226193813,424.01806978653065,26020.378759331714,50,24.99999999999447,9.0
9.480000000028236,4.973850663552242,6.072517043220019,3650.6708607795626,17714.92156751333,48,24.99999999999447,9.0
9.500000000028367,4.914509097442942,8.18913179265408,6639.126072228326,13177.346369422732,51,24.99999999999447,9.0
9.520000000028498,4.946974625335139,9.737404221008067,9386.887055367266,10769.826367725225,51,24.99999999999447,9.0
9.540000000028629,5.0121598765897035,11.174186420316738,12361.381773443109,10205.007696248023,53,24.99999999999447,9.0
9.56000000002876,5.064488863840864,11.96476712780457,14172.409589836689,6848.880861190563,52,24.99999999999447,9.0
9.58000000002889,5.102450680636542,11.610403231467776,13345.34485653046,4535.8258364179155,49,24.99999999999447,9.0
9.600000000029022,5.120305675640972,10.776999963101888,11498.229092265112,3679.7809791946256,48,24.99999999999447,9.0
9.620000000029153,5.105315886662806,9.669307762739114,9256.055748446122,2188.0273613049003,47,24.99999999999447,9.0
9.640000000029284,5.077674455151337,8.055518428137255,6424.246337459831,135.27415450212055,58,24.99999999999447,9.0
9.660000000029415,4.977512485415468,6.399062839172131,4053.852516747695,374.8970317119261,54,24.99999999999447,9.0
9.680000000029546,4.848546717937933,5.430266262257186,2919.2913762218545,1184.6257291221355,54,24.99999999999447,9.0
9.700000000029677,4.791982540765272,4.828656899091339,2308.276817465096,1981.4849010440269,43,24.99999999999447,9.0
9.720000000029808,4.745751515084163,4.331225439948801,1857.1918673543087,2331.376657821611,42,24.99999999999447,9.0
9.740000000029939,4.577794572382799,2.8676087256491942,814.0948005385201,5194.010493349519,57,24.99999999999447,9.0
9.76000000003007,4.512290603565017,1.483022450311397,217.73620322463435,4095.6258240790967,62,24.99999999999447,9.0
9.780000000030201,4.4656554169995815,0.28573728207071014,8.0829336421505,3764.4982989183613,56,24.99999999999447,9.0
9.800000000030332,4.43631237166246,-0.8503376971553652,71.58434572114547,2515.5948875999634,57,24.99999999999447,9.0
9.820000000030463,4.425958853079845,-1.8846449566250132,351.6367746406777,1925.2023333390098,52,24.99999999999447,9.0
9.840000000030594,4.438396784228879,-2.6918791377026565,717.375115907881,1907.0200854806055,48,24.99999999999447,9.0
9.860000000030725,4.468775082538213,-3.112453477799473,959.0492984951374,2542.806071021855,46,24.99999999999447,9.0
9.880000000030856,4.50491481434086,-2.3774998414025896,559.5980440910646,6863.827761145164,56,24.99999999999447,9.0
9.900000000030987,4.575157736665231,-0.502346738880045,24.982872360278193,12641.817478739358,53,24.99999999999447,9.0
9.920000000031118,4.693394581869917,3.4122008825750303,1152.6683714415358,23767.484950846607,50,24.99999999999447,9.0
9.94000000003125,4.844869981423378,9.334383625013226,8625.94104823259,37224.34545713849,51,24.99999999999447,9.0
9.96000000003138,4.990587130764244,17.393426858587414,29950.598490617973,35678.720646936,48,24.99999999999447,9.0
9.980000000031511,5.104462774000257,22.836871206968937,51630.745965844995,21817.88367219432,50,24.99999999999447,9.0
10.000000000031642,5.180842931743593,23.374461571827364,54090.17992351058,6432.404433029139,60,24.99999999999447,9.0
10.020000000031773,5.239521605245456,21.339817325202773,45083.392543829425,237.60550630235832,71,24.99999999999447,9.0
10.040000000031904,5.291963107591719,19.07893362175424,36036.565106187125,197.76431600481177,68,24.99999999999447,9.0
10.060000000032035,5.340143190181341,16.880188140106046,28209.13441289231,407.74170545572844,58,24.99999999999447,9.0
10.080000000032166,5.3650916254589385,14.65471959294865,21261.319828447355,1215.8119366183523,53,24.99999999999447,9.0
10.100000000032297,5.354818881660762,12.271869130217564,14909.278422969492,481.0837470209208,49,24.99999999999447,9.0
10.120000000032428,5.325578336022799,9.919725088282448,9741.693636882921,220.16263605443976,50,24.99999999999447,9.0
10.14000000003256,5.256488416173007,7.747501780516683,5942.354600071808,362.1685694069621,52,24.99999999999447,9.0
10.16000000003269,5.1597155804907056,5.7604903940054015,3285.141708363422,643.0284921392273,51,24.99999999999447,9.0
10.180000000032821,4.973308906550114,3.9253471782755045,1525.426696529551,2148.9616742914236,48,24.99999999999447,9.0
10.200000000032952,4.630313242448617,2.2211499823017116,488.41721714401046,5571.395069395922,47,24.99999999999447,9.0
10.220000000033084,4.116567461738511,0.6131339850365858,37.217395077077576,8632.065475422336,50,24.99999999999447,9.0
10.240000000033215,3.807867509862874,-0.7703415211148161,58.749179856195376,7616.779693647543,58,24.99999999999447,9.0
10.260000000033346,3.7073576427613473,-1.9024269281914874,358.3035934937018,6436.909185975814,57,24.99999999999447,9.0
10.280000000033477,3.7258666616104077,-2.922992590946829,845.8446829862756,5770.548349285917,58,24.99999999999447,9.0
10.300000000033608,3.777791008871717,-3.869242473453689,1482.1326945194241,4071.7770219453873,57,24.99999999999447,9.0
10.320000000033739,3.8334739377647926,-4.666982589864,2156.2919229152753,2880.0091424577236,59,24.99999999999447,9.0
10.34000000003387,3.88830259968424,-5.463943714388881,2955.6134104869666,2719.713259636092,60,24.99999999999447,9.0
10.360000000034,3.9388369555734597,-6.192862148028699,3796.8026168641773,2685.777392691283,62,24.99999999999447,9.0
10.380000000034132,4.009115587442672,-6.876725156187651,4681.645538500663,3181.923003797121,55,24.99999999999447,9.0
10.400000000034263,4.080588480253123,-7.559863308605545,5658.001791235237,4627.614777437998,55,24.99999999999447,9.0
10.420000000034394,4.16157890657577,-8.007699205927983,6348.201410689346,5109.552228173085,54,24.99999999999447,9.0
10.440000000034525,4.241754621989749,-7.454633810906111,5501.584960215753,15586.30439286251,56,24.99999999999447,9.0
10.460000000034656,4.3008048616528205,-2.959565975031723,867.1440452959819,26718.95309830619,52,24.99999999999447,9.0
10.480000000034787,4.306462680457602,2.4851636151753644,611.4277812249572,22469.31953087251,52,24.99999999999447,9.0
10.500000000034918,4.243062010914076,5.992884380970715,3555.5516571645917,18488.85799479691,53,24.99999999999447,9.0
10.520000000035049,4.128488641992904,6.076300462069372,3655.221303229102,5486.859202463685,55,24.99999999999447,9.0
10.54000000003518,3.9460064544565556,4.403255714646351,1919.4774279680087,4492.363140368112,58,24.99999999999447,9.0
10.560000000035311,3.1519674249234373,2.7588468057708946,753.5123340735146,11433.702188251009,59,24.99999999999447,9.0
10.580000000035442,2.73635697651879,1.3294768855898471,174.98337014245027,11178.132995254533,68,24.99999999999447,9.0
10.600000000035573,2.5438924881865757,0.15805892039427064,2.473279609304036,9749.838933329469,67,24.99999999999447,9.0
10.620000000035704,2.412051269102025,-0.6542499869539135,42.3762614974904,4298.776238701491,67,24.99999999999447,9.0
10.640000000035835,2.337384729845857,-1.1986634967459366,142.2426236646884,988.8431432253858,67,24.99999999999447,9.0
10.660000000035966,2.272857330527106,-1.5815120672170309,247.61686145655554,852.2390219456607,67,24.99999999999447,9.0
10.680000000036097,2.176804721485857,-1.8433101970571943,336.38145577492827,1231.4043526740288,67,24.99999999999447,9.0
10.700000000036228,2.120696986353123,-2.0623579812275663,421.0787238305712,2697.722023293383,67,24.99999999999447,9.0
10.720000000036359,2.1216495010130543,-2.2180076718838877,487.0362452210425,4248.072581253797,68,24.99999999999447,9.0
10.74000000003649,2.175237709375097,-2.37592487655747,558.8568828854183,5443.846775159809,66,24.99999999999447,9.0
10.760000000036621,2.2658430394664446,-2.5429618078412584,640.1988208577889,9855.788935104072,64,24.99999999999447,9.0
10.780000000036752,2.3828298117825244,-2.902784533388578,834.1896466807143,19440.973459720404,62,24.99999999999447,9.0
10.800000000036883,2.5191701412087575,1.2310469441326728,150.0321812871808,31757.09478270637,63,24.99999999999447,9.0
10.820000000037014,2.662277619134396,16.229192996260693,26075.283825677834,38835.114692740695,58,24.99999999999447,9.0
10.840000000037145,2.799307997474219,29.52900812176454,86324.26974486839,30170.383837745612,57,24.99999999999447,9.0
10.860000000037276,2.9135609364804007,35.05234887214109,121638.04898397478,18358.939659184514,60,24.99999999999447,9.0
10.880000000037407,2.999107240924077,35.200715084467504,122669.94390332795,2039.6655333773201,66,24.99999999999447,9.0
10.900000000037538,3.0657625749824398,33.83605413833987,113342.97740561399,991.299423205788,68,24.99999999999447,9.0
10.92000000003767,3.1089275799512577,32.26303215133773,103049.42111622696,154.93788523390248,72,24.99999999999447,9.0
10.9400000000378,3.136673996351921,30.859471463140903,94278.39091945636,116.29127756606444,70,24.99999999999447,9.0
10.960000000037931,3.129347554493073,29.64468576079503,87001.93199177209,963.8022703084379,59,24.99999999999447,9.0
10.980000000038062,3.0247662161560935,28.38893810345659,79787.24885754705,2307.7848419568854,53,24.99999999999447,9.0
11.000000000038193,2.8920940154964665,26.66288789604398,70380.04950474386,1886.223240234445,43,24.99999999999447,9.0
11.020000000038324,2.5378174478307973,24.686074177088646,60330.82356939556,966.8954782611648,45,24.99999999999447,9.0
11.040000000038455,2.02057374379276,22.60297945932254,50578.57336341711,1043.937625797007,52,24.99999999999447,9.0
11.060000000038587,1.8579111914713873,20.785551988521796,42771.87797528669,1189.6006261889795,52,24.99999999999447,9.0
11.080000000038718,1.7177854990508181,18.988221797630263,35694.704136564105,1090.925615908337,49,24.99999999999447,9.0
11.100000000038849,1.5940513685155482,17.53150241678142,30428.004121971666,1213.310247312615,46,24.99999999999447,9.0
11.12000000003898,1.5000315031899738,16.4403591799499,26758.255586610536,737.0830231568349,42,24.99999999999447,9.0
11.14000000003911,1.4808259640202708,15.780822032548492,24654.400058273826,490.55489919961155,54,24.99999999999447,9.0
11.160000000039242,1.485023345432977,14.945678677658927,22113.95780244704,1060.4175075153837,60,24.99999999999447,9.0
11.180000000039373,1.4878886190080416,14.019008308149086,19456.726800451357,2195.1155509678456,59,24.99999999999447,9.0
11.200000000039504,1.4559169079140997,12.947064491078555,16595.021414678573,3892.0355276781706,54,24.99999999999447,9.0
11.220000000039635,1.271714135164841,11.81628822725496,13822.842079486853,6388.272705070949,56,24.99999999999447,9.0
11.240000000039766,1.1449130758375983,10.790500200556021,11527.054563241754,5002.231315003409,53,24.99999999999447,9.0
11.260000000039897,1.2159377964025169,10.118973917033673,10136.969680227172,3451.6010160319383,55,24.99999999999447,9.0
11.280000000040028,1.2319502145044305,9.750551541124413,9412.252280256242,3377.028510585945,51,24.99999999999447,9.0
11.300000000040159,1.227236806826901,9.304298239443323,8570.426607122305,2942.7885483102136,49,24.99999999999447,9.0
11.32000000004029,1.2150779390244943,8.893854994888788,7830.965010340716,3085.2168766300824,49,24.99999999999447,9.0
11.34000000004042,1.2059794867321807,8.549043115774674,7235.527681342061,2527.7738252926306,52,24.99999999999447,9.0
11.360000000040552,1.1922749562718253,8.242028015596178,6725.171555177354,1572.807024268798,55,24.99999999999447,9.0
11.380000000040683,1.1729257845755103,7.934228896851933,6232.246830576384,1130.5431788248777,57,24.99999999999447,9.0
11.400000000040814,1.1533807456758352,7.641071306714455,5780.2111007152,905.4729582365625,60,24.99999999999447,9.0
11.420000000040945,1.1339745695536831,7.363255104571748,5367.535047765189,689.3461095350002,59,24.99999999999447,9.0
11.440000000041076,1.1143299957368529,7.094452733480013,4982.794699170621,535.761756961896,58,24.99999999999447,9.0
11.460000000041207,1.0929588382954474,6.81889073645477,4603.229816695159,389.61784310995984,55,24.99999999999447,9.0
11.480000000041338,1.0722406603456476,6.546627413711809,4242.974718902334,315.3422833213664,58,24.99999999999447,9.0
11.500000000041469,1.0667875224732206,6.286612981065346,3912.6287745962327,301.96407011623654,55,24.99999999999447,9.0
11.5200000000416,1.076162217278869,6.02589865828435,3594.8340093514007,281.6476703372636,54,24.99999999999447,9.0
11.540000000041731,1.0948109430126702,5.744020730374185,3266.38364094587,243.72134165884583,53,24.99999999999447,9.0
11.560000000041862,1.1112330544306925,5.4316861707877,2920.818251134709,196.81976028632863,54,24.99999999999447,9.0
11.580000000041993,1.1106742434551105,5.131229906570366,2606.6225150541304,105.99520869613768,53,24.99999999999447,9.0
11.600000000042124,1.0923569325671854,4.866386253335914,2344.489801499019,96.4115198968343,59,24.99999999999447,9.0
11.620000000042255,1.0700587995885973,4.652011096476178,2142.479516932012,52.15721190256037,66,24.99999999999447,9.0
11.640000000042386,1.0454564543332903,4.466066285629796,1974.6290586962732,111.05608509197444,67,24.99999999999447,9.0
11.660000000042517,1.0121868264915996,4.299377947565346,1829.9804228651096,447.3804452251217,64,24.99999999999447,9.0
11.680000000042648,0.9638605195010365,0.0,0.0,985.3362256548066,61,24.99999999999447,9.0
11.70000000004278,0.9134757853497489,0.0,0.0,2072.040289488336,56,24.99999999999447,9.0
11.72000000004291,0.8533251232794703,0.0,0.0,3877.1262101227494,46,24.99999999999447,9.0
11.740000000043041,0.7625314079279621,0.0,0.0,4228.490434083993,45,24.99999999999447,9.0
11.760000000043172,0.6613080509901668,0.0,0.0,3042.1041195953803,48,24.99999999999447,9.0
11.780000000043303,0.5569863331052579,0.0,0.0,1393.9174373544872,56,24.99999999999447,9.0
11.800000000043434,0.4842517132756386,0.0,0.0,967.5179318853877,56,24.99999999999447,9.0
11.820000000043565,0.4406578254808452,0.0,0.0,2048.002298061119,56,24.99999999999447,9.0
11.840000000043696,0.3971290603643317,0.0,0.0,1699.581021845213,52,24.99999999999447,9.0
11.860000000043827,0.4227822384661422,0.0,0.0,616.3870771836507,42,24.99999999999447,9.0
11.880000000043959,0.505921673607954,0.0,0.0,495.52589630682326,45,24.99999999999447,9.0
11.90000000004409,0.5638997351429987,0.0,0.0,283.1430780788227,46,24.99999999999447,9.0
11.92000000004422,0.581417289349403,0.0,0.0,264.8388518378503,59,24.99999999999447,9.0
11.940000000044352,0.5793549647876135,0.0,0.0,361.5988338244536,60,24.99999999999447,9.0
11.960000000044483,0.5626973848800562,0.0,0.0,671.9708422590005,55,24.99999999999447,9.0
11.980000000044614,0.5429953343379335,0.0,0.0,591.3782379747072,53,24.99999999999447,9.0
12.000000000044745,0.5397944397087004,0.0,0.0,511.02205264561496,47,24.99999999999447,9.0
12.020000000044876,0.5460096578833399,0.0,0.0,550.6223565249142,47,24.99999999999447,9.0
12.040000000045007,0.5590395687278706,0.0,0.0,517.4096784163984,48,24.99999999999447,9.0
12.060000000045138,0.5808480906699827,0.0,0.0,270.5465826988939,49,24.99999999999447,9.0
12.080000000045269,0.5882975468180397,0.0,0.0,174.83854977564434,59,24.99999999999447,9.0
12.1000000000454,0.5887684638208827,0.0,0.0,264.67594322328426,58,24.99999999999447,9.0
12.12000000004553,0.5855281386792464,0.0,0.0,1067.467845554065,54,24.99999999999447,9.0
12.140000000045662,0.5232585286679142,0.0,0.0,2124.763146188248,47,24.99999999999447,9.0
12.160000000045793,0.3239572894216359,0.0,0.0,1971.4693933822475,43,24.99999999999447,9.0
12.180000000045924,0.1305824598928423,0.0,0.0,1519.7319471543924,49,24.99999999999447,9.0
12.200000000046055,0.019122889960307015,0.0,0.0,839.3820176719602,58,24.99999999999447,9.0
12.220000000046186,-0.043868822131211,0.0,0.0,600.5970193180478,61,24.99999999999447,9.0
12.240000000046317,-0.07515175480225432,0.0,0.0,399.0700101116575,62,24.99999999999447,9.0
12.260000000046448,-0.09245094662203966,0.0,0.0,475.9149712282192,62,24.99999999999447,9.0
12.280000000046579,-0.11141874274664446,0.0,0.0,629.4384543179776,60,24.99999999999447,9.0
12.30000000004671,-0.1289062449864766,0.0,0.0,451.52532933236944,61,24.99999999999447,9.0
12.320000000046841,-0.14664501880282793,0.0,0.0,394.80699101327184,63,24.99999999999447,9.0
12.340000000046972,-0.1636234930960313,0.0,0.0,322.0835992483715,63,24.99999999999447,9.0
12.360000000047103,-0.17460751495904075,0.0,0.0,163.79903319284836,66,24.99999999999447,9.0
12.380000000047234,-0.17180683415913917,0.0,0.0,92.60768297048804,66,24.99999999999447,9.0
12.400000000047365,-0.16457840193584225,0.0,0.0,144.0526421655689,64,24.99999999999447,9.0
12.420000000047496,-0.14395539703609847,0.0,0.0,294.5937282466204,57,24.99999999999447,9.0
12.440000000047627,-0.08164981905636459,0.0,0.0,423.0165684400735,54,24.99999999999447,9.0
12.460000000047758,-0.003864964965072432,0.0,0.0,448.27610127544557,52,24.99999999999447,9.0
12.48000000004789,0.05720548747696351,0.0,0.0,316.2638057932087,48,24.99999999999447,9.0
12.50000000004802,0.086393309938334,0.0,0.0,164.00954391697582,56,24.99999999999447,9.0
12.520000000048151,0.09617859165765129,0.0,0.0,149.3129045400739,64,24.99999999999447,9.0
12.540000000048282,0.06810952862189952,0.0,0.0,255.7873905504077,66,24.99999999999447,9.0
12.560000000048413,0.019299032130229696,0.0,0.0,304.90130002338145,64,24.99999999999447,9.0
12.580000000048544,-0.03633514375986454,0.0,0.0,338.5100500096764,60,24.99999999999447,9.0
12.600000000048675,-0.07594307728327496,0.0,0.0,169.03916532046563,62,24.99999999999447,9.0
12.620000000048806,-0.0939506674706432,0.0,0.0,95.06913565183028,70,24.99999999999447,9.0
12.640000000048937,-0.10948898014112463,0.0,0.0,107.03940550335159,69,24.99999999999447,9.0
12.660000000049068,-0.12810029913317658,0.0,0.0,112.93721875716288,67,24.99999999999447,9.0
12.6800000000492,-0.15245512180704007,0.0,0.0,395.52036689342196,64,24.99999999999447,9.0
12.70000000004933,-0.17669465430289688,0.0,0.0,395.49180327802384,64,24.99999999999447,9.0
12.720000000049462,-0.19313659809728156,0.0,0.0,203.13444754111856,61,24.99999999999447,9.0
12.740000000049593,-0.20783491066445722,0.0,0.0,616.1942651818458,57,24.99999999999447,9.0
12.760000000049724,-0.23211667881875034,0.0,0.0,684.3622951925958,57,24.99999999999447,9.0
12.780000000049855,-0.24044685294069484,0.0,0.0,227.64105261024042,57,24.99999999999447,9.0
12.800000000049986,-0.2361332867236516,0.0,0.0,155.79600202201743,60,24.99999999999447,9.0
12.820000000050117,-0.22693567727943245,0.0,0.0,424.7873380998163,56,24.99999999999447,9.0
12.840000000050248,-0.2100011008119907,0.0,0.0,558.2080583842303,57,24.99999999999447,9.0
12.860000000050379,-0.1643496840132886,0.0,0.0,864.3511997372229,56,24.99999999999447,9.0
12.88000000005051,-0.10616150151316818,0.0,0.0,459.61858236988024,56,24.99999999999447,9.0
12.90000000005064,-0.05560988053594733,0.0,0.0,297.3667575487071,63,24.99999999999447,9.0
12.920000000050772,-0.03135797617443123,0.0,0.0,128.98100104838923,63,24.99999999999447,9.0
12.940000000050903,-0.02623052059550919,0.0,0.0,144.89831292816845,65,24.99999999999447,9.0
12.960000000051034,-0.02716339870216802,0.0,0.0,167.5666606440413,69,24.99999999999447,9.0
12.980000000051165,-0.03742512555134858,0.0,0.0,153.1009340104278,69,24.99999999999447,9.0
13.000000000051296,-0.04802513592796682,0.0,0.0,179.9789037187042,66,24.99999999999447,9.0
13.020000000051427,-0.05849659148787035,0.0,0.0,182.47257046816995,62,24.99999999999447,9.0
13.040000000051558,-0.07184399655416779,0.0,0.0,273.304909353472,66,24.99999999999447,9.0
13.060000000051689,-0.0851174529797814,0.0,0.0,318.46480439455394,64,24.99999999999447,9.0
13.08000000005182,-0.09527185344409451,0.0,0.0,233.39234054769713,66,24.99999999999447,9.0
13.100000000051951,-0.09995970354426167,0.0,0.0,73.44331030433462,69,24.99999999999447,9.0
13.120000000052082,-0.09989294651559857,0.0,0.0,122.6740166026854,66,24.99999999999447,9.0
13.140000000052213,-0.1043534220427762,0.0,0.0,205.12494806531805,62,24.99999999999447,9.0
13.160000000052344,-0.1130328720371064,0.0,0.0,453.5206647626248,56,24.99999999999447,9.0
13.180000000052475,-0.1515117308005988,0.0,0.0,476.65623787601675,54,24.99999999999447,9.0
13.200000000052606,-0.18697657162016756,0.0,0.0,116.41613796482031,61,24.99999999999447,9.0
13.220000000052737,-0.19863709905873853,0.0,0.0,44.750101466543704,72,24.99999999999447,9.0
13.240000000052868,-0.2015646119226585,0.0,0.0,65.94026647532493,65,24.99999999999447,9.0
13.260000000053,-0.20463999547570177,0.0,0.0,153.72374685313108,59,24.99999999999447,9.0
13.28000000005313,-0.2114310663099148,0.0,0.0,556.1173080054559,58,24.99999999999447,9.0
13.300000000053261,-0.20431981985716477,0.0,0.0,569.9875246656542,57,24.99999999999447,9.0
13.320000000053392,-0.17524263395867584,0.0,0.0,222.8121228187833,63,24.99999999999447,9.0
13.340000000053523,-0.16115697156698322,0.0,0.0,34.6740368262932,70,24.99999999999447,9.0
13.360000000053654,-0.16053009173725177,0.0,0.0,45.98488551457836,70,24.99999999999447,9.0
13.380000000053785,-0.16533154739319933,0.0,0.0,106.19881101597478,71,24.99999999999447,9.0
13.400000000053916,-0.17464357592892796,0.0,0.0,200.5245712216295,70,24.99999999999447,9.0
13.420000000054047,-0.18576383956259132,0.0,0.0,428.2928737303158,68,24.99999999999447,9.0
13.440000000054178,-0.19325724577929315,0.0,0.0,399.2488057971128,67,24.99999999999447,9.0
13.46000000005431,-0.1736623620179496,0.0,0.0,515.7638524080351,58,24.99999999999447,9.0
13.48000000005444,-0.13461554051997995,0.0,0.0,332.7854352003765,50,24.99999999999447,9.0
13.500000000054571,-0.10128517688322713,0.0,0.0,162.03584290203025,57,24.99999999999447,9.0
13.520000000054702,-0.08476692271990581,0.0,0.0,45.72216100878508,61,24.99999999999447,9.0
13.540000000054834,-0.07941728041957681,0.0,0.0,38.627745421129255,65,24.99999999999447,9.0
13.560000000054965,-0.07614194925158359,0.0,0.0,104.17421752389593,63,24.99999999999447,9.0
13.580000000055096,-0.07618345175977216,0.0,0.0,126.83390656059278,60,24.99999999999447,9.0
13.600000000055227,-0.07696632672345051,0.0,0.0,257.52646033128667,58,24.99999999999447,9.0
13.620000000055358,-0.0773350404366994,0.0,0.0,126.27886406296774,60,24.99999999999447,9.0
13.640000000055489,-0.07824708171290458,0.0,0.0,41.75015674565626,67,24.99999999999447,9.0
13.66000000005562,-0.07832785479378934,0.0,0.0,208.07660596031232,71,24.99999999999447,9.0
13.68000000005575,-0.07552956937342463,0.0,0.0,10.958909877804562,71,24.99999999999447,9.0
13.700000000055882,-0.07949515615645372,0.0,0.0,672.0828256972532,70,24.99999999999447,9.0
13.720000000056013,-0.0861402383571506,0.0,0.0,498.22591954838094,69,24.99999999999447,9.0
13.740000000056144,-0.09358108407967915,0.0,0.0,180.36002954761187,70,24.99999999999447,9.0
13.760000000056275,-0.09446437821032369,0.0,0.0,57.95614358135557,69,24.99999999999447,9.0
13.780000000056406,-0.0937377485372348,0.0,0.0,103.75207497119379,70,24.99999999999447,9.0
13.800000000056537,-0.09347476561463051,0.0,0.0,65.63349227658998,64,24.99999999999447,9.0
13.820000000056668,-0.09877441139010688,0.0,0.0,323.77681118338364,66,24.99999999999447,9.0
13.840000000056799,-0.10589015837806916,0.0,0.0,576.3053576227649,64,24.99999999999447,9.0
13.86000000005693,-0.11250522242868413,0.0,0.0,501.59148988747916,58,24.99999999999447,9.0
13.880000000057061,-0.10392598520649055,0.0,0.0,327.53290010875935,56,24.99999999999447,9.0
13.900000000057192,-0.0658742547108628,0.0,0.0,313.14325969533934,54,24.99999999999447,9.0
13.920000000057323,-0.03486105398574244,0.0,0.0,153.32811381990385,60,24.99999999999447,9.0
13.940000000057454,-0.018462239428109803,0.0,0.0,25.56310434561036,70,24.99999999999447,9.0
13.960000000057585,-0.015412956550218116,0.0,0.0,32.64636099829119,71,24.99999999999447,9.0
13.980000000057716,-0.013452385053466728,0.0,0.0,73.16864915306023,66,24.99999999999447,9.0
14.000000000057847,-0.01322311694799973,0.0,0.0,49.11986611163048,70,24.99999999999447,9.0
14.020000000057978,-0.00922005615031532,0.0,0.0,119.80286893056552,71,24.99999999999447,9.0
14.040000000058109,-0.00717102074021135,0.0,0.0,76.96558111219616,69,24.99999999999447,9.0
14.06000000005824,-0.010277187270992907,0.0,0.0,70.39321579194292,70,24.99999999999447,9.0
14.080000000058371,-0.023113435710222143,0.0,0.0,48.311841382926374,69,24.99999999999447,9.0
14.100000000058502,-0.037518373386771886,0.0,0.0,38.03004673591359,73,24.99999999999447,9.0
14.120000000058633,-0.04821817272398782,0.0,0.0,45.45685019049811,71,24.99999999999447,9.0
14.140000000058764,-0.05285760645504364,0.0,0.0,67.16179364323347,70,24.99999999999447,9.0
14.160000000058895,-0.049756322347225324,0.0,0.0,164.36067076858217,67,24.99999999999447,9.0
14.180000000059026,-0.0412012534937234,0.0,0.0,223.22784631614863,65,24.99999999999447,9.0
14.200000000059157,-0.035111946075646154,0.0,0.0,221.17020385450397,64,24.99999999999447,9.0
14.220000000059288,-0.03571463948562639,0.0,0.0,211.9665960733152,62,24.99999999999447,9.0
14.24000000005942,-0.039678565087601134,0.0,0.0,79.98305569564258,63,24.99999999999447,9.0
14.26000000005955,-0.05010167074490281,0.0,0.0,7.857782860307419,71,24.99999999999447,9.0
14.280000000059681,-0.06508149126182738,0.0,0.0,92.75848912709861,64,24.99999999999447,9.0
14.300000000059812,-0.0782276325919583,0.0,0.0,272.2380337879758,65,24.99999999999447,9.0
14.320000000059943,-0.07701051526889893,0.0,0.0,122.91187707830024,65,24.99999999999447,9.0
14.340000000060074,-0.06256209406779586,0.0,0.0,150.71041833849247,69,24.99999999999447,9.0
14.360000000060205,-0.05497540935548931,0.0,0.0,81.89291622736454,73,24.99999999999447,9.0
14.380000000060337,-0.05220784122758346,0.0,0.0,77.66569474008054,73,24.99999999999447,9.0
14.400000000060468,-0.05244546225878295,0.0,0.0,121.31496502683582,73,24.99999999999447,9.0
14.420000000060599,-0.05303157758241638,0.0,0.0,121.60489825086596,71,24.99999999999447,9.0
14.44000000006073,-0.056698830326611376,0.0,0.0,210.0620554174404,70,24.99999999999447,9.0
14.46000000006086,-0.06423441452579878,0.0,0.0,245.87648204067966,69,24.99999999999447,9.0
14.480000000060992,-0.07437288964407658,0.0,0.0,259.6628920875391,68,24.99999999999447,9.0
14.500000000061123,-0.0817288004396668,0.0,0.0,418.3241609942721,65,24.99999999999447,9.0
14.520000000061254,-0.08131429444852427,0.0,0.0,311.758518748045,64,24.99999999999447,9.0
14.540000000061385,-0.07723152868086645,0.0,0.0,92.20990027593298,66,24.99999999999447,9.0
14.560000000061516,-0.07212438711670743,0.0,0.0,106.9371624286355,66,24.99999999999447,9.0
14.580000000061647,-0.06112312547160213,0.0,0.0,118.61560638129282,65,24.99999999999447,9.0
14.600000000061778,-0.04642102419404281,0.0,0.0,169.40538236798193,62,24.99999999999447,9.0
14.620000000061909,-0.03296797706003098,0.0,0.0,257.99456892754205,62,24.99999999999447,9.0
14.64000000006204,-0.028790263570824967,0.0,0.0,176.22993312589352,65,24.99999999999447,9.0
14.66000000006217,-0.027096101928364428,0.0,0.0,422.6577295036,68,24.99999999999447,9.0
14.680000000062302,-0.028772065694199045,0.0,0.0,122.2808256929886,67,24.99999999999447,9.0
14.700000000062433,-0.03843966659996111,0.0,0.0,509.21982650023426,66,24.99999999999447,9.0
14.720000000062564,-0.0502318773377417,0.0,0.0,470.4957468046587,65,24.99999999999447,9.0
14.740000000062695,-0.05649837756958115,0.0,0.0,325.79149205471924,67,24.99999999999447,9.0
14.760000000062826,-0.05735534161851815,0.0,0.0,161.4409593013087,68,24.99999999999447,9.0
14.780000000062957,-0.057400468342925705,0.0,0.0,71.97294231554956,72,24.99999999999447,9.0
14.800000000063088,-0.06144051797244643,0.0,0.0,117.78122211577053,68,24.99999999999447,9.0
14.820000000063219,-0.06672961683127877,0.0,0.0,197.14137541950774,65,24.99999999999447,9.0
14.84000000006335,-0.07358445046410765,0.0,0.0,437.7840934085718,63,24.99999999999447,9.0
14.860000000063481,-0.08149840442986545,0.0,0.0,463.17134604802385,63,24.99999999999447,9.0
14.880000000063612,-0.09601154868542396,0.0,0.0,330.77736219380915,61,24.99999999999447,9.0
14.900000000063743,-0.10030500399245526,0.0,0.0,624.541363613739,61,24.99999999999447,9.0
14.920000000063874,-0.08752783696337003,0.0,0.0,345.0519749308881,60,24.99999999999447,9.0
14.940000000064005,-0.06800620248689884,0.0,0.0,196.51669331240572,61,24.99999999999447,9.0
14.960000000064136,-0.0555830931915773,0.0,0.0,99.77164263272385,67,24.99999999999447,9.0
14.980000000064267,-0.04950001108773975,0.0,0.0,113.61983970188271,69,24.99999999999447,9.0
15.000000000064398,-0.041482385530536556,0.0,0.0,148.1327436492761,65,24.99999999999447,9.0
15.02000000006453,-0.02745714708725835,0.0,0.0,155.796755023673,65,24.99999999999447,9.0
15.04000000006466,-0.01383486787253772,0.0,0.0,255.43826479112772,63,24.99999999999447,9.0
15.060000000064791,-0.004323527468944773,0.0,0.0,82.23135251763418,64,24.99999999999447,9.0
15.080000000064922,-0.0019521282109665134,0.0,0.0,24.47556890404211,70,24.99999999999447,9.0
15.100000000065053,-0.011548670539731524,0.0,0.0,57.45105406779189,71,24.99999999999447,9.0
15.120000000065184,-0.023760696273924724,0.0,0.0,70.83721155417714,70,24.99999999999447,9.0
15.140000000065315,-0.035338733410110526,0.0,0.0,105.50250735529566,70,24.99999999999447,9.0
15.160000000065446,-0.0423580467734398,0.0,0.0,163.74884827300312,71,24.99999999999447,9.0
15.180000000065577,-0.0458609549504805,0.0,0.0,33.18671343713016,72,24.99999999999447,9.0
15.200000000065709,-0.04492925897538262,0.0,0.0,41.17458812828866,68,24.99999999999447,9.0
15.22000000006584,-0.03840941338675013,0.0,0.0,58.15403523423204,67,24.99999999999447,9.0
15.24000000006597,-0.033969861571633064,0.0,0.0,293.55880457009323,69,24.99999999999447,9.0
15.260000000066102,-0.0384320418525767,0.0,0.0,132.14938318467804,68,24.99999999999447,9.0
15.280000000066233,-0.05134756895671766,0.0,0.0,283.0853830971473,68,24.99999999999447,9.0
15.300000000066364,-0.06511966922353069,0.0,0.0,289.8000270097251,61,24.99999999999447,9.0
15.320000000066495,-0.07187213370974264,0.0,0.0,632.2900333081136,62,24.99999999999447,9.0
15.340000000066626,-0.059812384752965256,0.0,0.0,372.85376851493254,63,24.99999999999447,9.0
15.360000000066757,-0.041046135227051035,0.0,0.0,159.67474950686935,63,24.99999999999447,9.0
15.380000000066888,-0.02899563232681514,0.0,0.0,100.27658002271156,68,24.99999999999447,9.0
15.400000000067019,-0.02355326323018932,0.0,0.0,108.4941062976255,70,24.99999999999447,9.0
15.42000000006715,-0.019214181942025822,0.0,0.0,141.94244310988492,70,24.99999999999447,9.0
15.44000000006728,-0.006232176616377106,0.0,0.0,137.252436504852,66,24.99999999999447,9.0
15.460000000067412,0.0032004847616089013,0.0,0.0,137.6806066076286,70,24.99999999999447,9.0
15.480000000067543,0.01268944848463248,0.0,0.0,43.26378152515069,73,24.99999999999447,9.0
15.500000000067674,0.010153577105187217,0.0,0.0,78.39694141600415,70,24.99999999999447,9.0
15.520000000067805,0.0014347194719117361,0.0,0.0,75.68910849998596,71,24.99999999999447,9.0
15.540000000067936,-0.007419882976190582,0.0,0.0,107.16573642730926,71,24.99999999999447,9.0
15.560000000068067,-0.01664200792827478,0.0,0.0,27.010202331047463,73,24.99999999999447,9.0
15.580000000068198,-0.0181878845621617,0.0,0.0,140.5715700416746,71,24.99999999999447,9.0
15.600000000068329,-0.009719270614045086,0.0,0.0,197.9628442900162,69,24.99999999999447,9.0
15.62000000006846,0.0012202684531407945,0.0,0.0,205.59250193793082,68,24.99999999999447,9.0
15.640000000068591,0.010213812560475733,0.0,0.0,82.60252304023811,67,24.99999999999447,9.0
15.660000000068722,0.014774323232239041,0.0,0.0,300.67154965662525,69,24.99999999999447,9.0
15.680000000068853,0.015020550584053289,0.0,0.0,42.89200110437258,72,24.99999999999447,9.0
15.700000000068984,0.007132408377791814,0.0,0.0,101.03099911805724,73,24.99999999999447,9.0
15.720000000069115,-0.005149805379411727,0.0,0.0,131.4312505997943,71,24.99999999999447,9.0
15.740000000069246,-0.016015907669510644,0.0,0.0,160.29622178903367,69,24.99999999999447,9.0
15.760000000069377,-0.019784241084482793,0.0,0.0,73.42539412971898,72,24.99999999999447,9.0
15.780000000069508,-0.013800975122646697,0.0,0.0,66.60306389588047,72,24.99999999999447,9.0
15.80000000006964,-0.009553199920477127,0.0,0.0,195.97256271034365,71,24.99999999999447,9.0
15.82000000006977,-0.0066489678110332505,0.0,0.0,26.525441942090275,71,24.99999999999447,9.0
15.840000000069901,0.003463117050148522,0.0,0.0,113.20748791467769,70,24.99999999999447,9.0
15.860000000070032,0.013335142114323613,0.0,0.0,92.33760279855191,70,24.99999999999447,9.0
15.880000000070163,0.024434668806832274,0.0,0.0,226.8240550625258,72,24.99999999999447,9.0
15.900000000070294,0.02895643961732044,0.0,0.0,27.288027596043097,72,24.99999999999447,9.0
15.920000000070425,0.028031706612114796,0.0,0.0,47.33040286209907,70,24.99999999999447,9.0
15.940000000070556,0.025561790973959907,0.0,0.0,53.900176567921605,71,24.99999999999447,9.0
15.960000000070687,0.020860168785990573,0.0,0.0,130.84894898160178,67,24.99999999999447,9.0
15.980000000070818,0.01941451802680063,0.0,0.0,58.90180266234818,73,24.99999999999447,9.0
16.000000000070948,0.023222116383741106,0.0,0.0,29.66667357825547,71,24.99999999999447,9.0
16.02000000007019,0.03452768285454225,0.0,0.0,128.30377599395672,72,24.99999999999447,9.0
16.040000000069433,0.04514142343065829,0.0,0.0,183.23960101736705,69,24.99999999999447,9.0
16.060000000068676,0.044887649267843034,0.0,0.0,101.84801165467121,67,24.99999999999447,9.0
16.08000000006792,0.044198151739428176,0.0,0.0,186.4108153934144,70,24.99999999999447,9.0
16.100000000067162,0.04127933444543728,0.0,0.0,72.09161956659243,69,24.99999999999447,9.0
16.120000000066405,0.031643101473486285,0.0,0.0,94.42326677009017,72,24.99999999999447,9.0
16.140000000065648,0.01886432444807292,0.0,0.0,72.54914308779288,73,24.99999999999447,9.0
16.16000000006489,0.006881386015224862,0.0,0.0,33.233454424731605,74,24.99999999999447,9.0
16.180000000064133,-0.001481534290921632,0.0,0.0,8.23851983769546,74,24.99999999999447,9.0
16.200000000063376,-0.006809342942555618,0.0,0.0,4.881645819633179,75,24.99999999999447,9.0
16.22000000006262,-0.010521458628766482,0.0,0.0,68.81747937565588,72,24.99999999999447,9.0
16.240000000061862,-0.011012369809503889,0.0,0.0,66.73156046933381,70,24.99999999999447,9.0
16.260000000061105,-0.005608864874108166,0.0,0.0,77.13908635425823,70,24.99999999999447,9.0
16.280000000060348,-0.009178671551385777,0.0,0.0,57.9119789974817,68,24.99999999999447,9.0
16.30000000005959,-0.01888338108658591,0.0,0.0,55.07759615141482,68,24.99999999999447,9.0
16.320000000058833,-0.032763505277469046,0.0,0.0,383.0085389093239,69,24.99999999999447,9.0
16.340000000058076,-0.04602551952245371,0.0,0.0,163.8299172885744,67,24.99999999999447,9.0
16.36000000005732,-0.05050507682502745,0.0,0.0,101.32804302509847,69,24.99999999999447,9.0
16.38000000005656,-0.047522515836207854,0.0,0.0,100.74975996001193,72,24.99999999999447,9.0
16.400000000055805,-0.04396686812778883,0.0,0.0,69.89759031379634,73,24.99999999999447,9.0
16.420000000055047,-0.03281357969764375,0.0,0.0,59.06832464010881,72,24.99999999999447,9.0
16.44000000005429,-0.018309404977784265,0.0,0.0,417.02776826302767,65,24.99999999999447,9.0
16.460000000053533,-0.004072608203041585,0.0,0.0,139.36295570878846,68,24.99999999999447,9.0
16.480000000052776,0.004126429851782696,0.0,0.0,248.96426299619893,68,24.99999999999447,9.0
16.50000000005202,0.008548043382099794,0.0,0.0,68.20646178713763,71,24.99999999999447,9.0
16.52000000005126,0.009002103140541602,0.0,0.0,83.20246585711708,73,24.99999999999447,9.0
16.540000000050505,0.005561354561107489,0.0,0.0,90.30244807914369,71,24.99999999999447,9.0
16.560000000049747,-0.0034898980156310416,0.0,0.0,79.33714294596199,71,24.99999999999447,9.0
16.58000000004899,-0.010541909943371078,0.0,0.0,78.21123032515406,70,24.99999999999447,9.0
16.600000000048233,-0.017705567900394473,0.0,0.0,146.56630239899172,70,24.99999999999447,9.0
16.620000000047476,-0.022286901458251112,0.0,0.0,63.680098063512304,71,24.99999999999447,9.0
16.64000000004672,-0.022588266404060798,0.0,0.0,219.21246927957645,69,24.99999999999447,9.0
16.66000000004596,-0.02285607365156599,0.0,0.0,667.494325263343,64,24.99999999999447,9.0
16.680000000045204,-0.030682076133459336,0.0,0.0,492.7984703829457,65,24.99999999999447,9.0
16.700000000044447,-0.03946429713380817,0.0,0.0,273.3188571846887,67,24.99999999999447,9.0
16.72000000004369,-0.0510217052223975,0.0,0.0,551.8254633886053,63,24.99999999999447,9.0
16.740000000042933,-0.06653822982068013,0.0,0.0,840.90640244881,65,24.99999999999447,9.0
16.760000000042176,-0.07507044860951347,0.0,0.0,531.4701948416431,67,24.99999999999447,9.0
16.78000000004142,-0.07689000675245299,0.0,0.0,190.8185189969222,62,24.99999999999447,9.0
16.80000000004066,-0.07443168188937327,0.0,0.0,229.6261473890361,70,24.99999999999447,9.0
16.820000000039904,-0.06920183619124799,0.0,0.0,199.9262029895267,70,24.99999999999447,9.0
16.840000000039147,-0.05673275550535345,0.0,0.0,189.06084760940337,69,24.99999999999447,9.0
16.86000000003839,-0.0423083436654074,0.0,0.0,363.86387697711973,69,24.99999999999447,9.0
16.880000000037633,-0.029716260940192998,0.0,0.0,298.955133618623,66,24.99999999999447,9.0
16.900000000036876,-0.023424141201901706,0.0,0.0,353.4167033807174,65,24.99999999999447,9.0
16.92000000003612,-0.02013172544825612,0.0,0.0,307.8033742577451,67,24.99999999999447,9.0
16.94000000003536,-0.02021775142072594,0.0,0.0,398.5570993602648,67,24.99999999999447,9.0
16.960000000034604,-0.025372366237861398,0.0,0.0,358.3728162399316,66,24.99999999999447,9.0
16.980000000033847,-0.03213382162162349,0.0,0.0,297.0177462195299,68,24.99999999999447,9.0
17.00000000003309,-0.0365737729868943,0.0,0.0,247.4365641872697,67,24.99999999999447,9.0
17.020000000032333,-0.0404727781095163,0.0,0.0,135.33028638229007,68,24.99999999999447,9.0
17.040000000031576,-0.04056090669747725,0.0,0.0,315.6009885509882,64,24.99999999999447,9.0
17.06000000003082,-0.04191167442812437,0.0,0.0,803.4029588575695,62,24.99999999999447,9.0
17.08000000003006,-0.045037415380118066,0.0,0.0,325.20603292474004,59,24.99999999999447,9.0
17.100000000029304,-0.04738919307859402,0.0,0.0,280.6081455516536,61,24.99999999999447,9.0
17.120000000028547,-0.052829336557840605,0.0,0.0,302.5697689052103,60,24.99999999999447,9.0
17.14000000002779,-0.0632318890116323,0.0,0.0,707.0928488543956,65,24.99999999999447,9.0
17.160000000027033,-0.07439170944212745,0.0,0.0,607.1940397803234,62,24.99999999999447,9.0
17.180000000026276,-0.08169368362776186,0.0,0.0,450.0548545583584,57,24.99999999999447,9.0
17.20000000002552,-0.08533710101696926,0.0,0.0,251.88529374839416,57,24.99999999999447,9.0
17.22000000002476,-0.08220646652154523,0.0,0.0,205.64222675969125,63,24.99999999999447,9.0
17.240000000024004,-0.0770887507669893,0.0,0.0,226.41838162767647,67,24.99999999999447,9.0
17.260000000023247,-0.06623829559545638,0.0,0.0,187.25197426373072,67,24.99999999999447,9.0
17.28000000002249,-0.054943826352596176,0.0,0.0,489.12726305419056,65,24.99999999999447,9.0
17.300000000021733,-0.046004638557542145,0.0,0.0,320.0428424694654,64,24.99999999999447,9.0
17.320000000020976,-0.043394163007217344,0.0,0.0,308.5363324728573,66,24.99999999999447,9.0
17.34000000002022,-0.04323694720589513,0.0,0.0,396.1664778025302,63,24.99999999999447,9.0
17.36000000001946,-0.04880860669712565,0.0,0.0,426.55304886859125,66,24.99999999999447,9.0
17.380000000018704,-0.054054547141658124,0.0,0.0,310.70008358195105,64,24.99999999999447,9.0
17.400000000017947,-0.060363015630225725,0.0,0.0,183.37840624016738,65,24.99999999999447,9.0
17.42000000001719,-0.06448507530479371,0.0,0.0,42.10534218679257,71,24.99999999999447,9.0
17.440000000016433,-0.06349269321535128,0.0,0.0,195.6737234222825,73,24.99999999999447,9.0
17.460000000015675,-0.058854769325842535,0.0,0.0,51.187169504334896,74,24.99999999999447,9.0
17.48000000001492,-0.056875824876452916,0.0,0.0,33.62152445103746,73,24.99999999999447,9.0
17.50000000001416,-0.0521270724114862,0.0,0.0,32.68312958869131,70,24.99999999999447,9.0
17.520000000013404,-0.04953481861629002,0.0,0.0,10.544840974798026,71,24.99999999999447,9.0
17.540000000012647,-0.05045975894833082,0.0,0.0,68.25023820481984,73,24.99999999999447,9.0
17.56000000001189,-0.05738515806484867,0.0,0.0,92.00986784967286,71,24.99999999999447,9.0
17.580000000011132,-0.06925036971329478,0.0,0.0,445.9800725946414,71,24.99999999999447,9.0
17.600000000010375,-0.0773328842661401,0.0,0.0,267.25531294499984,70,24.99999999999447,9.0
17.620000000009618,-0.08089737777009927,0.0,0.0,34.041841030952405,70,24.99999999999447,9.0
17.64000000000886,-0.08032254213215059,0.0,0.0,14.585528573245853,73,24.99999999999447,9.0
17.660000000008104,-0.07606714064756832,0.0,0.0,12.253546029263282,72,24.99999999999447,9.0
17.680000000007347,-0.06753829974668904,0.0,0.0,13.882240129014106,72,24.99999999999447,9.0
17.70000000000659,-0.06010442327710985,0.0,0.0,13.650020793868249,71,24.99999999999447,9.0
17.720000000005832,-0.05734115584159473,0.0,0.0,41.227776839250055,71,24.99999999999447,9.0
17.740000000005075,-0.0608428184675251,0.0,0.0,55.35735423685505,70,24.99999999999447,9.0
17.760000000004318,-0.06773096732574165,0.0,0.0,213.20582438057798,67,24.99999999999447,9.0
17.78000000000356,-0.0798317286832045,0.0,0.0,61.65933374946154,71,24.99999999999447,9.0
17.800000000002804,-0.08221431684418769,0.0,0.0,29.405269203512322,71,24.99999999999447,9.0
17.820000000002047,-0.08046351883461957,0.0,0.0,40.350500496446095,74,24.99999999999447,9.0
17.84000000000129,-0.07306353306491437,0.0,0.0,53.24290386263894,73,24.99999999999447,9.0
17.860000000000532,-0.0624258583288211,0.0,0.0,183.1642320188623,71,24.99999999999447,9.0
17.879999999999775,-0.054330847589500866,0.0,0.0,97.59066211761206,71,24.99999999999447,9.0
17.899999999999018,-0.04936710723353188,0.0,0.0,39.650325024985065,71,24.99999999999447,9.0
17.91999999999826,-0.04635188410555952,0.0,0.0,47.535937087593005,70,24.99999999999447,9.0
17.939999999997504,-0.046238291989009805,0.0,0.0,14.730144323510897,73,24.99999999999447,9.0
17.959999999996747,-0.049693726719794065,0.0,0.0,74.36441885274041,72,24.99999999999447,9.0
17.97999999999599,-0.0574759027033574,0.0,0.0,74.74791668982625,72,24.99999999999447,9.0
17.999999999995232,-0.06508410321162138,0.0,0.0,502.6430926432763,73,24.99999999999447,9.0
18.019999999994475,-0.07257062299784148,0.0,0.0,312.2697074342095,71,24.99999999999447,9.0
18.039999999993718,-0.07677483395290297,0.0,0.0,39.94487131607751,71,24.99999999999447,9.0
18.05999999999296,-0.07831130108414137,0.0,0.0,106.10012423147658,71,24.99999999999447,9.0
18.079999999992204,-0.078599358456231,0.0,0.0,348.13189890628087,70,24.99999999999447,9.0
18.099999999991446,-0.08143892597830797,0.0,0.0,427.61878656172166,66,24.99999999999447,9.0
18.11999999999069,-0.08638765020789688,0.0,0.0,357.02069754693656,68,24.99999999999447,9.0
18.139999999989932,-0.09450700784781847,0.0,0.0,520.8998686151949,66,24.99999999999447,9.0
18.159999999989175,-0.1024064412406992,0.0,0.0,389.67667830578483,65,24.99999999999447,9.0
18.179999999988418,-0.1003670506668248,0.0,0.0,8.334562375722097,74,24.99999999999447,9.0
18.19999999998766,-0.09574922210029828,0.0,0.0,5.292001267066793,74,24.99999999999447,9.0
18.219999999986904,-0.08967501477293337,0.0,0.0,6.438979353168467,74,24.99999999999447,9.0
18.239999999986146,-0.08317368780638792,0.0,0.0,3.561616084157756,75,24.99999999999447,9.0
18.25999999998539,-0.07577084503360203,0.0,0.0,7.270013096419744,73,24.99999999999447,9.0
18.279999999984632,-0.07128985431676478,0.0,0.0,4.53413143886473,75,24.99999999999447,9.0
18.299999999983875,-0.06816233841140956,0.0,0.0,10.460797870679066,73,24.99999999999447,9.0
18.319999999983118,-0.06566987116632811,0.0,0.0,24.070995915510082,73,24.99999999999447,9.0
18.33999999998236,-0.06409440591356158,0.0,0.0,21.223130836876706,73,24.99999999999447,9.0
18.359999999981603,-0.06430213945471708,0.0,0.0,17.967949186999697,74,24.99999999999447,9.0
18.379999999980846,-0.0677534728548649,0.0,0.0,43.37097696813293,73,24.99999999999447,9.0
18.39999999998009,-0.07313118628059963,0.0,0.0,57.82198802065275,72,24.99999999999447,9.0
18.419999999979332,-0.08531045123686881,0.0,0.0,616.6141785210808,71,24.99999999999447,9.0
18.439999999978575,-0.09487976008464089,0.0,0.0,535.4457004243002,70,24.99999999999447,9.0
18.459999999977818,-0.09951342669322207,0.0,0.0,24.864573371419418,74,24.99999999999447,9.0
18.47999999997706,-0.10066918639849737,0.0,0.0,234.7446206703808,72,24.99999999999447,9.0
18.499999999976303,-0.09944958437650196,0.0,0.0,5.891463452302868,71,24.99999999999447,9.0
18.519999999975546,-0.09474377665526795,0.0,0.0,17.524352844272318,74,24.99999999999447,9.0
18.53999999997479,-0.09072352241941697,0.0,0.0,7.444273875456452,73,24.99999999999447,9.0
18.559999999974032,-0.0868479973209484,0.0,0.0,33.90434209216023,73,24.99999999999447,9.0
18.579999999973275,-0.0830568374962351,0.0,0.0,13.738520590472605,74,24.99999999999447,9.0
18.599999999972518,-0.07964826333666641,0.0,0.0,10.023241241627023,74,24.99999999999447,9.0
18.61999999997176,-0.07665392736249974,0.0,0.0,33.96891366652033,74,24.99999999999447,9.0
18.639999999971003,-0.07386932367260218,0.0,0.0,23.10201161653701,74,24.99999999999447,9.0
18.659999999970246,-0.07158419163255315,0.0,0.0,10.310747264300256,73,24.99999999999447,9.0
18.67999999996949,-0.06960070814921657,0.0,0.0,8.658958377304277,74,24.99999999999447,9.0
18.699999999968732,-0.06702683756060805,0.0,0.0,46.04761581705761,73,24.99999999999447,9.0
18.719999999967975,-0.06485817823879601,0.0,0.0,32.36235896882455,70,24.99999999999447,9.0
18.739999999967218,-0.06441617815742491,0.0,0.0,27.290241683138493,71,24.99999999999447,9.0
18.75999999996646,-0.06644444731291824,0.0,0.0,17.836962289343752,72,24.99999999999447,9.0
18.779999999965703,-0.07005522282883665,0.0,0.0,5.850511386300208,74,24.99999999999447,9.0
18.799999999964946,-0.07057448733505822,0.0,0.0,20.95153688603842,73,24.99999999999447,9.0
18.81999999996419,-0.06907209434322195,0.0,0.0,15.944893393945998,74,24.99999999999447,9.0
18.83999999996343,-0.06799125786563082,0.0,0.0,16.269064107966457,73,24.99999999999447,9.0
18.859999999962675,-0.06713603715008136,0.0,0.0,14.977408688588493,73,24.99999999999447,9.0
18.879999999961917,-0.06684806212492901,0.0,0.0,21.96704910758024,73,24.99999999999447,9.0
18.89999999996116,-0.06709578276297688,0.0,0.0,113.88091407446163,73,24.99999999999447,9.0
18.919999999960403,-0.06734351165116041,0.0,0.0,35.05220916063971,74,24.99999999999447,9.0
18.939999999959646,-0.06751788377454579,0.0,0.0,36.71102859551088,73,24.99999999999447,9.0
18.95999999995889,-0.06689751094195605,0.0,0.0,28.27224408381015,73,24.99999999999447,9.0
18.97999999995813,-0.06561054092602499,0.0,0.0,13.721259639453983,73,24.99999999999447,9.0
18.999999999957375,-0.06378295709623966,0.0,0.0,16.861914930823275,74,24.99999999999447,9.0
19.019999999956617,-0.06226580984965301,0.0,0.0,18.070954385298663,71,24.99999999999447,9.0
19.03999999995586,-0.060937194063790924,0.0,0.0,15.782864043862817,72,24.99999999999447,9.0
19.059999999955103,-0.060128338835682,0.0,0.0,16.11843701122778,73,24.99999999999447,9.0
19.079999999954346,-0.05937450472036512,0.0,0.0,17.823598157360657,73,24.99999999999447,9.0
19.09999999995359,-0.05865542365427361,0.0,0.0,17.34106687743069,72,24.99999999999447,9.0
19.11999999995283,-0.05902836045961438,0.0,0.0,26.016494818286237,71,24.99999999999447,9.0
19.139999999952074,-0.060781713000198,0.0,0.0,28.89449426971021,71,24.99999999999447,9.0
19.159999999951317,-0.06371522023507177,0.0,0.0,281.30101640784244,71,24.99999999999447,9.0
19.17999999995056,-0.06791118361651222,0.0,0.0,225.31250985074007,71,24.99999999999447,9.0
19.199999999949803,-0.0691001237691227,0.0,0.0,43.94369904324448,71,24.99999999999447,9.0
19.219999999949046,-0.06790944206254385,0.0,0.0,21.909902661744162,73,24.99999999999447,9.0
19.23999999994829,-0.06736592581004874,0.0,0.0,41.47815415401766,72,24.99999999999447,9.0
19.25999999994753,-0.06829882498344723,0.0,0.0,100.83764504684429,73,24.99999999999447,9.0
19.279999999946774,-0.07035597539223373,0.0,0.0,163.0833584011395,71,24.99999999999447,9.0
19.299999999946017,-0.07520562739237362,0.0,0.0,320.0700869074139,72,24.99999999999447,9.0
19.31999999994526,-0.0827776091225331,0.0,0.0,457.85783029110235,71,24.99999999999447,9.0
19.339999999944503,-0.0897384787718985,0.0,0.0,367.1556819776317,70,24.99999999999447,9.0
19.359999999943746,-0.09529947043734453,0.0,0.0,366.62926382806995,72,24.99999999999447,9.0
19.37999999994299,-0.09773838103181054,0.0,0.0,111.00278425121074,72,24.99999999999447,9.0
19.39999999994223,-0.09757652887666803,0.0,0.0,48.544327053657184,72,24.99999999999447,9.0
19.419999999941474,-0.09537587733557457,0.0,0.0,16.47598707899217,72,24.99999999999447,9.0
19.439999999940717,-0.09277521547432477,0.0,0.0,16.81804315249784,73,24.99999999999447,9.0
19.45999999993996,-0.09074091324350522,0.0,0.0,16.576224881782167,72,24.99999999999447,9.0
19.479999999939203,-0.08939006713962115,0.0,0.0,13.94690196193938,72,24.99999999999447,9.0
19.499999999938446,-0.08929034388747631,0.0,0.0,13.851606539638809,73,24.99999999999447,9.0
19.51999999993769,-0.09381680291429763,0.0,0.0,381.95746785718217,73,24.99999999999447,9.0
19.53999999993693,-0.10059679245385844,0.0,0.0,441.2746408966046,72,24.99999999999447,9.0
19.559999999936174,-0.10616653747617578,0.0,0.0,314.5366996663701,73,24.99999999999447,9.0
19.579999999935417,-0.11007817786129889,0.0,0.0,309.82835020600305,73,24.99999999999447,9.0
19.59999999993466,-0.11184575580300864,0.0,0.0,129.17715046182647,73,24.99999999999447,9.0
19.619999999933903,-0.11124464734189592,0.0,0.0,26.330272349432168,71,24.99999999999447,9.0
19.639999999933146,-0.10973315737288164,0.0,0.0,14.950178743817698,72,24.99999999999447,9.0
19.65999999993239,-0.10920259933510931,0.0,0.0,105.850695434145,72,24.99999999999447,9.0
19.67999999993163,-0.11015887976745498,0.0,0.0,190.94969521439884,71,24.99999999999447,9.0
19.699999999930874,-0.11252435201727377,0.0,0.0,349.0630072538625,72,24.99999999999447,9.0
19.719999999930117,-0.11784302310556456,0.0,0.0,485.09480045003284,73,24.99999999999447,9.0
19.73999999992936,-0.12335371752394872,0.0,0.0,447.9558873649178,72,24.99999999999447,9.0
19.759999999928603,-0.12859817033951806,0.0,0.0,500.18711132072457,72,24.99999999999447,9.0
19.779999999927846,-0.13336925834061358,0.0,0.0,393.30244630725184,72,24.99999999999447,9.0
19.79999999992709,-0.13589956358724606,0.0,0.0,267.5555998782346,73,24.99999999999447,9.0
19.81999999992633,-0.13731730290685618,0.0,0.0,260.3088645181081,71,24.99999999999447,9.0
19.839999999925574,-0.13899061109119068,0.0,0.0,257.6350180803997,68,24.99999999999447,9.0
19.859999999924817,-0.1380316892520636,0.0,0.0,70.20554686522415,71,24.99999999999447,9.0
19.87999999992406,-0.1375819089418719,0.0,0.0,168.09950004585514,72,24.99999999999447,9.0
19.899999999923303,-0.13924497114702136,0.0,0.0,273.1918038855824,71,24.99999999999447,9.0
19.919999999922545,-0.14279992343338388,0.0,0.0,419.45785460770054,70,24.99999999999447,9.0
19.93999999992179,-0.14839745360148388,0.0,0.0,528.5920005596847,71,24.99999999999447,9.0
19.95999999992103,-0.15308431561719896,0.0,0.0,443.407294557913,72,24.99999999999447,9.0
19.979999999920274,-0.15583984907496698,0.0,0.0,341.2702634557939,73,24.99999999999447,9.0
19.999999999919517,-0.15622774330591327,0.0,0.0,246.26861098820103,72,24.99999999999447,9.0
20.01999999991876,-0.15631350442376768,0.0,0.0,247.87818011044126,70,24.99999999999447,9.0
20.039999999918003,-0.15584951830742846,0.0,0.0,145.7493553394176,71,24.99999999999447,9.0
20.059999999917245,-0.1538189426184238,0.0,0.0,136.9199753522829,71,24.99999999999447,9.0
20.079999999916488,-0.15359669015319607,0.0,0.0,293.0153340027405,71,24.99999999999447,9.0
20.09999999991573,-0.15593645836470454,0.0,0.0,422.7157805733078,72,24.99999999999447,9.0
20.119999999914974,-0.15978224587845144,0.0,0.0,471.75677101847793,72,24.99999999999447,9.0
20.139999999914217,-0.16407342943908293,0.0,0.0,526.228074562656,72,24.99999999999447,9.0
20.15999999991346,-0.16963718880768036,0.0,0.0,615.2943179006373,72,24.99999999999447,9.0
20.179999999912702,-0.17551546734290296,0.0,0.0,568.1143066095914,72,24.99999999999447,9.0
20.199999999911945,-0.180120433526203,0.0,0.0,533.8366076046349,71,24.99999999999447,9.0
20.219999999911188,-0.18340839252029095,0.0,0.0,432.01466782575926,72,24.99999999999447,9.0
20.23999999991043,-0.18592094120296757,0.0,0.0,462.484727998851,71,24.99999999999447,9.0
20.259999999909674,-0.1888384815297505,0.0,0.0,488.1371252701059,72,24.99999999999447,9.0
20.279999999908917,-0.19144784285352354,0.0,0.0,473.8142098541502,70,24.99999999999447,9.0
20.29999999990816,-0.19401479231997856,0.0,0.0,494.1260765611539,70,24.99999999999447,9.0
20.319999999907402,-0.19683615714628547,0.0,0.0,541.6090288459134,70,24.99999999999447,9.0
20.339999999906645,-0.2003957887989843,0.0,0.0,566.310810732063,71,24.99999999999447,9.0
20.359999999905888,-0.20307153662819116,0.0,0.0,440.9067414200175,71,24.99999999999447,9.0
20.37999999990513,-0.20385204765021,0.0,0.0,299.2525968253522,69,24.99999999999447,9.0
20.399999999904374,-0.20364433893248463,0.0,0.0,253.26292022141024,71,24.99999999999447,9.0
20.419999999903617,-0.20347443967884513,0.0,0.0,270.5900005808008,69,24.99999999999447,9.0
20.43999999990286,-0.2041077473601636,0.0,0.0,342.78514003383674,68,24.99999999999447,9.0
20.459999999902102,-0.20582936872746999,0.0,0.0,392.02227877095294,70,24.99999999999447,9.0
20.479999999901345,-0.20820575958187118,0.0,0.0,445.2664342092106,70,24.99999999999447,9.0
20.499999999900588,-0.21090707329510508,0.0,0.0,483.84624022669817,70,24.99999999999447,9.0
20.51999999989983,-0.21341501162909984,0.0,0.0,509.8516987575035,69,24.99999999999447,9.0
20.539999999899074,-0.2160845496512003,0.0,0.0,550.0471978145756,70,24.99999999999447,9.0
20.559999999898317,-0.21934526785828168,0.0,0.0,582.3828924498378,69,24.99999999999447,9.0
20.57999999989756,-0.22236147565245157,0.0,0.0,566.4405033566171,69,24.99999999999447,9.0
20.599999999896802,-0.22420241960596624,0.0,0.0,481.22280534113014,69,24.99999999999447,9.0
20.619999999896045,-0.22473471850403545,0.0,0.0,423.0574259465379,70,24.99999999999447,9.0
20.639999999895288,-0.2253326990660462,0.0,0.0,434.1723423978876,70,24.99999999999447,9.0
20.65999999989453,-0.2267221902747518,0.0,0.0,476.6790834401215,70,24.99999999999447,9.0
20.679999999893774,-0.2285364124064111,0.0,0.0,496.4775659356891,69,24.99999999999447,9.0
20.699999999893016,-0.2302752410611737,0.0,0.0,504.86744368882336,68,24.99999999999447,9.0
20.71999999989226,-0.2319292937741825,0.0,0.0,530.1608737562498,70,24.99999999999447,9.0
20.739999999891502,-0.2345859112465162,0.0,0.0,567.0999736780034,68,24.99999999999447,9.0
20.759999999890745,-0.23788499828091342,0.0,0.0,586.4150547115914,69,24.99999999999447,9.0
20.779999999889988,-0.24051231277763563,0.0,0.0,511.55588705991926,70,24.99999999999447,9.0
20.79999999988923,-0.241328576882509,0.0,0.0,392.2253470753755,68,24.99999999999447,9.0
20.819999999888473,-0.24134470788217557,0.0,0.0,355.4564324169124,68,24.99999999999447,9.0
20.839999999887716,-0.24140057647334806,0.0,0.0,377.52719639539157,67,24.99999999999447,9.0
20.85999999988696,-0.24188445255913046,0.0,0.0,432.5309825287253,69,24.99999999999447,9.0
20.879999999886202,-0.24270616202155984,0.0,0.0,483.07868198102176,68,24.99999999999447,9.0
20.899999999885445,-0.24407446327706847,0.0,0.0,520.6463510760565,69,24.99999999999447,9.0
20.919999999884688,-0.2454458552322772,0.0,0.0,544.0763029352686,69,24.99999999999447,9.0
20.93999999988393,-0.2470176319153133,0.0,0.0,579.0747469799783,68,24.99999999999447,9.0
20.959999999883173,-0.24916031073831918,0.0,0.0,615.1421038301748,68,24.99999999999447,9.0
20.979999999882416,-0.2516950063320959,0.0,0.0,585.3460968155741,68,24.99999999999447,9.0
20.99999999988166,-0.2535281770551024,0.0,0.0,520.5585083171976,67,24.99999999999447,9.0
21.019999999880902,-0.25477526377256293,0.0,0.0,470.221472325632,67,24.99999999999447,9.0
21.039999999880145,-0.25611883823398385,0.0,0.0,459.5261786803415,67,24.99999999999447,9.0
21.059999999879388,-0.2576666103054783,0.0,0.0,466.50267176598356,67,24.99999999999447,9.0
21.07999999987863,-0.2592344312403549,0.0,0.0,485.9319150466852,68,24.99999999999447,9.0
21.099999999877873,-0.26080494004656835,0.0,0.0,514.7338013673318,69,24.99999999999447,9.0
21.119999999877116,-0.2623420706080529,0.0,0.0,548.4349985577865,68,24.99999999999447,9.0
21.13999999987636,-0.2639411862806257,0.0,0.0,582.5298689177076,68,24.99999999999447,9.0
21.159999999875602,-0.2655861472184096,0.0,0.0,595.9338146790624,68,24.99999999999447,9.0
21.179999999874845,-0.2675621252666556,0.0,0.0,573.4037650643098,67,24.99999999999447,9.0
21.199999999874088,-0.26892050308081283,0.0,0.0,515.0010002483303,68,24.99999999999447,9.0
21.21999999987333,-0.26955915429801114,0.0,0.0,422.23397565887217,68,24.99999999999447,9.0
21.239999999872573,-0.26941173400529944,0.0,0.0,378.5541818667071,66,24.99999999999447,9.0
21.259999999871816,-0.26963042000914156,0.0,0.0,379.75760290813247,65,24.99999999999447,9.0
21.27999999987106,-0.27014798365231824,0.0,0.0,392.4911934291765,65,24.99999999999447,9.0
21.299999999870302,-0.2708745514891554,0.0,0.0,413.0081572116495,65,24.99999999999447,9.0
21.319999999869545,-0.2717884158411315,0.0,0.0,437.56675375037844,67,24.99999999999447,9.0
21.339999999868787,-0.27304608870504554,0.0,0.0,472.9347964819839,66,24.99999999999447,9.0
21.35999999986803,-0.27497787916886296,0.0,0.0,496.925229133761,66,24.99999999999447,9.0
21.379999999867273,-0.2773906897371903,0.0,0.0,473.7186775048763,66,24.99999999999447,9.0
21.399999999866516,-0.279150173160788,0.0,0.0,430.368410375881,67,24.99999999999447,9.0
21.41999999986576,-0.2801456213853124,0.0,0.0,392.3549050581287,67,24.99999999999447,9.0
21.439999999865,-0.28058883698194814,0.0,0.0,387.59017375486303,65,24.99999999999447,9.0
21.459999999864245,-0.2808664854809973,0.0,0.0,403.8719743991936,65,24.99999999999447,9.0
21.479999999863487,-0.28098178245333316,0.0,0.0,413.10562041520586,65,24.99999999999447,9.0
21.49999999986273,-0.2806073106568711,0.0,0.0,415.0770567327888,65,24.99999999999447,9.0
21.519999999861973,-0.2797675537180341,0.0,0.0,411.50746317404975,64,24.99999999999447,9.0
21.539999999861216,-0.27870169178923293,0.0,0.0,404.0907556902364,65,24.99999999999447,9.0
21.55999999986046,-0.27818291009974766,0.0,0.0,379.26816593225504,66,24.99999999999447,9.0
21.5799999998597,-0.27850319754794134,0.0,0.0,348.2424357898187,66,24.99999999999447,9.0
21.599999999858944,-0.27942439688049386,0.0,0.0,307.23286109166077,66,24.99999999999447,9.0
21.619999999858187,-0.2802902743031701,0.0,0.0,252.62257898575632,65,24.99999999999447,9.0
21.63999999985743,-0.28078309186853223,0.0,0.0,226.29299960003232,65,24.99999999999447,9.0
21.659999999856673,-0.28090188257412124,0.0,0.0,230.15175079254135,65,24.99999999999447,9.0
21.679999999855916,-0.28076425049880954,0.0,0.0,265.1406680752377,65,24.99999999999447,9.0
21.69999999985516,-0.28033447768904235,0.0,0.0,296.6224548912031,65,24.99999999999447,9.0
21.7199999998544,-0.2797305332437993,0.0,0.0,318.71401179008126,64,24.99999999999447,9.0
21.739999999853644,-0.27922472320759445,0.0,0.0,325.94661921267254,65,24.99999999999447,9.0
21.759999999852887,-0.2790939448169601,0.0,0.0,313.03792893214876,64,24.99999999999447,9.0
21.77999999985213,-0.27907444059331055,0.0,0.0,261.76629161899655,64,24.99999999999447,9.0
21.799999999851373,-0.27879462045294395,0.0,0.0,186.79272788059075,64,24.99999999999447,9.0
21.819999999850616,-0.27782444136412776,0.0,0.0,117.726798688879,63,24.99999999999447,9.0
21.83999999984986,-0.2761244874932851,0.0,0.0,90.856792680501,64,24.99999999999447,9.0
21.8599999998491,-0.2739874985760763,0.0,0.0,111.35200592809751,65,24.99999999999447,9.0
21.879999999848344,-0.2717603232216619,0.0,0.0,160.56077415148224,65,24.99999999999447,9.0
21.899999999847587,-0.26985115347715677,0.0,0.0,213.95858924139065,64,24.99999999999447,9.0
21.91999999984683,-0.2683748316753922,0.0,0.0,264.3356106111007,64,24.99999999999447,9.0
21.939999999846073,-0.2674877275799222,0.0,0.0,300.87702782770214,63,24.99999999999447,9.0
21.959999999845316,-0.2673608843960505,0.0,0.0,304.1453120619911,64,24.99999999999447,9.0
21.97999999984456,-0.2673977236428901,0.0,0.0,286.06214446685027,64,24.99999999999447,9.0
21.9999999998438,-0.26725979002325123,0.0,0.0,236.35155232112132,63,24.99999999999447,9.0
22.019999999843044,-0.2661784130950425,0.0,0.0,154.81915388985152,63,24.99999999999447,9.0
22.039999999842287,-0.26366450610450726,0.0,0.0,95.18389069099294,63,24.99999999999447,9.0
22.05999999984153,-0.26012401586633754,0.0,0.0,76.6058324057877,64,24.99999999999447,9.0
22.079999999840773,-0.2561305264594176,0.0,0.0,87.50723072160213,64,24.99999999999447,9.0
22.099999999840016,-0.25199773990928914,0.0,0.0,110.98544896146362,65,24.99999999999447,9.0
22.11999999983926,-0.24795067248878747,0.0,0.0,142.13425872353463,64,24.99999999999447,9.0
22.1399999998385,-0.24454246408881525,0.0,0.0,171.59869272542565,62,24.99999999999447,9.0
22.159999999837744,-0.24207680536279788,0.0,0.0,194.3964971853661,62,24.99999999999447,9.0
22.179999999836987,-0.240514542394156,0.0,0.0,201.52620215956688,62,24.99999999999447,9.0
22.19999999983623,-0.2397088221308971,0.0,0.0,166.81095445362382,62,24.99999999999447,9.0
22.219999999835473,-0.23829058318508908,0.0,0.0,93.35033761266486,62,24.99999999999447,9.0
22.239999999834716,-0.2362012015890902,0.0,0.0,59.793653940640816,62,24.99999999999447,9.0
22.25999999983396,-0.23351143949898515,0.0,0.0,52.46468460257706,64,24.99999999999447,9.0
22.2799999998332,-0.2303816664576158,0.0,0.0,74.35868058386181,65,24.99999999999447,9.0
22.299999999832444,-0.227061654985685,0.0,0.0,107.93912285865775,65,24.99999999999447,9.0
22.319999999831687,-0.22360676846065863,0.0,0.0,141.4522019664895,65,24.99999999999447,9.0
22.33999999983093,-0.22024021633685575,0.0,0.0,162.94772145050447,64,24.99999999999447,9.0
22.359999999830173,-0.21693700170842278,0.0,0.0,166.28452131667586,67,24.99999999999447,9.0
22.379999999829415,-0.2135377948323259,0.0,0.0,180.50663478950307,70,24.99999999999447,9.0
22.39999999982866,-0.21106814243473726,0.0,0.0,240.5331290845836,72,24.99999999999447,9.0
22.4199999998279,-0.20951547293815412,0.0,0.0,251.59629872552276,72,24.99999999999447,9.0
22.439999999827144,-0.20744784410054837,0.0,0.0,225.92323311297022,73,24.99999999999447,9.0
22.459999999826387,-0.20407885235248055,0.0,0.0,154.863087812741,71,24.99999999999447,9.0
22.47999999982563,-0.19921066093376233,0.0,0.0,97.41697087596728,71,24.99999999999447,9.0
22.499999999824873,-0.1936839956645235,0.0,0.0,58.2909841530588,73,24.99999999999447,9.0
22.519999999824115,-0.18743658497159676,0.0,0.0,23.217010208726172,73,24.99999999999447,9.0
22.539999999823358,-0.1805786451232826,0.0,0.0,20.708688889978145,72,24.99999999999447,9.0
22.5599999998226,-0.17367428659221806,0.0,0.0,16.342358469454403,71,24.99999999999447,9.0
22.579999999821844,-0.16789860662999204,0.0,0.0,21.099799343525124,71,24.99999999999447,9.0
22.599999999821087,-0.1639437894658782,0.0,0.0,131.406549629987,72,24.99999999999447,9.0
22.61999999982033,-0.1620881314611112,0.0,0.0,224.63722443781478,74,24.99999999999447,9.0
22.639999999819572,-0.1604113097951263,0.0,0.0,268.1153051675315,71,24.99999999999447,9.0
22.659999999818815,-0.15800709400867116,0.0,0.0,205.47195890292153,71,24.99999999999447,9.0
22.679999999818058,-0.1547975548488508,0.0,0.0,159.84731790625824,71,24.99999999999447,9.0
22.6999999998173,-0.15103787247221073,0.0,0.0,106.04719281566688,74,24.99999999999447,9.0
22.719999999816544,-0.14650707194175447,0.0,0.0,38.10742616626585,74,24.99999999999447,9.0
22.739999999815787,-0.14163643922714322,0.0,0.0,23.93600961329303,74,24.99999999999447,9.0
22.75999999981503,-0.13728539158287942,0.0,0.0,10.70646750941535,73,24.99999999999447,9.0
22.779999999814272,-0.13385377648624658,0.0,0.0,87.95642331881248,73,24.99999999999447,9.0
22.799999999813515,-0.13139916831957563,0.0,0.0,145.35130081486014,73,24.99999999999447,9.0
22.819999999812758,-0.1299772438686708,0.0,0.0,146.7566322656093,73,24.99999999999447,9.0
22.839999999812,-0.12870220463268964,0.0,0.0,151.13811522009107,74,24.99999999999447,9.0
22.859999999811244,-0.12710626744097656,0.0,0.0,108.7782458813617,74,24.99999999999447,9.0
22.879999999810487,-0.12504081782417167,0.0,0.0,54.130818722515535,74,24.99999999999447,9.0
22.89999999980973,-0.12213272646246177,0.0,0.0,15.796619318249055,74,24.99999999999447,9.0
22.919999999808972,-0.11877869765546185,0.0,0.0,7.932674304432834,74,24.99999999999447,9.0
22.939999999808215,-0.11470930476140916,0.0,0.0,7.551694760771832,74,24.99999999999447,9.0
22.959999999807458,-0.10998511226435041,0.0,0.0,11.545026793668066,74,24.99999999999447,9.0
22.9799999998067,-0.10533310594357799,0.0,0.0,14.72454579232804,72,24.99999999999447,9.0
22.999999999805944,-0.10238228638211784,0.0,0.0,19.855520622122587,72,24.99999999999447,9.0
23.019999999805187,-0.10097108974160253,0.0,0.0,122.97578905290122,73,24.99999999999447,9.0
23.03999999980443,-0.10053183498553135,0.0,0.0,58.433553021062345,74,24.99999999999447,9.0
23.059999999803672,-0.10014315314907656,0.0,0.0,47.920638253764515,74,24.99999999999447,9.0
23.079999999802915,-0.09934199578232318,0.0,0.0,62.34483357548152,74,24.99999999999447,9.0
23.099999999802158,-0.09760748827084162,0.0,0.0,36.73127898986564,74,24.99999999999447,9.0
23.1199999998014,-0.09459186978806082,0.0,0.0,14.471629664968479,73,24.99999999999447,9.0
23.139999999800644,-0.09086811893613907,0.0,0.0,14.021616411105875,73,24.99999999999447,9.0
23.159999999799886,-0.08675244851489389,0.0,0.0,17.902566282937446,73,24.99999999999447,9.0
23.17999999979913,-0.08284338420547677,0.0,0.0,19.772749672618403,73,24.99999999999447,9.0
23.199999999798372,-0.08011567804632343,0.0,0.0,68.49686756647179,72,24.99999999999447,9.0
23.219999999797615,-0.07875938917913711,0.0,0.0,75.61907707984025,73,24.99999999999447,9.0
23.239999999796858,-0.07773225294932026,0.0,0.0,55.41068273375781,73,24.99999999999447,9.0
23.2599999997961,-0.07691296918092899,0.0,0.0,46.914830869801236,73,24.99999999999447,9.0
23.279999999795344,-0.07595910449523907,0.0,0.0,24.20616992628323,73,24.99999999999447,9.0
23.299999999794586,-0.07423692103695398,0.0,0.0,19.024156242971866,73,24.99999999999447,9.0
23.31999999979383,-0.07145199373028913,0.0,0.0,12.086162507403182,73,24.99999999999447,9.0
23.339999999793072,-0.06749261800150817,0.0,0.0,15.83756443222149,73,24.99999999999447,9.0
23.359999999792315,-0.0627176742324321,0.0,0.0,19.35714809992342,74,24.99999999999447,9.0
23.379999999791558,-0.05766393821556268,0.0,0.0,21.757970774148717,73,24.99999999999447,9.0
23.3999999997908,-0.05329883774459473,0.0,0.0,21.781945806545345,73,24.99999999999447,9.0
23.419999999790043,-0.05048636957805412,0.0,0.0,18.38600282604041,73,24.99999999999447,9.0
23.439999999789286,-0.049222979472037146,0.0,0.0,21.548316930761754,73,24.99999999999447,9.0
23.45999999978853,-0.04868096262413239,0.0,0.0,22.962122357937556,73,24.99999999999447,9.0
23.479999999787772,-0.04814005611683383,0.0,0.0,21.692423951491552,73,24.99999999999447,9.0
23.499999999787015,-0.04685096705375098,0.0,0.0,17.495450376040328,73,24.99999999999447,9.0
23.519999999786258,-0.043918008470547595,0.0,0.0,20.423226420269234,73,24.99999999999447,9.0
23.5399999997855,-0.039998765407484205,0.0,0.0,41.570932855645715,73,24.99999999999447,9.0
23.559999999784743,-0.03511437082126793,0.0,0.0,59.146247454929274,74,24.99999999999447,9.0
23.579999999783986,-0.029864280841836507,0.0,0.0,72.60890165848649,72,24.99999999999447,9.0
23.59999999978323,-0.024839703115661527,0.0,0.0,77.26312371470478,73,24.99999999999447,9.0
23.619999999782472,-0.020777201383802017,0.0,0.0,47.239085367915564,72,24.99999999999447,9.0
23.639999999781715,-0.017612229393503688,0.0,0.0,64.68857525177897,73,24.99999999999447,9.0
23.659999999780958,-0.014970239547107316,0.0,0.0,60.35666470675407,72,24.99999999999447,9.0
23.6799999997802,-0.012797201048108294,0.0,0.0,45.95788236589845,73,24.99999999999447,9.0
23.699999999779443,-0.01069864686906865,0.0,0.0,42.90365756432929,73,24.99999999999447,9.0
23.719999999778686,-0.008001781656777288,0.0,0.0,51.66322400156159,73,24.99999999999447,9.0
23.73999999977793,-0.004341642516859563,0.0,0.0,52.94697423335812,73,24.99999999999447,9.0
23.759999999777172,0.0003668233464617315,0.0,0.0,62.30820931203068,74,24.99999999999447,9.0
23.779999999776415,0.006529516183052958,0.0,0.0,22.417330403175363,73,24.99999999999447,9.0
23.799999999775657,0.01280322576578319,0.0,0.0,39.168268779974234,73,24.99999999999447,9.0
23.8199999997749,0.017926468618048735,0.0,0.0,16.28841033744159,73,24.99999999999447,9.0
23.839999999774143,0.020729871903539122,0.0,0.0,51.813012980868194,74,24.99999999999447,9.0
23.859999999773386,0.02173651079940746,0.0,0.0,47.83913914192736,73,24.99999999999447,9.0
23.87999999977263,0.02170965511934126,0.0,0.0,50.66635996043926,73,24.99999999999447,9.0
23.89999999977187,0.021804736121721235,0.0,0.0,53.56043231378043,73,24.99999999999447,9.0
23.919999999771115,0.02344953031895296,0.0,0.0,30.328925951776213,74,24.99999999999447,9.0
23.939999999770357,0.027744363014957068,0.0,0.0,12.636394536793302,72,24.99999999999447,9.0
23.9599999997696,0.03456235026609369,0.0,0.0,18.720488518108034,73,24.99999999999447,9.0
23.979999999768843,0.04196013744425614,0.0,0.0,19.839129449384526,71,24.99999999999447,9.0
23.999999999768086,0.04993533706187706,0.0,0.0,16.92958991999829,71,24.99999999999447,9.0
24.01999999976733,0.05673523654507613,0.0,0.0,14.537749974821567,72,24.99999999999447,9.0
24.03999999976657,0.06057819432484912,0.0,0.0,44.61130089265321,71,24.99999999999447,9.0
24.059999999765814,0.06278552178252322,0.0,0.0,53.03546748299111,72,24.99999999999447,9.0
24.079999999765057,0.06407014204071317,0.0,0.0,47.437667763386706,73,24.99999999999447,9.0
24.0999999997643,0.06580361265030067,0.0,0.0,32.409412479204285,73,24.99999999999447,9.0
24.119999999763543,0.06877225827801416,0.0,0.0,24.29638215472175,73,24.99999999999447,9.0
24.139999999762786,0.07376029268786662,0.0,0.0,20.015445614374556,73,24.99999999999447,9.0
24.15999999976203,0.08075529143550174,0.0,0.0,26.559118737683868,73,24.99999999999447,9.0
24.17999999976127,0.08843179663406928,0.0,0.0,25.473329689040963,72,24.99999999999447,9.0
24.199999999760514,0.09617036281245951,0.0,0.0,18.024159595392298,71,24.99999999999447,9.0
24.219999999759757,0.10319178196572318,0.0,0.0,15.72404252446637,72,24.99999999999447,9.0
24.239999999759,0.1087156311735111,0.0,0.0,13.183419143124077,73,24.99999999999447,9.0
24.259999999758243,0.11220876630486175,0.0,0.0,28.792241658478506,71,24.99999999999447,9.0
24.279999999757486,0.11431120733532914,0.0,0.0,39.36056635914188,72,24.99999999999447,9.0
24.29999999975673,0.11648152776343106,0.0,0.0,36.83385962058822,71,24.99999999999447,9.0
24.31999999975597,0.11976500706585479,0.0,0.0,28.93262517174872,71,24.99999999999447,9.0
24.339999999755214,0.12469842666495436,0.0,0.0,15.170732167152154,69,24.99999999999447,9.0
24.359999999754457,0.13069092014109984,0.0,0.0,17.720008378657116,69,24.99999999999447,9.0
24.3799999997537,0.13757457472757054,0.0,0.0,17.551788559076712,69,24.99999999999447,9.0
24.399999999752943,0.14525605553969365,0.0,0.0,19.12466435787805,69,24.99999999999447,9.0
24.419999999752186,0.15358011530074003,0.0,0.0,14.000144075218442,68,24.99999999999447,9.0
24.43999999975143,0.16138256679344465,0.0,0.0,11.897678697635161,70,24.99999999999447,9.0
24.45999999975067,0.1670806130949373,0.0,0.0,9.852277708195276,70,24.99999999999447,9.0
24.479999999749914,0.17124374622815283,0.0,0.0,27.831090626942938,73,24.99999999999447,9.0
24.499999999749157,0.17382497244662234,0.0,0.0,6.404449976575551,73,24.99999999999447,9.0
24.5199999997484,0.17656538869119706,0.0,0.0,10.499607463949657,72,24.99999999999447,9.0
24.539999999747643,0.17996217155412997,0.0,0.0,9.183547245839693,73,24.99999999999447,9.0
24.559999999746886,0.18386609595315334,0.0,0.0,24.982357196192613,70,24.99999999999447,9.0
24.57999999974613,0.18823867572531705,0.0,0.0,25.464278949110383,70,24.99999999999447,9.0
24.59999999974537,0.19317947187697884,0.0,0.0,20.354484283170006,70,24.99999999999447,9.0
24.619999999744614,0.1978985209582456,0.0,0.0,17.660195481629422,69,24.99999999999447,9.0
24.639999999743857,0.20227889855028836,0.0,0.0,13.42665555835399,69,24.99999999999447,9.0
24.6599999997431,0.20584644523655415,0.0,0.0,12.696555937887883,71,24.99999999999447,9.0
24.679999999742343,0.20753732863571575,0.0,0.0,9.968340362521552,70,24.99999999999447,9.0
24.699999999741586,0.20928733264949662,0.0,0.0,18.526425591873817,69,24.99999999999447,9.0
24.71999999974083,0.21048801131189704,0.0,0.0,17.783660808224557,70,24.99999999999447,9.0
24.73999999974007,0.21175070525571732,0.0,0.0,23.459792118705394,70,24.99999999999447,9.0
24.759999999739314,0.21323319955830808,0.0,0.0,29.455851998088715,70,24.99999999999447,9.0
24.779999999738557,0.21528479507317638,0.0,0.0,33.25116126286805,68,24.99999999999447,9.0
24.7999999997378,0.21758150268707854,0.0,0.0,25.356031939198466,68,24.99999999999447,9.0
24.819999999737043,0.21950791170707531,0.0,0.0,21.923734240532642,68,24.99999999999447,9.0
24.839999999736285,0.22045947111077485,0.0,0.0,28.605843693962456,70,24.99999999999447,9.0
24.85999999973553,0.22139463310092589,0.0,0.0,10.410234609233022,70,24.99999999999447,9.0
24.87999999973477,0.22178166817763378,0.0,0.0,9.475210202912733,71,24.99999999999447,9.0
24.899999999734014,0.22208590825026775,0.0,0.0,13.834722412403083,70,24.99999999999447,9.0
24.919999999733257,0.22283418593611434,0.0,0.0,23.783786597645356,69,24.99999999999447,9.0
24.9399999997325,0.22487076043897047,0.0,0.0,10.86110934807117,72,24.99999999999447,9.0
24.959999999731743,0.22718256322698305,0.0,0.0,18.85376570800274,72,24.99999999999447,9.0
24.979999999730985,0.22983437915106616,0.0,0.0,19.111959134526614,73,24.99999999999447,9.0
24.99999999973023,0.2327364988230993,0.0,0.0,20.06708667434267,72,24.99999999999447,9.0
25.01999999972947,0.2351845335758201,0.0,0.0,22.998230212044326,71,24.99999999999447,9.0
25.039999999728714,0.23777402363013408,0.0,0.0,35.777102134696655,71,24.99999999999447,9.0
25.059999999727957,0.24045402812966551,0.0,0.0,42.10551375552995,72,24.99999999999447,9.0
25.0799999997272,0.24364664642192996,0.0,0.0,37.591954417521485,71,24.99999999999447,9.0
25.099999999726442,0.24722282895934614,0.0,0.0,28.172672928112416,73,24.99999999999447,9.0
25.119999999725685,0.2510576463241586,0.0,0.0,19.14799703611324,73,24.99999999999447,9.0
25.139999999724928,0.2550638329209238,0.0,0.0,16.87002839589146,73,24.99999999999447,9.0
25.15999999972417,0.2592022228219304,0.0,0.0,16.158193485421013,74,24.99999999999447,9.0
25.179999999723414,0.26346545489481293,0.0,0.0,16.69269505824288,73,24.99999999999447,9.0
25.199999999722657,0.2680579192421917,0.0,0.0,18.692216933369014,73,24.99999999999447,9.0
25.2199999997219,0.2724276443125207,0.0,0.0,20.62787044580767,73,24.99999999999447,9.0
25.239999999721142,0.2766004080377174,0.0,0.0,21.718826038015692,73,24.99999999999447,9.0
25.259999999720385,0.28093189792716783,0.0,0.0,22.04167147286887,73,24.99999999999447,9.0
25.279999999719628,0.28547161799576704,0.0,0.0,23.082753207871566,73,24.99999999999447,9.0
25.29999999971887,0.29033067562910875,0.0,0.0,20.759199407122775,73,24.99999999999447,9.0
25.319999999718114,0.2954725681646438,0.0,0.0,16.55020154040929,73,24.99999999999447,9.0
25.339999999717357,0.3008518376825563,0.0,0.0,8.970745663561038,74,24.99999999999447,9.0
25.3599999997166,0.30642976192131127,0.0,0.0,8.43247933154594,74,24.99999999999447,9.0
25.379999999715842,0.3121064357386438,0.0,0.0,7.932544358160666,74,24.99999999999447,9.0
25.399999999715085,0.31773906736399893,0.0,0.0,8.601786825363314,74,24.99999999999447,9.0
25.419999999714328,0.3232949516320131,0.0,0.0,9.30132661033912,74,24.99999999999447,9.0
25.43999999971357,0.3291332684250874,0.0,0.0,12.231234026028762,74,24.99999999999447,9.0
25.459999999712814,0.3355013782741238,0.0,0.0,14.378680522856248,74,24.99999999999447,9.0
25.479999999712057,0.3425554829956498,0.0,0.0,13.98901535992203,74,24.99999999999447,9.0
25.4999999997113,0.35009765914394514,0.0,0.0,12.631920810546035,74,24.99999999999447,9.0
25.519999999710542,0.3577931225276781,0.0,0.0,10.667917968604524,74,24.99999999999447,9.0
25.539999999709785,0.3654688527359498,0.0,0.0,16.458312113700938,74,24.99999999999447,9.0
25.559999999709028,0.37301680400161363,0.0,0.0,10.67219681777798,74,24.99999999999447,9.0
25.57999999970827,0.38052385319498355,0.0,0.0,9.004105142804276,74,24.99999999999447,9.0
25.599999999707514,0.38821344021125387,0.0,0.0,9.1292415027508,74,24.99999999999447,9.0
25.619999999706756,0.39613483211728673,0.0,0.0,9.726276928570469,74,24.99999999999447,9.0
25.639999999706,0.40459898164591934,0.0,0.0,10.591000091182783,74,24.99999999999447,9.0
25.659999999705242,0.41382074471667507,0.0,0.0,10.606819066583288,74,24.99999999999447,9.0
25.679999999704485,0.424074392810853,0.0,0.0,10.372185921003581,74,24.99999999999447,9.0
25.699999999703728,0.43501258031331735,0.0,0.0,10.7001025435315,74,24.99999999999447,9.0
25.71999999970297,0.44623909279855245,0.0,0.0,10.70324206530191,74,24.99999999999447,9.0
25.739999999702214,0.4575707242148198,0.0,0.0,10.092772060782945,74,24.99999999999447,9.0
25.759999999701456,0.4692527037530021,0.0,0.0,9.900662441152427,74,24.99999999999447,9.0
25.7799999997007,0.4816654128541482,0.0,0.0,9.684714765302859,74,24.99999999999447,9.0
25.799999999699942,0.49625104488303207,0.0,0.0,9.518122106961975,74,24.99999999999447,9.0
25.819999999699185,0.5115359394239856,0.0,0.0,8.578401741505326,74,24.99999999999447,9.0
25.839999999698428,0.526590913305977,0.0,0.0,8.758143321376613,74,24.99999999999447,9.0
25.85999999969767,0.5420617764660682,0.0,0.0,9.347233778424185,74,24.99999999999447,9.0
25.879999999696913,0.5580419312829418,0.0,0.0,10.030265968371769,74,24.99999999999447,9.0
25.899999999696156,0.5746981623778809,0.0,0.0,9.755988356744945,74,24.99999999999447,9.0
25.9199999996954,0.5920686031628897,0.0,0.0,9.209655685017218,74,24.99999999999447,9.0
25.939999999694642,0.6099904597674652,0.0,0.0,8.490192009518077,74,24.99999999999447,9.0
25.959999999693885,0.6281873393677754,0.0,0.0,8.373192353948681,74,24.99999999999447,9.0
25.979999999693128,0.6465315766829344,0.0,0.0,7.977495890046894,74,24.99999999999447,9.0
25.99999999969237,0.6650821242844953,0.0,0.0,8.136845880089407,74,24.99999999999447,9.0
26.019999999691613,0.6838730323683984,0.0,0.0,7.635984715453047,74,24.99999999999447,9.0
26.039999999690856,0.7030456214358901,0.0,0.0,7.583642171020907,74,24.99999999999447,9.0
26.0599999996901,0.7226707923268749,0.0,0.0,7.742139989311463,74,24.99999999999447,9.0
26.079999999689342,0.742699151163638,0.0,0.0,7.829014947143318,74,24.99999999999447,9.0
26.099999999688585,0.7630073633657822,0.0,0.0,7.074182822822686,74,24.99999999999447,9.0
26.119999999687828,0.7838351045954315,0.0,0.0,7.346164386708935,74,24.99999999999447,9.0
26.13999999968707,0.8051028437015261,0.0,0.0,8.001678704149978,74,24.99999999999447,9.0
26.159999999686313,0.8268058370304384,0.0,0.0,7.546824062317353,73,24.99999999999447,9.0
26.179999999685556,0.8487862962198135,0.0,0.0,6.816097417524491,73,24.99999999999447,9.0
26.1999999996848,0.871180236123428,0.0,0.0,5.34214313768762,74,24.99999999999447,9.0
26.219999999684042,0.8941173428142026,0.0,0.0,5.441567245040274,74,24.99999999999447,9.0
26.239999999683285,0.9176833131465856,0.0,0.0,5.535852971289385,74,24.99999999999447,9.0
26.259999999682528,0.9424081207579049,0.0,0.0,11.345695766723006,73,24.99999999999447,9.0
26.27999999968177,0.9735399723764825,0.0,0.0,19.054163351732523,72,24.99999999999447,9.0
26.299999999681013,1.0090068305175899,0.0,0.0,35.13415592956433,74,24.99999999999447,9.0
26.319999999680256,1.043235302304376,0.0,0.0,49.14821681271591,74,24.99999999999447,9.0
26.3399999996795,1.0748109719079286,0.0,0.0,46.56983265195817,73,24.99999999999447,9.0
26.35999999967874,1.1044339936351375,0.0,0.0,45.485089981685555,73,24.99999999999447,9.0
26.379999999677985,1.1323561354327762,0.0,0.0,42.5833150657678,74,24.99999999999447,9.0
26.399999999677227,1.1576457835360818,0.0,0.0,27.074773430886403,74,24.99999999999447,9.0
26.41999999967647,1.1808480482068517,0.0,0.0,5.902474509800611,74,24.99999999999447,9.0
26.439999999675713,1.2041698648885373,0.0,0.0,1.8271200936854213,75,24.99999999999447,9.0
26.459999999674956,1.2286228985285363,0.0,0.0,3.202306956660076,75,24.99999999999447,9.0
26.4799999996742,1.2524995161718395,0.0,0.0,2.7706804439298605,75,24.99999999999447,9.0
26.49999999967344,1.2739897554965725,0.0,0.0,33.425527163262295,73,24.99999999999447,9.0
26.519999999672685,1.292014775984534,0.0,0.0,14.061641686757248,74,24.99999999999447,9.0
26.539999999671927,1.3058779723688296,0.0,0.0,13.012549278781117,74,24.99999999999447,9.0
26.55999999967117,1.3155575949911833,0.0,0.0,15.699596014814675,74,24.99999999999447,9.0
26.579999999670413,1.320952380391292,0.0,0.0,17.992871633751502,74,24.99999999999447,9.0
26.599999999669656,1.3220225316121308,0.0,0.0,55.31219499441077,73,24.99999999999447,9.0
26.6199999996689,1.3180284539193792,0.0,0.0,63.607431091792606,73,24.99999999999447,9.0
26.63999999966814,1.3054846117042063,0.0,0.0,70.7243862100992,71,24.99999999999447,9.0
26.659999999667384,1.2832218500069987,0.0,0.0,124.86076188988895,71,24.99999999999447,9.0
26.679999999666627,1.2370712501287942,0.0,0.0,150.33755653956771,69,24.99999999999447,9.0
26.69999999966587,1.0285202132568405,0.0,0.0,172.0082674153513,67,24.99999999999447,9.0
26.719999999665113,0.8642883358757908,0.0,0.0,135.73548591875328,69,24.99999999999447,9.0
26.739999999664356,0.7806886483903995,0.0,0.0,342.820476291289,69,24.99999999999447,9.0
26.7599999996636,0.7528549375209105,0.0,0.0,212.41932752869474,68,24.99999999999447,9.0
26.77999999966284,0.7561249457368002,0.0,0.0,106.18118539016298,70,24.99999999999447,9.0
26.799999999662084,0.7682404199443071,0.0,0.0,41.47858755707504,72,24.99999999999447,9.0
26.819999999661327,0.7792964704840585,0.0,0.0,16.29817508529479,73,24.99999999999447,9.0
26.83999999966057,0.772384239095863,0.0,0.0,9.913283021671026,74,24.99999999999447,9.0
26.859999999659813,0.7562572337477858,0.0,0.0,37.04696337111706,74,24.99999999999447,9.0
26.879999999659056,0.7173099152530118,0.0,0.0,79.49783805526043,72,24.99999999999447,9.0
26.8999999996583,0.6841542743843609,0.0,0.0,40.87399256667734,73,24.99999999999447,9.0
26.91999999965754,0.6645043226573243,0.0,0.0,22.731452276843925,74,24.99999999999447,9.0
26.939999999656784,0.6388010323595426,0.0,0.0,15.337528169197945,72,24.99999999999447,9.0
26.959999999656027,0.6129024486955017,0.0,0.0,6.253497613475902,73,24.99999999999447,9.0
26.97999999965527,0.5891055441669931,0.0,0.0,14.333787576400542,74,24.99999999999447,9.0
26.999999999654513,0.5678182029198092,0.0,0.0,7.072803444155679,73,24.99999999999447,9.0
27.019999999653756,0.5488346586076694,0.0,0.0,5.401605152374005,74,24.99999999999447,9.0
27.039999999653,0.5321167070130468,0.0,0.0,3.6138442939118973,75,24.99999999999447,9.0
27.05999999965224,0.5172373695640186,0.0,0.0,3.4895693458608306,75,24.99999999999447,9.0
27.079999999651484,0.5058729734774118,0.0,0.0,3.079158845575492,75,24.99999999999447,9.0
27.099999999650727,0.4944950136953803,0.0,0.0,3.3944138139885434,75,24.99999999999447,9.0
27.11999999964997,0.48688906105085894,0.0,0.0,3.469580251675956,75,24.99999999999447,9.0
27.139999999649213,0.4846140665939661,0.0,0.0,3.2737543703117082,75,24.99999999999447,9.0
27.159999999648456,0.48636245869638,0.0,0.0,3.072058667671717,75,24.99999999999447,9.0
27.1799999996477,0.49170234403332314,0.0,0.0,2.7743308174656405,75,24.99999999999447,9.0
27.19999999964694,0.5006176707066049,0.0,0.0,2.5539045212209173,75,24.99999999999447,9.0
27.219999999646184,0.5108412966973847,0.0,0.0,1.9945075899325266,75,24.99999999999447,9.0
27.239999999645427,0.5207753323357951,0.0,0.0,1.6893107072845173,75,24.99999999999447,9.0
27.25999999964467,0.5296435496746297,0.0,0.0,2.7131969686372273,75,24.99999999999447,9.0
27.279999999643913,0.5378015616651548,0.0,0.0,1.727609926271137,75,24.99999999999447,9.0
27.299999999643155,0.5445672035906322,0.0,0.0,3.902766980212318,75,24.99999999999447,9.0
27.3199999996424,0.5508161172216723,0.0,0.0,2.989529861459722,75,24.99999999999447,9.0
27.33999999964164,0.5563593441966627,0.0,0.0,3.0281447056906003,75,24.99999999999447,9.0
27.359999999640884,0.5629283060825828,0.0,0.0,3.119710260561519,75,24.99999999999447,9.0
27.379999999640127,0.5705601066590301,0.0,0.0,3.284033329811653,75,24.99999999999447,9.0
27.39999999963937,0.5810737738491419,0.0,0.0,3.54714319046904,75,24.99999999999447,9.0
27.419999999638613,0.5940540888748661,0.0,0.0,3.7467370438300764,75,24.99999999999447,9.0
27.439999999637855,0.6095214249040639,0.0,0.0,3.9419029050397345,75,24.99999999999447,9.0
27.4599999996371,0.6252656988007774,0.0,0.0,4.0417392333473225,75,24.99999999999447,9.0
27.47999999963634,0.6398634965512687,0.0,0.0,4.10697966503255,75,24.99999999999447,9.0
27.499999999635584,0.6524051979604721,0.0,0.0,4.055086227777773,75,24.99999999999447,9.0
27.519999999634827,0.6625102220145115,0.0,0.0,4.151756591821692,75,24.99999999999447,9.0
27.53999999963407,0.6700804366096731,0.0,0.0,4.887804471447541,75,24.99999999999447,9.0
27.559999999633312,0.6752973465255707,0.0,0.0,3.5330507536145435,75,24.99999999999447,9.0
27.579999999632555,0.6799458147900854,0.0,0.0,3.3922916422604477,75,24.99999999999447,9.0
27.599999999631798,0.68588285037342,0.0,0.0,3.342725249665403,75,24.99999999999447,9.0
27.61999999963104,0.69375834636449,0.0,0.0,7.288873754765631,74,24.99999999999447,9.0
27.639999999630284,0.7027434907747305,0.0,0.0,4.615380623473919,75,24.99999999999447,9.0
27.659999999629527,0.7125624281705617,0.0,0.0,4.759933833716032,75,24.99999999999447,9.0
27.67999999962877,0.7226908830536446,0.0,0.0,4.379106988272783,75,24.99999999999447,9.0
27.699999999628012,0.7330876193201017,0.0,0.0,4.343791646237645,75,24.99999999999447,9.0
27.719999999627255,0.7436913506814706,0.0,0.0,4.556976825214246,75,24.99999999999447,9.0
27.739999999626498,0.7541540580030341,0.0,0.0,4.440068836348289,75,24.99999999999447,9.0
27.75999999962574,0.764325085021711,0.0,0.0,4.790038058418971,75,24.99999999999447,9.0
27.779999999624984,0.7739999355103888,0.0,0.0,5.043095601205057,74,24.99999999999447,9.0
27.799999999624227,0.7829621167126446,0.0,0.0,4.7958248614594,75,24.99999999999447,9.0
27.81999999962347,0.7913603598687048,0.0,0.0,4.47891599755424,75,24.99999999999447,9.0
27.839999999622712,0.7999338329314719,0.0,0.0,4.488331341277761,75,24.99999999999447,9.0
27.859999999621955,0.8090367085921398,0.0,0.0,18.933111955433247,74,24.99999999999447,9.0
27.879999999621198,0.8193029888362867,0.0,0.0,2.722850409464631,75,24.99999999999447,9.0
27.89999999962044,0.8312295744448971,0.0,0.0,3.4495599659088416,75,24.99999999999447,9.0
27.919999999619684,0.8447188177178303,0.0,0.0,3.656318847586798,75,24.99999999999447,9.0
27.939999999618927,0.8594552798231159,0.0,0.0,3.8000644651772717,75,24.99999999999447,9.0
27.95999999961817,0.8752079679952518,0.0,0.0,3.7039708453318863,75,24.99999999999447,9.0
27.979999999617412,0.8912507222579243,0.0,0.0,2.947265476305176,75,24.99999999999447,9.0
27.999999999616655,0.9078833498163712,0.0,0.0,3.9595004302633705,75,24.99999999999447,9.0
28.019999999615898,0.9250461229165546,0.0,0.0,4.810219368200034,75,24.99999999999447,9.0
28.03999999961514,0.9421229216822506,0.0,0.0,5.691489332647702,73,24.99999999999447,9.0
28.059999999614384,0.958976088042414,0.0,0.0,6.347681833359706,72,24.99999999999447,9.0
28.079999999613626,0.9755594092764501,0.0,0.0,4.912046765396041,75,24.99999999999447,9.0
28.09999999961287,0.9919814894614093,0.0,0.0,4.496888774845235,75,24.99999999999447,9.0
28.119999999612112,1.0074659090921827,0.0,0.0,2.8730162803866626,75,24.99999999999447,9.0
28.139999999611355,1.025643680023098,0.0,0.0,7.14848485792464,74,24.99999999999447,9.0
28.159999999610598,1.0482746623702068,0.0,0.0,8.934785088393017,74,24.99999999999447,9.0
28.17999999960984,1.067121094258533,0.0,0.0,21.373323621342145,72,24.99999999999447,9.0
28.199999999609084,1.0778871436304782,0.0,0.0,73.40217135236111,71,24.99999999999447,9.0
28.219999999608326,1.0765345387308773,0.0,0.0,47.97314194445886,69,24.99999999999447,9.0
28.23999999960757,1.0217993713974522,0.0,0.0,34.93013988927831,70,24.99999999999447,9.0
28.259999999606812,0.9251024661755181,0.0,0.0,42.28536112058967,70,24.99999999999447,9.0
28.279999999606055,0.8328783427301353,0.0,0.0,19.458838571008666,71,24.99999999999447,9.0
28.299999999605298,0.7587336700616694,0.0,0.0,27.61553574405687,69,24.99999999999447,9.0
28.31999999960454,0.6994473792637896,0.0,0.0,16.053554142223792,73,24.99999999999447,9.0
28.339999999603783,0.6560703704383242,0.0,0.0,13.395734196390931,73,24.99999999999447,9.0
28.359999999603026,0.6272685155556634,0.0,0.0,14.759742044603655,73,24.99999999999447,9.0
28.37999999960227,0.6037502737964865,0.0,0.0,22.53972803066293,70,24.99999999999447,9.0
28.399999999601512,0.577937161907323,0.0,0.0,15.440296904346393,70,24.99999999999447,9.0
28.419999999600755,0.5527210123523885,0.0,0.0,14.943959856835662,70,24.99999999999447,9.0
28.439999999599998,0.5414215419942483,0.0,0.0,13.940891030799976,72,24.99999999999447,9.0
28.45999999959924,0.531449490160158,0.0,0.0,15.195591979136273,72,24.99999999999447,9.0
28.479999999598483,0.5158260316321459,0.0,0.0,18.37871464058909,73,24.99999999999447,9.0
28.499999999597726,0.5016915696847479,0.0,0.0,18.359164822860723,74,24.99999999999447,9.0
28.51999999959697,0.4891878996908539,0.0,0.0,14.113535627061582,73,24.99999999999447,9.0
28.539999999596212,0.4819403960030348,0.0,0.0,11.294014440227315,69,24.99999999999447,9.0
28.559999999595455,0.4771789456429954,0.0,0.0,11.673763928106279,69,24.99999999999447,9.0
28.579999999594698,0.46915769374883015,0.0,0.0,34.29639081651692,69,24.99999999999447,9.0
28.59999999959394,0.459651069925204,0.0,0.0,45.225207753018516,66,24.99999999999447,9.0
28.619999999593183,0.44976536707955256,0.0,0.0,136.01630276112763,68,24.99999999999447,9.0
28.639999999592426,0.4429648737751591,0.0,0.0,46.95416665286974,68,24.99999999999447,9.0
28.65999999959167,0.43440994559227303,0.0,0.0,51.61920447165806,70,24.99999999999447,9.0
28.679999999590912,0.41220867564826685,0.0,0.0,28.108036070249106,68,24.99999999999447,9.0
28.699999999590155,0.3852778893099714,0.0,0.0,4.958548008654479,75,24.99999999999447,9.0
28.719999999589398,0.37419502870491717,0.0,0.0,1.3858708843457341,75,24.99999999999447,9.0
28.73999999958864,0.3496130132876881,0.0,0.0,9.219483314478792,74,24.99999999999447,9.0
28.759999999587883,0.31292924047494886,0.0,0.0,7.801297105928519,74,24.99999999999447,9.0
28.779999999587126,0.28809133472513593,0.0,0.0,4.926520979217299,75,24.99999999999447,9.0
28.79999999958637,0.2675551198322635,0.0,0.0,12.988307483803817,74,24.99999999999447,9.0
28.81999999958561,0.24952493216740035,0.0,0.0,17.29667768141204,73,24.99999999999447,9.0
28.839999999584855,0.23312307553594325,0.0,0.0,18.122909452264288,73,24.99999999999447,9.0
28.859999999584097,0.2189785431237235,0.0,0.0,52.92515540714222,71,24.99999999999447,9.0
28.87999999958334,0.20799446153256637,0.0,0.0,14.266192660561082,72,24.99999999999447,9.0
28.899999999582583,0.1995744880603811,0.0,0.0,12.206923613962612,73,24.99999999999447,9.0
28.919999999581826,0.19373313147548912,0.0,0.0,8.58772523154846,72,24.99999999999447,9.0
28.93999999958107,0.18657475062042758,0.0,0.0,7.7695403334733495,73,24.99999999999447,9.0
28.95999999958031,0.17641631455876952,0.0,0.0,7.945776160203429,74,24.99999999999447,9.0
28.979999999579555,0.1637323915372084,0.0,0.0,29.609297225581294,73,24.99999999999447,9.0
28.999999999578797,0.14846040842803113,0.0,0.0,18.94132314670924,73,24.99999999999447,9.0
29.01999999957804,0.14288385663120587,0.0,0.0,12.856952812687835,72,24.99999999999447,9.0
29.039999999577283,0.13351902616001327,0.0,0.0,16.092634211923333,73,24.99999999999447,9.0
29.059999999576526,0.12172524879208185,0.0,0.0,15.679049557878136,72,24.99999999999447,9.0
29.07999999957577,0.11089632859807798,0.0,0.0,17.705547214418207,72,24.99999999999447,9.0
29.09999999957501,0.10018525008419422,0.0,0.0,20.404595920539034,73,24.99999999999447,9.0
29.119999999574254,0.08971892568756029,0.0,0.0,22.649849195593898,73,24.99999999999447,9.0
29.139999999573497,0.07949296620975718,0.0,0.0,25.198915919018802,73,24.99999999999447,9.0
29.15999999957274,0.06936141388031355,0.0,0.0,24.893646082548443,72,24.99999999999447,9.0
29.179999999571983,0.059377931802740244,0.0,0.0,23.755952270417055,73,24.99999999999447,9.0
29.199999999571226,0.04809924862247007,0.0,0.0,20.3380507586174,74,24.99999999999447,9.0
29.21999999957047,0.036204694471891875,0.0,0.0,13.4567760322923,74,24.99999999999447,9.0
29.23999999956971,0.024179658780398048,0.0,0.0,4.84182801773692,75,24.99999999999447,9.0
29.259999999568954,0.013172270505277738,0.0,0.0,3.5089416120365904,75,24.99999999999447,9.0
29.279999999568197,0.006185365694925962,0.0,0.0,3.868623578312755,75,24.99999999999447,9.0
29.29999999956744,-0.0003705773476954543,0.0,0.0,4.627491593145462,75,24.99999999999447,9.0
29.319999999566683,-0.007805145258351893,0.0,0.0,12.248690575182845,73,24.99999999999447,9.0
29.339999999565926,-0.018568846566933667,0.0,0.0,7.63754391465047,74,24.99999999999447,9.0
29.35999999956517,-0.0283017526678908,0.0,0.0,4.476195331283205,75,24.99999999999447,9.0
29.37999999956441,-0.037370150692927054,0.0,0.0,4.914428445755137,75,24.99999999999447,9.0
29.399999999563654,-0.04661949098939334,0.0,0.0,5.166352433580855,74,24.99999999999447,9.0
29.419999999562897,-0.055822596001128766,0.0,0.0,4.527177632852673,75,24.99999999999447,9.0
29.43999999956214,-0.06457657091090152,0.0,0.0,3.3019097192312836,75,24.99999999999447,9.0
29.459999999561383,-0.07342462200123763,0.0,0.0,3.2972551351758335,75,24.99999999999447,9.0
29.479999999560626,-0.08188196998318642,0.0,0.0,3.479763421568024,75,24.99999999999447,9.0
29.49999999955987,-0.08883454992381205,0.0,0.0,13.120872244627078,74,24.99999999999447,9.0
29.51999999955911,-0.09416490980773425,0.0,0.0,13.803346226975814,74,24.99999999999447,9.0
29.539999999558354,-0.09822786523033342,0.0,0.0,9.906822890485877,72,24.99999999999447,9.0
29.559999999557597,-0.10116279417427572,0.0,0.0,9.350684513441703,72,24.99999999999447,9.0
29.57999999955684,-0.10398626843444397,0.0,0.0,9.115727403006666,72,24.99999999999447,9.0
29.599999999556083,-0.10847646341387275,0.0,0.0,8.329900465370242,70,24.99999999999447,9.0
29.619999999555326,-0.11133162587563253,0.0,0.0,7.979449266766947,72,24.99999999999447,9.0
29.63999999955457,-0.11484678136715759,0.0,0.0,7.7111899770526815,73,24.99999999999447,9.0
29.65999999955381,-0.11771985033404189,0.0,0.0,5.873433970600103,73,24.99999999999447,9.0
29.679999999553054,-0.1207881832998469,0.0,0.0,6.060894853283142,73,24.99999999999447,9.0
29.699999999552297,-0.12421252058030056,0.0,0.0,5.758111335273274,74,24.99999999999447,9.0
29.71999999955154,-0.1276291665758893,0.0,0.0,5.80266573110314,74,24.99999999999447,9.0
29.739999999550783,-0.13093093913105933,0.0,0.0,7.63082855946127,74,24.99999999999447,9.0
29.759999999550026,-0.13183882713856296,0.0,0.0,8.217643890892637,74,24.99999999999447,9.0
29.77999999954927,-0.13128192114483175,0.0,0.0,5.479953735830906,74,24.99999999999447,9.0
29.79999999954851,-0.12989545277376405,0.0,0.0,5.291147261623127,74,24.99999999999447,9.0
29.819999999547754,-0.1289867420760643,0.0,0.0,18.51225536398183,73,24.99999999999447,9.0
29.839999999546997,-0.12897770696226404,0.0,0.0,16.209353727241812,72,24.99999999999447,9.0
29.85999999954624,-0.1300336674876962,0.0,0.0,19.037374313575423,72,24.99999999999447,9.0
29.879999999545483,-0.13247169345780763,0.0,0.0,20.677354237100893,72,24.99999999999447,9.0
29.899999999544725,-0.1339444282762312,0.0,0.0,18.9217048121681,72,24.99999999999447,9.0
29.91999999954397,-0.13613348501155026,0.0,0.0,16.758850986160535,72,24.99999999999447,9.0
29.93999999954321,-0.1412205163674487,0.0,0.0,14.314621851047262,72,24.99999999999447,9.0
29.959999999542454,-0.1463289797339226,0.0,0.0,13.435305445433938,72,24.99999999999447,9.0
29.979999999541697,-0.151063038598242,0.0,0.0,12.90272661460237,72,24.99999999999447,9.0
29.99999999954094,-0.15468073056017226,0.0,0.0,11.857259022358345,72,24.99999999999447,9.0
