t,omega_hub,omega_gnd,tau_gen,T_max,n_slack,backline_payout,k_mppt_scale
0.019999999999999858,9.519472106305656,10.860691465954142,1297.5008103051405,0.0,75,0.0,1.0
0.03999999999999904,9.550297296899652,6.788556769100997,506.9295330803766,0.0,75,0.0,1.0
0.05999999999999823,9.576379387151079,4.862389347569155,260.07113184089394,0.0,75,0.0,1.0
0.07999999999999742,9.600113962563915,3.9037100750071465,167.6284758468353,0.0,75,0.0,1.0
0.0999999999999966,9.62206647152034,3.5019589698239733,134.90088288963642,0.0,75,0.0,1.0
0.11999999999999579,9.64178607051815,3.433572617128971,129.6836300880768,0.0,75,0.0,1.0
0.14000000000000018,9.65818193104346,3.56624090216199,139.8988158947848,0.0,75,0.0,1.0
0.1600000000000063,9.67000194869563,3.8013785981130517,158.95527170811144,0.0,75,0.0,1.0
0.18000000000001243,9.677701470919432,4.10194875058023,185.0858190762538,0.0,75,0.0,1.0
0.20000000000001855,9.683416762267676,4.475333727227325,220.3147316706426,0.0,75,0.0,1.0
0.22000000000002468,9.688582558903299,4.928808185937796,267.2246514714417,0.0,75,0.0,1.0
0.2400000000000308,9.694165315324469,5.426974797989953,323.972610038199,0.0,75,0.0,1.0
0.26000000000003,9.700027209887546,5.918577131529199,385.32510788046443,0.0,75,0.0,1.0
0.28000000000002223,9.70592257922616,6.356284808366798,444.4259222158199,0.0,75,0.0,1.0
0.3000000000000145,9.711916373805028,6.716875418660843,496.28056928791295,0.0,75,0.0,1.0
0.3200000000000067,9.718098567201329,7.000534706808854,539.0823479935887,0.0,75,0.0,1.0
0.33999999999999897,9.724242736902339,7.217455010299579,573.0082250826835,0.0,75,0.0,1.0
0.3599999999999912,9.730041314742081,7.377656535277769,598.7279754777945,0.0,75,0.0,1.0
0.37999999999998346,9.73555564135296,7.492094721501394,617.4463164754396,0.0,75,0.0,1.0
0.3999999999999757,9.741253452467324,7.576528509689729,631.441626839554,0.0,75,0.0,1.0
0.41999999999996795,9.747644246774168,7.649000056243277,643.5792204645062,0.0,75,0.0,1.0
0.4399999999999602,9.754944476872579,7.722842792390336,656.065308755729,0.0,75,0.0,1.0
0.45999999999995245,9.763026482786035,7.802305041959944,669.6356036457291,0.0,75,0.0,1.0
0.4799999999999447,9.771574400867513,7.883671404619665,683.6750229761959,0.0,75,0.0,1.0
0.49999999999993694,9.780254661913194,7.959941589822197,696.9673712471924,0.0,75,0.0,1.0
0.5199999999999569,9.788789765671083,8.025243003003961,708.4497778299044,0.0,75,0.0,1.0
0.5399999999999769,9.79695795198183,8.07678017114197,717.578157262473,0.0,75,0.0,1.0
0.559999999999997,9.804605995256127,8.11468079607969,724.3284886449094,0.0,75,0.0,1.0
0.580000000000017,9.811691438183505,8.141459763256194,729.1170378439156,0.0,75,0.0,1.0
0.600000000000037,9.818303104899295,8.161486401836425,732.7084631609698,0.0,75,0.0,1.0
0.620000000000057,9.824614484592901,8.180019565892302,736.0399210821896,0.0,75,0.0,1.0
0.640000000000077,9.830795253878842,8.20165165474101,739.9379885228755,0.0,75,0.0,1.0
0.660000000000097,9.836938288952737,8.228831262176946,744.850303355187,0.0,75,0.0,1.0
0.680000000000117,9.843042406397682,8.26133927625995,750.7469930122279,0.0,75,0.0,1.0
0.700000000000137,9.849039174584995,8.296937502311554,757.2308910899027,0.0,75,0.0,1.0
0.720000000000157,9.854834297786105,8.33266578155843,763.7665092987025,0.0,75,0.0,1.0
0.740000000000177,9.860337984764783,8.365978004576297,769.8854677035984,0.0,75,0.0,1.0
0.760000000000197,9.86548434353348,8.395427030172563,775.3151452084732,0.0,75,0.0,1.0
0.780000000000217,9.870245994051555,8.420857616145392,780.0192729053325,0.0,75,0.0,1.0
0.800000000000237,9.874646081324002,8.443234118513795,784.1702261803896,0.0,75,0.0,1.0
0.820000000000257,9.87875668093105,8.464265675878455,788.0817277503957,0.0,75,0.0,1.0
0.840000000000277,9.88267523776556,8.485838985717,792.1040962066598,0.0,75,0.0,1.0
0.860000000000297,9.886489917834908,8.509336851701251,796.4969502129306,0.0,75,0.0,1.0
0.880000000000317,9.890254099393992,8.535121955155766,801.331374683202,0.0,75,0.0,1.0
0.900000000000337,9.893977253482404,8.562472940148405,806.4753713585103,0.0,75,0.0,1.0
0.920000000000357,9.897633762739225,8.590013348167448,811.6716225386442,0.0,75,0.0,1.0
0.940000000000377,9.90118145079542,8.616293888826116,816.6457241648449,0.0,75,0.0,1.0
0.960000000000397,9.90457784218967,8.640317369706342,821.2059267417403,0.0,75,0.0,1.0
0.980000000000417,9.907792587546341,8.661752366183391,825.2854945839194,0.0,75,0.0,1.0
1.000000000000437,9.910815174588159,8.680913089671455,828.9407727747213,0.0,75,0.0,1.0
1.020000000000457,9.913657941099622,8.698545794335386,832.3116882976482,0.0,75,0.0,1.0
1.040000000000477,9.916351574275755,8.715547102263498,835.5683742095104,0.0,75,0.0,1.0
1.060000000000497,9.918934775226935,8.732703197707332,838.8611565317266,0.0,75,0.0,1.0
1.080000000000517,9.921441434956273,8.750437168042668,842.2716569504884,0.0,75,0.0,1.0
1.100000000000537,9.923890138973977,8.76872408369869,845.7957426164116,0.0,75,0.0,1.0
1.120000000000557,9.926280237316275,8.7871076054872,849.3458607745212,0.0,75,0.0,1.0
1.140000000000577,9.928595733630429,8.804934559671478,852.7955986010688,0.0,75,0.0,1.0
1.160000000000597,9.930813230684347,8.821609826617003,856.0287992637224,0.0,75,0.0,1.0
1.180000000000617,9.932911282367833,8.83680346158063,858.9800496046373,0.0,75,0.0,1.0
1.200000000000637,9.934877470967251,8.850568911021748,861.6582705361916,0.0,75,0.0,1.0
1.220000000000657,9.936711120988324,8.863265534680341,864.1322353207763,0.0,75,0.0,1.0
1.240000000000677,9.938421829249268,8.875390143261203,866.4980521460793,0.0,75,0.0,1.0
1.260000000000697,9.940025311854846,8.88737928292682,868.8406157045654,0.0,75,0.0,1.0
1.280000000000717,9.941537647412668,8.899516531931374,871.2153395233181,0.0,75,0.0,1.0
1.300000000000737,9.942971677840932,8.911845238256653,873.6308410570156,0.0,75,0.0,1.0
1.320000000000757,9.944334000940843,8.924235464455398,876.0617648754779,0.0,75,0.0,1.0
1.340000000000777,9.945624776710178,8.936469302375476,878.4653195152915,0.0,75,0.0,1.0
1.360000000000797,9.946838609469275,8.948313212584228,880.7954028556042,0.0,75,0.0,1.0
1.380000000000817,9.947967431475965,8.959572192258682,883.0132725512453,0.0,75,0.0,1.0
1.400000000000837,9.949003810042552,8.970164003623825,885.1022647709948,0.0,75,0.0,1.0
1.420000000000857,9.94994490455609,8.980136123979365,887.0712928571904,0.0,75,0.0,1.0
1.440000000000877,9.950793609578737,8.989653095172091,888.9524904869088,0.0,75,0.0,1.0
1.460000000000897,9.95155802136822,8.998927883779965,890.7877336321981,0.0,75,0.0,1.0
1.480000000000917,9.952248218493228,9.008151935987614,892.6148143202114,0.0,75,0.0,1.0
1.500000000000937,9.952872571607273,9.017390606126332,894.4466667780096,0.0,75,0.0,1.0
1.520000000000957,9.953435533804704,9.02657072790679,896.2687701649409,0.0,75,0.0,1.0
1.540000000000977,9.953937462152359,9.035545544573495,898.0519161686813,0.0,75,0.0,1.0
1.560000000000997,9.954376300007274,9.044170400174117,899.7672005012421,0.0,75,0.0,1.0
1.580000000001017,9.954749019151325,9.052362724238495,901.3979798030084,0.0,75,0.0,1.0
1.600000000001037,9.955053161963857,9.060141457671753,902.9477955632467,0.0,75,0.0,1.0
1.620000000001057,9.955287182241925,9.067579255725242,904.4309291474461,0.0,75,0.0,1.0
1.640000000001077,9.955451099693407,9.074763495432595,905.8646574783961,0.0,75,0.0,1.0
1.660000000001097,9.955546723825124,9.08177288875288,907.2645868317552,0.0,75,0.0,1.0
1.680000000001117,9.955578334278018,9.088682918736966,908.645729170752,0.0,75,0.0,1.0
1.700000000001137,9.955551470800321,9.095559221511913,910.0211730723342,0.0,75,0.0,1.0
1.720000000001157,9.955471752762161,9.102421813564725,911.3949115926482,0.0,75,0.0,1.0
1.740000000001177,9.955342975594794,9.109257421461232,912.7642784749117,0.0,75,0.0,1.0
1.760000000001197,9.955166314939222,9.115980779213265,914.1121612368424,0.0,75,0.0,1.0
1.780000000001217,9.954940534088637,9.122487617772935,915.4175837006256,0.0,75,0.0,1.0
1.800000000001237,9.954664098725425,9.128682408955916,916.661267759393,0.0,75,0.0,1.0
1.820000000001257,9.954336302673404,9.134559579268307,917.8419657792263,0.0,75,0.0,1.0
1.840000000001277,9.95395780124456,9.140162944938968,918.9683652603893,0.0,75,0.0,1.0
1.860000000001297,9.953530267169285,9.145568811809872,920.0557178070437,0.0,75,0.0,1.0
1.880000000001317,9.953055375896,9.150835567717591,921.1157074614586,0.0,75,0.0,1.0
1.900000000001337,9.952534115803081,9.155983793895208,922.1524315747886,0.0,75,0.0,1.0
1.920000000001357,9.951967443894725,9.160988883038375,923.1608904666796,0.0,75,0.0,1.0
1.940000000001377,9.951356770388122,9.165849068349061,924.140680581309,0.0,75,0.0,1.0
1.960000000001397,9.950703584645003,9.17058823041459,925.0965734100045,0.0,75,0.0,1.0
1.980000000001417,9.950009320026918,9.175222901393019,926.0318681927162,0.0,75,0.0,1.0
2.000000000001437,9.949274778260108,9.179772781265429,926.950511472278,0.0,75,0.0,1.0
2.020000000001346,9.948499775715996,9.184231159347526,927.85112187163,0.0,75,0.0,1.0
2.040000000001255,9.94768427012181,9.188576335616933,928.7292858300544,0.0,75,0.0,1.0
2.060000000001164,9.946829406799916,9.19279263894184,929.5818015284162,0.0,75,0.0,1.0
2.080000000001073,9.945937418346878,9.1969193381058,930.4165784278688,0.0,75,0.0,1.0
2.100000000000982,9.945011206451092,9.200986566063047,931.2396916775994,0.0,75,0.0,1.0
2.120000000000891,9.944053382384585,9.205002013858792,932.0526828265886,0.0,75,0.0,1.0
2.1400000000008,9.94306504458094,9.208943821582235,932.8511093996337,0.0,75,0.0,1.0
2.160000000000709,9.94204617349959,9.212754464595347,933.6232930741367,0.0,75,0.0,1.0
2.180000000000618,9.940996443755221,9.21637454812175,934.3571579239305,0.0,75,0.0,1.0
2.200000000000527,9.939916074675725,9.219793951637218,935.0506056171085,0.0,75,0.0,1.0
2.220000000000436,9.93880544968735,9.223050675346121,935.711301360028,0.0,75,0.0,1.0
2.240000000000345,9.937665172576557,9.22617680484357,936.3457227765687,0.0,75,0.0,1.0
2.260000000000254,9.936495281568467,9.229205598143944,936.9605957009265,0.0,75,0.0,1.0
2.280000000000163,9.935295316165904,9.232146871362884,937.5578943985704,0.0,75,0.0,1.0
2.3000000000000718,9.934065271807388,9.234997087864755,938.1368833415756,0.0,75,0.0,1.0
2.3199999999999807,9.93280633387471,9.237762943996312,938.6989063041855,0.0,75,0.0,1.0
2.3399999999998897,9.931520312778769,9.24049568375992,939.254365297443,0.0,75,0.0,1.0
2.3599999999997987,9.93020937886775,9.243229145871776,939.8101354740284,0.0,75,0.0,1.0
2.3799999999997077,9.928875248953211,9.245961674710724,940.3658801924149,0.0,75,0.0,1.0
2.3999999999996167,9.927518368653333,9.248675330485387,940.9179490560189,0.0,75,0.0,1.0
2.4199999999995256,9.926139024350412,9.251320878230011,941.4563179117196,0.0,75,0.0,1.0
2.4399999999994346,9.924737870752692,9.253861981677824,941.9735773353644,0.0,75,0.0,1.0
2.4599999999993436,9.923316214722986,9.256298762782848,942.469734644848,0.0,75,0.0,1.0
2.4799999999992526,9.92187543184082,9.258658637874769,942.9503574996237,0.0,75,0.0,1.0
2.4999999999991616,9.920416606437506,9.260939763634148,943.4150583622612,0.0,75,0.0,1.0
2.5199999999990705,9.918939608821134,9.263132896795051,943.8619417005534,0.0,75,0.0,1.0
2.5399999999989795,9.917443773659937,9.265209187763865,944.2851142232633,0.0,75,0.0,1.0
2.5599999999988885,9.915928538256935,9.267147707267533,944.6802929114529,0.0,75,0.0,1.0
2.5799999999987975,9.914394252617914,9.268953317329204,945.0484515871087,0.0,75,0.0,1.0
2.5999999999987065,9.912841512213543,9.270679613554174,945.4005054688586,0.0,75,0.0,1.0
2.6199999999986154,9.911271075194856,9.272368414521384,945.744976160752,0.0,75,0.0,1.0
2.6399999999985244,9.9096832440976,9.274029740566217,946.0839039179735,0.0,75,0.0,1.0
2.6599999999984334,9.908077774815666,9.275669214029362,946.418433049013,0.0,75,0.0,1.0
2.6799999999983424,9.906454806989052,9.27727247521782,946.7456303737761,0.0,75,0.0,1.0
2.6999999999982514,9.904815478505315,9.278841738802473,947.065944151172,0.0,75,0.0,1.0
2.7199999999981603,9.903161538362054,9.280399174606373,947.3838972403812,0.0,75,0.0,1.0
2.7399999999980693,9.901494875845916,9.281975752245629,947.7058125180338,0.0,75,0.0,1.0
2.7599999999979783,9.899816860622503,9.283555606179998,948.0284516233968,0.0,75,0.0,1.0
2.7799999999978873,9.898127773575894,9.285108294310675,948.3455964078457,0.0,75,0.0,1.0
2.7999999999977963,9.896427547576936,9.286588506493532,948.6479869783154,0.0,75,0.0,1.0
2.8199999999977052,9.894716277329707,9.287964618936327,948.9291543887432,0.0,75,0.0,1.0
2.839999999997614,9.892994689601672,9.289228989803592,949.1875274750821,0.0,75,0.0,1.0
2.859999999997523,9.891263331803257,9.290413462894032,949.4296054267495,0.0,75,0.0,1.0
2.879999999997432,9.889522509210261,9.291532960980552,949.6584324148683,0.0,75,0.0,1.0
2.899999999997341,9.887771574604558,9.292576479128204,949.8717538249141,0.0,75,0.0,1.0
2.91999999999725,9.886009596630455,9.293539710217233,950.0686837992307,0.0,75,0.0,1.0
2.939999999997159,9.884235981102485,9.294418139236953,950.248294016746,0.0,75,0.0,1.0
2.959999999997068,9.882451199944304,9.295235695838823,950.4154730531587,0.0,75,0.0,1.0
2.979999999996977,9.880656190284842,9.296032945885884,950.5785138409536,0.0,75,0.0,1.0
2.999999999996886,9.878852076174255,9.296856092333009,950.7468652170433,0.0,75,0.0,1.0
3.019999999996795,9.877039467940445,9.297707029373688,950.9209160447139,0.0,75,0.0,1.0
3.039999999996704,9.875218628441015,9.298568998944267,951.0972397094014,0.0,75,0.0,1.0
3.059999999996613,9.873389880418175,9.299420906678334,951.2715211952268,0.0,75,0.0,1.0
3.079999999996522,9.871554160698592,9.300250032443177,951.4411573255525,0.0,75,0.0,1.0
3.099999999996431,9.869713059935712,9.301056327113226,951.6061368014628,0.0,75,0.0,1.0
3.11999999999634,9.867867803848599,9.301857136514784,951.7700080694411,0.0,75,0.0,1.0
3.139999999996249,9.866019120275304,9.302641069699249,951.9304395882069,0.0,75,0.0,1.0
3.159999999996158,9.86416671731967,9.303367137402988,952.0790410264086,0.0,75,0.0,1.0
3.179999999996067,9.862309919839019,9.304007534179371,952.2101181567316,0.0,75,0.0,1.0
3.199999999995976,9.860448204940353,9.304542447077912,952.3196116442208,0.0,75,0.0,1.0
3.219999999995885,9.858581851577242,9.304983719212577,952.4099421629223,0.0,75,0.0,1.0
3.239999999995794,9.856710619125543,9.305361809912304,952.4873425471183,0.0,75,0.0,1.0
3.259999999995703,9.854834067094666,9.30570610242805,952.5578267124333,0.0,75,0.0,1.0
3.2799999999956118,9.852951570125844,9.306020384109317,952.6221692840393,0.0,75,0.0,1.0
3.2999999999955207,9.851062542283197,9.306300518900576,952.6795228289805,0.0,75,0.0,1.0
3.3199999999954297,9.84916671535086,9.306552443419797,952.731102203353,0.0,75,0.0,1.0
3.3399999999953387,9.847264798877355,9.306795208156668,952.7808075122472,0.0,75,0.0,1.0
3.3599999999952477,9.845358139118904,9.3070574704973,952.8345063505355,0.0,75,0.0,1.0
3.3799999999951567,9.843448112604932,9.307365550079409,952.8975883108546,0.0,75,0.0,1.0
3.3999999999950656,9.841535477487403,9.307718724824102,952.9699064648535,0.0,75,0.0,1.0
3.4199999999949746,9.839620549629206,9.308076056689995,953.0430786483812,0.0,75,0.0,1.0
3.4399999999948836,9.83770348427289,9.308410834062961,953.1116348127078,0.0,75,0.0,1.0
3.4599999999947926,9.835784707753893,9.308700443221985,953.170943358053,0.0,75,0.0,1.0
3.4799999999947016,9.833865237354125,9.308943376316407,953.2206946181162,0.0,75,0.0,1.0
3.4999999999946105,9.831945622917969,9.309144796734536,953.2619453122666,0.0,75,0.0,1.0
3.5199999999945195,9.830025978472849,9.309309229155257,953.2956215643877,0.0,75,0.0,1.0
3.5399999999944285,9.828105534357949,9.309412844291328,953.3168425600201,0.0,75,0.0,1.0
3.5599999999943375,9.826183299318453,9.309434573213,953.3212928022687,0.0,75,0.0,1.0
3.5799999999942465,9.82425849677856,9.309376362227898,953.3093707896828,0.0,75,0.0,1.0
3.5999999999941554,9.822331229552846,9.309261277107566,953.2858007799983,0.0,75,0.0,1.0
3.6199999999940644,9.82040188392573,9.309127529105087,953.258408884564,0.0,75,0.0,1.0
3.6399999999939734,9.818470947289075,9.309007526895838,953.2338324938371,0.0,75,0.0,1.0
3.6599999999938824,9.816538358718176,9.308917270467129,953.2153482324129,0.0,75,0.0,1.0
3.6799999999937913,9.814604057031563,9.308836858742588,953.1988802895303,0.0,75,0.0,1.0
3.6999999999937003,9.812668210066631,9.308765538551656,953.1842743689958,0.0,75,0.0,1.0
3.7199999999936093,9.810731655027157,9.308705568647552,953.1719930014694,0.0,75,0.0,1.0
3.7399999999935183,9.808795861546649,9.308669593535559,953.164625617748,0.0,75,0.0,1.0
3.7599999999934273,9.806862101588846,9.308660541959755,953.1627719398232,0.0,75,0.0,1.0
3.7799999999933362,9.804930936167331,9.308673654341135,953.1654572332722,0.0,75,0.0,1.0
3.7999999999932452,9.803002319301092,9.308668453452446,953.1643921393083,0.0,75,0.0,1.0
3.819999999993154,9.801075872466559,9.308606630056095,953.1517313243673,0.0,75,0.0,1.0
3.839999999993063,9.799151313672084,9.30847356035144,953.1244802613797,0.0,75,0.0,1.0
3.859999999992972,9.797228918264368,9.308272773771847,953.0833623403646,0.0,75,0.0,1.0
3.879999999992881,9.795308795112362,9.308023377804533,953.0322912193128,0.0,75,0.0,1.0
3.89999999999279,9.793390769602373,9.307738062127667,952.9738661649811,0.0,75,0.0,1.0
3.919999999992699,9.79147400717167,9.307422125247232,952.9091727929588,0.0,75,0.0,1.0
3.939999999992608,9.789557619295815,9.307058816404814,952.8347819322042,0.0,75,0.0,1.0
3.959999999992517,9.787641031474855,9.30666124360928,952.7533785362895,0.0,75,0.0,1.0
3.979999999992426,9.785724459586865,9.30625348163073,952.6698925080049,0.0,75,0.0,1.0
3.999999999992335,9.783808843277782,9.305870312895992,952.5914450848285,0.0,75,0.0,1.0
4.019999999992466,9.781895113854892,9.305532356359858,952.522256787863,0.0,75,0.0,1.0
4.039999999992597,9.779983714100965,9.305250761389798,952.4646090557997,0.0,75,0.0,1.0
4.059999999992728,9.778074907300557,9.305000564969266,952.4133906548619,0.0,75,0.0,1.0
4.079999999992859,9.776168930206007,9.304753753151145,952.3628664745834,0.0,75,0.0,1.0
4.09999999999299,9.774266322209074,9.304501481523612,952.311226016426,0.0,75,0.0,1.0
4.119999999993121,9.772368144353822,9.304241292053561,952.2579662282998,0.0,75,0.0,1.0
4.139999999993252,9.770475238283398,9.303976302784257,952.203725470481,0.0,75,0.0,1.0
4.159999999993383,9.768587729387878,9.303694626089026,952.146070650696,0.0,75,0.0,1.0
4.179999999993514,9.766705060442735,9.303376355892727,952.0809278132222,0.0,75,0.0,1.0
4.199999999993645,9.764826353689902,9.302985109683224,952.0008514608655,0.0,75,0.0,1.0
4.219999999993776,9.762950813487652,9.30251946890389,951.905553162695,0.0,75,0.0,1.0
4.239999999993907,9.761078186819187,9.301995429289555,951.7983086317615,0.0,75,0.0,1.0
4.259999999994038,9.759208667279298,9.301444577205249,951.6855834510303,0.0,75,0.0,1.0
4.279999999994169,9.757342250711744,9.300889330879471,951.5719657979433,0.0,75,0.0,1.0
4.2999999999943,9.755478535043078,9.30034779675702,951.4611605470748,0.0,75,0.0,1.0
4.319999999994431,9.753617118039646,9.299815263779257,951.3522033446382,0.0,75,0.0,1.0
4.339999999994562,9.75175786535163,9.299286153961319,951.2439527058236,0.0,75,0.0,1.0
4.3599999999946935,9.749901247980217,9.29877750338365,951.1398936317727,0.0,75,0.0,1.0
4.3799999999948245,9.748048481672955,9.298306314772338,951.0435035566866,0.0,75,0.0,1.0
4.3999999999949555,9.74620080015029,9.297887610913948,950.9578542770579,0.0,75,0.0,1.0
4.4199999999950865,9.744358808841415,9.297510323324756,950.8806803356346,0.0,75,0.0,1.0
4.4399999999952176,9.742522675627303,9.297151792604737,950.8073460020682,0.0,75,0.0,1.0
4.459999999995349,9.7406922964236,9.296767577193833,950.7287612279875,0.0,75,0.0,1.0
4.47999999999548,9.738867586796111,9.29634177238222,950.6416738383246,0.0,75,0.0,1.0
4.499999999995611,9.737048786312616,9.295872187469861,950.5456369835326,0.0,75,0.0,1.0
4.519999999995742,9.73523629037953,9.29536810427009,950.4425501326989,0.0,75,0.0,1.0
4.539999999995873,9.73342985968809,9.294831251050665,950.3327678405888,0.0,75,0.0,1.0
4.559999999996004,9.731628696753619,9.294258483608633,950.2156483614415,0.0,75,0.0,1.0
4.579999999996135,9.72983178894793,9.293640100207941,950.0892094341239,0.0,75,0.0,1.0
4.599999999996266,9.728038298635209,9.29297040876001,949.9522891989809,0.0,75,0.0,1.0
4.619999999996397,9.726247963600896,9.292277080125308,949.8105466720433,0.0,75,0.0,1.0
4.639999999996528,9.72446127319963,9.291591616793195,949.6704225058774,0.0,75,0.0,1.0
4.659999999996659,9.722678836038028,9.290947216318099,949.5387019404993,0.0,75,0.0,1.0
4.67999999999679,9.720900872748404,9.29034909328821,949.4164490267718,0.0,75,0.0,1.0
4.699999999996921,9.719127500436654,9.28979551964253,949.3033087644745,0.0,75,0.0,1.0
4.719999999997052,9.7173588946922,9.289261938886527,949.1942610617048,0.0,75,0.0,1.0
4.739999999997183,9.715595520506232,9.288742776850247,949.0881661193641,0.0,75,0.0,1.0
4.759999999997314,9.713838292823334,9.288241057891215,948.9856414444573,0.0,75,0.0,1.0
4.779999999997445,9.712088382505913,9.2877593675475,948.8872147641296,0.0,75,0.0,1.0
4.799999999997576,9.710346130011908,9.287288392856995,948.790982613059,0.0,75,0.0,1.0
4.819999999997707,9.70861132136668,9.286800654639036,948.6913303890442,0.0,75,0.0,1.0
4.839999999997838,9.706883309230593,9.28626989505041,948.5828942009149,0.0,75,0.0,1.0
4.859999999997969,9.705161385057936,9.285669601549326,948.4602594405095,0.0,75,0.0,1.0
4.8799999999981,9.703445128928688,9.285011586676449,948.3258418118749,0.0,75,0.0,1.0
4.899999999998231,9.701734567340477,9.284314796422969,948.1835136298631,0.0,75,0.0,1.0
4.919999999998362,9.700029596564967,9.283606638864194,948.0388744767968,0.0,75,0.0,1.0
4.939999999998493,9.69832964845075,9.282890321426564,947.8925799159847,0.0,75,0.0,1.0
4.959999999998624,9.696634072372316,9.282174572226216,947.7464126821124,0.0,75,0.0,1.0
4.979999999998755,9.694942412148759,9.281455377222198,947.5995531130353,0.0,75,0.0,1.0
4.999999999998886,9.693254709275202,9.280744487363357,947.4544006369788,0.0,75,0.0,1.0
5.019999999999017,9.691571667214456,9.280068183986291,947.3163204937808,0.0,75,0.0,1.0
5.039999999999148,9.68989453530696,9.279446437963484,947.1893881453651,0.0,75,0.0,1.0
5.059999999999279,9.688223916222604,9.278883956917548,947.0745623453605,0.0,75,0.0,1.0
5.07999999999941,9.686560167675268,9.278357166565371,946.9670288139047,0.0,75,0.0,1.0
5.099999999999541,9.684903353874404,9.277843335633564,946.8621465661616,0.0,75,0.0,1.0
5.119999999999672,9.683253534448527,9.27730798523795,946.7528779825583,0.0,75,0.0,1.0
5.139999999999803,9.681610972880671,9.276749826195761,946.6389607160539,0.0,75,0.0,1.0
5.159999999999934,9.67997617784429,9.27616911816853,946.5204485974988,0.0,75,0.0,1.0
5.180000000000065,9.67834926736823,9.275572293340588,946.3986550588634,0.0,75,0.0,1.0
5.2000000000001965,9.676729640304544,9.274940244326112,946.2696818940213,0.0,75,0.0,1.0
5.2200000000003275,9.675116358548562,9.27426628896707,946.1321671853813,0.0,75,0.0,1.0
5.2400000000004585,9.673508457138581,9.273539754810841,945.9839354246283,0.0,75,0.0,1.0
5.2600000000005895,9.671905313170186,9.272768248793922,945.8265409542475,0.0,75,0.0,1.0
5.280000000000721,9.670306865604083,9.271985053760867,945.666775208814,0.0,75,0.0,1.0
5.300000000000852,9.668713635446332,9.271220988084615,945.5109247089072,0.0,75,0.0,1.0
5.320000000000983,9.667125605200182,9.270498447186617,945.3635560521842,0.0,75,0.0,1.0
5.340000000001114,9.665542784831876,9.269810861891251,945.2233275676074,0.0,75,0.0,1.0
5.360000000001245,9.663965161036066,9.26915872269221,945.0903376910717,0.0,75,0.0,1.0
5.380000000001376,9.662393003831793,9.268524441144939,944.9609984771121,0.0,75,0.0,1.0
5.400000000001507,9.660827013790662,9.267918097557889,944.8373644934514,0.0,75,0.0,1.0
5.420000000001638,9.659268307730288,9.26734490581776,944.7204976372503,0.0,75,0.0,1.0
5.440000000001769,9.657717691152742,9.266807043676273,944.6108406320102,0.0,75,0.0,1.0
5.4600000000019,9.656175265344578,9.266275614092907,944.5025013196616,0.0,75,0.0,1.0
5.480000000002031,9.654640707314842,9.265725919796912,944.3904450287597,0.0,75,0.0,1.0
5.500000000002162,9.653113467343768,9.265131898949564,944.2693601542603,0.0,75,0.0,1.0
5.520000000002293,9.65159308448772,9.26447848929158,944.1361784640104,0.0,75,0.0,1.0
5.540000000002424,9.650079355112695,9.263782413425261,943.9943106361587,0.0,75,0.0,1.0
5.560000000002555,9.648572400528572,9.26306045012598,943.8471779295694,0.0,75,0.0,1.0
5.580000000002686,9.64707160144291,9.262328805960696,943.6980840070221,0.0,75,0.0,1.0
5.600000000002817,9.645576269250475,9.261579316312075,943.545365755736,0.0,75,0.0,1.0
5.620000000002948,9.644085670848675,9.260822840390219,943.3912364920247,0.0,75,0.0,1.0
5.640000000003079,9.64259943610978,9.260057558741794,943.2353259033213,0.0,75,0.0,1.0
5.66000000000321,9.64111777171187,9.25930927772496,943.0828913061987,0.0,75,0.0,1.0
5.680000000003341,9.639641531728264,9.258604367878291,942.9393032498447,0.0,75,0.0,1.0
5.700000000003472,9.638171538072786,9.25796140979918,942.8083441186388,0.0,75,0.0,1.0
5.720000000003603,9.636708180862644,9.257370140266453,942.6879210528662,0.0,75,0.0,1.0
5.740000000003734,9.63525167733376,9.256809504090448,942.5737441452117,0.0,75,0.0,1.0
5.760000000003865,9.633802146438923,9.25625970238247,942.4617804574459,0.0,75,0.0,1.0
5.780000000003996,9.63235984396894,9.25569669623245,942.3471346591311,0.0,75,0.0,1.0
5.800000000004127,9.630925205079718,9.255125473006581,942.2308227320482,0.0,75,0.0,1.0
5.820000000004258,9.629498848005348,9.254545262172394,942.1126881055727,0.0,75,0.0,1.0
5.840000000004389,9.628080468400261,9.25395325464374,941.9921592304462,0.0,75,0.0,1.0
5.86000000000452,9.626669424607655,9.253321025808665,941.8634500734,0.0,75,0.0,1.0
5.880000000004651,9.62526454339091,9.252643902853192,941.7256111230699,0.0,75,0.0,1.0
5.900000000004782,9.623864419305216,9.251911822042725,941.5765959913933,0.0,75,0.0,1.0
5.920000000004913,9.622468554240688,9.251140349666056,941.4195754614134,0.0,75,0.0,1.0
5.940000000005044,9.621077061544272,9.2503631134728,941.2613950420799,0.0,75,0.0,1.0
5.960000000005175,9.619690070888247,9.249608284098095,941.107787501817,0.0,75,0.0,1.0
5.980000000005306,9.61830739943163,9.24888472559171,940.96055534012,0.0,75,0.0,1.0
6.000000000005437,9.616928923383062,9.248187399153647,940.8186718685072,0.0,75,0.0,1.0
6.0200000000055685,9.615554646962696,9.247519952803684,940.6828780525246,0.0,75,0.0,1.0
6.0400000000056995,9.614184973014005,9.246872673459155,940.5511966308222,0.0,75,0.0,1.0
6.0600000000058305,9.61282071097632,9.24626239331314,940.4270507059651,0.0,75,0.0,1.0
6.0800000000059615,9.611463032892143,9.245694131282947,940.3114596616393,0.0,75,0.0,1.0
6.1000000000060925,9.610112384851663,9.245163254824373,940.2034796919028,0.0,75,0.0,1.0
6.120000000006224,9.608768837503904,9.244633989318395,940.0958335610703,0.0,75,0.0,1.0
6.140000000006355,9.607432083585085,9.244085357099479,939.984254982751,0.0,75,0.0,1.0
6.160000000006486,9.606101720445754,9.243495072225791,939.8642126528872,0.0,75,0.0,1.0
6.180000000006617,9.604777472483358,9.24285494953264,939.7340437991004,0.0,75,0.0,1.0
6.200000000006748,9.603459362419564,9.242181880652518,939.5971850656789,0.0,75,0.0,1.0
6.220000000006879,9.60214722924962,9.241489518937778,939.4564138150047,0.0,75,0.0,1.0
6.24000000000701,9.600840374034231,9.240781894194342,939.3125501767697,0.0,75,0.0,1.0
6.260000000007141,9.599538047877056,9.240050327337176,939.1638305689625,0.0,75,0.0,1.0
6.280000000007272,9.598239559967176,9.239307770748084,939.0128889086652,0.0,75,0.0,1.0
6.300000000007403,9.596944660448196,9.238556347887616,938.8601573240403,0.0,75,0.0,1.0
6.320000000007534,9.595653647181948,9.237827006843482,938.7119258920349,0.0,75,0.0,1.0
6.340000000007665,9.594367364389383,9.237145356829483,938.5733977751613,0.0,75,0.0,1.0
6.360000000007796,9.593086330321167,9.236523060206942,938.4469406590806,0.0,75,0.0,1.0
6.380000000007927,9.59181085694858,9.23594524276999,938.3295298019017,0.0,75,0.0,1.0
6.400000000008058,9.590541137317128,9.235393682554088,938.2174611893596,0.0,75,0.0,1.0
6.420000000008189,9.589277374836445,9.234853436316946,938.107697892804,0.0,75,0.0,1.0
6.44000000000832,9.588019946682703,9.234306462604904,937.9965742983736,0.0,75,0.0,1.0
6.460000000008451,9.586769475836999,9.233759544354108,937.8854685524562,0.0,75,0.0,1.0
6.480000000008582,9.585526347201204,9.233210517941206,937.7739411548214,0.0,75,0.0,1.0
6.500000000008713,9.584290198574385,9.23264728642338,937.659535070511,0.0,75,0.0,1.0
6.520000000008844,9.583060375418086,9.232041216233531,937.5364352005818,0.0,75,0.0,1.0
6.540000000008975,9.581835998396555,9.231389584794162,937.4040903287073,0.0,75,0.0,1.0
6.560000000009106,9.580616366751203,9.230688192156292,937.2616495089495,0.0,75,0.0,1.0
6.580000000009237,9.579401149862838,9.22995565114656,937.1128945434555,0.0,75,0.0,1.0
6.600000000009368,9.57819047117688,9.229224198019987,936.9643722704943,0.0,75,0.0,1.0
6.620000000009499,9.576984243333191,9.228514056509812,936.8201886031912,0.0,75,0.0,1.0
6.64000000000963,9.575782212471644,9.227829773950722,936.6812657071258,0.0,75,0.0,1.0
6.660000000009761,9.57458422744716,9.22716645292797,936.5466082504325,0.0,75,0.0,1.0
6.680000000009892,9.573390330154902,9.226531553676928,936.4177296209559,0.0,75,0.0,1.0
6.700000000010023,9.572200978145286,9.22591920279657,936.2934365018355,0.0,75,0.0,1.0
6.720000000010154,9.571017095705928,9.22534794859597,936.1774924993027,0.0,75,0.0,1.0
6.740000000010285,9.569839616596113,9.22482245728116,936.070843051947,0.0,75,0.0,1.0
6.760000000010416,9.56866889276008,9.224330510601892,935.9710071370206,0.0,75,1.6024161029433415e-10,1.000000000085462
6.780000000010547,9.56750495247883,9.223838447233428,935.8711578009177,0.0,75,1.0205011238242464e-8,1.0000000054426728
6.800000000010678,9.566347522350629,9.223326407887084,935.7672872273437,0.0,75,7.401007817932362e-8,1.0000000394720416
6.820000000010809,9.565196293806565,9.22277694061362,935.6558965297779,0.0,75,2.7468098995144623e-7,1.000000146496528
6.84000000001094,9.564051096065288,9.222183641516772,935.5357475247897,0.0,75,7.319906231866645e-7,1.000000390394999
6.8600000000110715,9.562911967642641,9.221564105094533,935.4104881386161,0.0,75,1.5998683063567433e-6,1.0000008532630966
6.8800000000112025,9.561778587050215,9.220925477506421,935.2816616564144,0.0,75,3.0640099741169954e-6,1.0000016341386528
6.9000000000113335,9.560650211117787,9.220268292991875,935.1494844430975,0.0,75,5.3396043790860725e-6,1.0000028477890022
6.9200000000114645,9.559526089081697,9.219582954801359,935.0121315275933,0.0,75,8.669170566615265e-6,1.0000046235576354
6.940000000011596,9.558405570080255,9.218884712062257,934.8728302169427,0.0,75,1.3320501992431152e-5,1.0000071042677292
6.960000000011727,9.55728844731826,9.21817831272399,934.732688806296,0.0,75,1.958471283205674e-5,1.000010445180177
6.980000000011858,9.556175101792931,9.217494269744167,934.5980507398725,0.0,75,2.77743821947273e-5,1.000014813003837
7.000000000011989,9.555066169965599,9.216857623460593,934.4741577886676,0.0,75,3.8221792113222296e-5,1.0000203849557938
7.02000000001212,9.553962060378499,9.216272488307451,934.3620164777687,0.0,75,5.127725533473681e-5,1.0000273478695119
7.040000000012251,9.552863005130892,9.2157255916759,934.2591162133175,0.0,75,6.730752908672458e-5,1.0000358973488463
7.060000000012382,9.55176918002727,9.215198746007959,934.1619580303158,0.0,75,8.669431113566555e-5,1.000046236965939
7.080000000012513,9.550680808609789,9.214681735360909,934.0686665273869,0.0,75,0.00010983281459605673,1.000058577501118
7.100000000012644,9.549598293768788,9.214157582357988,933.9760019595261,0.0,75,0.000137130418081703,1.0000731362229769
7.120000000012775,9.548522246980255,9.213634357944445,933.8858082385573,0.0,75,0.00016900538792170847,1.0000901362068915
7.140000000012906,9.547452865876851,9.213105796605811,933.7970275833451,0.0,75,0.00020588566928954598,1.0001098056902877
7.160000000013037,9.546389731019707,9.212556903362518,933.7068370570173,0.0,75,0.0002482077432153279,1.0001323774630482
7.180000000013168,9.545332160441586,9.211959441627375,933.6097337348019,0.0,75,0.00029641554656901944,1.0001580882915035
7.200000000013299,9.544279291081494,9.211311591120042,933.5055728715163,0.0,75,0.00035095945221594424,1.000187178374515
7.22000000001343,9.543230437466747,9.210612277907744,933.3943636133868,0.0,75,0.0004122953066556282,1.0002198908302162
7.240000000013561,9.542185304971044,9.20987810425735,933.2796996507544,0.0,75,0.00048088352256092973,1.0002564712120325
7.260000000013692,9.541143850893118,9.209141211049216,933.1683247942223,0.0,75,0.0005571882237366184,1.0002971670526595
7.280000000013823,9.540105859937514,9.208414389895564,933.0630618718939,0.0,75,0.0006416764401151793,1.000342227434728
7.300000000013954,9.539070973792859,9.207703167243945,932.965262040734,0.0,75,0.000734817350502767,1.0003919025869348
7.320000000014085,9.538038983733584,9.20700104611353,932.8738405112823,0.0,75,0.0008370815708799866,1.0004464435044693
7.340000000014216,9.537009884957348,9.206318985783138,932.7912502820523,0.0,75,0.0009489404861506629,1.0005061015926138
7.360000000014347,9.535984072809192,9.20565163488623,932.7166390835189,0.0,75,0.0010708656233170471,1.0005711283324357
7.380000000014478,9.534962415975107,9.205017522834357,932.6539936484713,0.0,75,0.0012033280641421287,1.0006417749675425
7.400000000014609,9.533945579682443,9.204419339531292,932.6040905856041,0.0,75,0.001346797895438941,1.0007182922109008
7.42000000001474,9.5329338174424,9.203840937171012,932.5638885816719,0.0,75,0.001501743695203057,1.000800929970775
7.440000000014871,9.53192705098334,9.203253486318768,932.52777523284,0.0,75,0.0016686320528780205,1.0008899370948683
7.460000000015002,9.530924960599881,9.202634644179035,932.491450800511,0.0,75,0.0018479271221142188,1.0009855611317942
7.480000000015133,9.529927188190927,9.201972511653961,932.4527299039594,0.0,75,0.002040090204449916,1.00108804810904
7.500000000015264,9.52893352629776,9.201258441386171,932.4100839393452,0.0,75,0.0022455793624087507,1.001197642326618
7.520000000015395,9.5279438601096,9.200511414002538,932.3675814516076,0.0,75,0.0024648490605712055,1.001314586165638
7.540000000015526,9.526957718731206,9.19973313299833,932.3257873729292,0.0,75,0.002698349833238302,1.0014391199110604
7.560000000015657,9.525974258872653,9.198924819799197,932.2851665008219,0.0,75,0.0029465279773642997,1.0015714815879275
7.580000000015788,9.524992662940182,9.198076089458265,932.2438283929093,0.0,75,0.003209825269491388,1.0017119068103955
7.600000000015919,9.524012225185343,9.197203056456987,932.2052512261035,0.0,75,0.0034886787054735006,1.0018606286429192
7.62000000001605,9.523032652248006,9.196314760042467,932.1714766476067,0.0,75,0.0037835202618284255,1.002017877472975
7.640000000016181,9.522054250034802,9.195436403284473,932.1478208942927,0.0,75,0.004094776677607341,1.0021838808947239
7.660000000016312,9.521077413061121,9.19459354670207,932.1396712824439,0.0,75,0.004422869255719104,1.0023588636030503
7.6800000000164435,9.520102415531898,9.193786167275412,932.14722648227,0.0,75,0.004768213682692712,1.0025430472974362
7.7000000000165745,9.519129357607541,9.19300488585975,932.1687852086633,0.0,75,0.005131219865905898,1.0027366505951498
7.7200000000167055,9.518158343420552,9.192229884809375,932.2005254914645,0.0,75,0.005512291787350394,1.0029398889532535
7.7400000000168365,9.517189510236115,9.19145631614656,932.2416570753201,0.0,75,0.005911827373045433,1.0031529745989576
7.7600000000169675,9.516223166936069,9.190665459360734,932.2885716228349,0.0,75,0.006330218377250458,1.003376116467867
7.780000000017099,9.51525977872264,9.189867089764777,932.343437351243,0.0,75,0.006767850280665732,1.0036095201496884
7.80000000001723,9.514299359854165,9.189051900081985,932.4045476379682,0.0,75,0.00722510220184595,1.0038533878409845
7.820000000017361,9.51334142712583,9.188204165805205,932.4688887036103,0.0,75,0.0077023468210867425,1.0041079183045796
7.840000000017492,9.51238522697689,9.187301735577089,932.5321363772604,0.0,75,0.008199950316077426,1.0043733068352414
7.860000000017623,9.511429876702,9.186339127051157,932.5933441115327,0.0,75,0.00871827230864543,1.0046497452312775
7.880000000017754,9.510474622881372,9.185320593385542,932.6535376730944,0.0,75,0.00925766582194873,1.004937421771706
7.900000000017885,9.509519138609713,9.184258075402255,932.7153008991105,0.0,75,0.009818477247502011,1.0052365211986678
7.920000000018016,9.508563196753771,9.183184459480005,932.7854705409753,0.0,75,0.01040104632145081,1.0055472247047739
7.940000000018147,9.507606493902525,9.182108825953609,932.8660475655347,0.0,75,0.011005706109534935,1.0058697099250853
7.960000000018278,9.5066486005802,9.181039032301966,932.9587823906303,0.0,75,0.011632783000208556,1.0062041509334445
7.980000000018409,9.50568927591153,9.179967337871425,933.0622525854509,0.0,75,0.01228259670540943,1.006550718242885
8.00000000001854,9.50472847139682,9.178907311669112,933.179363770088,0.0,75,0.012955460268493589,1.0069095788098632
8.02000000001867,9.503766498954391,9.177855089131608,933.3094752126416,0.0,75,0.013651680078874844,1.0072808960420665
8.040000000018802,9.502804080191645,9.176825454363039,933.4557359462466,0.0,75,0.0143715558929304,1.007664829809563
8.060000000018933,9.501841734751906,9.175820761664074,933.6187657259354,0.0,75,0.01511538086075495,1.0080615364590693
8.080000000019064,9.500879652932902,9.174823405751187,933.7951189908935,0.0,75,0.01588344155836611,1.0084711688311285
8.100000000019195,9.499917677114368,9.173810282369407,933.9802230920882,0.0,75,0.01667601802498269,1.0088938762799908
8.120000000019326,9.498955491987902,9.172757053445634,934.169244823794,0.0,75,0.01749338380501673,1.0093298046960089
8.140000000019457,9.497992681539507,9.171657495802938,934.3610318572056,0.0,75,0.018335805994437234,1.0097790965303666
8.160000000019588,9.497028994229968,9.170498910725287,934.5531065291907,0.0,75,0.019203545291180787,1.010241890821963
8.180000000019719,9.496064182729166,9.16930098579498,934.7495869275257,0.0,75,0.02009685604930067,1.0107183232262937
8.20000000001985,9.495097676740249,9.168063411160299,934.9505141380312,0.0,75,0.021015986336561248,1.011208526046166
8.220000000019981,9.494128660676191,9.166787645257928,935.1562861994258,0.0,75,0.021961177995199588,1.0117126282641065
8.240000000020112,9.493156305925359,9.165468270958147,935.365894520586,0.0,75,0.022932666705590337,1.0122307555763148
8.260000000020243,9.492179942173793,9.164118110682299,935.582049382441,0.0,75,0.023930682052563636,1.012763030428034
8.280000000020374,9.49119922870002,9.162750643346017,935.807595520185,0.0,75,0.024955447594138706,1.0133095720502072
8.300000000020505,9.490214383051708,9.161383950509801,936.046319101605,0.0,75,0.026007180932448172,1.0138704964973058
8.320000000020636,9.489225697867134,9.160043871960436,936.3035951945832,0.0,75,0.027086093786640498,1.0144459166862083
8.340000000020767,9.488233404126019,9.158728624008136,936.5791555220206,0.0,75,0.028192392067558466,1.0150359424360311
8.360000000020898,9.48723757731656,9.157432789002083,936.8719851595266,0.0,75,0.029326275954003368,1.0156406805088019
8.38000000002103,9.486238333553658,9.156134854685657,937.1777699477567,0.0,75,0.030487939970404374,1.0162602346508822
8.40000000002116,9.485235777392676,9.154833569537711,937.4963343121681,0.0,75,0.031677573065722685,1.0168947056350521
8.420000000021291,9.484230174566814,9.153510409414723,937.8239599885799,0.0,75,0.03289535869342929,1.0175441913031622
8.440000000021422,9.48322183005656,9.152170911804784,938.1618511600947,0.0,75,0.034141474892404856,1.0182087866092826
8.460000000021553,9.482210672358946,9.150806617959425,938.5083403713918,0.0,75,0.03541609436861785,1.0188885836632628
8.480000000021684,9.481196259123726,9.149401298397215,938.8601587517842,0.0,75,0.03671938457744603,1.0195836717746378
8.500000000021815,9.480177822365906,9.147940473896009,939.2143865962353,0.0,75,0.03805150780651429,1.0202941374968075
8.520000000021946,9.479154543299527,9.146414498878281,939.5690875489246,0.0,75,0.039412621258928617,1.0210200646714287
8.540000000022077,9.478125659329592,9.144834064803081,939.9264980782137,0.0,75,0.040802877136793925,1.0217615344729567
8.560000000022209,9.477090788730292,9.143204820809663,940.2878190577876,0.0,75,0.04222242272490963,1.0225186254532852
8.58000000002234,9.476049634675523,9.14155830467679,940.6595785793652,0.0,75,0.043671400474543945,1.0232914135864235
8.60000000002247,9.475001850121451,9.139903372833771,941.0436462513594,0.0,75,0.045149948087193394,1.0240799723131697
8.620000000022602,9.473947084151973,9.138245174196767,941.4411294876668,0.0,75,0.04665819859824048,1.0248843725857282
8.640000000022733,9.472885190311693,9.136588713463262,941.8531061052576,0.0,75,0.04819628046042791,1.0257046829122283
8.660000000022864,9.47181615885402,9.134937481282645,942.2803418358247,0.0,75,0.04976431762707269,1.0265409694011054
8.680000000022995,9.470740248081965,9.133293884549865,942.7233783455232,0.0,75,0.05136242963494929,1.0273932958053063
8.700000000023126,9.46965802835068,9.13166134853943,943.182966896958,0.0,75,0.05299073168677496,1.0282617235662799
8.720000000023257,9.46856990989249,9.130037254135193,943.6586092110664,0.0,75,0.05464933473323599,1.0291463118577258
8.740000000023388,9.467475237587795,9.128367892842133,944.1392353149938,0.0,75,0.05633834555449668,1.0300471176290649
8.760000000023519,9.466374640662856,9.12671671254656,944.6379937940842,0.0,75,0.058057866841138644,1.0309641956486073
8.78000000002365,9.46527004727438,9.125089093208379,945.1560393235604,0.0,75,0.05980799727448011,1.0318975985463894
8.80000000002378,9.464159477699482,9.123409120999908,945.6776753618724,0.0,75,0.06158883160623042,1.0328473768566562
8.820000000023912,9.463041765194337,9.121635315266506,946.194300280156,0.0,75,0.06340046073743726,1.0338135790599665
8.840000000024043,9.461916089872954,9.119784857088447,946.7094630912211,0.0,75,0.06524297179668795,1.0347962516249003
8.860000000024174,9.460780144805563,9.117721309813732,947.1948030387588,0.0,75,0.0671164482175297,1.0357954390493491
8.880000000024305,9.459630504853198,9.115602725772842,947.6831035319154,0.0,75,0.06902096981507588,1.0368111839013738
8.900000000024436,9.458477227391514,9.113723080124945,948.2355274559637,0.0,75,0.07095661286176937,1.0378435268596102
8.920000000024567,9.457322500017339,9.112023330518948,948.8399131233936,0.0,75,0.07292345016227529,1.0388925067532135
8.940000000024698,9.456158494143482,9.110195572260379,949.432191518557,0.0,75,0.07492155112748036,1.0399581606013228
8.960000000024829,9.454982219429105,9.10820574291064,950.005205155519,0.0,75,0.07695098184757526,1.0410405236520401
8.98000000002496,9.453790741303004,9.105923822397513,950.5317368160748,0.0,75,0.07901180516420214,1.0421396294209078
9.000000000025091,9.452576045378715,9.103305804935511,951.0024513812207,0.0,75,0.08110408074164922,1.0432555097288796
9.020000000025222,9.451350343672084,9.10131131262392,951.6178480136493,0.0,75,0.08322786513707728,1.0443881947397746
9.040000000025353,9.450134681013692,9.099854076128743,952.3602140952775,0.0,75,0.08538321186976527,1.045537712997208
9.060000000025484,9.448921801329817,9.09839032723498,953.1159466013556,0.0,75,0.08757017148936279,1.0467040914609935
9.080000000025615,9.447700278190224,9.096623702579885,953.822898964766,0.0,75,0.08978879164314128,1.0478873555430086
9.100000000025746,9.446464369748135,9.094475659789746,954.4644109641177,0.0,75,0.09203911714223392,1.0490875291425248
9.120000000025877,9.4452004105152,9.091372352029811,954.9197107044448,0.0,75,0.09432119002685965,1.0503046346809919
9.140000000026008,9.443907086811208,9.088567000205018,955.4517701369787,0.0,75,0.09663504963052498,1.05153869313628
9.16000000002614,9.442620108740293,9.087075491584251,956.2745427424527,0.0,75,0.09898073264320076,1.0527897240763737
9.18000000002627,9.441351203904384,9.08579644655496,957.1568128631401,0.0,75,0.10135827317347092,1.0540577456925178
9.200000000026401,9.440082535140599,9.084036568019393,957.952497399543,0.0,75,0.10376770280965297,1.055342774831815
9.220000000026532,9.4387987311155,9.081828125711674,958.6680938961154,0.0,75,0.10620905067988902,1.056644827029274
9.240000000026663,9.43748586890344,9.078466471011277,959.1544118159079,0.0,75,0.10868234351120917,1.0579639165393115
9.260000000026794,9.436123059444746,9.074574728598236,959.542562025687,0.0,75,0.1111876056875695,1.0593000563667037
9.280000000026925,9.43474324384621,9.072190480432841,960.2635317999557,0.0,75,0.11372485930686699,1.0606532582969956
9.300000000027056,9.433384177262363,9.07147099577617,961.3516101500267,0.0,75,0.11629412423693532,1.0620235329263654
9.320000000027187,9.43204750207562,9.070267783005683,962.3521180132238,0.0,75,0.11889541817052698,1.0634108896909478
9.340000000027318,9.430705118318276,9.068221270397931,963.1883038848875,0.0,75,0.12152875667928588,1.0648153368956192
9.36000000002745,9.429339207443775,9.06523339509359,963.8387133426619,0.0,75,0.12419415326671744,1.0662368817422494
9.38000000002758,9.42792047561539,9.060799244871248,964.1952568734711,0.0,75,0.12689161942016292,1.0676755303574201
9.400000000027712,9.426454645072004,9.057204824083138,964.7440367433076,0.0,75,0.12962116466178486,1.0691312878196186
9.420000000027843,9.424997330150532,9.056111195785736,965.839813462533,0.0,75,0.13238279659857163,1.070604158185905
9.440000000027974,9.423576262215404,9.056180363449565,967.198770797345,0.0,75,0.13517652097137,1.072094144518064
9.460000000028105,9.422180114260795,9.0547700822054,968.2567820810333,0.0,75,0.13800234170295445,1.0736012489082425
9.480000000028236,9.420769356005312,9.052026743408808,969.0439922983946,0.0,75,0.14086026094514137,1.0751254725040753
9.500000000028367,9.419311984108335,9.047158063123742,969.3896281172417,0.0,75,0.14375027912496052,1.0766668155333123
9.520000000028498,9.417780880822788,9.042020774581417,969.6906212275629,0.0,75,0.14667239498989124,1.078225277327942
9.540000000028629,9.416223808974374,9.039306911157874,970.5247546096548,0.0,75,0.14962660565217506,1.0798008563478267
9.56000000002876,9.414692271415486,9.039267403495355,971.9477713250682,0.0,75,0.15261290663221538,1.0813935502038483
9.58000000002889,9.413204677354457,9.039578966129165,973.4617539390916,0.0,75,0.155631291901075,1.0830033556805734
9.600000000029022,9.411734703225184,9.037409721469741,974.4562584703284,0.0,75,0.1586817539220827,1.0846302687584441
9.620000000029153,9.41022903766546,9.032757664717531,974.9288038213492,0.0,75,0.16176428369156098,1.0862742846354991
9.640000000029284,9.408641483924239,9.02643872876527,975.0540031268924,0.0,75,0.16487887077868502,1.0879353977486321
9.660000000029415,9.406987589575609,9.021810432114874,975.5568795710481,0.0,75,0.16802550336448716,1.0896136017943931
9.680000000029546,9.40533483937843,9.02085936160088,976.8687173722029,0.0,75,0.171204168280016,1.091308889749342
9.700000000029677,9.40372694582091,9.022054505980389,978.6607820002638,0.0,75,0.17441485104366447,1.0930212538899544
9.720000000029808,9.402170560280396,9.022559753598141,980.3190564082414,0.0,75,0.17765753589767772,1.0947506858120948
9.740000000029939,9.400623046584196,9.019306005846321,981.1749380081644,0.0,75,0.180932205843854,1.0964971764500555
9.76000000003007,9.399004950506658,9.012154818146614,981.1952164012157,0.0,75,0.18423884267844967,1.0982607160951732
9.780000000030201,9.397287316426839,9.005299556335688,981.2914198683978,0.0,75,0.1875774270263027,1.100041294414028
9.800000000030332,9.395532026358845,9.002177143535885,982.2134923298024,0.0,75,0.19094793837418345,1.1018389004662312
9.820000000030463,9.39380040222408,9.002795482026135,983.966261847302,0.0,75,0.19435035510339027,1.103653522721808
9.840000000030594,9.392126981443237,9.004656533037126,986.0067816723993,0.0,75,0.19778465452159763,1.1054851490781854
9.860000000030725,9.390500043685334,9.00405741704871,987.5241839641992,0.0,75,0.20125081289397215,1.107333766876785
9.880000000030856,9.388839626149254,8.998577263981133,987.9841936770483,0.0,75,0.2047488054735672,1.1091993629192358
9.900000000030987,9.387096122659518,8.98991028671398,987.7555594284029,0.0,75,0.20827860653100955,1.111081923483205
9.920000000031118,9.385290980340145,8.983628333949431,988.0619100973641,0.0,75,0.21184018938349003,1.1129814343378612
9.94000000003125,9.383467641716232,8.982751748175401,989.5701124840315,0.0,75,0.21543352642307004,1.1148978807589707
9.96000000003138,9.38167157205448,8.984456101974894,991.6623474263652,0.0,75,0.21905858914431733,1.116831247543636
9.980000000031511,9.379915557912714,8.98552268516348,993.629916270875,0.0,75,0.2227153481712817,1.1187815190246835
10.000000000031642,9.378138430377984,8.981021643678094,994.3800598035378,0.0,75,0.22640377328382308,1.1207486790847057
10.020000000031773,9.376296450222966,8.976032178472243,995.033867689565,0.0,75,0.23012383344330548,1.122732711169763
10.040000000031904,9.374470409362731,8.96856523558504,995.1494258121359,0.0,75,0.233875496817666,1.124733598302755
10.060000000032035,9.372616905745797,8.963453397741425,995.7985547046666,0.0,75,0.23765873080587344,1.1267513230964659
10.080000000032166,9.37075860313872,8.964479453163957,997.8250463008036,0.0,75,0.24147350206178617,1.1287858677662859
10.100000000032297,9.368928120094537,8.966801029053372,1000.1562268453496,0.0,75,0.24531977651742198,1.130837214142625
10.120000000032428,9.367072588811713,8.963110967720104,1001.1608466687774,0.0,75,0.24919751940565085,1.1329053436830139
10.14000000003256,9.365102795430882,8.957301798583572,1001.7035789907613,0.0,75,0.2531066952823218,1.134990237483905
10.16000000003269,9.36314638300214,8.95490513466839,1003.0214504061826,0.0,75,0.257047268047836,1.1370918762921791
10.180000000032821,9.361299873919823,8.948931831160367,1003.5498840160034,0.0,75,0.26101920096817616,1.1392102405163607
10.200000000032952,9.35940463737729,8.94355019312781,1004.2217912771158,0.0,75,0.2650224566954039,1.1413453102375488
10.220000000033084,9.357499381665033,8.944840935693994,1006.4054582060271,0.0,75,0.2690569972876355,1.1434970652200722
10.240000000033215,9.355599236795914,8.944135219762607,1008.1548119080462,0.0,75,0.2731227842285062,1.14566548492187
10.260000000033346,9.35356355502882,8.936820152093704,1008.4260766883012,0.0,75,0.27721977844613643,1.1478505485046062
10.280000000033477,9.351426390796938,8.934623180665145,1009.8636335047908,0.0,75,0.28134794033160543,1.150052234843523
10.300000000033608,9.349464706868629,8.936703587509637,1012.2827681791264,0.0,75,0.2855072297569467,1.1522705225370382
10.320000000033739,9.347649147045935,8.932981722737766,1013.4014953045123,0.0,75,0.28969760609267536,1.1545053899160935
10.34000000003387,9.345740209847941,8.925181540764914,1013.6052914650148,0.0,75,0.29391902822485355,1.1567568150532552
10.360000000034,9.34378812463336,8.923963476094919,1015.3153992231577,0.0,75,0.2981714545717082,1.1590247757715777
10.380000000034132,9.3417616225028,8.91648860164623,1015.6130853284354,0.0,75,0.3024548430998086,1.1613092496532311
10.400000000034263,9.339532005254629,8.911638126498811,1016.5185204250074,0.0,75,0.3067691513398123,1.1636102140478999
10.420000000034394,9.337353178028806,8.915843158281646,1019.504449453821,0.0,75,0.3111143364017928,1.1659276460809562
10.440000000034525,9.335477718653417,8.923300073137035,1023.2547133191642,0.0,75,0.3154903549901533,1.168261522661415
10.460000000034656,9.333756408155564,8.920997492947599,1024.7842096455613,0.0,75,0.3198971634181388,1.170611820489674
10.480000000034787,9.331871908282029,8.907632915803449,1023.7817081819707,0.0,75,0.32433471762195426,1.1729785160650423
10.500000000034918,9.32985423021096,8.896740146993402,1023.3542317472387,0.0,75,0.32880297317449936,1.1753615856930664
10.520000000035049,9.327673029761211,8.887301549424933,1023.2686968819248,0.0,75,0.3333018852987251,1.1777610054926533
10.54000000003518,9.32533441726869,8.889317026080185,1025.8326800995465,0.0,75,0.3378314088806245,1.1801767514029997
10.560000000035311,9.323233957094244,8.900558178083674,1030.5481256916878,0.0,75,0.3423914984818636,1.1826087991903274
10.580000000035442,9.321489476476733,8.913184467226055,1035.6136362010031,0.0,75,0.3469821083520615,1.1850571244544328
10.600000000035573,9.319876027851095,8.908314328772933,1036.6336584242995,0.0,75,0.35160319244072713,1.1875217026350544
10.620000000035704,9.3179855597312,8.885758954391001,1033.5455417816015,0.0,75,0.35625470440886164,1.1900025090180595
10.640000000035835,9.315834029926702,8.863791365634732,1030.5995486265313,0.0,75,0.36093659764023367,1.192499518741458
10.660000000035966,9.313515460226313,8.860778004724414,1032.0694443242294,0.0,75,0.36564882525233483,1.1950127068012453
10.680000000036097,9.311201574550847,8.871886026981473,1036.8486449693903,0.0,75,0.3703913401070234,1.197542048057079
10.700000000036228,9.309270655331654,8.890885077323679,1043.5075529802016,0.0,75,0.3751640948208627,1.2000875172377934
10.720000000036359,9.307728576440779,8.907760712291386,1049.70845683989,0.0,75,0.37996704177516444,1.2026490889467545
10.74000000003649,9.30625946196617,8.896093961610863,1049.2045508670878,0.0,75,0.3848001331257375,1.20522673766706
10.760000000036621,9.30434399929742,8.857246557253477,1042.299495819395,0.0,75,0.3896633208123583,1.207820437766591
10.780000000036752,9.302069100102026,8.831441791118694,1038.474039920608,0.0,75,0.3945565565679609,1.2104301635029124
10.800000000036883,9.299718947283882,8.839606651255949,1042.6519882505406,0.0,75,0.39947979192755945,1.2130558890280316
10.820000000037014,9.297563641204098,8.85944128575518,1049.6171276464152,0.0,75,0.40443297823690577,1.2156975883930163
10.840000000037145,9.295868527340645,8.885681957108416,1058.1522220040342,0.0,75,0.40941606666089253,1.218355235552476
10.860000000037276,9.294575614430093,8.903412330450253,1064.7105751570384,0.0,75,0.41442900819170286,1.2210288043689081
10.880000000037407,9.29322636227819,8.878069547576343,1060.989813644323,0.0,75,0.4194717536567179,1.2237182686169161
10.900000000037538,9.2912399776241,8.821870578863333,1049.9159882182553,0.0,75,0.4245442537261849,1.2264236019872987
10.92000000003767,9.288838760345435,8.798841835146302,1046.759106183028,0.0,75,0.42964645892065356,1.2291447780910152
10.9400000000378,9.286600855061483,8.823916230771673,1055.0777553043424,0.0,75,0.43477831961818564,1.2318817704630323
10.960000000037931,9.284724322798342,8.856672522424102,1065.3008801126425,0.0,75,0.4399397860613429,1.2346345525660496
10.980000000038062,9.283354340621335,8.888373996922303,1075.3467438888267,0.0,75,0.4451308083639614,1.2374030977941128
11.000000000038193,9.282322353040769,8.895240423615382,1079.4322129594816,0.0,75,0.45035133651771375,1.240187379476114
11.020000000038324,9.281259543579289,8.878316907158037,1077.7565899969966,0.0,75,0.4556013203984688,1.2429873708791834
11.040000000038455,9.280583831399696,8.91796897421329,1089.868216259804,0.0,75,0.4608807097724508,1.2458030452119737
11.060000000038587,9.281638068709102,9.050969474587601,1125.1700737496064,0.0,75,0.46618945430220476,1.2486343756278426
11.080000000038718,9.283941920370024,9.080702559982674,1135.15708224228,0.0,75,0.47152750355237194,1.2514813352279317
11.100000000038849,9.284299368449785,8.91748188350189,1097.2201577192957,0.0,75,0.4768948069952824,1.2543438970641505
11.12000000003898,9.283852934669314,8.872578993713349,1088.69046245775,0.0,75,0.4822913140163665,1.2572220341420621
11.14000000003911,9.284098319411367,8.886378856181752,1094.5932454749352,0.0,75,0.48771697391939217,1.2601157194236758
11.160000000039242,9.285413461348238,9.088221564572027,1147.5256958252126,3.1553922058578854,75,0.49317173593153174,1.2630249258301502
11.180000000039373,9.289643173758076,9.6142510035656,1287.1821915527255,0.0,75,0.4986555492082627,1.2659496262444068
11.200000000039504,9.29877145828228,9.897135117923597,1367.2111390096175,0.0,75,0.5041683628381081,1.2688897935136576
11.220000000039635,9.310570525224223,9.702730029389636,1317.0883374979878,83.14212934807233,74,0.5097101258472183,1.2718454004518498
11.240000000039766,9.319256024542428,9.208170528711044,1189.0141987193108,610.0719033170346,74,0.5152807872038,1.2748164198420266
11.260000000039897,9.320152578777025,8.757211785796507,1077.9242309986746,766.6439801932456,74,0.5208802958223966,1.2778028244386115
11.280000000040028,9.320708009072073,8.680853992348627,1061.696688457056,834.8188001481628,74,0.5265086005680252,1.2808045869696134
11.300000000040159,9.324556396470124,9.377739750086612,1241.9203479715425,719.0408028552218,74,0.5321656502601683,1.2838216801387565
11.32000000004029,9.329674853171467,10.184624489755914,1468.290638944666,654.4083803033285,74,0.5378513936766333,1.2868540766275378
11.34000000004042,9.339288565906708,10.36902257790863,1525.544768983788,631.402339609248,74,0.5435657795572746,1.2899017490972131
11.360000000040552,9.352638897465035,9.86118885009536,1383.0500453154505,886.7997950390338,73,0.5493087566075882,1.2929646701907136
11.380000000040683,9.364257196903944,9.157404089390424,1195.5198478334964,1236.0784430851838,72,0.5550802735021785,1.2960428125344952
11.400000000040814,9.36718779431761,8.413050980913573,1011.473231479471,1569.6426605993686,72,0.5608802788881037,1.299136148740322
11.420000000040945,9.361034909008463,8.305682967913448,988.1797892420802,2192.727745560044,72,0.5667087213880998,1.3022446514069865
11.440000000041076,9.364282799909017,9.630914260165742,1331.86675300769,3006.05130813564,73,0.5725655496036907,1.3053682931219683
11.460000000041207,9.370756684213388,10.959423064295894,1728.7975377679518,3395.501705229473,73,0.5784507121181824,1.3085070464630306
11.480000000041338,9.383024320122406,11.357496615144758,1861.1418916843154,3499.36404284537,73,0.5843641574995524,1.3116608839997612
11.500000000041469,9.398820287695285,10.52688656808878,1602.7364099850768,2999.187247176158,72,0.5903058343032255,1.3148297782950535
11.5200000000416,9.412481861144103,9.146993217686022,1213.0238068785081,1520.5783532649396,72,0.5962756910747522,1.3180137019065346
11.540000000041731,9.419451318197591,7.945797061542495,917.5723932434511,1637.5494261374756,72,0.6022736763523828,1.3212126273879374
11.560000000041862,9.413226529347325,7.677515821687836,858.7405998760117,2080.36060657619,72,0.6082997386695449,1.3244265272904239
11.580000000041993,9.406455273970368,8.45750413815157,1044.6299686319194,2921.836469155338,72,0.6143538265572255,1.3276553741638537
11.600000000042124,9.40542555766937,10.28946098245105,1549.8751645670427,3460.5928414707205,72,0.6202844299167464,1.3308183626222647
11.620000000042255,9.412133064776077,11.062549487775337,1794.05592474465,3629.10683594178,73,0.6238150371798769,1.332701353162601
11.640000000042386,9.426693627263058,10.378102428390033,1581.01353618412,3169.264496807066,71,0.6271207800113476,1.3344644160060521
11.660000000042517,9.437014578152802,9.147198481198215,1231.2465341301672,1705.6540475593417,71,0.6332880112820564,1.3377536060170967
11.680000000042648,9.443986231399004,9.001281765489713,1195.2629719666422,1898.5351718753616,71,0.6395677395466763,1.341102794424894
11.70000000004278,9.441741531059614,8.753531468283024,1133.2067297687474,2186.430860030988,71,0.6458739895617888,1.3444661277662873
11.72000000004291,9.447355330043155,10.039985585932454,1494.508398264485,2576.999543023043,72,0.6522067225560194,1.3478435853632105
11.740000000043041,9.459365850946433,10.955050342256019,1783.8255226137776,2368.5349530243225,72,0.6585658997563447,1.3512351465367172
11.760000000043172,9.476953773909546,11.153258511600235,1853.6185666609033,2063.772251319391,72,0.664951482384988,1.3546407906053268
11.780000000043303,9.49589863311193,9.905610526914128,1465.798585470706,1558.5008241224118,70,0.6713634316564604,1.3580604968834455
11.800000000043434,9.512058395296748,9.285875878213783,1290.9802135755472,1488.398354190117,69,0.677010308880742,1.3610721647363957
11.820000000043565,9.52507780306745,8.911978317696391,1192.062499875459,1245.786326950284,70,0.6833465352734123,1.3644514854791532
11.840000000043696,9.530947992584382,9.216356767371664,1278.083867538041,1382.0324541554937,70,0.6897756619680154,1.3678803530496082
11.860000000043827,9.546683894542392,10.545153472388309,1674.3928658302693,1936.046079864641,70,0.6916115380475686,1.3688594869587032
11.880000000043959,9.564416716662299,11.164843286960863,1877.0995837072135,2021.3707483229725,71,0.6917917642747624,1.3689556076132066
11.90000000004409,9.585503728070204,10.93855186495532,1801.7799965351144,1714.6386701372223,68,0.6917920604165165,1.3689557655554756
11.92000000004422,9.607192696966552,9.547853974375908,1372.756904886522,949.0814913551378,67,0.6917920604165165,1.3689557655554756
11.940000000044352,9.625194354975692,9.039811885545879,1230.5545952769778,1598.2945513956256,66,0.6917920604165165,1.3689557655554756
11.960000000044483,9.639418083782292,8.128863230200972,995.0427354942206,1568.3478790673762,66,0.6917920604165165,1.3689557655554756
11.980000000044614,9.646857262476164,8.56305489277795,1104.1791862481932,1843.278986033105,67,0.6917920604165165,1.3689557655554756
12.000000000044745,9.659571216070663,9.640146126424018,1399.4240537526573,2091.253024694956,66,0.6917920604165165,1.3689557655554756
12.020000000044876,9.674943631635239,9.969791560721797,1496.767199988456,2011.3708830488902,67,0.6917920604165165,1.3689557655554756
12.040000000045007,9.691636788381443,9.032711398301911,1228.6228414897687,1797.6828801196546,66,0.691793336244036,1.3689564459968193
12.060000000045138,9.705640928217317,8.821973660987972,1171.9628085082031,1515.5250308535578,65,0.691793336244036,1.3689564459968193
12.080000000045269,9.714637662472178,8.03035571695521,971.0730091244412,1322.857669339503,65,0.691793336244036,1.3689564459968193
12.1000000000454,9.713296458841237,7.8376690624411784,925.0307290143585,1872.0030770391813,66,0.691793336244036,1.3689564459968193
12.12000000004553,9.71606038845808,9.002472348629288,1220.4104238718692,2147.605144633915,65,0.691793336244036,1.3689564459968193
12.140000000045662,9.723722080398236,9.778884790329645,1439.9949706871432,2236.0549880060566,66,0.691793336244036,1.3689564459968193
12.160000000045793,9.737265709547772,9.565226269896506,1377.7575895610714,1895.1278291765489,67,0.691793336244036,1.3689564459968193
12.180000000045924,9.751634861186279,8.762216084250701,1156.139486888265,1307.549096423117,65,0.691793336244036,1.3689564459968193
12.200000000046055,9.758457522304804,8.996875387497012,1218.8935204766099,1798.7790029313278,65,0.6917935822958101,1.368956577224432
12.220000000046186,9.757990839531205,8.316346334486301,1041.4717456090145,1488.3723703627995,66,0.6917935822958101,1.368956577224432
12.240000000046317,9.76254399090969,9.33651123102724,1312.658048574611,1909.361788400181,66,0.6917935822958101,1.368956577224432
12.260000000046448,9.77077082993359,10.303571545785218,1598.6667415025313,2239.899345619485,66,0.6917935822958101,1.368956577224432
12.280000000046579,9.784084133023223,10.363942478206088,1617.4557223780234,2102.691573476596,67,0.6917939078599183,1.3689567508586231
12.30000000004671,9.799058136975233,9.280989114951721,1297.092474306422,1673.647749221882,62,0.6917939078599183,1.3689567508586231
12.320000000046841,9.812494356077654,8.81719941394496,1170.6949344032837,1373.5522969347614,62,0.6917939078599183,1.3689567508586231
12.340000000046972,9.819327757915756,7.63182146200345,877.0792102839384,1675.246879597241,61,0.6917939078599183,1.3689567508586231
12.360000000047103,9.811635727262003,6.8059498427874185,697.5251984245411,2194.650931770683,61,0.6917939078599183,1.3689567508586231
12.380000000047234,9.804205137156794,7.425341571270167,830.2622376127324,2582.1857031058025,62,0.6917939078599183,1.3689567508586231
12.400000000047365,9.800144283832635,8.780922873895415,1161.0815877557077,2602.2775006111874,63,0.6917939078599183,1.3689567508586231
12.420000000047496,9.803738869304409,8.81821504440553,1170.9646485966766,2252.2703322441157,62,0.6917939078599183,1.3689567508586231
12.440000000047627,9.807332578411122,8.7383854306921,1149.859575192363,1698.9267760960884,61,0.6917939078599183,1.3689567508586231
12.460000000047758,9.8030291789504,8.704211512390733,1140.8834616981492,1504.6493469015238,60,0.6917939078599183,1.3689567508586231
12.48000000004789,9.792439070267745,8.85496730988007,1180.7456041740168,2245.691146342904,61,0.6917939078599183,1.3689567508586231
12.50000000004802,9.793296556374871,10.29786890313016,1596.8978288912826,2746.842702137963,62,0.6917939078599183,1.3689567508586231
12.520000000048151,9.801607713237939,11.072578092847301,1846.2049747480378,2717.0782973225014,62,0.6917939078599183,1.3689567508586231
12.540000000048282,9.816405110271614,10.992997264327597,1819.7622548072436,2145.8408472688475,62,0.6917939078599183,1.3689567508586231
12.560000000048413,9.831909537229224,9.75980607303208,1434.3818777056867,1180.6521735506496,58,0.6917939078599183,1.3689567508586231
12.580000000048544,9.84015612787251,9.060042504707326,1236.0694797837484,1945.9153658399734,57,0.6917939078599183,1.3689567508586231
12.600000000048675,9.843447778086098,7.9030582242393335,940.5302669039492,1954.04312203322,56,0.6917939078599183,1.3689567508586231
12.620000000048806,9.835990339059753,7.491870940448132,845.2068100782643,2492.1101999845373,56,0.6917939078599183,1.3689567508586231
12.640000000048937,9.828784005469938,8.277622743841926,1031.795600314296,3064.0501807715973,58,0.6917939078599183,1.3689567508586231
12.660000000049068,9.822292130430647,9.287195391651634,1298.8278079635243,3048.8085268365126,59,0.6917939078599183,1.3689567508586231
12.6800000000492,9.822827228316045,8.996826192473254,1218.8803452629109,2547.3864548058095,59,0.6917939078599183,1.3689567508586231
12.70000000004933,9.820522706095954,8.829178997375955,1173.8782501494916,1738.6196158631844,59,0.6917939078599183,1.3689567508586231
12.720000000049462,9.80926554517299,8.098319394425582,987.5798386690318,1928.8167952671606,59,0.6917939078599183,1.3689567508586231
12.740000000049593,9.791720827257684,8.324174446962504,1043.4334593275723,2469.0537346905767,59,0.6917939078599183,1.3689567508586231
12.760000000049724,9.78561159056488,10.128123474784346,1544.6866300935208,3087.759016119265,59,0.6917939078599183,1.3689567508586231
12.780000000049855,9.792016363133733,11.460427562719977,1977.8076569700652,3265.232675988597,59,0.6917939078599183,1.3689567508586231
12.800000000049986,9.806604042154527,11.27396855325595,1913.9740759959009,2747.263419759763,60,0.6917939078599183,1.3689567508586231
12.820000000050117,9.818364395613047,9.963037767334677,1494.7410654548914,1501.5450426604143,59,0.6917939078599183,1.3689567508586231
12.840000000050248,9.822891865983307,9.860223891210637,1464.0501912609616,1778.3346146167542,57,0.6917939078599183,1.3689567508586231
12.860000000050379,9.824468578420339,9.311470995323353,1305.626639117466,1393.2380784416534,57,0.6917939078599183,1.3689567508586231
12.88000000005051,9.83171942689365,9.772270871325242,1438.0480772112055,2167.2963951992656,58,0.6917939078599183,1.3689567508586231
12.90000000005064,9.839778462115241,10.341982450916401,1610.6085710930874,2461.4803941310124,59,0.6917939078599183,1.3689567508586231
12.920000000050772,9.849394865165792,10.179012425959437,1560.2482422913995,2067.902808882301,62,0.6917939078599183,1.3689567508586231
12.940000000050903,9.858971946478622,9.381961349896763,1325.469357037869,1506.397319214711,58,0.6917939078599183,1.3689567508586231
12.960000000051034,9.866991792835233,8.193436549711572,1010.9149115529661,1358.579322835186,57,0.6917939078599183,1.3689567508586231
12.980000000051165,9.855404316857294,6.803449385245243,697.0127609859265,2052.261480569273,57,0.6917939078599183,1.3689567508586231
13.000000000051296,9.835111739047417,6.45354302478384,627.1606946816848,2483.308281407391,57,0.6917939078599183,1.3689567508586231
13.020000000051427,9.817819073585174,8.466983422749705,1079.5427171561707,2899.0067055263635,58,0.6917939078599183,1.3689567508586231
13.040000000051558,9.815506036969497,10.095017936293777,1534.6049784238978,2712.3726285747407,59,0.6917939078599183,1.3689567508586231
13.060000000051689,9.823782984574118,9.993898613268493,1504.0154289247114,1863.5620973116052,61,0.6917939078599183,1.3689567508586231
13.08000000005182,9.82630074664759,9.596466769539667,1386.7722431940588,1847.8107149631132,58,0.6917939078599183,1.3689567508586231
13.100000000051951,9.822052696851646,9.749497078421548,1431.3532877148314,1622.9315008709737,55,0.6917939078599183,1.3689567508586231
13.120000000052082,9.813828692968208,9.841672535334975,1458.5463474455116,2135.0508308581348,56,0.6917939078599183,1.3689567508586231
13.140000000052213,9.81971542422806,10.695723157382135,1722.672495025133,2632.910036355188,56,0.6917939078599183,1.3689567508586231
13.160000000052344,9.827649028252335,10.998993129793677,1821.747887111556,2639.0816529108324,59,0.6917939078599183,1.3689567508586231
13.180000000052475,9.838544608948105,10.425657272524155,1636.7761986056332,2053.2248861388625,57,0.6917939078599183,1.3689567508586231
13.200000000052606,9.84971488165251,9.43021312506995,1339.138292925522,1141.9745169663056,53,0.6917939078599183,1.3689567508586231
13.220000000052737,9.857490172693742,7.913234598088439,942.9539741603288,1488.1746622516926,51,0.6917939078599183,1.3689567508586231
13.240000000052868,9.843845856594067,6.994127877325548,736.6302509337243,2490.452276763239,51,0.6917939078599183,1.3689567508586231
13.260000000053,9.825883027592337,7.27804296606873,797.6486659605669,2967.2919204863674,51,0.6917939078599183,1.3689567508586231
13.28000000005313,9.810404225219866,9.222658005680195,1280.839232902211,3334.2341029329245,52,0.6917939078599183,1.3689567508586231
13.300000000053261,9.809148485860023,10.365690590382611,1618.0014090237144,2938.882106673462,52,0.6917939078599183,1.3689567508586231
13.320000000053392,9.815107799342297,9.701649937571018,1417.3385936887275,2460.298230425538,53,0.6917939078599183,1.3689567508586231
13.340000000053523,9.812894039877708,9.62793770513911,1395.8828008833864,1878.8169770736629,52,0.6917939078599183,1.3689567508586231
13.360000000053654,9.801385222789973,9.151337134355746,1261.105799678388,1999.6124727921515,51,0.6917939078599183,1.3689567508586231
13.380000000053785,9.785310392253235,9.335089088009513,1312.258355742909,2651.174113234735,51,0.6917939078599183,1.3689567508586231
13.400000000053916,9.782391959897145,10.517565368870422,1665.7616249922396,3204.569432466968,51,0.6917939078599183,1.3689567508586231
13.420000000054047,9.783469145756987,10.958172606478517,1808.2508867043996,3030.544455539402,52,0.6917939078599183,1.3689567508586231
13.440000000054178,9.789023433734135,10.127139445108686,1544.3864869038464,2466.3643883513396,54,0.6917939078599183,1.3689567508586231
13.46000000005431,9.79341889729312,9.18266871010529,1269.7559173550806,1348.631977568173,51,0.6917939078599183,1.3689567508586231
13.48000000005444,9.787611361027722,8.323694458135485,1043.3131298064209,1917.4993643027433,50,0.6917939078599183,1.3689567508586231
13.500000000054571,9.770021728255463,8.024359231834785,969.6235132501804,2621.9155739965013,50,0.6917939078599183,1.3689567508586231
13.520000000054702,9.759012094002724,9.39381167923459,1328.819865042083,3389.6115681727456,50,0.6917939078599183,1.3689567508586231
13.540000000054834,9.757359498122387,10.986833272519252,1817.7220733053407,3467.870602744605,49,0.6917939078599183,1.3689567508586231
13.560000000054965,9.765747177125418,11.157117397240558,1874.504203297615,3117.0208089632197,56,0.6917939078599183,1.3689567508586231
13.580000000055096,9.775313574325821,10.041121236519512,1518.2623920019807,2155.5422585709575,52,0.6917939078599183,1.3689567508586231
13.600000000055227,9.774394360017707,9.209626052465284,1277.2220449157228,1905.2132049575948,48,0.6917939078599183,1.3689567508586231
13.620000000055358,9.764400590601527,8.338012143920315,1046.9054473793585,2125.990893009196,48,0.6917939078599183,1.3689567508586231
13.640000000055489,9.748283531291785,8.098283524144177,987.5710900172331,2852.5250399314145,49,0.6917939078599183,1.3689567508586231
13.66000000005562,9.740981937308854,9.192896054099528,1272.5859143366981,3303.0803539531034,50,0.6917939078599183,1.3689567508586231
13.68000000005575,9.73668573204775,9.751359126818155,1431.9000858911452,3008.5844661989313,50,0.6917939078599183,1.3689567508586231
13.700000000055882,9.737617653404072,9.23267631704563,1283.6234228117528,2019.3802912606836,51,0.6917939078599183,1.3689567508586231
13.720000000056013,9.73435861770997,8.984213312627187,1215.4651820268568,1289.9924272201492,47,0.6917939078599183,1.3689567508586231
13.740000000056144,9.718416540499936,8.184509770550477,1008.7133205223506,1934.2495892070324,47,0.6917939078599183,1.3689567508586231
13.760000000056275,9.701450655757201,8.180562200883912,1007.740505797242,2845.693404613468,48,0.6917939078599183,1.3689567508586231
13.780000000056406,9.694012609128926,9.893493978640775,1473.9467726768194,3387.643108611652,49,0.6917939078599183,1.3689567508586231
13.800000000056537,9.698523348090966,10.976406293967282,1814.2735172329749,3304.3525725479776,51,0.6917939078599183,1.3689567508586231
13.820000000056668,9.710251861311207,10.723081284912595,1731.4964647283111,2524.4939070953224,53,0.6917939078599183,1.3689567508586231
13.840000000056799,9.7179508332138,9.866547529761553,1465.9286664517228,1477.6878223761182,48,0.6917939078599183,1.3689567508586231
13.86000000005693,9.715214066472255,8.917382181028833,1197.4494062821636,1770.6108916747637,47,0.6917939078599183,1.3689567508586231
13.880000000057061,9.705002022516375,8.331846807683654,1045.3578032500727,2270.245543234434,46,0.6917939078599183,1.3689567508586231
13.900000000057192,9.694326319953605,8.525076068314192,1094.407192595208,3156.073879977295,46,0.6917939078599183,1.3689567508586231
13.920000000057323,9.686202913387422,9.549950268893173,1373.3607552570606,3336.947943835111,46,0.6917939078599183,1.3689567508586231
13.940000000057454,9.681915791207514,9.901057682380143,1476.2013368024886,2843.9697855634795,46,0.6917939078599183,1.3689567508586231
13.960000000057585,9.682565082282245,9.430082701262595,1339.1012514918575,1904.6150657883377,46,0.6917939078599183,1.3689567508586231
13.980000000057716,9.677935251758026,8.900034295911682,1192.7948993439006,1328.7678412397258,44,0.6917939078599183,1.3689567508586231
14.000000000057847,9.661077272418622,8.324507912190256,1043.5170605898393,2030.4069461271708,44,0.6917939078599183,1.3689567508586231
14.020000000057978,9.646505089074191,8.982040170351281,1214.877248676276,2846.46772528543,44,0.6917939078599183,1.3689567508586231
14.040000000058109,9.64259956509681,10.886273470889329,1784.600016834545,3313.1080244170844,45,0.6917939078599183,1.3689567508586231
14.06000000005824,9.649428499933386,11.576078065982102,2017.9263283750379,3431.6452316660643,49,0.6917939078599183,1.3689567508586231
14.080000000058371,9.66105537889915,10.929368096696845,1798.7570913025759,2745.4436268113295,49,0.6917939078599183,1.3689567508586231
14.100000000058502,9.665835053755558,9.69658682338401,1415.859613383831,1698.953993388863,44,0.6917939078599183,1.3689567508586231
14.120000000058633,9.662695770580683,8.823468343421789,1172.3602280214886,1697.616741627007,42,0.6917939078599183,1.3689567508586231
14.140000000058764,9.650839076669117,8.43967889982039,1072.591275463232,2440.31395623858,42,0.6917939078599183,1.3689567508586231
14.160000000058895,9.641778644357727,8.86663668437904,1183.8597074988159,3112.8451743964442,42,0.6917939078599183,1.3689567508586231
14.180000000059026,9.63242044501543,9.741367622136384,1428.9672625500168,3018.991658967104,45,0.6917939078599183,1.3689567508586231
14.200000000059157,9.629621664637352,9.914905947963078,1480.333647745245,2655.6654480465145,47,0.6917939078599183,1.3689567508586231
14.220000000059288,9.629359552847172,9.38350140294129,1325.9045454984,1747.3731883541,43,0.6917939078599183,1.3689567508586231
14.24000000005942,9.624994882844552,8.801411685180025,1166.5062876221955,1483.590696946833,41,0.6917939078599183,1.3689567508586231
14.26000000005955,9.608808697246383,8.33151737963958,1045.2751412961256,2325.332335421456,41,0.6917939078599183,1.3689567508586231
14.280000000059681,9.599215295975249,9.051617944690404,1233.7718084331723,2865.2945348997537,41,0.6917939078599183,1.3689567508586231
14.300000000059812,9.600003289453142,10.619419675635227,1698.1810158404103,3170.033769217789,45,0.6917939078599183,1.3689567508586231
14.320000000059943,9.6089468666775,10.93454437856841,1800.4613213206833,2863.2975715130233,49,0.6917939078599183,1.3689567508586231
14.340000000060074,9.62094521190987,10.282373376005484,1592.0956398682786,1987.450779877186,47,0.6917939078599183,1.3689567508586231
14.360000000060205,9.626001548775731,9.585798177715326,1383.6905500109215,1667.1416478360702,42,0.6917939078599183,1.3689567508586231
14.380000000060337,9.623729541523277,8.625954644574012,1120.4610230000214,1603.727595625463,41,0.6917939078599183,1.3689567508586231
14.400000000060468,9.6113966348999,8.22327828284388,1018.2921311204235,2561.158127987267,41,0.6917939078599183,1.3689567508586231
14.420000000060599,9.600918820185203,8.550241955909318,1100.8780743893396,3020.158220928503,42,0.6917939078599183,1.3689567508586231
14.44000000006073,9.589409000417621,9.22200600005017,1280.6581387163824,2870.210078343791,44,0.6917939078599183,1.3689567508586231
14.46000000006086,9.583841843941059,9.353778437666113,1317.5180389570367,2357.4123413962507,45,0.6917939078599183,1.3689567508586231
14.480000000060992,9.580414595640693,9.249314651027163,1288.254062655315,1634.8229411570744,40,0.6917939078599183,1.3689567508586231
14.500000000061123,9.569987824496486,8.874717804938264,1186.0186484910084,1753.5972352591473,40,0.6917939078599183,1.3689567508586231
14.520000000061254,9.555900541808402,8.868414018909993,1184.334369019252,2361.81652206394,40,0.6917939078599183,1.3689567508586231
14.540000000061385,9.550652260430551,10.044996094042347,1519.434409637063,2903.927108521137,41,0.6917939078599183,1.3689567508586231
14.560000000061516,9.554135533150989,11.349505733595429,1939.707790747106,3288.7159558890803,45,0.6917939078599183,1.3689567508586231
14.580000000061647,9.564689208734471,11.495790567791158,1990.0321798865723,3189.678468290888,49,0.6917939078599183,1.3689567508586231
14.600000000061778,9.577134801184904,10.749264440381914,1739.9625743688857,2438.26658762654,46,0.6917939078599183,1.3689567508586231
14.620000000061909,9.582786434901298,9.568106848952201,1378.587848131738,1619.9229990302097,43,0.6917939078599183,1.3689567508586231
14.64000000006204,9.582024090946254,8.492199762461315,1085.9824728358112,1646.4313101411815,41,0.6917939078599183,1.3689567508586231
14.66000000006217,9.571403652151618,8.138806437979037,997.4792104318333,2552.752012066358,41,0.6917939078599183,1.3689567508586231
14.680000000062302,9.560372034150268,8.35238865010408,1050.5187350083143,2929.336151665758,41,0.6917939078599183,1.3689567508586231
14.700000000062433,9.546026377083173,8.868290312743484,1184.3013285133607,2728.4878598326472,42,0.6917939078599183,1.3689567508586231
14.720000000062564,9.535973339560186,9.031912669796743,1228.405839716347,2196.019038726283,40,0.6917939078599183,1.3689567508586231
14.740000000062695,9.525850942941565,8.878075408383218,1186.9162395319158,1620.7552929136782,40,0.6917939078599183,1.3689567508586231
14.760000000062826,9.511388963977211,8.559823927528713,1103.346891819841,1874.381240767376,40,0.6917939078599183,1.3689567508586231
14.780000000062957,9.49934982084467,8.779999264367946,1160.8373470003153,2344.0003716704077,40,0.6917939078599183,1.3689567508586231
14.800000000063088,9.495116550637796,9.822737591838443,1452.9393888399438,2661.84241042804,44,0.6917939078599183,1.3689567508586231
14.820000000063219,9.499000775001232,10.790637268287876,1753.382228934476,2704.8444562629315,48,0.6917939078599183,1.3689567508586231
14.84000000006335,9.509788506343568,10.90892594359887,1792.0346385476926,2489.7265514750934,48,0.6917939078599183,1.3689567508586231
14.860000000063481,9.521769870168805,10.461335202264083,1647.9978809058173,1807.2675127127086,45,0.6917939078599183,1.3689567508586231
14.880000000063612,9.528226021463341,9.740921439085804,1428.836363810624,1543.4855596942607,42,0.6917939078599183,1.3689567508586231
14.900000000063743,9.528926767329818,8.590492065864757,1111.267197673831,1486.5202042664228,40,0.6917939078599183,1.3689567508586231
14.920000000063874,9.520824904523902,8.110649862011083,990.5894981217344,2434.7426778516756,40,0.6917939078599183,1.3689567508586231
14.940000000064005,9.51015644988239,8.123293056056026,993.6802435174633,2753.1739941971823,40,0.6917939078599183,1.3689567508586231
14.960000000064136,9.493830250019407,8.467820768777251,1079.756251412457,2565.354251992324,39,0.6917939078599183,1.3689567508586231
14.980000000064267,9.479747829719967,8.72910530733206,1147.4185813498802,2072.2151241057422,39,0.6917939078599183,1.3689567508586231
15.000000000064398,9.465108829434996,8.741755862963775,1150.7467576710585,1654.8865582355704,39,0.6917939078599183,1.3689567508586231
15.02000000006453,9.450414253493191,8.749490217695643,1152.783927566175,1948.4192107305842,39,0.6917939078599183,1.3689567508586231
15.04000000006466,9.439343809418054,9.164756095315177,1264.8069280426082,2262.3467939934517,39,0.6917939078599183,1.3689567508586231
15.060000000064791,9.435224788097628,10.13027647616219,1545.3434281539753,2689.049280523087,41,0.6917939078599183,1.3689567508586231
15.080000000064922,9.438731240341005,11.076257322579877,1847.432103735239,3023.150408731069,48,0.6917939078599183,1.3689567508586231
15.100000000065053,9.448270445710849,11.198379396163784,1888.3946752449297,2914.8006847014594,47,0.6917939078599183,1.3689567508586231
15.120000000065184,9.459210948184836,10.681198282674094,1717.9968668285633,2335.001087523109,45,0.6917939078599183,1.3689567508586231
15.140000000065315,9.466473956050859,9.683603002260421,1412.0704532171876,1440.6987247517663,44,0.6917939078599183,1.3689567508586231
15.160000000065446,9.467972093861258,8.71201802722811,1142.9308194743248,1621.6734077900858,42,0.6917939078599183,1.3689567508586231
15.180000000065577,9.460356481922563,8.271795356323926,1030.3433581551728,2279.4507880791407,42,0.6917939078599183,1.3689567508586231
15.200000000065709,9.450368473196143,8.279308074321097,1032.2157918716287,2522.690055819088,42,0.6917939078599183,1.3689567508586231
15.22000000006584,9.43461425601705,8.520080283713577,1093.1249000802604,2387.7989060095047,42,0.6917939078599183,1.3689567508586231
15.24000000006597,9.420355582342653,8.6788765751427,1134.2516959585992,2029.718205234548,42,0.6917939078599183,1.3689567508586231
15.260000000066102,9.40693237218319,8.653644322385494,1127.6660228208489,1635.2307077215967,42,0.6917939078599183,1.3689567508586231
15.280000000066233,9.393982903317672,8.754701187339736,1154.1574729377,1844.461968400236,42,0.6917939078599183,1.3689567508586231
15.300000000066364,9.384703554832917,9.079716892926623,1241.4436964576876,1929.0014160023527,42,0.6917939078599183,1.3689567508586231
15.320000000066495,9.380616365936168,9.590184369527407,1384.9571155238839,2062.9089398739898,43,0.6917939078599183,1.3689567508586231
15.340000000066626,9.38264912576798,10.245428151586673,1580.6751913081828,2267.9313058609564,48,0.6917939078599183,1.3689567508586231
15.360000000066757,9.389543754431322,10.409843524118667,1631.814605088947,2199.6664390762085,49,0.6917939078599183,1.3689567508586231
15.380000000066888,9.398544371238962,10.166456289378345,1556.4013843958148,1801.3661601921206,46,0.6917939078599183,1.3689567508586231
15.400000000067019,9.405342904740898,9.497047414861088,1358.1871757675783,1247.747308721005,44,0.6917939078599183,1.3689567508586231
15.42000000006715,9.405544182780712,8.796859882514685,1165.3000417117357,1591.5797148620827,43,0.6917939078599183,1.3689567508586231
15.44000000006728,9.398118395717274,8.433761109755473,1071.087629477772,2099.9332598263313,43,0.6917939078599183,1.3689567508586231
15.460000000067412,9.389719716480213,8.42529269146509,1068.937731203836,2198.580333229794,43,0.6917939078599183,1.3689567508586231
15.480000000067543,9.377377032873714,8.572943814707388,1106.7317465992478,2131.9292674453595,43,0.6917939078599183,1.3689567508586231
15.500000000067674,9.366019282665345,8.766990569460335,1157.4000364922606,1910.3303573648448,43,0.6917939078599183,1.3689567508586231
15.520000000067805,9.355664053227827,8.860701844273539,1182.2754164297507,1663.9428585567375,43,0.6917939078599183,1.3689567508586231
15.540000000067936,9.345396268672383,8.998169128239617,1219.244251409829,1817.1241748799011,43,0.6917939078599183,1.3689567508586231
15.560000000068067,9.338514518189605,9.282143824283287,1297.4152541176798,1888.7637459861671,43,0.6917939078599183,1.3689567508586231
15.580000000068198,9.333765611120283,9.482974457990352,1354.164968205215,1995.733689335769,43,0.6917939078599183,1.3689567508586231
15.600000000068329,9.330986063863318,9.658859109306881,1404.8633258702312,2177.434645855498,44,0.6917939078599183,1.3689567508586231
15.62000000006846,9.331004475029383,9.88554273263468,1471.5785488845418,2250.7479488346125,45,0.6917939078599183,1.3689567508586231
15.640000000068591,9.333225053056957,9.834855514728146,1456.5264678187561,1984.8768849625935,45,0.6917939078599183,1.3689567508586231
15.660000000068722,9.333776784629256,9.502377483861146,1359.7121261017357,1593.9216688542424,44,0.6917939078599183,1.3689567508586231
15.680000000068853,9.327928512550228,9.155234570122559,1262.1802056174079,1743.7289934986331,44,0.6917939078599183,1.3689567508586231
15.700000000068984,9.322080535139591,9.082701052384174,1242.259861715541,1797.474632695174,44,0.6917939078599183,1.3689567508586231
15.720000000069115,9.31549483730039,9.076166536519368,1240.4730261363425,1803.541124479336,44,0.6917939078599183,1.3689567508586231
15.740000000069246,9.30793435700804,9.102624331161286,1247.7157353255204,1833.1914683540856,44,0.6917939078599183,1.3689567508586231
15.760000000069377,9.300579151136247,9.170680987226222,1266.442818096629,1801.63373010645,44,0.6917939078599183,1.3689567508586231
15.780000000069508,9.29342791912337,9.190883854970542,1272.028872028673,1688.2308934580267,44,0.6917939078599183,1.3689567508586231
15.80000000006964,9.286231948073866,9.244367628856295,1286.8763785055664,1715.7742887213851,44,0.6917939078599183,1.3689567508586231
15.82000000006977,9.280790208148682,9.373107683805026,1322.968872237836,1754.04496978086,44,0.6917939078599183,1.3689567508586231
15.840000000069901,9.276168407526013,9.3820628121174,1325.4980260520629,1686.4588304108083,44,0.6917939078599183,1.3689567508586231
15.860000000070032,9.270960735276795,9.265009068395502,1292.6296409947354,1661.0113314385405,44,0.6917939078599183,1.3689567508586231
15.880000000070163,9.265114449224656,9.15585615210864,1262.3515993934836,1736.6568272405013,44,0.6917939078599183,1.3689567508586231
15.900000000070294,9.259060551117168,9.107042024521629,1248.9271141256143,1728.562072768435,44,0.6917939078599183,1.3689567508586231
15.920000000070425,9.252671165511986,9.064635038070982,1237.3229240317712,1669.4132903184025,44,0.6917939078599183,1.3689567508586231
15.940000000070556,9.246204314453308,9.068796538021985,1238.4592745247405,1655.7428233511255,44,0.6917939078599183,1.3689567508586231
15.960000000070687,9.240538128544163,9.116543628261622,1251.5345471375767,1596.2293248981023,44,0.6917939078599183,1.3689567508586231
15.980000000070818,9.23514094442393,9.114560344974407,1250.99006939269,1448.8799477555324,44,0.6917939078599183,1.3689567508586231
16.000000000070948,9.22938222873951,9.053481638061264,1234.2799184905232,1521.3329169303813,44,0.6917939078599183,1.3689567508586231
16.02000000007019,9.223860065119379,9.031731147649046,1228.3564635468288,1703.2606848671371,44,0.6917939078599183,1.3689567508586231
16.040000000069433,9.219369270306276,9.080706723940969,1241.7143847331197,1737.7739172926822,44,0.6917939078599183,1.3689567508586231
16.060000000068676,9.214860595307782,9.063785899787812,1237.0911200929866,1635.3455912148959,44,0.6917939078599183,1.3689567508586231
16.08000000006792,9.209765673809313,9.038702504267627,1230.2534677246003,1678.068520262212,44,0.6917939078599183,1.3689567508586231
16.100000000067162,9.205454875903891,9.075388035499405,1240.2602340735893,1632.8960351983085,44,0.6917939078599183,1.3689567508586231
16.120000000066405,9.20108096307982,9.068148414550777,1238.282261877461,1484.6776103124892,44,0.6917939078599183,1.3689567508586231
16.140000000065648,9.195731404602048,9.002993033298086,1220.551871874547,1433.3736166202543,44,0.6917939078599183,1.3689567508586231
16.16000000006489,9.189527185961897,8.954791292429787,1207.517266482796,1564.5172253244275,44,0.6917939078599183,1.3689567508586231
16.180000000064133,9.183022913412042,8.961538091726135,1209.3375089483498,1647.3796419680964,44,0.6917939078599183,1.3689567508586231
16.200000000063376,9.176912601768022,9.024791735766552,1226.469605618782,1679.473341393214,44,0.6917939078599183,1.3689567508586231
16.22000000006262,9.171656652438328,9.106780760611713,1248.8554564128908,1639.9996428602326,44,0.6917939078599183,1.3689567508586231
16.240000000061862,9.166968246652832,9.163622193803626,1264.4939731200527,1634.307679623548,44,0.6917939078599183,1.3689567508586231
16.260000000061105,9.162178576285676,9.168671634396118,1265.8879080128147,1630.9977845968942,44,0.6917939078599183,1.3689567508586231
16.280000000060348,9.157041178599908,9.161491734927012,1263.90607475568,1717.7731631090003,44,0.6917939078599183,1.3689567508586231
16.30000000005959,9.152093852083702,9.189704208194497,1271.7023640487228,1782.7436452662469,44,0.6917939078599183,1.3689567508586231
16.320000000058833,9.147388756031871,9.201604801257593,1274.9981853724519,1712.3185006824294,44,0.6917939078599183,1.3689567508586231
16.340000000058076,9.142356311312545,9.203805630022076,1275.608163374289,1683.3028279397045,44,0.6917939078599183,1.3689567508586231
16.36000000005732,9.137914973281788,9.255378442491923,1289.943758581113,1652.4031914593934,44,0.6917939078599183,1.3689567508586231
16.38000000005656,9.133935392341316,9.26606855720616,1292.9252920698982,1617.930309746702,44,0.6917939078599183,1.3689567508586231
16.400000000055805,9.129750385882687,9.218298614596234,1279.6286579304103,1576.6006839349072,44,0.6917939078599183,1.3689567508586231
16.420000000055047,9.124906687323904,9.162682867087891,1264.2347498415807,1604.9256478381506,44,0.6917939078599183,1.3689567508586231
16.44000000005429,9.119605278087652,9.142372373969446,1258.6362209398337,1659.627607497821,44,0.6917939078599183,1.3689567508586231
16.460000000053533,9.114336578318813,9.16877289886818,1265.9158706629582,1703.9463208436616,44,0.6917939078599183,1.3689567508586231
16.480000000052776,9.1097141652649,9.226163721913625,1281.813163044023,1700.5351501648656,44,0.6917939078599183,1.3689567508586231
16.50000000005202,9.10579507613016,9.262997388814798,1292.0683734704933,1639.8547193497197,44,0.6917939078599183,1.3689567508586231
16.52000000005126,9.10223970769533,9.255260438960088,1289.91086593389,1602.2794269830183,44,0.6917939078599183,1.3689567508586231
16.540000000050505,9.098382378057883,9.178505572243038,1268.6048422570914,1587.1243837815346,44,0.6917939078599183,1.3689567508586231
16.560000000049747,9.093860139458561,9.079349558319525,1241.3432492712318,1630.6414323452448,44,0.6917939078599183,1.3689567508586231
16.58000000004899,9.088881703476567,9.021471950776263,1225.5674537172986,1673.0239722263864,44,0.6917939078599183,1.3689567508586231
16.600000000048233,9.0839244764827,9.019973253827517,1225.1602914166247,1695.24894472162,44,0.6917939078599183,1.3689567508586231
16.620000000047476,9.079475492230662,9.051760763040958,1233.8107421676314,1665.6116715800813,44,0.6917939078599183,1.3689567508586231
16.64000000004672,9.075496408323456,9.07084329720651,1239.018359499238,1589.7478476508456,44,0.6917939078599183,1.3689567508586231
16.66000000004596,9.071809665510163,9.066174414941687,1237.7432096833427,1485.5419159045002,44,0.6917939078599183,1.3689567508586231
16.680000000045204,9.067957936323323,9.017309376527752,1224.43674276195,1338.4607485110903,44,0.6917939078599183,1.3689567508586231
16.700000000044447,9.063607828530406,8.942390634684083,1204.1752253789505,1434.5348895832458,44,0.6917939078599183,1.3689567508586231
16.72000000004369,9.058930059324886,8.897184226692085,1192.0310812294701,1541.0086893534246,44,0.6917939078599183,1.3689567508586231
16.740000000042933,9.054550092839618,8.914561012440155,1196.6918583368542,1615.3838935971546,44,0.6917939078599183,1.3689567508586231
16.760000000042176,9.050844938791547,8.960029849457342,1208.9304760393582,1606.902891267282,44,0.6917939078599183,1.3689567508586231
16.78000000004142,9.047715049502054,8.996485502084438,1218.7880342751582,1553.743604671901,44,0.6917939078599183,1.3689567508586231
16.80000000004066,9.044904680078718,9.012162700720465,1223.0394344714052,1467.6496806724147,44,0.6917939078599183,1.3689567508586231
16.820000000039904,9.041794328146358,8.985053754077397,1215.6925976201542,1343.406804645878,44,0.6917939078599183,1.3689567508586231
16.840000000039147,9.037806217375628,8.922698388296086,1198.877580304142,1402.167177219586,44,0.6917939078599183,1.3689567508586231
16.86000000003839,9.033239304593106,8.885921347091317,1189.015024810337,1550.3904715082488,44,0.6917939078599183,1.3689567508586231
16.880000000037633,9.02902729512888,8.931418427601464,1201.222020870146,1617.8307748578409,44,0.6917939078599183,1.3689567508586231
16.900000000036876,9.025231120674418,8.983541598946877,1215.2834378849602,1581.8452051035335,44,0.6917939078599183,1.3689567508586231
16.92000000003612,9.021772854577309,9.0226650809316,1225.8916487466086,1552.399282115265,44,0.6917939078599183,1.3689567508586231
16.94000000003536,9.018498603074157,9.04317475664146,1231.471201166966,1545.5210110612486,44,0.6917939078599183,1.3689567508586231
16.960000000034604,9.014904560980883,9.025932925217313,1226.779800625784,1519.178993878514,44,0.6917939078599183,1.3689567508586231
16.980000000033847,9.010598011446412,8.993580348278016,1218.001016944386,1553.1260251835006,44,0.6917939078599183,1.3689567508586231
17.00000000003309,9.006054273708815,9.011951989699366,1222.9822440091514,1644.5395772327663,44,0.6917939078599183,1.3689567508586231
17.020000000032333,9.002083733541076,9.07825638508723,1241.044346467584,1669.600709519978,44,0.6917939078599183,1.3689567508586231
17.040000000031576,8.99866458060372,9.13008904925433,1255.2563867150413,1628.8278403406555,44,0.6917939078599183,1.3689567508586231
17.06000000003082,8.995846105477117,9.171153578922388,1266.5733483771655,1573.7776980249946,44,0.6917939078599183,1.3689567508586231
17.08000000003006,8.993485699439091,9.184737294731065,1270.3280589621816,1550.3600783084905,44,0.6917939078599183,1.3689567508586231
17.100000000029304,8.990927841071485,9.135192769890205,1256.6601558350358,1510.6291570799867,44,0.6917939078599183,1.3689567508586231
17.120000000028547,8.987457499844115,9.05844213809134,1235.6328395322473,1530.5165175732438,44,0.6917939078599183,1.3689567508586231
17.14000000002779,8.983518489600876,9.048544697472812,1232.9341588294828,1640.5074879394417,44,0.6917939078599183,1.3689567508586231
17.160000000027033,8.97999271592073,9.094683182995675,1245.5396654024335,1672.3088568806425,44,0.6917939078599183,1.3689567508586231
17.180000000026276,8.9767559720774,9.112345524790566,1250.3821670230507,1617.6700685211208,44,0.6917939078599183,1.3689567508586231
17.20000000002552,8.973799887542496,9.115627144568252,1251.2829269190918,1549.0436468950486,44,0.6917939078599183,1.3689567508586231
17.22000000002476,8.971002473682626,9.095449354872615,1245.749532561284,1522.6621855445942,44,0.6917939078599183,1.3689567508586231
17.240000000024004,8.967796082927729,9.015496556350998,1223.944476073609,1479.255111800891,44,0.6917939078599183,1.3689567508586231
17.260000000023247,8.963724347740392,8.92565068959882,1199.6710697276746,1531.9838293463145,44,0.6917939078599183,1.3689567508586231
17.28000000002249,8.95955619782193,8.915126081604921,1196.8435730650565,1638.4112380090567,44,0.6917939078599183,1.3689567508586231
17.300000000021733,8.955980163327201,8.954884767112722,1207.542475977701,1648.2033679848978,44,0.6917939078599183,1.3689567508586231
17.320000000020976,8.952865807747756,8.97801506655318,1213.788651595749,1600.2067486965873,44,0.6917939078599183,1.3689567508586231
17.34000000002022,8.950307147292143,8.996512451825735,1218.7953362535607,1549.3137945651065,44,0.6917939078599183,1.3689567508586231
17.36000000001946,8.948227182680572,9.000207726107602,1219.7967705401622,1457.5091836620572,44,0.6917939078599183,1.3689567508586231
17.380000000018704,8.945985340048203,8.952737752455235,1206.963506920732,1307.4522005130573,44,0.6917939078599183,1.3689567508586231
17.400000000017947,8.942855707989263,8.85628173746112,1181.0961689414437,1328.7220782167992,44,0.6917939078599183,1.3689567508586231
17.42000000001719,8.939364889866722,8.799686530289813,1166.0490412453653,1509.8440193981664,44,0.6917939078599183,1.3689567508586231
17.440000000016433,8.936287102955935,8.824434026580427,1172.616859639988,1571.538360817998,44,0.6917939078599183,1.3689567508586231
17.460000000015675,8.933490473650615,8.849783401649837,1179.3635357851026,1539.276483455038,44,0.6917939078599183,1.3689567508586231
17.48000000001492,8.931036376769692,8.869917994476237,1184.7361005995062,1499.326512360283,44,0.6917939078599183,1.3689567508586231
17.50000000001416,8.928827547748007,8.885817435451669,1188.9872163763978,1415.402202738651,44,0.6917939078599183,1.3689567508586231
17.520000000013404,8.926235864527968,8.864686431719287,1183.3389752961248,1272.2380922046937,44,0.6917939078599183,1.3689567508586231
17.540000000012647,8.92265228150584,8.799160619196739,1165.9096681441222,1349.1686254729705,44,0.6917939078599183,1.3689567508586231
17.56000000001189,8.918917055258458,8.795242016655024,1164.8714510981642,1527.040083935464,44,0.6917939078599183,1.3689567508586231
17.580000000011132,8.915696230750205,8.846293067667542,1178.4334427657027,1558.3824385111543,44,0.6917939078599183,1.3689567508586231
17.600000000010375,8.912801427908922,8.889645271274413,1190.0118217516133,1519.3021370119652,44,0.6917939078599183,1.3689567508586231
17.620000000009618,8.910337937081358,8.930898848070694,1201.0822642962441,1489.784349559488,44,0.6917939078599183,1.3689567508586231
17.64000000000886,8.908302971243133,8.962589877516686,1209.62139741436,1490.9806132115568,44,0.6917939078599183,1.3689567508586231
17.660000000008104,8.90613335452954,8.952392492065922,1206.8704161441422,1444.1823576117065,44,0.6917939078599183,1.3689567508586231
17.680000000007347,8.903146900818097,8.90789513469451,1194.9028708123599,1455.1871545235515,44,0.6917939078599183,1.3689567508586231
17.70000000000659,8.899872411027179,8.922812574466185,1198.9082652178975,1577.293788024846,44,0.6917939078599183,1.3689567508586231
17.720000000005832,8.89702577752054,8.97883367598441,1214.0100065676666,1617.8138333116838,44,0.6917939078599183,1.3689567508586231
17.740000000005075,8.894490559218974,9.014807277423973,1223.7573301122616,1576.4156098852932,44,0.6917939078599183,1.3689567508586231
17.760000000004318,8.892382970713841,9.04857503403829,1232.9424260264277,1531.2304375395915,44,0.6917939078599183,1.3689567508586231
17.78000000000356,8.890651470294435,9.06465007569417,1237.3270293071073,1491.5435373911778,44,0.6917939078599183,1.3689567508586231
17.800000000002804,8.888682902722342,9.020291217588973,1225.2466693758108,1447.437486789912,44,0.6917939078599183,1.3689567508586231
17.820000000002047,8.885721542833892,8.945664604446755,1205.0571271288825,1465.4510785322245,44,0.6917939078599183,1.3689567508586231
17.84000000000129,8.882393738982753,8.949724598652466,1206.1512068663835,1593.9838421111879,44,0.6917939078599183,1.3689567508586231
17.860000000000532,8.879493433260718,8.997134594001247,1218.963910510406,1627.4283944600963,44,0.6917939078599183,1.3689567508586231
17.879999999999775,8.876815130905396,9.011380262564598,1222.8270745285142,1573.5395787684377,44,0.6917939078599183,1.3689567508586231
17.899999999999018,8.87445411318107,9.0219335193738,1225.6928651634598,1522.3290442933248,44,0.6917939078599183,1.3689567508586231
17.91999999999826,8.872457080735787,9.020827293061194,1225.3923064042742,1474.4412178274038,44,0.6917939078599183,1.3689567508586231
17.939999999997504,8.870370703946119,8.968608955354659,1211.2466531181806,1431.7652489902582,44,0.6917939078599183,1.3689567508586231
17.959999999996747,8.867542388271971,8.88480010855879,1188.714980437027,1431.9337770205766,44,0.6917939078599183,1.3689567508586231
17.97999999999599,8.864417306617307,8.849422734792231,1179.2674094386036,1548.8276454057013,44,0.6917939078599183,1.3689567508586231
17.999999999995232,8.861743694811453,8.87999642235819,1187.4299385618147,1598.8052467619225,44,0.6917939078599183,1.3689567508586231
18.019999999994475,8.859404937714054,8.897539032506549,1192.1261558015933,1563.0667057017881,44,0.6917939078599183,1.3689567508586231
18.039999999993718,8.85754631187689,8.909592110376785,1195.358177981267,1524.8357358192918,44,0.6917939078599183,1.3689567508586231
18.05999999999296,8.85618181916091,8.918017376453443,1197.6200037643287,1453.8104446148764,44,0.6917939078599183,1.3689567508586231
18.079999999992204,8.854791073083398,8.88496406626771,1188.7588532941932,1317.8801726206932,44,0.6917939078599183,1.3689567508586231
18.099999999991446,8.852537077132558,8.800544713118915,1166.2764884520552,1257.279738549026,44,0.6917939078599183,1.3689567508586231
18.11999999999069,8.849670019111914,8.7218666139061,1145.5163548987398,1433.5990426189023,44,0.6917939078599183,1.3689567508586231
18.139999999989932,8.84712741604914,8.733823120256353,1148.6592054195362,1535.4926909754256,44,0.6917939078599183,1.3689567508586231
18.159999999989175,8.84475069492588,8.757251728305922,1154.8300612206547,1509.1012873867762,44,0.6917939078599183,1.3689567508586231
18.179999999988418,8.84261719408933,8.772581921494686,1158.87682482689,1472.8125437470621,44,0.6917939078599183,1.3689567508586231
18.19999999998766,8.840785807396339,8.792789595599855,1164.221927870448,1411.6705768332222,44,0.6917939078599183,1.3689567508586231
18.219999999986904,8.838920773736524,8.793616236342517,1164.4408432687037,1291.282546758815,44,0.6917939078599183,1.3689567508586231
18.239999999986146,8.836352419721194,8.754539755368166,1154.114909246588,1249.7816763429096,44,0.6917939078599183,1.3689567508586231
18.25999999998539,8.833354538709713,8.725096457958612,1146.364917346204,1407.8481322785353,44,0.6917939078599183,1.3689567508586231
18.279999999984632,8.830790259135364,8.762575029307992,1156.2344690569078,1502.7958246087394,44,0.6917939078599183,1.3689567508586231
18.299999999983875,8.828540389673702,8.8051028288488,1167.48491362565,1486.2447127221205,44,0.6917939078599183,1.3689567508586231
18.319999999983118,8.826750785413646,8.844641471120077,1177.9934584910434,1463.0605896802315,44,0.6917939078599183,1.3689567508586231
18.33999999998236,8.825503527804962,8.885443183797731,1188.8870632808253,1442.9825386068214,44,0.6917939078599183,1.3689567508586231
18.359999999981603,8.82443397657139,8.897850776721578,1192.2096946187585,1423.9192005931766,44,0.6917939078599183,1.3689567508586231
18.379999999980846,8.822716241355371,8.861953650180087,1182.609494681872,1383.6642579359218,44,0.6917939078599183,1.3689567508586231
18.39999999998009,8.820246658013861,8.83182102321773,1174.5808932160262,1475.339723480798,44,0.6917939078599183,1.3689567508586231
18.419999999979332,8.817938197464668,8.876287588889046,1186.4382579344033,1571.7968982417578,44,0.6917939078599183,1.3689567508586231
18.439999999978575,8.815784378210745,8.911498069138794,1195.869659776297,1552.769943520695,44,0.6917939078599183,1.3689567508586231
18.459999999977818,8.813851807425982,8.933990608040288,1201.9140060734933,1502.5132852303386,44,0.6917939078599183,1.3689567508586231
18.47999999997706,8.812207068137218,8.95537547913756,1207.6748220356083,1440.8537291860807,44,0.6917939078599183,1.3689567508586231
18.499999999976303,8.810629309379964,8.943902905767546,1204.5825422648998,1423.1370343488857,44,0.6917939078599183,1.3689567508586231
18.519999999975546,8.808435950663707,8.888791042831548,1189.783130263162,1389.7959586411237,44,0.6917939078599183,1.3689567508586231
18.53999999997479,8.805628990045232,8.86301281257694,1182.8921976634028,1483.406439072606,44,0.6917939078599183,1.3689567508586231
18.559999999974032,8.803131056966876,8.910867866824638,1195.7005270057427,1574.245995586907,44,0.6917939078599183,1.3689567508586231
18.579999999973275,8.800916070413235,8.941477467800427,1203.9293052802957,1556.6845376934725,44,0.6917939078599183,1.3689567508586231
18.599999999972518,8.799089734049433,8.958301455161012,1208.4641144220595,1518.1041756884088,44,0.6917939078599183,1.3689567508586231
18.61999999997176,8.797774469063027,8.976712134331569,1213.4363756023572,1471.482160883545,44,0.6917939078599183,1.3689567508586231
18.639999999971003,8.796796363823555,8.96286378478855,1209.6953334449734,1418.7539931441627,44,0.6917939078599183,1.3689567508586231
18.659999999970246,8.79543575912489,8.891453108747235,1190.4958830729852,1371.0860587788993,44,0.6917939078599183,1.3689567508586231
18.67999999996949,8.79333055281458,8.814420725957147,1169.957175571311,1422.7935017446127,44,0.6917939078599183,1.3689567508586231
18.699999999968732,8.79119764904661,8.802294144467123,1166.740215075897,1531.1876907714916,44,0.6917939078599183,1.3689567508586231
18.719999999967975,8.789268991036652,8.819721664150936,1171.364808756366,1545.580838210526,44,0.6917939078599183,1.3689567508586231
18.739999999967218,8.787559378032556,8.8219926461503,1171.9681137077607,1501.3875990311585,44,0.6917939078599183,1.3689567508586231
18.75999999996646,8.786170971303541,8.823856388719813,1172.4633482141323,1450.8502053596958,44,0.6917939078599183,1.3689567508586231
18.779999999965703,8.784987247529308,8.8141331000096,1169.8808223857086,1353.6407362200935,44,0.6917939078599183,1.3689567508586231
18.799999999964946,8.783364238988302,8.763885336221122,1156.5802887016891,1215.4826186668167,44,0.6917939078599183,1.3689567508586231
18.81999999996419,8.780970795035673,8.686356487851864,1136.2076541119588,1298.6574014209025,44,0.6917939078599183,1.3689567508586231
18.83999999996343,8.778604451866661,8.666141345909091,1130.92537668299,1457.0733504604682,44,0.6917939078599183,1.3689567508586231
18.859999999962675,8.77652119070956,8.690959009459045,1137.412026901982,1487.1367305626059,44,0.6917939078599183,1.3689567508586231
18.879999999961917,8.774709663504602,8.712028784384737,1142.9336419417234,1457.019230536858,44,0.6917939078599183,1.3689567508586231
18.89999999996116,8.773307745802562,8.734865125670481,1148.9333077214294,1427.1558534554456,44,0.6917939078599183,1.3689567508586231
18.919999999960403,8.772307083324861,8.75722497562931,1154.8230054116093,1353.1218455688934,44,0.6917939078599183,1.3689567508586231
18.939999999959646,8.771162842093121,8.74986472484345,1152.8826156153425,1227.5040030271657,44,0.6917939078599183,1.3689567508586231
18.95999999995889,8.769337916993521,8.706017816445812,1141.3570246964305,1235.7488474050394,44,0.6917939078599183,1.3689567508586231
18.97999999995813,8.767293782581485,8.69097861713609,1137.417159139477,1388.138352510223,44,0.6917939078599183,1.3689567508586231
18.999999999957375,8.765505772878157,8.719874642479608,1144.993169810881,1462.808282780244,44,0.6917939078599183,1.3689567508586231
19.019999999956617,8.763913095937161,8.751542149828609,1153.3246931869237,1446.0173940564516,44,0.6917939078599183,1.3689567508586231
19.03999999995586,8.762679249554743,8.782844521194548,1161.589833522079,1418.7702537888922,44,0.6917939078599183,1.3689567508586231
19.059999999955103,8.761784272774728,8.811882673685496,1169.2835102112206,1395.3193295287438,44,0.6917939078599183,1.3689567508586231
19.079999999954346,8.760721301075572,8.808230206982868,1168.3143906388386,1364.955461733645,44,0.6917939078599183,1.3689567508586231
19.09999999995359,8.758863505546442,8.771173496244838,1158.504742725365,1375.5704325932224,44,0.6917939078599183,1.3689567508586231
19.11999999995283,8.756650617140238,8.779765854536931,1160.7756278043732,1481.3677374208644,44,0.6917939078599183,1.3689567508586231
19.139999999952074,8.754703577168526,8.82656826051345,1173.1841348493992,1536.9422605155858,44,0.6917939078599183,1.3689567508586231
19.159999999951317,8.752897972158511,8.855545986297404,1180.8999338147923,1500.5826068214562,44,0.6917939078599183,1.3689567508586231
19.17999999995056,8.751393920526851,8.881434999088363,1187.8147016548774,1458.129355455275,44,0.6917939078599183,1.3689567508586231
19.199999999949803,8.750268864891138,8.903007089111254,1193.5918681317235,1400.7984911370465,44,0.6917939078599183,1.3689567508586231
19.219999999949046,8.749195486680044,8.886782162254622,1189.2454053638305,1376.2879222205256,44,0.6917939078599183,1.3689567508586231
19.23999999994829,8.747564509916657,8.840853601321113,1176.984682640294,1362.6820492569943,44,0.6917939078599183,1.3689567508586231
19.25999999994753,8.74555531957157,8.827893470979102,1173.5364422375817,1443.395029741382,44,0.6917939078599183,1.3689567508586231
19.279999999946774,8.743791509981595,8.867678830843136,1184.1380154429041,1522.3515231548129,44,0.6917939078599183,1.3689567508586231
19.299999999946017,8.742197484864324,8.890821744417437,1190.3268196049462,1510.393145750287,44,0.6917939078599183,1.3689567508586231
19.31999999994526,8.740974291569662,8.90358272823604,1193.7462205619872,1476.3244761902824,44,0.6917939078599183,1.3689567508586231
19.339999999944503,8.740187879906289,8.913437888479264,1196.3903407114155,1423.7871277586462,44,0.6917939078599183,1.3689567508586231
19.359999999943746,8.739532696150878,8.885700730307377,1188.9559845815916,1371.846195710176,44,0.6917939078599183,1.3689567508586231
19.37999999994299,8.738278428194183,8.813716572976084,1169.7702555337685,1345.563117761227,44,0.6917939078599183,1.3689567508586231
19.39999999994223,8.736392818841082,8.749363891663187,1152.750639782558,1417.5541112026106,44,0.6917939078599183,1.3689567508586231
19.419999999941474,8.734618236772036,8.750019535898808,1152.923411801101,1509.8877096245585,44,0.6917939078599183,1.3689567508586231
19.439999999940717,8.732925089729848,8.762250727226542,1156.1488863817424,1502.1408221449592,44,0.6917939078599183,1.3689567508586231
19.45999999993996,8.731443163453912,8.762149483524604,1156.1221690186705,1457.044927346384,44,0.6917939078599183,1.3689567508586231
19.479999999939203,8.730275110745042,8.765203905495337,1156.9283411687227,1404.098520992105,44,0.6917939078599183,1.3689567508586231
19.499999999938446,8.729292023319028,8.754957899641195,1154.2251601742503,1304.5194354814466,44,0.6917939078599183,1.3689567508586231
19.51999999993769,8.727912033486197,8.712180793287857,1142.9735264759092,1195.8023975768654,44,0.6917939078599183,1.3689567508586231
19.53999999993693,8.726022409400771,8.655618150412518,1128.1805049428067,1272.326894697055,44,0.6917939078599183,1.3689567508586231
19.559999999936174,8.724251209800979,8.64277735624473,1124.8356281917008,1406.2532864998457,44,0.6917939078599183,1.3689567508586231
19.579999999935417,8.722662412566361,8.660981040342266,1129.5789451473745,1441.1350459185246,44,0.6917939078599183,1.3689567508586231
19.59999999993466,8.721391854673085,8.679280107267026,1134.3571745037025,1422.321436844075,44,0.6917939078599183,1.3689567508586231
19.619999999933903,8.720576511494503,8.70062285562886,1139.9429066261157,1394.747006960633,44,0.6917939078599183,1.3689567508586231
19.639999999933146,8.720115239301181,8.718723468172172,1144.6908719526687,1320.446353616283,44,0.6917939078599183,1.3689567508586231
19.65999999993239,8.719386513619352,8.706420764339518,1141.4626799022674,1194.1503049207204,44,0.6917939078599183,1.3689567508586231
19.67999999993163,8.717945860586005,8.659361119147869,1129.15643925736,1226.0275560222703,44,0.6917939078599183,1.3689567508586231
19.699999999930874,8.71630925981925,8.646888166419043,1125.9059057702218,1371.4430963040254,44,0.6917939078599183,1.3689567508586231
19.719999999930117,8.714783841737933,8.669973200822849,1131.9257065545316,1438.0859261612832,44,0.6917939078599183,1.3689567508586231
19.73999999992936,8.713361584023765,8.696127135058276,1138.765165487628,1416.7508197819282,44,0.6917939078599183,1.3689567508586231
19.759999999928603,8.712197023285253,8.722483254082265,1145.6783377422194,1383.4663843726762,44,0.6917939078599183,1.3689567508586231
19.779999999927846,8.71128503409489,8.74756860031413,1152.277620040095,1357.4281971098126,44,0.6917939078599183,1.3689567508586231
19.79999999992709,8.710190431507879,8.746106625385321,1151.8924935448579,1326.7120463383478,44,0.6917939078599183,1.3689567508586231
19.81999999992633,8.708503165032878,8.722999269478635,1145.8138966493434,1349.1980965337755,44,0.6917939078599183,1.3689567508586231
19.839999999925574,8.70667699107933,8.742063169690423,1150.8276655437146,1436.842371781055,44,0.6917939078599183,1.3689567508586231
19.859999999924817,8.705067819540208,8.785242448813475,1162.2242039879693,1490.283801494891,44,0.6917939078599183,1.3689567508586231
19.87999999992406,8.703663830301986,8.816176761184296,1170.4233867334192,1468.171499059896,44,0.6917939078599183,1.3689567508586231
19.899999999923303,8.702665126199358,8.84585491936808,1178.3167123299368,1435.923024283018,44,0.6917939078599183,1.3689567508586231
19.919999999922545,8.702118500513144,8.870138558476954,1184.795021861967,1378.5607786305497,44,0.6917939078599183,1.3689567508586231
19.93999999992179,8.701646217374686,8.855974690682087,1181.0142732884838,1346.1188796014687,44,0.6917939078599183,1.3689567508586231
19.95999999992103,8.700600710240048,8.810169154121354,1168.8288070699418,1336.8768379739427,44,0.6917939078599183,1.3689567508586231
19.979999999920274,8.699120453865843,8.788310773335144,1163.036180160148,1402.349216149273,44,0.6917939078599183,1.3689567508586231
19.999999999919517,8.697727470481672,8.816839000989175,1170.599229411638,1484.409005200116,44,0.6917939078599183,1.3689567508586231
20.01999999991876,8.69635444188446,8.833841028720308,1175.1182526569633,1478.0172191725758,44,0.6917939078599183,1.3689567508586231
20.039999999918003,8.69520862107256,8.837272768404208,1176.0314416610202,1436.9477661795686,44,0.6917939078599183,1.3689567508586231
20.059999999917245,8.694355074237215,8.838677916456442,1176.4054551623724,1380.097877463599,44,0.6917939078599183,1.3689567508586231
20.079999999916488,8.693558492216688,8.810590926703288,1168.940721321639,1335.756031752118,44,0.6917939078599183,1.3689567508586231
20.09999999991573,8.692246142564423,8.754586287120224,1154.127177882753,1324.85856674884,44,0.6917939078599183,1.3689567508586231
20.119999999914974,8.690518154791134,8.711313522108384,1142.745978705019,1383.8590337687747,44,0.6917939078599183,1.3689567508586231
20.139999999914217,8.688946858293253,8.71546384632114,1143.8351132169637,1467.2394304398508,44,0.6917939078599183,1.3689567508586231
20.15999999991346,8.687488002703798,8.730013854886481,1147.657446287693,1468.874577648796,44,0.6917939078599183,1.3689567508586231
20.179999999912702,8.686337860435225,8.735856823867394,1149.194206946065,1435.4716083918504,44,0.6917939078599183,1.3689567508586231
20.199999999911945,8.685619250828486,8.744395329906077,1151.441770576961,1393.180557782769,44,0.6917939078599183,1.3689567508586231
20.219999999911188,8.685202915232813,8.740028457265455,1150.2920183398646,1306.5837418260194,44,0.6917939078599183,1.3689567508586231
20.23999999991043,8.684499169892483,8.70067018916308,1139.9553098009799,1181.7764850869569,44,0.6917939078599183,1.3689567508586231
20.259999999909674,8.68326916461909,8.646596690856416,1125.8300013477594,1221.6245752764755,44,0.6917939078599183,1.3689567508586231
20.279999999908917,8.681971849074518,8.617651804033049,1118.305080307856,1350.508028329603,44,0.6917939078599183,1.3689567508586231
20.29999999990816,8.680716739321285,8.621690285670484,1119.3534663087169,1413.6033428514042,44,0.6917939078599183,1.3689567508586231
20.319999999907402,8.679615730866407,8.633307655740008,1122.3720633964763,1398.9136731265692,44,0.6917939078599183,1.3689567508586231
20.339999999906645,8.678824120429276,8.645988096710383,1125.671522940673,1367.4100585481801,44,0.6917939078599183,1.3689567508586231
20.359999999905888,8.678271031883632,8.659330104851975,1129.1483509171874,1297.8791764886307,44,0.6917939078599183,1.3689567508586231
20.37999999990513,8.677451807162933,8.651561244462975,1127.1231917580658,1178.3570867308836,44,0.6917939078599183,1.3689567508586231
20.399999999904374,8.676042499964339,8.616312305174604,1117.9574561538666,1209.716392754288,44,0.6917939078599183,1.3689567508586231
20.419999999903617,8.674515524173621,8.610574552774464,1116.4690172334654,1334.212738171553,44,0.6917939078599183,1.3689567508586231
20.43999999990286,8.673099073867709,8.632819877424001,1122.245239863488,1403.766422475815,44,0.6917939078599183,1.3689567508586231
20.459999999902102,8.671836497044106,8.660571556041399,1129.4721364826062,1390.3642810656956,44,0.6917939078599183,1.3689567508586231
20.479999999901345,8.670911625445227,8.689362981009703,1136.994311143636,1363.0078610110154,44,0.6917939078599183,1.3689567508586231
20.499999999900588,8.670360667024303,8.718930701579065,1144.7452884069337,1328.0775675949117,44,0.6917939078599183,1.3689567508586231
20.51999999989983,8.66982309755994,8.726037057790567,1146.6120959933917,1307.6705547469776,44,0.6917939078599183,1.3689567508586231
20.539999999899074,8.66879128074915,8.707234542764438,1141.676072095997,1313.1039876948546,44,0.6917939078599183,1.3689567508586231
20.559999999898317,8.667513760960855,8.708131037916992,1141.9111776853633,1369.0132912336899,44,0.6917939078599183,1.3689567508586231
20.57999999989756,8.666322743921485,8.742449669793846,1150.9294275272778,1444.1736246940525,44,0.6917939078599183,1.3689567508586231
20.599999999896802,8.665185054632783,8.77041326100712,1158.303926275828,1443.3944835540017,44,0.6917939078599183,1.3689567508586231
20.619999999896045,8.664340067684716,8.792185875995026,1164.0620606371858,1409.5529922203496,44,0.6917939078599183,1.3689567508586231
20.639999999895288,8.663840247606473,8.81190591569688,1169.2896783679023,1356.614165070634,44,0.6917939078599183,1.3689567508586231
20.65999999989453,8.663399482384738,8.802486671837144,1166.7912544704034,1319.8298809827998,44,0.6917939078599183,1.3689567508586231
20.679999999893774,8.66243038120707,8.765308683486905,1156.9560008452827,1316.5673391684272,44,0.6917939078599183,1.3689567508586231
20.699999999893016,8.661049189965144,8.745690373055972,1151.7828524109755,1367.3608990554762,44,0.6917939078599183,1.3689567508586231
20.71999999989226,8.659724344289975,8.770992061559815,1158.4568150976131,1449.4135358341891,44,0.6917939078599183,1.3689567508586231
20.739999999891502,8.658411459324693,8.79122595636761,1163.8078928939617,1454.5553462903522,44,0.6917939078599183,1.3689567508586231
20.759999999890745,8.657322803353393,8.797312273149176,1165.4198991125643,1417.488104992036,44,0.6917939078599183,1.3689567508586231
20.779999999889988,8.65657410828177,8.803694677272924,1167.11152462718,1370.4772383048974,44,0.6917939078599183,1.3689567508586231
20.79999999988923,8.656045851362547,8.790175816579255,1163.529868421631,1314.4556248903752,44,0.6917939078599183,1.3689567508586231
20.819999999888473,8.655224830019334,8.743717971566157,1151.2633915240929,1294.8311430775084,44,0.6917939078599183,1.3689567508586231
20.839999999887716,8.654026513246706,8.7055785909653,1141.2418628733435,1325.1267927936644,44,0.6917939078599183,1.3689567508586231
20.85999999988696,8.652851644934566,8.694078194102001,1138.2286076211933,1401.307330025152,44,0.6917939078599183,1.3689567508586231
20.879999999886202,8.651717426003096,8.70294062242962,1140.5503283673409,1439.3809193408317,44,0.6917939078599183,1.3689567508586231
20.899999999885445,8.650796675563612,8.7075821538336,1141.7672301232299,1417.05545515347,44,0.6917939078599183,1.3689567508586231
20.919999999884688,8.650254290037454,8.710340175918734,1142.4906267879146,1379.2386336836778,44,0.6917939078599183,1.3689567508586231
20.93999999988393,8.650010132748209,8.70653402649084,1141.4923787562998,1306.4040603448293,44,0.6917939078599183,1.3689567508586231
20.959999999883173,8.649555107191876,8.671768431411785,1132.3945149323063,1182.0590237314416,44,0.6917939078599183,1.3689567508586231
20.979999999882416,8.64854179736611,8.622260108882505,1119.501431416304,1192.7261946478152,44,0.6917939078599183,1.3689567508586231
20.99999999988166,8.647354099611569,8.587240625063721,1110.4261432404899,1304.651990930354,44,0.6917939078599183,1.3689567508586231
21.019999999880902,8.646171413319747,8.58334136578804,1109.4179366255692,1387.99455932896,44,0.6917939078599183,1.3689567508586231
21.039999999880145,8.645050791154222,8.594407327280946,1112.2803859864664,1381.791678447788,44,0.6917939078599183,1.3689567508586231
21.059999999879388,8.644191615995164,8.605806324577728,1115.2328383902752,1350.9068469099486,44,0.6917939078599183,1.3689567508586231
21.07999999987863,8.643620240467536,8.621525754681873,1119.3107446221245,1295.5298614867,44,0.6917939078599183,1.3689567508586231
21.099999999877873,8.643016424802328,8.624438523278501,1120.0671870482079,1189.5150606109473,44,0.6917939078599183,1.3689567508586231
21.119999999877116,8.641975138223373,8.603756592228288,1114.7016489796958,1171.5643325303804,44,0.6917939078599183,1.3689567508586231
21.13999999987636,8.640781126863821,8.594775392420972,1112.375657338348,1251.6152183874638,44,0.6917939078599183,1.3689567508586231
21.159999999875602,8.63967263529908,8.60700880495371,1115.5445208157648,1349.426441659699,44,0.6917939078599183,1.3689567508586231
21.179999999874845,8.638650197671518,8.63107824347013,1121.7924693245347,1367.8252716315199,44,0.6917939078599183,1.3689567508586231
21.199999999874088,8.637955467372512,8.656862023122669,1128.504783059231,1347.543545308368,44,0.6917939078599183,1.3689567508586231
21.21999999987333,8.637656034023852,8.68559668357768,1136.0088923695632,1308.6723309185534,44,0.6917939078599183,1.3689567508586231
21.239999999872573,8.637494208384275,8.700239481525418,1139.8424506084762,1292.1350224786265,44,0.6917939078599183,1.3689567508586231
21.259999999871816,8.636885659628026,8.685660681742975,1136.02563336166,1288.0924146620907,44,0.6917939078599183,1.3689567508586231
21.27999999987106,8.635880467192447,8.672620289540898,1132.617004003709,1323.049349742138,44,0.6917939078599183,1.3689567508586231
21.299999999870302,8.63484448502288,8.696926051416062,1138.9744126375554,1402.4601025068937,44,0.6917939078599183,1.3689567508586231
21.319999999869545,8.63374130507012,8.72396879392351,1146.068615532923,1424.8228572165524,44,0.6917939078599183,1.3689567508586231
21.339999999868787,8.632789626039676,8.741330455785421,1150.6347609446543,1390.77962103556,44,0.6917939078599183,1.3689567508586231
21.35999999986803,8.632115443469349,8.758684387542482,1155.2079453648892,1342.9161567292222,44,0.6917939078599183,1.3689567508586231
21.379999999867273,8.631607780232457,8.761528706372339,1155.9583578886159,1300.4888551917295,44,0.6917939078599183,1.3689567508586231
21.399999999866516,8.630803689180226,8.736972506085666,1149.4877597000882,1288.776496212058,44,0.6917939078599183,1.3689567508586231
21.41999999986576,8.629656642411407,8.720293400576278,1145.1031453995597,1315.9521805917464,44,0.6917939078599183,1.3689567508586231
21.439999999865,8.62853066948034,8.735993276494426,1149.230107670252,1386.187788358712,44,0.6917939078599183,1.3689567508586231
21.459999999864245,8.62742885566784,8.76225925119709,1156.151135800107,1428.1747341837888,44,0.6917939078599183,1.3689567508586231
21.479999999863487,8.626530188543242,8.774805960100318,1159.4644998197732,1408.6643630777212,44,0.6917939078599183,1.3689567508586231
21.49999999986273,8.626016756172117,8.784060064493072,1161.9113832072624,1373.7609956856033,44,0.6917939078599183,1.3689567508586231
21.519999999861973,8.625849742823139,8.783032217478397,1161.639482226272,1309.4711566233586,44,0.6917939078599183,1.3689567508586231
21.539999999861216,8.625592304347087,8.742568475800258,1150.9607089788642,1272.4973242682377,44,0.6917939078599183,1.3689567508586231
21.55999999986046,8.624860085898527,8.700761328756235,1139.979192008911,1293.174194721682,44,0.6917939078599183,1.3689567508586231
21.5799999998597,8.62395165792359,8.671391872180953,1132.2961718197773,1341.2392356102303,44,0.6917939078599183,1.3689567508586231
21.599999999858944,8.622999772829221,8.666956542554457,1131.1381518727305,1408.4110228931188,44,0.6917939078599183,1.3689567508586231
21.619999999858187,8.622047526289842,8.669467612309745,1131.7936941629841,1402.6438575343882,44,0.6917939078599183,1.3689567508586231
21.63999999985743,8.621330726106587,8.666024266740015,1130.894819390259,1362.2763260445972,44,0.6917939078599183,1.3689567508586231
21.659999999856673,8.6208766713176,8.662451427030431,1129.9625180531677,1302.6514428014686,44,0.6917939078599183,1.3689567508586231
21.679999999855916,8.620397692848421,8.640369477089429,1124.20895672701,1193.7979541810976,44,0.6917939078599183,1.3689567508586231
21.69999999985516,8.619488368754281,8.604912880354654,1115.0012862086808,1166.593848370167,44,0.6917939078599183,1.3689567508586231
21.7199999998544,8.618403020792286,8.577990681628126,1108.03518962996,1233.2011993611868,44,0.6917939078599183,1.3689567508586231
21.739999999853644,8.617357565943706,8.565946929834103,1104.9259457566968,1334.3679269347256,44,0.6917939078599183,1.3689567508586231
21.759999999852887,8.616352993168627,8.575846842650659,1107.4814114140206,1361.343046975895,44,0.6917939078599183,1.3689567508586231
21.77999999985213,8.615633575274586,8.588616690803539,1110.7820530997951,1340.6348707309223,44,0.6917939078599183,1.3689567508586231
21.799999999851373,8.61529894445395,8.605260726983486,1115.091434077275,1305.1193359259278,44,0.6917939078599183,1.3689567508586231
21.819999999850616,8.615175054425801,8.61700882761709,1118.1382095675785,1226.4248030467838,44,0.6917939078599183,1.3689567508586231
21.83999999984986,8.614741834024548,8.604544501231647,1114.905821115739,1139.7176240133008,44,0.6917939078599183,1.3689567508586231
21.8599999998491,8.61397667091642,8.58430641791907,1109.6674213626602,1181.8462379046832,44,0.6917939078599183,1.3689567508586231
21.879999999848344,8.61316699289863,8.581433075199461,1108.9246889785447,1282.029283077631,44,0.6917939078599183,1.3689567508586231
21.899999999847587,8.612276066003878,8.594005032001062,1112.1762590445005,1348.205430080058,44,0.6917939078599183,1.3689567508586231
21.91999999984683,8.611507154342817,8.613338159959678,1117.1858049297166,1337.9088633049507,44,0.6917939078599183,1.3689567508586231
21.939999999846073,8.611021993099227,8.635315213980546,1122.894108793989,1304.002658435029,44,0.6917939078599183,1.3689567508586231
21.959999999845316,8.610725396726641,8.654649959127648,1127.928129335823,1273.3508866789482,44,0.6917939078599183,1.3689567508586231
21.97999999984456,8.610175062892216,8.653629485207446,1127.6621559257947,1262.1474456100539,44,0.6917939078599183,1.3689567508586231
21.9999999998438,8.609233705158006,8.642723294309008,1124.821556187128,1287.8332205802874,44,0.6917939078599183,1.3689567508586231
22.019999999843044,8.608237392401998,8.659385163853091,1129.162709990513,1346.1876596653588,44,0.6917939078599183,1.3689567508586231
22.039999999842287,8.607209926651256,8.6896172658015,1137.0608579302561,1400.3080267506625,44,0.6917939078599183,1.3689567508586231
22.05999999984153,8.606292382334571,8.711989415872285,1142.9233124313962,1385.8613509766917,44,0.6917939078599183,1.3689567508586231
22.079999999840773,8.605694769643288,8.73207906110354,1148.2004991804884,1349.4765507441173,44,0.6917939078599183,1.3689567508586231
22.099999999840016,8.60543099135349,8.748593280185755,1152.5475887346092,1292.4023292921618,44,0.6917939078599183,1.3689567508586231
22.11999999983926,8.60517776554273,8.735314075519401,1149.0514152556038,1266.3585741094219,44,0.6917939078599183,1.3689567508586231
22.1399999998385,8.6045454953705,8.71560027582319,1143.870924065148,1285.0342921846827,44,0.6917939078599183,1.3689567508586231
22.159999999837744,8.603781726457735,8.708562348944232,1142.0242974990351,1311.5680479293646,44,0.6917939078599183,1.3689567508586231
22.179999999836987,8.602979685191011,8.726454391053993,1146.7217748333094,1383.0425753715883,44,0.6917939078599183,1.3689567508586231
22.19999999983623,8.6021535916575,8.742487475998757,1150.9393818008514,1398.1388437299588,44,0.6917939078599183,1.3689567508586231
22.219999999835473,8.601563230819126,8.745709155635414,1151.787799642179,1365.5840387593316,44,0.6917939078599183,1.3689567508586231
22.239999999834716,8.60127490185067,8.745281360721714,1151.675123379408,1315.0615231530383,44,0.6917939078599183,1.3689567508586231
22.25999999983396,8.601051360614798,8.720882948748683,1145.2579833748234,1262.241313794379,44,0.6917939078599183,1.3689567508586231
22.2799999998332,8.60042811397777,8.680893775673573,1134.7790174387032,1272.0859645638907,44,0.6917939078599183,1.3689567508586231
22.299999999832444,8.599550110172519,8.65337233037794,1127.5951367724313,1294.4474967687147,44,0.6917939078599183,1.3689567508586231
22.319999999831687,8.59864340880321,8.640735796588075,1124.3042832966212,1364.5279957967705,44,0.6917939078599183,1.3689567508586231
22.33999999983093,8.597681884844697,8.645509451555114,1125.5468911922032,1391.377341062284,44,0.6917939078599183,1.3689567508586231
22.359999999830173,8.596902768271683,8.646355003606693,1125.767064457421,1361.5602780413747,44,0.6917939078599183,1.3689567508586231
22.379999999829415,8.596447013736956,8.646983945667953,1125.9308486206837,1318.2358522306718,44,0.6917939078599183,1.3689567508586231
22.39999999982866,8.596221611368867,8.641486317469973,1124.4996024241273,1242.706416214952,44,0.6917939078599183,1.3689567508586231
22.4199999998279,8.595801386264299,8.614511603522672,1117.4902266919817,1147.2767485998288,44,0.6917939078599183,1.3689567508586231
22.439999999827144,8.595105374951908,8.588518126547033,1110.7565582423758,1165.8708947335497,44,0.6917939078599183,1.3689567508586231
22.459999999826387,8.594391452796899,8.56673331926467,1105.128828631603,1243.9270858841478,44,0.6917939078599183,1.3689567508586231
22.47999999982563,8.593610038447036,8.558711736411821,1103.0601913220958,1327.3719268559053,44,0.6917939078599183,1.3689567508586231
22.499999999824873,8.592927975622949,8.566278845755793,1105.0115754301034,1333.308958893937,44,0.6917939078599183,1.3689567508586231
22.519999999824115,8.59255862843093,8.576190834739881,1107.5702591959498,1305.6580039824637,44,0.6917939078599183,1.3689567508586231
22.539999999823358,8.592460311834083,8.587847055646993,1110.5829852764223,1252.3644082398853,44,0.6917939078599183,1.3689567508586231
22.5599999998226,8.592249879416167,8.586880069242177,1110.3328974069184,1152.1844185250018,44,0.6917939078599183,1.3689567508586231
22.579999999821844,8.591620447898626,8.565454807789628,1104.7989912471378,1152.6941097914375,44,0.6917939078599183,1.3689567508586231
22.599999999821087,8.590855169424623,8.558221649325224,1102.9338685542725,1216.252620064154,44,0.6917939078599183,1.3689567508586231
22.61999999982033,8.590004779578011,8.56255269272682,1104.050470427075,1311.7347819028294,44,0.6917939078599183,1.3689567508586231
22.639999999819572,8.589139955562324,8.579908593798248,1108.5307256653991,1331.0376586039665,44,0.6917939078599183,1.3689567508586231
22.659999999818815,8.588503417687189,8.600191148848854,1113.7779635954835,1303.0670695456176,44,0.6917939078599183,1.3689567508586231
22.679999999818058,8.588153105552383,8.623587019308902,1119.8460260830668,1258.6353884997602,44,0.6917939078599183,1.3689567508586231
22.6999999998173,8.587870845964552,8.636488575218173,1123.1992858264914,1246.1818241523877,44,0.6917939078599183,1.3689567508586231
22.719999999816544,8.587272394004644,8.632099655149126,1122.0579934446048,1262.1441488139055,44,0.6917939078599183,1.3689567508586231
22.739999999815787,8.586554069469935,8.635114383221898,1122.8418793043156,1275.3227978738598,44,0.6917939078599183,1.3689567508586231
22.75999999981503,8.585823139705028,8.657799974931535,1128.7493382899615,1340.8691019922353,44,0.6917939078599183,1.3689567508586231
22.779999999814272,8.585054169850089,8.683937653459347,1135.574957191425,1375.0449518805299,44,0.6917939078599183,1.3689567508586231
22.799999999813515,8.584495193699686,8.702264991216873,1140.3732476486484,1351.999009346434,44,0.6917939078599183,1.3689567508586231
22.819999999812758,8.584278756174038,8.7200208811004,1145.0315748643704,1310.911649869331,44,0.6917939078599183,1.3689567508586231
22.839999999812,8.584253585279383,8.72380359712877,1146.025212106394,1258.8449252725143,44,0.6917939078599183,1.3689567508586231
22.859999999811244,8.58395349119181,8.702443251858156,1140.419967841312,1257.4990371565407,44,0.6917939078599183,1.3689567508586231
22.879999999810487,8.583336006491972,8.686811676974528,1136.326738083942,1276.5994879134405,44,0.6917939078599183,1.3689567508586231
22.89999999980973,8.582640948769038,8.68940686752574,1137.0057961846428,1328.2616556518599,44,0.6917939078599183,1.3689567508586231
22.919999999808972,8.58181210584066,8.707500078102862,1141.745706137251,1381.0557718763414,44,0.6917939078599183,1.3689567508586231
22.939999999808215,8.581039185080115,8.714015304748475,1143.4549257588537,1364.414867364797,44,0.6917939078599183,1.3689567508586231
22.959999999807458,8.580525986754965,8.713680030775118,1143.3669380085996,1321.1271054519236,44,0.6917939078599183,1.3689567508586231
22.9799999998067,8.580237308950872,8.706961513924481,1141.6044751716333,1255.5737087496234,44,0.6917939078599183,1.3689567508586231
22.999999999805944,8.579837652671173,8.675967240588594,1133.4913753055637,1239.9020400521856,44,0.6917939078599183,1.3689567508586231
23.019999999805187,8.579157724835452,8.653718413369658,1127.6853326607259,1263.5985286363605,44,0.6917939078599183,1.3689567508586231
23.03999999980443,8.578464171410449,8.637814589308885,1123.5442159224385,1289.5630556865792,44,0.6917939078599183,1.3689567508586231
23.059999999803672,8.577715297421166,8.63319705999413,1122.3433076089186,1354.4427910751333,44,0.6917939078599183,1.3689567508586231
23.079999999802915,8.577014558366995,8.638201635120991,1123.644906397264,1362.5408864152414,44,0.6917939078599183,1.3689567508586231
23.099999999802158,8.57661031823621,8.638494243216822,1123.7210317712645,1330.5127011471768,44,0.6917939078599183,1.3689567508586231
23.1199999998014,8.57654010491367,8.637711781934373,1123.5174712076957,1281.4509304122414,44,0.6917939078599183,1.3689567508586231
23.139999999800644,8.57653743480305,8.620258738559308,1118.9817818394333,1186.380022562089,44,0.6917939078599183,1.3689567508586231
23.159999999799886,8.576178601704274,8.587369885175079,1110.459573044888,1137.428136581204,44,0.6917939078599183,1.3689567508586231
23.17999999979913,8.575642959987324,8.565931630580709,1104.9219988429304,1175.1285320795719,44,0.6917939078599183,1.3689567508586231
23.199999999798372,8.575011530363126,8.541163717709678,1098.5415959958364,1269.7028893011409,44,0.6917939078599183,1.3689567508586231
23.219999999797615,8.57426427084411,8.538054501266627,1097.741943391086,1324.6065283052585,44,0.6917939078599183,1.3689567508586231
23.239999999796858,8.573653586455064,8.544604080112912,1099.4267546214066,1306.6067295271216,44,0.6917939078599183,1.3689567508586231
23.2599999997961,8.573305022971695,8.553874566538546,1101.8136995857228,1267.247128124985,44,0.6917939078599183,1.3689567508586231
23.279999999795344,8.573077384554441,8.562102684951677,1103.934426004785,1194.1354906328504,44,0.6917939078599183,1.3689567508586231
23.299999999794586,8.572591551973943,8.554038710349053,1101.8559863022208,1126.292991950689,44,0.6917939078599183,1.3689567508586231
23.31999999979383,8.57192243428332,8.549039115395592,1100.5683550590365,1155.032477603983,44,0.6917939078599183,1.3689567508586231
23.339999999793072,8.571247015374498,8.54974682306335,1100.750577386471,1228.8363584834317,44,0.6917939078599183,1.3689567508586231
23.359999999792315,8.570501368355439,8.560215690391585,1103.4478892777975,1302.6455652515886,44,0.6917939078599183,1.3689567508586231
23.379999999791558,8.569891476888035,8.579001741846866,1108.2964061234936,1302.0404966777587,44,0.6917939078599183,1.3689567508586231
23.3999999997908,8.569613027451892,8.60116449016651,1114.030085307326,1273.3068225410886,44,0.6917939078599183,1.3689567508586231
23.419999999790043,8.56961294803132,8.622974249300638,1119.6868849560562,1236.6593563803465,44,0.6917939078599183,1.3689567508586231
23.439999999789286,8.569519637926726,8.628192320893621,1121.042420515825,1227.8575966565802,44,0.6917939078599183,1.3689567508586231
23.45999999978853,8.56910526503392,8.620678843787678,1119.090850851419,1253.6991169284427,44,0.6917939078599183,1.3689567508586231
23.479999999787772,8.568619617800797,8.626177405759117,1120.5188944956346,1273.5540579480398,44,0.6917939078599183,1.3689567508586231
23.499999999787015,8.567990713220587,8.647326019629446,1126.019933843105,1340.3025171630356,44,0.6917939078599183,1.3689567508586231
23.519999999786258,8.567311521213426,8.666575242803908,1131.0386259998313,1351.8126506533097,44,0.6917939078599183,1.3689567508586231
23.5399999997855,8.566837812930048,8.679045835938826,1134.295938140292,1314.5070709220677,44,0.6917939078599183,1.3689567508586231
23.559999999784743,8.566603737353407,8.689873414853245,1137.1278945659114,1259.3406287980895,44,0.6917939078599183,1.3689567508586231
23.579999999783986,8.566355637492302,8.680587862126053,1134.6990399232106,1233.8615508875084,44,0.6917939078599183,1.3689567508586231
23.59999999978323,8.56579527845621,8.670080907927083,1131.9538305624199,1260.2260727246726,44,0.6917939078599183,1.3689567508586231
23.619999999782472,8.565156757678368,8.66703931914324,1131.1597585819197,1269.5260383322118,44,0.6917939078599183,1.3689567508586231
23.639999999781715,8.564456960979886,8.680037382324892,1134.5551305229803,1332.334458605401,44,0.6917939078599183,1.3689567508586231
23.659999999780958,8.563713080260717,8.698090640550419,1139.2794689362504,1362.1547584445593,44,0.6917939078599183,1.3689567508586231
23.6799999997802,8.563177150080342,8.70339532303782,1140.669511640745,1335.4399958826257,44,0.6917939078599183,1.3689567508586231
23.699999999779443,8.562973890137373,8.706028342146908,1141.3597845323054,1293.022579355413,44,0.6917939078599183,1.3689567508586231
23.719999999778686,8.562962280847374,8.693769563806772,1138.1477973068324,1231.8839604044417,44,0.6917939078599183,1.3689567508586231
23.73999999977793,8.56273664385205,8.662631101838988,1130.0093934455156,1237.0059306271382,44,0.6917939078599183,1.3689567508586231
23.759999999777172,8.562315480633888,8.643803412559196,1125.102721317104,1248.990573880422,44,0.6917939078599183,1.3689567508586231
23.779999999776415,8.561853979846296,8.623954362138509,1119.9414332885895,1286.0766196192105,44,0.6917939078599183,1.3689567508586231
23.799999999775657,8.56124577086334,8.61832590360627,1118.4800417657375,1343.2718377760564,44,0.6917939078599183,1.3689567508586231
23.8199999997749,8.560684676529576,8.617785363409773,1118.3397443417086,1335.3360367311645,44,0.6917939078599183,1.3689567508586231
23.839999999774143,8.560384612620874,8.61285119891469,1117.0594867523807,1292.9944204104459,44,0.6917939078599183,1.3689567508586231
23.859999999773386,8.560279285698853,8.604366536824449,1114.8597032761127,1227.6924679017993,44,0.6917939078599183,1.3689567508586231
23.87999999977263,8.560022178824617,8.580789532090852,1108.7583731484378,1137.6501575376847,44,0.6917939078599183,1.3689567508586231
23.89999999977187,8.559490081120728,8.558147942968585,1102.9148709423073,1145.29807342843,44,0.6917939078599183,1.3689567508586231
23.919999999771115,8.558923665075266,8.541710172548873,1098.682167607487,1190.9226070158218,44,0.6917939078599183,1.3689567508586231
23.939999999770357,8.558238223262506,8.525852264427328,1094.6064901202985,1281.5241247659621,44,0.6917939078599183,1.3689567508586231
23.9599999997696,8.557561416766779,8.530237768353809,1095.7328609556953,1305.296623435244,44,0.6917939078599183,1.3689567508586231
23.979999999768843,8.557140953871759,8.539669923363007,1098.1573739436242,1278.8970135022455,44,0.6917939078599183,1.3689567508586231
23.999999999768086,8.557017129072687,8.551848826404832,1101.291895361793,1236.0736483837884,44,0.6917939078599183,1.3689567508586231
24.01999999976733,8.556957172757132,8.558150462465534,1102.9155203330586,1152.1617390424196,44,0.6917939078599183,1.3689567508586231
24.03999999976657,8.556633655343774,8.546684531272305,1099.962199471206,1123.3849594250316,44,0.6917939078599183,1.3689567508586231
24.059999999765814,8.556242264189303,8.547020817704862,1100.048761608823,1148.2688116426643,44,0.6917939078599183,1.3689567508586231
24.079999999765057,8.55577221846904,8.54520277426401,1099.580826927419,1228.221545770367,44,0.6917939078599183,1.3689567508586231
24.0999999997643,8.555202023596381,8.553678343916868,1101.7631497930481,1291.0601209033282,44,0.6917939078599183,1.3689567508586231
24.119999999763543,8.554776130528873,8.569506948639807,1105.8445539558352,1280.2298274695943,44,0.6917939078599183,1.3689567508586231
24.139999999762786,8.554628543138335,8.588426897582876,1110.7329610092897,1243.1873345191802,44,0.6917939078599183,1.3689567508586231
24.15999999976203,8.554596673897755,8.602895124297103,1114.4784367959942,1218.1694150528006,44,0.6917939078599183,1.3689567508586231
24.17999999976127,8.55430089542133,8.601904136686711,1114.2216928288133,1231.8864592648154,44,0.6917939078599183,1.3689567508586231
24.199999999760514,8.55381151441367,8.602465559866978,1114.3671420898954,1242.9890443875079,44,0.6917939078599183,1.3689567508586231
24.219999999759757,8.553266476317443,8.615031393405529,1117.6250869521984,1282.7192286602942,44,0.6917939078599183,1.3689567508586231
24.239999999759,8.552580034695355,8.6381177354782,1123.623079412336,1337.323730850838,44,0.6917939078599183,1.3689567508586231
24.259999999758243,8.551955307233323,8.654664935507395,1127.9320329702134,1326.357320865398,44,0.6917939078599183,1.3689567508586231
24.279999999757486,8.551604308896376,8.668412880902128,1131.5183218346758,1285.4097899065755,44,0.6917939078599183,1.3689567508586231
24.29999999975673,8.551487042984427,8.678015248664835,1134.026571766298,1227.9539396151135,44,0.6917939078599183,1.3689567508586231
24.31999999975597,8.551294353680733,8.668359372272917,1131.504352539883,1224.6189025962915,44,0.6917939078599183,1.3689567508586231
24.339999999755214,8.55088896231209,8.662724751831417,1130.0338261939326,1249.0148816624853,44,0.6917939078599183,1.3689567508586231
24.359999999754457,8.550493353248015,8.661591622320222,1129.7382169099226,1257.460322894278,44,0.6917939078599183,1.3689567508586231
24.3799999997537,8.549977370574803,8.67425754890792,1133.04468624444,1319.8487430255573,44,0.6917939078599183,1.3689567508586231
24.399999999752943,8.549433647206259,8.687927935343719,1136.6187936218805,1341.2148999193314,44,0.6917939078599183,1.3689567508586231
24.419999999752186,8.549120038104327,8.689190264148946,1136.9491119416089,1309.5677744397165,44,0.6917939078599183,1.3689567508586231
24.43999999975143,8.549080070137757,8.685509673075588,1135.986131881688,1258.7849064920958,44,0.6917939078599183,1.3689567508586231
24.45999999975067,8.549060630949127,8.660369529651298,1129.4194423814038,1211.2893442326022,44,0.6917939078599183,1.3689567508586231
24.479999999749914,8.548743919226382,8.635423694087327,1122.9223214150527,1238.4164548448794,44,0.6917939078599183,1.3689567508586231
24.499999999749157,8.548327476511393,8.620434638635782,1119.0274489116543,1241.5073222632327,44,0.6917939078599183,1.3689567508586231
24.5199999997484,8.547798825724001,8.601875782880256,1114.2143473914177,1294.9245612775635,44,0.6917939078599183,1.3689567508586231
24.539999999747643,8.547148641109974,8.600494666064156,1113.8565796972314,1333.605567080123,44,0.6917939078599183,1.3689567508586231
24.559999999746886,8.54662326891303,8.59888890610811,1113.4406921483364,1307.9909486958354,44,0.6917939078599183,1.3689567508586231
24.57999999974613,8.54636916841807,8.59506875136722,1112.4515943826282,1261.3653941695327,44,0.6917939078599183,1.3689567508586231
24.59999999974537,8.546263423625811,8.585607985703952,1110.003946363396,1187.345318515854,44,0.6917939078599183,1.3689567508586231
24.619999999744614,8.545978924570125,8.563873688066698,1104.3911534173578,1121.7648142047635,44,0.6917939078599183,1.3689567508586231
24.639999999743857,8.545577827219594,8.55374821317383,1101.781148993842,1138.033231808347,44,0.6917939078599183,1.3689567508586231
24.6599999997431,8.545181173380133,8.537883202171702,1097.6978958120994,1185.345214531828,44,0.6917939078599183,1.3689567508586231
24.679999999742343,8.544662151675269,8.524679036609596,1094.3052570273449,1269.9052290965426,44,0.6917939078599183,1.3689567508586231
24.699999999741586,8.5442028339191,8.528621198868755,1095.3175945792482,1285.0785814635813,44,0.6917939078599183,1.3689567508586231
24.71999999974083,8.544029310518502,8.536792067531216,1097.417343915175,1256.2519252304505,44,0.6917939078599183,1.3689567508586231
24.73999999974007,8.544092676491866,8.54574581552783,1099.7205864511882,1206.1583284752858,44,0.6917939078599183,1.3689567508586231
24.759999999739314,8.544064707979839,8.545482593841232,1099.6528414337856,1123.7252939251457,44,0.6917939078599183,1.3689567508586231
24.779999999738557,8.54376883138373,8.532889351389297,1096.4141733207998,1126.603124567507,44,0.6917939078599183,1.3689567508586231
24.7999999997378,8.54342596428739,8.53312479496925,1096.4746797281514,1155.6193901850736,44,0.6917939078599183,1.3689567508586231
24.819999999737043,8.542913644144205,8.531183974295285,1095.975960028364,1243.1968545161913,44,0.6917939078599183,1.3689567508586231
24.839999999736285,8.542321630949715,8.541191771724227,1098.5488124720798,1282.9479249791675,44,0.6917939078599183,1.3689567508586231
24.85999999973553,8.54190605805286,8.557193830128089,1102.668965732733,1257.88118898904,44,0.6917939078599183,1.3689567508586231
24.87999999973477,8.54172979746235,8.575898474414922,1107.4947468646976,1213.7688495644666,44,0.6917939078599183,1.3689567508586231
24.899999999734014,8.541586503137585,8.587885484538257,1110.5929245704021,1201.9267423865485,44,0.6917939078599183,1.3689567508586231
24.919999999733257,8.541219503118333,8.589231636124536,1110.941122878951,1229.7826940407585,44,0.6917939078599183,1.3689567508586231
24.9399999997325,8.540828131851383,8.597433902078794,1113.063917044658,1229.5409592759975,44,0.6917939078599183,1.3689567508586231
24.959999999731743,8.540379624742561,8.613009559674772,1117.1005649067738,1274.2069254899814,44,0.6917939078599183,1.3689567508586231
24.979999999730985,8.539841955461776,8.635445005310999,1122.9278639058753,1321.3985735263454,44,0.6917939078599183,1.3689567508586231
24.99999999973023,8.539443792362126,8.650824604688136,1126.931261445524,1305.972043291665,44,0.6917939078599183,1.3689567508586231
25.01999999972947,8.539349534607686,8.664202389829928,1130.419368475342,1264.7056584719169,44,0.6917939078599183,1.3689567508586231
25.039999999728714,8.539431649419372,8.668265552765241,1131.4798596451499,1213.3587587030868,44,0.6917939078599183,1.3689567508586231
25.059999999727957,8.539330926157492,8.656871734370602,1128.5073149687983,1223.7861911199518,44,0.6917939078599183,1.3689567508586231
25.0799999997272,8.539045298318754,8.65142831191941,1127.0885551884417,1238.9227597465408,44,0.6917939078599183,1.3689567508586231
25.099999999726442,8.538718468481376,8.64834821046845,1126.2861607178513,1257.2293966413217,44,0.6917939078599183,1.3689567508586231
25.119999999725685,8.538202138681788,8.66039111923004,1129.4250734853176,1317.6084770883658,44,0.6917939078599183,1.3689567508586231
25.139999999724928,8.537661242962372,8.668302964542297,1131.4896264810511,1321.609763730588,44,0.6917939078599183,1.3689567508586231
25.15999999972417,8.537339338041832,8.665288308919736,1130.7027461812118,1280.0796004412814,44,0.6917939078599183,1.3689567508586231
25.179999999723414,8.537214670434718,8.656914644875123,1128.5185025986357,1220.0772173036175,44,0.6917939078599183,1.3689567508586231
25.199999999722657,8.537013226618384,8.633044465445613,1122.303632398091,1204.943921356096,44,0.6917939078599183,1.3689567508586231
25.2199999997219,8.536619529953208,8.618638109775574,1118.5610790108258,1231.3278782343482,44,0.6917939078599183,1.3689567508586231
25.239999999721142,8.53624787030127,8.608998286870852,1116.0602893482776,1232.5934740567916,44,0.6917939078599183,1.3689567508586231
25.259999999720385,8.535763874280443,8.595965825702395,1112.6838214611623,1288.1601192339613,44,0.6917939078599183,1.3689567508586231
25.279999999719628,8.53524113923913,8.597271435490866,1113.0218500767294,1316.8833396598193,44,0.6917939078599183,1.3689567508586231
25.29999999971887,8.534931794629623,8.596486928161012,1112.8187312227187,1289.040842272121,44,0.6917939078599183,1.3689567508586231
25.319999999718114,8.534918464005877,8.593203626431425,1111.9688440645743,1242.5973774813551,44,0.6917939078599183,1.3689567508586231
25.339999999717357,8.53500128576738,8.579403070164329,1108.4001014365447,1161.4786094394524,44,0.6917939078599183,1.3689567508586231
25.3599999997166,8.53485941141118,8.556131913583927,1102.3953083198367,1112.3057547767198,44,0.6917939078599183,1.3689567508586231
25.379999999715842,8.534632586880814,8.547292069338017,1100.1185858819615,1133.119320615808,44,0.6917939078599183,1.3689567508586231
25.399999999715085,8.534323221094523,8.525527572003451,1094.523119295694,1190.0700204078214,44,0.6917939078599183,1.3689567508586231
25.419999999714328,8.533845078717778,8.51197907997505,1091.0471221473538,1268.3668377590832,44,0.6917939078599183,1.3689567508586231
25.43999999971357,8.533415878485856,8.514918106653234,1091.800688424077,1270.2524456309714,44,0.6917939078599183,1.3689567508586231
25.459999999712814,8.53322651709063,8.521485184041051,1093.4854267641704,1232.9636105680966,44,0.6917939078599183,1.3689567508586231
25.479999999712057,8.533169321601676,8.52789435455869,1095.1309075595702,1172.208456982042,44,0.6917939078599183,1.3689567508586231
25.4999999997113,8.532941189156617,8.523560895075924,1094.018206240558,1111.5784923981014,44,0.6917939078599183,1.3689567508586231
25.519999999710542,8.532575188158207,8.522530791768652,1093.753790067968,1125.8580383525848,44,0.6917939078599183,1.3689567508586231
25.539999999709785,8.532213962578611,8.52551494867364,1094.5198780848773,1157.772422200336,44,0.6917939078599183,1.3689567508586231
25.559999999709028,8.531711528114709,8.527600557661314,1095.0554515308713,1241.1227145526484,44,0.6917939078599183,1.3689567508586231
25.57999999970827,8.531222893719615,8.540044711396645,1098.253767663312,1265.713163938908,44,0.6917939078599183,1.3689567508586231
25.599999999707514,8.530989366316316,8.557695671948188,1102.7983029051616,1238.4042862225028,44,0.6917939078599183,1.3689567508586231
25.619999999706756,8.531011032192074,8.57676106495395,1107.7175486009282,1193.2582138615053,44,0.6917939078599183,1.3689567508586231
25.639999999706,8.531024482754102,8.586568284180476,1110.2522676733636,1192.6608336044046,44,0.6917939078599183,1.3689567508586231
25.659999999705242,8.530829672713892,8.58662549411351,1110.2670623311085,1222.3516811277439,44,0.6917939078599183,1.3689567508586231
25.679999999704485,8.53062580102759,8.593485669647576,1112.0418385912938,1219.648901409603,44,0.6917939078599183,1.3689567508586231
25.699999999703728,8.530285989799191,8.60677275138174,1115.483332390422,1267.3076552589139,44,0.6917939078599183,1.3689567508586231
25.71999999970297,8.529822938429719,8.625523597439898,1120.3490447980766,1308.2982003808302,44,0.6917939078599183,1.3689567508586231
25.739999999702214,8.52948090726889,8.636868033676093,1123.2979872439228,1284.6478211620235,44,0.6917939078599183,1.3689567508586231
25.759999999701456,8.529377795076298,8.645551303826247,1125.5577885969074,1234.9499892835443,44,0.6917939078599183,1.3689567508586231
25.7799999997007,8.529328123025545,8.641933732571161,1124.616047931174,1198.6577767526405,44,0.6917939078599183,1.3689567508586231
25.799999999699942,8.52905773930086,8.63682861028951,1123.2877325753193,1226.1016986324523,44,0.6917939078599183,1.3689567508586231
25.819999999699185,8.52872028413292,8.637033823897404,1123.341112508451,1228.7279206785058,44,0.6917939078599183,1.3689567508586231
25.839999999698428,8.52832714030008,8.63810594446875,1123.620011928953,1257.8080625856571,44,0.6917939078599183,1.3689567508586231
25.85999999969767,8.527795697878087,8.653014681255152,1127.501930317848,1311.2137170078065,44,0.6917939078599183,1.3689567508586231
25.879999999696913,8.527330879850297,8.659893995561758,1129.2954147174219,1303.6463507497638,44,0.6917939078599183,1.3689567508586231
25.899999999696156,8.527140086777566,8.658796890119616,1129.0092962810038,1262.1630856781483,44,0.6917939078599183,1.3689567508586231
25.9199999996954,8.527151059373885,8.650444835909896,1126.8323196835713,1200.6009015575282,44,0.6917939078599183,1.3689567508586231
25.939999999694642,8.527068480725344,8.628358892320426,1121.0857054661462,1201.424405116907,44,0.6917939078599183,1.3689567508586231
25.959999999693885,8.526847472487274,8.616422398170874,1117.9860252372514,1221.3183402702073,44,0.6917939078599183,1.3689567508586231
25.979999999693128,8.52664829993279,8.604544730224026,1114.9058804576225,1222.2235645457315,44,0.6917939078599183,1.3689567508586231
25.99999999969237,8.526289795642471,8.589646082240924,1111.048335342556,1277.300516894313,44,0.6917939078599183,1.3689567508586231
26.019999999691613,8.525871863233496,8.588047601117601,1110.634855084192,1301.74942841586,44,0.6917939078599183,1.3689567508586231
26.039999999690856,8.525647505713708,8.583877400334144,1109.5565085136031,1268.7161001149163,44,0.6917939078599183,1.3689567508586231
26.0599999996901,8.525646327209715,8.575781178919206,1107.4644519032188,1214.1005874685814,44,0.6917939078599183,1.3689567508586231
26.079999999689342,8.52561445586565,8.557969629411781,1102.8689117871272,1132.0729827857979,44,0.6917939078599183,1.3689567508586231
26.099999999688585,8.52536624400267,8.53781247239065,1097.6797087255816,1116.6387159711412,44,0.6917939078599183,1.3689567508586231
26.119999999687828,8.52509813169843,8.53275446888713,1096.3795107552455,1133.0126125864856,44,0.6917939078599183,1.3689567508586231
26.13999999968707,8.524704685810638,8.511302174872116,1090.873600574519,1199.649869964441,44,0.6917939078599183,1.3689567508586231
26.159999999686313,8.524194666021316,8.503369600001033,1088.8411491795728,1263.4003363189106,44,0.6917939078599183,1.3689567508586231
26.179999999685556,8.523807568906827,8.509161184917362,1090.3248582968079,1253.029817208769,44,0.6917939078599183,1.3689567508586231
26.1999999996848,8.523685082816801,8.517692719309178,1092.5123376794813,1214.2560492287803,44,0.6917939078599183,1.3689567508586231
26.219999999684042,8.523686969016687,8.524828911069804,1094.343735860561,1149.7550462650527,44,0.6917939078599183,1.3689567508586231
26.239999999683285,8.523534507198466,8.520039025459878,1093.1143132515565,1104.689839399262,44,0.6917939078599183,1.3689567508586231
26.259999999682528,8.52332388990841,8.523378623563389,1093.9714168238975,1117.940074799066,44,0.6917939078599183,1.3689567508586231
26.27999999968177,8.523108406752227,8.525465038469996,1094.5070630114333,1148.7299845458251,44,0.6917939078599183,1.3689567508586231
26.299999999681013,8.522740030472786,8.526101625726167,1094.6705204316947,1230.1899748760209,44,0.6917939078599183,1.3689567508586231
26.319999999680256,8.522383547594979,8.536575715476411,1097.361719861825,1252.4687960242659,44,0.6917939078599183,1.3689567508586231
26.3399999996795,8.522266607209046,8.552196632305561,1101.3814768351072,1222.112729399598,44,0.6917939078599183,1.3689567508586231
26.35999999967874,8.522332061897707,8.567540066534834,1105.3369830382996,1182.262225729724,44,0.6917939078599183,1.3689567508586231
26.379999999677985,8.522283549547682,8.573198737979915,1106.7975666674656,1191.9893637216524,44,0.6917939078599183,1.3689567508586231
26.399999999677227,8.522051753022268,8.57556062897685,1107.4074896101904,1216.7298251343086,44,0.6917939078599183,1.3689567508586231
26.41999999967647,8.52181410785374,8.583279817810137,1109.402026228225,1216.4099720382922,44,0.6917939078599183,1.3689567508586231
26.439999999675713,8.52140139224149,8.598455254815407,1113.3283909369657,1269.1790455388823,44,0.6917939078599183,1.3689567508586231
26.459999999674956,8.520900689814138,8.615941595988337,1117.8612599695175,1297.0399837066473,44,0.6917939078599183,1.3689567508586231
26.4799999996742,8.520565452109688,8.62663348908158,1120.6373857963265,1265.3492353918507,44,0.6917939078599183,1.3689567508586231
26.49999999967344,8.520464993666973,8.635539872512233,1122.9525365449167,1213.7638577129255,44,0.6917939078599183,1.3689567508586231
26.519999999672685,8.520397465074938,8.632181474098354,1122.0792642928925,1189.8347340517846,44,0.6917939078599183,1.3689567508586231
26.539999999671927,8.520169033033108,8.631464173171748,1121.8927911382937,1220.5242378489752,44,0.6917939078599183,1.3689567508586231
26.55999999967117,8.519954493030124,8.634006778959892,1122.5538496071879,1218.0629712379982,44,0.6917939078599183,1.3689567508586231
26.579999999670413,8.519678918033536,8.635211952708499,1122.8672537741318,1245.8724868174488,44,0.6917939078599183,1.3689567508586231
26.599999999669656,8.519281628020384,8.649056831165245,1126.4707375554106,1297.5522547524108,44,0.6917939078599183,1.3689567508586231
26.6199999996689,8.518969461136862,8.654512125073891,1127.8922028294567,1289.4997408205936,44,0.6917939078599183,1.3689567508586231
26.63999999966814,8.518922677221772,8.651026196097725,1126.9837841399226,1245.9804074644765,44,0.6917939078599183,1.3689567508586231
26.659999999667384,8.519011129661278,8.636706984313621,1123.2560959617244,1181.995398776261,44,0.6917939078599183,1.3689567508586231
26.679999999666627,8.518933501445028,8.615017836574324,1117.6215695087812,1201.5254264763405,44,0.6917939078599183,1.3689567508586231
26.69999999966587,8.518738633586883,8.604759252384532,1114.9614731722093,1214.0737055252366,44,0.6917939078599183,1.3689567508586231
26.719999999665113,8.518518546854178,8.589357663619026,1110.973724201009,1220.7678702071023,44,0.6917939078599183,1.3689567508586231
26.739999999664356,8.518109231467681,8.57581466059319,1107.4730994737054,1276.2022136036635,44,0.6917939078599183,1.3689567508586231
26.7599999996636,8.5176563026858,8.574131985567528,1107.038543789403,1288.116001205498,44,0.6917939078599183,1.3689567508586231
26.77999999966284,8.517406412727084,8.569457145190222,1105.8317003077125,1248.4504728515064,44,0.6917939078599183,1.3689567508586231
26.799999999662084,8.517349656355114,8.561447335175997,1103.7654405305718,1190.094074091987,44,0.6917939078599183,1.3689567508586231
26.819999999661327,8.517240673222975,8.545544067759344,1099.6686627080398,1119.303131686977,44,0.6917939078599183,1.3689567508586231
26.83999999966057,8.517001854440124,8.532675365137202,1096.3591826586257,1113.6246940815101,44,0.6917939078599183,1.3689567508586231
26.859999999659813,8.516809974028735,8.530913544029017,1095.9064783775107,1125.3958051924076,44,0.6917939078599183,1.3689567508586231
26.879999999659056,8.516504818950231,8.511769138355966,1090.993303083087,1189.7568594529102,44,0.6917939078599183,1.3689567508586231
26.8999999996583,8.516120105883303,8.504589609239257,1089.1536115605727,1249.83262233754,44,0.6917939078599183,1.3689567508586231
26.91999999965754,8.515893018334527,8.51006907786131,1090.5575371785465,1239.1836644229404,44,0.6917939078599183,1.3689567508586231
26.939999999656784,8.515928485554232,8.51746250761493,1092.4532827861658,1199.5290740892383,44,0.6917939078599183,1.3689567508586231
26.959999999656027,8.516032714353225,8.521629268327002,1093.522405153618,1131.4081491666227,44,0.6917939078599183,1.3689567508586231
26.97999999965527,8.515947576279999,8.513592017698572,1091.4606470812405,1100.3249183631406,44,0.6917939078599183,1.3689567508586231
26.999999999654513,8.515809210648753,8.517389226439931,1092.4344847190807,1115.0933280643792,44,0.6917939078599183,1.3689567508586231
27.019999999653756,8.515596661594614,8.516418433680707,1092.18547248746,1152.4763546497486,44,0.6917939078599183,1.3689567508586231
27.039999999653,8.51520313838849,8.51653449296833,1092.2152406658527,1230.7774302427204,44,0.6917939078599183,1.3689567508586231
27.05999999965224,8.514818738916855,8.526887084447235,1094.8722206106704,1242.1872131930406,44,0.6917939078599183,1.3689567508586231
27.079999999651484,8.51465218910597,8.542048589176915,1098.7692273817975,1205.63520007161,44,0.6917939078599183,1.3689567508586231
27.099999999650727,8.514616947178132,8.556218598727375,1102.4176459323198,1174.0197334752695,44,0.6917939078599183,1.3689567508586231
27.11999999964997,8.514455556217172,8.562243449495663,1103.970724589178,1193.165024998289,44,0.6917939078599183,1.3689567508586231
27.139999999649213,8.514211323498758,8.570259960259259,1106.0389059504475,1208.5463857071618,44,0.6917939078599183,1.3689567508586231
27.159999999648456,8.514000320347964,8.580270625173624,1108.6242770979889,1208.3627337746948,44,0.6917939078599183,1.3689567508586231
27.1799999996477,8.51364865039258,8.596737491589066,1112.883603243582,1259.6945042029495,44,0.6917939078599183,1.3689567508586231
27.19999999964694,8.513260400301192,8.61412524992903,1117.389991947847,1284.6531794042526,44,0.6917939078599183,1.3689567508586231
27.219999999646184,8.513080456064355,8.625273389376682,1120.2840478629435,1253.8945922718237,44,0.6917939078599183,1.3689567508586231
27.239999999645427,8.513137744481009,8.633360447684497,1122.3857898584977,1202.1585109641728,44,0.6917939078599183,1.3689567508586231
27.25999999964467,8.513190523815865,8.628502080492412,1121.1229147539793,1183.5278141495985,44,0.6917939078599183,1.3689567508586231
27.279999999643913,8.51307461039032,8.62696798346133,1120.724292044293,1214.9796903928805,44,0.6917939078599183,1.3689567508586231
27.299999999643155,8.512958533983351,8.627086934536031,1120.7551979844343,1211.1533664993367,44,0.6917939078599183,1.3689567508586231
27.3199999996424,8.512718186086568,8.62625962378368,1120.5402544294031,1241.7007075216568,44,0.6917939078599183,1.3689567508586231
27.33999999964164,8.512323710165441,8.637586060129859,1123.4847658756594,1289.3189129741138,44,0.6917939078599183,1.3689567508586231
27.359999999640884,8.511996202986142,8.639608050022623,1124.0108250583814,1273.9643582617516,44,0.6917939078599183,1.3689567508586231
27.379999999640127,8.511891396521927,8.632802524716409,1122.2407282498557,1224.3334633077416,44,0.6917939078599183,1.3689567508586231
27.39999999963937,8.511854431455417,8.614642461015439,1117.5241770972152,1172.148040385171,44,0.6917939078599183,1.3689567508586231
27.419999999638613,8.511659647134314,8.600169174812729,1113.772272055489,1201.3400576175413,44,0.6917939078599183,1.3689567508586231
27.439999999637855,8.511437819916779,8.595932902997127,1112.6752982789856,1206.1378292241616,44,0.6917939078599183,1.3689567508586231
27.4599999996371,8.51120275038603,8.582639357769157,1109.2364715280448,1214.992678995096,44,0.6917939078599183,1.3689567508586231
27.47999999963634,8.510826507684618,8.572754007005514,1106.682740356238,1268.2336684407696,44,0.6917939078599183,1.3689567508586231
27.499999999635584,8.51046609412384,8.572655378621118,1106.6572760298961,1276.3582834583015,44,0.6917939078599183,1.3689567508586231
27.519999999634827,8.510349936593395,8.569262264535086,1105.7814047633995,1237.9310054599596,44,0.6917939078599183,1.3689567508586231
27.53999999963407,8.510432435646877,8.56131871085258,1103.7322755735318,1179.8351697112469,44,0.6917939078599183,1.3689567508586231
27.559999999633312,8.51044751706958,8.544298116263379,1099.348019827761,1115.012256614748,44,0.6917939078599183,1.3689567508586231
27.579999999632555,8.510342168331265,8.531762156966886,1096.1245198961258,1108.854831535175,44,0.6917939078599183,1.3689567508586231
27.599999999631798,8.51026083625292,8.527406756272457,1095.0056788300005,1120.6663233885947,44,0.6917939078599183,1.3689567508586231
27.61999999963104,8.510021091608799,8.505888382224567,1089.4862957616015,1185.757703993814,44,0.6917939078599183,1.3689567508586231
27.639999999630284,8.509668538211898,8.496903075158755,1087.1857251668694,1243.2427841440979,44,0.6917939078599183,1.3689567508586231
27.659999999629527,8.509444509355195,8.500912707254242,1088.2120387027678,1227.9951800673048,44,0.6917939078599183,1.3689567508586231
27.67999999962877,8.509428127629349,8.506559534111227,1089.6582330356168,1182.5928656397562,44,0.6917939078599183,1.3689567508586231
27.699999999628012,8.50940517057381,8.509236132050281,1090.3440651446222,1114.545405921541,44,0.6917939078599183,1.3689567508586231
27.719999999627255,8.509220364271988,8.502899057358432,1088.7206482393083,1102.4600031331904,44,0.6917939078599183,1.3689567508586231
27.739999999626498,8.509043533144325,8.510988264243561,1090.793135683065,1112.2101897605817,44,0.6917939078599183,1.3689567508586231
27.75999999962574,8.508788452072759,8.511459468949223,1090.91392097162,1152.3581741186788,44,0.6917939078599183,1.3689567508586231
27.779999999624984,8.508402098938467,8.513903289427075,1091.5404599386716,1224.4205054474023,44,0.6917939078599183,1.3689567508586231
27.799999999624227,8.508083499662552,8.525853056966575,1094.6066936233892,1229.9031262166102,44,0.6917939078599183,1.3689567508586231
27.81999999962347,8.50801510682589,8.54209464161719,1098.7810749240102,1193.7852702602693,44,0.6917939078599183,1.3689567508586231
27.839999999622712,8.508085459157488,8.556150743453955,1102.4001605085186,1166.2553114899251,44,0.6917939078599183,1.3689567508586231
27.859999999621955,8.508037190155394,8.561650602125347,1103.8178526259783,1188.748474916154,44,0.6917939078599183,1.3689567508586231
27.879999999621198,8.507929574289971,8.569575871212532,1105.8623421339998,1201.1632894597742,44,0.6917939078599183,1.3689567508586231
27.89999999962044,8.507833909019517,8.577734158341908,1107.9689194301866,1200.0026363339698,44,0.6917939078599183,1.3689567508586231
27.919999999619684,8.507570758999822,8.591837647296057,1111.6153541249353,1249.6371800979364,44,0.6917939078599183,1.3689567508586231
27.939999999618927,8.507242531278793,8.607030311602838,1115.5500957268898,1273.8546571848917,44,0.6917939078599183,1.3689567508586231
27.95999999961817,8.507090190947114,8.61553181408609,1117.7549295318922,1239.7455699401623,44,0.6917939078599183,1.3689567508586231
27.979999999617412,8.50711597314442,8.619556670012486,1118.7995205069071,1181.81330110977,44,0.6917939078599183,1.3689567508586231
27.999999999616655,8.507069119850021,8.614714481423487,1117.5428626977,1183.2363866504772,44,0.6917939078599183,1.3689567508586231
28.019999999615898,8.506883823235627,8.615994039062704,1117.874868292868,1210.8352042510971,44,0.6917939078599183,1.3689567508586231
28.03999999961514,8.506721293729292,8.61725106656719,1118.201076030523,1205.943142752563,44,0.6917939078599183,1.3689567508586231
28.059999999614384,8.506427444369475,8.6189611648607,1118.6449353260396,1240.0004307417007,44,0.6917939078599183,1.3689567508586231
28.079999999613626,8.506019432015908,8.63103832608488,1121.782093119533,1281.7884784971054,44,0.6917939078599183,1.3689567508586231
28.09999999961287,8.505726379746104,8.633334738162727,1122.379105101361,1262.1338247450149,44,0.6917939078599183,1.3689567508586231
28.119999999612112,8.505675010500442,8.628033698168775,1121.0012018776144,1213.3379077716975,44,0.6917939078599183,1.3689567508586231
28.139999999611355,8.50569824758019,8.61114427357735,1116.6167650205725,1165.287138444383,44,0.6917939078599183,1.3689567508586231
28.159999999610598,8.505595066822314,8.599145119900966,1113.5070456309961,1196.042293646703,44,0.6917939078599183,1.3689567508586231
28.17999999960984,8.50549547732287,8.59551728644911,1112.5677043524095,1198.8559618967367,44,0.6917939078599183,1.3689567508586231
28.199999999609084,8.505373365374549,8.581773708832769,1109.0127266150457,1204.9431565064517,44,0.6917939078599183,1.3689567508586231
28.219999999608326,8.505099165700432,8.569870031552846,1105.9382633769994,1256.826054175864,44,0.6917939078599183,1.3689567508586231
28.23999999960757,8.504821798199597,8.567817050309397,1105.4084540454608,1266.1654527779847,44,0.6917939078599183,1.3689567508586231
28.259999999606812,8.504760299562289,8.56208093359582,1103.9288170928328,1225.325978111744,44,0.6917939078599183,1.3689567508586231
28.279999999606055,8.504840112238549,8.550210017517317,1100.8698500115977,1161.6765409912207,44,0.6917939078599183,1.3689567508586231
28.299999999605298,8.504799193432076,8.53157541343598,1096.0765363918474,1107.0260760545425,44,0.6917939078599183,1.3689567508586231
28.31999999960454,8.504660429473189,8.52258271390771,1093.7671171443408,1108.8619729686327,44,0.6917939078599183,1.3689567508586231
28.339999999603783,8.504532444991565,8.517286902232133,1092.4082368117008,1120.7470549386617,44,0.6917939078599183,1.3689567508586231
28.359999999603026,8.504238967265566,8.496899108636677,1087.1847101275928,1187.9996924047985,44,0.6917939078599183,1.3689567508586231
28.37999999960227,8.503858671175136,8.490620964300582,1085.5787169653458,1236.942806235213,44,0.6917939078599183,1.3689567508586231
28.399999999601512,8.503635419332591,8.496235103381059,1087.0147968109375,1216.6808407131966,44,0.6917939078599183,1.3689567508586231
28.419999999600755,8.503623641021461,8.50313380284357,1088.7807632148965,1170.6824538642052,44,0.6917939078599183,1.3689567508586231
28.439999999599998,8.50361313592097,8.506528302052766,1089.6502316322233,1106.6906168354146,44,0.6917939078599183,1.3689567508586231
28.45999999959924,8.50348995507252,8.50271587281589,1088.6737384396627,1098.7815644871418,44,0.6917939078599183,1.3689567508586231
28.479999999598483,8.503409447375065,8.511848903476327,1091.0137509167803,1105.7881457677377,44,0.6917939078599183,1.3689567508586231
28.499999999597726,8.503258404088324,8.512715584748504,1091.2359375028245,1141.2486203567973,44,0.6917939078599183,1.3689567508586231
28.51999999959697,8.502979260699226,8.513908107246491,1091.541695293627,1212.9015999787498,44,0.6917939078599183,1.3689567508586231
28.539999999596212,8.50276101132922,8.52436693598131,1094.2251303493138,1221.0138486558212,44,0.6917939078599183,1.3689567508586231
28.559999999595455,8.502772913155832,8.538887885005185,1097.956250978969,1183.6785166401185,44,0.6917939078599183,1.3689567508586231
28.579999999594698,8.502872430753762,8.550064237568833,1100.8323109613118,1157.661021838353,44,0.6917939078599183,1.3689567508586231
28.59999999959394,8.50281869273334,8.554260337799755,1101.9130832373824,1187.299251154663,44,0.6917939078599183,1.3689567508586231
28.619999999593183,8.502712614025029,8.562761260262851,1104.1042562311438,1196.3830992690375,44,0.6917939078599183,1.3689567508586231
28.639999999592426,8.502581517430308,8.570420613192201,1106.0803726178376,1197.523038706716,44,0.6917939078599183,1.3689567508586231
28.65999999959167,8.50227191691271,8.584698069465048,1109.7686789026716,1247.2693578696149,44,0.6917939078599183,1.3689567508586231
28.679999999590912,8.501907343796546,8.599028954581401,1113.4769612385844,1264.6249330446872,44,0.6917939078599183,1.3689567508586231
28.699999999590155,8.501725392448906,8.607199565648749,1115.5939699126975,1226.7832573571877,44,0.6917939078599183,1.3689567508586231
28.719999999589398,8.501711483443543,8.611148251014344,1116.6177965382694,1167.6574433579367,44,0.6917939078599183,1.3689567508586231
28.73999999958864,8.501635694858813,8.608980104566399,1116.0555750886474,1181.7061046807241,44,0.6917939078599183,1.3689567508586231
28.759999999587883,8.501482614304527,8.613120725127398,1117.1294012363892,1204.6197601145902,44,0.6917939078599183,1.3689567508586231
28.779999999587126,8.50138497276745,8.615747943728355,1117.8110103423207,1198.8870550412782,44,0.6917939078599183,1.3689567508586231
28.79999999958637,8.50118018746397,8.617428924456647,1118.2472352834586,1228.7830257518667,44,0.6917939078599183,1.3689567508586231
28.81999999958561,8.500877485576826,8.629103738494944,1121.2792700713865,1271.4414575888568,44,0.6917939078599183,1.3689567508586231
28.839999999584855,8.500695051964165,8.631402101678981,1121.8766554494973,1254.4692612720303,44,0.6917939078599183,1.3689567508586231
28.859999999584097,8.500743500178015,8.624430717068527,1120.06515944359,1204.8117392463007,44,0.6917939078599183,1.3689567508586231
28.87999999958334,8.500827173968624,8.605469716621284,1115.1455975459205,1159.0041896667299,44,0.6917939078599183,1.3689567508586231
28.899999999582583,8.500765351985523,8.59305655638715,1111.9307823788997,1192.614250911667,44,0.6917939078599183,1.3689567508586231
28.919999999581826,8.500695147178941,8.588187565505564,1110.6710566987347,1194.2818260253637,44,0.6917939078599183,1.3689567508586231
28.93999999958107,8.500559171700871,8.572417659675375,1106.5959018717533,1202.1808100328865,44,0.6917939078599183,1.3689567508586231
28.95999999958031,8.500251897639249,8.56014419068822,1103.429456128418,1252.4974352745357,44,0.6917939078599183,1.3689567508586231
28.979999999579555,8.499935847787203,8.557586876622935,1102.770262988344,1256.1725058463028,44,0.6917939078599183,1.3689567508586231
28.999999999578797,8.499822268238704,8.551466949196875,1101.193542621279,1211.6515177306474,44,0.6917939078599183,1.3689567508586231
29.01999999957804,8.499827052549232,8.539573745951145,1098.1326382476934,1145.6942551057948,44,0.6917939078599183,1.3689567508586231
29.039999999577283,8.499727535927187,8.523962100062976,1094.1211997888672,1100.935857344786,44,0.6917939078599183,1.3689567508586231
29.059999999576526,8.499594390660906,8.520066466116337,1093.1213544922255,1104.9079197787241,44,0.6917939078599183,1.3689567508586231
29.07999999957577,8.499498472360354,8.51703157034144,1092.342741194875,1114.3398941111636,44,0.6917939078599183,1.3689567508586231
29.09999999957501,8.499272692667411,8.498804818410873,1087.6724388491525,1177.0748728274402,44,0.6917939078599183,1.3689567508586231
29.119999999574254,8.498986981494623,8.492629764960975,1086.0924530561574,1226.5323926306894,44,0.6917939078599183,1.3689567508586231
29.139999999573497,8.498873861880702,8.498013849669022,1087.4699927676409,1208.5120810679364,44,0.6917939078599183,1.3689567508586231
29.15999999957274,8.49897046559449,8.504018675408734,1089.007381395589,1162.6993659989012,44,0.6917939078599183,1.3689567508586231
29.179999999571983,8.499045525479607,8.505179995781694,1089.3048343670007,1101.783448354894,44,0.6917939078599183,1.3689567508586231
29.199999999571226,8.498996433619654,8.500422534451012,1088.086547103147,1096.5533209462385,44,0.6917939078599183,1.3689567508586231
29.21999999957047,8.498967126041352,8.50789649716357,1090.0007798139015,1103.3719153861543,44,0.6917939078599183,1.3689567508586231
29.23999999956971,8.498828474290066,8.507085967828665,1089.793105561193,1139.8756421364285,44,0.6917939078599183,1.3689567508586231
29.259999999568954,8.498534752760989,8.507251005920201,1089.8353901036592,1209.8082285501412,44,0.6917939078599183,1.3689567508586231
29.279999999568197,8.49828162458968,8.51709110445869,1092.3580122168457,1214.0234833287248,44,0.6917939078599183,1.3689567508586231
29.29999999956744,8.4982300015865,8.530928138441677,1095.9102280638674,1172.9242597505522,44,0.6917939078599183,1.3689567508586231
29.319999999566683,8.498231959705793,8.541863385874375,1098.7215822574499,1152.0871569541414,44,0.6917939078599183,1.3689567508586231
29.339999999565926,8.498106671628122,8.547650378573099,1100.210823495473,1185.3706320999777,44,0.6917939078599183,1.3689567508586231
29.35999999956517,8.497984694783487,8.559091875619842,1103.1581793727537,1191.0909616230917,44,0.6917939078599183,1.3689567508586231
29.37999999956441,8.497857359442065,8.568275725154804,1105.5268124605475,1191.2555654300954,44,0.6917939078599183,1.3689567508586231
29.399999999563654,8.49759210690457,8.583270556439025,1109.3996321367933,1238.7891959921333,44,0.6917939078599183,1.3689567508586231
29.419999999562897,8.497305931390729,8.598164169782496,1113.2530128053693,1256.8383351693096,44,0.6917939078599183,1.3689567508586231
29.43999999956214,8.497223887238672,8.606976834473972,1115.536233516874,1221.1767498927802,44,0.6917939078599183,1.3689567508586231
29.459999999561383,8.497315487921398,8.61055399477012,1116.4636860334704,1162.8906685978045,44,0.6917939078599183,1.3689567508586231
29.479999999560626,8.497338237274413,8.607897929500782,1115.775009541857,1177.376489489891,44,0.6917939078599183,1.3689567508586231
29.49999999955987,8.497278488063204,8.610953708033355,1116.5673438704948,1199.7101635756487,44,0.6917939078599183,1.3689567508586231
29.51999999955911,8.497248834085294,8.611749428480447,1116.773712769293,1194.1729418904463,44,0.6917939078599183,1.3689567508586231
29.539999999558354,8.497082124459666,8.61122097519191,1116.6366570784542,1222.4070890929956,44,0.6917939078599183,1.3689567508586231
29.559999999557597,8.496786298330843,8.620861733825018,1119.1383349863183,1263.9961047147196,44,0.6917939078599183,1.3689567508586231
29.57999999955684,8.49658025226379,8.621151701118752,1119.2136218849885,1244.5164312030956,44,0.6917939078599183,1.3689567508586231
29.599999999556083,8.496567856006596,8.611607916744626,1116.7370105197756,1190.6766278570947,44,0.6917939078599183,1.3689567508586231
29.619999999555326,8.496552676183867,8.593240924685162,1111.9784969455964,1156.6273202881237,44,0.6917939078599183,1.3689567508586231
29.63999999955457,8.496420118512374,8.584360041181288,1109.6812848409809,1189.769965719899,44,0.6917939078599183,1.3689567508586231
29.65999999955381,8.496317220200671,8.581991363264796,1109.068981791265,1189.7251990383193,44,0.6917939078599183,1.3689567508586231
29.679999999553054,8.496163459373552,8.568528698042305,1105.5920933752716,1197.0969211112886,44,0.6917939078599183,1.3689567508586231
29.699999999552297,8.49587644238519,8.558307800590805,1102.956074014887,1245.5037150891826,44,0.6917939078599183,1.3689567508586231
29.71999999955154,8.495615899612964,8.557109516707714,1102.6472368024608,1249.0927488338355,44,0.6917939078599183,1.3689567508586231
29.739999999550783,8.495579908148468,8.552217031692201,1101.3867310485793,1206.474380447823,44,0.6917939078599183,1.3689567508586231
29.759999999550026,8.495673747537957,8.540782095148959,1098.443431646075,1141.9608342918314,44,0.6917939078599183,1.3689567508586231
29.77999999954927,8.495670744586283,8.525126555338852,1094.4201551837148,1099.5210150932069,44,0.6917939078599183,1.3689567508586231
29.79999999954851,8.49563547688895,8.520474072294302,1093.225948435749,1100.3615102066792,44,0.6917939078599183,1.3689567508586231
29.819999999547754,8.49561939782743,8.516299676945014,1092.1550128574718,1109.496222966597,44,0.6917939078599183,1.3689567508586231
29.839999999546997,8.495452826662188,8.496594916948442,1087.1068684047802,1169.5571621625888,44,0.6917939078599183,1.3689567508586231
29.85999999954624,8.495195236249247,8.48816111312964,1084.9497935288255,1220.6363009258123,44,0.6917939078599183,1.3689567508586231
29.879999999545483,8.49507577526477,8.492099629371538,1085.9568629485293,1201.7595978174686,44,0.6917939078599183,1.3689567508586231
29.899999999544725,8.495125621474207,8.496630325595445,1087.1159292259545,1152.2347763119587,44,0.6917939078599183,1.3689567508586231
29.91999999954397,8.495117443128123,8.495940542065782,1086.9394253189998,1097.6309308338748,44,0.6917939078599183,1.3689567508586231
29.93999999954321,8.495008646291078,8.494144397177514,1086.4798895411884,1096.3972208544428,44,0.6917939078599183,1.3689567508586231
29.959999999542454,8.494936443231028,8.503067037393839,1088.7636653651832,1101.4779033398358,44,0.6917939078599183,1.3689567508586231
29.979999999541697,8.494765671053223,8.503636347869772,1088.9094634185628,1137.4655776166278,44,0.6917939078599183,1.3689567508586231
29.99999999954094,8.494470503270072,8.505203930010142,1089.3109651502298,1203.863934408875,44,0.6917939078599183,1.3689567508586231
30.019999999540183,8.494246410183317,8.516073888509984,1092.0971020953855,1206.3711914531393,44,0.6917939078599183,1.3689567508586231
30.039999999539425,8.494242223319691,8.530667454284036,1095.8432524511131,1166.308008175472,44,0.6917939078599183,1.3689567508586231
30.059999999538668,8.494307219939103,8.542013848967587,1098.7602900888417,1147.2387172804702,44,0.6917939078599183,1.3689567508586231
30.07999999953791,8.494265214051218,8.547930228700741,1100.2828664934852,1180.4543095722747,44,0.6917939078599183,1.3689567508586231
30.099999999537154,8.494235108023853,8.558907362704552,1103.1106171452009,1186.185962582037,44,0.6917939078599183,1.3689567508586231
30.119999999536397,8.4941945243802,8.566968733444279,1105.18956743635,1184.0517907370256,44,0.6917939078599183,1.3689567508586231
30.13999999953564,8.494004309458576,8.580009801771585,1108.5568781141358,1228.9769371537213,44,0.6917939078599183,1.3689567508586231
30.159999999534882,8.493766021507934,8.59373449812351,1112.1062389272251,1249.7209033782658,44,0.6917939078599183,1.3689567508586231
30.179999999534125,8.493699735854076,8.6007194718169,1113.9148099849424,1213.176441666104,44,0.6917939078599183,1.3689567508586231
30.199999999533368,8.493767783434176,8.60142280130501,1114.0969996655163,1153.3943750768508,44,0.6917939078599183,1.3689567508586231
30.21999999953261,8.493736140365533,8.599446288818827,1113.5850439854498,1176.9755528912392,44,0.6917939078599183,1.3689567508586231
30.239999999531854,8.493636199301271,8.60369428922286,1114.6855050986621,1196.3038923996587,44,0.6917939078599183,1.3689567508586231
30.259999999531097,8.493562102691715,8.604932245748966,1115.0063048449326,1190.9253681525033,44,0.6917939078599183,1.3689567508586231
30.27999999953034,8.493356436314606,8.605554599618184,1115.1675968952313,1219.4641295325098,44,0.6917939078599183,1.3689567508586231
30.299999999529582,8.493041662199143,8.615681253226231,1117.79370549786,1258.225698194217,44,0.6917939078599183,1.3689567508586231
30.319999999528825,8.492837343574434,8.616604243272862,1118.0332147594588,1237.3881733555731,44,0.6917939078599183,1.3689567508586231
30.339999999528068,8.49283835060642,8.60836378024116,1115.8957820425667,1184.6289734969027,44,0.6917939078599183,1.3689567508586231
30.35999999952731,8.492854428482492,8.591927755154734,1111.6386706280148,1152.9046096490704,44,0.6917939078599183,1.3689567508586231
30.379999999526554,8.492782978059488,8.584544914519334,1109.7290816927855,1184.9121364523849,44,0.6917939078599183,1.3689567508586231
30.399999999525797,8.49275681013535,8.582536778414042,1109.2099565884787,1185.070802093015,44,0.6917939078599183,1.3689567508586231
30.41999999952504,8.492689291982519,8.569732519269978,1105.9027718527157,1188.3796609596138,44,0.6917939078599183,1.3689567508586231
30.439999999524282,8.492485803892679,8.557727037043689,1102.8063867255735,1235.5405425164163,44,0.6917939078599183,1.3689567508586231
30.459999999523525,8.492288266373533,8.555177040847719,1102.1492652487768,1243.1442951996883,44,0.6917939078599183,1.3689567508586231
30.479999999522768,8.492290694895189,8.54874305821744,1100.4921299967057,1199.9840664804422,44,0.6917939078599183,1.3689567508586231
30.49999999952201,8.492388390055599,8.53467842483597,1096.8739873514214,1132.5032196288325,44,0.6917939078599183,1.3689567508586231
30.519999999521254,8.492366263832182,8.5184210657274,1092.6991867465924,1095.2739663641153,44,0.6917939078599183,1.3689567508586231
30.539999999520496,8.492312360805634,8.514441701240136,1091.6785204359192,1099.6961357110426,44,0.6917939078599183,1.3689567508586231
30.55999999951974,8.492259285385801,8.509774105738881,1090.4819376755586,1108.9223472585911,44,0.6917939078599183,1.3689567508586231
30.579999999518982,8.492053442584426,8.490629836125022,1085.580985602437,1168.5138619915924,44,0.6917939078599183,1.3689567508586231
30.599999999518225,8.491764255097781,8.483396481354234,1083.7321127297143,1216.0032633910712,44,0.6917939078599183,1.3689567508586231
30.619999999517468,8.491620687537328,8.488327917778609,1084.9924356147264,1195.024976798093,44,0.6917939078599183,1.3689567508586231
30.63999999951671,8.491650094360548,8.493826911056116,1086.398672216991,1145.4775956630085,44,0.6917939078599183,1.3689567508586231
30.659999999515954,8.491640530104096,8.494094257184727,1086.467062838346,1094.6478764473177,44,0.6917939078599183,1.3689567508586231
30.679999999515196,8.491567501975682,8.494381209653234,1086.5404714119495,1092.9718019829352,44,0.6917939078599183,1.3689567508586231
30.69999999951444,8.491551688829318,8.503946378770383,1088.9888651525862,1096.7943268288489,44,0.6917939078599183,1.3689567508586231
30.719999999513682,8.491460216815351,8.505495532530253,1089.385660894273,1126.6575108821312,44,0.6917939078599183,1.3689567508586231
30.739999999512925,8.491249864103674,8.506135489132804,1089.549598614543,1193.594540801409,44,0.6917939078599183,1.3689567508586231
30.759999999512168,8.491099007318757,8.515742676943844,1092.0121549325754,1201.0129690457093,44,0.6917939078599183,1.3689567508586231
30.77999999951141,8.491153680033326,8.529026458007493,1095.4216906578274,1161.1609549303544,44,0.6917939078599183,1.3689567508586231
30.799999999510653,8.491251284968895,8.538808726146625,1097.9358940983336,1142.3886000400503,44,0.6917939078599183,1.3689567508586231
30.819999999509896,8.491224604034349,8.543701112268467,1099.1943987293862,1177.6553431158427,44,0.6917939078599183,1.3689567508586231
30.83999999950914,8.491197126809658,8.5541535388394,1101.8855688919182,1183.3068662198434,44,0.6917939078599183,1.3689567508586231
30.859999999508382,8.491134717148704,8.561633735390174,1103.8135035148255,1181.4024858472653,44,0.6917939078599183,1.3689567508586231
30.879999999507625,8.490911232853344,8.574295779786143,1107.0808403730173,1225.370219792347,44,0.6917939078599183,1.3689567508586231
30.899999999506868,8.490634239488381,8.587549806147742,1110.5061058161996,1243.5414815770632,44,0.6917939078599183,1.3689567508586231
30.91999999950611,8.490523493223439,8.594295553412447,1112.2514548296292,1205.1714459334196,44,0.6917939078599183,1.3689567508586231
30.939999999505353,8.490542837301204,8.595161507719933,1112.475605245656,1149.4864528429857,44,0.6917939078599183,1.3689567508586231
30.959999999504596,8.490482771995195,8.595526628792244,1112.5701228211428,1174.7823392753028,44,0.6917939078599183,1.3689567508586231
30.97999999950384,8.490394753874419,8.601726710555788,1114.1757285860194,1191.919526049701,44,0.6917939078599183,1.3689567508586231
30.999999999503082,8.490355315128994,8.604419397136168,1114.8734014402266,1186.4465218925793,44,0.6917939078599183,1.3689567508586231
31.019999999502325,8.490216004673686,8.60495165028264,1115.0113336356696,1209.9238965279555,44,0.6917939078599183,1.3689567508586231
31.039999999501568,8.489980834411952,8.615052495940482,1117.6305622082411,1250.6166955760334,44,0.6917939078599183,1.3689567508586231
31.05999999950081,8.489853724747958,8.616628408832911,1118.0394858927064,1233.9262821676298,44,0.6917939078599183,1.3689567508586231
31.079999999500053,8.489927550122156,8.607576837843455,1115.6917698547848,1181.5335169722075,44,0.6917939078599183,1.3689567508586231
31.099999999499296,8.490001208896889,8.58996003216811,1111.1295540365918,1148.7969931118262,44,0.6917939078599183,1.3689567508586231
31.11999999949854,8.489972148814761,8.58152176938278,1108.947611881297,1181.54417475163,44,0.6917939078599183,1.3689567508586231
31.139999999497782,8.489967855150795,8.578082458253697,1108.05889967547,1182.2662782076366,44,0.6917939078599183,1.3689567508586231
31.159999999497025,8.489897952416847,8.564121631492963,1104.4551035643208,1184.9973510179257,44,0.6917939078599183,1.3689567508586231
31.179999999496268,8.489672621054947,8.551058460808953,1101.0883410145786,1230.8370683657604,44,0.6917939078599183,1.3689567508586231
31.19999999949551,8.489435577534135,8.547907440157338,1100.2769998544827,1236.8111521457693,44,0.6917939078599183,1.3689567508586231
31.219999999494753,8.489381619385064,8.541220013282944,1098.5560772152003,1191.609390861219,44,0.6917939078599183,1.3689567508586231
31.239999999493996,8.489410881005883,8.527665289914687,1095.0720765300157,1123.667865938049,44,0.6917939078599183,1.3689567508586231
31.25999999949324,8.489342372688357,8.513823448660368,1091.5199877731745,1091.608277633039,44,0.6917939078599183,1.3689567508586231
31.279999999492482,8.489279264973892,8.512610827008052,1091.2090801018953,1096.654061532711,44,0.6917939078599183,1.3689567508586231
31.299999999491725,8.489239675349868,8.510194880562333,1090.58978041808,1104.0577609551747,44,0.6917939078599183,1.3689567508586231
31.319999999490967,8.489082000729406,8.493042393879634,1086.1979949328231,1158.3856568378455,44,0.6917939078599183,1.3689567508586231
31.33999999949021,8.488859375187783,8.485590129594174,1084.2926510502132,1208.1475999800323,44,0.6917939078599183,1.3689567508586231
31.359999999489453,8.488788567114488,8.49029926970931,1085.4964572137062,1190.6911631445078,44,0.6917939078599183,1.3689567508586231
31.379999999488696,8.488895721916922,8.495300726529555,1086.7757201843995,1142.2442073318039,44,0.6917939078599183,1.3689567508586231
31.39999999948794,8.488959337136263,8.494448327226547,1086.5576418793576,1092.5165462848047,44,0.6917939078599183,1.3689567508586231
31.41999999948718,8.48894684881778,8.493415512563848,1086.2934353298735,1090.6613267715222,44,0.6917939078599183,1.3689567508586231
31.439999999486425,8.488970096825613,8.501529568846106,1088.3699748183105,1094.8995361815016,44,0.6917939078599183,1.3689567508586231
31.459999999485667,8.488897043581154,8.502151722155649,1088.5292773892434,1122.9733831250464,44,0.6917939078599183,1.3689567508586231
31.47999999948491,8.48867997478169,8.50164269598661,1088.3989401947763,1189.6289239780986,44,0.6917939078599183,1.3689567508586231
31.499999999484153,8.488494945148311,8.510380219243126,1090.637283601038,1197.0239619971453,44,0.6917939078599183,1.3689567508586231
31.519999999483396,8.488491267439981,8.523038241741332,1093.8840428926646,1155.053253388773,44,0.6917939078599183,1.3689567508586231
31.53999999948264,8.488513247048497,8.532802722778543,1096.3919111419302,1140.0013123276917,44,0.6917939078599183,1.3689567508586231
31.55999999948188,8.488432104802106,8.539094274747162,1098.009328065588,1175.3131340053237,44,0.6917939078599183,1.3689567508586231
31.579999999481124,8.48837924127358,8.551252533684611,1101.138321682263,1180.1255409166,44,0.6917939078599183,1.3689567508586231
31.599999999480367,8.48831264894279,8.559999965641389,1103.392274319142,1176.8136078164678,44,0.6917939078599183,1.3689567508586231
31.61999999947961,8.488117743744349,8.573130565253592,1106.77996457753,1218.2027549953034,44,0.6917939078599183,1.3689567508586231
31.639999999478853,8.487890133333863,8.587140006148935,1110.4001210934985,1238.660234488724,44,0.6917939078599183,1.3689567508586231
31.659999999478096,8.487840733933677,8.594622399192524,1112.336055505705,1203.1448982376787,44,0.6917939078599183,1.3689567508586231
31.67999999947734,8.487933695775993,8.59572983396126,1112.6227275496183,1144.9495386712495,44,0.6917939078599183,1.3689567508586231
31.69999999947658,8.487951563933928,8.595518617966807,1112.5680490445675,1170.1543559335394,44,0.6917939078599183,1.3689567508586231
31.719999999475824,8.48793251744932,8.60074099784656,1113.9203858424792,1188.3726118972272,44,0.6917939078599183,1.3689567508586231
31.739999999475067,8.487945999298002,8.602430384997895,1114.3580289727495,1183.4570027731106,44,0.6917939078599183,1.3689567508586231
31.75999999947431,8.487844447232604,8.600946268283025,1113.9735574593094,1203.370542795499,44,0.6917939078599183,1.3689567508586231
31.779999999473553,8.487619509456445,8.609440486327184,1116.1749447150341,1244.6020648736899,44,0.6917939078599183,1.3689567508586231
31.799999999472796,8.487469613158195,8.609945939347588,1116.30600794942,1228.358510796088,44,0.6917939078599183,1.3689567508586231
31.81999999947204,8.487493603814748,8.599125420419753,1113.501943848041,1173.4135504395988,44,0.6917939078599183,1.3689567508586231
31.83999999947128,8.487498271559373,8.5820511687501,1109.0844394250462,1147.6647915908534,44,0.6917939078599183,1.3689567508586231
31.859999999470524,8.48741612166522,8.575640002090822,1107.4279894448885,1179.0540324645453,44,0.6917939078599183,1.3689567508586231
31.879999999469767,8.487375984407636,8.573659603423481,1106.9165650663795,1179.6190117444482,44,0.6917939078599183,1.3689567508586231
31.89999999946901,8.487288183574528,8.561739364983247,1103.8407403936872,1180.876927696585,44,0.6917939078599183,1.3689567508586231
31.919999999468253,8.487071742436624,8.549931721343643,1100.7981879400363,1225.0608501799409,44,0.6917939078599183,1.3689567508586231
31.939999999467496,8.486862605336045,8.547845143706779,1100.2609624552867,1232.6747588973478,44,0.6917939078599183,1.3689567508586231
31.95999999946674,8.486850608875804,8.542352449978939,1098.8474003946312,1189.760901697544,44,0.6917939078599183,1.3689567508586231
31.97999999946598,8.486939492516616,8.529594907677303,1095.5677126809207,1123.8204152818962,44,0.6917939078599183,1.3689567508586231
31.999999999465224,8.486941742932554,8.515761051894007,1092.0168675434031,1091.6091589447383,44,0.6917939078599183,1.3689567508586231
32.01999999946447,8.486946745196368,8.513625236105963,1091.4691644391507,1092.8431903193257,44,0.6917939078599183,1.3689567508586231
32.03999999946371,8.48696928287834,8.510860873304054,1090.7604823370361,1100.072777871225,44,0.6917939078599183,1.3689567508586231
32.05999999946295,8.486864890317513,8.49308538766887,1086.2089921429395,1149.997495613149,44,0.6917939078599183,1.3689567508586231
32.079999999462196,8.486668365739835,8.483271431548259,1083.7001633820912,1203.093561464971,44,0.6917939078599183,1.3689567508586231
32.09999999946144,8.48659046385699,8.486593740402515,1084.5491499288614,1187.3737844460948,44,0.6917939078599183,1.3689567508586231
32.11999999946068,8.486664332174811,8.490500963706221,1085.5480315369807,1136.8022498804619,44,0.6917939078599183,1.3689567508586231
32.139999999459924,8.486675427695925,8.488536977105833,1085.045880906686,1091.0036569674198,44,0.6917939078599183,1.3689567508586231
32.15999999945917,8.486619013796933,8.488939189354861,1085.1487087755281,1090.1885933580395,44,0.6917939078599183,1.3689567508586231
32.17999999945841,8.48660274239772,8.497793286792499,1087.4135437193577,1093.8014039555433,44,0.6917939078599183,1.3689567508586231
32.19999999945765,8.486502817353076,8.499616360352423,1087.8801701632162,1119.8630146075252,44,0.6917939078599183,1.3689567508586231
32.219999999456896,8.486277200352585,8.499995028146488,1087.9771049760589,1184.5900675359746,44,0.6917939078599183,1.3689567508586231
32.23999999945614,8.486097589560911,8.509346707950082,1090.3724029548764,1192.4728635941462,44,0.6917939078599183,1.3689567508586231
32.25999999945538,8.486112461164081,8.522620236725322,1093.7767483361454,1151.8791035505687,44,0.6917939078599183,1.3689567508586231
32.279999999454624,8.486173536665625,8.532942671695247,1096.4278759060364,1136.2473683361027,44,0.6917939078599183,1.3689567508586231
32.29999999945387,8.486148586934995,8.539485448818828,1098.1099295119968,1171.151976191869,44,0.6917939078599183,1.3689567508586231
32.31999999945311,8.48615686754105,8.551349815105393,1101.1633755347375,1176.783573176218,44,0.6917939078599183,1.3689567508586231
32.33999999945235,8.486156902988089,8.559604663587539,1103.290367038133,1171.67174053561,44,0.6917939078599183,1.3689567508586231
32.359999999451595,8.486026118869596,8.571108240399441,1106.2578671664091,1209.3659867030883,44,0.6917939078599183,1.3689567508586231
32.37999999945084,8.485838730351784,8.584495753789593,1109.7163716572961,1233.9092044538,44,0.6917939078599183,1.3689567508586231
32.39999999945008,8.485800935491183,8.590891643931261,1111.370579021908,1199.5976170223887,44,0.6917939078599183,1.3689567508586231
32.419999999449324,8.485882741191888,8.590147919472845,1111.1781618111352,1140.4782389642996,44,0.6917939078599183,1.3689567508586231
32.43999999944857,8.48587192688383,8.590035104032934,1111.1489755314233,1168.518527928029,44,0.6917939078599183,1.3689567508586231
32.45999999944781,8.485823247185806,8.595600361419287,1112.5892102077116,1186.1260425562618,44,0.6917939078599183,1.3689567508586231
32.47999999944705,8.485800825222002,8.597636445152938,1113.1163620057018,1181.5445999203214,44,0.6917939078599183,1.3689567508586231
32.499999999446295,8.4856686329811,8.596567130471815,1112.8394957631256,1200.1629878768688,44,0.6917939078599183,1.3689567508586231
32.51999999944554,8.485421486907684,8.605377140030235,1115.121604474992,1240.3172015232044,44,0.6917939078599183,1.3689567508586231
32.53999999944478,8.485255715152698,8.606640975551135,1115.449174960777,1224.386376049327,44,0.6917939078599183,1.3689567508586231
32.559999999444024,8.485273495277568,8.597046241998237,1112.9635427411938,1170.6969651835766,44,0.6917939078599183,1.3689567508586231
32.57999999944327,8.485292842055618,8.581480035838156,1108.9368258684303,1144.2681364437387,44,0.6917939078599183,1.3689567508586231
32.59999999944251,8.485247101835514,8.576109613323379,1107.5492806517261,1175.282396176879,44,0.6917939078599183,1.3689567508586231
32.61999999944175,8.485255551196126,8.574702851325656,1107.18596196233,1176.5771270881542,44,0.6917939078599183,1.3689567508586231
32.639999999440995,8.485232612557569,8.563924733150682,1104.40431893316,1174.40844465208,44,0.6917939078599183,1.3689567508586231
32.65999999944024,8.485084622258219,8.550746903790444,1101.0081063739938,1216.4512231663593,44,0.6917939078599183,1.3689567508586231
32.67999999943948,8.484925034953195,8.5475701661208,1100.1901745006705,1229.218581944258,44,0.6917939078599183,1.3689567508586231
32.699999999438724,8.484942422782133,8.541211487901855,1098.5538841784871,1187.5065496572417,44,0.6917939078599183,1.3689567508586231
32.71999999943797,8.485043827415394,8.526936393622497,1094.8848834738653,1120.476651319765,44,0.6917939078599183,1.3689567508586231
32.73999999943721,8.485042994741969,8.51211090957674,1091.0809176771575,1089.5754289962347,44,0.6917939078599183,1.3689567508586231
32.75999999943645,8.485034460104343,8.509549738154238,1090.424435426977,1092.1349641150803,44,0.6917939078599183,1.3689567508586231
32.779999999435695,8.48503094118068,8.506582183701804,1089.6640356978103,1099.387743970389,44,0.6917939078599183,1.3689567508586231
32.79999999943494,8.484897456333163,8.489181367217773,1085.2106252854758,1147.5216373040141,44,0.6917939078599183,1.3689567508586231
32.81999999943418,8.484669495789797,8.479654477418029,1082.7762608034577,1199.7485639923807,44,0.6917939078599183,1.3689567508586231
32.839999999433424,8.484557555255666,8.483526844520863,1083.7654201050823,1183.8040784508942,44,0.6917939078599183,1.3689567508586231
32.85999999943267,8.484602431809089,8.488262876178016,1084.9758082235708,1133.5814213125432,44,0.6917939078599183,1.3689567508586231
32.87999999943191,8.484604382618553,8.48742447225802,1084.7614880357903,1089.4201241763967,44,0.6917939078599183,1.3689567508586231
32.89999999943115,8.484563581174696,8.489057061484228,1085.1788443847393,1087.5223334806312,44,0.6917939078599183,1.3689567508586231
32.919999999430395,8.484580350097229,8.498502768490267,1087.5951278524253,1090.428852434486,44,0.6917939078599183,1.3689567508586231
32.93999999942964,8.484538717419042,8.501567260186208,1088.3796253673045,1110.8723235336804,44,0.6917939078599183,1.3689567508586231
32.95999999942888,8.484379799090494,8.501398547340996,1088.3364282024406,1175.2443260185303,44,0.6917939078599183,1.3689567508586231
32.979999999428124,8.484254538080375,8.509624469180428,1090.4435877669637,1189.1645851194585,44,0.6917939078599183,1.3689567508586231
32.99999999942737,8.484314064208485,8.52196064523997,1093.6074534731576,1150.1287652963406,44,0.6917939078599183,1.3689567508586231
33.01999999942661,8.484410437674603,8.531206325240026,1095.9817027553484,1132.373834586612,44,0.6917939078599183,1.3689567508586231
33.03999999942585,8.484405454837944,8.536828244944742,1097.4266452557422,1168.419724947226,44,0.6917939078599183,1.3689567508586231
33.059999999425095,8.484416890844217,8.547970286203618,1100.2931788582762,1174.9264009278586,44,0.6917939078599183,1.3689567508586231
33.07999999942434,8.484405128682596,8.555762351858911,1102.300079700759,1169.5907013553856,44,0.6917939078599183,1.3689567508586231
33.09999999942358,8.484251785537435,8.566642586242345,1105.1054192072777,1205.5162464839532,44,0.6917939078599183,1.3689567508586231
33.119999999422824,8.484029014034222,8.579765661400522,1108.4937920237232,1229.8711386649238,44,0.6917939078599183,1.3689567508586231
33.139999999422066,8.483944846924249,8.586061096354355,1110.1211117133141,1195.2057014889879,44,0.6917939078599183,1.3689567508586231
33.15999999942131,8.483980416412729,8.585648907963165,1110.0145277869947,1137.7942321696491,44,0.6917939078599183,1.3689567508586231
33.17999999942055,8.48394143857681,8.587080915358563,1110.3848391265149,1166.1605892517891,44,0.6917939078599183,1.3689567508586231
33.199999999419795,8.483889691904078,8.594058430253865,1112.19007994717,1183.137480061327,44,0.6917939078599183,1.3689567508586231
33.21999999941904,8.483884117049497,8.597479753140654,1113.0757892612246,1179.0974792676354,44,0.6917939078599183,1.3689567508586231
33.23999999941828,8.483799281764972,8.596554111678119,1112.8361251579474,1192.5728833643875,44,0.6917939078599183,1.3689567508586231
33.25999999941752,8.483611682261119,8.605319055684262,1115.1065508894426,1234.1027140969154,44,0.6917939078599183,1.3689567508586231
33.279999999416766,8.483499797314533,8.60758615262449,1115.6941845715764,1223.2840559948538,44,0.6917939078599183,1.3689567508586231
33.29999999941601,8.48357149385604,8.597930981181621,1113.1926291264567,1171.010513692563,44,0.6917939078599183,1.3689567508586231
33.31999999941525,8.483642759385937,8.581306271772952,1108.8919172001786,1140.0758447392063,44,0.6917939078599183,1.3689567508586231
33.339999999414495,8.483634137346188,8.574693833647423,1107.1836331955678,1172.4555306773564,44,0.6917939078599183,1.3689567508586231
33.35999999941374,8.483661227145081,8.572186971180601,1106.5363444590814,1174.7881598261824,44,0.6917939078599183,1.3689567508586231
33.37999999941298,8.483642554697004,8.560777742780784,1103.592795879585,1171.5288413695016,44,0.6917939078599183,1.3689567508586231
33.39999999941222,8.483482408289644,8.546360554755587,1099.8788092006625,1211.879069684655,44,0.6917939078599183,1.3689567508586231
33.419999999411466,8.48328877444233,8.542460125622062,1098.8751023296488,1225.361050115114,44,0.6917939078599183,1.3689567508586231
33.43999999941071,8.483254806770447,8.535986241074555,1097.2101733094319,1183.0357357649357,44,0.6917939078599183,1.3689567508586231
33.45999999940995,8.483300232621543,8.522234894991838,1093.6778425329549,1116.1094164113078,44,0.6917939078599183,1.3689567508586231
33.479999999409195,8.483259035338124,8.508942074445814,1090.2687073994873,1087.468373133041,44,0.6917939078599183,1.3689567508586231
33.49999999940844,8.48323204651,8.508081192650087,1090.0481053566086,1089.8928622035985,44,0.6917939078599183,1.3689567508586231
33.51999999940768,8.483230322141829,8.506931819089651,1089.7536117294276,1096.294296676668,44,0.6917939078599183,1.3689567508586231
33.53999999940692,8.483129424963941,8.491655174036438,1085.843193370475,1138.7312839656697,44,0.6917939078599183,1.3689567508586231
33.559999999406166,8.482947644063314,8.481779224933105,1083.3189514071066,1193.226085081629,44,0.6917939078599183,1.3689567508586231
33.57999999940541,8.482882827566948,8.485362049251181,1084.2343634090785,1181.7622149125075,44,0.6917939078599183,1.3689567508586231
33.59999999940465,8.48298380177869,8.48994021852471,1085.4046487779128,1133.265022839706,44,0.6917939078599183,1.3689567508586231
33.619999999403895,8.483046201347626,8.488691119390095,1085.0852876901197,1088.150456689662,44,0.6917939078599183,1.3689567508586231
33.63999999940314,8.483052797814613,8.488770914119106,1085.1056876533692,1085.4504991199472,44,0.6917939078599183,1.3689567508586231
33.65999999940238,8.483101867923613,8.497082329397932,1087.231597104903,1088.8689729774376,44,0.6917939078599183,1.3689567508586231
33.67999999940162,8.483081014914161,8.499698630573057,1087.9012300725055,1106.8619470522824,44,0.6917939078599183,1.3689567508586231
33.699999999400866,8.482922751677858,8.498482886253843,1087.5900390035397,1170.7154255022797,44,0.6917939078599183,1.3689567508586231
33.71999999940011,8.482769655882253,8.505714112857465,1089.4416532425084,1187.0506131631269,44,0.6917939078599183,1.3689567508586231
33.73999999939935,8.482780923303453,8.517500856092582,1092.463119991689,1147.390691752734,44,0.6917939078599183,1.3689567508586231
33.759999999398595,8.482821023030137,8.526734075678693,1094.8329275965914,1130.453297127547,44,0.6917939078599183,1.3689567508586231
33.77999999939784,8.48277106469251,8.533256152947015,1096.508438007482,1166.421233293037,44,0.6917939078599183,1.3689567508586231
33.79999999939708,8.48275361277624,8.545519764985128,1099.662407995406,1172.9343519349097,44,0.6917939078599183,1.3689567508586231
33.81999999939632,8.482731751308357,8.554452178060743,1101.9625074203007,1166.8300363886226,44,0.6917939078599183,1.3689567508586231
33.839999999395566,8.482595189970267,8.565606584243412,1104.8381447917964,1199.48595515656,44,0.6917939078599183,1.3689567508586231
33.85999999939481,8.482402417046277,8.579453811800938,1108.4132124189807,1226.42143993698,44,0.6917939078599183,1.3689567508586231
33.87999999939405,8.482354098734938,8.586583607207434,1110.2562302437511,1195.2365737422238,44,0.6917939078599183,1.3689567508586231
33.899999999393295,8.482441050103573,8.586787908632939,1110.3090637429282,1134.6123492654694,44,0.6917939078599183,1.3689567508586231
33.91999999939254,8.482462129927665,8.587513207583983,1110.4966402892849,1161.684479053175,44,0.6917939078599183,1.3689567508586231
33.93999999939178,8.482461056692788,8.59374620319399,1112.1092684112698,1180.4675754457492,44,0.6917939078599183,1.3689567508586231
33.95999999939102,8.482497855711575,8.596631623612168,1112.856193308069,1177.447003566707,44,0.6917939078599183,1.3689567508586231
33.979999999390266,8.482448759231614,8.594244829998207,1112.2383258827724,1186.877157246206,44,0.6917939078599183,1.3689567508586231
33.99999999938951,8.482275498123208,8.601516677549188,1114.1213183893205,1228.8374867902626,44,0.6917939078599183,1.3689567508586231
34.01999999938875,8.48214620844411,8.603366134385706,1114.6004759350747,1220.5879222298163,44,0.6917939078599183,1.3689567508586231
34.039999999387994,8.482180189576368,8.592645499184558,1111.8244043464135,1167.1954735427018,44,0.6917939078599183,1.3689567508586231
34.05999999938724,8.482203849858623,8.576042824051783,1107.5320299110047,1138.4662565599233,44,0.6917939078599183,1.3689567508586231
34.07999999938648,8.482152784473481,8.570431162068347,1106.0830954508388,1170.5452802438922,44,0.6917939078599183,1.3689567508586231
34.09999999938572,8.482145815862927,8.568934621120427,1105.6968478767317,1173.225312985397,44,0.6917939078599183,1.3689567508586231
34.119999999384966,8.48210834708255,8.559242438539737,1103.196991008355,1168.7251549291939,44,0.6917939078599183,1.3689567508586231
34.13999999938421,8.481949532370933,8.545675214238614,1099.702415685959,1206.9394418948489,44,0.6917939078599183,1.3689567508586231
34.15999999938345,8.481767160434613,8.542490636833971,1098.8829520756217,1222.7812262345878,44,0.6917939078599183,1.3689567508586231
34.179999999382694,8.481752721522298,8.537160353675867,1097.5120334232445,1183.1500254908417,44,0.6917939078599183,1.3689567508586231
34.19999999938194,8.481837659191253,8.524262466296726,1094.1983101397634,1118.0168517956286,44,0.6917939078599183,1.3689567508586231
34.21999999938118,8.481847097779152,8.511024295551266,1090.8023714580627,1088.202580630632,44,0.6917939078599183,1.3689567508586231
34.23999999938042,8.481867693807159,8.509364163028794,1090.3768762843324,1086.6233079719102,44,0.6917939078599183,1.3689567508586231
34.259999999379666,8.481913890175328,8.508005895623928,1090.0288114604527,1093.6428226297717,44,0.6917939078599183,1.3689567508586231
34.27999999937891,8.481860394093639,8.493017811241765,1086.1917070628042,1130.676686454135,44,0.6917939078599183,1.3689567508586231
34.29999999937815,8.48170490471482,8.480948084745773,1083.1066502431252,1188.263043778026,44,0.6917939078599183,1.3689567508586231
34.319999999377394,8.481635628137775,8.483104517909009,1083.6575188527777,1180.6042968459856,44,0.6917939078599183,1.3689567508586231
34.33999999937664,8.481715066756507,8.486904706736912,1084.628631629733,1131.285378191806,44,0.6917939078599183,1.3689567508586231
34.35999999937588,8.481744919358366,8.484958681219908,1084.1312835209042,1087.4048669715448,44,0.6917939078599183,1.3689567508586231
34.37999999937512,8.48171726284067,8.485378735666645,1084.2386276944987,1085.0167623201326,44,0.6917939078599183,1.3689567508586231
34.399999999374366,8.481732765303336,8.49408851845196,1086.4655947731612,1088.2453151598695,44,0.6917939078599183,1.3689567508586231
34.41999999937361,8.48168836482672,8.49773344607607,1087.3982288313157,1104.0757360875596,44,0.6917939078599183,1.3689567508586231
34.43999999937285,8.481518331737751,8.497130546323294,1087.2439361905974,1166.1371078336654,44,0.6917939078599183,1.3689567508586231
34.459999999372094,8.481358197143964,8.504666019450646,1089.1731828357024,1184.2888165166344,44,0.6917939078599183,1.3689567508586231
34.47999999937134,8.481371034558467,8.516955269261747,1092.3231694564067,1146.3833165227384,44,0.6917939078599183,1.3689567508586231
34.49999999937058,8.481434148364007,8.526802298733115,1094.8504473514122,1127.2439850054277,44,0.6917939078599183,1.3689567508586231
34.51999999936982,8.48142090308412,8.533567325436398,1096.5884097029996,1162.9348736078275,44,0.6917939078599183,1.3689567508586231
34.539999999369066,8.481444054664031,8.545691958996544,1099.7067252971544,1170.534115017269,44,0.6917939078599183,1.3689567508586231
34.55999999936831,8.481471930062611,8.554623294793236,1102.0065934951592,1163.9941887744278,44,0.6917939078599183,1.3689567508586231
34.57999999936755,8.481389941754047,8.564413559547694,1104.5304007025536,1191.7907320154698,44,0.6917939078599183,1.3689567508586231
34.599999999366794,8.48123322960267,8.57786431370901,1108.0025435068635,1222.6539765398497,44,0.6917939078599183,1.3689567508586231
34.61999999936604,8.4811950320983,8.584518325359378,1109.7222073112873,1194.5091404251846,44,0.6917939078599183,1.3689567508586231
34.63999999936528,8.481279879041738,8.58359269065434,1109.482906288262,1132.8835549353435,44,0.6917939078599183,1.3689567508586231
34.65999999936452,8.481287355324746,8.583828839775519,1109.5439546224043,1159.4572002111959,44,0.6917939078599183,1.3689567508586231
34.679999999363766,8.48126384347167,8.590004857442281,1111.1411505554738,1178.8914009608159,44,0.6917939078599183,1.3689567508586231
34.69999999936301,8.481272814182,8.593153045524375,1111.9557536667069,1176.5104318481262,44,0.6917939078599183,1.3689567508586231
34.71999999936225,8.481199538923788,8.590943084665945,1111.3838884413772,1184.0160565730594,44,0.6917939078599183,1.3689567508586231
34.739999999361494,8.481004946967554,8.59824901893163,1113.2749847135847,1225.298720720158,44,0.6917939078599183,1.3689567508586231
34.75999999936074,8.480852525552303,8.600894864259777,1113.9602420519711,1218.5729652052737,44,0.6917939078599183,1.3689567508586231
34.77999999935998,8.480870252474135,8.591329335673896,1111.4838268981953,1166.611484130369,44,0.6917939078599183,1.3689567508586231
34.79999999935922,8.480898042922838,8.575795326344291,1107.4681058638237,1135.2713594206555,44,0.6917939078599183,1.3689567508586231
34.819999999358465,8.480866632183657,8.570899281638455,1106.203927944323,1167.5773426148853,44,0.6917939078599183,1.3689567508586231
34.83999999935771,8.480889617427927,8.570079044750916,1105.9922101722973,1171.1429792491465,44,0.6917939078599183,1.3689567508586231
34.85999999935695,8.480899008195015,8.561678514650144,1103.8250499281899,1164.7903360554415,44,0.6917939078599183,1.3689567508586231
34.879999999356194,8.480796129854658,8.547313754169686,1100.1241679812788,1199.3780998630864,44,0.6917939078599183,1.3689567508586231
34.89999999935544,8.480654769103571,8.543074383466491,1099.0331403912576,1220.3453392955103,44,0.6917939078599183,1.3689567508586231
34.91999999935468,8.48066330572043,8.537366201307483,1097.5649603842198,1183.5141083518845,44,0.6917939078599183,1.3689567508586231
34.93999999935392,8.480765478462676,8.523483639650896,1093.9983745154086,1117.90541801888,44,0.6917939078599183,1.3689567508586231
34.959999999353165,8.480779936303012,8.509148258551964,1090.3215456490602,1087.5129772397913,44,0.6917939078599183,1.3689567508586231
34.97999999935241,8.480791267771533,8.506653769050034,1089.6823754507166,1085.8159227379385,44,0.6917939078599183,1.3689567508586231
34.99999999935165,8.480819479145097,8.50504210281205,1089.2695132424888,1093.3006394401068,44,0.6917939078599183,1.3689567508586231
35.019999999350894,8.480745411293192,8.490574828647297,1085.566919536762,1127.6806049204315,44,0.6917939078599183,1.3689567508586231
35.03999999935014,8.480562937388797,8.478268836451123,1082.4224217253536,1185.3833171262015,44,0.6917939078599183,1.3689567508586231
35.05999999934938,8.48045804121789,8.480579991943067,1083.0126336056846,1179.0441925425696,44,0.6917939078599183,1.3689567508586231
35.07999999934862,8.48050624120026,8.485070791664496,1084.159932627568,1130.3430303417342,44,0.6917939078599183,1.3689567508586231
35.099999999347865,8.48052273894154,8.484212691522659,1083.940660267204,1086.5211400137725,44,0.6917939078599183,1.3689567508586231
35.11999999934711,8.480497802435197,8.485304855891757,1084.2197474630993,1082.9222676663162,44,0.6917939078599183,1.3689567508586231
35.13999999934635,8.480531003492878,8.494571217678516,1086.589080889977,1085.6878146136019,44,0.6917939078599183,1.3689567508586231
35.159999999345594,8.480527306712162,8.499440143375507,1087.8350620172766,1097.555150138327,44,0.6917939078599183,1.3689567508586231
35.17999999934484,8.480409630039821,8.498690432427786,1087.6431609338217,1157.3285081503636,44,0.6917939078599183,1.3689567508586231
35.19999999934408,8.480291244100266,8.505232679636038,1089.3183294264825,1181.7983460592784,44,0.6917939078599183,1.3689567508586231
35.21999999934332,8.48033758460679,8.51683158788893,1092.2914447275714,1146.7103139582782,44,0.6917939078599183,1.3689567508586231
35.239999999342565,8.480434971126847,8.525966476668895,1094.6358169944592,1123.7530108835663,44,0.6917939078599183,1.3689567508586231
35.25999999934181,8.48044289633598,8.531871089037827,1096.1525103332767,1160.313604217101,44,0.6917939078599183,1.3689567508586231
35.27999999934105,8.480470381971204,8.5432535391704,1099.079236237228,1169.2037346236134,44,0.6917939078599183,1.3689567508586231
35.299999999340294,8.480492804032568,8.55190138396673,1101.3054319422436,1162.928174657879,44,0.6917939078599183,1.3689567508586231
35.31999999933954,8.480397393103123,8.560957514248207,1103.6391460093043,1188.0488570387322,44,0.6917939078599183,1.3689567508586231
35.33999999933878,8.480212483792297,8.574190826007841,1107.053738064224,1219.7025865763399,44,0.6917939078599183,1.3689567508586231
35.35999999933802,8.480131584900075,8.58089748079957,1108.7862702987115,1192.5611684155242,44,0.6917939078599183,1.3689567508586231
35.379999999337265,8.480175308854607,8.58034002025952,1108.642209723055,1131.287504096719,44,0.6917939078599183,1.3689567508586231
35.39999999933651,8.48015596874291,8.581443327181745,1108.9273385786653,1157.1298632321466,44,0.6917939078599183,1.3689567508586231
35.41999999933575,8.48012074749368,8.588654374869868,1110.7918006244327,1176.7586789136108,44,0.6917939078599183,1.3689567508586231
35.439999999334994,8.480135009822375,8.593001335240064,1111.9164913299376,1175.1725809366826,44,0.6917939078599183,1.3689567508586231
35.45999999933424,8.48009337056538,8.591302581220434,1111.4769043150056,1178.530347778067,44,0.6917939078599183,1.3689567508586231
35.47999999933348,8.479943346638425,8.598344161288818,1113.2996223327154,1219.6967166533955,44,0.6917939078599183,1.3689567508586231
35.49999999933272,8.479829142793934,8.602115268161148,1114.2763900568127,1218.486181799307,44,0.6917939078599183,1.3689567508586231
35.519999999331965,8.479885807931609,8.593043824383296,1111.9274873705576,1168.8586622502914,44,0.6917939078599183,1.3689567508586231
35.53999999933121,8.47995861898289,8.576585257733038,1107.6721368781693,1131.1343890756634,44,0.6917939078599183,1.3689567508586231
35.55999999933045,8.479959409947105,8.570449086866933,1106.0877221346223,1165.0712699020125,44,0.6917939078599183,1.3689567508586231
35.579999999329694,8.479998949524292,8.568805958787953,1105.663644106667,1169.8944885366761,44,0.6917939078599183,1.3689567508586231
35.599999999328936,8.480016046143872,8.56009402680134,1103.416523601349,1163.0541697030785,44,0.6917939078599183,1.3689567508586231
35.61999999932818,8.47990929591795,8.544660914221703,1099.4413802604656,1195.0107702464388,44,0.6917939078599183,1.3689567508586231
35.63999999932742,8.479742478515817,8.539502472017377,1098.1143076123174,1217.7614252130168,44,0.6917939078599183,1.3689567508586231
35.659999999326665,8.479707189196727,8.533766489139394,1096.6395965393178,1181.7198601703274,44,0.6917939078599183,1.3689567508586231
35.67999999932591,8.479764586117009,8.52024729776209,1093.1677562502473,1116.0742618074069,44,0.6917939078599183,1.3689567508586231
35.69999999932515,8.479744099296187,8.506829285031928,1089.7273422849976,1086.3829383161856,44,0.6917939078599183,1.3689567508586231
35.71999999932439,8.479732794609388,8.50539217191685,1089.35918415684,1084.442639221233,44,0.6917939078599183,1.3689567508586231
35.739999999323636,8.47975500741933,8.505008377032773,1089.2608745103353,1091.564783062304,44,0.6917939078599183,1.3689567508586231
35.75999999932288,8.479701348980635,8.492838294369061,1086.1457898913125,1120.5167162697323,44,0.6917939078599183,1.3689567508586231
35.77999999932212,8.479551105843576,8.480261917146576,1082.9313956329754,1179.3845279537256,44,0.6917939078599183,1.3689567508586231
35.799999999321365,8.47947618516091,8.482145108594745,1083.4124169980757,1178.1524166300192,44,0.6917939078599183,1.3689567508586231
35.81999999932061,8.4795634435593,8.486676381698278,1084.5702724159758,1131.6773216266515,44,0.6917939078599183,1.3689567508586231
35.83999999931985,8.479629104661111,8.485882065218188,1084.3672596730667,1085.8277080483545,44,0.6917939078599183,1.3689567508586231
35.85999999931909,8.4796418563712,8.485424513901892,1084.2503265629634,1080.9502532849076,44,0.6917939078599183,1.3689567508586231
35.879999999318336,8.47970194710897,8.493790738481716,1086.389418966711,1084.2592201588352,44,0.6917939078599183,1.3689567508586231
35.89999999931758,8.479719014626985,8.498443904841464,1087.5800617642735,1094.3616144754515,44,0.6917939078599183,1.3689567508586231
35.91999999931682,8.479608371566167,8.496918466926996,1087.1896639492054,1152.2578692862178,44,0.6917939078599183,1.3689567508586231
35.939999999316065,8.479470663848945,8.502409422873015,1088.595265161759,1180.4555714266446,44,0.6917939078599183,1.3689567508586231
35.95999999931531,8.479478433479148,8.513483408361784,1091.4327993618224,1146.2243753590465,44,0.6917939078599183,1.3689567508586231
35.97999999931455,8.479534325929086,8.522594922140616,1093.7702506952191,1121.8592513317062,44,0.6917939078599183,1.3689567508586231
35.99999999931379,8.47950536020703,8.528973482805547,1095.4080830074472,1158.5616668877235,44,0.6917939078599183,1.3689567508586231
36.019999999313036,8.479503943743811,8.54108763776026,1098.5220256844384,1167.8692345682111,44,0.6917939078599183,1.3689567508586231
36.03999999931228,8.479512199842379,8.550763279454856,1101.0123234925056,1161.764051943979,44,0.6917939078599183,1.3689567508586231
36.05999999931152,8.479425334541038,8.55998628907063,1103.388748475563,1183.0752082135732,44,0.6917939078599183,1.3689567508586231
36.079999999310765,8.47925846028198,8.573789145154281,1106.9500147197587,1216.7455509082747,44,0.6917939078599183,1.3689567508586231
36.09999999931001,8.479196670603331,8.581385741539703,1108.9124557492682,1193.6099912035359,44,0.6917939078599183,1.3689567508586231
36.11999999930925,8.479274576477142,8.581615216787872,1108.9717635046857,1134.6761224065208,44,0.6917939078599183,1.3689567508586231
36.13999999930849,8.479301467496844,8.582036794958306,1109.080724290948,1152.7978748469686,44,0.6917939078599183,1.3689567508586231
36.159999999307736,8.479303993301928,8.588682956948663,1110.7991938178743,1174.608455726441,44,0.6917939078599183,1.3689567508586231
36.17999999930698,8.479352103843027,8.592782938324286,1111.8599718353219,1174.1661736847996,44,0.6917939078599183,1.3689567508586231
36.19999999930622,8.479342508727822,8.590250543349558,1111.2047117827808,1174.2952156332994,44,0.6917939078599183,1.3689567508586231
36.219999999305465,8.47921042179668,8.595762867251066,1112.6312791584603,1214.6860617958453,44,0.6917939078599183,1.3689567508586231
36.23999999930471,8.479085653325082,8.599471984171185,1113.5916988331865,1217.3018876072576,44,0.6917939078599183,1.3689567508586231
36.25999999930395,8.479114216429384,8.589923870111198,1111.1201987787229,1167.940809994783,44,0.6917939078599183,1.3689567508586231
36.27999999930319,8.479154766642894,8.573096923095019,1106.7712782770627,1129.0986656001332,44,0.6917939078599183,1.3689567508586231
36.299999999302436,8.479122066330307,8.56728128305998,1105.270210400377,1163.4891855044746,44,0.6917939078599183,1.3689567508586231
36.31999999930168,8.479130986438303,8.566342521338019,1105.028003220562,1168.913500743128,44,0.6917939078599183,1.3689567508586231
36.33999999930092,8.47912887381686,8.558999364071546,1103.1343323756334,1161.6642488180457,44,0.6917939078599183,1.3689567508586231
36.359999999300165,8.479019258396887,8.544307548087348,1099.3504469113168,1190.7280142514269,44,0.6917939078599183,1.3689567508586231
36.37999999929941,8.478854869068247,8.539492904357369,1098.1118469587855,1215.772551727921,44,0.6917939078599183,1.3689567508586231
36.39999999929865,8.478824849287527,8.53478752538912,1096.9020306631148,1182.8939245244508,44,0.6917939078599183,1.3689567508586231
36.41999999929789,8.478906628714348,8.522267683961667,1093.6862583157185,1119.3030638780883,44,0.6917939078599183,1.3689567508586231
36.439999999297136,8.478922523869928,8.508886400160165,1090.2544401187045,1087.4390875370225,44,0.6917939078599183,1.3689567508586231
36.45999999929638,8.478944375665957,8.50669842996867,1089.6938173983924,1082.6921157999063,44,0.6917939078599183,1.3689567508586231
36.47999999929562,8.479003093724552,8.50606926538506,1089.532633501069,1089.7523567506303,44,0.6917939078599183,1.3689567508586231
36.499999999294864,8.478990084885874,8.494841936613668,1086.6583404014411,1113.6309717534684,44,0.6917939078599183,1.3689567508586231
36.51999999929411,8.478866678131164,8.480491686434043,1082.9900796095974,1174.0334075514597,44,0.6917939078599183,1.3689567508586231
36.53999999929335,8.478790932618322,8.480846438713249,1083.080687854734,1177.9979791993583,44,0.6917939078599183,1.3689567508586231
36.55999999929259,8.478864455779446,8.484788304953351,1084.0877456810608,1131.9498500981094,44,0.6917939078599183,1.3689567508586231
36.579999999291836,8.478911306869254,8.483599775609532,1083.7840539900558,1085.489415397056,44,0.6917939078599183,1.3689567508586231
36.59999999929108,8.478898077590895,8.482819945996196,1083.584815912496,1080.4567069279465,44,0.6917939078599183,1.3689567508586231
36.61999999929032,8.478930422730814,8.491346643981096,1085.7642902196599,1083.831461683082,44,0.6917939078599183,1.3689567508586231
36.639999999289564,8.478926777070136,8.496813484180644,1087.1627988093144,1092.4599108472225,44,0.6917939078599183,1.3689567508586231
36.65999999928881,8.478804160410942,8.495812683044859,1086.9067099382157,1147.850229722406,44,0.6917939078599183,1.3689567508586231
36.67999999928805,8.47865431292553,8.501380910842318,1088.331912610339,1178.5000369207746,44,0.6917939078599183,1.3689567508586231
36.69999999928729,8.478653449854896,8.512810467257209,1091.260263413712,1146.527944536465,44,0.6917939078599183,1.3689567508586231
36.719999999286536,8.478721088116536,8.522478704329947,1093.7404206450126,1119.4099262284435,44,0.6917939078599183,1.3689567508586231
36.73999999928578,8.478715694146068,8.529164167610501,1095.4570642856854,1155.4639961783653,44,0.6917939078599183,1.3689567508586231
36.75999999928502,8.478740355309714,8.541195012970743,1098.549646235864,1166.030729893223,44,0.6917939078599183,1.3689567508586231
36.779999999284264,8.478784564208333,8.551125351985162,1101.1055677433294,1160.7060604007013,44,0.6917939078599183,1.3689567508586231
36.79999999928351,8.478743272856773,8.559344636918212,1103.223335773683,1176.7196547904875,44,0.6917939078599183,1.3689567508586231
36.81999999928275,8.478609719073539,8.572762963894938,1106.6850529013318,1213.084061892808,44,0.6917939078599183,1.3689567508586231
36.83999999928199,8.478557515902958,8.580327926160756,1108.6390844345706,1194.376431145162,44,0.6917939078599183,1.3689567508586231
36.859999999281236,8.47863789374921,8.579943444138314,1108.5397310646526,1135.6054602228985,44,0.6917939078599183,1.3689567508586231
36.87999999928048,8.478661228737808,8.579549357677033,1108.4379004477257,1150.1245043926792,44,0.6917939078599183,1.3689567508586231
36.89999999927972,8.478647723532927,8.585912785702535,1110.08276086492,1173.3617680350483,44,0.6917939078599183,1.3689567508586231
36.919999999278964,8.478674733189086,8.590200972302155,1111.1918871457735,1173.7209089919165,44,0.6917939078599183,1.3689567508586231
36.93999999927821,8.47864615656325,8.5878518899866,1110.5842356333021,1172.2164830409322,44,0.6917939078599183,1.3689567508586231
36.95999999927745,8.478496101612825,8.593086813029037,1111.9386127360015,1211.4107166449826,44,0.6917939078599183,1.3689567508586231
36.97999999927669,8.478347163215386,8.597522863245072,1113.0869518193656,1216.3076879710952,44,0.6917939078599183,1.3689567508586231
36.999999999275936,8.478354264270545,8.589067476396336,1110.8986580677233,1168.6814179969006,44,0.6917939078599183,1.3689567508586231
37.01999999927518,8.478392300794976,8.572996123847268,1106.7452524295934,1126.291249648668,44,0.6917939078599183,1.3689567508586231
37.03999999927442,8.478368721659457,8.567651524429222,1105.3657425966155,1160.9887203345802,44,0.6917939078599183,1.3689567508586231
37.059999999273664,8.478394434951174,8.56736690038896,1105.2923015989577,1167.3818748975425,44,0.6917939078599183,1.3689567508586231
37.07999999927291,8.478424457673537,8.561199246510435,1103.7014729052287,1159.950934216189,44,0.6917939078599183,1.3689567508586231
37.09999999927215,8.478360125245938,8.546400931740392,1099.8892019039865,1184.2281917703033,44,0.6917939078599183,1.3689567508586231
37.11999999927139,8.47823101693192,8.540488118320031,1098.367815301872,1213.3984663207245,44,0.6917939078599183,1.3689567508586231
37.139999999270636,8.478218916343087,8.535678173470313,1097.1309771157314,1184.6342325937314,44,0.6917939078599183,1.3689567508586231
37.15999999926988,8.47831847471591,8.522729763747886,1093.804861493144,1121.4456996631154,44,0.6917939078599183,1.3689567508586231
37.17999999926912,8.478344712727921,8.508215967760526,1090.08264017452,1087.5408859507431,44,0.6917939078599183,1.3689567508586231
37.199999999268364,8.478361175489407,8.504936753667977,1089.242528567095,1082.26339038479,44,0.6917939078599183,1.3689567508586231
37.21999999926761,8.478408006663367,8.503960239268316,1088.9924150197992,1089.579101916042,44,0.6917939078599183,1.3689567508586231
37.23999999926685,8.478381056108903,8.493403635230065,1086.290397150315,1110.8048596469564,44,0.6917939078599183,1.3689567508586231
37.25999999926609,8.478237013405753,8.478634521087933,1082.5157978128934,1171.005373780353,44,0.6917939078599183,1.3689567508586231
37.279999999265335,8.478128483680981,8.478757360131105,1082.5471651675703,1177.495139046395,44,0.6917939078599183,1.3689567508586231
37.29999999926458,8.478170892354497,8.48321825912179,1083.6865783430815,1132.4644341733883,44,0.6917939078599183,1.3689567508586231
37.31999999926382,8.478202763866607,8.483052338537568,1083.644187791214,1085.1537527614635,44,0.6917939078599183,1.3689567508586231
37.339999999263064,8.47818497334935,8.482579039647094,1083.5232706346542,1078.6833095546788,44,0.6917939078599183,1.3689567508586231
37.35999999926231,8.478224307891074,8.491575802726405,1085.8228947615,1082.4749572836183,44,0.6917939078599183,1.3689567508586231
37.37999999926155,8.47824713089764,8.498090050977465,1087.4894954442284,1088.4009371591394,44,0.6917939078599183,1.3689567508586231
37.39999999926079,8.478165443060455,8.497350042549051,1087.3001078644343,1139.6510381461662,44,0.6917939078599183,1.3689567508586231
37.419999999260035,8.478048920562532,8.50206368025242,1088.5067335212368,1175.967795348706,44,0.6917939078599183,1.3689567508586231
37.43999999925928,8.478072369280756,8.512925839125487,1091.2898427374855,1147.9675816160357,44,0.6917939078599183,1.3689567508586231
37.45999999925852,8.478170800541816,8.522103160736693,1093.6440312794057,1116.651403813529,44,0.6917939078599183,1.3689567508586231
37.479999999257764,8.478186998557835,8.528127672978853,1095.1908327176368,1152.765179022134,44,0.6917939078599183,1.3689567508586231
37.49999999925701,8.478216923531136,8.539401001391171,1098.088211083909,1164.9490964267027,44,0.6917939078599183,1.3689567508586231
37.51999999925625,8.47825983725759,8.549138583780534,1100.5939655147083,1160.5043055845074,44,0.6917939078599183,1.3689567508586231
37.53999999925549,8.47821222649682,8.556707616891977,1102.5436636709783,1173.410206752457,44,0.6917939078599183,1.3689567508586231
37.559999999254735,8.478058835301342,8.569830609430557,1105.9280885825106,1210.4222101853256,44,0.6917939078599183,1.3689567508586231
37.57999999925398,8.477969915055896,8.57757592645242,1107.92804280814,1193.9077021830049,44,0.6917939078599183,1.3689567508586231
37.59999999925322,8.478014099595134,8.577544593313556,1107.919948493357,1135.7830086914184,44,0.6917939078599183,1.3689567508586231
37.619999999252464,8.47801339743654,8.577559498888863,1107.9237990588413,1147.7469665508333,44,0.6917939078599183,1.3689567508586231
37.63999999925171,8.477984147772855,8.584643905929623,1109.7546751939692,1171.731346493374,44,0.6917939078599183,1.3689567508586231
37.65999999925095,8.478008835794869,8.589969827730634,1111.1320881916251,1172.8817709965224,44,0.6917939078599183,1.3689567508586231
37.67999999925019,8.477999364747316,8.58841566470895,1110.7300555377044,1168.8430762865012,44,0.6917939078599183,1.3689567508586231
37.699999999249435,8.477882575525456,8.593182668436803,1111.96342010172,1206.1730137354084,44,0.6917939078599183,1.3689567508586231
37.71999999924868,8.47776153550674,8.59863704989139,1113.3754691046247,1216.3305077137409,44,0.6917939078599183,1.3689567508586231
37.73999999924792,8.477795328186568,8.591059999046426,1111.4141383549593,1171.873331482141,44,0.6917939078599183,1.3689567508586231
37.759999999247164,8.477871151968074,8.574311470200367,1107.0848921513336,1122.657204711362,44,0.6917939078599183,1.3689567508586231
37.77999999924641,8.477876033390594,8.567812015266524,1105.407154816663,1158.5514533562898,44,0.6917939078599183,1.3689567508586231
37.79999999924565,8.477916168567441,8.566861033746898,1105.1617798168359,1166.3837638713715,44,0.6917939078599183,1.3689567508586231
37.81999999924489,8.477955324427123,8.560497620442334,1103.5205744188315,1159.4170639250026,44,0.6917939078599183,1.3689567508586231
37.839999999244135,8.477893525901044,8.545064697935825,1099.5452924034275,1180.2223102675687,44,0.6917939078599183,1.3689567508586231
37.85999999924338,8.477748120983017,8.53803602670126,1097.7371928279817,1211.1905788201784,44,0.6917939078599183,1.3689567508586231
37.87999999924262,8.477699986763094,8.533203138209375,1096.4948134483352,1184.5085750233561,44,0.6917939078599183,1.3689567508586231
37.899999999241864,8.477763424109337,8.520615060117274,1093.2621278361862,1121.5791521407662,44,0.6917939078599183,1.3689567508586231
37.91999999924111,8.477760720036088,8.506547949449272,1089.6552651345212,1087.0272830749764,44,0.6917939078599183,1.3689567508586231
37.93999999924035,8.477753645151365,8.503801216365973,1088.9516873798711,1081.4326732989207,44,0.6917939078599183,1.3689567508586231
37.95999999923959,8.477790062804877,8.503705817589186,1088.9272549940226,1088.424030446961,44,0.6917939078599183,1.3689567508586231
37.979999999238835,8.477773903335553,8.495275039166417,1086.7691479955465,1105.5305421830533,44,0.6917939078599183,1.3689567508586231
37.99999999923808,8.477652427996935,8.480498637305956,1082.9918549143065,1165.108249471283,44,0.6917939078599183,1.3689567508586231
38.01999999923732,8.477562774625165,8.48003215925424,1082.872716156593,1176.9215574244224,44,0.6917939078599183,1.3689567508586231
38.039999999236564,8.477630415492966,8.48459392406464,1084.0380747834315,1134.6585563326923,44,0.6917939078599183,1.3689567508586231
38.05999999923581,8.477701704879944,8.484811829088722,1084.0937569712235,1085.1319894085136,44,0.6917939078599183,1.3689567508586231
38.07999999923505,8.477714747849522,8.482954446528,1083.61917804451,1076.6383630349706,44,0.6917939078599183,1.3689567508586231
38.09999999923429,8.477775882912896,8.491181842923176,1085.7221453456402,1081.918118728728,44,0.6917939078599183,1.3689567508586231
38.119999999233535,8.477817867386195,8.497549540431136,1087.3511629848988,1086.4203411162173,44,0.6917939078599183,1.3689567508586231
38.13999999923278,8.477747992150876,8.496398484414337,1087.0566034008248,1134.3196455296443,44,0.6917939078599183,1.3689567508586231
38.15999999923202,8.477620797325168,8.500069323973577,1087.996124401803,1174.5257873110888,44,0.6917939078599183,1.3689567508586231
38.17999999923126,8.477613845396482,8.510373699682667,1090.6356125892141,1148.8439133022032,44,0.6917939078599183,1.3689567508586231
38.199999999230506,8.477681665652067,8.51947841068639,1092.9704651142936,1115.068516483235,44,0.6917939078599183,1.3689567508586231
38.21999999922975,8.477668784025477,8.525756338601143,1094.5818590481279,1151.0188719324374,44,0.6917939078599183,1.3689567508586231
38.23999999922899,8.477671586904794,8.537438601362272,1097.583575984941,1163.9618881938331,44,0.6917939078599183,1.3689567508586231
38.259999999228235,8.47769855983401,8.547982734709326,1100.2963835993858,1160.2716020856822,44,0.6917939078599183,1.3689567508586231
38.27999999922748,8.477653616896456,8.555808133242552,1102.311876418755,1169.5958294042534,44,0.6917939078599183,1.3689567508586231
38.29999999922672,8.47751103191929,8.569263525776377,1105.781730265695,1207.4453016199639,44,0.6917939078599183,1.3689567508586231
38.31999999922596,8.47743062518776,8.577897214562663,1108.0110431282396,1195.2666986667928,44,0.6917939078599183,1.3689567508586231
38.339999999225206,8.477495231715945,8.578707285708296,1108.22032755645,1139.664408149424,44,0.6917939078599183,1.3689567508586231
38.35999999922445,8.477530111284274,8.578181512867044,1108.0844902384235,1143.5241491609133,44,0.6917939078599183,1.3689567508586231
38.37999999922369,8.477529537776107,8.584806485316108,1109.796709539175,1169.8487267204432,44,0.6917939078599183,1.3689567508586231
38.399999999222935,8.477580590829524,8.59007335458689,1111.1588712205457,1172.1362911901474,44,0.6917939078599183,1.3689567508586231
38.41999999922218,8.477598494922617,8.588241612592508,1110.685036068327,1166.3306690881975,44,0.6917939078599183,1.3689567508586231
38.43999999922142,8.477501969833618,8.591479403804186,1111.5226566880915,1201.3198753025556,44,0.6917939078599183,1.3689567508586231
38.45999999922066,8.47737721540497,8.596935629882044,1112.9349034952768,1215.6153608908755,44,0.6917939078599183,1.3689567508586231
38.479999999219906,8.47738987278303,8.589364104028489,1110.9753902460495,1172.782320343105,44,0.6917939078599183,1.3689567508586231
38.49999999921915,8.47744436823613,8.57209515608476,1106.5126407772161,1120.5796959549143,44,0.6917939078599183,1.3689567508586231
38.51999999921839,8.47742408318716,8.565471079609477,1104.803188830952,1157.0262898262358,44,0.6917939078599183,1.3689567508586231
38.539999999217635,8.477437415368264,8.564951818974208,1104.6692409344842,1165.6806542924621,44,0.6917939078599183,1.3689567508586231
38.55999999921688,8.477457937394378,8.559565256818278,1103.2802083893284,1159.1636759442315,44,0.6917939078599183,1.3689567508586231
38.57999999921612,8.477391271925237,8.544983638888258,1099.5244317839772,1176.632503118675,44,0.6917939078599183,1.3689567508586231
38.59999999921536,8.477244270396879,8.537971574831017,1097.7206197079227,1209.2133040885165,44,0.6917939078599183,1.3689567508586231
38.619999999214606,8.47719272730067,8.533984932925026,1096.695739901396,1186.1234252618451,44,0.6917939078599183,1.3689567508586231
38.63999999921385,8.47726851809253,8.522547311358807,1093.758030212661,1125.5340030432756,44,0.6917939078599183,1.3689567508586231
38.65999999921309,8.477292359236232,8.508542229974841,1090.1662439749825,1088.1775120025352,44,0.6917939078599183,1.3689567508586231
38.679999999212335,8.477308246652898,8.504991560257366,1089.2565669690457,1079.8607758762914,44,0.6917939078599183,1.3689567508586231
38.69999999921158,8.477372004660785,8.504790632417041,1089.2051008664077,1086.8643581349595,44,0.6917939078599183,1.3689567508586231
38.71999999921082,8.477389130130787,8.497403701648572,1087.3138400818004,1100.4129335705545,44,0.6917939078599183,1.3689567508586231
38.73999999921006,8.477294301382784,8.481490497743392,1083.2451984115633,1159.2473354039976,44,0.6917939078599183,1.3689567508586231
38.759999999209306,8.477207643685137,8.479393060195465,1082.7095005361914,1176.8736390747215,44,0.6917939078599183,1.3689567508586231
38.77999999920855,8.477266049612156,8.48343180693771,1083.741138253632,1136.2992420874498,44,0.6917939078599183,1.3689567508586231
38.79999999920779,8.477328034664492,8.483504470650916,1083.7597036159302,1085.2940583475256,44,0.6917939078599183,1.3689567508586231
38.819999999207035,8.477322801126526,8.480988035734663,1083.1168545936853,1076.970599514387,44,0.6917939078599183,1.3689567508586231
38.83999999920628,8.477361186364575,8.489165694342086,1085.2066182193553,1081.9211452701481,44,0.6917939078599183,1.3689567508586231
38.85999999920552,8.47738515718763,8.496100961291498,1086.9804725994804,1085.51126185122,44,0.6917939078599183,1.3689567508586231
38.87999999920476,8.477304815540473,8.495502674152718,1086.8273897813388,1130.1073862993267,44,0.6917939078599183,1.3689567508586231
38.899999999204006,8.47716480479768,8.499100252904137,1087.7480592564443,1172.6584128297297,44,0.6917939078599183,1.3689567508586231
38.91999999920325,8.477143454992689,8.509587237221908,1090.4340458037998,1149.8612216299919,44,0.6917939078599183,1.3689567508586231
38.93999999920249,8.477214669182668,8.519163779687632,1092.889738097321,1113.6248960669882,44,0.6917939078599183,1.3689567508586231
38.959999999201735,8.477216819436444,8.525840014327462,1094.603344621463,1148.0380528042474,44,0.6917939078599183,1.3689567508586231
38.97999999920098,8.477235326307072,8.537414039216245,1097.5772605147986,1162.465208211345,44,0.6917939078599183,1.3689567508586231
38.99999999920022,8.477287795396041,8.548222298212318,1100.3580576943925,1159.9516881737577,44,0.6917939078599183,1.3689567508586231
39.01999999919946,8.47727934566663,8.555543282237174,1102.243631809846,1164.8431756936168,44,0.6917939078599183,1.3689567508586231
39.039999999198706,8.47716743957547,8.5685107274859,1105.5874559200117,1203.5189024839242,44,0.6917939078599183,1.3689567508586231
39.05999999919795,8.477096712941917,8.577383522101275,1107.8783393051456,1196.534229366938,44,0.6917939078599183,1.3689567508586231
39.07999999919719,8.477164999251851,8.577965682353948,1108.028731232844,1142.1208353354587,44,0.6917939078599183,1.3689567508586231
39.099999999196434,8.477203165222585,8.57654123315316,1107.6607652952266,1140.485373849628,44,0.6917939078599183,1.3689567508586231
39.11999999919568,8.4771925502094,8.582732983776165,1109.2606724629281,1168.6934666475074,44,0.6917939078599183,1.3689567508586231
39.13999999919492,8.477227711114534,8.588122197227452,1110.6541492016252,1171.8778552278668,44,0.6917939078599183,1.3689567508586231
39.15999999919416,8.47723081523849,8.586575177273609,1110.2540502423947,1165.2727310470816,44,0.6917939078599183,1.3689567508586231
39.179999999193406,8.47712065087225,8.589301673968423,1110.9592405037763,1198.1608887072603,44,0.6917939078599183,1.3689567508586231
39.19999999919265,8.476974283013588,8.595291040278848,1112.5091364126004,1214.9311709635997,44,0.6917939078599183,1.3689567508586231
39.21999999919189,8.4769631955303,8.588772300417695,1110.8223040362989,1174.3100757325928,44,0.6917939078599183,1.3689567508586231
39.239999999191134,8.477010951869472,8.572108634952412,1106.5161205680715,1118.4818577244062,44,0.6917939078599183,1.3689567508586231
39.25999999919038,8.476993542187847,8.56574217067587,1104.8731224075989,1154.711190758813,44,0.6917939078599183,1.3689567508586231
39.27999999918962,8.477014285834715,8.565754156454302,1104.8762144394257,1164.4597758401087,44,0.6917939078599183,1.3689567508586231
39.29999999918886,8.47705566983418,8.56124125370694,1103.7123039855635,1158.8532438319262,44,0.6917939078599183,1.3689567508586231
39.319999999188106,8.477024743631235,8.54726743201531,1100.1122437709555,1171.4129910567726,44,0.6917939078599183,1.3689567508586231
39.33999999918735,8.476908526830343,8.539163387679348,1098.0271020703924,1206.4206738923992,44,0.6917939078599183,1.3689567508586231
39.35999999918659,8.476871126322825,8.535146011273131,1096.9941787455925,1188.3326107644536,44,0.6917939078599183,1.3689567508586231
39.379999999185834,8.476962255386479,8.523688506331487,1094.0509648689551,1128.9522359794894,44,0.6917939078599183,1.3689567508586231
39.39999999918508,8.47700012853191,8.508761402537798,1090.222408145214,1088.733840292711,44,0.6917939078599183,1.3689567508586231
39.41999999918432,8.477014202785206,8.503896103680693,1088.975989048107,1079.3135269848938,44,0.6917939078599183,1.3689567508586231
39.43999999918356,8.477070540739561,8.503367335684606,1088.8405692963763,1086.6210398329888,44,0.6917939078599183,1.3689567508586231
39.459999999182806,8.477078544660104,8.496584238296457,1087.1041358210248,1098.2963975668706,44,0.6917939078599183,1.3689567508586231
39.47999999918205,8.476969600757984,8.480360390542291,1082.9565459295231,1155.8220602473323,44,0.6917939078599183,1.3689567508586231
39.49999999918129,8.476855361011683,8.47768977489041,1082.2745689444923,1176.685764915103,44,0.6917939078599183,1.3689567508586231
39.519999999180534,8.47688388553284,8.482041015724267,1083.3858258905286,1137.7236544757307,44,0.6917939078599183,1.3689567508586231
39.53999999917978,8.4769307522221,8.483026455551155,1083.6375750994891,1085.6276887440079,44,0.6917939078599183,1.3689567508586231
39.55999999917902,8.476917577322038,8.480647621892718,1083.0299070426431,1077.3494824408185,44,0.6917939078599183,1.3689567508586231
39.57999999917826,8.47695542491952,8.489153657735331,1085.2035408389575,1081.0997301283664,44,0.6917939078599183,1.3689567508586231
39.599999999177506,8.476994893183178,8.496881278872017,1087.1801474684535,1083.3960511672776,44,0.6917939078599183,1.3689567508586231
39.61999999917675,8.476946189484002,8.496901446712739,1087.1853084448994,1122.827981973406,44,0.6917939078599183,1.3689567508586231
39.63999999917599,8.476833586523496,8.499811389450562,1087.9300949394988,1169.5758655573222,44,0.6917939078599183,1.3689567508586231
39.659999999175234,8.476829296010813,8.509768149440385,1090.480411140642,1151.6882882209766,44,0.6917939078599183,1.3689567508586231
39.67999999917448,8.47692590405742,8.519081562176545,1092.8686434821934,1111.8920842182024,44,0.6917939078599183,1.3689567508586231
39.69999999917372,8.476949896015222,8.525283103807523,1094.4603496304117,1145.0685083599851,44,0.6917939078599183,1.3689567508586231
39.71999999917296,8.47697436441627,8.536066451941277,1097.2307939126026,1161.4929706980852,44,0.6917939078599183,1.3689567508586231
39.739999999172205,8.477028459365815,8.546689338034067,1099.9634367364185,1160.0442558589416,44,0.6917939078599183,1.3689567508586231
39.75999999917145,8.477018370584236,8.553580496666822,1101.7379433558929,1162.3047949005972,44,0.6917939078599183,1.3689567508586231
39.77999999917069,8.476894439628575,8.566105561701843,1104.9668701497358,1200.731718112797,44,0.6917939078599183,1.3689567508586231
39.799999999169934,8.476794005639816,8.575232002052196,1107.3226165714775,1196.7670392972905,44,0.6917939078599183,1.3689567508586231
39.81999999916918,8.47683030760084,8.57615825330121,1107.5618437666242,1143.4579018481102,44,0.6917939078599183,1.3689567508586231
39.83999999916842,8.47684790581998,8.574867876141909,1107.228579163487,1138.0292707673104,44,0.6917939078599183,1.3689567508586231
39.85999999916766,8.476820740359937,8.581510328660773,1108.9446550274356,1167.3066833293956,44,0.6917939078599183,1.3689567508586231
39.879999999166905,8.476848518757514,8.587763290107166,1110.5613202120626,1171.2763356550379,44,0.6917939078599183,1.3689567508586231
39.89999999916615,8.476861203963002,8.587196700078152,1110.4147832868798,1163.7749356133586,44,0.6917939078599183,1.3689567508586231
39.91999999916539,8.476775735141269,8.589389781776173,1110.982032737403,1193.3651265217459,44,0.6917939078599183,1.3689567508586231
39.939999999164634,8.476650564717684,8.596111807186942,1112.7216142161897,1214.5094754867987,44,0.6917939078599183,1.3689567508586231
39.95999999916388,8.476656477149282,8.590710476517838,1111.32370565451,1177.7990649269057,44,0.6917939078599183,1.3689567508586231
39.97999999916312,8.476734613418397,8.573768409813551,1106.944660504118,1115.9048824650101,44,0.6917939078599183,1.3689567508586231
39.99999999916236,8.476742703276827,8.566307806010546,1105.0190469288486,1152.1237727995351,44,0.6917939078599183,1.3689567508586231
40.019999999161605,8.476775699568849,8.565692286908185,1104.8602536864594,1163.5577754807919,44,0.6917939078599183,1.3689567508586231
40.03999999916085,8.476826694316387,8.560956023172352,1103.6387615640979,1159.0345098392174,44,0.6917939078599183,1.3689567508586231
40.05999999916009,8.476802316171915,8.54689469827932,1100.0162973157696,1168.0679475604747,44,0.6917939078599183,1.3689567508586231
40.079999999159334,8.476677982701755,8.537575542780075,1097.618786980539,1204.0429684125183,44,0.6917939078599183,1.3689567508586231
40.09999999915858,8.476612128589197,8.533443875288082,1096.5566825208098,1189.0713555675081,44,0.6917939078599183,1.3689567508586231
40.11999999915782,8.476673375454101,8.522349254051553,1093.7071946478425,1130.3923500460407,44,0.6917939078599183,1.3689567508586231
40.13999999915706,8.476688492614485,8.507667856732096,1089.9421954387974,1088.6240253772037,44,0.6917939078599183,1.3689567508586231
40.159999999156305,8.476680410678856,8.502865116671876,1088.7119566501763,1078.5966583251177,44,0.6917939078599183,1.3689567508586231
40.17999999915555,8.47672397466742,8.503030263710114,1088.7542481128135,1085.7170152342453,44,0.6917939078599183,1.3689567508586231
40.19999999915479,8.476735607881563,8.497954562515963,1087.4548191573956,1094.9272482025885,44,0.6917939078599183,1.3689567508586231
40.219999999154034,8.476642465224876,8.482117799153446,1083.4054406165603,1150.0314535138386,44,0.6917939078599183,1.3689567508586231
40.23999999915328,8.476540310021306,8.478720675818312,1082.537797659757,1175.8850333637308,44,0.6917939078599183,1.3689567508586231
40.25999999915252,8.476583158880018,8.483120336525053,1083.6615602925972,1140.2833401547628,44,0.6917939078599183,1.3689567508586231
40.27999999915176,8.476660765726697,8.484583278445237,1084.0353545001449,1086.59941134077,44,0.6917939078599183,1.3689567508586231
40.299999999151005,8.476673459593442,8.481205152448464,1083.1723117600604,1077.902599267252,44,0.6917939078599183,1.3689567508586231
40.31999999915025,8.476728296567765,8.488973934336476,1085.1575917580199,1080.539364966758,44,0.6917939078599183,1.3689567508586231
40.33999999914949,8.476784593966167,8.49651398236012,1087.0861579604984,1082.4515980758326,44,0.6917939078599183,1.3689567508586231
40.359999999148734,8.47675055369691,8.496505614377076,1087.084016679009,1117.6933618256724,44,0.6917939078599183,1.3689567508586231
40.37999999914798,8.476634855411545,8.498462979465941,1087.5849438826426,1167.5165316192135,44,0.6917939078599183,1.3689567508586231
40.39999999914722,8.47660709394889,8.507796982237702,1089.9752809817394,1153.207005232727,44,0.6917939078599183,1.3689567508586231
40.41999999914646,8.476680441623223,8.517068663083727,1092.3522557952813,1110.8710362069157,44,0.6917939078599183,1.3689567508586231
40.439999999145705,8.476682976911292,8.52336757274316,1093.968580091151,1143.093847308944,44,0.6917939078599183,1.3689567508586231
40.45999999914495,8.476683273494244,8.534275174691393,1096.770338655447,1160.6853267135084,44,0.6917939078599183,1.3689567508586231
40.47999999914419,8.476721490647638,8.5455024213235,1099.6579443340067,1160.067847137099,44,0.6917939078599183,1.3689567508586231
40.499999999143434,8.476709782827427,8.55276773704189,1101.528579435063,1159.7558732212976,44,0.6917939078599183,1.3689567508586231
40.51999999914268,8.47659229092316,8.565375784371103,1104.778605968761,1197.5918204569812,44,0.6917939078599183,1.3689567508586231
40.53999999914192,8.476494258969506,8.575323790536757,1107.346322054627,1197.9534765267313,44,0.6917939078599183,1.3689567508586231
40.55999999914116,8.476540188376816,8.577094913924135,1107.80378571479,1147.4265256646877,44,0.6917939078599183,1.3689567508586231
40.579999999140405,8.476584689116992,8.5754489116844,1107.3786365087135,1134.0773864504386,44,0.6917939078599183,1.3689567508586231
40.59999999913965,8.476579916571938,8.581693074339036,1108.991886107554,1165.4843213026595,44,0.6917939078599183,1.3689567508586231
40.61999999913889,8.476627317776467,8.5879780709829,1110.6168714208347,1170.6108162788898,44,0.6917939078599183,1.3689567508586231
40.63999999913813,8.47666239679057,8.587548353792355,1110.5057301911554,1162.8633803208818,44,0.6917939078599183,1.3689567508586231
40.659999999137376,8.476598135585645,8.588352865826687,1110.713812180678,1188.810587744182,44,0.6917939078599183,1.3689567508586231
40.67999999913662,8.476475296880105,8.594939961571521,1112.418256350251,1213.5769631681783,44,0.6917939078599183,1.3689567508586231
40.69999999913586,8.47646522494014,8.589908048736012,1111.1161057428317,1179.7186204471332,44,0.6917939078599183,1.3689567508586231
40.719999999135105,8.476529360570765,8.572576513744169,1106.6369145468802,1114.6326804547132,44,0.6917939078599183,1.3689567508586231
40.73999999913435,8.476519899496997,8.564644905528741,1104.5900737014347,1150.4092937270018,44,0.6917939078599183,1.3689567508586231
40.75999999913359,8.476530005590183,8.56418428482009,1104.4712635496637,1162.965689113579,44,0.6917939078599183,1.3689567508586231
40.77999999913283,8.476564119851753,8.56008209860052,1103.4134484564568,1159.2989039576798,44,0.6917939078599183,1.3689567508586231
40.799999999132076,8.476533829353277,8.547022406940009,1100.049170695534,1165.3272065643569,44,0.6917939078599183,1.3689567508586231
40.81999999913132,8.476406531160608,8.537508936184018,1097.601660721305,1201.8023931734526,44,0.6917939078599183,1.3689567508586231
40.83999999913056,8.476332695277527,8.533972285254176,1096.6924892191948,1190.6913244034113,44,0.6917939078599183,1.3689567508586231
40.859999999129805,8.476396920095507,8.523941465154001,1094.1159024720157,1134.39483872214,44,0.6917939078599183,1.3689567508586231
40.87999999912905,8.47643129554745,8.509576802699069,1090.4313716078225,1089.7809001384414,44,0.6917939078599183,1.3689567508586231
40.89999999912829,8.476439245852763,8.503899154431764,1088.9767703829727,1077.0551106992946,44,0.6917939078599183,1.3689567508586231
40.91999999912753,8.476502317703321,8.504074505779194,1089.0216804905083,1084.2759192588844,44,0.6917939078599183,1.3689567508586231
40.939999999126776,8.476540071398441,8.499856787771508,1087.9417164518484,1091.6673458506582,44,0.6917939078599183,1.3689567508586231
40.95999999912602,8.476472530973307,8.483628948621767,1083.791507736264,1143.910322723656,44,0.6917939078599183,1.3689567508586231
40.97999999912526,8.476376979875791,8.478571297180798,1082.499653556899,1175.3305031431,44,0.6917939078599183,1.3689567508586231
40.999999999124505,8.476413062434284,8.482410601254402,1083.4802400645226,1142.6502225561978,44,0.6917939078599183,1.3689567508586231
41.01999999912375,8.47648745158306,8.483826083925884,1083.8418767592657,1087.617916289338,44,0.6917939078599183,1.3689567508586231
41.03999999912299,8.476488849803951,8.479802344865144,1082.8140238415338,1078.4608628335375,44,0.6917939078599183,1.3689567508586231
41.05999999912223,8.476525095630903,8.487300191520905,1084.7297201017782,1080.5369222751308,44,0.6917939078599183,1.3689567508586231
41.079999999121476,8.476566197838345,8.495140537821182,1086.7347357476656,1082.2645341314055,44,0.6917939078599183,1.3689567508586231
41.09999999912072,8.476523757373617,8.495776851280606,1086.8975417269287,1113.8804631602256,44,0.6917939078599183,1.3689567508586231
41.11999999911996,8.47639689725998,8.497594213496647,1087.3625957955442,1165.337558206402,44,0.6917939078599183,1.3689567508586231
41.139999999119205,8.476352222678626,8.50693284584827,1089.7538747887786,1154.4924323593277,44,0.6917939078599183,1.3689567508586231
41.15999999911845,8.476422118632268,8.51676261164899,1092.2737522674333,1110.127065440399,44,0.6917939078599183,1.3689567508586231
41.17999999911769,8.476434556596253,8.523374225289036,1093.9702877915272,1140.0334928799862,44,0.6917939078599183,1.3689567508586231
41.19999999911693,8.476443499861677,8.534104577992991,1096.726491105475,1159.4087966813738,44,0.6917939078599183,1.3689567508586231
41.219999999116176,8.4764991081067,8.545592292828264,1099.6810742634102,1159.86143032505,44,0.6917939078599183,1.3689567508586231
41.23999999911542,8.476515256921557,8.552759082863592,1101.5263502572816,1156.7329025211584,44,0.6917939078599183,1.3689567508586231
41.25999999911466,8.476425515601193,8.564753616686057,1104.6181150338407,1193.4339372049753,44,0.6917939078599183,1.3689567508586231
41.279999999113905,8.476337772684296,8.575047744699297,1107.2750306537907,1199.0319241962497,44,0.6917939078599183,1.3689567508586231
41.29999999911315,8.476386701538111,8.576887771670668,1107.750278040241,1150.6972142882526,44,0.6917939078599183,1.3689567508586231
41.31999999911239,8.476438560872838,8.57442328889148,1107.1137676105984,1130.9512711399009,44,0.6917939078599183,1.3689567508586231
41.33999999911163,8.476429261660925,8.580138054560594,1108.5900194688168,1164.2248239402768,44,0.6917939078599183,1.3689567508586231
41.359999999110876,8.476464560211637,8.5864702870173,1110.2269255464107,1170.365018673467,44,0.6917939078599183,1.3689567508586231
41.37999999911012,8.476488237788883,8.586412479102076,1110.211976519441,1162.7843389909067,44,0.6917939078599183,1.3689567508586231
41.39999999910936,8.476414693381932,8.586636078607661,1110.26979952338,1185.8406608059695,44,0.6917939078599183,1.3689567508586231
41.419999999108605,8.476274580358917,8.593471559489538,1112.0381867382955,1212.7280925732587,44,0.6917939078599183,1.3689567508586231
41.43999999910785,8.476240595412904,8.589457880283494,1110.999649010484,1181.6367863238434,44,0.6917939078599183,1.3689567508586231
41.45999999910709,8.47629500599003,8.572837515896353,1106.7043012917813,1117.1381045161959,44,0.6917939078599183,1.3689567508586231
41.47999999910633,8.476285083346632,8.564860377769273,1104.645653703787,1148.0435321819218,44,0.6917939078599183,1.3689567508586231
41.499999999105576,8.476296238221693,8.564733170253426,1104.6128409830217,1161.93077145563,44,0.6917939078599183,1.3689567508586231
41.51999999910482,8.476343246476217,8.56131589885708,1103.7315505240883,1159.3847490089627,44,0.6917939078599183,1.3689567508586231
41.53999999910406,8.476339745814249,8.549280449284023,1100.6304926129644,1161.582705749905,44,0.6917939078599183,1.3689567508586231
41.559999999103304,8.47623914487845,8.538808679171106,1097.9358820179348,1198.5184452552544,44,0.6917939078599183,1.3689567508586231
41.57999999910255,8.476176994183813,8.535164129811399,1096.9988361825192,1192.7346229100954,44,0.6917939078599183,1.3689567508586231
41.59999999910179,8.476252652612787,8.525356786752129,1094.4792682771772,1138.407226708655,44,0.6917939078599183,1.3689567508586231
41.61999999910103,8.47630294189862,8.510428748149474,1090.6497219608143,1090.6291849422128,44,0.6917939078599183,1.3689567508586231
41.639999999100276,8.476312490623531,8.503303628868782,1088.8242542759788,1076.2510526449696,44,0.6917939078599183,1.3689567508586231
41.65999999909952,8.476370966050608,8.50316210522769,1088.788011164507,1083.8927147847721,44,0.6917939078599183,1.3689567508586231
41.67999999909876,8.47640298755442,8.499350164771743,1087.812029591553,1090.4572940802489,44,0.6917939078599183,1.3689567508586231
41.699999999098004,8.47632722421839,8.483129597146299,1083.6639262580316,1140.1511291814609,44,0.6917939078599183,1.3689567508586231
41.71999999909725,8.476210408933614,8.477246435200959,1082.1613770872536,1174.8936842463395,44,0.6917939078599183,1.3689567508586231
41.73999999909649,8.476218621275269,8.481158457477237,1083.1603845492957,1144.5846408670782,44,0.6917939078599183,1.3689567508586231
41.75999999909573,8.476278351514793,8.483253581797939,1083.6956029345934,1088.9230683772644,44,0.6917939078599183,1.3689567508586231
41.779999999094976,8.4762708963858,8.479455295473146,1082.7253938845047,1078.7961233366168,44,0.6917939078599183,1.3689567508586231
41.79999999909422,8.476301547139807,8.487080419735461,1084.6735444286112,1079.856073895619,44,0.6917939078599183,1.3689567508586231
41.81999999909346,8.476350446743668,8.495414249814301,1086.8047656950503,1081.2413441588726,44,0.6917939078599183,1.3689567508586231
41.839999999092704,8.47633163789354,8.496953119782482,1087.1985317059766,1107.8318409840665,44,0.6917939078599183,1.3689567508586231
41.85999999909195,8.476227620261149,8.498292246746669,1087.5412455173844,1161.5773821670127,44,0.6917939078599183,1.3689567508586231
41.87999999909119,8.476194752261941,8.507095787985161,1089.7956215684517,1156.188588900339,44,0.6917939078599183,1.3689567508586231
41.89999999909043,8.476283294932012,8.51689707287242,1092.3082418102597,1108.9105043712498,44,0.6917939078599183,1.3689567508586231
41.919999999089676,8.476317611855064,8.523171242995542,1093.918183085563,1136.6995426978467,44,0.6917939078599183,1.3689567508586231
41.93999999908892,8.476333317344022,8.533073039164606,1096.4613789131308,1158.462968502204,44,0.6917939078599183,1.3689567508586231
41.95999999908816,8.476392103104025,8.544386744214448,1099.3708264916925,1159.9435467165235,44,0.6917939078599183,1.3689567508586231
41.979999999087404,8.47640938773573,8.551349827761763,1101.1633787942772,1155.2090059568634,44,0.6917939078599183,1.3689567508586231
41.99999999908665,8.47631418782427,8.56275447554129,1104.1025065532635,1190.4515756973542,44,0.6917939078599183,1.3689567508586231
42.01999999908589,8.476204099630685,8.5732961291426,1106.822713154192,1199.3628242959173,44,0.6917939078599183,1.3689567508586231
42.03999999908513,8.47622473963148,8.575497343502946,1107.391144894732,1152.763541300513,44,0.6917939078599183,1.3689567508586231
42.059999999084376,8.476259351745936,8.573029714660372,1106.75392537082,1128.6181162798307,44,0.6917939078599183,1.3689567508586231
42.07999999908362,8.476234821596975,8.578968190208062,1108.287737262218,1162.8670250154926,44,0.6917939078599183,1.3689567508586231
42.09999999908286,8.47625949648317,8.585978995546172,1110.0998816280223,1169.8518238870163,44,0.6917939078599183,1.3689567508586231
42.119999999082104,8.47628599463496,8.58692229969292,1110.343818713297,1162.6403928941315,44,0.6917939078599183,1.3689567508586231
42.13999999908135,8.47623053984774,8.586752129824774,1110.2998110508493,1181.705549392002,44,0.6917939078599183,1.3689567508586231
42.15999999908059,8.476107156882811,8.59394957107582,1112.161904357693,1211.6184467821038,44,0.6917939078599183,1.3689567508586231
42.17999999907983,8.476083020781205,8.591156215228017,1111.4390332162197,1184.9850024161487,44,0.6917939078599183,1.3689567508586231
42.199999999079076,8.476160003214423,8.574953895867644,1107.250793844297,1121.6277006262017,44,0.6917939078599183,1.3689567508586231
42.21999999907832,8.476173255820987,8.565709103817987,1104.864592005616,1145.1442789106934,44,0.6917939078599183,1.3689567508586231
42.23999999907756,8.476194846762779,8.564901045590709,1104.6561439247284,1161.0652198687787,44,0.6917939078599183,1.3689567508586231
42.259999999076804,8.47625138298653,8.561356061577747,1103.7419061671826,1159.6618044112026,44,0.6917939078599183,1.3689567508586231
42.27999999907605,8.47625612913791,8.549553937801411,1100.7009113149832,1159.182259873484,44,0.6917939078599183,1.3689567508586231
42.29999999907529,8.476153920858895,8.537928051121872,1097.7094281149825,1195.7837569766218,44,0.6917939078599183,1.3689567508586231
42.31999999907453,8.47607062285904,8.533995701072625,1096.6985075156213,1193.704263358693,44,0.6917939078599183,1.3689567508586231
42.339999999073775,8.476120927452962,8.524546691090388,1094.271279144406,1140.6801187913377,44,0.6917939078599183,1.3689567508586231
42.35999999907302,8.476153980213303,8.509825173467217,1090.4950258261374,1090.8392015337918,44,0.6917939078599183,1.3689567508586231
42.37999999907226,8.476144369390793,8.502407203619528,1088.5946968831918,1075.461960974379,44,0.6917939078599183,1.3689567508586231
42.399999999071504,8.476188862197178,8.502775026416984,1088.6888863517,1083.106303769896,44,0.6917939078599183,1.3689567508586231
42.41999999907075,8.476219494406823,8.500182772652819,1088.025167117183,1088.6873502339472,44,0.6917939078599183,1.3689567508586231
42.43999999906999,8.476154851255718,8.48477988515202,1084.085594113199,1134.6711536143462,44,0.6917939078599183,1.3689567508586231
42.45999999906923,8.47604627600433,8.47811162005943,1082.3822783958833,1173.5085577545547,44,0.6917939078599183,1.3689567508586231
42.479999999068475,8.476060689234563,8.481939944656641,1083.3600070317232,1147.158397069329,44,0.6917939078599183,1.3689567508586231
42.49999999906772,8.47614322119814,8.484346162945993,1083.9747650795164,1091.2595400975247,44,0.6917939078599183,1.3689567508586231
42.51999999906696,8.476157753172647,8.480176048458578,1082.9094648416274,1079.0704059719942,44,0.6917939078599183,1.3689567508586231
42.539999999066204,8.476201189093599,8.48699974484227,1084.6529235549733,1079.2388263974478,44,0.6917939078599183,1.3689567508586231
42.55999999906545,8.476264686226724,8.495065747443341,1086.715600821443,1080.7089317139955,44,0.6917939078599183,1.3689567508586231
42.57999999906469,8.476261180956492,8.49689039967729,1087.1824814927666,1103.3596804593938,44,0.6917939078599183,1.3689567508586231
42.59999999906393,8.47615994820875,8.49745144083559,1087.3260573722557,1158.659857466263,44,0.6917939078599183,1.3689567508586231
42.619999999063175,8.47610976136351,8.505562924338953,1089.402924076795,1157.7640755348073,44,0.6917939078599183,1.3689567508586231
42.63999999906242,8.476179560058142,8.515312125673002,1091.9017346549276,1108.5298699797765,44,0.6917939078599183,1.3689567508586231
42.65999999906166,8.476199363990052,8.521664116532879,1093.531348835776,1134.365910647563,44,0.6917939078599183,1.3689567508586231
42.679999999060904,8.476194787681672,8.531444625864074,1096.042931322893,1157.7161580300926,44,0.6917939078599183,1.3689567508586231
42.69999999906015,8.476238441606947,8.543196831986204,1099.064645664313,1159.9958271328276,44,0.6917939078599183,1.3689567508586231
42.71999999905939,8.476251248879244,8.550635837884567,1100.9795045056635,1153.9279515639923,44,0.6917939078599183,1.3689567508586231
42.73999999905863,8.476159989112547,8.561915091479644,1103.8860526949018,1187.2439858507005,44,0.6917939078599183,1.3689567508586231
42.759999999057875,8.476049390090584,8.573141440389806,1106.7827725110888,1200.053886373736,44,0.6917939078599183,1.3689567508586231
42.77999999905712,8.47607165137877,8.576171690284184,1107.565314388517,1156.6012815375861,44,0.6917939078599183,1.3689567508586231
42.79999999905636,8.476125717841812,8.573548302694723,1106.8878259219794,1125.3806154336112,44,0.6917939078599183,1.3689567508586231
42.819999999055604,8.47611914865552,8.579122751756325,1108.3276721839661,1160.9369126237298,44,0.6917939078599183,1.3689567508586231
42.83999999905485,8.47615755453135,8.586179196748473,1110.1516511285395,1169.1827775720471,44,0.6917939078599183,1.3689567508586231
42.85999999905409,8.476201859217532,8.587441536267947,1110.4781039746133,1162.814651194306,44,0.6917939078599183,1.3689567508586231
42.87999999905333,8.476167104442522,8.58624989345788,1110.1699326924318,1177.743649883617,44,0.6917939078599183,1.3689567508586231
42.899999999052575,8.476050741131427,8.593065884241675,1111.9331964056528,1210.100459096398,44,0.6917939078599183,1.3689567508586231
42.91999999905182,8.476014800656142,8.590871767696335,1111.3654364038703,1187.289744377199,44,0.6917939078599183,1.3689567508586231
42.93999999905106,8.476081794780555,8.574810575855011,1107.2137814303476,1124.5549723421977,44,0.6917939078599183,1.3689567508586231
42.959999999050304,8.476084428896554,8.564632866630468,1104.5869683682115,1143.0543944668905,44,0.6917939078599183,1.3689567508586231
42.97999999904955,8.476087236499106,8.563691348383301,1104.3441251222682,1160.5031180120905,44,0.6917939078599183,1.3689567508586231
42.99999999904879,8.476129167091237,8.560634604155837,1103.555891420802,1159.980154290895,44,0.6917939078599183,1.3689567508586231
43.01999999904803,8.476127428707473,8.549810626675267,1100.7670064401418,1157.4279277942576,44,0.6917939078599183,1.3689567508586231
43.039999999047275,8.476022285883552,8.537933772308067,1097.7108992452363,1193.2529140303852,44,0.6917939078599183,1.3689567508586231
43.05999999904652,8.47592947700007,8.534299509087608,1096.7765932655884,1195.0121311319692,44,0.6917939078599183,1.3689567508586231
43.07999999904576,8.475975803592318,8.525802602068596,1094.5937381794547,1144.5630332174085,44,0.6917939078599183,1.3689567508586231
43.099999999045004,8.476022223515766,8.511572216206465,1090.9428227992257,1092.066162335877,44,0.6917939078599183,1.3689567508586231
43.119999999044246,8.476024195984248,8.503318126683629,1088.827967088454,1073.8061769369835,44,0.6917939078599183,1.3689567508586231
43.13999999904349,8.47608146046439,8.503707670893302,1088.9277296373434,1081.712150720637,44,0.6917939078599183,1.3689567508586231
43.15999999904273,8.476131746345265,8.501659419388506,1088.403222132151,1086.967202747769,44,0.6917939078599183,1.3689567508586231
43.179999999041975,8.476090930839357,8.48659466531396,1084.5493863280592,1128.7444452148343,44,0.6917939078599183,1.3689567508586231
43.19999999904122,8.475991967604667,8.478351852150844,1082.4436190939186,1172.071722694737,44,0.6917939078599183,1.3689567508586231
43.21999999904046,8.476001103039684,8.481514106210318,1083.251228906802,1149.7358434382652,44,0.6917939078599183,1.3689567508586231
43.2399999990397,8.476083622408549,8.483779219130778,1083.8299024715598,1093.5477867604793,44,0.6917939078599183,1.3689567508586231
43.259999999038946,8.476092824741006,8.47930241603524,1082.686352471658,1079.4071335757326,44,0.6917939078599183,1.3689567508586231
43.27999999903819,8.476121324091238,8.485602332293798,1084.2957695857156,1079.154434614262,44,0.6917939078599183,1.3689567508586231
43.29999999903743,8.476172695188103,8.493762504564216,1086.382196519351,1080.6973320941192,44,0.6917939078599183,1.3689567508586231
43.319999999036675,8.476162477251888,8.49627246028283,1087.0243557729405,1100.2406810059726,44,0.6917939078599183,1.3689567508586231
43.33999999903592,8.476052680700878,8.496711077983557,1087.136593329544,1155.9434338764404,44,0.6917939078599183,1.3689567508586231
43.35999999903516,8.47598554028062,8.504665458121856,1089.1730390595112,1158.9499565798321,44,0.6917939078599183,1.3689567508586231
43.3799999990344,8.476046656867995,8.514826720034133,1091.7772529812523,1111.6559874104596,44,0.6917939078599183,1.3689567508586231
43.399999999033646,8.476072876872884,8.521614104006224,1093.5185132899253,1131.1885059968374,44,0.6917939078599183,1.3689567508586231
43.41999999903289,8.47607265869611,8.531140772905749,1095.9648601471208,1156.5299751948946,44,0.6917939078599183,1.3689567508586231
43.43999999903213,8.476126996879382,8.543124034443057,1099.045915236663,1159.7637100811203,44,0.6917939078599183,1.3689567508586231
43.459999999031375,8.476160049596459,8.55078057892646,1101.0167785218573,1152.5367250282607,44,0.6917939078599183,1.3689567508586231
43.47999999903062,8.476093476820694,8.561373107316701,1103.7463012922071,1183.0807908975037,44,0.6917939078599183,1.3689567508586231
43.49999999902986,8.475994032807707,8.572912475356867,1106.7236550518182,1200.5030631173051,44,0.6917939078599183,1.3689567508586231
43.5199999990291,8.476017937943581,8.576233886988726,1107.5813791700773,1160.1917277806451,44,0.6917939078599183,1.3689567508586231
43.539999999028346,8.476081000349701,8.5729901873433,1106.7437196643352,1122.741611233077,44,0.6917939078599183,1.3689567508586231
43.55999999902759,8.476074623247152,8.577970683714607,1108.0300232997806,1159.4053388974341,44,0.6917939078599183,1.3689567508586231
43.57999999902683,8.476103682240176,8.584981518288204,1109.8419646062723,1168.867037676164,44,0.6917939078599183,1.3689567508586231
43.599999999026075,8.476139581353271,8.586586451610474,1110.2569658137668,1163.3491748339698,44,0.6917939078599183,1.3689567508586231
43.61999999902532,8.476099163076585,8.5849749339836,1109.840262206625,1175.168970735555,44,0.6917939078599183,1.3689567508586231
43.63999999902456,8.475970348436132,8.59171433937516,1111.5834470987145,1208.811593392776,44,0.6917939078599183,1.3689567508586231
43.6599999990238,8.475912005517662,8.590481707116203,1111.264517657262,1189.2806110947633,44,0.6917939078599183,1.3689567508586231
43.679999999023046,8.475966470687807,8.57553027035906,1107.3996488863797,1128.2470629013771,44,0.6917939078599183,1.3689567508586231
43.69999999902229,8.475967556616835,8.564848578416367,1104.6426100826768,1140.4742262422208,44,0.6917939078599183,1.3689567508586231
43.71999999902153,8.47596765691823,8.56400225811374,1104.4243142727337,1159.5816265104415,44,0.6917939078599183,1.3689567508586231
43.739999999020775,8.476016528455329,8.561604642114863,1103.8060017934065,1160.0489352852258,44,0.6917939078599183,1.3689567508586231
43.75999999902002,8.476033722370317,8.551873656070518,1101.2982904115268,1155.2122509549583,44,0.6917939078599183,1.3689567508586231
43.77999999901926,8.47595146959226,8.539318673693616,1098.067038020756,1189.670783767608,44,0.6917939078599183,1.3689567508586231
43.7999999990185,8.47586904862788,8.535401648050989,1097.059892034254,1196.477644620125,44,0.6917939078599183,1.3689567508586231
43.819999999017746,8.475922621704294,8.527267474005246,1094.969908605273,1148.74784827021,44,0.6917939078599183,1.3689567508586231
43.83999999901699,8.475984957478964,8.512773820634411,1091.2508679461814,1093.2547893836938,44,0.6917939078599183,1.3689567508586231
43.85999999901623,8.475991654483828,8.503140866558805,1088.782572157491,1072.6357273714307,44,0.6917939078599183,1.3689567508586231
43.879999999015475,8.476045829760595,8.503161960252802,1088.7879740378673,1081.133276121036,44,0.6917939078599183,1.3689567508586231
43.89999999901472,8.476092774568146,8.501249164300107,1088.2981809479768,1086.547605076184,44,0.6917939078599183,1.3689567508586231
43.91999999901396,8.47604857990947,8.486598708218786,1084.5504196591337,1124.9444290453948,44,0.6917939078599183,1.3689567508586231
43.9399999990132,8.475934791792694,8.477414435151724,1082.2042695195837,1171.028771845305,44,0.6917939078599183,1.3689567508586231
43.959999999012446,8.475918766356822,8.480389799797699,1082.9640571671152,1151.8464800998054,44,0.6917939078599183,1.3689567508586231
43.97999999901169,8.475986995955779,8.483032119512623,1083.6390221499146,1096.0834563650817,44,0.6917939078599183,1.3689567508586231
43.99999999901093,8.475987961978301,8.479043139924986,1082.6201417386187,1079.5385835282304,44,0.6917939078599183,1.3689567508586231
44.019999999010174,8.476007956624153,8.485216425141221,1084.1971488958027,1078.5356955631764,44,0.6917939078599183,1.3689567508586231
44.03999999900942,8.476062162625182,8.49371807563445,1086.3708313152858,1079.9394287143787,44,0.6917939078599183,1.3689567508586231
44.05999999900866,8.476068423702511,8.49717091201924,1087.2542661395491,1095.7258546944422,44,0.6917939078599183,1.3689567508586231
44.0799999990079,8.475977664341135,8.497371510149737,1087.3056017546257,1151.574064995514,44,0.6917939078599183,1.3689567508586231
44.099999999007146,8.475918958957159,8.504776521746026,1089.201486573532,1160.1479504412396,44,0.6917939078599183,1.3689567508586231
44.11999999900639,8.475992129091882,8.514909020144012,1091.7983582427162,1115.3057878040142,44,0.6917939078599183,1.3689567508586231
44.13999999900563,8.476039067402473,8.52164540438633,1093.526546417819,1127.612263588983,44,0.6917939078599183,1.3689567508586231
44.159999999004874,8.476046700643849,8.530336812696014,1095.7583061480664,1155.4880329334349,44,0.6917939078599183,1.3689567508586231
44.17999999900412,8.476104428155313,8.542132526671223,1098.7908213561095,1159.7310638150973,44,0.6917939078599183,1.3689567508586231
44.19999999900336,8.476140046932347,8.549801219010451,1100.7645840142445,1152.072549640396,44,0.6917939078599183,1.3689567508586231
44.2199999990026,8.476073217220662,8.559711187110057,1103.3178279109604,1180.0182086725151,44,0.6917939078599183,1.3689567508586231
44.239999999001846,8.475958588027384,8.571418526157103,1106.3379646903284,1200.5014938122079,44,0.6917939078599183,1.3689567508586231
44.25999999900109,8.475957695477433,8.575135576462408,1107.297713773269,1162.6505859963515,44,0.6917939078599183,1.3689567508586231
44.27999999900033,8.476006194769239,8.571878416914268,1106.4566867553258,1120.990140986176,44,0.6917939078599183,1.3689567508586231
44.299999998999574,8.475987020132555,8.576879084240614,1107.7480339865845,1157.889177746646,44,0.6917939078599183,1.3689567508586231
44.31999999899882,8.476003700193587,8.584374250649253,1109.6849584971749,1168.3675337691427,44,0.6917939078599183,1.3689567508586231
44.33999999899806,8.476038290928411,8.586812657261707,1110.3154639630634,1163.8055896482865,44,0.6917939078599183,1.3689567508586231
44.3599999989973,8.47601046703604,8.585151328588902,1109.8858702247583,1171.9176402599528,44,0.6917939078599183,1.3689567508586231
44.379999998996546,8.475895174422284,8.591883843822927,1111.62730800692,1206.9909846771818,44,0.6917939078599183,1.3689567508586231
44.39999999899579,8.475841920979562,8.591849401471533,1111.618395646763,1192.1916026985996,44,0.6917939078599183,1.3689567508586231
44.41999999899503,8.47591078548335,8.577878819904107,1108.0062910398312,1133.3752132932998,44,0.6917939078599183,1.3689567508586231
44.439999998994274,8.475933246556874,8.56589054747509,1104.9114002249914,1137.202139964935,44,0.6917939078599183,1.3689567508586231
44.45999999899352,8.475942666966528,8.564276606646324,1104.495076057728,1158.7092906356147,44,0.6917939078599183,1.3689567508586231
44.47999999899276,8.47600003741654,8.561878366799359,1103.8765829033937,1160.2220547792958,44,0.6917939078599183,1.3689567508586231
44.499999998992,8.476025674624296,8.552510546530268,1101.4623322392968,1153.9142431350244,44,0.6917939078599183,1.3689567508586231
44.519999998991246,8.47594667051266,8.53903467116306,1097.9939997272847,1186.6593967384683,44,0.6917939078599183,1.3689567508586231
44.53999999899049,8.475850015820066,8.534612088886359,1096.8569364700265,1197.1989383087378,44,0.6917939078599183,1.3689567508586231
44.55999999898973,8.475881754140884,8.526818001952615,1094.854479975161,1151.5012981694128,44,0.6917939078599183,1.3689567508586231
44.579999998988974,8.475931160608898,8.512510114426245,1091.1832600953478,1093.8993753894035,44,0.6917939078599183,1.3689567508586231
44.59999999898822,8.475922584199902,8.502440145536196,1088.6031322508236,1073.5367831528274,44,0.6917939078599183,1.3689567508586231
44.61999999898746,8.475962336436258,8.502750963812456,1088.6827244450335,1080.35716173106,44,0.6917939078599183,1.3689567508586231
44.6399999989867,8.476004801770708,8.501572059169277,1088.3808541094197,1085.8680239384246,44,0.6917939078599183,1.3689567508586231
44.659999998985946,8.47596838821257,8.488115530302348,1084.9381408408972,1120.0488713191335,44,0.6917939078599183,1.3689567508586231
44.67999999898519,8.475860794298773,8.478202078513062,1082.4053757915926,1168.9480512373464,44,0.6917939078599183,1.3689567508586231
44.69999999898443,8.475845447411992,8.480910843406805,1083.0971380393162,1154.1851586983116,44,0.6917939078599183,1.3689567508586231
44.719999998983674,8.475928788127622,8.483727317501858,1083.8166413142646,1099.8221540376433,44,0.6917939078599183,1.3689567508586231
44.73999999898292,8.47594879806223,8.479923586580805,1082.8449875746892,1079.4795972799948,44,0.6917939078599183,1.3689567508586231
44.75999999898216,8.475978378502957,8.485163630511916,1084.1836572874267,1077.8287624024042,44,0.6917939078599183,1.3689567508586231
44.7799999989814,8.476044942243067,8.493438804575646,1086.2993933556334,1079.352875874582,44,0.6917939078599183,1.3689567508586231
44.799999998980645,8.476065417109785,8.497261267515487,1087.2773891112065,1092.3457631692306,44,0.6917939078599183,1.3689567508586231
44.81999999897989,8.475981577478095,8.49691973809974,1087.1899892450115,1147.8737228781556,44,0.6917939078599183,1.3689567508586231
44.83999999897913,8.47591121625153,8.503587467030343,1088.8969448550972,1161.3334516938885,44,0.6917939078599183,1.3689567508586231
44.859999998978374,8.475968507667654,8.513595993047584,1091.4616663779154,1118.2739425263917,44,0.6917939078599183,1.3689567508586231
44.87999999897762,8.476006332548215,8.520478133569993,1093.2269906061704,1125.0076651182312,44,0.6917939078599183,1.3689567508586231
44.89999999897686,8.475998242223852,8.52887421902402,1095.3825855156083,1154.6582814088094,44,0.6917939078599183,1.3689567508586231
44.9199999989761,8.476041706651198,8.540949074164367,1098.4863829340545,1159.711942971488,44,0.6917939078599183,1.3689567508586231
44.939999998975345,8.476071154628132,8.549164504122011,1100.600639360121,1151.889161291081,44,0.6917939078599183,1.3689567508586231
44.95999999897459,8.47600701565149,8.558828317845865,1103.0902419228712,1176.928350877581,44,0.6917939078599183,1.3689567508586231
44.97999999897383,8.475891080293115,8.571033254990743,1106.2385107814223,1200.5233687460884,44,0.6917939078599183,1.3689567508586231
44.999999998973074,8.47588634965978,8.57555189534557,1107.4052339713614,1166.2013840858813,44,0.6917939078599183,1.3689567508586231
