t,omega_hub,omega_gnd,tau_gen,T_max,n_slack,backline_payout,k_mppt_scale
0.019999999999999858,9.519763387411489,9.759397594729464,1047.7042555321236,0.0,75,0.0,1.0
0.03999999999999904,9.551058034488452,9.715075598224612,1038.2096326714122,0.0,75,0.0,1.0
0.05999999999999823,9.57782072104623,9.436864360312086,979.5984985042128,0.0,75,0.0,1.0
0.07999999999999742,9.60192589086973,9.06086863672364,903.0927449715833,0.0,75,0.0,1.0
0.0999999999999966,9.623943756317798,8.667954057677672,826.467703006119,0.0,75,0.0,1.0
0.11999999999999579,9.644858685445957,8.303278050192759,758.3886901669415,0.0,75,0.0,1.0
0.14000000000000018,9.665349406920289,7.988836370704249,702.0365721367574,0.0,75,0.0,1.0
0.1600000000000063,9.685874720419068,7.7337144598983505,657.9137328196492,0.0,75,0.0,1.0
0.18000000000001243,9.707208521766654,7.539777937172433,625.3307647605941,0.0,75,0.0,1.0
0.20000000000001855,9.729526355203268,7.404209911337465,603.0455685226274,0.0,75,0.0,1.0
0.22000000000002468,9.752673149093795,7.3209850975443365,589.5650507831289,0.0,75,0.0,1.0
0.2400000000000308,9.77629816124537,7.281326184883697,583.1948211174026,0.0,75,0.0,1.0
0.26000000000003,9.799898437085371,7.2746567143808125,582.1269334329443,0.0,75,0.0,1.0
0.28000000000002223,9.822955818746891,7.29008543741229,584.5988025324781,0.0,75,0.0,1.0
0.3000000000000145,9.845033775693587,7.318052775989622,589.0928607538635,0.0,75,0.0,1.0
0.3200000000000067,9.865847345397132,7.351691678828062,594.5210759460475,0.0,75,0.0,1.0
0.33999999999999897,9.88527054275746,7.387399752520211,600.3104261388924,0.0,75,0.0,1.0
0.3599999999999912,9.90329742173542,7.424534853454097,606.3608956917011,0.0,75,0.0,1.0
0.37999999999998346,9.919997076590397,7.464438527001993,612.8962677573085,0.0,75,0.0,1.0
0.3999999999999757,9.935507120447303,7.509157024011876,620.2618313239359,0.0,75,0.0,1.0
0.41999999999996795,9.950025151968532,7.5603172733983905,628.7423700189069,0.0,75,0.0,1.0
0.4399999999999602,9.963788728600234,7.618445953977937,638.4479062905108,0.0,75,0.0,1.0
0.45999999999995245,9.977025341243658,7.6828369535602405,649.2858202048988,0.0,75,0.0,1.0
0.4799999999999447,9.989900281268447,7.7518719404937855,661.0067043999637,0.0,75,0.0,1.0
0.49999999999993694,10.002493573688849,7.823562494079105,673.2894310863738,0.0,75,0.0,1.0
0.5199999999999569,10.014812544308798,7.89606909368609,685.8269784549113,0.0,75,0.0,1.0
0.5399999999999769,10.026826032514887,7.968044120150435,698.3869981073032,0.0,75,0.0,1.0
0.559999999999997,10.03849690429559,8.038744179950202,710.8354878975156,0.0,75,0.0,1.0
0.580000000000017,10.049799909117462,8.107932906203382,723.1243361264519,0.0,75,0.0,1.0
0.600000000000037,10.060726138412265,8.175656459183068,735.2549439244001,0.0,75,0.0,1.0
0.620000000000057,10.071281017409229,8.241984039714072,747.2333100199166,0.0,75,0.0,1.0
0.640000000000077,10.081483084354987,8.30680217293255,759.0325857426061,0.0,75,0.0,1.0
0.660000000000097,10.091365424484664,8.369734552213853,770.5770212197466,0.0,75,0.0,1.0
0.680000000000117,10.100971682710068,8.4302035341459,781.7516478983862,0.0,75,0.0,1.0
0.700000000000137,10.110344677862884,8.48759523904045,792.4320023596033,0.0,75,0.0,1.0
0.720000000000157,10.119511461099817,8.541454876853168,802.5209655465063,0.0,75,0.0,1.0
0.740000000000177,10.128483457523386,8.591625746391104,811.9763626265556,0.0,75,0.0,1.0
0.760000000000197,10.137253895515396,8.638282589661804,820.8191870873968,0.0,75,0.0,1.0
0.780000000000217,10.14580548764566,8.681860124236556,829.1216473848965,0.0,75,0.0,1.0
0.800000000000237,10.154119690600476,8.722920867000742,836.9828329715266,0.0,75,0.0,1.0
0.820000000000257,10.162182155352887,8.76200958223185,844.5009311103502,0.0,75,0.0,1.0
0.840000000000277,10.169984863361782,8.799538721375674,851.7506987988882,0.0,75,0.0,1.0
0.860000000000297,10.17752547102424,8.83572682449147,858.7707536874192,0.0,75,0.0,1.0
0.880000000000317,10.184806451875497,8.870591674586095,865.5613632295975,0.0,75,0.0,1.0
0.900000000000337,10.191835717965317,8.90399767799388,872.0929211469245,0.0,75,0.0,1.0
0.920000000000357,10.198626766723239,8.935748316726,878.323577778587,0.0,75,0.0,1.0
0.940000000000377,10.205194853182302,8.96569009436548,884.219587550236,0.0,75,0.0,1.0
0.960000000000397,10.211552812328051,8.993797151726675,889.7722592704753,0.0,75,0.0,1.0
0.980000000000417,10.217707244240088,9.020205161850864,895.0051127806906,0.0,75,0.0,1.0
1.000000000000437,10.223657148223335,9.045180684806805,899.9682298288232,0.0,75,0.0,1.0
1.020000000000457,10.229397048494334,9.069044802665607,904.7233099603167,0.0,75,4.059726921668581e-12,1.0
1.040000000000477,10.234922057595568,9.092093131623331,909.3277326552337,0.0,75,2.4757866407987524e-10,1.0
1.060000000000497,10.24023023960514,9.114534585916557,913.8221478965602,0.0,75,2.6940931864452915e-9,1.0
1.080000000000517,10.245323617845694,9.136470582498792,918.2260417535239,0.0,75,1.447372250862084e-8,1.0
1.100000000000537,10.250207095357228,9.157907612488568,922.5399902276367,0.0,75,5.2821500586358155e-8,1.0
1.120000000000557,10.25488631530989,9.17878522992254,926.7510812674858,0.0,75,1.5095744100415674e-7,1.0
1.140000000000577,10.25936803921183,9.199010857474235,930.8398083152174,0.0,75,3.6446506747123114e-7,1.0
1.160000000000597,10.263660765890737,9.218502423084965,934.7886561686571,0.0,75,7.778238185844464e-7,1.0
1.180000000000617,10.267773654699473,9.237223400869986,938.5892577333808,0.0,75,1.510832017362652e-6,1.0
1.200000000000637,10.271714968586425,9.255204761322451,942.2469669140635,0.0,75,2.7247237239996345e-6,1.0
1.220000000000657,10.275490223213719,9.272544743908654,945.7809463056681,0.0,75,4.627837099817187e-6,1.0
1.240000000000677,10.279100513536077,9.28937719689769,949.2178157686706,0.0,75,7.48073588961735e-6,1.0
1.260000000000697,10.28254487076408,9.305822944521166,952.5817474225425,0.0,75,1.1600720968703023e-5,1.0
1.280000000000717,10.285822863501357,9.321955892804487,955.8874783413154,0.0,75,1.7365697034644824e-5,1.0
1.300000000000737,10.288936606267853,9.337790740393629,959.1376950251911,0.0,75,2.5217381668743318e-5,1.0
1.320000000000757,10.291890654363518,9.35329720730135,962.3258551292238,0.0,75,3.5663861177444345e-5,1.0
1.340000000000777,10.29469074976536,9.368427883868515,965.4418511676961,0.0,75,4.928151071932229e-5,1.0
1.360000000000797,10.297341444626765,9.383140006135124,968.476480122068,0.0,75,6.671630596188384e-5,1.0
1.380000000000817,10.299846634185636,9.397401785138737,971.4227634246158,0.0,75,8.868456051129849e-5,1.0
1.400000000000837,10.302210078859098,9.411197945367887,974.2771144358641,0.0,75,0.00011597312813509529,1.0
1.420000000000857,10.304436395350796,9.424533740402428,977.0401984638215,0.0,75,0.00014943911178651246,1.0
1.440000000000877,10.306530033515697,9.437438422145156,979.7176836895982,0.0,75,0.0001900091230015401,1.0
1.460000000000897,10.308494408762202,9.449963126573609,982.3198340296094,0.0,75,0.00023867813567709858,1.0
1.480000000000917,10.310330381560073,9.462165691591618,984.8583753264683,0.0,75,0.00029650797780108256,1.0
1.500000000000937,10.312037708353246,9.474086205193158,987.3414036577443,0.0,75,0.000364625503598597,1.0
1.520000000000957,10.31361661051838,9.485733757835954,989.7705941700347,0.0,75,0.0004442204869532681,1.0
1.540000000000977,10.315069520907498,9.49709108902409,992.1421306854286,0.0,75,0.0005365432749968675,1.0
1.560000000000997,10.316400013661669,9.508132728940767,994.4504679027006,0.0,75,0.0006429022385473952,1.0
1.580000000001017,10.31761297954591,9.51884612239031,996.6927465191953,0.0,75,0.0007646610537063292,1.0
1.600000000001037,10.318711788609292,9.529237985465723,998.8701424200713,0.0,75,0.000903235846472746,1.0
1.620000000001057,10.319698663112524,9.539325448995573,1000.9860302404004,0.0,75,0.0010600922297531652,1.0
1.640000000001077,10.320575388672102,9.549125134882493,1003.0436992580904,0.0,75,0.001236742259686324,1.0
1.660000000001097,10.321344859335252,9.558649308380218,1005.0455426065738,0.0,75,0.0014347413357962927,1.0
1.680000000001117,10.32201040418482,9.567910461274893,1006.994016544709,0.0,75,0.0016556850671614316,1.0
1.700000000001137,10.322575156771846,9.576927917450869,1008.8930316965482,0.0,75,0.0019012061245596951,1.0
1.720000000001157,10.323040529040496,9.585722726178714,1010.7468820149699,0.0,75,0.0021729710964360086,1.0
1.740000000001177,10.323406860276279,9.594304491852439,1012.5574655061787,0.0,75,0.002472677364543395,1.0
1.760000000001197,10.323674753835807,9.602665327795972,1014.3229953742041,0.0,75,0.002802050013241326,1.0
1.780000000001217,10.323846438726349,9.61078458671659,1016.038984094961,0.0,75,0.0031628387846939538,1.0
1.800000000001237,10.323925364880928,9.618644517332125,1017.701545858837,0.0,75,0.0035568150905976046,1.0
1.820000000001257,10.323915106642959,9.626245731057116,1019.3106756216489,0.0,75,0.003985769089578267,1.0
1.840000000001277,10.323817748052083,9.633606805312636,1020.8701808730253,0.0,75,0.00445150683803297,1.0
1.860000000001297,10.323633802535628,9.640748571308686,1022.3843631670952,0.0,75,0.0049558475209386665,1.0
1.880000000001317,10.323363797283475,9.647683397702405,1023.8557443653287,0.0,75,0.005500620768013466,1.0
1.900000000001337,10.323009112927824,9.654412623390737,1025.2845141295506,0.0,75,0.006087664059582224,1.0
1.920000000001357,10.322572288498845,9.660935352475013,1026.6703907317165,0.0,75,0.0067188202255650635,1.0
1.940000000001377,10.322055969230577,9.667260678945983,1028.0152193816466,0.0,75,0.007395935040167326,1.0
1.960000000001397,10.321461724916377,9.673407152020598,1029.3228652163957,0.0,75,0.00812085491409676,1.0
1.980000000001417,10.320789891572662,9.679389273460142,1030.5963437789278,0.0,75,0.008895424685461704,1.0
2.000000000001437,10.32004120756526,9.685209789736692,1031.836175383326,0.0,75,0.009721485509906988,1.0
2.020000000001346,10.319217384106006,9.690861599669352,1033.0407839834065,0.0,75,0.01060087285001654,1.0
2.040000000001255,10.318321477185101,9.696338385122475,1034.2087588667948,0.0,75,0.01153541456354717,1.0
2.060000000001164,10.317356575026224,9.701647579628151,1035.3416233523524,0.0,75,0.012526929089651636,1.0
2.080000000001073,10.316324583523665,9.706809322269494,1036.4436194078776,0.0,75,0.013577223731896394,1.0
2.100000000000982,10.315225795189066,9.711840775029302,1037.5183636347392,0.0,75,0.014688093036574415,1.0
2.120000000000891,10.314060550198223,9.71674432572162,1038.5663232058764,0.0,75,0.015861317264552824,1.0
2.1400000000008,10.31282979729838,9.721508638520014,1039.5850322970118,0.0,75,0.01709866095467431,1.0
2.160000000000709,10.311535769909089,9.726119728555668,1040.5714547161974,0.0,75,0.01840187157654639,1.0
2.180000000000618,10.310180844769226,9.7305746759027,1041.5249187565082,0.0,75,0.01977267827039978,1.0
2.200000000000527,10.30876645784356,9.734884514191414,1042.447741551082,0.0,75,0.021212790671573858,1.0
2.220000000000436,10.307292577882357,9.73906080851167,1043.3423597507679,0.0,75,0.022723897817090166,1.0
2.240000000000345,10.305759180656528,9.74310427357085,1044.20888974242,0.0,75,0.02430766713169972,1.0
2.260000000000254,10.304166378303078,9.747005239594415,1045.0452225474908,0.0,75,0.025965743490737495,1.0
2.280000000000163,10.302515949768177,9.750754878567296,1045.8494277209431,0.0,75,0.027699748357081683,1.0
2.3000000000000718,10.300810111493467,9.754356595328046,1046.6221984770173,0.0,75,0.02951127898949666,1.0
2.3199999999999807,10.299050184931033,9.757829339760955,1047.3675676628968,0.0,75,0.03140190771963333,1.0
2.3399999999998897,10.297236080274942,9.761192633730378,1048.0896979607141,0.0,75,0.03337318129496954,1.0
2.3599999999997987,10.295367672174569,9.764453833384879,1048.7901453073512,0.0,75,0.03542662028499064,1.0
2.3799999999997077,10.293445634321625,9.767606143192756,1049.4674274539057,0.0,75,0.037563718547938316,1.0
2.3999999999996167,10.29147174514823,9.770641970667413,1050.1198897086433,0.0,75,0.03978594275549388,1.0
2.4199999999995256,10.289448470647812,9.77356377807331,1050.7480381647329,0.0,75,0.04209473197280293,1.0
2.4399999999994346,10.287377410014876,9.776388305530947,1051.355451305745,0.0,75,0.044491497291299004,1.0
2.4599999999993436,10.285258851111745,9.779133025791152,1051.9458700973114,0.0,75,0.04697762151183672,1.0
2.4799999999992526,10.283092724113185,9.781803234380511,1052.5204196775073,0.0,75,0.04955445887570408,1.0
2.4999999999991616,10.280879788140751,9.784387851076568,1053.0767018232423,0.0,75,0.05222333484114353,1.0
2.5199999999990705,10.278621557908462,9.786873433122912,1053.6118075556374,0.0,75,0.05498554590307674,1.0
2.5399999999989795,10.276320255124078,9.789255921744106,1054.1248465154224,0.0,75,0.05784235945379226,1.0
2.5599999999988885,10.273977200983579,9.791544859882036,1054.6178581739055,0.0,75,0.060795013682425424,1.0
2.5799999999987975,10.271592401039488,9.793752455788525,1055.0934588179014,0.0,75,0.0638447175111244,1.0
2.5999999999987065,10.26916525999082,9.79588050263406,1055.5520230407471,0.0,75,0.06699265056587016,1.0
2.6199999999986154,10.26669608484595,9.797915600668011,1055.9906512959494,0.0,75,0.07023996317998228,1.0
2.6399999999985244,10.264185816389313,9.79984246973049,1056.4060367468671,0.0,75,0.07358777642841596,1.0
2.6599999999984334,10.261636281493903,9.801657875086752,1056.7974681027515,0.0,75,0.07703718219102258,1.0
2.6799999999983424,10.259048643123755,9.803373905511119,1057.1675392438196,0.0,75,0.08058924324301359,1.0
2.6999999999982514,10.256422863255468,9.805008580612444,1057.5201259247203,0.0,75,0.08424499337093785,1.0
2.7199999999981603,10.253758261933001,9.806571346611506,1057.857257338,0.0,75,0.08800543751254356,1.0
2.7399999999980693,10.251055095243455,9.808056683577792,1058.1777349910249,0.0,75,0.09187155191897062,1.0
2.7599999999979783,10.248314258997988,9.809454368660782,1058.4793451192193,0.0,75,0.09584428433776958,1.0
2.7799999999978873,10.245537592510551,9.810764931992031,1058.7621940588506,0.0,75,0.0999245542153211,1.0
2.7999999999977963,10.242726605271557,9.812002654067424,1059.029356917688,0.0,75,0.1041132529172783,1.0
2.8199999999977052,10.239881607686224,9.8131870172486,1059.285033790461,0.0,75,0.10841124396572346,1.0
2.839999999997614,10.237002182521936,9.814328366489084,1059.5314541379953,0.0,75,0.11281936329178063,1.0
2.859999999997523,10.234088722524206,9.81542051206806,1059.7672781159906,0.0,75,0.11733841950249065,1.0
2.879999999997432,10.231142199916729,9.816448929496516,1059.9893654395464,0.0,75,0.1219691941608011,1.0
2.899999999997341,10.228164360692064,9.817407615749502,1060.1964152315397,0.0,75,0.1267124420775832,1.0
2.91999999999725,10.225156844181056,9.818303968452133,1060.390020986152,0.0,75,0.13156889161463817,1.0
2.939999999997159,10.222119944693109,9.819150828988601,1060.5729530267029,0.0,75,0.1365392449977015,1.0
2.959999999997068,10.219053061262505,9.819953716900748,1060.7464010228011,0.0,75,0.14162417863850588,1.0
2.979999999996977,10.215956133567415,9.820702457965982,1060.90816444689,0.0,75,0.14682434346501225,1.0
2.999999999996886,10.212829697008033,9.82137829258763,1061.0541872272265,0.0,75,0.15214036525894833,1.0
3.019999999996795,10.209674919089625,9.821970750748118,1061.182203714067,0.0,75,0.157572844999865,1.0
3.039999999996704,10.206493120138601,9.822485497907321,1061.293434922596,0.0,75,0.16312235921493043,1.0
3.059999999996613,10.203284389474641,9.8229365273601,1061.3909022259984,0.0,75,0.1687894603337489,1.0
3.079999999996522,10.200047951250115,9.823334191438484,1061.476841003528,0.0,75,0.1745746770475094,1.0
3.099999999996431,10.196783357730876,9.823675261050512,1061.5505519803344,0.0,75,0.1804785146718212,1.0
3.11999999999634,10.193491101528641,9.823947929292645,1061.6094820919857,0.0,75,0.18650145551262354,1.0
3.139999999996249,10.190172190423224,9.82414656406137,1061.6524128337473,0.0,75,0.19264395923458202,1.0
3.159999999996158,10.186828067702267,9.82428162186865,1061.6816032436473,0.0,75,0.19890646323143357,1.0
3.179999999996067,10.183459235694805,9.8243722388304,1061.7011887581157,0.0,75,0.20528938299776317,1.0
3.199999999995976,10.180065262892867,9.824433641509728,1061.714460140709,0.0,75,0.2117931125017227,1.0
3.219999999995885,10.176645905683058,9.824466637638988,1061.7215918548968,0.0,75,0.2184180245582397,1.0
3.239999999995794,10.173201899081716,9.824460334702085,1061.7202295494808,0.0,75,0.22516447120228544,1.0
3.259999999995703,10.169734367720384,9.82440554035282,1061.7083864344672,0.0,75,0.2320327840618017,1.0
3.2799999999956118,10.166244892722275,9.82430669662879,1061.6870227636782,0.0,75,0.2390232747299055,1.0
3.2999999999955207,10.162734338374566,9.824177260973622,1061.659047405343,0.0,75,0.2461362351360194,1.0
3.3199999999954297,10.159202346793675,9.82402668602244,1061.6265036044917,0.0,75,0.2533719379156001,1.0
3.3399999999953387,10.155648529558167,9.823851084023433,1061.5885513317521,0.0,75,0.2607306367781539,1.0
3.3599999999952477,10.152073281777595,9.823633944260928,1061.5416225791907,0.0,75,0.2682125668732491,1.0
3.3799999999951567,10.148477317253816,9.82335917687674,1061.4822406972132,0.0,75,0.27581794515426666,1.0
3.3999999999950656,10.144861771101683,9.823024235692122,1061.4098564849428,0.0,75,0.2835469707396282,1.0
3.4199999999949746,10.141227295567711,9.822639370904056,1061.3266863191789,0.0,75,0.29139982527128083,1.0
3.4399999999948836,10.137573245311728,9.822214268280202,1061.234824452079,0.0,75,0.29937667327022144,1.0
3.4599999999947926,10.13389890844719,9.821749108503438,1061.134311054269,0.0,75,0.3074776624888628,1.0
3.4799999999947016,10.13020417664887,9.821232783403163,1061.0227472437234,0.0,75,0.31570292426006347,1.0
3.4999999999946105,10.126489575879084,9.82065439170358,1060.8977794941547,0.0,75,0.3240525738426495,1.0
3.5199999999945195,10.12275604470466,9.820015507681685,1060.7597502821966,0.0,75,0.332526710763284,1.0
3.5399999999944285,10.119004026771757,9.819329588325296,1060.6115692057667,0.0,75,0.3411254191545347,1.0
3.5599999999943375,10.115233365195712,9.818610125800989,1060.4561528272986,0.0,75,0.3498487680890247,1.0
3.5799999999942465,10.111444984148724,9.8178729189081,1060.2969151701195,0.0,75,0.3586968119095449,1.0
3.5999999999941554,10.107638020661977,9.817122740867239,1060.1348880017797,0.0,75,0.36766959055502263,1.0
3.6199999999940644,10.103812872610325,9.81634726821434,1059.9674105919705,0.0,75,0.3767671298822687,1.0
3.6399999999939734,10.099967812136759,9.815507165689032,1059.7859901166203,0.0,75,0.38598944198339774,1.0
3.6599999999938824,10.09609820384124,9.814516198830942,1059.5720103882645,0.0,75,0.39533652549887766,1.0
3.6799999999937913,10.092217052140295,9.813467520176193,1059.3455924650839,0.0,75,0.40480836592611935,1.0
3.6999999999937003,10.088335402715524,9.812579247893982,1059.153826458196,0.0,75,0.4144049359235689,1.0
3.7199999999936093,10.08444622865437,9.811880651252073,1059.0030210585628,0.0,75,0.4241261956102512,1.0
3.7399999999935183,10.080537983025138,9.81123529678807,1058.863718538341,0.0,75,0.4339720928607279,1.0
3.7599999999934273,10.07659059982474,9.810249824697552,1058.6510178527617,0.0,75,0.44394256359543055,1.0
3.7799999999933362,10.072605255166893,9.808706335319423,1058.3179196978892,0.0,75,0.4540375320663593,1.0
3.7999999999932452,10.068615948114058,9.807055744603547,1057.9617661553757,0.0,75,0.4642569111381174,1.0
3.819999999993154,10.064641958687144,9.805958356197461,1057.725012118267,0.0,75,0.4746006025642723,1.0
3.839999999993063,10.060679874812772,9.805587036339245,1057.6449083994669,0.0,75,0.48506849725904166,1.0
3.859999999992972,10.056694448156135,9.80527447294326,1057.57748238728,0.0,75,0.4956604755642976,1.0
3.879999999992881,10.0526424930528,9.803992769405676,1057.3010164481466,0.0,75,0.5063764075118975,1.0
3.89999999999279,10.048543851449493,9.801615538593214,1056.7883388303114,0.0,75,0.5172161530813552,1.0
3.919999999992699,10.044440526975471,9.799120608475286,1056.2504116938958,0.0,75,0.5281795624528387,1.0
3.939999999992608,10.040361903983868,9.797670270553343,1055.9377700353332,0.0,75,0.5392664762555647,1.0
3.959999999992517,10.036282441965811,9.797260608588028,1055.849469758497,0.0,75,0.5504767258115558,1.0
3.979999999992426,10.032121101481582,9.796230931786972,1055.6275451578983,0.0,75,0.5618101333748072,1.0
3.999999999992335,10.027969771384084,9.794174120861069,1055.1843138071915,0.0,75,0.5732665123659146,1.0
4.019999999992466,10.02388957670255,9.791853551248495,1054.6843556600757,0.0,75,0.5848456676021471,1.0
4.039999999992597,10.019818929224217,9.790244832526277,1054.3378326888821,0.0,75,0.5965473955230425,1.0
4.059999999992728,10.015723731841664,9.789979725121599,1054.2807332012117,0.0,75,0.6083714844115339,1.0
4.079999999992859,10.011471435708708,9.788925044658102,1054.053588829281,0.0,75,0.6203177146106584,1.0
4.09999999999299,10.007034790994869,9.784961736130299,1053.2002379528749,0.0,75,0.6323858587358914,1.0
4.119999999993121,10.002706189470876,9.780486397019779,1052.2370557851782,0.0,75,0.644575681883137,1.0
4.139999999993252,9.998606994180541,9.779411789289675,1052.0058443894768,0.0,75,0.6568869418324388,1.0
4.159999999993383,9.994616740280692,9.782012320860584,1052.565415500151,0.0,75,0.6693193892474386,1.0
4.179999999993514,9.99055193266369,9.784818253008716,1053.1693506885379,0.0,75,0.6818727678706467,1.0
4.199999999993645,9.986194107847714,9.782665468558731,1052.7059803670456,0.0,75,0.6945468147145633,1.0
4.219999999993776,9.981574166165332,9.774353746686423,1050.917902818992,0.0,75,0.7073412602487053,1.0
4.239999999993907,9.977125858763783,9.766267993343558,1049.1798956958748,0.0,75,0.7202558285826035,1.0
4.259999999994038,9.973014488023901,9.76595242546966,1049.112094541904,0.0,75,0.7332902376447912,1.0
4.279999999994169,9.969096502278937,9.773584692749054,1050.7525352097248,0.0,75,0.7464441993578811,1.0
4.2999999999943,9.96501691455548,9.779977799362495,1052.127623316256,0.0,75,0.7597174198097479,1.0
4.319999999994431,9.960945163541947,9.782520575205895,1052.6747968475934,0.0,75,0.7731095994208926,1.0
4.339999999994562,9.957684365708998,9.794398053460865,1055.2325655260179,0.0,75,0.7866204331080388,1.0
4.3599999999946935,9.955269537805972,9.819408026837603,1060.6285139727504,0.0,75,0.8002496104440255,1.0
4.3799999999948245,9.952090531272228,9.82914435999495,1062.732867345826,0.0,75,0.8139968158140349,1.0
4.3999999999949555,9.94831182350546,9.815087926743235,1059.695461106709,0.0,75,0.82786172856823,1.0
4.4199999999950865,9.94462428604667,9.790689400596571,1054.4335883284946,0.0,75,0.8418440231708589,1.0
4.4399999999952176,9.941562822908297,9.803754692849193,1057.2496668531883,0.2706025507027059,75,0.8559433693458679,1.0
4.459999999995349,9.942757484929952,9.987397707099358,1097.2292425575088,0.0,75,0.8701594322190966,1.0
4.47999999999548,9.949988190262877,10.377193682414083,1184.5476359456823,0.0,75,0.8844918724571156,1.0
4.499999999995611,9.962929301444351,10.817104862573476,1287.1073336870181,17.567817490257713,74,0.8989403464027376,1.0
4.519999999995742,9.977175223887336,11.039622975453693,1340.6060298418156,211.23496670172543,74,0.9135045062073002,1.0
4.539999999995873,9.986343875038719,10.982647349580994,1326.8039708578426,99.02526211499152,74,0.9281839999597405,1.0
4.559999999996004,9.99177629403276,10.894926863456917,1305.6937449608267,15.88749618584527,74,0.9429784718125408,1.0
4.579999999996135,10.004996351560168,10.9762194514866,1325.2513279191207,22.21780300029405,74,0.9578875621045942,1.0
4.599999999996266,10.019410440672813,11.311813216399111,1407.5283006697175,25.866093356565056,74,0.9729109074810532,1.0
4.619999999996397,10.036721402534681,11.772279183897457,1524.452129019879,28.367578460370385,74,0.9880481410102111,1.0
4.639999999996528,10.057184724007854,12.133990315294824,1619.5709306883546,1182.2797423642226,74,1.0032988922974633,1.0
4.659999999996659,10.078438425141636,12.206302954091731,1638.9321498777538,2883.508405197809,73,1.0186627875964378,1.0
4.67999999999679,10.09758500969761,12.074786960508508,1603.8052815583292,3259.2056397441243,73,1.0341394499173002,1.0
4.699999999996921,10.111228208251694,11.869885032549716,1549.8358775454253,3160.2586554656564,73,1.049728499132337,1.0
4.719999999997052,10.126333062195132,11.712758791103878,1509.075903484393,3068.7784248055045,73,1.0654295520788402,1.0
4.739999999997183,10.143552907970616,11.746928825346785,1517.8937051053952,3234.381021727867,73,1.0812422226593523,1.0
4.759999999997314,10.164009885372877,11.881281223169518,1552.8132785444461,3569.3174731222334,73,1.0971661219393347,1.0
4.779999999997445,10.185627372558164,11.911931688432007,1560.8352820485766,3216.755170270494,73,1.113200858242297,1.0
4.799999999997576,10.206131712736909,11.849300410700508,1544.4651224532993,3304.564968047611,73,1.1293460372424595,1.0
4.819999999997707,10.224452149900957,11.959820408421459,1573.4103462186388,4505.629626733649,73,1.1456012620549785,1.0
4.839999999997838,10.238041126996285,12.075643592792295,1604.0328499816017,4752.149193772439,73,1.1619661333237965,1.0
4.859999999997969,10.251938394128654,12.093269150415436,1608.7187461882866,4306.204831420499,73,1.1784402493071637,1.0
4.8799999999981,10.265600741493248,12.045710401734611,1596.0905299070316,3379.308498003982,74,1.1950232059608903,1.0
4.899999999998231,10.2788736059478,12.027155234263178,1591.1770933197058,2277.5231520400725,74,1.2117145970193697,1.0
4.919999999998362,10.292069043641643,12.083563387630969,1606.1375455718517,2826.057396132067,74,1.2285140140744026,1.0
4.939999999998493,10.30787141300704,12.38143327453983,1686.298789250703,3391.3564615022015,74,1.2454210466519031,1.0
4.959999999998624,10.331251662294695,13.056953697852697,1875.3244385465612,3808.45770848197,74,1.2624352822865192,1.0
4.979999999998755,10.362025658346274,14.058777037228543,2174.1413296075502,3299.1036660728987,74,1.279556306594216,1.0
4.999999999998886,10.398021901459721,15.14893315425798,2524.391932833943,1448.774836180008,74,1.2967837033428422,1.0
5.019999999999017,10.436379232728816,16.022971198560317,2824.0916663288276,2.0657339808093176,75,1.3141170545207688,1.0
5.039999999999148,10.474271264373723,16.532186215198948,3006.4449915941555,122.76462432471185,74,1.3315559404036033,1.0
5.059999999999279,10.503555927992634,16.522945120291446,3003.084869929792,292.49793834485223,74,1.349099939619063,1.0
5.07999999999941,10.529015343582776,15.813276875907889,2750.6569810953547,765.8730761587899,74,1.3667486292099928,1.0
5.099999999999541,10.543525317439826,14.656286824364205,2362.8741782583497,988.489984833831,74,1.3845015846956434,1.0
5.119999999999672,10.547642076798619,13.376438890346638,1968.220291258958,917.8533450095817,74,1.4023582060487545,1.0
5.139999999999803,10.545720080436192,12.171897131451317,1629.7058775649607,402.5294022738732,72,1.4202682693980897,1.0
5.159999999999934,10.549681035475578,11.296150744181904,1403.6332379880953,982.4721232819331,73,1.4380358346245983,1.0
5.180000000000065,10.564929349595989,10.83620873055059,1291.6576161726691,1543.0293229301778,73,1.4555290611277287,1.0
5.2000000000001965,10.591999878830753,10.796044364957066,1282.1003132313333,2508.3941199064393,73,1.472794314908387,1.0
5.2200000000003275,10.628759810046517,11.251401168840095,1392.5343108839388,4567.004720885528,73,1.4899031067503206,1.0
5.2400000000004585,10.667213472702384,11.967433506911009,1575.4141121656996,6670.337322144798,73,1.5069363887422238,1.0
5.2600000000005895,10.719988059700349,12.506532602128244,1720.5469350090632,6791.218451193506,73,1.5239607578810237,1.0
5.280000000000721,10.766832371268402,13.009338003124713,1861.6716280749936,4640.198321682499,73,1.5410279623255865,1.0
5.300000000000852,10.790981552386022,13.933253967345587,2135.491227304067,1996.9922716787994,73,1.5581796779391082,1.0
5.320000000000983,10.803506378314408,14.468378197404762,2302.6736442945125,400.90158157478913,73,1.575448973367897,1.0
5.340000000001114,10.79137227898934,13.964570690458771,2145.101580257022,851.6792205611176,74,1.5928611193347746,1.0
5.360000000001245,10.718323914555725,12.739907119805952,1785.3575676341063,2093.763170996895,72,1.6104348815405913,1.0
5.380000000001376,10.675791649975947,11.400575934964207,1429.7044481377352,929.9703095165765,69,1.6281158816336423,1.0
5.400000000001507,10.663230979139163,10.43378168003781,1197.5018016136191,573.0659798636435,70,1.645669572039315,1.0
5.420000000001638,10.661263582327466,9.731823418436315,1041.7922575238804,1069.853477878207,70,1.6628854864394902,1.0
5.440000000001769,10.67890621702616,9.229110969996448,936.9413822615966,729.6503991285646,68,1.6796368869011655,1.0
5.4600000000019,10.707581887692042,8.965242810717886,884.131365206416,968.2062929119105,69,1.6958963457360385,1.0
5.480000000002031,10.742480261114459,8.738721722521209,840.0178307803044,986.3440310807987,70,1.7116459142640943,1.0
5.500000000002162,10.773569598992568,8.393958051979617,775.0438495623278,1021.058458036099,70,1.7268165500870165,1.0
5.520000000002293,10.800635996763878,7.958396609422896,696.6968425216123,1244.4908996488912,69,1.7413651869588191,1.0
5.540000000002424,10.814467424346553,7.508969987981956,620.2309330845511,1312.363655484703,71,1.755281632900511,1.0
5.560000000002555,10.806806380931926,7.103607932338286,555.0737022201736,1001.1048042941705,71,1.768561062035573,1.0
5.580000000002686,10.77649580271982,6.722803095775429,497.1568961102447,1064.6153897860886,70,1.7811721137375258,1.0
5.600000000002817,10.725691919976434,6.353241720980247,444.0004840172445,343.18747097947494,74,1.7930943220192466,1.0
5.620000000002948,10.670197725388894,6.001223267069899,396.1614877134322,887.1114742030938,73,1.8043152912789262,1.0
5.640000000003079,10.614769450413416,5.767300275594153,365.87927715755234,558.6679283509802,73,1.8148393729865784,1.0
5.66000000000321,10.611169469951637,5.684964455779249,355.507029498208,3147.2544163915436,73,1.824811056491561,1.0
5.680000000003341,10.629121624986434,6.048772681931512,402.4641605344903,4332.329578146854,72,1.834540105767055,1.0
5.700000000003472,10.642581923406919,7.357687516481736,595.4912214921029,3790.4020347241058,74,1.844310433156437,1.0
5.720000000003603,10.667249598085673,8.999089655752266,890.8197609549419,1201.5603564920445,73,1.8543466399172375,1.0
5.740000000003734,10.710041765456646,10.226282134624896,1150.3453092664313,1.0455989529062302,75,1.8648201235218014,1.0
5.760000000003865,10.756865110818431,11.550881092333332,1467.6513941014605,0.0,75,1.8758584813277352,1.0
5.780000000003996,10.780897891649012,12.114766309099185,1614.4431899649314,8.552389923449772,74,1.8875534628642427,1.0
5.800000000004127,10.78103955732406,11.927292621846558,1564.8634021587086,0.0,75,1.8999676548112823,1.0
5.820000000004258,10.766726050743591,11.276408224326529,1398.7312068582487,7.561312328428755,73,1.9131400871094526,1.0
5.840000000004389,10.746618677193906,10.392933834889458,1188.1438106602911,2.3735983039084534,75,1.9270908896835397,1.0
5.86000000000452,10.73443058956663,9.651045681190753,1024.5695101447377,168.56396450948958,74,1.941802571712997,1.0
5.880000000004651,10.69815124757587,9.142507407467578,919.4398586515949,89.52587572006271,74,1.957224445425087,1.0
5.900000000004782,10.702054363780835,8.957998366346153,882.7030820460639,50.00055661445763,73,1.9733526640515089,1.0
5.920000000004913,10.734918337835179,9.725403219434092,1040.418145586369,87.92580789328576,71,1.99018039539006,1.0
5.940000000005044,10.779008271705244,11.738259657090293,1515.6541375500087,64.982457170243,73,2.007692927903591,1.0
5.960000000005175,10.827282091110105,13.844420164754917,2108.347666680998,40.27037469752218,73,2.0258696257642455,1.0
5.980000000005306,10.87454687393138,16.092987939081752,2848.8268688817384,15.125919005108983,74,2.044685532159917,1.0
6.000000000005437,10.9292409060855,18.58492920746393,3799.3955301109045,140.59077555318686,72,2.064112676671644,1.0
6.0200000000055685,10.946146647019368,19.6182662946956,4233.6400965054845,41.57920232144634,73,2.0841211342535817,1.0
6.0400000000056995,10.941435802955416,18.615797816501487,3812.027211793477,969.7184795993087,73,2.104679876247025,1.0
6.0600000000058305,10.80822089933763,16.3938604857787,2956.345277898938,5446.9845485491605,71,2.1257471810389013,1.0
6.0800000000059615,10.661418741579682,14.359628638319156,2268.1882809347926,4123.095908940198,72,2.1471186597361838,1.0
6.1000000000060925,10.60904684381387,12.801600502378012,1802.6907296473346,1104.3217699743573,68,2.168449550295781,1.0
6.120000000006224,10.609938463592393,11.606245052340329,1481.754166364718,957.2524933434942,69,2.1894522018190665,1.0
6.140000000006355,10.613548083056509,10.88950226759997,1304.3938559967141,1360.120388740272,68,2.209908853705487,1.0
6.160000000006486,10.641115927222879,10.379256280290182,1185.0185702513752,1323.737537039295,66,2.229655720005143,1.0
6.180000000006617,10.670472946661972,9.89445545084771,1076.9027353569097,799.3474619120321,68,2.248575160201654,1.0
6.200000000006748,10.694586531783319,9.418806580936831,975.8530915000885,222.25150956020292,66,2.266588037414804,1.0
6.220000000006879,10.715986435487936,8.960293384441796,883.1554328879855,481.2168544222571,68,2.283645103553853,1.0
6.24000000000701,10.72004350948989,8.560901666277394,806.1794107363816,1198.046246501133,66,2.299726650342515,1.0
6.260000000007141,10.675207883316187,8.19308095924486,738.3923316521473,2838.1560477792427,67,2.3148552704912455,1.0
6.280000000007272,10.57145952862038,7.838789168025742,675.9127718283347,5867.003061203819,68,2.3290860675009006,1.0
6.300000000007403,10.445845181231372,7.430495706486612,607.3349308852758,5381.249395050656,71,2.3424602369426144,1.0
6.320000000007534,10.344420440519384,6.981017891868832,536.0807188725203,5601.365806982167,70,2.3549976530698276,1.0
6.340000000007665,10.26619213723836,6.595675371777862,478.5322697086474,4364.188497914424,70,2.3667132623228238,1.0
6.360000000007796,10.273633680690148,6.475236568382571,461.21557478170786,2170.9746065480117,68,2.377634822340463,1.0
6.380000000007927,10.290991669809783,6.755994047198757,502.07801122363543,3237.3132699245707,65,2.3878107849322046,1.0
6.400000000008058,10.29589990544483,7.730534051264789,657.3727238954083,7805.5860403627685,68,2.397301050225495,1.0
6.420000000008189,10.303364606898374,9.307226418349158,952.8690996265815,9134.757373950277,71,2.406147952317666,1.0
6.44000000000832,10.313327974574745,11.014382828628264,1334.4829200513927,12501.14868855945,70,2.4143718622598285,1.0
6.460000000008451,10.314198665219813,11.646346174523849,1492.0111713853091,6863.7075505271005,69,2.421996621726452,1.0
6.480000000008582,10.341652412732286,10.576792898029927,1230.5540280859793,309.67479885488433,65,2.4290496410761406,1.0
6.500000000008713,10.267706976572642,9.443549466163997,980.9868917187495,757.7241902819216,65,2.435560409231683,1.0
6.520000000008844,10.140352525757866,8.442435207745445,784.0218346067787,1109.2292720620342,68,2.4415601227058232,1.0
6.540000000008975,10.01732181215939,7.433884205529108,607.8889781933666,989.7560118828479,71,2.4470787830883234,1.0
6.560000000009106,10.011142205498393,6.6244150296866575,482.7116193409233,1855.3239096311781,72,2.452146345279975,1.0
6.580000000009237,10.027183186250557,5.97265078242053,392.39813105623426,4136.354758078567,69,2.4567923976807124,1.0
6.600000000009368,10.04384858903217,5.653260572536373,351.5529061109371,2719.5292437486114,67,2.4610458309569276,1.0
6.620000000009499,10.064754925909646,5.710702065961765,358.73329894797973,5325.980145163078,67,2.4649413225090138,1.0
6.64000000000963,10.09441526004977,6.730180000606109,498.2485512461428,11867.17687556134,69,2.4686107209822783,1.0
6.660000000009761,10.141048114229232,9.005483088113632,892.085982153307,17124.51414412395,70,2.472475728019911,1.0
6.680000000009892,10.196500910330418,11.08901645796301,1352.6291460547197,14887.374452805014,69,2.476945123759174,1.0
6.700000000010023,10.24077713125713,12.623180865870426,1752.7916468972496,5870.128799261884,71,2.482285499084253,1.0
6.720000000010154,10.282430421716269,13.288566240557904,1942.4459200266474,2748.409039649164,72,2.4887762981304338,1.0
6.740000000010285,10.302974299225403,12.746937745790614,1787.3286408456765,3056.9256595147635,72,2.496538903419866,1.0
6.760000000010416,10.295610887568996,11.644111040135508,1491.4385410650616,1967.0883858047835,68,2.505530504084648,1.0
6.780000000010547,10.278635549760278,10.671785337190876,1252.757025113904,2945.488491137607,69,2.515567460619747,1.0
6.800000000010678,10.247448818201653,9.857342819454141,1068.8392820626852,3350.3988380812816,72,2.5263098103084065,1.0
6.820000000010809,10.220671237895406,9.181541284475403,927.3077039437885,2402.326058049333,66,2.537452170822634,1.0
6.84000000001094,10.159824253741471,8.664921128086293,825.8894397155186,5063.386342255448,68,2.5487502135068096,1.0
6.8600000000110715,10.138716449648475,8.430201879973032,781.7513411081092,3895.4428841263393,68,2.5600241265573964,1.0
6.8800000000112025,10.161246406674936,8.771780606121698,846.3854850212603,5760.801105340471,66,2.5711877646955883,1.0
6.9000000000113335,10.196764229473569,9.769505436854184,1049.875601287958,10636.752367852452,69,2.5822072047682054,1.0
6.9200000000114645,10.237279857565921,11.203757038053569,1380.7658894450835,10909.769830629106,67,2.593034821354524,1.0
6.940000000011596,10.296709775761284,14.018409359007276,2161.6738105237305,22254.669032238024,64,2.6036666665178907,1.0
6.960000000011727,10.330495745189223,18.588799843513407,3800.9782758442448,17545.732512478582,66,2.6144354876893807,1.0
6.980000000011858,10.360619720887195,21.742431614226277,5200.066657492369,16259.067895663155,67,2.6254766763407718,1.0
7.000000000011989,10.380539238381022,22.341461523629093,5490.5499331297915,9963.46242225736,65,2.636775764199953,1.0
7.02000000001212,10.38783268773591,21.206059859516465,4946.66672241935,1431.6319556007081,63,2.6483795895157365,1.0
7.040000000012251,10.386208802567015,19.345889704302696,4116.897932961496,1637.049039340542,61,2.6601694593760943,1.0
7.060000000012382,10.373905798171899,17.469353178770376,3356.9613053307608,1413.218308533169,61,2.6719473382661305,1.0
7.080000000012513,10.388727542617174,15.937106639342206,2793.9050483714195,2353.4628511260053,57,2.683558761711302,1.0
7.100000000012644,10.435570151563738,15.232066602701796,2552.1743828805775,1823.2753216173644,56,2.6949762259889836,1.0
7.120000000012775,10.544235657128336,15.893232500493658,2778.543232462227,4865.041087537681,60,2.706327816620154,1.0
7.140000000012906,10.754824979217782,17.644511963180683,3424.6168266070886,5749.544697834346,62,2.717624424080731,1.0
7.160000000013037,10.911233313924548,20.565975506874082,4652.552834042792,15296.166028292679,62,2.7287289145428524,1.0
7.180000000013168,10.983986003090811,23.626157298417255,6140.148395585104,11366.475305946951,62,2.739529139522031,1.0
7.200000000013299,10.96106777651357,21.921685473786848,5286.163234128011,1994.0369060303067,61,2.749967926762103,1.0
7.22000000001343,10.951667435929835,18.93224790864965,3942.7301196202598,853.6824382009432,65,2.7601912249203333,1.0
7.240000000013561,10.921255851285572,16.070292878107896,2840.7974450698193,3152.8532363731842,69,2.7701930870940985,1.0
7.260000000013692,10.86544333128887,13.79763720305962,2094.122716259804,2748.0094955539207,69,2.7798982804232373,1.0
7.280000000013823,10.662703919004507,11.82578322380185,1538.3406374198858,3398.12199185096,71,2.78924657949372,1.0
7.300000000013954,10.451331607265718,10.405525899751362,1191.0246617543603,7337.050096758662,69,2.798188710760428,1.0
7.320000000014085,10.466738717931973,9.504990133932269,993.7932119076474,4246.001105442586,70,2.806695663331031,1.0
7.340000000014216,10.527727538603136,8.781663635638823,848.293778304514,1818.8738680385625,69,2.8147764566662206,1.0
7.360000000014347,10.587068349731538,8.375143955193984,771.5733989724456,1569.159496178637,68,2.822494193814502,1.0
7.380000000014478,10.583865372421739,8.065104663930104,715.5050456416183,3720.6005469857914,70,2.829955159902843,1.0
7.400000000014609,10.572166848869806,7.72239958597102,655.9900090194592,1880.8411457676766,68,2.8371770708553083,1.0
7.42000000001474,10.561169804481152,7.436998215431287,608.3983670196096,473.216523106419,70,2.8441163353231085,1.0
7.440000000014871,10.512439956696742,7.024139852967772,542.7239474145513,2400.8169120050925,70,2.8507389918524044,1.0
7.460000000015002,10.094466854175241,6.51520135991402,466.9263363624804,18979.025237394475,69,2.857023093037368,1.0
7.480000000015133,9.288459434208995,5.493897899969377,332.0120554881672,10989.119679795456,70,2.862956277574531,1.0
7.500000000015264,9.192798624792772,4.086218510615117,183.66899888142987,651.725356522587,70,2.868533791661828,1.0
7.520000000015395,9.247880426758893,3.4979982005898043,134.59590552462458,787.1383334723854,70,2.87375689907132,1.0
7.540000000015526,9.288753874083305,3.4330266770115885,129.64239381580552,128.76179200288053,72,2.87863152592692,1.0
7.560000000015657,9.317591315122918,3.4960612962964954,134.44689046208566,181.74536878163178,71,2.8831671416924136,1.0
7.580000000015788,9.389740491626652,3.5488831753503263,138.54028971513077,279.53639636605243,73,2.887375839472598,1.0
7.600000000015919,9.47486625349842,3.5886702499217837,141.66409578941045,221.34612478871307,70,2.891271584151846,1.0
7.62000000001605,9.556881710975182,3.729163184999408,152.97323866390423,459.74561546106133,67,2.8948699300796137,1.0
7.640000000016181,9.621762093013716,4.005270380338382,176.46409901577562,356.37772052200773,65,2.898228857639942,1.0
7.660000000016312,9.667549301519125,4.084449763961896,183.51002861761222,200.04809590622412,72,2.9014559893961107,1.0
7.6800000000164435,9.599845728241915,4.019141141911611,177.68845070467222,1101.0766343523978,71,2.9046097444810264,1.0
7.7000000000165745,9.33645774963704,3.861881124744223,164.05538403821274,9108.353801175124,68,2.9078524927380056,1.0
7.7200000000167055,9.270076768605628,3.7188572528798467,152.12889194026744,1630.298412956354,67,2.9111673813332843,1.0
7.7400000000168365,9.17889390511398,3.4414637997402764,130.2804039341506,1206.8386367561397,66,2.9144923813967973,1.0
7.7600000000169675,9.041375133887184,3.1197568670170353,107.06171200229942,3055.5071060083137,66,2.9178534557969353,1.0
7.780000000017099,8.93056596234302,2.913109157389999,93.3482545915642,2839.9987731349383,67,2.921434730779369,1.0
7.80000000001723,8.84545699802956,2.7843025445461613,85.27574725522851,1071.654815324477,69,2.9253558687155623,1.0
7.820000000017361,8.83219438264983,2.703395428681876,80.39181528199872,803.0610559098589,67,2.929557510673642,1.0
7.840000000017492,8.84088370864839,2.6418099824342556,76.7707598161821,5814.179134686484,65,2.9339217597554352,1.0
7.860000000017623,8.795476762443023,2.5969112190379007,74.18342667521406,12371.842544347413,62,2.938351598857691,1.0
7.880000000017754,8.804978414416986,2.660063155232509,77.83529588808085,10021.582486822237,56,2.9427706611311715,1.0
7.900000000017885,8.880053362386665,3.2091585816836163,113.28568682632961,17615.186072185028,54,2.947119704976895,1.0
7.920000000018016,8.944292276777395,5.957757991205937,390.4436830995602,28843.28910929385,54,2.951353633722371,1.0
7.940000000018147,8.974352278762668,10.083209031477121,1118.3821480970796,39766.96549351977,54,2.9554389804751,1.0
7.960000000018278,8.94839705043687,13.804467196035345,2096.1964602305757,38512.192718899314,54,2.959351789834322,1.0
7.980000000018409,8.925850910691464,15.790886325123154,2742.8730002625757,24078.82258345144,50,2.963075837792711,1.0
8.00000000001854,8.90711173564706,16.209382084010127,2890.1847429997133,10939.40645008373,52,2.966601139483365,1.0
8.02000000001867,8.882716296656577,15.009103068483306,2478.004924123905,2102.3680967649234,53,2.9699227016076617,1.0
8.040000000018802,8.88461564498933,13.665425000057745,2054.1822447542354,1431.3014798510965,45,2.9730399642943053,1.0
8.060000000018933,8.906517031546981,12.675748718592011,1767.4206613457573,1361.958478449251,43,2.9759552976869905,1.0
8.080000000019064,8.923170451663829,11.813589673423914,1535.1699106923097,1493.723449785972,42,2.978672923849549,1.0
8.100000000019195,8.918717918044393,10.992366739894722,1329.1533919877809,1292.441041664815,40,2.9811988839800656,1.0
8.120000000019326,8.89643572460782,10.245153207916157,1154.5948067904221,1152.9858890990183,59,2.983540549788426,1.0
8.140000000019457,8.865103968415664,9.603205318129731,1014.4370762037067,3458.173176905987,57,2.985706224927566,1.0
8.160000000019588,8.85967221843247,9.204543770766815,931.959886307584,2479.1426169875463,47,2.987704822020458,1.0
8.180000000019719,8.912447831826842,9.471551512008608,986.813168490958,6983.382620194282,40,2.989545602984074,1.0
8.20000000001985,8.987062597489611,10.958001137247308,1320.8556781630464,18782.085650001,43,2.9912379722025735,1.0
8.220000000019981,9.042800401339766,13.91308662688482,2129.3137743592133,26518.848786918563,42,2.9927913136871034,1.0
8.240000000020112,9.06996980046271,16.672323335399312,3057.630019401105,29680.875937379365,39,2.994214864716164,1.0
8.260000000020243,9.087261325130331,17.14684703179951,3234.157994451248,12973.301488223493,43,2.995517619609955,1.0
8.280000000020374,9.108415979378844,16.185949154732047,2881.8344504352817,4389.155384989653,54,2.9967082582827347,1.0
8.300000000020505,9.105260554154166,14.546370490882834,2327.565839038296,3118.347483873304,59,2.997795095061942,1.0
8.320000000020636,9.093866318950456,13.174560825268717,1909.2595823257566,1755.5150154605751,52,2.998786043983153,1.0
8.340000000020767,9.087051309341147,12.074659961428011,1603.77154502524,836.5928457346483,43,2.999688597382525,1.0
8.360000000020898,9.081543510504687,11.137176220993595,1364.403635952117,826.8401992477892,49,3.0005098151296745,1.0
8.38000000002103,9.059561374297429,10.298617597878552,1166.6767687006718,1437.2311035748714,54,3.0012563222858724,1.0
8.40000000002116,9.036751556326013,9.58587403928135,1010.7787920666497,585.6869833740466,54,3.0019343133475282,1.0
8.420000000021291,9.030871845274957,8.959502814778313,882.9995975682257,886.6139029959194,69,3.0025495659910075,1.0
8.440000000021422,9.025066857364735,8.424854729553294,780.7599493548416,2107.3369549427734,63,3.0031074684714674,1.0
8.460000000021553,9.04421675113573,7.976423535579152,699.8566566083513,1912.7037136335439,56,3.003612990707407,1.0
8.480000000021684,9.083977924829815,7.621771643453882,639.0054328345345,1944.5987048150353,55,3.004070724831231,1.0
8.500000000021815,9.122552514904065,7.461254587868589,612.3735202748907,2356.7382779039035,52,3.004488714164665,1.0
8.520000000021946,9.137739004014714,7.451607134889358,610.790937820074,3716.5789624321096,46,3.00492822769464,1.0
8.540000000022077,9.134537429669798,7.3939996811633675,601.3835441354838,2328.2619832213327,45,3.0054328789106677,1.0
8.560000000022209,9.121973647207895,7.404753530345041,603.1341232967309,4350.2804547098285,52,3.0059840771548285,1.0
8.58000000002234,9.101422760395442,7.275317084677978,582.2326255086799,4756.010369470674,58,3.0065637877715026,1.0
8.60000000002247,9.078773191555984,7.004075870176844,539.6278667471287,2561.374632255868,58,3.00715758718411,1.0
8.620000000022602,9.068292257391832,6.7578245392881815,502.35011754186075,592.4940529163745,54,3.0077540613992224,1.0
8.640000000022733,9.070851535979026,6.49896906604981,464.60258813619566,503.92093274190404,47,3.0083442962344416,1.0
8.660000000022864,9.075298462234445,6.236986891448224,427.9000603250667,1565.0413691873757,45,3.0089214459917666,1.0
8.680000000022995,9.093354837105789,6.064263188507306,404.52816821433277,1393.5923304586981,48,3.0094803691556353,1.0
8.700000000023126,9.100038671812618,5.882719707610659,380.67030274141916,1759.0465917425972,50,3.010017321298662,1.0
8.720000000023257,9.102206651467705,5.719873756307651,359.88651366906697,1131.7458076253433,58,3.010529696764046,1.0
8.740000000023388,9.120971390601854,5.570132533244902,341.2901408170459,358.81669091478386,61,3.011016036781578,1.0
8.760000000023519,9.160429556637997,5.427988023566375,324.09359382378,954.5238829290024,55,3.0114755494386043,1.0
8.78000000002365,9.216637547267416,5.295391246210624,308.45285295488515,1328.6985522075372,55,3.011907788676751,1.0
8.80000000002378,9.259465855738785,5.642588025470123,350.226795876967,7884.741986439471,47,3.012312787997854,1.0
8.820000000023912,9.303092352174772,7.694857648219315,651.3191764899523,18210.349024493036,50,3.0126909533993067,1.0
8.840000000024043,9.339255917220346,10.159456392375857,1135.3600960744532,18405.81022541886,49,3.0130429749123797,1.0
8.860000000024174,9.371246060804724,11.991663220007245,1581.79985460282,15106.663598707135,52,3.0133697538421753,1.0
8.880000000024305,9.399386895071109,12.657255407606334,1762.2672589871775,8818.740479139522,56,3.013672343233965,1.0
8.900000000024436,9.412377850082148,12.252761938019747,1651.4319262076397,2878.8561678024066,58,3.0139518994563095,1.0
8.920000000024567,9.407758530919073,11.246780413029763,1391.3907662480092,905.5973520981877,53,3.014209643105159,1.0
8.940000000024698,9.366585141759996,10.341862922405953,1176.495415764185,785.1235448719203,52,3.014446827702417,1.0
8.960000000024829,9.315411872199402,9.534313274777293,999.9344258375397,696.6807501655334,52,3.014664714892987,1.0
8.98000000002496,9.255392403695998,8.797456918673516,851.3477305950818,1209.8934444693498,50,3.014864555041765,1.0
9.000000000025091,9.199538474290483,8.153924933889835,731.3514101026138,1945.4461313201075,50,3.0150475723008747,1.0
9.020000000025222,9.143701415511035,7.582876898884302,632.5002426999653,2200.9153949299125,54,3.0152149533618107,1.0
9.040000000025353,9.125940510172043,7.095288764971386,553.7743492416209,4556.459011773519,61,3.015367839230265,1.0
9.060000000025484,9.118488543179211,6.669681917114727,489.33122563035903,7237.475251876754,66,3.015507319466481,1.0
9.080000000025615,9.112531237474034,6.332733695605068,441.13867665397004,8169.488434119714,65,3.0156344284234393,1.0
9.100000000025746,9.141489935024543,6.130680600265811,413.4376908472312,7495.475471786149,56,3.015750143091249,1.0
9.120000000025877,9.208342957594711,6.497178998008974,464.34668425385786,5159.348844247807,54,3.015855382220788,1.0
9.140000000026008,9.28635617920451,8.318490938173309,761.1702063731859,13251.494629571702,56,3.015951115836277,1.0
9.16000000002614,9.372260777908838,12.018751634134595,1588.954299273143,20824.48313669757,48,3.0160390393724694,1.0
9.18000000002627,9.449603135900029,15.349213165522693,2591.581792807207,24815.838078733326,45,3.0161198655266097,1.0
9.200000000026401,9.53684185535886,18.799925474676968,3887.809176387488,19934.488647404876,46,3.016194044551833,1.0
9.220000000026532,9.592625564043422,19.564555683329825,4210.490229947247,8657.34057663945,48,3.016262019332511,1.0
9.240000000026663,9.60819146590481,17.440410713578945,3345.847184441512,1315.15519147164,51,3.016324220844841,1.0
9.260000000026794,9.596158648775326,15.336697599135707,2587.3572257206847,4286.550661761083,50,3.0163810647925664,1.0
9.280000000026925,9.354621956310758,13.621967705668204,2041.1380459169425,5777.483396437126,46,3.0164329492035065,1.0
9.300000000027056,9.006688613854793,12.115395653201771,1614.610930169824,6566.870083349431,39,3.016480252806904,1.0
9.320000000027187,8.81855991192129,10.53257005317951,1220.2853511764722,7798.66135234872,46,3.0165233340406217,1.0
9.340000000027318,8.80826507304987,9.217819851326635,934.6502309266251,7973.954539437084,47,3.0165625305620396,1.0
9.36000000002745,8.820209111298158,8.150663245565784,730.7664247687866,8393.506999112291,49,3.016598159157558,1.0
9.38000000002758,8.849207248175173,7.469719664361883,613.7638305057008,8471.31045114169,50,3.0166305159632545,1.0
9.400000000027712,8.922360464703265,7.06540408319541,549.1192834471781,6976.315397676489,49,3.0166598769245754,1.0
9.420000000027843,8.97091907916297,6.794284748340839,507.78535765690634,4756.991231683698,49,3.016686498435457,1.0
9.440000000027974,8.973706278624302,6.5473474002995635,471.545337782304,4003.7224464379115,45,3.016710618108069,1.0
9.460000000028105,8.943976909853138,6.29741178391451,436.2313469380386,5610.738580422796,50,3.016732455633447,1.0
9.480000000028236,8.905574700522408,6.005572278698778,396.7358823414275,1936.8000306257775,63,3.0167522137007876,1.0
9.500000000028367,8.888449301575104,5.740628614747538,362.50298581704067,1412.8585424741968,57,3.016770078949508,1.0
9.520000000028498,8.847356309045994,5.4856062881299135,331.01063983207496,2466.6176558266316,53,3.01678622293357,1.0
9.540000000028629,8.758745677650836,5.254506333885223,303.70820494123916,3675.6658262613546,46,3.0168008030818965,1.0
9.56000000002876,8.671579120849984,5.103942318466174,286.55249909252854,2130.1655498677273,44,3.016813963642242,1.0
9.58000000002889,8.674624894971686,5.094725006530394,285.5184518138274,768.8173613449835,44,3.0168258365991854,1.0
9.600000000029022,8.73765405274285,5.154279639315889,292.23258460292965,279.10006426895137,50,3.01683654255907,1.0
9.620000000029153,8.777504144228386,5.086750485555105,284.62533552524604,1400.2580819255265,56,3.0168461915969647,1.0
9.640000000029284,8.778798916405917,5.0111825028020105,276.23145084027925,2429.156398751595,53,3.016854884062239,1.0
9.660000000029415,8.805130758715519,4.912119742268378,265.41812398621033,1127.8876906759308,52,3.0168627113407287,1.0
9.680000000029546,8.820099527802858,4.858154889022007,259.61835818301273,2939.6970971947776,49,3.016869756572535,1.0
9.700000000029677,8.798682171429286,4.93805340902499,268.22808617421657,5227.876890369423,52,3.016876095325228,1.0
9.720000000029808,8.778158594262537,5.2793463263805265,306.58647397254316,6467.367133406263,50,3.0168817962230867,1.0
9.740000000029939,8.720139386240993,5.778621041056675,367.3170724975722,7578.830920973813,57,3.0168869215332927,1.0
9.76000000003007,8.706022869802753,6.862197728079375,517.987334251835,8091.778029870274,59,3.0168915277104675,1.0
9.780000000030201,8.69573655805329,7.548392704378326,626.7605566146314,7040.608853171969,58,3.016895665901287,1.0
9.800000000030332,8.672792888203377,7.877353874751973,682.5797447487693,5369.620734998084,56,3.016899382410961,1.0
9.820000000030463,8.657980845318292,7.950417811609025,695.3005771706505,2569.308293409116,56,3.0169027191335096,1.0
9.840000000030594,8.689038416573364,7.874181904811413,682.0301473706544,1256.90761240047,54,3.0169057139479487,1.0
9.860000000030725,8.760150362156553,7.833782518914331,675.0496340901254,927.0970110686646,53,3.0169084010824454,1.0
9.880000000030856,8.82172947496627,7.821423943526083,672.9213975479942,1477.3386241358148,54,3.0169108114483905,1.0
9.900000000030987,8.844076312689692,7.696858946854189,651.6580141254631,996.0689841049743,54,3.0169129729465154,1.0
9.920000000031118,8.838386901007654,7.454601657447766,611.2819445834527,753.1014107693386,64,3.0169149107469377,1.0
9.94000000003125,8.820557221418259,7.223880382341833,574.028925562215,1439.6755933214954,68,3.0169166475450684,1.0
9.96000000003138,8.80797792388934,7.270004826313726,581.3826719208736,3045.9951049052966,63,3.0169188318676516,1.0
9.980000000031511,8.832847763146876,8.808714554420444,853.5279731138442,6608.848225129102,61,3.017080545120724,1.0
10.000000000031642,8.9051375966558,12.531402897999223,1727.3966445118167,15385.85088604374,62,3.017977171503544,1.0
10.020000000031773,8.992957699385725,16.51670165537949,3000.8157693009707,26571.315605404656,63,3.020004078139904,1.0
10.040000000031904,9.133471259805326,19.517976562610844,4190.465500084889,27433.361627804472,63,3.023295972597372,1.0
10.060000000032035,9.225338873577485,21.260013357818508,4971.869847720835,11174.428717008277,65,3.028566018120686,1.0
10.080000000032166,9.252177354360143,20.481130729008374,4614.243875326042,2729.833155259156,69,3.0367898709256713,1.0
10.100000000032297,9.225396701689617,18.01214575991068,3568.8113436389513,1787.6397141008101,67,3.048677093395257,1.0
10.120000000032428,9.010701737170049,15.583966191335305,2671.4600247795,4986.244193528403,65,3.06389857957786,1.0
10.14000000003256,8.626717037225863,13.614571584660347,2038.9221537722503,8867.133970214327,66,3.0815624911087207,1.0
10.16000000003269,8.14394267978977,12.07880704162151,1604.873375035979,13040.464099257759,69,3.100970514029055,1.0
10.180000000032821,7.970130949667898,10.722432034870005,1264.6760361664717,12237.914661217274,70,3.121512315786839,1.0
10.200000000032952,8.003386554762656,9.417366451885588,975.5546997801017,7986.177394280379,69,3.1426650754622583,1.0
10.220000000033084,8.079807934572159,8.660384018328726,825.0247647941596,6326.648492157278,70,3.163998238948812,1.0
10.240000000033215,8.161776006393639,8.080624165369462,718.261355921482,4110.531357221413,71,3.1851741508219744,1.0
10.260000000033346,8.203700248987516,7.671154414737409,647.3127106021977,513.9125599618578,70,3.205932403545003,1.0
10.280000000033477,8.203628196963528,7.400591973710194,602.4563771747811,278.00804758852183,69,3.2260766570090014,1.0
10.300000000033608,8.1850889193509,7.188128671993484,568.3611318564829,357.6036795439953,65,3.245465425029767,1.0
10.320000000033739,8.170805077164015,6.954491931328103,532.0145382519845,225.1402670397688,68,3.2639968681927733,1.0
10.34000000003387,8.145797069672545,6.672708615332703,489.7754429164881,2739.12640362749,71,3.2816036731461375,1.0
10.360000000034,8.144743104264757,6.393713360032785,449.675275832879,798.8676228933398,71,3.2982465798772562,1.0
10.380000000034132,8.116852592675599,6.14187007700878,414.94824847141416,245.29024804615733,69,3.3139077156136443,1.0
10.400000000034263,8.041779453299585,5.9426508871050325,388.46609522611254,328.7648984115684,66,3.328586868300709,1.0
10.420000000034394,7.963591122489637,5.854996448743236,377.090817562755,308.70808007315594,65,3.3422975697209463,1.0
10.440000000034525,7.958127206483141,5.877695725915834,380.0203775109419,383.2943276148369,63,3.3550638518427194,1.0
10.460000000034656,7.980439990415738,5.916650227431605,385.0742490514311,273.90641014019957,63,3.366928030237798,1.0
10.480000000034787,7.984275206899634,5.803186005918249,370.4466460121394,148.8540108833287,67,3.3779346423074643,1.0
10.500000000034918,7.975578677539109,5.660594432407198,352.465622610193,496.3947162122608,64,3.388120788905605,1.0
10.520000000035049,8.014494711786043,5.5279539960268185,336.1410292040776,2122.72650036332,64,3.3975267679077956,1.0
10.54000000003518,8.043315427125783,5.426180021124218,323.87772583812387,2817.313215089323,61,3.4061948014978456,1.0
10.560000000035311,8.086247393024113,5.4571895294144985,327.59009315946355,1935.7425293711435,59,3.4141680195146216,1.0
10.580000000035442,8.156389126297617,6.059005363936808,403.8270060023651,1159.629435404496,57,3.4214896561220955,1.0
10.600000000035573,8.223257721588235,7.177197610553956,566.6338209503556,4342.8269780039445,61,3.4282034409618456,1.0
10.620000000035704,8.275401336588734,8.885061201930823,868.3874381826204,12065.661294925694,60,3.434355704690471,1.0
10.640000000035835,8.308994706727779,10.310616628451438,1169.3969678478923,11146.43454385562,55,3.4399861066183357,1.0
10.660000000035966,8.321138951411783,10.241213297042849,1153.7069477507998,2069.8542445736416,52,3.4451324489948463,1.0
10.680000000036097,8.305049854369685,9.410707985947045,974.1756727644424,1149.4391607741375,50,3.4498347161684313,1.0
10.700000000036228,8.24143820718439,8.567158766895966,807.3583027092267,1370.2282721822146,46,3.4541273689380048,1.0
10.720000000036359,8.165146082725423,7.711615715427997,654.1591863667966,1038.6718543350469,46,3.458041583064609,1.0
10.74000000003649,8.100630413372905,6.99357566979674,538.0111071409021,2018.9983501746249,45,3.461606882978336,1.0
10.760000000036621,8.035605418866592,6.468844550316729,460.3054479777869,1423.5922562226228,63,3.4648510970317856,1.0
10.780000000036752,7.957897399550758,6.095443590427517,408.69875820492285,993.4169154487145,58,3.4678003463567375,1.0
10.800000000036883,7.878889289577106,5.790495905965638,368.82827120705286,3613.143731684424,57,3.470479060010113,1.0
10.820000000037014,7.820767687615716,5.519108457319074,335.0661398001603,7324.6465969042965,46,3.472910010354325,1.0
10.840000000037145,7.8660964105199955,5.235062347943411,301.46465565540257,9358.282430506923,42,3.4751143636807784,1.0
10.860000000037276,7.987376650306945,5.062630988957664,281.93255783389895,9404.581243527391,38,3.477111741982264,1.0
10.880000000037407,8.104304233266282,5.373172542493299,317.5808148854429,12150.64639058129,40,3.47892029253428,1.0
10.900000000037538,8.20305589978251,7.4357871348746585,608.2002334668423,24115.30089018727,45,3.4805567625791567,1.0
10.92000000003767,8.288959423931196,10.35228177157799,1178.8671166596052,24680.983824349136,32,3.482036576936882,1.0
10.9400000000378,8.33339416459075,12.294026402422285,1662.5739370180183,17539.305345664663,30,3.483373916809683,1.0
10.960000000037931,8.34470844160925,12.128832263136525,1618.1942927403163,4009.838384923407,35,3.4845817984157583,1.0
10.980000000038062,8.269892761574962,10.861078636328083,1297.593320589525,2441.9735002336233,35,3.485672150393399,1.0
11.000000000038193,8.129133703207616,9.737618460472813,1043.03334609915,2745.4155000729174,29,3.486655889169172,1.0
11.020000000038324,7.726038648402634,8.70173188190041,832.9215151893023,7929.533606968849,32,3.4875429916915115,1.0
11.040000000038455,7.282577327444135,7.879988779557452,683.0364548254648,13160.133531252171,34,3.4883425651007625,1.0
11.060000000038587,7.275641279442506,7.250526061094843,578.2714097887705,11312.655397623594,40,3.489062913045004,1.0
11.080000000038718,7.360054654926738,6.741370309324555,499.9068101218691,8817.150801322723,40,3.4897115984621907,1.0
11.100000000038849,7.449113897380706,6.314191856135919,438.55920675702475,8940.23045663219,40,3.4902955027384155,1.0
11.12000000003898,7.327320149813465,5.857837234680321,377.45682774807915,14150.804036223104,27,3.4908208812226578,1.0
11.14000000003911,6.811700534763533,5.1565713706337615,292.49251130483725,24813.117760459798,34,3.4912934151336277,1.0
11.160000000039242,6.62458335782913,4.598363652345751,232.59443107136008,22228.860349757095,27,3.491718259936611,1.0
11.180000000039373,6.550331970240908,4.296313114944373,203.04137019807322,18782.1897052692,25,3.492100090300292,1.0
11.200000000039504,6.529256336068317,4.0272000141438,178.40173949311801,9242.924324278256,27,3.4924431417666226,1.0
11.220000000039635,6.538929967854328,3.9451689655105633,171.20793983070456,2997.4618802277223,39,3.4927512492832316,1.0
11.240000000039766,6.526318002752172,3.924789425461967,169.44369237639884,581.4607597450753,32,3.4930278827582346,1.0
11.260000000039897,6.494393213466446,3.8487280525354763,162.93978384610872,738.1891153698524,33,3.493276179803476,1.0
11.280000000040028,6.424783132858128,3.755481883476924,155.14008594835724,1147.683086347623,28,3.4934989758344357,1.0
11.300000000040159,6.322223491886105,3.621287675075355,144.25096868217935,1257.1039063165238,26,3.4936988316944633,1.0
11.32000000004029,6.2585467716237995,3.4631609667220684,131.92832269570064,1279.3692977805808,38,3.493878058968454,1.0
11.34000000004042,6.19017881799687,3.3626706469115395,124.38309267560518,2147.190079403865,40,3.494038743146379,1.0
11.360000000040552,6.121595642851562,3.301175278922162,119.87534044383496,3224.334580080445,38,3.494182764791578,1.0
11.380000000040683,6.195930454392561,3.2719876680582547,117.76493629917826,5120.647193595718,27,3.4943118188620637,1.0
11.400000000040814,6.311018578220173,3.3013403083018686,119.88732614340546,3294.1319420181803,28,3.494427432325854,1.0
11.420000000040945,6.400574681601538,3.573575777689576,140.47488222778622,2062.7539563481346,38,3.4945309802038853,1.0
11.440000000041076,6.451714853966747,3.761974939305386,155.6770098835794,2399.3198301038715,46,3.4946237001662377,1.0
11.460000000041207,6.474517829188508,4.080237414166782,183.13171091563072,3482.0377458113844,48,3.4947067057996666,1.0
11.480000000041338,6.485040872010577,4.426794284839325,215.5615840431472,4970.95928883218,33,3.4947809986567004,1.0
11.500000000041469,6.474863698454132,4.987369174524195,273.61236411293567,9268.342116613643,23,3.494847479189141,1.0
11.5200000000416,6.521527380230653,5.612687272434752,346.5248425996616,8207.886027752078,33,3.494906956661342,1.0
11.540000000041731,6.559630431744476,6.0700326758804355,405.29826354881817,7852.957544839286,46,3.4949601581319065,1.0
11.560000000041862,6.582584957447219,6.690096193354115,492.3312578396435,9884.88327161829,47,3.495007736585459,1.0
11.580000000041993,6.595134719646051,7.6690215972626445,646.9528148520898,12231.740681330579,43,3.4950502782900976,1.0
11.600000000042124,6.651469510908074,8.87152057618961,865.7426506713119,11958.520516306848,37,3.495088309449969,1.0
11.620000000042255,6.7206746600547955,9.78491059317773,1053.189228481299,8737.751422600431,39,3.4951223022168914,1.0
11.640000000042386,6.772232998140156,9.926650612975257,1083.9223163129025,2850.494801595962,41,3.4951526801195834,1.0
11.660000000042517,6.794244438617152,9.396269627957796,971.1887121341035,1378.804320543989,28,3.495179822964323,1.0
11.680000000042648,6.770544389573924,8.707064654076614,833.9427237929734,1038.8574540264406,21,3.4952040712560772,1.0
11.70000000004278,6.657738614080219,7.808531655582229,670.7048327785271,1224.0579456723026,23,3.495225730185102,1.0
11.72000000004291,6.52190604781313,7.064725959606097,549.0138817276552,2343.642670300585,41,3.495245073219964,1.0
11.740000000043041,6.391356648065203,6.537658003307547,470.15069385032336,5959.96912675638,44,3.495262345344323,1.0
11.760000000043172,6.304853828070017,6.137036892845873,414.2954400656646,9293.513369922393,35,3.4952777659715717,1.0
11.780000000043303,6.261910731353655,5.86649057042292,378.57282774147143,9287.133851330442,31,3.495291531568266,1.0
11.800000000043434,6.291440632014321,5.6638388643653546,352.86977749644973,3692.4473623779936,26,3.4953038180144556,1.0
11.820000000043565,6.319422833606448,5.519304646239379,335.0899615579956,792.6050562252957,30,3.495314782726505,1.0
11.840000000043696,6.321061660427308,5.395321564676151,320.20444264885464,611.8138027326746,38,3.495324566565592,1.0
11.860000000043827,6.306850548518543,5.2086889433328984,298.43484559238226,2183.6551879584326,33,3.4953332955528706,1.0
11.880000000043959,6.253677525015489,4.9690236496923434,271.60315634321995,2736.017439847621,27,3.495341082410429,1.0
11.90000000004409,6.165654666863854,4.625351556465488,235.33264722987482,1226.026316755532,18,3.495348027945135,1.0
11.92000000004422,6.15489973285344,4.338356399621438,207.03469875149915,930.3976853280069,55,3.4953542222911347,1.0
11.940000000044352,6.139178143168914,4.170517845902089,191.32541013286578,2369.928848212055,51,3.4953597460250014,1.0
11.960000000044483,6.023389212895776,4.049931517400819,180.42139825200152,6990.08000291646,36,3.495364671166332,1.0
11.980000000044614,5.917035564125306,3.9718152207921897,173.5284776292816,7799.7323963168465,25,3.4953690620752713,1.0
12.000000000044745,5.973655991951475,4.030204238756865,178.66800826703184,4219.3671369465565,20,3.4953729762573738,1.0
12.020000000044876,6.065280427321894,4.154826014481788,189.88837131676084,5214.404390432573,32,3.4953764650851666,1.0
12.040000000045007,6.124086925917669,4.855984854149098,259.38647794097983,8157.963660417834,46,3.495379574444843,1.0
12.060000000045138,6.150702517020163,5.525722897770787,335.8697489724322,6890.827436488947,40,3.4953823453157793,1.0
12.080000000045269,6.131894824180722,6.059228852850325,403.85679720335247,6365.596266339503,35,3.495384814289637,1.0
12.1000000000454,6.090264288979485,6.028479278013937,399.7681864598778,3257.477838925724,21,3.495387014035285,1.0
12.12000000004553,5.923079367684155,5.442928708226363,325.8802021511818,3551.3234188567444,24,3.4953889737151096,1.0
12.140000000045662,5.791074220860798,4.9407417181424975,268.52021597933043,2669.1203768687637,48,3.495390719357677,1.0
12.160000000045793,5.747740439976625,4.615923456488953,234.37424291781414,3263.527305759264,44,3.495392274191273,1.0
12.180000000045924,5.705610791331916,4.351655768605352,208.30598721279858,5415.096375806081,37,3.495393658942376,1.0
12.200000000046055,5.5127140486251625,4.143938746441657,188.89451167686497,10357.310947999453,30,3.495394892102664,1.0
12.220000000046186,5.330876305674205,3.9754253436106888,173.8440732888438,9615.66447469258,33,3.4953959901678395,1.0
12.240000000046317,5.392435027002099,3.860763519632538,163.96044449977964,3031.5863167282805,39,3.4953969678512267,1.0
12.260000000046448,5.453193339497485,3.737620677798991,153.66789164221646,2038.7130796358747,46,3.495397838274742,1.0
12.280000000046579,5.430272496808909,3.6458674642816713,146.2158452381843,5941.718133124908,43,3.4953986131395864,1.0
12.30000000004671,5.301594840773057,3.5622696133232483,139.5874127780678,7640.405400615899,41,3.495399302878873,1.0
12.320000000046841,5.302836436998996,3.5375863781732177,137.65969121340373,4721.083271395797,41,3.4953999167939447,1.0
12.340000000046972,5.343162706931715,3.5770420447525475,140.74752768920234,5606.137826770486,44,3.4954004631762374,1.0
12.360000000047103,5.389941208173431,3.7328539537581436,153.27618504096586,10854.847325991675,40,3.4954009494160942,1.0
12.380000000047234,5.451780687440827,4.996339606483002,274.59750409641794,18115.942037008524,35,3.495401382099987,1.0
12.400000000047365,5.496273319932543,7.573926016935483,631.0079084101342,23829.146490674182,38,3.4954017670973414,1.0
12.420000000047496,5.544738855594572,10.482808980473791,1208.7821253321217,22126.055649589955,42,3.495402109638038,1.0
12.440000000047627,5.604356469859057,12.74608709968539,1787.0900998804295,17997.797395226753,44,3.4954024143816573,1.0
12.460000000047758,5.657364805970916,13.60054376268639,2034.7226970482243,8450.575443959948,32,3.4954026854792275,1.0
12.48000000004789,5.6955816247596935,12.79164553678668,1799.8881509267403,1015.5520492812506,36,3.495402926628361,1.0
12.50000000004802,5.722217539414809,11.640254262591906,1490.4507122756793,942.174480624935,24,3.4954031411224964,1.0
12.520000000048151,5.726111691402693,10.403578056039594,1190.5788000491943,1265.8827190861846,23,3.495403331894782,1.0
12.540000000048282,5.686965295296691,9.267691302856617,944.791122935486,302.100228245004,41,3.495403501557247,1.0
12.560000000048413,5.636934306268913,8.448004088110697,785.0565038000855,1110.602515322069,58,3.495403652435772,1.0
12.580000000048544,5.5729950720379735,7.831034542576224,674.5761220772421,2152.976922678208,51,3.4954037866012215,1.0
12.600000000048675,5.5387186915861335,7.36580135838519,596.8053261630803,2722.231924543138,39,3.495403905897257,1.0
12.620000000048806,5.550722046428703,7.031054285635213,543.7929680430423,3656.9919486621316,37,3.4954040119651344,1.0
12.640000000048937,5.608890849004777,6.738151125965588,499.4294865598646,1921.9080058617428,38,3.495404106265791,1.0
12.660000000049068,5.6592076035937975,6.484970149061174,462.6032161763595,325.9830014269681,61,3.4954041900995616,1.0
12.6800000000492,5.687088925373045,6.25400878822226,430.2388851547738,91.48527278221883,61,3.49540426462373,1.0
12.70000000004933,5.6716676939610124,6.015084258275581,397.9936249757017,462.8842527859611,56,3.4954043308681766,1.0
12.720000000049462,5.628441182467399,5.732023846819485,361.4170711855797,1338.8121309381886,47,3.495404389749354,1.0
12.740000000049593,5.547483283895186,5.269691257095153,305.466105396156,581.016307665642,40,3.4954044420827057,1.0
12.760000000049724,5.468887766869984,4.831697605193385,256.79831922834643,673.5574078142728,44,3.49540448859375,1.0
12.780000000049855,5.398707389342306,4.530490324393502,225.7787683736545,1987.948418202528,52,3.49540452992794,1.0
12.800000000049986,5.190761858965963,4.280911517110658,201.58823759063742,7073.960123389807,45,3.4954045666594595,1.0
12.820000000050117,5.01559426078652,4.0867985758020895,183.72114859095785,13967.507136014578,46,3.4954045992990723,1.0
12.840000000050248,5.113193823779639,3.904090165388523,167.66112021431724,8031.055011470095,53,3.4954046283010753,1.0
12.860000000050379,5.221369336576616,3.7902955909646954,158.0297473357505,4449.907296509003,53,3.4954046540695183,1.0
12.88000000005051,5.309975624808879,3.7828229019806945,157.40724018524605,2021.0224743742094,54,3.4954046769637457,1.0
12.90000000005064,5.350731909311602,3.7886267355565346,157.8906179551114,1389.6438038417336,56,3.495404697303313,1.0
12.920000000050772,5.344649820946309,3.7725477527094218,156.553282011202,3094.7774283027734,55,3.495404715372386,1.0
12.940000000050903,5.265433366702801,3.749765781242419,154.6681775559423,1811.3063382337725,49,3.4954047314236147,1.0
12.960000000051034,5.151228436676466,3.6071247422690234,143.12483796918306,3106.2614687061837,44,3.4954047456816486,1.0
12.980000000051165,5.045799471438294,3.3256905725395525,121.66239562706303,1111.7119374198846,47,3.4954047583462113,1.0
13.000000000051296,4.996898236635092,3.075296783686863,104.03195338530242,1042.5826251938397,48,3.495404769594858,1.0
13.020000000051427,4.929684383089248,2.8997939882944412,92.49685692003442,1887.9174058742651,49,3.4954047795854186,1.0
13.040000000051558,4.718734586170132,2.7863564914134544,85.40160746966085,4837.070066368329,43,3.495404788458207,1.0
13.060000000051689,4.459691904355841,2.7011434476906517,80.25793517502355,8709.132738429924,48,3.4954047963379122,1.0
13.08000000005182,4.498027703555031,2.6043515017323746,74.60911419033242,5634.393969971545,51,3.495404803335377,1.0
13.100000000051951,4.587055031311944,2.52911738628114,70.36078228948499,4168.332074766318,58,3.4954048095491026,1.0
13.120000000052082,4.656977097080234,2.526417232989828,70.21062438662776,3083.5591308212975,53,3.4954048150666375,1.0
13.140000000052213,4.714016155899722,2.612007997128132,75.04844354767447,2137.1161354042115,52,3.4954048199657666,1.0
13.160000000052344,4.753564232821273,2.75337573544347,83.39185734581756,1142.22702864357,57,3.495404824315624,1.0
13.180000000052475,4.769825278500866,2.8323701162018446,88.24552522668576,378.81732588136026,64,3.4954048281776227,1.0
13.200000000052606,4.763523227478745,2.869131784182629,90.55108914507696,796.4014667236816,63,3.4954048316063435,1.0
13.220000000052737,4.741554825668643,2.9026668619342555,92.68022402508385,1987.5878122795561,61,3.495404834650272,1.0
13.240000000052868,4.718377309092039,2.887114973559987,91.68976157609713,2303.4860550514977,58,3.4954048373524795,1.0
13.260000000053,4.706726085367753,2.874416337788725,90.88496211241421,1428.1080938299401,54,3.495404839751243,1.0
13.28000000005313,4.73792970747611,2.803561930447846,86.45955447642098,68.24890199713148,60,3.4954048418805472,1.0
13.300000000053261,4.757081503148312,2.768250340608137,84.29530943104773,156.52642083772577,64,3.495404843770584,1.0
13.320000000053392,4.741893756526842,2.748102213717454,83.07272354742648,582.2304619121603,61,3.495404845448185,1.0
13.340000000053523,4.683293778183654,2.8497976757144814,89.33481471758427,4684.0495222965355,57,3.4954048469371677,1.0
13.360000000053654,4.672843020134647,3.3852062739098048,126.05583668610134,5966.237846305118,55,3.4954048482586884,1.0
13.380000000053785,4.729066242579257,4.7003358677276275,243.0247299639151,4467.529508356259,59,3.4954048494315435,1.0
13.400000000053916,4.790209083101515,5.9231182112942955,385.9166227946274,6921.5532033381505,61,3.4954048504724162,1.0
13.420000000054047,4.83646017657517,6.758880283095635,502.50708949340833,8272.734847192174,61,3.4954048513961227,1.0
13.440000000054178,4.860487382994132,7.322903281943217,589.8740372436422,5722.538075463947,59,3.4954048522158283,1.0
13.46000000005431,4.866694036213726,7.282569285433399,583.3939693685172,2804.3976688729545,57,3.4954048529432167,1.0
13.48000000005444,4.8663630158615545,6.862702965367933,518.063611899568,1071.6099613068302,53,3.495405039452131,1.0
13.500000000054571,4.838959312302502,6.4192380201580495,453.27278435386893,761.1259776764817,64,3.4954057574702206,1.0
13.520000000054702,4.842609802524781,6.057806544237051,403.6672214014137,297.9537101957482,66,3.4954068936334286,1.0
13.540000000054834,4.835102441507096,5.765099290263212,365.6000680925273,109.48411673346949,66,3.4954083391486352,1.0
13.560000000054965,4.812670835227244,5.523782959080794,335.6339599693451,1019.0565217584433,61,3.495410005090583,1.0
13.580000000055096,4.7670384113651565,5.305727092055991,309.65813972914617,1854.4842316899012,60,3.4954118192259274,1.0
13.600000000055227,4.725823170464511,5.101745576420672,286.3058871918069,3955.2635144491683,57,3.4954137233104663,1.0
13.620000000055358,4.745184363165046,4.980934849429875,272.9068317169151,2461.6890389222613,54,3.495415670791982,1.0
13.640000000055489,4.780696552676389,5.045673194452131,280.0469978373404,1796.8885173248377,55,3.4954176248606537,1.0
13.66000000005562,4.8075095438486635,5.143787614982196,291.04406130848656,1843.6355291975972,64,3.495419556796928,1.0
13.68000000005575,4.808604993626031,5.000329435870466,275.03623913955914,474.0964335215239,67,3.4954214445737795,1.0
13.700000000055882,4.801503681642262,4.841916543244423,257.88571392918425,257.3711278835452,62,3.4954232716763087,1.0
13.720000000056013,4.789800624736684,4.671621603663189,240.06453248593886,865.745998436705,60,3.4954250261068625,1.0
13.740000000056144,4.807264159341311,4.448470362230676,217.67777420009193,484.2508982296252,53,3.4954266995482812,1.0
13.760000000056275,4.824293786911322,4.241068463729938,197.8532788544908,137.67703728802962,65,3.495428286661775,1.0
13.780000000056406,4.849668138986055,4.12001381834459,186.719652496854,54.031796941769514,66,3.4954297844993834,1.0
13.800000000056537,4.838417672203338,4.009028497276608,176.79540441173535,2130.4836138108944,68,3.4954311920136454,1.0
13.820000000056668,4.810824776205741,3.926592315235061,169.5993993106934,1222.163511166515,61,3.49543250964975,1.0
13.840000000056799,4.792045340408969,3.806556845484137,159.38862519692358,2174.197538562669,59,3.4954337390075527,1.0
13.86000000005693,4.797454439467938,3.7979197267218487,158.66613675685258,3204.2023462935654,52,3.495434882562601,1.0
13.880000000057061,4.822029412223962,4.209698092309269,194.93713831231528,6789.557101250617,54,3.49543594343695,1.0
13.900000000057192,4.847363242946401,4.8572788951620645,259.52474091925484,8034.715983873208,54,3.495436925211906,1.0
13.920000000057323,4.878799872484725,5.47217730372892,329.391968877905,7032.02905201138,53,3.4954378317760013,1.0
13.940000000057454,4.9005893515784935,5.902823277865364,383.2765491468012,4002.32689305935,57,3.495438667202463,1.0
13.960000000057585,4.9195876351806715,5.997190328421542,395.6292101884418,1746.4499670593539,53,3.4954394356513325,1.0
13.980000000057716,4.941979176048446,5.851583942422975,376.6513809874465,1798.2014800870745,54,3.4954401412921636,1.0
14.000000000057847,4.969033059083316,5.613410323870882,346.61413010554224,810.1959754771939,50,3.49544078824374,1.0
14.020000000057978,4.990920930568808,5.3504240668783885,314.89741464974617,207.51662580307624,66,3.495441380527908,1.0
14.040000000058109,4.995968120024598,5.162943094382582,293.2157953541607,311.79945666361186,62,3.4954419220350434,1.0
14.06000000005824,4.970899057652472,5.1439524460378525,291.06271443808686,1732.175180595311,58,3.495442416499001,1.0
14.080000000058371,4.964518862908402,5.273778450064554,305.9401305440182,4150.219388373878,51,3.495442867479818,1.0
14.100000000058502,4.960445118537707,5.810096321152823,371.32941187180927,7499.279202165595,52,3.4954432783527025,1.0
14.120000000058633,4.972663662650817,6.901333302248712,523.9124148359983,10635.129579160928,50,3.495443652302064,1.0
14.140000000058764,5.02089071198542,8.55385293198154,804.852399801661,14216.792214174484,47,3.4954439923194567,1.0
14.160000000058895,5.083925389509017,10.518386929573103,1217.001099602357,14357.323861235718,47,3.4954443012047736,1.0
14.180000000059026,5.14554868864613,11.832059283122936,1539.9738956726922,6727.093116448813,50,3.495444581569762,1.0
14.200000000059157,5.198766727090247,11.91189432669165,1560.8254909529558,2255.3675652693496,50,3.495444835843433,1.0
14.220000000059288,5.2425376373414805,11.04154757967162,1341.0735024956743,922.776680823082,51,3.4954450662787986,1.0
14.24000000005942,5.270946291829942,10.156415310734953,1134.6804916054452,1482.2320914949387,48,3.4954453285680196,1.0
14.26000000005955,5.271413796019302,9.252931562114462,941.7841674249137,2109.0854341236104,47,3.4954471962295597,1.0
14.280000000059681,5.245452937474193,8.399067503434365,775.987684199719,158.470038911808,69,3.4954509853853093,1.0
14.300000000059812,5.240957977588034,7.797944790950343,668.8873725898054,250.17822531120703,68,3.4954562160715694,1.0
14.320000000059943,5.197959845861911,7.329088967803671,590.8709960777962,1915.1156922402604,60,3.4954624949052118,1.0
14.340000000060074,5.1595025321824,6.923900709296662,527.3444113541871,2455.760182142339,60,3.4954695013253136,1.0
14.360000000060205,5.140500174145192,6.587808601290741,477.39144383964293,2765.486556411112,56,3.4954769758773336,1.0
14.380000000060337,5.138385539000353,6.2953305518242955,435.9430543240563,1770.8648765868677,56,3.495484714546363,1.0
14.400000000060468,5.15058014854347,6.0529729845594415,403.0233014698708,1161.3121438084297,60,3.49549663157025,1.0
14.420000000060599,5.163066033605313,5.818783615780416,372.4406704400207,936.5758626139198,71,3.4955235292564035,1.0
14.44000000006073,5.1643127152902935,5.596232905469198,344.49605005481845,2408.1723772564796,66,3.495564134310825,1.0
14.46000000006086,5.153850530379027,5.385120609480553,318.9947637651742,1446.278064090496,59,3.495614833480261,1.0
14.480000000060992,5.1291463831880595,5.133151524063032,289.8416902588969,2310.582014630741,50,3.4956726758779446,1.0
14.500000000061123,4.959587842038251,4.779179194694918,251.2460915250524,3278.1488840785064,51,3.4957352669107786,1.0
14.520000000061254,4.89583166453173,4.417068623494919,214.6154474712963,412.04231026964834,62,3.495800678025358,1.0
14.540000000061385,4.882970705320468,4.136373544408856,188.20544708774028,828.712601348057,64,3.495867370015452,1.0
14.560000000061516,4.791834868219624,3.9279111487089216,169.71334591367025,2483.22399162026,59,3.495934127946182,1.0
14.580000000061647,4.635550155648052,3.756340278023588,155.2110151273256,4433.766241885326,60,3.496000006020427,1.0
14.600000000061778,4.619104476990774,3.6133850670717433,143.62206807230774,4345.419397308651,58,3.4960642809464826,1.0
14.620000000061909,4.6838835475921705,3.514814852931156,135.89315795424008,3173.5050789847405,56,3.4961264125676954,1.0
14.64000000006204,4.7463009289882265,3.4852311590841603,133.6151985547623,1797.2101105796219,55,3.496186010689038,1.0
14.66000000006217,4.795821446744784,3.4997708170995963,134.73235349444172,638.4435371669298,54,3.4962428071858715,1.0
14.680000000062302,4.823806372637478,3.513115475853812,135.76178381351912,2054.3660487944767,63,3.4962966326097606,1.0
14.700000000062433,4.804148272944242,3.4765449723371544,132.9500143915102,2021.4569819931783,66,3.496347396618038,1.0
14.720000000062564,4.765233339695771,3.4250869936176493,129.04343005233665,670.2304668780583,57,3.4963950716501735,1.0
14.740000000062695,4.731173970358026,3.3755110667114825,125.33482457640858,1437.6221528214799,55,3.496439679356875,1.0
14.760000000062826,4.657530577955161,3.273462496438052,117.87112387145088,1780.6734398999026,54,3.4964812793593634,1.0
14.780000000062957,4.575231805277489,3.086021372090226,104.75880699897404,324.47343663830884,60,3.496520133544898,1.0
14.800000000063088,4.568737423903181,2.9444974770819035,95.37071931795865,318.9693365937415,65,3.496558808702647,1.0
14.820000000063219,4.5720612785403025,2.826579018773001,87.88503844304516,1144.5470310104506,62,3.4965977333365297,1.0
14.84000000006335,4.471042669503085,2.731508512108429,82.07252626892884,4141.962451358471,56,3.4966363090717727,1.0
14.860000000063481,4.347661489066157,2.6475988429912465,77.10757596749445,6007.585706617951,54,3.4966740754076415,1.0
14.880000000063612,4.360823031804369,2.6108136588428095,74.97982757320196,4229.840918750276,50,3.4967106854937025,1.0
14.900000000063743,4.428391368423267,2.6237315092058138,75.7236373563936,2686.022076304729,44,3.4967458857053106,1.0
14.920000000063874,4.489190628872637,2.7053797579262557,80.5098759805684,730.8205503968952,50,3.4967794984588108,1.0
14.940000000064005,4.5338087862742205,2.8174717391592474,87.31961701057138,298.5513583780058,59,3.4968114077859678,1.0
14.960000000064136,4.558790729538726,2.8744815297965385,90.88908471655593,249.80867022311813,63,3.496841547255539,1.0
14.980000000064267,4.541557652534885,2.886330340970989,91.63993120930675,718.1214681581956,58,3.4968698898886825,1.0
15.000000000064398,4.496724648030745,2.8543206691889402,89.61861130815119,2291.6134372620286,49,3.496896439765732,1.0
15.02000000006453,4.431528851674441,2.735511790592781,82.31327232119334,2955.041134440208,44,3.496921225065405,1.0
15.04000000006466,4.333462370947841,2.5521707827834836,71.64933274943026,1128.188501370677,45,3.496944292315137,1.0
15.060000000064791,4.311324825884171,2.41486128739966,64.14710541119699,269.70864472508276,57,3.496965701663551,1.0
15.080000000064922,4.311536616862994,2.327176115537601,59.57323540001545,347.91112014815036,59,3.496985523013747,1.0
15.100000000065053,4.252045703556221,2.266844012495218,56.524399546839625,2681.7474567951995,54,3.497003832880068,1.0
15.120000000065184,4.0786144464216525,2.216442784433872,54.03880478335872,5797.859856109737,57,3.497020711851321,1.0
15.140000000065315,4.07781253020975,2.185065382253601,52.519617971953835,6819.724635178464,56,3.4970362425610255,1.0
15.160000000065446,4.152011696188248,2.2248775296193153,54.45088023985441,6904.773538289478,54,3.4970505080803704,1.0
15.180000000065577,4.224222672925961,2.4329446432740767,65.11141600959627,5456.585862666679,54,3.4970635906622274,1.0
15.200000000065709,4.2866635952351535,3.2210110194446093,114.12403186121962,8905.892943873472,54,3.4970755707758023,1.0
15.22000000006584,4.3336730252268225,4.351255008996506,208.267621686489,9331.986330359421,60,3.4970865263807136,1.0
15.24000000006597,4.354745174182741,5.362441979264855,316.3136237908018,7347.699233035347,51,3.497096532397457,1.0
15.260000000066102,4.3262147592205205,5.895429313155241,382.31695465051087,2098.9740681160533,55,3.497105660337941,1.0
15.280000000066233,4.2941316403764755,5.739446768911875,362.3537413449026,469.6060540628401,51,3.497113978065702,1.0
15.300000000066364,4.24590367895493,5.404527208041085,321.29805776701994,1104.3696304739558,46,3.4971215496603305,1.0
15.320000000066495,4.174327068532824,5.014670296149594,276.61609996993565,819.0021186173043,51,3.4971284591314276,1.0
15.340000000066626,4.1502078642632325,4.686296533046243,241.57512715205362,166.03822456475106,58,3.497137199577714,1.0
15.360000000066757,4.128715824320668,4.45028033286961,217.85494545238652,199.78149379664734,67,3.497148767146789,1.0
15.380000000066888,4.105817605420216,4.266218819136004,200.20685314025218,517.1909498475567,62,3.4971623720771787,1.0
15.400000000067019,4.031569540119806,4.104451454683839,185.3117391824191,3310.082789908811,59,3.497177371739639,1.0
15.42000000006715,4.00259984350495,3.9791706142400494,174.17178654954685,4290.344174460652,58,3.4971932468957645,1.0
15.44000000006728,4.030451504429653,3.899087608369083,167.23172595511068,3654.280397130005,56,3.497209581512841,1.0
15.460000000067412,4.0818444817305215,4.00097365136374,176.08569174797586,4883.523531230881,55,3.4972260456259487,1.0
15.480000000067543,4.121776851471472,4.113028926931993,186.08707649157282,5771.807107642956,51,3.497242380809035,1.0
15.500000000067674,4.150160102506035,4.384136531743337,211.42718441863147,5960.125089001382,61,3.4972583878776997,1.0
15.520000000067805,4.1682651646610545,4.693340165472425,242.30186099720405,3378.0793866613444,64,3.4972739164990667,1.0
15.540000000067936,4.162041311785566,4.699727820791886,242.96185748477777,378.1724758310607,59,3.4972888564298725,1.0
15.560000000068067,4.130607618120504,4.583446467760797,231.08779675111816,1268.254854937876,54,3.4973031301429343,1.0
15.580000000068198,4.093751173519902,4.429673601927789,215.842090415775,1600.5155373969496,50,3.497316686879132,1.0
15.600000000068329,4.059186339340608,4.196208127644556,193.6897891556125,563.3551024841612,47,3.497444014265576,1.0
15.62000000006846,4.035293665610004,3.9581684897071403,172.33807572201553,304.623771482468,53,3.498124489114556,1.0
15.640000000068591,4.038756191057705,3.770772877998137,156.40600907190986,46.67453798719456,67,3.499607651961254,1.0
15.660000000068722,4.028714798595646,3.6379824693762917,145.58408092238142,84.39174418590879,65,3.501776553289076,1.0
15.680000000068853,3.98800494547431,3.5264135102411145,136.79151469732165,2410.353346789038,57,3.504448701742753,1.0
15.700000000068984,3.9373064024243534,3.4189912559231352,128.58451328886744,2612.1936758416946,50,3.5074749636832294,1.0
15.720000000069115,3.949384809235634,3.390709668569131,126.46603262181003,3377.9874117602412,45,3.5107344159395177,1.0
15.740000000069246,3.983745160445434,3.573538425848476,140.47194569117164,4816.4772383328,41,3.5141297617811493,1.0
15.760000000069377,4.028458396403524,3.846828435584205,162.77897914101143,8686.47325986323,38,3.517583436293361,1.0
15.780000000069508,4.072987644063289,4.759285504851537,249.1587836835894,12271.446256054438,39,3.521034302235787,1.0
15.80000000006964,4.114182784249796,5.8715500829841,379.2261041468965,12357.944509691019,50,3.5244348512172725,1.0
15.82000000006977,4.146978882503799,6.822078311143223,511.94827731707846,8053.794494577568,46,3.5277488369024628,1.0
15.840000000069901,4.136710511432209,7.247193324432186,577.7399218986388,2329.235100239518,42,3.5309492772294813,1.0
15.860000000070032,4.123916092550707,7.0324456894441765,544.0082161248017,753.9356472910797,36,3.5340167714795205,1.0
15.880000000070163,4.12660264732011,6.711381462015212,495.4690524154959,722.7690767920102,33,3.5369380856860544,1.0
15.900000000070294,4.139787104339618,6.353903917126553,444.09304486883775,587.5978018291145,35,3.5397049664675087,1.0
15.920000000070425,4.1470944097170594,5.9923114223406255,394.98575800545325,274.6437426353907,33,3.5423131490537383,1.0
15.940000000070556,4.159261246162375,5.66800797547971,353.3894585111176,130.2844452431023,68,3.5447615301766335,1.0
15.960000000070687,4.160912239838973,5.410370316691433,321.9931766010934,421.3289367223626,59,3.547051480715241,1.0
15.980000000070818,4.126349734864969,5.191365290904294,296.45300941966406,1306.9465431658273,43,3.54918627661766,1.0
16.000000000070948,4.118375905335396,5.050092633678176,280.5377916960363,1418.3623128678958,39,3.551170629746583,1.0
16.02000000007019,4.138920078782648,5.0564285979543975,281.24217182832183,1141.7544020011399,36,3.553010302981039,1.0
16.040000000069433,4.161165727532724,4.974252925508895,272.1751138362718,814.310592507199,34,3.5547117962142916,1.0
16.060000000068676,4.183350195074331,4.976776007801372,272.451293750101,945.5131601871689,34,3.5562820918687033,1.0
16.08000000006792,4.203279411490558,4.991769555435851,274.0953962403386,485.9024101252199,49,3.5577284502476414,1.0
16.100000000067162,4.210436595808195,4.8782338184511485,261.7688170622852,989.4667306015616,56,3.5590582465009333,1.0
16.120000000066405,4.186981673443752,4.711247765887668,244.154410627397,328.50608821428807,54,3.5602788422280485,1.0
16.140000000065648,4.1630737548953505,4.524007876369781,225.133119920014,1047.8408634733323,43,3.5613974858104718,1.0
16.16000000006489,4.151113829787514,4.362497153888019,209.34519559449174,928.9106164125963,32,3.56242123647753,1.0
16.180000000064133,4.1548228295100555,4.185945650228615,192.7435508533465,1054.0476194115868,33,3.5633569078892853,1.0
16.200000000063376,4.151778095760916,4.0002734200486225,176.02406178662255,604.7607990361398,34,3.5642110276850536,1.0
16.22000000006262,4.161119330095953,3.832024040179801,161.52849068967518,266.07017352454716,66,3.564989810013021,1.0
16.240000000061862,4.159550500115171,3.702256593398949,150.77374271702587,952.0995713932174,67,3.5656991385385544,1.0
16.260000000061105,4.11451629751555,3.5978013587780455,142.38592078947667,2037.5096928779512,57,3.5663445578390096,1.0
16.280000000060348,4.078391251977924,3.5104143378443458,135.55309705677473,2040.1899493359958,45,3.5669312714409718,1.0
16.30000000005959,4.105974372221677,3.486496488945449,133.71223544171835,1125.057597550994,44,3.5674641450506948,1.0
16.320000000058833,4.157878736913297,3.6591783531582855,147.285448422444,1010.8231980459285,43,3.567947713778433,1.0
16.340000000058076,4.201768408927583,3.8472830356341703,162.81745431906324,3090.965329126563,43,3.568386192368075,1.0
16.36000000005732,4.233450536671692,4.270636683259255,200.6217144843957,5201.402143203375,44,3.5687834876213964,1.0
16.38000000005656,4.255129717950703,4.684776775121522,241.41846775989808,5190.561763910179,54,3.569143212355786,1.0
16.400000000055805,4.264676772407417,4.9100419719382336,265.19363382814606,2157.857703906804,58,3.569468700359977,1.0
16.420000000055047,4.2484720039351735,4.786945026260124,252.06326952880192,336.3377659473822,57,3.569763021917221,1.0
16.44000000005429,4.220898483300179,4.633413743470867,236.15375210003185,741.0153245739666,47,3.5700289995533727,1.0
16.460000000053533,4.200085577524609,4.468950411937762,219.68669562794557,1029.2478690273454,40,3.570269223740186,1.0
16.480000000052776,4.190080796155645,4.277723170335936,201.28807074231827,800.2472118749087,37,3.570486068344687,1.0
16.50000000005202,4.184431455423524,4.1056927053218315,185.4238384958619,366.8049919441274,36,3.5706817056657436,1.0
16.52000000005126,4.1931603039292185,3.9462307319102696,171.3001068842037,203.9980250848951,71,3.5708581209396706,1.0
16.540000000050505,4.200063408589124,3.8176232584537115,160.31672077835407,397.1798581512255,67,3.5710171262306942,1.0
16.560000000049747,4.164536466087378,3.71042841166445,151.4400689789545,317.92198621732877,61,3.571160373649217,1.0
16.58000000004899,4.1450263150989475,3.638027179753393,145.5876593668687,1798.0457336120412,51,3.571289367862969,1.0
16.600000000048233,4.151615280911953,3.7029838767767034,150.83298550835048,1779.963364750425,51,3.571405477883654,1.0
16.620000000047476,4.180111914531939,3.8368965947794385,161.93953026933056,1514.2394342878913,49,3.571509948125795,1.0
16.64000000004672,4.209689209708073,4.116047286010736,186.36029786743978,4540.761613373435,50,3.571603908745284,1.0
16.66000000004596,4.236891469984383,4.763493781000369,249.59960301792108,5627.027050839814,62,3.571689477902024,1.0
16.680000000045204,4.262152968903939,5.443517694475391,325.9507337907334,4616.2252409998655,64,3.5717702104379594,1.0
16.700000000044447,4.266287913218249,5.851140466149531,376.5942923007381,1929.1904009217437,64,3.5718462202818313,1.0
16.72000000004369,4.262439487007754,5.827699506971766,373.58289697914864,946.1352462530932,57,3.571923410518962,1.0
16.740000000042933,4.277519878991151,5.684753383809843,355.48063138211205,954.9865270607283,52,3.572133577775645,1.0
16.760000000042176,4.310616394563102,5.543187734886793,337.99623290619314,692.1582764102595,48,3.5725828106057116,1.0
16.78000000004142,4.346107206979455,5.383682193099166,318.82437351922357,663.9697740912521,50,3.573225301228924,1.0
16.80000000004066,4.372027053299457,5.199436953143341,297.37559092683756,362.56030312771014,51,3.5740091305597934,1.0
16.820000000039904,4.393714366002875,4.98778853284591,273.65837893228064,241.85823923367164,62,3.574892187042887,1.0
16.840000000039147,4.404637176667045,4.799678412547904,253.40604150266208,378.17330477575905,61,3.575840988945364,1.0
16.86000000003839,4.382242968012158,4.657967378760181,238.66326111753386,428.8286271546699,53,3.576827775724651,1.0
16.880000000037633,4.365439829417519,4.569736321926994,229.70739057132738,1270.931401341037,50,3.5778303403430245,1.0
16.900000000036876,4.358881994150271,4.453428301945783,218.16326004628868,1443.287205410567,49,3.5788311919062816,1.0
16.92000000003612,4.3676617987874575,4.352240440090673,208.36196533196727,3229.4888756422642,51,3.5798167513154757,1.0
16.94000000003536,4.377854371682965,4.7055117812642315,243.5602523597813,3354.0588801894555,50,3.580776671148651,1.0
16.960000000034604,4.393978015185505,5.0770773653878685,283.543860315472,3589.011611402734,53,3.581703261644796,1.0
16.980000000033847,4.39982113938062,5.257036110775043,304.00071536992067,1922.962166716406,58,3.5825910072118847,1.0
17.00000000003309,4.383882605908117,5.121424179519689,288.51884189225814,1003.4134053238294,60,3.583436160080901,1.0
17.020000000032333,4.363296108839096,4.942031665482254,268.6604468089223,529.5879914975509,54,3.5842373443130464,1.0
17.040000000031576,4.36011443906246,4.747456503346335,247.9217757628195,619.7156653372293,51,3.585097342164739,1.0
17.06000000003082,4.362653021405812,4.523241051057124,225.05680566565195,647.4441006142976,50,3.5863278555362146,1.0
17.08000000003006,4.349956124187327,4.28171115442086,201.66355450881213,551.2335549365661,52,3.5881567369390215,1.0
17.100000000029304,4.333741137887485,4.041489182722131,179.66998295466,232.35988485581865,69,3.590660516207956,1.0
17.120000000028547,4.3339100582953405,3.860111109381906,163.9050355445097,256.5504608843702,72,3.593737875260809,1.0
17.14000000002779,4.290710867209846,3.7221307297571498,152.39682886342743,2133.421714209942,64,3.5972245793286874,1.0
17.160000000027033,4.263874343342747,3.6061671016414,143.04885281456808,1601.477693667027,59,3.6009810061216165,1.0
17.180000000026276,4.289641907433157,3.5531549153010062,138.8740083734047,1233.5364977669406,52,3.6049326245607896,1.0
17.20000000002552,4.335524378843068,3.6970186267571,150.3474139924785,1089.079693602915,50,3.609222501720357,1.0
17.22000000002476,4.388448054149138,3.8344839194539717,161.73593621406204,2232.826262457031,51,3.614414424143343,1.0
17.240000000024004,4.429712010211357,4.163021215106168,190.63820201166442,4799.728417893305,51,3.620680858759138,1.0
17.260000000023247,4.462308289893658,4.564447489391665,229.17598971755262,4781.0942842041,60,3.627745602189985,1.0
17.28000000002249,4.480067583182633,4.765109036193344,249.7689053949261,1785.704846832833,65,3.6353327693168858,1.0
17.300000000021733,4.472966653845909,4.68596884694158,241.54134437957697,376.6975586810886,65,3.643220409215708,1.0
17.320000000020976,4.456040044468435,4.54033554522289,226.76111549535878,1015.0352286674381,57,3.65123180847225,1.0
17.34000000002022,4.4416763106757795,4.394737233725395,212.45086888841567,661.510083344351,55,3.659227837846192,1.0
17.36000000001946,4.433564817405064,4.192359041823179,193.33461769112222,496.19434160355763,53,3.6671003860523883,1.0
17.380000000018704,4.420992252261613,3.9655240041273303,172.97918690041058,378.82592239503475,53,3.6747670943495194,1.0
17.400000000017947,4.4120548144876786,3.762725187322532,155.7391091884252,96.09186948563953,69,3.6821667818732484,1.0
17.42000000001719,4.397253608937909,3.6115742445665333,143.47815376417958,358.66017686606637,64,3.689255591537537,1.0
17.440000000016433,4.337478932520992,3.4947592799378118,134.34676667182597,2811.2671868852703,61,3.696003750998551,1.0
17.460000000015675,4.2740157821939,3.4155391263071815,128.32498275668746,2999.89023740603,58,3.7023940194358294,1.0
17.48000000001492,4.255039763785045,3.3623040561797075,124.35597422822765,5206.8293698423295,57,3.7085318442264947,1.0
17.50000000001416,4.284445338547672,3.2879878760951065,118.9195070068325,6966.032988645269,58,3.714729652809573,1.0
17.520000000013404,4.338008710642942,3.4278994721132774,129.25544270005935,6803.504848205938,56,3.7219725383680973,1.0
17.540000000012647,4.394345439451143,4.209534723402918,194.92200846288367,9399.11602984911,58,3.731357843105917,1.0
17.56000000001189,4.4422015096523815,6.033130825736227,400.38534316493553,9770.939471456166,57,3.743215635411452,1.0
17.580000000011132,4.487866872161591,7.984948203083469,701.3533758651852,7729.336420737899,58,3.7577569448829657,1.0
17.600000000010375,4.5323680214408295,9.138832261403177,918.7008061226986,3834.5095048092076,62,3.7752907797947692,1.0
17.620000000009618,4.586008905723341,9.051654823049692,901.2570053920261,643.4414168005464,61,3.796453620778241,1.0
17.64000000000886,4.641035891195538,8.594334584612364,925.4581349906681,527.4376560008225,61,3.8222704624167267,1.1390415797485873
17.660000000008104,4.683108489570202,7.928327986445662,891.3253998698144,482.5319467270611,58,3.8542204422136406,1.2890815162334646
17.680000000007347,4.69849917069402,7.171998125363226,771.7273401755627,362.72209099770384,61,3.8931933078896,1.3639261828614433
17.70000000000659,4.691041241630348,6.482493315533497,634.4645574303823,128.73307101254053,71,3.9385016814983134,1.3725574331780697
17.720000000005832,4.662888347749481,5.943815155697454,533.4009701759195,393.9584699886003,66,3.988387652653224,1.3725574331780697
17.740000000005075,4.59402638065486,5.483633767708684,460.60918636501975,1002.0368247132488,61,4.04116092988136,1.3925250804076827
17.760000000004318,4.474681337761215,5.046578833766056,404.0526362719681,2400.745544105027,58,4.095813414948663,1.4422851628103912
17.78000000000356,4.360039462784706,4.576086649303555,344.67310060636794,3494.7563093986278,63,4.152055455986683,1.4963260169349633
17.800000000002804,4.359065253849451,4.1912488517114905,291.289961677972,7570.372890664819,60,4.209651388238448,1.5074604902653572
17.820000000002047,4.4189406145095615,3.9442593663672105,259.169792140999,7755.573008418468,62,4.267774723242966,1.5144703116289646
17.84000000000129,4.481453234628511,3.853934250612356,250.07856202607667,2369.91035054561,65,4.325647846562543,1.530647462793254
17.860000000000532,4.523824952478544,3.8265873773921566,246.54212234646133,205.74926651212766,69,4.382771521809118,1.530647462793254
17.879999999999775,4.55850882549512,3.755605659831654,237.48043232321146,197.3978625472166,62,4.438547197568934,1.530647462793254
17.899999999999018,4.584682923417815,3.643664260275563,223.53450287276797,493.30620293383964,57,4.492496549918878,1.530647462793254
17.91999999999826,4.545563852819074,3.45319587318825,200.7753018712791,914.6019407037717,55,4.544273051039688,1.530647462793254
17.939999999997504,4.415866886727194,3.1223523561762576,164.14652155631305,636.7398232888263,51,4.593637506755755,1.530647462793254
17.959999999996747,4.220596931068226,2.778032009006804,129.93984728222634,2400.0536545427326,57,4.640437534536449,1.530647462793254
17.97999999999599,4.0381859667481885,2.5623047397844276,110.54253531753994,3544.1442658601827,66,4.684590392308375,1.530647462793254
17.999999999995232,3.8287988291977477,2.4292746774742193,99.36217909995533,9503.472772864416,59,4.726068652759239,1.530647462793254
18.019999999994475,3.6782552908306916,2.2983804704687505,88.94298622596422,17787.297167506826,55,4.764888290447907,1.530647462793254
18.039999999993718,3.7558167232407125,2.1986498384678534,81.3916771400522,12085.673922824786,57,4.801098811559838,1.530647462793254
18.05999999999296,3.8622966859927947,2.1648663695129096,78.90963759662714,5558.730913252796,62,4.834775109935662,1.530647462793254
18.079999999992204,3.916685884499638,2.177593366097769,79.84016590332902,3630.6280804653525,62,4.8660107792466,1.530647462793254
18.099999999991446,3.950676258507181,2.176353959537035,79.74930755819483,1976.382316548753,62,4.894912650924064,1.530647462793254
18.11999999999069,3.9729035727044657,2.213237811745528,82.4753227219836,813.8225522668414,65,4.921596361565938,1.530647462793254
18.139999999989932,3.981819785799772,2.24610532279699,84.94309777829312,509.9737369021977,69,4.946182782811844,1.530647462793254
18.159999999989175,3.971192701103102,2.244874768641852,84.85004920422148,583.1394553716794,70,4.9687951717725385,1.530647462793254
18.179999999988418,3.926907548240091,2.1981760428576385,81.35660210116714,963.9660969410381,68,4.989556921593546,1.530647462793254
18.19999999998766,3.8735714177423324,2.1358371536286214,76.80758939293054,1232.315173642626,69,5.008589810129276,1.530647462793254
18.219999999986904,3.831477300905,2.070340680141902,72.16913374352958,1418.5690799641677,71,5.026012660434614,1.530647462793254
18.239999999986146,3.7918352156856603,2.0057389005060453,67.73554916711323,1471.6910440684508,68,5.04194034021792,1.530647462793254
18.25999999998539,3.7376140010065564,1.9770785667671065,65.81361057451421,1683.173440664536,61,5.056483038866211,1.530647462793254
18.279999999984632,3.6846440691212465,1.9711481323658517,66.2220132463495,2657.4537933572396,60,5.069777849059035,1.5494271758666798
18.299999999983875,3.6404761186367156,1.9820725899124891,67.84523114378891,1943.2067509257045,58,5.082214676203855,1.5699561767990164
18.319999999983118,3.621938290043077,1.9793824090800545,68.03272568924426,912.2474769706531,62,5.094175904703579,1.5785770087473914
18.33999999998236,3.596490164589095,1.95210775970026,66.17613130722825,1270.6370897817771,66,5.10577021545204,1.5787054699507252
18.359999999981603,3.5707721057409727,1.8956604463423996,62.40435457635022,2098.6434137326673,64,5.1169322186399375,1.5787054699507252
18.379999999980846,3.603527192021162,1.8273794975325535,58.73465844743116,6267.331587297233,61,5.127614368070184,1.5989845463362986
18.39999999998009,3.6624513971661186,1.8141879970695112,58.49503766853335,3662.935805063854,63,5.1381034954975195,1.6157038554046648
18.419999999979332,3.708948137761787,1.9571258753784362,68.07567623344525,4810.599216284998,67,5.14861824511127,1.6157038554046648
18.439999999978575,3.743178092678113,2.262987412254388,91.01620492397444,9973.468404286474,64,5.159020370338146,1.6157038554046648
18.459999999977818,3.7822445716738584,3.098671507458169,170.64969799622494,14814.474345314975,61,5.169189816631023,1.6157038554046648
18.47999999997706,3.808721861967112,4.463761347456364,354.12483153421925,19410.040401078084,62,5.179036460749397,1.6157038554046648
18.499999999976303,3.842142024128155,6.339797292499383,714.3403636909426,21812.550651807316,58,5.1884947146239115,1.6157038554046648
18.519999999975546,3.8805347358815303,8.69714392649464,1344.3357894447897,15438.195249630131,56,5.1975189864650355,1.6157038554046648
18.53999999997479,3.9143040859938103,10.038203895175544,1790.8799406909022,11186.667253328642,55,5.206079871875118,1.6157038554046648
18.559999999974032,3.9403604519369826,9.77802135931432,1699.2466002155772,4553.739382298757,57,5.214160965823811,1.6157038554046648
18.579999999973275,3.945918597920885,9.079387608541241,1465.1009852699701,590.2598753687217,61,5.221756201947057,1.6157038554046648
18.599999999972518,3.9368536839112047,8.35609525808758,1240.9697947858285,557.1588540055051,63,5.228867639066873,1.6157038554046648
18.61999999997176,3.9145231325318335,7.842608012358027,1093.1391887469877,1675.782153168023,62,5.235503626396632,1.6157038554046648
18.639999999971003,3.900851817125532,7.455706370120828,987.943340217471,1210.0481807900244,51,5.241677288848874,1.6157038554046648
18.659999999970246,3.9244061092270366,7.102706055441564,896.6070101791244,530.4007967114806,44,5.24740528241951,1.6157038554046648
18.67999999996949,3.968426957477846,6.7250490223696735,803.7951019473603,293.7912476989202,56,5.252706776975666,1.6157038554046648
18.699999999968732,4.021832774979945,6.365413193250165,720.1245988732222,943.9142237135696,54,5.257602630087313,1.6157038554046648
18.719999999967975,4.068048187713843,5.977441158559685,635.0165815767537,680.8243038277245,48,5.262114720960844,1.6157038554046648
18.739999999967218,4.075214132725723,5.502635830464979,538.1495301573776,457.9801536363472,47,5.266265421005988,1.6157298064791923
18.75999999996646,4.055621188628202,5.044397247197905,452.2638180894248,679.3425011819412,56,5.270077568433257,1.6157739410268976
18.779999999965703,4.01680607990776,4.6903606719250925,391.0081089587427,1952.3272044287612,54,5.2735740322552624,1.6157739410268976
18.799999999964946,3.96424127065628,4.444822914566925,351.141541034654,1733.023648466012,60,5.276776306033835,1.6157739410268976
18.81999999996419,3.9460754635118946,4.259330476168312,322.44523264388243,1982.31940125154,55,5.279705117442268,1.6157739410268976
18.83999999996343,3.9310750852313725,4.104859278963768,299.51093421966067,1131.2354719444525,59,5.282380407198517,1.6159333711101906
18.859999999962675,3.922091085793472,3.965942385669052,279.61999197738413,784.4967570053743,64,5.284824458775607,1.6161539654521344
18.879999999961917,3.914221832326032,3.826851473006548,260.35062879670903,825.6361506753977,66,5.287058255371022,1.6161539654521344
18.89999999996116,3.90519991614632,3.6960747690906124,242.8605160776826,1831.0736173684897,67,5.28909740848805,1.6161539654521344
18.919999999960403,3.894791297688794,3.5729843727731274,226.9539003446201,2262.460255639285,67,5.290956741652761,1.6161539654521344
18.939999999959646,3.896375325946866,3.469631937892227,214.01402304710513,1756.6357061313113,64,5.292650291525171,1.6161539654521344
18.95999999995889,3.916930093596763,3.3836896858162864,203.54314115667245,1847.6602531717003,62,5.294191287021613,1.6161539654521344
18.97999999995813,3.947248629577423,3.306547221683628,194.36804928972666,809.610326033406,58,5.295592144344225,1.6161539654521344
18.999999999957375,3.9696349465306406,3.2342695114620543,185.9635511833137,371.92553908249164,68,5.296864474451051,1.6161539654521344
19.019999999956617,3.9863182207899315,3.1646897674044023,178.0482473405154,552.119218496271,70,5.298019100097227,1.6161539654521344
19.03999999995586,3.9620804920250996,3.0937891577786214,170.15975186384517,1156.637499817662,58,5.299066080082047,1.6161539654521344
19.059999999955103,3.9329772286540363,3.007610693234766,160.81560958745612,1044.2697989072378,58,5.300014771713935,1.6161894803932988
19.079999999954346,3.90754181785879,2.898767354309015,149.409015630127,316.55339525844107,59,5.300874313580353,1.6164318379805884
19.09999999995359,3.889472304184698,2.782980900116446,138.06484455966776,116.87468615727563,58,5.301658442116225,1.6205781222675828
19.11999999995283,3.8844022847159048,2.703349502031952,130.51711418498684,54.74964168362331,67,5.302439549528223,1.6235676283928964
19.139999999952074,3.858077085601038,2.6336647045256214,123.87510502930877,165.10004231511553,66,5.303268927444454,1.6235676283928964
19.159999999951317,3.8052790618152192,2.554002488984147,116.49457492132086,1214.5876143216633,68,5.304125451730818,1.6235676283928964
19.17999999995056,3.8005089767118814,2.470538256128047,109.00495382540028,3055.095433204197,64,5.304991141450184,1.6235676283928964
19.199999999949803,3.828622874876215,2.3974200711952265,102.64820103324006,1796.106976689257,64,5.305851884654976,1.6235676283928964
19.219999999949046,3.854387096465244,2.3590859282330117,99.39180755933094,545.7049324313086,66,5.306696775215991,1.6235676283928964
19.23999999994829,3.876469556069582,2.3508180457314767,98.6963519449568,652.7336565960337,60,5.307517552347079,1.6235676283928964
19.25999999994753,3.8705473685673786,2.386875489961787,101.74723087428578,1167.1669047740509,54,5.308308127815889,1.6235676283928964
19.279999999946774,3.8694819556355062,2.511546369842932,112.65370259905099,1363.3013321877966,48,5.309064187944104,1.6235676283928964
19.299999999946017,3.896610685787359,2.886669862855778,148.8186309675994,3403.9589186872063,52,5.309782859324188,1.6235676283928964
19.31999999994526,3.9271350026180043,3.230714109306094,186.40610222193487,3363.9549414700386,55,5.310462428752146,1.6235676283928964
19.339999999944503,3.9369130674648143,3.4573388469902513,213.4749697248225,2109.2065194526854,50,5.3111021092315776,1.6235676283928964
19.359999999943746,3.9436920374849898,3.3639256428775286,202.09512786731068,3317.8282352420924,41,5.311701845071916,1.6235676283928964
19.37999999994299,3.9708532801725682,3.3549814303431758,201.02187065974582,3619.996169499139,44,5.312262150109452,1.6235676283928964
19.39999999994223,3.98986835824586,3.415610602957319,208.35300800976958,4637.239865393846,53,5.312783973945133,1.6235676283928964
19.419999999941474,4.003421691755559,3.680430233882412,241.91357974157663,5621.430535161292,51,5.313268591837056,1.6235676283928964
19.439999999940717,4.001793234700924,4.151956863602835,307.87096593504185,6419.957854872064,50,5.313717514525678,1.6235676283928964
19.45999999993996,3.978319258737585,4.665186732265842,388.68799956233624,5404.495802945212,49,5.314132414818587,1.6235676283928964
19.479999999939203,3.9592715150490787,4.947039428218749,437.0728321194193,2809.9522151006267,45,5.314515068233722,1.6235676283928964
19.499999999938446,3.9601148429193427,4.871530705829789,423.8322085924737,586.3728695108792,41,5.314867305403753,1.6235676283928964
19.51999999993769,3.974161027873013,4.667148917842412,389.0150340079624,634.9769958555204,37,5.315190974291519,1.6235676283928964
19.53999999993693,3.987779424428552,4.456608904945143,354.70892502724143,880.4303109991769,48,5.315487910562413,1.6235676283928964
19.559999999936174,3.9892280891226752,4.262837688764257,324.53434350812717,784.6935902938169,55,5.3157599147140235,1.6235676283928964
19.579999999935417,3.9918905674293823,4.104744134450906,300.909050686125,1564.083585451141,53,5.316008734779948,1.6235676283928964
19.59999999993466,4.010133173218071,4.04655749116435,292.4384670191589,2611.432006170083,49,5.316236053609967,1.6235676283928964
19.619999999933903,4.035738030445255,4.42322371328545,349.414464411509,4940.522696470595,49,5.316443479886836,1.6235676283928964
19.639999999933146,4.061673912166859,4.767959893038695,406.0020774584012,3250.7032923786555,55,5.316632542174325,1.6235676283928964
19.65999999993239,4.083810578348549,4.740297669994766,401.30474731362153,1890.6338890427628,53,5.316804685405762,1.6235676283928964
19.67999999993163,4.090019653047608,4.509079913564008,363.11060514623364,867.488400474028,36,5.316961269319597,1.6235676283928964
19.699999999930874,4.078249112233528,4.237403655322221,320.67325672299205,679.2265020176881,40,5.31710356843101,1.6235676283928964
19.719999999930117,4.071607089530701,4.008657011095114,286.98610241908216,361.53031280972675,59,5.31723277319855,1.6235676283928964
19.73999999992936,4.05501674652603,3.832287642522488,262.28851012236447,728.2188769328483,57,5.317349992103822,1.6235676283928964
19.759999999928603,4.0269906938688385,3.6832907266837442,242.28976454790856,3207.5028754655236,56,5.3174562544123365,1.6235676283928964
19.779999999927846,4.02113655559593,3.5478504715315986,224.79864235536704,4134.492660062199,50,5.317552513425609,1.6235676283928964
19.79999999992709,4.02956284832396,3.4285178394985003,209.93067191309146,3071.2833936199854,45,5.31763965006985,1.6235676283928964
19.81999999992633,4.056670729289159,3.4338438295755376,210.583407099901,4645.526043796445,47,5.3177184766965295,1.6235676283928964
19.839999999925574,4.088398543646568,3.6799820191223205,241.8546612848831,4137.532730641991,54,5.317789740994619,1.6235676283928964
19.859999999924817,4.114781809201052,3.9122355119018963,273.34620610696015,4046.61485608554,55,5.317854129935016,1.6235676283928964
19.87999999992406,4.111138369246957,4.20703287243808,316.0930009426021,3767.1712818670517,49,5.317912273685231,1.6235676283928964
19.899999999923303,4.087120682555299,4.48735923864641,359.6207529702604,3129.28518990133,40,5.317964749446161,1.6235676283928964
19.919999999922545,4.075210887814005,4.743077400443214,401.7755388863941,2540.0618443622698,37,5.318012085174762,1.6235676283928964
19.93999999992179,4.090191968210259,4.900653378767355,428.91480869660586,1696.3341327120586,50,5.318054763166109,1.6235676283928964
19.95999999992103,4.115178873860006,4.810960139900427,413.35822726884794,1002.4935909123487,55,5.3180932234761595,1.6235676283928964
19.979999999920274,4.152055442439438,4.596817351227754,377.378856838995,4006.131535754852,42,5.318127867172823,1.6235676283928964
19.999999999919517,4.189290498668339,4.344254180769636,337.04937345595516,3035.7955885083793,38,5.318159059408158,1.6235676283928964
20.01999999991876,4.2212902928679,4.153896133479434,308.15862996514636,2747.2145543892098,46,5.318187132308707,1.6235676283928964
20.039999999918003,4.2442478279273566,4.037124985132895,291.0767106772456,2496.2323807692765,53,5.318212387683888,1.6235676283928964
20.059999999917245,4.241860626494063,4.01435885306482,287.8030908299201,2761.9370462596576,52,5.318235099555351,1.6235676283928964
20.079999999916488,4.228036667778933,4.122504398368522,303.5186095679464,1963.569287579276,51,5.318255516511615,1.6235676283928964
20.09999999991573,4.215000379982596,4.081711830204854,297.54163766036197,1083.8798698695002,47,5.318273863894036,1.6235676283928964
20.119999999914974,4.21537274419524,3.922276389371268,274.7511102092699,1209.2655696572913,44,5.318290345821194,1.6235676283928964
20.139999999914217,4.222427593822933,3.7710057092229308,253.96709336082182,1138.8148526753007,47,5.318305147059278,1.6235676283928964
20.15999999991346,4.226373169987768,3.614845822711584,233.36871046937708,1960.7602648109937,53,5.318318434746605,1.6235676283928964
20.179999999912702,4.234111234435559,3.4634090210053405,214.22523913104735,3231.4062025596163,53,5.318330359980794,1.6235676283928964
20.199999999911945,4.2544762014800135,3.315577779818605,196.32766869632258,4075.1144044445377,54,5.318341059276707,1.6235676283928964
20.219999999911188,4.285684207466846,3.3554379895387063,201.0765860912566,4681.3603681326595,53,5.318350655903917,1.6235676283928964
20.23999999991043,4.322448869189254,4.0935662155409975,299.2724287115685,6680.794339031297,53,5.318359261111459,1.6235676283928964
20.259999999909674,4.360671809937575,5.032675601241984,452.3357813576083,7035.784237927798,55,5.31836697524809,1.6235676283928964
20.279999999908917,4.4004162554345525,5.777025882897325,596.0349073113681,6084.152142140438,50,5.318373888785575,1.6235676283928964
20.29999999990816,4.424775888873664,6.031679711188328,649.7400127242288,3301.8524344178995,48,5.3183800832522286,1.6235676283928964
20.319999999907402,4.4354398429145085,6.062315100642281,656.3569383368426,2516.9395863858563,53,5.318385632083744,1.6235676283928964
20.339999999906645,4.4404737450955745,6.153714273987311,676.2974089955967,2799.0443579757994,59,5.318390601397723,1.6235676283928964
20.359999999905888,4.448757487136825,6.300238602613312,708.8870838013955,2967.842090494147,55,5.318395050698171,1.6235676283928964
20.37999999990513,4.477848247633845,6.461151359013517,745.5605131529304,2954.555817308676,52,5.318399033515617,1.6235676283928964
20.399999999904374,4.513923848697709,6.716691060727994,805.7008369687602,2912.8320682192734,53,5.3184025979882215,1.6235676283928964
20.419999999903617,4.55338474435723,6.981825549611472,870.5647036077256,3132.4415332887475,51,5.318405787389036,1.6235676283928964
20.43999999990286,4.588883845085045,7.103111836063408,901.0738241182125,3511.5523491119193,53,5.318408640603798,1.6235676283928964
20.459999999902102,4.6159786347361464,6.952563823323877,863.2826989177709,1632.8218823017926,55,5.318411192563788,1.6235676283928964
20.479999999901345,4.6409870488036855,6.611536608710156,780.670705204331,312.2962009183523,66,5.318413474637611,1.6235676283928964
20.499999999900588,4.665837450725093,6.292421181084352,707.1289817958358,269.77464876826906,64,5.318415514985585,1.6235676283928964
20.51999999989983,4.690734338170962,6.029478396558681,649.2658425869178,592.826642108227,60,5.318417338880129,1.6235676283928964
20.539999999899074,4.714307186669305,5.753816899357951,591.2554318086361,300.3513096521399,58,5.3184189689951245,1.6235676283928964
20.559999999898317,4.747285460894674,5.452454614491779,530.9421293022688,249.3975669890848,66,5.31842042566734,1.6235676283928964
20.57999999989756,4.765137890106556,5.195900794855531,482.15288495965535,529.05446302632,67,5.318421727132219,1.6235676283928964
20.599999999896802,4.777079381911161,5.08111850044146,461.08576625518185,1750.3562169620973,64,5.318422889736635,1.6235676283928964
20.619999999896045,4.791075399641727,5.08222375338775,461.2863802845084,1955.273155768355,66,5.3184239281306915,1.6235676283928964
20.639999999895288,4.814403020913843,5.072779336332614,459.5735344124825,1245.854758649254,63,5.318424855440525,1.6235676283928964
20.65999999989453,4.843347356109266,4.909714168574173,430.5023111421906,289.9618962619058,70,5.318425683423993,1.6235676283928964
20.679999999893774,4.8764093465058425,4.715514413407314,397.11950820609877,113.77601512559224,64,5.318426422610777,1.6235676283928964
20.699999999893016,4.910963573712756,4.54038847112633,368.1705897477785,216.9739711446569,63,5.318427082428561,1.6235676283928964
20.71999999989226,4.9460770718525655,4.363056706190216,339.97327876625184,629.9383495970354,57,5.318427671316459,1.6235676283928964
20.739999999891502,4.976489987188494,4.177597048877496,311.6851879739123,397.20369127343923,54,5.318428196827068,1.6235676283928964
20.759999999890745,4.998362754796834,4.012871730506733,287.58989654005717,495.03691225069895,69,5.318428665718147,1.6235676283928964
20.779999999889988,5.011635234260188,3.8824054502130467,269.193670781942,1147.4199655431669,66,5.318429084035084,1.6235676283928964
20.79999999988923,5.030492916662462,3.818423138091139,260.3941209436085,2187.3938863627404,64,5.318429457184894,1.6235676283928964
20.819999999888473,5.045935617333379,3.997491615153616,285.38963211303457,3966.606321742516,60,5.318429790002693,1.6235676283928964
20.839999999887716,5.062302448754531,4.734800806609716,400.37457856429916,9094.36625238711,55,5.318430086811379,1.6235676283928964
20.85999999988696,5.077833476244195,6.183761805522075,682.9180218356372,14852.703651199758,56,5.318430351475231,1.6235676283928964
20.879999999886202,5.106347444512279,8.542986535437255,1303.4143930927646,19910.564443042847,56,5.318430587447927,1.6235676283928964
20.899999999885445,5.157532313065342,11.152189054423259,2221.1777521788795,18350.118176437736,51,5.31843079781563,1.6235676283928964
20.919999999884688,5.221309017709393,12.306000902468902,2704.562075511178,9040.459104359992,52,5.318430985335637,1.6235676283928964
20.93999999988393,5.319294446317984,11.322103685523421,2289.377046218616,639.5784689827929,49,5.318431152471056,1.6235676283928964
20.959999999883173,5.374355866034263,9.965154796964484,1773.499896111238,671.4595960827417,50,5.318431301421782,1.6235676283928964
20.979999999882416,5.391466365740119,8.739959316902691,1364.2120798740593,1656.8129615797525,50,5.318431434152378,1.6235676283928964
20.99999999988166,5.3953734312869726,7.762400853149139,1076.1063667462824,633.2845946044466,51,5.318431552416957,1.6235676283928964
21.019999999880902,5.313807492315775,7.069157822139811,892.479858770035,244.47496336781813,64,5.3184316577814705,1.6235676283928964
21.039999999880145,5.216323115658283,6.559834517430724,768.5087845507487,1802.331922761269,49,5.318431751643758,1.6235676283928964
21.059999999879388,5.080510584238419,6.096701255809201,663.8239207759516,6948.252084756765,46,5.318431835251358,1.6235676283928964
21.07999999987863,5.000595867772151,5.662742727700798,572.686216671415,7484.379207745556,43,5.318431909717546,1.6235676283928964
21.099999999877873,5.012875340903987,5.302522697878104,502.14384200668604,3598.0234606522854,42,5.318431976035621,1.6235676283928964
21.119999999877116,5.0529790147202185,5.014690404000085,449.10854705729594,1146.8404268682705,51,5.318432035091746,1.6235676283928964
21.13999999987636,5.078930232153826,4.7836056493551995,408.6709890666945,1700.4647063173222,61,5.318432087676408,1.6235676283928964
21.159999999875602,5.093273061898682,4.576138978693294,373.99128316004146,2680.550195040733,44,5.318432134494653,1.6235676283928964
21.179999999874845,5.139154870973116,4.326500698222003,334.30019118095714,3631.599416769937,38,5.318432176175235,1.6235676283928964
21.199999999874088,5.040409197416802,3.963282525752892,280.52600931868824,8344.229106899955,35,5.318432213278776,1.6235676283928964
21.21999999987333,4.768731994173826,3.4985854151276046,218.59892974929372,9274.000538052263,41,5.318432246305162,1.6235676283928964
21.239999999872573,4.658482872355003,2.863094697492173,146.39778098195967,14823.902517070723,39,5.318432275700001,1.6235676283928964
21.259999999871816,4.662960178085061,2.4832112546673444,110.12613680429192,16222.842150416926,39,5.318432301860531,1.6235676283928964
21.27999999987106,4.725401105867722,2.337250322102066,97.5603894477502,7986.747876186751,43,5.318432325140799,1.6235676283928964
21.299999999870302,4.785630338862292,2.3585078391887677,99.34310202092473,1790.9652957969327,45,5.318432345856315,1.6235676283928964
21.319999999869545,4.823489323726765,2.4993304345225202,111.56049279274295,599.0275883508433,52,5.3184323642882285,1.6235676283928964
21.339999999868787,4.823284424610097,2.582223097749909,119.08322612126034,617.4871139806633,51,5.318432380687063,1.6235676283928964
21.35999999986803,4.802450666025889,2.6064221410734567,121.3256372682188,580.5158877628525,44,5.318432395276001,1.6235676283928964
21.379999999867273,4.716507026874322,2.609437586663749,121.60652997847542,1544.7426352813586,43,5.318432408253849,1.6235676283928964
21.399999999866516,4.6071449083641305,2.5858183381709097,119.41505715010096,1728.056692277924,38,5.318432419797722,1.6235676283928964
21.41999999986576,4.5645724807852766,2.517537818127869,113.19182836829096,1237.0389040196876,34,5.318432430065354,1.6235676283928964
21.439999999865,4.538325774808951,2.3474945282779522,98.41748121139318,755.9674845642492,31,5.31843243919722,1.6235676283928964
21.459999999864245,4.502247710768607,2.0960803125737897,78.46552889588136,1959.3037801244266,30,5.3184324473183935,1.6235676283928964
21.479999999863487,4.440388400843666,1.8780134702563138,62.98838518534146,5102.422929540998,46,5.318432454540255,1.6235676283928964
21.49999999986273,4.386848682588068,1.7240253917994053,53.08237973917647,7616.253323517549,43,5.318432460961993,1.6235676283928964
21.519999999861973,4.384722902364175,1.6145632840448734,46.55573774320091,9020.876793954156,37,5.3184324666718785,1.6235676283928964
21.539999999861216,4.415753417515836,1.6116545115488452,46.388140640662144,6180.567493380493,40,5.318432471748503,1.6235676283928964
21.55999999986046,4.452106357998394,1.6878421507516193,50.87761275676018,3279.4254609622653,44,5.318432476261825,1.6235676283928964
21.5799999998597,4.465893239950862,1.7700568418460945,55.954818950090434,2136.792077395461,54,5.318432480274107,1.6235676283928964
21.599999999858944,4.486751076551731,1.8124779426658983,58.66897878102965,1429.6387935037649,51,5.318432483840748,1.6235676283928964
21.619999999858187,4.514101099860175,1.8444512138465585,60.75715279495144,2287.3752316436353,43,5.3184324870110595,1.6235676283928964
21.63999999985743,4.53977248050063,2.0018270000937184,71.56755062338793,1633.8774337306997,35,5.318432489828919,1.6235676283928964
21.659999999856673,4.59293115514852,2.168755623203058,84.00097076458862,899.315729219976,33,5.318432492333372,1.6235676283928964
21.679999999855916,4.644032279117617,2.409048115174154,103.64635102252915,2117.472068318806,43,5.318432494559148,1.6235676283928964
21.69999999985516,4.681707171694622,2.8234861511477796,142.37521486966295,4988.480558211062,52,5.318432496537165,1.6235676283928964
21.7199999998544,4.711574450127752,3.4340769747919437,210.61200372991212,5811.867508661761,47,5.318432498294871,1.6235676283928964
21.739999999853644,4.7325569222469746,3.738614353244638,249.62288984475907,4559.856209357714,47,5.318432499856737,1.6235676283928964
21.759999999852887,4.7656129865929975,3.8873432760182682,269.87885256461686,3045.0102738389346,42,5.318432501244508,1.6235676283928964
21.77999999985213,4.787538383440953,3.834962713577728,262.6548110641597,1840.3567318350129,42,5.3184325024775285,1.6235676283928964
21.799999999851373,4.795869829301578,3.670728298288438,240.6398501322656,1081.6147872666165,46,5.3184325035729945,1.6235676283928964
21.819999999850616,4.794471005006078,3.5191633974735796,221.17800300740308,774.1765586757865,44,5.318432504546217,1.6235676283928964
21.83999999984986,4.765210725443015,3.357882281875778,201.36964409127563,1158.5214363403868,34,5.318432505410771,1.6235676283928964
21.8599999998491,4.728921619428198,3.173227245888994,179.83135548391695,1380.6886801075536,49,5.3184325061787625,1.6235676283928964
21.879999999848344,4.7093784773451794,3.0322196514255455,164.20424667952284,1846.059183412926,56,5.318432506860944,1.6235676283928964
21.899999999847587,4.653158857922994,2.9384344151650903,154.2037987053293,3743.2729159063474,50,5.318432507466878,1.6235676283928964
21.91999999984683,4.626535365198495,2.8982342778146584,150.0133970972295,5519.435448371859,49,5.318432508005055,1.6235676283928964
21.939999999846073,4.65207109158625,3.088092080144251,170.31133445220675,5737.102011540231,58,5.318432508483032,1.6235676283928964
21.959999999845316,4.71784964293284,3.5795786576249724,228.83733887769978,7350.232626109616,52,5.318432508907525,1.6235676283928964
21.97999999984456,4.767079792052456,4.009414844342929,287.0946216400569,9113.739484689697,43,5.318432509284497,1.6235676283928964
21.9999999998438,4.7177343198886925,4.528772618472903,366.2891891437418,8380.107190532452,28,5.31843250961926,1.6235676283928964
22.019999999843044,4.607848918743542,4.750619756834571,403.05434732198324,4840.468693532933,45,5.318432509916519,1.6235676283928964
22.039999999842287,4.581979631764692,4.702476037457213,394.9264769886681,2083.672798749,53,5.318432510180472,1.6235676283928964
22.05999999984153,4.5860495916548825,4.6599352053442535,387.8134122266056,2519.821942050581,54,5.318432510414838,1.6235676283928964
22.079999999840773,4.573169468445854,4.801988976051326,411.8180578325135,4295.350670244034,39,5.318432510622924,1.6235676283928964
22.099999999840016,4.475597162386156,5.13658491428819,471.2073028302291,6086.120838869554,37,5.318432510807669,1.6235676283928964
22.11999999983926,4.47246938073627,5.667340562451183,573.6165734569736,6888.377104973078,57,5.318432510971683,1.6235676283928964
22.1399999998385,4.515939395667091,6.026076052641222,648.5333074370699,6023.280062623102,51,5.318432511117291,1.6235676283928964
22.159999999837744,4.577639265234096,6.239368626790495,695.2553802948017,4272.776202309362,49,5.318432511246552,1.6235676283928964
22.179999999836987,4.62337783283724,6.479873283336097,749.8874665557709,3410.856304226035,43,5.318432511361293,1.6235676283928964
22.19999999983623,4.637567895265497,6.496576999105323,753.7585458486291,1666.4647530105617,52,5.318432511463144,1.6235676283928964
22.219999999835473,4.618094219663634,6.21852934703854,690.6188773144386,487.22354097175435,55,5.318432511553549,1.6235676283928964
22.239999999834716,4.606631700717768,5.897642141344636,621.1834869168689,247.1911433042471,57,5.318432511633792,1.6235676283928964
22.25999999983396,4.60637025622224,5.588070314023213,557.75271463838,141.98931226860444,56,5.318432697226665,1.623772878659266
22.2799999998332,4.61028284405136,5.296513669655046,501.080442304118,74.76243522731684,52,5.318435709906725,1.623807608432338
22.299999999832444,4.625295870202862,5.031053155968053,452.1123047759816,106.37421749774073,51,5.31844223213732,1.6238123122510704
22.319999999831687,4.642369623801568,4.790546300934446,409.91951970306013,185.79210975363497,59,5.318451647718516,1.6238123122510704
22.33999999983093,4.659248545300325,4.576469435643384,374.10167065341307,241.16151466116236,57,5.31846318285599,1.6238123122510704
22.359999999830173,4.67160903754404,4.386140823076643,343.6320457143414,535.6791562142643,52,5.31847620551954,1.6238123122510704
22.379999999829415,4.680408474822314,4.208373472728667,316.3421514652653,459.0050233424845,50,5.3184902034195805,1.6238123122510704
22.39999999982866,4.679151630525189,4.056114899280406,293.8657777447556,350.81988761979767,64,5.318504764536376,1.6238123122510704
22.4199999998279,4.666879574410713,4.010048118740582,287.2286011664472,2250.993737130918,58,5.318519560578792,1.6238123122510704
22.439999999827144,4.675358788025606,4.348470711967808,337.7548654547772,5559.539769920828,50,5.318534332952005,1.6238123122510704
22.459999999826387,4.7082249148964825,5.20398422994786,483.7271447019919,10285.474318303484,51,5.318548880872143,1.6238123122510704
22.47999999982563,4.7532271344856545,6.5684081484609695,770.6350852706657,11395.982399093537,46,5.318563051316556,1.6238123122510704
22.499999999824873,4.799853146932991,7.914078028113091,1118.7400116575411,15039.29098682329,50,5.318576730541704,1.6238123122510704
22.519999999824115,4.845979333963644,9.815779825316582,1720.9891479591536,23708.82868192714,46,5.318589836938678,1.6238123122510704
22.539999999823358,4.894695124425971,12.051829110786306,2594.3851218820237,19242.239330460397,42,5.318602315028509,1.6238123122510704
22.5599999998226,4.947912101281649,11.947148510804462,2549.511878687702,4590.824444869956,41,5.3186141304278225,1.6238123122510704
22.579999999821844,4.990606470400901,10.622210262169874,2015.3863039665816,616.874605425307,45,5.31862526563922,1.6238123122510704
22.599999999821087,5.019327594576144,9.542747940977359,1626.579971918599,202.44602178633428,59,5.318635716541917,1.6238123122510704
22.61999999982033,5.026496716792448,8.727973237882008,1360.6778873977162,207.71431370090644,62,5.318645489475837,1.6238123122510704
22.639999999819572,5.0324780592231315,8.089104933911536,1168.7710712646074,183.40320870261684,61,5.318654598827992,1.6238123122510704
22.659999999818815,5.018828445425802,7.5943560343122005,1030.173615001345,851.9712003804324,58,5.318663065043022,1.6238123122510704
22.679999999818058,5.0108769384418945,7.235189029321491,935.0358868417044,1198.7879644085772,50,5.318670912991634,1.6238123122510704
22.6999999998173,5.015076488348089,7.097879524068792,899.8824091617985,2140.669726025245,48,5.318678170639789,1.6238123122510704
22.719999999816544,5.039261520326471,7.025932064933344,881.7316041280368,1156.841972645251,54,5.31868486797063,1.6238123122510704
22.739999999815787,5.078262195288105,6.774973413699481,819.8675655161236,530.5552941499101,64,5.318691036117923,1.6238123122510704
22.75999999981503,5.12345726816135,6.425602178509632,737.4900804802104,476.25978612610754,62,5.318696706676053,1.6238123122510704
22.779999999814272,5.167057574618623,6.083429316348906,661.0365115185684,371.00007431770706,49,5.318701911156902,1.6238123122510704
22.799999999813515,5.200674885426649,5.700591951386541,580.4548252652423,386.00882245926346,46,5.318706680568705,1.6238123122510704
22.819999999812758,5.21763309526603,5.294673136433876,500.7337034166371,495.0277325176937,48,5.318711045095479,1.6238123122510704
22.839999999812,5.207322995180346,4.960046133856669,439.44036530634565,71.88240382145409,70,5.318715033859237,1.6238123122510704
22.859999999811244,5.18629486853598,4.704186359623346,395.2733657569562,143.01523787795614,68,5.318718674749852,1.6238123122510704
22.879999999810487,5.146265088784128,4.5318050685637905,366.8351617466205,594.4823401806184,65,5.318721994309923,1.6238123122510704
22.89999999980973,5.113249799318169,4.394999756356119,345.0215531525938,1134.4198788405995,61,5.318725017664039,1.6238123122510704
22.919999999808972,5.0827946570395035,4.301368331055009,330.477412584419,2602.9591897967,54,5.318727768483551,1.6238123122510704
22.939999999808215,5.052473569280463,4.302332839864113,330.62563709721013,3859.451840270068,50,5.3187302689794125,1.6238123122510704
22.959999999807458,5.053373979556714,4.404433524322529,346.5043047753921,2342.6909537288334,49,5.3187325399170104,1.6238123122510704
22.9799999998067,5.073945516151723,4.426647682274136,350.0083705452994,460.3369366021909,55,5.318734600647858,1.6238123122510704
22.999999999805944,5.105108881853169,4.3130606740330535,332.2765177795274,777.919236095748,57,5.31873646915393,1.6238123122510704
23.019999999805187,5.1459875231740435,4.183717153752969,312.6461943772521,1771.145364167889,51,5.318738162101304,1.6238123122510704
23.03999999980443,5.157715299706272,4.0022992309748835,286.11961110443434,552.189805613357,47,5.318739694900199,1.6238123122510704
23.059999999803672,5.131930475958078,3.7119587747991574,246.11314136698934,1158.4643446876798,48,5.318741081769176,1.6238123122510704
23.079999999802915,5.082141105812208,3.450569423617554,212.67187225831742,2681.3672671580534,53,5.318742335801701,1.6238123122510704
23.099999999802158,5.04124498777413,3.2704770000636447,191.05161521845196,4292.306491508238,60,5.318743469033597,1.6238123122510704
23.1199999998014,4.995119464228105,3.128850695390413,174.86310853704953,4724.995413440788,54,5.318744492510287,1.6238123122510704
23.139999999800644,4.936267161051547,3.0701668742256163,168.36525725387995,4210.703633419573,54,5.318745416352875,1.6238123122510704
23.159999999799886,4.9350478851177355,3.0180759346482757,162.70048217682512,2337.6419852792706,54,5.318746249822389,1.6238123122510704
23.17999999979913,4.957112930755268,3.0449760913544353,165.6137111466854,1184.6539233435992,48,5.318747001381885,1.6238123122510704
23.199999999798372,4.942702726517351,3.166629208852135,179.11128180845776,1283.4497442129102,48,5.318747678755657,1.6238123122510704
23.219999999797615,4.940555903613974,3.3960265057291386,206.0016304146207,1278.9424651124928,53,5.318748288985835,1.6238123122510704
23.239999999796858,4.956382808156414,3.523876055649828,221.8041995096918,242.74535648900226,61,5.318748838485692,1.6238123122510704
23.2599999997961,4.988402265078313,3.5038368759796326,219.28871024954483,1266.150722828129,51,5.31874933309003,1.6238123122510704
23.279999999795344,5.027447636984007,3.447699296194336,212.31822540219162,1146.034544950918,46,5.318749778102378,1.6238123122510704
23.299999999794586,5.013937034297107,3.2007039413320553,182.98669973273357,1249.0700531391271,45,5.31875017833906,1.6238123122510704
23.31999999979383,4.955643284097326,2.8818413463129358,148.34354428356383,4987.604228146983,51,5.318750538170377,1.6238123122510704
23.339999999793072,4.897052509942915,2.6677466711682487,127.12111354736031,6258.29821612903,50,5.3187508615587635,1.6238123122510704
23.359999999792315,4.901208927766257,2.500538965289909,111.68523647190979,6694.82442398458,44,5.318751152094197,1.6238123122510704
23.379999999791558,4.9105206512306525,2.423481273926597,104.9078174378449,5359.556698588314,45,5.318751413026875,1.6238123122510704
23.3999999997908,4.856744693403858,2.418735178688447,104.49732121721921,3488.2126462022193,42,5.3187516472974625,1.6238123122510704
23.419999999790043,4.841927469683609,2.4303521857909787,105.50351766274414,945.9322224781854,45,5.318751857564852,1.6238123122510704
23.439999999789286,4.853295736558572,2.543446716595704,115.55102519693274,1185.9661922350053,37,5.318752046231677,1.6238123122510704
23.45999999978853,4.860491471825291,2.7994870686529376,139.98627160700124,2816.0301495301965,38,5.3187522154678435,1.6238123122510704
23.479999999787772,4.877027731270469,3.3829957349302324,204.42378053912933,5909.054437164555,53,5.318752367231903,1.6238123122510704
23.499999999787015,4.8938396703829,4.01460817403377,287.88222076214544,5271.3362763842015,51,5.318752503290783,1.6238123122510704
23.519999999786258,4.925580571456583,4.235729707884772,320.4682384076349,3548.3729218176104,47,5.318752625237688,1.6238123122510704
23.5399999997855,4.9626714263036025,4.121134439236686,303.36262926177943,2611.663489242871,41,5.3187527345085535,1.6238123122510704
23.559999999784743,4.989365552064623,3.8673758107567373,267.1537460318076,4279.429164813002,43,5.318752832396911,1.6238123122510704
23.579999999783986,5.001090718383711,3.6401978040306755,236.68922186065703,3897.643683422413,43,5.318752920067532,1.6238123122510704
23.59999999978323,5.020028347082234,3.450639384119787,212.68049621569946,3101.22057223874,49,5.318752998568801,1.6238123122510704
23.619999999782472,5.018728257158081,3.275506453447352,191.639678692957,2976.788364846018,50,5.318753068843956,1.6238123122510704
23.639999999781715,4.9970178704642905,3.1789215852863215,180.50454669296693,3623.0002286472877,43,5.318753131741322,1.6238123122510704
23.659999999780958,5.0097758764915525,3.1441764615012997,176.58033620137533,4629.26522465324,43,5.3187531880235515,1.6238123122510704
23.6799999997802,5.046643427639284,3.6076193818179627,232.4716179326181,7932.12520850944,46,5.318753238376033,1.6238123122510704
23.699999999779443,5.081094891819365,5.05899421478062,457.14805962769435,15065.915913291194,46,5.31875328341452,1.6238123122510704
23.719999999778686,5.132828311903619,7.317676648014497,956.4779120530492,20054.398346165763,47,5.318753323692017,1.6238123122510704
23.73999999977793,5.200310520147245,9.559716149448159,1632.3696430908005,20448.271819496877,41,5.318753359705026,1.6238123122510704
23.759999999777172,5.267781281977105,11.029148399508303,2172.7635938889466,20214.067590386963,31,5.318753391899139,1.6238123122510704
23.779999999776415,5.327707498767638,12.05327805008542,2595.0089827907937,17380.903417993926,23,5.3187534206741915,1.6238123122510704
23.799999999775657,5.375114741896791,12.094056695950925,2612.597552238882,7020.889259857072,27,5.318753446388826,1.6238123122510704
23.8199999997749,5.404135567864729,10.822376756503461,2092.0584440111306,2967.798619459379,34,5.318753469364641,1.6238123122510704
23.839999999774143,5.4133749834129,9.53947617423689,1625.4648050949709,1454.6175964181416,33,5.318753489889965,1.6238123122510704
23.859999999773386,5.370808985571287,8.556302738804993,1307.6779475189282,596.1584622482022,55,5.318753508223216,1.6238123122510704
23.87999999977263,5.327437002876593,7.817433809176952,1091.5834453193738,820.9409512829401,55,5.318753524595926,1.6238123122510704
23.89999999977187,5.259831787487526,7.245924338847239,937.8126896472359,2183.9185555996905,44,5.318753539215523,1.6238123122510704
23.919999999771115,5.203130797685465,6.7682824653557185,818.2489664850883,3042.817969600738,44,5.318753552267785,1.6238123122510704
23.939999999770357,5.191517199070258,6.390436734325826,729.440033034484,4104.793991285293,40,5.318753563919045,1.6238123122510704
23.9599999997696,5.2337528256439505,6.075070127932392,659.2211103576706,3487.9175747655067,41,5.3187535743181975,1.6238123122510704
23.979999999768843,5.285323541389987,5.805786105167068,602.0749780535447,1198.982759564941,59,5.318753583598519,1.6238123122510704
23.999999999768086,5.329466263430802,5.53261914570666,546.751603975693,1277.1762941042,64,5.31875359187928,1.6238123122510704
24.01999999976733,5.383743578996811,5.2775258170833546,497.49560474315393,1863.4903914938543,64,5.318753599267136,1.6238123122510704
24.03999999976657,5.430165172861963,5.048650882528547,455.2806526592347,1703.0141933342131,49,5.31875360585754,1.6238123122510704
24.059999999765814,5.433199297828051,4.792740571575577,410.2951262870451,1334.6482116512168,40,5.31875361173584,1.6238123122510704
24.079999999765057,5.398122295564576,4.472445102625208,357.2881004475843,2332.0285243085286,46,5.318753616978301,1.6238123122510704
24.0999999997643,5.35633670463931,4.20505065143132,315.8427977528013,1738.0171598147156,61,5.318753621653148,1.6238123122510704
24.119999999763543,5.325622616287137,4.011182758862283,287.3911663986178,1975.317331256934,53,5.318753625821351,1.6238123122510704
24.139999999762786,5.261757590313571,3.8558807430286444,265.56797488614745,2143.915853962824,51,5.31875362953737,1.6238123122510704
24.15999999976203,5.196205411030164,3.7513410907457816,251.3631577488138,1236.272787859904,46,5.318753632849907,1.6238123122510704
24.17999999976127,5.18327595212376,3.7526415771963353,251.5374693006257,1406.8926812398945,46,5.318753635802438,1.6238123122510704
24.199999999760514,5.220647593789847,3.879707292894904,268.8601506118416,913.419760767797,47,5.318753638433813,1.6238123122510704
24.219999999759757,5.258529512459808,3.9386867947501063,277.0967353855158,417.0028002643307,65,5.318753640778709,1.6238123122510704
24.239999999759,5.278962829090015,3.9072439441268876,272.69022398874597,2468.1180423386436,67,5.318753642868102,1.6238123122510704
24.259999999758243,5.302536012258708,3.8444004189747605,263.98894901678136,1820.660959518393,55,5.318753644729651,1.6238123122510704
24.279999999757486,5.34684840886962,3.771219761047019,254.03420490574746,1637.2587087969312,46,5.318753646388012,1.6238123122510704
24.29999999975673,5.360283126123095,3.6059571940855517,232.25744763788472,1149.144288743948,46,5.318753647865233,1.6238123122510704
24.31999999975597,5.329399743741615,3.3611255667882283,201.7892331783114,2608.272251033753,59,5.318753649180971,1.6238123122510704
24.339999999755214,5.304772020420016,3.187050638069387,181.42888978096258,732.2640446081958,62,5.318753650352772,1.6238123122510704
24.359999999754457,5.239633137584944,3.0569442969985006,166.91815110886722,2188.5616421060686,53,5.3187536513962845,1.6238123122510704
24.3799999997537,5.1575523178402936,3.073742427366534,168.75764600449395,1825.0077252634705,51,5.3187536523254835,1.6238123122510704
24.399999999752943,5.153480807488017,3.1285503595197173,174.82954020892942,2492.29360529274,53,5.318753653152794,1.6238123122510704
24.419999999752186,5.169968703445279,3.285532749761131,192.81468901946675,2036.062866311008,53,5.318753653889336,1.6238123122510704
24.43999999975143,5.200710447843273,3.511823876339391,220.2895874571162,3088.0497331139936,52,5.318753654545015,1.6238123122510704
24.45999999975067,5.227100546023849,4.0486083236106,292.7790804891291,4776.031704183963,65,5.318753655128656,1.6238123122510704
24.479999999749914,5.262929930239398,4.359104976981813,339.4088568751107,3431.8618782592152,64,5.318753655648133,1.6238123122510704
24.499999999749157,5.318479928445264,4.419348841510888,348.85510539540195,1854.6918513757382,60,5.318753656110458,1.6238123122510704
24.5199999997484,5.362294246642999,4.250615853737556,322.72471845241347,2297.9187330677382,53,5.318753656521892,1.6238123122510704
24.539999999747643,5.355365242858946,4.075872436832848,296.73561999399794,1735.5933312449522,55,5.318753656888008,1.6238123122510704
24.559999999746886,5.319974974637955,3.9127894392275433,273.46482390943066,2035.6469122474366,64,5.31875365721377,1.6238123122510704
24.57999999974613,5.314757159828012,3.773967100946556,254.40446841121732,1359.3850030889191,64,5.318753657503605,1.6238123122510704
24.59999999974537,5.3002141044172335,4.082493068017079,297.70040616291715,4696.368595031498,64,5.318753657761457,1.6238123122510704
24.619999999744614,5.228358892062333,4.828269673799965,416.4007976659558,7178.48428856811,59,5.318753657990839,1.6238123122510704
24.639999999743857,5.1969722360052835,5.886072245795843,618.841872957158,9599.56157569318,58,5.318753658194879,1.6238123122510704
24.6599999997431,5.242117225213529,7.371461024063265,970.5896645600977,13699.842540103371,54,5.318753658376368,1.6238123122510704
24.679999999742343,5.3102713541256525,9.055993856794945,1464.8756287428566,15239.194048263824,54,5.318753658537783,1.6238123122510704
24.699999999741586,5.3683579749765995,10.14700174083795,1839.0942432537947,14257.931938361677,56,5.318753658681334,1.6238123122510704
24.71999999974083,5.419569592440824,10.68254043970295,2038.344595962068,11455.598071082279,56,5.318753658808993,1.6238123122510704
24.73999999974007,5.463978493259213,10.763777462963297,2069.4642855141565,5799.741412448022,53,5.3187536589225095,1.6238123122510704
24.759999999739314,5.5041960805550545,9.746113648421785,1696.6468607100126,669.6914535475694,53,5.318753659023444,1.6238123122510704
24.779999999738557,5.512877788085576,8.582753469318211,1315.7754872782352,1129.3126748459915,55,5.318753659113189,1.6238123122510704
24.7999999997378,5.47814908440056,7.637670938715795,1041.9584518793422,733.5262595622632,64,5.318753659192973,1.6238123122510704
24.819999999737043,5.445498554679292,6.963584728811824,866.1522613961035,1394.5598928384636,60,5.318753659263902,1.6238123122510704
24.839999999736285,5.361956661747184,6.435431824360643,739.7481758108652,3018.7720422818265,52,5.318753659326952,1.6238123122510704
24.85999999973553,5.277743551035309,6.024822093619904,648.3611286419314,7029.943023149369,55,5.318753659382998,1.6238123122510704
24.87999999973477,5.271906892975571,5.719891452655003,584.3917679159271,6183.663691423696,50,5.318753659432816,1.6238123122510704
24.899999999734014,5.319342030952259,5.474298272783873,535.2854376040359,3183.076214455933,48,5.318753659477091,1.6238123122510704
24.919999999733257,5.36736379068005,5.265053556410574,495.1469424589886,822.1424457112314,62,5.318753659516447,1.6238123122510704
24.9399999997325,5.399647940365186,5.050155466586867,455.5520558915152,1300.1933712873633,66,5.318753659551412,1.6238123122510704
24.959999999731743,5.430826561684905,4.840673666139039,418.5430420836227,1669.7231038746816,57,5.318753659582487,1.6238123122510704
24.979999999730985,5.47737368445228,4.616871526457967,380.73613284074963,2673.717113015478,42,5.318753659610108,1.6238123122510704
24.99999999973023,5.4248461303080555,4.316560370598617,332.815967076357,3926.935071720587,30,5.31875365963464,1.6238123122510704
25.01999999972947,5.2371610016574515,3.910853116876139,273.1942317713866,5336.322438983628,37,5.318753659656444,1.6238123122510704
25.039999999728714,5.109459263767592,3.610976123968064,232.9044298435144,4844.3492748784065,44,5.318753659675812,1.6238123122510704
25.059999999727957,5.06080004216061,3.334528900926485,198.608342481036,8402.03646843415,37,5.318753659693032,1.6238123122510704
25.0799999997272,4.9774669708048656,3.11083296738458,172.8549818197665,8482.090391732061,33,5.318753659708315,1.6238123122510704
25.099999999726442,4.898856363077949,3.0323435048339835,164.2424098951562,6312.218968636012,38,5.318753659721885,1.6238123122510704
25.119999999725685,4.937888352881787,3.008251753220357,161.64298885707754,3083.409734015266,47,5.318753659733957,1.6238123122510704
25.139999999724928,4.981637427970768,3.0113658645993335,161.97782440688493,2107.1812719862564,51,5.318753659744665,1.6238123122510704
25.15999999972417,5.011332378989218,3.0136157819272946,162.21995563452248,1762.3814762170769,47,5.318753659754178,1.6238123122510704
25.179999999723414,5.037919030593821,2.9975082420735113,160.49048409985696,1327.951493207782,48,5.318753659762626,1.6238123122510704
25.199999999722657,5.06263186607563,2.9988043242880043,160.62930195478916,2499.886111081108,53,5.318753659770131,1.6238123122510704
25.2199999997219,5.088780432548404,2.9845921179563937,159.1103718213649,2044.1662660456864,54,5.318753659776798,1.6238123122510704
25.239999999721142,5.094347030565864,2.892138909430488,149.405577921058,1016.3765578267794,50,5.318753659782743,1.6238123122510704
25.259999999720385,5.071120402534243,2.7269777402698394,132.8286323450237,2150.669384782407,42,5.318753659787972,1.6238123122510704
25.279999999719628,5.026672363260902,2.5428770348940417,115.49926871056552,2940.722006798062,34,5.318753659792637,1.6238123122510704
25.29999999971887,4.994694558100602,2.4126455409242924,103.97179881158999,2905.3650476343946,49,5.318753659796787,1.6238123122510704
25.319999999718114,4.967678369563764,2.314862537237324,95.7147629927894,4916.275217553144,42,5.318753659800465,1.6238123122510704
25.339999999717357,4.92462432823665,2.2633758955148986,91.5043811184841,5279.529725898066,42,5.318753659803722,1.6238123122510704
25.3599999997166,4.8953941716564815,2.301843086170182,94.6411361226819,7216.3799154936005,36,5.3187536598066245,1.6238123122510704
25.379999999715842,4.921125497387063,2.7715305225521263,137.20433928529627,6600.460359036158,38,5.318753659809262,1.6238123122510704
25.399999999715085,4.9823368894355555,4.074213340883782,296.4940949345175,14311.548497139283,48,5.318753659811483,1.6238123122510704
25.419999999714328,5.036964648449483,6.210939080324182,689.0378105497476,18163.170681877702,49,5.318753659813536,1.6238123122510704
25.43999999971357,5.077612394446903,8.147775478332754,1185.7868263281764,12220.92602356392,46,5.318753659815313,1.6238123122510704
25.459999999712814,5.1095349532719085,8.61526261427974,1325.7619667365864,4569.816186899239,43,5.31875365981697,1.6238123122510704
25.479999999712057,5.130828875719944,7.9929255831308845,1141.1429573300418,1169.2876939055661,38,5.318753659818302,1.6238123122510704
25.4999999997113,5.153606132432717,7.22807949173759,933.1991949071635,1425.7980358094298,28,5.3187536598196345,1.6238123122510704
25.519999999710542,5.169948780230725,6.5625392045153115,769.258558896516,1741.8238935137358,30,5.318753659820768,1.6238123122510704
25.539999999709785,5.171765336967738,6.042156221788981,652.0973194782499,1563.8577766389105,39,5.318753659821656,1.6238123122510704
25.559999999709028,5.160833632535618,5.657612962479714,571.7352685042695,1724.3257894668395,48,5.318753659822544,1.6238123122510704
25.57999999970827,5.1281240344935215,5.350456313703995,511.340462612051,2536.7042290244053,38,5.318753659823432,1.6238123122510704
25.599999999707514,5.078945196694818,5.08403764640885,461.6852828227669,3107.494032148934,34,5.3187536598242415,1.6238123122510704
25.619999999706756,5.054130811451351,4.897506803790047,428.42875438357123,2396.2190327659478,24,5.318753659824686,1.6238123122510704
25.639999999706,5.072392442064808,4.851794046652487,420.4682716657645,813.6558225639664,25,5.31875365982513,1.6238123122510704
25.659999999705242,5.095272753516578,4.770717087186633,406.5330336488233,1049.4912073271846,56,5.318753659825574,1.6238123122510704
25.679999999704485,5.116183117770258,4.573115427476602,373.55352746637766,1844.1939831938985,49,5.318753659826018,1.6238123122510704
25.699999999703728,5.14501496319431,4.3705360674138305,341.1912871984674,2235.132106808971,38,5.318753659826462,1.6238123122510704
25.71999999970297,5.15802540543755,4.082082924282284,297.6405927983519,4288.222733744657,31,5.318753659826906,1.6238123122510704
25.739999999702214,5.1195227488073005,3.7368345802127734,249.4228639432689,4636.477515292103,29,5.31875365982735,1.6238123122510704
25.759999999701456,5.057910767595776,3.4544439720631717,213.1497470658662,3741.3425344905104,35,5.318753659827794,1.6238123122510704
25.7799999997007,5.029280683270783,3.2689924479970123,190.87820828259268,2139.6700985155685,33,5.318753659828129,1.6238123122510704
25.799999999699942,5.003701635121101,3.1303975460301343,175.03604997770026,2951.607185703813,32,5.318753659828129,1.6238123122510704
25.819999999699185,4.942619944113763,3.00835498111095,161.6540825769043,3065.021714623269,29,5.318753659828129,1.6238123122510704
25.839999999698428,4.848425034826648,2.924043767792053,152.72011876257082,3952.011283166115,34,5.318753659828129,1.6238123122510704
25.85999999969767,4.821791502168918,2.93870720140458,154.2556746930192,4700.2540875134055,19,5.318753659828129,1.6238123122510704
25.879999999696913,4.869769738819113,3.580802174735084,229.02831209616627,10138.616757941947,29,5.318753659828129,1.6238123122510704
25.899999999696156,4.945496607372116,5.17925834862144,479.14136385575836,19767.070496424887,36,5.318753659828129,1.6238123122510704
25.9199999996954,5.021500215690129,7.566171251728357,1022.5412784832082,20469.067441001618,30,5.318753659828129,1.6238123122510704
25.939999999694642,5.0830384992132664,9.293877919052525,1542.8455140239062,21536.940404177236,29,5.318753659828129,1.6238123122510704
25.959999999693885,5.127881387315313,10.085278044186273,1816.7880600149754,15785.176298877097,16,5.318753659828129,1.6238123122510704
25.979999999693128,5.158123809237112,10.025223631295624,1795.2157652761584,7304.321491035044,24,5.318753659828129,1.6238123122510704
25.99999999969237,5.146887277675506,9.140753997215851,1492.425143891006,1022.4765796743582,35,5.318753659828129,1.6238123122510704
26.019999999691613,5.12926855180923,8.226009168077779,1208.667636745778,1038.8716416373848,35,5.318753659828129,1.6238123122510704
26.039999999690856,5.081634709024047,7.493424700409135,1002.9729268070096,1383.2876025617904,41,5.318753659828129,1.6238123122510704
26.0599999996901,5.03452753149958,6.925938541738668,856.8124769988767,1515.6062371083005,36,5.318753659828129,1.6238123122510704
26.079999999689342,5.000814888919297,6.451202491602641,743.3782716258235,1047.1984904977544,45,5.318753659828129,1.6238123122510704
26.099999999688585,4.948297249289991,6.037353881267289,651.0611500174498,2721.2132114090664,33,5.318753659828129,1.6238123122510704
26.119999999687828,4.9354522656718505,5.742275495090112,588.9745981057399,5999.681964467224,27,5.318753659828129,1.6238123122510704
26.13999999968707,4.994414875081703,5.522302643842523,544.7144837974738,4540.786763523756,24,5.318753659828129,1.6238123122510704
26.159999999686313,5.06012572284088,5.440671724545418,528.729522050726,551.2281400088896,44,5.318753659828129,1.6238123122510704
26.179999999685556,5.107711550983572,5.399558957873487,520.7689597994561,481.04524231919663,49,5.318753659828129,1.6238123122510704
26.1999999996848,5.148542382819256,5.29335347986462,500.4841264720702,1935.2852584794625,53,5.318753659828129,1.6238123122510704
26.219999999684042,5.183893807756207,5.12150062112028,468.51443341870373,1252.9246481889159,35,5.318753659828129,1.6238123122510704
26.239999999683285,5.1999406327623925,4.812815522535571,413.7394623651312,884.3530264942954,31,5.318753659828129,1.6238123122510704
26.259999999682528,5.183246778634927,4.483686614841545,359.08644839711303,1986.6203460508252,37,5.318753659828129,1.6238123122510704
26.27999999968177,5.151370975760611,4.213188131358807,317.0663983656496,741.6221381028854,52,5.318753659828129,1.6238123122510704
26.299999999681013,5.107468226963625,3.9954436234147965,285.14025214505534,1644.4477452406043,50,5.318753659828129,1.6238123122510704
26.319999999680256,5.054302304764072,3.8086325008914668,259.09954686975396,1394.1892988642603,53,5.318753659828129,1.6238123122510704
26.3399999996795,5.001472119888151,3.654879862276922,238.60235580680236,2370.1792758754978,49,5.318753659828129,1.6238123122510704
26.35999999967874,4.956081303185362,3.562650597432631,226.71224539546375,3447.521779583653,41,5.318753659828129,1.6238123122510704
26.379999999677985,4.981657878135561,3.5833374529046385,229.35273997991234,2517.9148834736307,41,5.318753659828129,1.6238123122510704
26.399999999677227,5.033159922196406,3.7430423137550908,250.25224866826264,805.4077926828949,47,5.318753659828129,1.6238123122510704
26.41999999967647,5.075198325661477,3.7782837079195097,254.98676926584565,882.2872097688376,60,5.318753659828129,1.6238123122510704
26.439999999675713,5.105666702110091,3.7814519661589396,255.4145839616151,2904.991754277131,58,5.318753659828129,1.6238123122510704
26.459999999674956,5.131782005977151,3.7146734609077563,246.473255407242,1559.3174038685231,46,5.318753659828129,1.6238123122510704
26.4799999996742,5.160507335513102,3.5556350803390004,225.82024793922568,2315.916056693199,38,5.318753659828129,1.6238123122510704
26.49999999967344,5.190517055827522,3.414470787352286,208.24535261273746,1014.4880340108059,41,5.318753659828129,1.6238123122510704
26.519999999672685,5.198370789375299,3.3339314186828792,198.53717541044097,919.8046788174537,55,5.318753659828129,1.6238123122510704
26.539999999671927,5.185808822625999,3.2467506409105065,188.28962264726448,1504.7554067374774,52,5.318753659828129,1.6238123122510704
26.55999999967117,5.169569194897242,3.17278889956988,179.80876993309624,1587.4937541015559,51,5.318753659828129,1.6238123122510704
26.579999999670413,5.144684032754286,3.1233246919735294,174.2459868386578,1502.5356428732762,49,5.318753659828129,1.6238123122510704
26.599999999669656,5.1117351844764745,3.316695949647984,196.4897210162147,3874.2885107700945,50,5.318753659828129,1.6238123122510704
26.6199999996689,5.117962184748216,4.352955087189903,338.45184636068495,7364.506911916455,41,5.318753659828129,1.6238123122510704
26.63999999966814,5.169907122925412,6.061971594318791,656.3814654286106,14231.548746244967,53,5.318753659828129,1.6238123122510704
26.659999999667384,5.243731003241765,8.21159280356773,1204.4348856590482,18435.702557347246,46,5.318753659828129,1.6238123122510704
26.679999999666627,5.325473057138394,10.143800006897191,1837.933829246099,19629.69705845824,39,5.318753659828129,1.6238123122510704
26.69999999966587,5.389176837709676,12.620330471449734,2844.9194199855815,13670.351795880491,39,5.318753659828129,1.6238123122510704
26.719999999665113,5.465231568439224,13.843433770906783,3423.0730700433205,10524.009883026547,38,5.318753659828129,1.6238123122510704
26.739999999664356,5.4738898301577645,12.730134167830665,2894.6394519543373,4845.628043319519,41,5.318753659828129,1.6238123122510704
26.7599999996636,5.460574620468542,11.086249526929672,2195.3198987911564,343.841140005891,48,5.318753659828129,1.6238123122510704
26.77999999966284,5.385681454970064,9.876815965270664,1742.4584804590024,1872.359944018386,47,5.318753659828129,1.6238123122510704
26.799999999662084,5.271523710432915,8.995072210466153,1445.2328465062271,2635.040905860305,37,5.318753659828129,1.6238123122510704
26.819999999661327,5.1757965850473004,8.263849220337459,1219.8130754754127,3744.214595482927,44,5.318753659828129,1.6238123122510704
26.83999999966057,5.144308970733064,7.66743616503118,1050.0956347702522,5322.401986636063,40,5.318753659828129,1.6238123122510704
26.859999999659813,5.160560933753672,7.195956739887266,924.9230504485732,5694.876184977932,38,5.318753659828129,1.6238123122510704
26.879999999659056,5.197532530531574,6.764106313725583,817.239529436044,3780.334553638658,37,5.318753659828129,1.6238123122510704
26.8999999996583,5.241102597862892,6.344995407283431,719.1030641951384,1610.6221125479,55,5.318753659828129,1.6238123122510704
26.91999999965754,5.270308498275277,5.9713845063053,636.9107646246671,1438.0340730465798,51,5.318753659828129,1.6238123122510704
26.939999999656784,5.2890849251738015,5.629035758268626,565.9740643922862,1609.5885531941603,40,5.318753659828129,1.6238123122510704
26.959999999656027,5.286515203145444,5.316234093369553,504.820180472953,1653.81069468594,39,5.318753659828129,1.6238123122510704
26.97999999965527,5.275626247087052,5.02294631425434,450.6564466102972,1438.593533330113,36,5.318753659828129,1.6238123122510704
26.999999999654513,5.266178153344649,4.732106642499201,399.9793421770303,1244.432380199115,47,5.318753659828129,1.6238123122510704
27.019999999653756,5.25609022701787,4.493010741393916,360.5814899311254,954.0719563791098,53,5.318753659828129,1.6238123122510704
27.039999999653,5.23195678070528,4.318703646059259,333.14655130230915,1967.7753547776263,45,5.318753659828129,1.6238123122510704
27.05999999965224,5.182563015891694,4.227528770970289,319.2285013266676,2679.9919790989106,46,5.318753659828129,1.6238123122510704
27.079999999651484,5.157666228453286,4.244140192615878,321.74214836196035,2755.4713719887045,40,5.318753659828129,1.6238123122510704
27.099999999650727,5.172555261560836,4.420783243932832,349.0816002180724,587.6146650979042,38,5.318753659828129,1.6238123122510704
27.11999999964997,5.215824293128443,4.643376976737894,385.12029231269725,432.89004096739336,32,5.318753659828129,1.6238123122510704
27.139999999649213,5.261345364602483,4.7973590312584955,411.0989436755385,653.8515488732431,62,5.3187537858344465,1.6238624213648825
27.159999999648456,5.291082153484376,4.773675355747269,407.04992392096193,834.3096052099002,60,5.3187546953738325,1.6238624213648825
27.1799999996477,5.311391223416145,4.674364314153255,390.28964808558624,1413.2689896738846,57,5.318756305630832,1.6238624213648825
27.19999999964694,5.342327275072739,4.505059447097502,362.52918035848575,634.3993424802268,49,5.3187584383890325,1.6238624213648825
27.219999999646184,5.349306310971654,4.155091496341164,308.3919974451224,893.5777781990736,46,5.318760947758392,1.6238624213648825
27.239999999645427,5.327448109507364,3.7807864102465674,255.33256223606853,208.7517709623294,68,5.318763715024551,1.6238624213648825
27.25999999964467,5.319114563446946,3.558974491004542,226.25160424096256,929.363861972072,60,5.318766644264001,1.6238624213648825
27.279999999643913,5.213689276630852,3.4182255031363153,208.71003794653276,2796.289173130953,48,5.318769658616024,1.6238624213648825
27.299999999643155,5.1642186892142234,3.4166699837197068,208.52012733533948,2942.845410620009,47,5.3187726971174865,1.6238624213648825
27.3199999996424,5.168194087743444,3.4585755841525363,213.6989915530266,2543.4174349648856,47,5.31877725499453,1.6241092695490964
27.33999999964164,5.187042160073819,3.478499503434609,216.16820764839133,1762.9092758824618,47,5.318785828444021,1.6241092695490964
27.359999999640884,5.20445250488555,3.461459600310659,214.05553620131067,1155.6170828249142,62,5.318797483810412,1.6241092695490964
27.379999999640127,5.22065721899046,3.403887008924453,206.99421159474397,849.7096226515837,63,5.318811373471619,1.6241092695490964
27.39999999963937,5.235240614779682,3.329280505155279,198.0198402065089,2102.4894588680013,56,5.3188268070523215,1.6241092695490964
27.419999999638613,5.247839253995786,3.2459421804846413,188.23028044868354,1426.6471728773809,45,5.318843226100206,1.6241092695490964
27.439999999637855,5.242095852110933,3.1109363984150398,172.8980896401468,1024.2282217480474,41,5.318860182551293,1.6241092695490964
27.4599999996371,5.212626336438076,2.91110291309086,151.39901440468358,1594.0571731233897,40,5.318877320442198,1.6241092695490964
27.47999999963634,5.175634469210124,2.7176941678384834,131.94990898945446,1693.8686249670654,61,5.318894360402875,1.6241092695490964
27.499999999635584,5.164650656918679,2.6034932454013213,121.09350246846596,2262.0202354403364,59,5.318911086528003,1.6241092695490964
27.519999999634827,5.0795114984961725,2.5276630066838606,114.14220949012612,4994.76345455808,53,5.318927335281376,1.6241092695490964
27.53999999963407,5.011847900674672,2.496273384291375,111.32487667603063,7001.0543326882325,54,5.318942986136252,1.6241092695490964
27.559999999633312,5.03808711627255,2.6210084626690686,122.72831641738426,5002.546722555364,51,5.318957953696231,1.6241092695490964
27.579999999632555,5.103503656197858,3.356698533213066,201.29482401690754,6541.434151309162,49,5.318972181077554,1.6241092695490964
27.599999999631798,5.170584185831959,5.213917278660603,485.66432539556496,11694.19347776547,53,5.318985634364681,1.6241092695490964
27.61999999963104,5.226757561196521,6.859816725120173,840.6843363836487,13186.307919619461,59,5.318998297977924,1.6241092695490964
27.639999999630284,5.271749986173607,7.744437447010116,1071.8810462438896,8967.770604766161,57,5.3190116420173155,1.624703641317931
27.659999999629527,5.311294499166862,7.811228852336329,1090.449512740948,3264.04569025802,53,5.319033444263079,1.624703641317931
27.67999999962877,5.342021156616254,7.276980114611203,946.3879790563005,1285.9510906981006,48,5.319062815180406,1.624703641317931
27.699999999628012,5.350217748311333,6.554983752278025,767.9095666427728,1553.3943544076965,47,5.319097662728285,1.624703641317931
27.719999999627255,5.2892911944519145,5.770005527094988,595.0031943683256,1980.3333201499795,47,5.3191362834996125,1.624703641317931
27.739999999626498,5.2138363276875825,5.198018578071217,482.88364207908944,901.0470027389582,62,5.319177300094164,1.624703641317931
27.75999999962574,5.1605433226241075,4.808457763126283,413.21725675106865,3305.904650920035,52,5.31921960786532,1.624703641317931
27.779999999624984,5.023480804311184,4.500901181545641,362.0477017586432,8102.292343599613,55,5.319262329699582,1.624703641317931
27.799999999624227,4.997963803070527,4.256314776331797,323.7682937443991,12590.18852341298,51,5.319304777674185,1.624703641317931
27.81999999962347,5.077501028707918,4.058626504317071,294.39132840374896,9800.399292866932,51,5.319346420598629,1.624703641317931
27.839999999622712,5.15797483700394,4.001957038464118,286.2277147823712,2264.482365505594,57,5.319386856585062,1.624703641317931
27.859999999621955,5.215254826429716,4.013384552004985,287.86468440028455,529.1861440052149,61,5.319425789912218,1.624703641317931
27.879999999621198,5.260131900759498,3.959164436875142,280.1392222176652,965.1553374970356,59,5.319463011551281,1.624703641317931
27.89999999962044,5.293775165523042,3.8491409829322754,264.7856687465538,2551.994664470037,61,5.319498382811309,1.624703641317931
27.919999999619684,5.249961730280179,3.5847154714367364,229.65516617161077,3610.1003314829018,50,5.319531821638866,1.624703641317931
27.939999999618927,4.949043202745895,3.132257793441307,175.3403366096676,7200.777414862921,49,5.31956329117304,1.624703641317931
27.95999999961817,4.51631197034691,2.71170578104575,131.41712832832047,6855.382350573567,53,5.3195927902141324,1.624703641317931
27.979999999617412,4.280377623788694,2.410565537728153,103.84957555705076,13539.140445912743,52,5.319620345313553,1.624703641317931
27.999999999616655,4.098152056758815,2.1282188456249167,80.94674843430815,12057.303836515302,53,5.319646004234928,1.624703641317931
28.019999999615898,4.101502977693945,2.01826432891382,72.79858332956651,4763.026563013883,55,5.319669830572808,1.624703641317931
28.03999999961514,4.167020736371206,2.009506842160211,72.16819071401612,3651.6393421150083,57,5.319691899346736,1.624703641317931
28.059999999614384,4.227700427191034,2.0595396169029883,75.80662115344084,4349.122400669375,57,5.319712293415294,1.624703641317931
28.079999999613626,4.283359936654347,2.1505459223607017,82.65407703308779,2503.076197860296,56,5.319731100577961,1.624703641317931
28.09999999961287,4.323734831299099,2.166882779311166,83.91462831843856,2801.114558947908,49,5.3197484112521405,1.624703641317931
28.119999999612112,4.3465836654659125,2.341929306086043,98.01993303107155,4131.875535582189,55,5.319764316630187,1.624703641317931
28.139999999611355,4.351212253191995,2.7319320252170294,133.3848846048076,4158.540685117122,60,5.319778907235131,1.624703641317931
28.159999999610598,4.325722376543758,2.954483884316813,156.00197254767485,2741.259831298736,58,5.319792271806885,1.624703641317931
28.17999999960984,4.274516394029084,3.0329778651840655,164.4013277200954,1498.2693552522505,57,5.319804496460825,1.624703641317931
28.199999999609084,4.185531544635934,2.9557572822047917,156.13647684709883,1449.1454162203586,59,5.319815664070066,1.624703641317931
28.219999999608326,4.11196222188775,2.8418326678609556,144.33240344220258,1554.6212548856215,58,5.319825853830208,1.624703641317931
28.23999999960757,4.054762959711912,2.6737558436809694,127.7645390665574,642.9613421734654,54,5.319835140972193,1.624703641317931
28.259999999606812,3.974446312450141,2.4815130109464674,110.0525100293461,2301.2306055051704,50,5.319843596594245,1.624703641317931
28.279999999606055,3.8499986290982413,2.2665371266832937,91.81053405985917,3021.5876840192273,53,5.319851287588787,1.624703641317931
28.299999999605298,3.765924265194254,2.1111327028657723,79.65222385271471,1992.3945765796486,56,5.3198582766443305,1.624703641317931
28.31999999960454,3.6844427110592406,1.9991597734425077,71.42690759260239,3547.538594616601,55,5.319864622305556,1.624703641317931
28.339999999603783,3.651029744001104,1.9109372567470522,65.26189715442517,5980.6275515208745,59,5.319870379077798,1.624703641317931
28.359999999603026,3.6885807135979523,1.8494962297466202,61.13272284332917,8517.899223498693,59,5.31987559756469,1.624703641317931
28.37999999960227,3.768109981781985,1.8795439475977094,63.135236073703865,8309.606102559885,55,5.319880324629621,1.624703641317931
28.399999999601512,3.866005158407195,2.1886990335904195,85.61284538684384,6282.393262243518,53,5.319884603573473,1.624703641317931
28.419999999600755,3.9542308078605957,3.5534346029185473,225.66462940764308,15740.427543912023,59,5.319888474322542,1.624703641317931
28.439999999599998,4.042732109239548,5.415658836184189,524.166709142891,22265.447135368286,54,5.319891973621761,1.624703641317931
28.45999999959924,4.130280749063906,7.8152904019188,1091.5837942433113,26162.382877357366,50,5.319895135229301,1.624703641317931
28.479999999598483,4.198853247589142,10.885849874930344,2117.8320698803063,17294.132799668754,48,5.319897990109652,1.624703641317931
28.499999999597726,4.244825338359869,13.132284385276643,3082.104765443752,15232.657332041708,51,5.319900566622716,1.624703641317931
28.51999999959697,4.265332501796631,13.411875809811058,3214.740233865438,7144.121474897203,51,5.31990289070716,1.624703641317931
28.539999999596212,4.2786520113126265,12.205374866052633,2662.3741263090333,524.4806593586497,57,5.319904986056864,1.624703641317931
28.559999999595455,4.29613900811155,10.942457695767246,2139.9153377380235,426.77161379568435,53,5.319906874289376,1.624703641317931
28.579999999594698,4.316351197681958,9.885764021831381,1748.4605164748873,672.9796759068665,52,5.319913593949363,1.6264572981326966
28.59999999959394,4.332417989419592,8.960574215653434,1436.5046400913582,1639.020401692056,55,5.3199473861262785,1.6264572981326966
28.619999999593183,4.339259425853939,7.998118786190285,1144.4874915494474,1833.7211658184426,49,5.320005437933502,1.6264572981326966
28.639999999592426,4.290822584989934,6.959795163348214,866.6191199728929,1317.7189359239933,45,5.3200815471981775,1.6264572981326966
28.65999999959167,4.196364337295809,6.19499349175976,686.6209646608813,1454.8422359978658,56,5.320170638510081,1.6264572981326966
28.679999999590912,4.076996027981906,5.675359811334633,576.2648787989008,2972.6244404206313,60,5.320268583554976,1.6264572981326966
28.699999999590155,3.983347754740659,5.247113865114874,492.5794938763419,5341.359853067383,59,5.320372048174484,1.6264572981326966
28.719999999589398,3.9200670635557713,4.887443511325488,427.3649023194341,3636.4813326177887,58,5.320478362344792,1.6264572981326966
28.73999999958864,3.848472474217057,4.600804383156854,378.7066117288635,2441.7996171556156,55,5.320585409793322,1.6264572981326966
28.759999999587883,3.6908771814500274,4.331467060036913,335.6644769993977,1692.8505908418635,51,5.3206915344279455,1.6264572981326966
28.779999999587126,3.542438069509554,4.059654688972914,294.85842373108613,2182.7538570777456,54,5.320795461146486,1.6264572981326966
28.79999999958637,3.4096218016102697,3.8158284816462085,260.5031872865126,2014.9804534249888,51,5.320896228934904,1.6264572981326966
28.81999999958561,3.336607101564974,3.6292353844697973,235.6490122944509,2478.8100822883716,54,5.320993134455516,1.6264572981326966
28.839999999584855,3.2753136956442956,3.427218650275977,210.144958622935,2228.3422944276845,53,5.3210856845804955,1.6264572981326966
28.859999999584097,3.1335039954368518,3.2444581868745503,188.33008993881862,5989.270793416732,52,5.321173556544257,1.6264572981326966
28.87999999958334,3.0083288229835206,3.1052204919595923,172.51236845373154,6399.88036352634,52,5.3212565645770304,1.6264572981326966
28.899999999582583,3.025968004326364,2.9986613736695222,160.87560814917128,3400.0876306480186,49,5.321334632044325,1.6264572981326966
28.919999999581826,3.061174624100007,2.9524794346086067,155.9585228678088,23.024337087015375,67,5.321407768257105,1.6264572981326966
28.93999999958107,3.0766418226149357,2.9107703283255137,151.58325517638215,625.9389906367469,66,5.321476049237799,1.6264572981326966
28.95999999958031,2.9504880819659585,2.8483149375840213,145.14810347990465,3323.2183526860977,57,5.321539601831267,1.6264572981326966
28.979999999579555,2.8641543481185536,2.6780855944065283,128.3170177588624,2362.817073449608,53,5.3215985906386765,1.6264572981326966
28.999999999578797,2.8846935384137944,2.4353602591901775,106.11133546809592,4903.004227342281,52,5.321653207329091,1.6264572981326966
29.01999999957804,2.9100782640678853,2.3016141073478096,94.77643579039993,5640.3994964050025,52,5.321703661949351,1.6264572981326966
29.039999999577283,2.9393558828632154,2.346625705357906,98.51968126737593,3805.243727741017,52,5.321750175909403,1.6264572981326966
29.059999999576526,2.9859662805865494,2.4617499587113474,108.42345176419211,402.3360319243428,51,5.321792976368145,1.6264572981326966
29.07999999957577,3.0148673324360384,2.536453533556205,115.10865905259934,468.63637937235035,56,5.3218324017232,1.626527791239758
29.09999999957501,3.034891598249663,2.550815089515508,116.41585393323413,215.16971205758227,61,5.321869604871861,1.626527791239758
29.119999999574254,3.0298727624261446,2.621067463539909,122.91660943469373,339.6836157846365,57,5.321904788844483,1.626527791239758
29.139999999573497,3.0131024662691854,2.691972801644044,129.65686265838156,473.8658451897429,52,5.321937911720359,1.626527791239758
29.15999999957274,3.0021967233243037,2.750004072732586,135.30718141102474,517.0214004101856,50,5.32196896964517,1.626527791239758
29.179999999571983,3.0199648151595446,2.8362867069360096,143.93102968286962,497.3777268984816,48,5.321997988423257,1.626527791239758
29.199999999571226,3.052637264111667,2.9165377345641836,152.1911409316562,262.4315478219087,49,5.322025016565197,1.626527791239758
29.21999999957047,3.0733479073218675,2.9304456010621043,153.6460858184382,366.3809750506272,53,5.322050119563899,1.626527791239758
29.23999999956971,3.069438143720309,2.882503875877786,148.6671141655842,487.5303632282146,69,5.32207390540879,1.6266062108801003
29.259999999568954,3.0444209052788107,2.825840682949178,142.8796763999792,969.3336835018777,62,5.322097221665451,1.6266062108801003
29.279999999568197,3.008768032906337,2.734427852573132,133.78519301335962,689.174813669292,56,5.322119866354241,1.6266062108801003
29.29999999956744,2.9861935568503464,2.5712898120755416,118.29881406595965,542.3797385170275,50,5.322141727709315,1.6266182761818082
29.319999999566683,2.9437940666530373,2.290137867634279,93.85406201351765,1296.3512700344072,46,5.3221630088983565,1.6268111213328234
29.339999999565926,2.7879880570861593,1.9643063798777007,70.91085656717664,2908.2432973726777,45,5.322302502837321,1.6707119997919766
29.35999999956517,2.545586694015053,1.679547537231858,52.02532731445563,646.705088509446,55,5.323124142565125,1.676631167603142
29.37999999956441,2.424566853551122,1.363921765848017,34.30908535780617,1800.2098117867208,57,5.324666728126299,1.676631167603142
29.399999999563654,2.299329536182678,1.135591705425662,23.783438533712655,4333.909810187391,49,5.326750891724517,1.676631167603142
29.419999999562897,2.182816706528385,1.084741373995807,21.701144103287714,8576.17203803367,56,5.329227180683452,1.676631167603142
29.43999999956214,2.1248626116066713,1.0472417216706658,20.22665618474145,3111.8998159227763,58,5.331973893521249,1.676631167603142
29.459999999561383,2.1266912945848824,1.0254313702433335,19.39292951728326,440.9440367016121,59,5.3348926088668245,1.676631167603142
29.479999999560626,2.123555710829342,1.0522908756983829,20.422167303817904,522.5446749830137,58,5.337904383504268,1.676631167603142
29.49999999955987,2.119853039541543,1.1460736991519695,24.22452737723985,1203.640118644876,56,5.340946523840098,1.676631167603142
29.51999999955911,2.097742291885544,1.2841725538321438,30.4142413303413,772.1177524934453,51,5.3439698483637414,1.676631167603142
29.539999999558354,2.075721641535542,1.3788404770731932,35.06374250625357,97.85430725687893,58,5.346936370145784,1.676631167603142
29.559999999557597,2.0507980995339232,1.4296861995049273,37.69742365989724,291.8046671907167,53,5.3498173383318015,1.676631167603142
29.57999999955684,2.03737780091984,1.4744004597886489,40.09231516021123,191.33775600725397,52,5.3525915861510995,1.676631167603142
29.599999999556083,2.0246147882116903,1.5042836496693328,41.73396913784769,402.00493206623565,50,5.35524414034962,1.676631167603142
29.619999999555326,2.0071443366854655,1.545595584167623,44.05771374693143,640.1011628081677,46,5.357765053332953,1.676631167603142
29.63999999955457,1.9879880237685725,1.6271243957715464,48.82831453735573,799.0578599531491,40,5.360148424804458,1.676631167603142
29.65999999955381,1.9745211274238226,1.7688638373512866,57.70574163510136,363.7962452717066,64,5.3623915844232934,1.676631167603142
29.679999999553054,1.9602279761149723,1.8453113248018573,62.80142734184357,175.75048948592274,65,5.364494411091039,1.676631167603142
29.699999999552297,1.9518376546412732,1.8727358760985073,64.68197632402035,402.0589411929325,62,5.366458767991495,1.676631167603142
29.71999999955154,1.9523284201681113,1.8284519758438582,61.659122042346624,1292.9473730754512,48,5.368288035533755,1.676631167603142
29.739999999550783,1.9090027803788434,1.5941239243509744,46.86777967503544,1945.5474246120941,37,5.369986726951268,1.676631167603142
29.759999999550026,1.6801248248302305,1.2873457395478682,30.564733994010293,4762.531932040703,38,5.3715601735453316,1.676631167603142
29.77999999954927,1.2090425877540685,0.7206571410395772,9.578281779508023,8747.96447636738,41,5.3730142684828115,1.676631167603142
29.79999999954851,0.7702708131835181,0.0,0.0,13462.513631071213,48,5.374355259705926,1.676631167603142
29.819999999547754,0.6678392176450333,0.0,0.0,7017.316358511483,46,5.37558958392597,1.676631167603142
29.839999999546997,0.6815842807969765,0.0,0.0,1532.9723538709504,51,5.376723734884158,1.676631167603142
29.85999999954624,0.6782027957784962,0.0,0.0,578.6753213775704,47,5.377764160100229,1.676631167603142
29.879999999545483,0.653261074742134,0.0,0.0,326.3353213351557,45,5.3787171812166354,1.676631167603142
29.899999999544725,0.6328604343676815,0.0,0.0,117.76053437542024,60,5.379590134691569,1.6768797575256797
29.91999999954397,0.6098324106858295,0.0,0.0,201.44106593962985,56,5.3803918108748485,1.6768797575256797
29.93999999954321,0.5893563978730412,0.0,0.0,357.6762483878111,48,5.381127052839528,1.6768797575256797
29.959999999542454,0.5715884608010491,0.0,0.0,457.40152569682976,41,5.381800372524743,1.6768797575256797
29.979999999541697,0.5511411250027077,0.0,0.0,1194.3489544267727,34,5.382416142641278,1.6768797575256797
29.99999999954094,0.5336342570625393,0.0,0.0,1540.7928233574823,38,5.382978566628856,1.6768797575256797
