t,omega_hub,omega_gnd,tau_gen,T_max,n_slack,backline_payout,k_mppt_scale
0.019999999999999858,9.516670588883706,9.761295316322018,1048.1117487769518,0.0,75,0.0,1.0
0.03999999999999904,9.543023198290642,9.731199932813889,1041.6587734563673,0.0,75,0.0,1.0
0.05999999999999823,9.565628956936115,9.478515660211434,988.2648503296073,0.0,75,0.0,1.0
0.07999999999999742,9.585974496790879,9.132621648337395,917.4525598884892,0.0,75,0.0,1.0
0.0999999999999966,9.605037590987106,8.771824864164516,846.3940259233232,0.0,75,0.0,1.0
0.11999999999999579,9.623674682999376,8.439868077425263,783.5451048077621,0.0,75,0.0,1.0
0.14000000000000018,9.642776149787968,8.158312483780012,732.1386884130087,0.0,75,0.0,1.0
0.1600000000000063,9.662934162549808,7.935887152452156,692.761353861007,0.0,75,0.0,1.0
0.18000000000001243,9.68428410166119,7.7738288945586,664.7565725006159,0.0,75,0.0,1.0
0.20000000000001855,9.706576627675593,7.668334767799496,646.836939221468,0.0,75,0.0,1.0
0.22000000000002468,9.7293247683439,7.611601006336267,637.301168676252,0.0,75,0.0,1.0
0.2400000000000308,9.751946174673032,7.592813808461403,634.1590368295838,0.0,75,0.0,1.0
0.26000000000003,9.773891827722096,7.599712409509831,635.311915779835,0.0,75,0.0,1.0
0.28000000000002223,9.794717171468832,7.6206324758678035,638.8144326547615,0.0,75,0.0,1.0
0.3000000000000145,9.814108543767206,7.646459479434598,643.1517682769875,0.0,75,0.0,1.0
0.3200000000000067,9.831890329979954,7.671822519187577,647.4254684250499,0.0,75,0.0,1.0
0.33999999999999897,9.848035639741271,7.69519420662564,651.3761526545329,0.0,75,0.0,1.0
0.3599999999999912,9.862674552442476,7.718025776154956,655.2471406953155,0.0,75,0.0,1.0
0.37999999999998346,9.876073311060114,7.743366890114214,659.5570387440879,0.0,75,0.0,1.0
0.3999999999999757,9.888568710424039,7.774469647867351,664.8661613617176,0.0,75,0.0,1.0
0.41999999999996795,9.900473420731675,7.813738477819828,671.5995989973833,0.0,75,0.0,1.0
0.4399999999999602,9.911994074192563,7.862168635006039,679.9506520980001,0.0,75,0.0,1.0
0.45999999999995245,9.923209052857597,7.919248475188767,689.8594605295757,0.0,75,0.0,1.0
0.4799999999999447,9.934087145659474,7.983227374443454,701.0511124326965,0.0,75,0.0,1.0
0.49999999999993694,9.944541259790988,8.051600425609584,713.1109635504406,0.0,75,0.0,1.0
0.5199999999999569,9.954480567984584,8.121667118518598,725.576244624288,0.0,75,0.0,1.0
0.5399999999999769,9.963841354482042,8.191036019150271,738.0237817371883,0.0,75,0.0,1.0
0.559999999999997,9.972599476739896,8.257965997763055,750.1340266223184,0.0,75,0.0,1.0
0.580000000000017,9.98077639538359,8.321489011909907,761.7189731287106,0.0,75,0.0,1.0
0.600000000000037,9.988439043931926,8.381330276348855,772.7136692136617,0.0,75,0.0,1.0
0.620000000000057,9.995688266759416,8.437701020755258,783.1427836721974,0.0,75,0.0,1.0
0.640000000000077,10.002633165088755,8.49105097195499,793.0774126917157,0.0,75,0.0,1.0
0.660000000000097,10.009361424676735,8.541851929967919,802.5955783284633,0.0,75,0.0,1.0
0.680000000000117,10.015918677366095,8.590451404387636,811.7544086426005,0.0,75,0.0,1.0
0.700000000000137,10.022305652848189,8.637007744723634,820.5769306065765,0.0,75,0.0,1.0
0.720000000000157,10.02849041261,8.681501502171146,829.0531516541986,0.0,75,0.0,1.0
0.740000000000177,10.034427537621442,8.723801431952168,837.1518256654376,0.0,75,0.0,1.0
0.760000000000197,10.040075489969485,8.763754572439348,844.8373362654673,0.0,75,0.0,1.0
0.780000000000217,10.04540856875912,8.801273253118017,852.0865196365568,0.0,75,0.0,1.0
0.800000000000237,10.050422654415124,8.83638964066049,858.8996006972923,0.0,75,0.0,1.0
0.820000000000257,10.055136073272074,8.869267071337358,865.3028822098006,0.0,75,0.0,1.0
0.840000000000277,10.059583680618045,8.900169427672033,871.3431742539472,0.0,75,0.0,1.0
0.860000000000297,10.063805970450543,8.929404561282826,877.076924009644,0.0,75,0.0,1.0
0.880000000000317,10.067836819281442,8.957258010076673,882.55718164991,0.0,75,0.0,1.0
0.900000000000337,10.071694943646884,8.983938541528282,887.8226688975305,0.0,75,0.0,1.0
0.920000000000357,10.075382024894118,9.009551149504128,892.8921310708428,0.0,75,0.0,1.0
0.940000000000377,10.078886234199311,9.034107882853016,897.766157629297,0.0,75,0.0,1.0
0.960000000000397,10.082189407900431,9.057568351229468,902.4349888091308,0.0,75,0.0,1.0
0.980000000000417,10.08527386255974,9.079892386233832,906.8889032014581,0.0,75,0.0,1.0
1.000000000000437,10.088128553195878,9.101084154761335,911.1270607125261,0.0,75,0.0,1.0
1.020000000000457,10.09075241290664,9.121214284709295,915.1620503034338,0.0,75,2.9000022436113334e-7,1.0
1.040000000000477,10.093154372462212,9.140413167178785,919.0186815340885,0.0,75,4.864710259545864e-6,1.0
1.060000000000497,10.095351282356386,9.158846230424897,922.7291069982518,0.0,75,2.4208999121398814e-5,1.0
1.080000000000517,10.097363395515547,9.176679578011884,926.325928852504,0.0,75,7.403953170112242e-5,1.0
1.100000000000537,10.09920752155592,9.194041798751586,929.8344505691043,0.0,75,0.00017388339276126847,1.0
1.120000000000557,10.100892713135478,9.210996480455004,933.2670177924991,0.0,75,0.0003459195086620024,1.0
1.140000000000577,10.10241926494536,9.227534652998235,936.6213534951158,0.0,75,0.0006140406116707767,1.0
1.160000000000597,10.103781292090432,9.243590723916975,939.8836641841234,0.0,75,0.0010030998080505927,1.0
1.180000000000617,10.104969953228865,9.25907804704182,943.0357890933294,0.0,75,0.0015383112247983118,1.0
1.200000000000637,10.105978408166813,9.273934977064558,946.0645695470355,0.0,75,0.0022447788459855006,1.0
1.220000000000657,10.106803976326225,9.288156079510651,948.9682769308573,0.0,75,0.0031471316163208234,1.0
1.240000000000677,10.107448716842255,9.301797434036052,951.7577905422364,0.0,75,0.004269246280276606,1.0
1.260000000000697,10.107919009497687,9.314957810527476,954.4528291309751,0.0,75,0.005634042320630218,1.0
1.280000000000717,10.108224144727425,9.327744196175038,957.0749296820482,0.0,75,0.007263335830254459,1.0
1.300000000000737,10.108374070118787,9.340238614900048,959.6406312159697,0.0,75,0.009177741255584604,1.0
1.320000000000757,10.10837682013753,9.352480650891602,962.1578375783198,0.0,75,0.01139661174125797,1.0
1.340000000000777,10.108236922003142,9.364468371019212,964.6259465900114,0.0,75,0.013938010327673956,1.0
1.360000000000797,10.107954708878777,9.376168594971936,967.0379127347182,0.0,75,0.016818705545178943,1.0
1.380000000000817,10.107527788575872,9.387536252613547,969.3842058354696,0.0,75,0.020054186043410346,1.0
1.400000000000837,10.10695335155383,9.398533845873443,971.6568229723152,0.0,75,0.023658689820587414,1.0
1.420000000000857,10.106230119475228,9.409146102065664,973.8523340701922,0.0,75,0.027645244399760256,1.0
1.440000000000877,10.10535919866118,9.419386719076861,975.9733077987372,0.0,75,0.03202571495833343,1.0
1.460000000000897,10.104343839950229,9.429295888984623,978.0278305822453,0.0,75,0.036810857971687594,1.0
1.480000000000917,10.10318843711938,9.438925828392478,980.0265287328408,0.0,75,0.04201037839699623,1.0
1.500000000000937,10.10189732959372,9.448323754808742,981.9790395325148,0.0,75,0.04763298881271734,1.0
1.520000000000957,10.100474366063345,9.457518669477519,983.8912532186741,0.0,75,0.053686469254172794,1.0
1.540000000000977,10.09892200633607,9.466517744498972,985.764540276053,0.0,75,0.06017772675590067,1.0
1.560000000000997,10.09724190338213,9.475312595280238,987.5970365610394,0.0,75,0.06711285383546295,1.0
1.580000000001017,10.095434899152917,9.483889358522568,989.3857310116737,0.0,75,0.07449718533827014,1.0
1.600000000001037,10.093501409243334,9.49223858220202,991.1285263158908,0.0,75,0.0823353532148691,1.0
1.620000000001057,10.091441510387915,9.500358164370411,992.8248577645147,0.0,75,0.09063133892623297,1.0
1.640000000001077,10.08925553964641,9.508250941770584,994.475195688493,0.0,75,0.09938852327335608,1.0
1.660000000001097,10.086944290402256,9.51592240589878,996.0805715859505,0.0,75,0.10860973352865994,1.0
1.680000000001117,10.084509032164599,9.523379910944701,997.6424142100362,0.0,75,0.11829728781158005,1.0
1.700000000001137,10.081951689682038,9.530633749830196,999.1627764074261,0.0,75,0.1284530367019477,1.0
1.720000000001157,10.079274155262286,9.53769945977546,1000.6448208350122,0.0,75,0.13907840212473135,1.0
1.740000000001177,10.0764784114076,9.54459846537897,1002.0929585184604,0.0,75,0.15017441357030117,1.0
1.760000000001197,10.07356615721378,9.551351958940304,1003.5115666790805,0.0,75,0.1617417417372782,1.0
1.780000000001217,10.070538685557034,9.557975332911775,1004.9038171100495,0.0,75,0.173780729701626,1.0
1.800000000001237,10.067396811272415,9.564473260131226,1006.2706361814178,0.0,75,0.18629142172712015,1.0
1.820000000001257,10.06414081221252,9.57083813589168,1007.6103688578238,0.0,75,0.19927358983960852,1.0
1.840000000001277,10.060770549122843,9.577053774908102,1008.9195490822967,0.0,75,0.21272675829148815,1.0
1.860000000001297,10.057285772416146,9.58310385189376,1010.1946737979913,0.0,75,0.22665022604412288,1.0
1.880000000001317,10.053686462828242,9.588981191688442,1011.4341632401015,0.0,75,0.2410430873951968,1.0
1.900000000001337,10.049973060211586,9.59469376011954,1012.6396318552453,0.0,75,0.25590425087564084,1.0
1.920000000001357,10.046146488517918,9.600265451393982,1013.8160641095178,0.0,75,0.271232456537194,1.0
1.940000000001377,10.042207943850391,9.60572867777298,1014.9702577408927,0.0,75,0.28702629174721195,1.0
1.960000000001397,10.038158520833727,9.611112626020619,1016.1083450105824,0.0,75,0.30328420560222363,1.0
1.980000000001417,10.033998839213996,9.61643266173915,1017.2335485153986,0.0,75,0.32000452206621915,1.0
2.000000000001437,10.029728854124734,9.621686863938852,1018.345439184628,0.0,75,0.33718545193389576,1.0
2.020000000001346,10.025347920869102,9.626858719932157,1019.4404969488719,0.0,75,0.35482510371317566,1.0
2.040000000001255,10.02085508875927,9.63192741295209,1020.5142825721573,0.0,75,0.37292149351543824,1.0
2.060000000001164,10.01624949389444,9.636880160498459,1021.5640515058968,0.0,75,0.3914725540360891,1.0
2.080000000001073,10.011530651348624,9.641720534985918,1022.5905236224605,0.0,75,0.4104761427023948,1.0
2.100000000000982,10.0066985228031,9.646469012505218,1023.5980085014573,0.0,75,0.42993004906005267,1.0
2.120000000000891,10.001753331835241,9.651157385324236,1024.5932276392841,0.0,75,0.44983200146466773,1.0
2.1400000000008,9.996695204168446,9.655817234735931,1025.582871176858,0.0,75,0.470179673139322,1.0
2.160000000000709,9.991523821974642,9.660468355670655,1026.5711373600552,0.0,75,0.4909706876546474,1.0
2.180000000000618,9.986238260470639,9.665114434339824,1027.5588073177241,0.0,75,0.5122026238833274,1.0
2.200000000000527,9.980836549172517,9.66974083472763,1028.542765918789,0.0,75,0.5338730204767613,1.0
2.220000000000436,9.975326702805853,9.674296015152608,1029.512037276774,0.0,75,0.5559793799076416,1.0
2.240000000000345,9.969743295542363,9.679337438832018,1030.5853058025268,0.0,75,0.5785191721185798,1.0
2.260000000000254,9.964085208087052,9.685451361785164,1031.887648896567,0.0,75,0.6014898378134232,1.0
2.280000000000163,9.95826051202351,9.691739777655759,1033.2280190957438,0.0,75,0.6248887914248074,1.0
2.3000000000000718,9.952226869656847,9.696405284400553,1034.2230298328607,0.0,75,0.6487134237884982,1.0
2.3199999999999807,9.946041835752006,9.698551602863947,1034.680935127563,0.0,75,0.6729611045524115,1.0
2.3399999999998897,9.939763878883538,9.699605458273732,1034.9058065079093,0.0,75,0.6976291843456881,1.0
2.3599999999997987,9.933537590268992,9.70383763997135,1035.8091143721722,0.0,75,0.7227149967308756,1.0
2.3799999999997077,9.927380241652221,9.714783499931908,1038.1472029560418,0.0,75,0.7482158599602472,1.0
2.3999999999996167,9.92119914609513,9.730807857250271,1041.5748371019597,0.0,75,0.7741290785552527,1.0
2.4199999999995256,9.915382514141717,9.750968765981472,1045.8953106266085,0.0,75,0.800451944726412,1.0
2.4399999999994346,9.90999369903116,9.77903188763243,1051.9241112526506,0.0,75,0.8271817396493042,1.0
2.4599999999993436,9.904010648362942,9.805439378437805,1057.6130554464064,0.0,75,0.8543157346108419,1.0
2.4799999999992526,9.896766825510017,9.812513191549835,1059.1395664777347,0.0,75,0.8818511920386827,1.0
2.4999999999991616,9.88952080927264,9.803530813239332,1057.2013804674634,0.0,75,0.9097853664253838,1.0
2.5199999999990705,9.883344529587783,9.7991362370999,1056.253780925688,0.0,75,0.9381155051578126,1.0
2.5399999999989795,9.87904298159275,9.841809791758148,1065.4734197486123,0.0,75,0.9668388492613081,1.0
2.5599999999988885,9.876020233009454,9.92152494908066,1082.8032304675298,0.0,75,0.9959526340671664,1.0
2.5799999999987975,9.873352316619084,10.024564257729018,1105.4107741307196,0.0,75,1.0254540898111613,1.0
2.5999999999987065,9.869850990116015,10.118496248254212,1126.2236295852802,0.0,75,1.055340442170111,1.0
2.6199999999986154,9.866542079404109,10.205776501483404,1145.7366139805392,0.4747488298443274,75,1.0856089127427557,1.0
2.6399999999985244,9.867191465321122,10.360166092597165,1180.6634561282,0.0,75,1.1162567194806319,1.0
2.6599999999984334,9.87094133080559,10.533251138016675,1220.4431749018254,0.0,75,1.14728107707404,1.0
2.6799999999983424,9.870180567471767,10.559206904490573,1226.4653549702552,0.0,75,1.1786791972977093,1.0
2.6999999999982514,9.866409514410963,10.526660107219751,1218.916303142249,0.0,75,1.2104482893202788,1.0
2.7199999999981603,9.868654507488282,10.644989531799636,1246.4738234533622,0.0,75,1.2425855599813622,1.0
2.7399999999980693,9.879002765124568,11.078363319746693,1350.0314722873986,0.0,75,1.2750882140394957,1.0
2.7599999999979783,9.898512387077686,11.811240855308112,1534.5595159630946,2.8754067397212837,75,1.3079534543939941,1.0
2.7799999999978873,9.922668295307757,12.521548179605968,1724.680856956129,0.0,75,1.3411784822834394,1.0
2.7999999999977963,9.940864973189923,12.62633249925082,1753.666996198012,0.0,75,1.3747604974632022,1.0
2.8199999999977052,9.94388556659385,12.013733354593363,1587.6276802679602,2.5771647565553826,75,1.4086966983641882,1.0
2.839999999997614,9.93770282111193,11.468511025749526,1446.794196625123,0.0,75,1.442984282234792,1.0
2.859999999997523,9.940967201050242,11.642438275079499,1491.010058879397,1.4613290499921596,75,1.4776204452677588,1.0
2.879999999997432,9.964282240413839,12.680249797815323,1768.676084284951,3.2810254539297397,75,1.512602382713607,1.0
2.899999999997341,9.99874370036663,13.951573675509568,2141.110488254887,0.0,75,1.547927288981953,1.0
2.91999999999725,10.038339241203413,14.40408939927068,2282.255705644002,0.0,75,1.583592357732051,1.0
2.939999999997159,10.083447423536004,13.477639446690452,1998.1144156048515,0.0,75,1.6195947819536836,1.0
2.959999999997068,10.102290661077195,12.254573524898229,1651.9202950485026,0.0,75,1.6559317540393936,1.0
2.979999999996977,10.093448648058294,11.695027358556265,1504.510314091175,0.0,75,1.692600465849005,1.0
2.999999999996886,10.095759706089433,12.60333638554055,1747.2849685179933,0.0,75,1.7295981087672232,1.0
3.019999999996795,10.123913450932662,14.247822477612841,2233.0048988892668,8.46442036601833,74,1.7669218737550545,1.0
3.039999999996704,10.168464418306115,15.108144952110552,2510.816482833819,0.0,75,1.8045689513957244,1.0
3.059999999996613,10.2338510245708,14.23745337872851,2229.755865826147,0.0,75,1.8425365319356386,1.0
3.079999999996522,10.263655477476792,12.814883480495563,1806.433624805459,384.7134961940981,74,1.8808218053209427,1.0
3.099999999996431,10.252168739203421,11.629279175756665,1487.6414756245636,3350.970670706168,72,1.919421961230155,1.0
3.11999999999634,10.234180610249737,11.81573454646188,1535.72741159698,9237.759181078556,72,1.958334189103265,1.0
3.139999999996249,10.251324506949784,13.374872697654705,1967.7594164631619,14606.208954754562,72,1.9975556781676869,1.0
3.159999999996158,10.287326117828659,14.430687811981434,2290.6922579955644,11432.44822873027,73,2.037083617461421,1.0
3.179999999996067,10.348712588185913,13.581798455668588,2029.1177421944183,859.7213074095126,72,2.076915195853719,1.0
3.199999999995976,10.371611620262515,12.273650229938749,1657.0673896356304,1668.1497984910764,71,2.1170476020634883,1.0
3.219999999995885,10.32676106849295,11.138625656508847,1364.7587966742085,3623.4944201423386,67,2.1574780246756835,1.0
3.239999999995794,10.28841669923205,10.542681059772418,1222.6293632089248,6796.255368521675,62,2.198203652155992,1.0
3.259999999995703,10.296696054751541,11.296944930781908,1403.8306124603096,11840.795610437888,62,2.239221672863834,1.0
3.2799999999956118,10.332271408650438,11.96534633103098,1574.864641036682,9125.08843948799,65,2.2805292750640342,1.0
3.2999999999955207,10.375515139365215,11.26405065997596,1395.6672099755533,1660.767597436179,67,2.322123646937156,1.0
3.3199999999954297,10.403125358372261,10.376692259489158,1184.4331647295642,1998.5889224068626,67,2.3640019765887503,1.0
3.3399999999953387,10.317278236852685,9.568819459209797,1007.1853642724727,3585.4013035334306,67,2.4061614520575647,1.0
3.3599999999952477,10.267462370668804,8.985590988034106,888.1492994466372,3635.0534569273495,64,2.4485992613229097,1.0
3.3799999999951567,10.273888651634202,9.402752385349702,972.5292766221945,8872.152868036266,61,2.491312592311155,1.0
3.3999999999950656,10.312128174592267,10.101099899242143,1122.3544109191662,8569.515272462524,64,2.534298632901564,1.0
3.4199999999949746,10.350914695714067,9.744085562291998,1044.419237897941,2520.1535140696315,66,2.5775545709314898,1.0
3.4399999999948836,10.335931830313417,9.06762717107738,904.4404876502684,4515.8692903474,59,2.621077594200945,1.0
3.4599999999947926,10.220850999438952,8.450330110514434,785.4888687433357,3083.011923941029,66,2.664864890476757,1.0
3.4799999999947016,10.163679288646131,8.02556676749293,708.5069413343559,4237.881296631645,66,2.7089136474962046,1.0
3.4999999999946105,10.172347688114044,8.51557076680095,797.6644003283442,10902.438981729843,65,2.7532210529702827,1.0
3.5199999999945195,10.214656235430393,9.701576186791112,1035.326385589236,12314.484935589611,67,2.7977842945865925,1.0
3.5399999999944285,10.254482010224637,9.983438142480233,1096.3594085920208,4308.127177939495,67,2.8426005600119235,1.0
3.5599999999943375,10.197641066579505,9.228430667856019,936.8032585056804,3160.476536379811,60,2.887667036894572,1.0
3.5799999999942465,10.075811649201956,8.569562892575922,807.8114898679562,3284.633684074416,68,2.932980912866368,1.0
3.5999999999941554,10.00373394140773,8.27558702841063,753.3387473127812,5590.658018439246,69,2.978539375544502,1.0
3.6199999999940644,10.006584774591634,8.894043428687107,870.1440936250955,13330.89945275882,66,3.0243396125331374,1.0
3.6399999999939734,10.052297709361433,10.155565477490983,1134.4906118436732,17713.24457928487,69,3.070378811424867,1.0
3.6599999999938824,10.099958454771267,10.929053647156406,1313.8863498466503,8586.100334993338,68,3.1166541598019846,1.0
3.6799999999937913,10.043450528594713,10.217525724164663,1148.3761511636328,729.0073359834689,63,3.163162845237618,1.0
3.6999999999937003,9.91676053385147,9.339471005435366,959.4829052750466,359.72454354133754,68,3.2099020552967628,1.0
3.7199999999936093,9.810372903952544,8.763040758956304,844.6997167744242,2299.8685403186023,70,3.2568689775371706,1.0
3.7399999999935183,9.80342071378995,8.769457210246967,845.9371773858778,7144.721216463017,68,3.3040607995101703,1.0
3.7599999999934273,9.839519104724744,9.158747694062411,922.7092525584288,11960.009243893202,68,3.3514747087613532,1.0
3.7799999999933362,9.886919523622687,9.917383072275664,1081.8993570248588,8272.857815150628,68,3.3991078928312364,1.0
3.7999999999932452,9.885259706707716,9.875717494301083,1072.827756299689,5828.02692362021,64,3.446957539255816,1.0
3.819999999993154,9.78088652299915,9.358054003803927,963.3049221192177,2939.879422062701,69,3.4950208355670753,1.0
3.839999999993063,9.692215344498017,8.932467167484289,877.6786666800326,2647.58378001091,68,3.5432949692934166,1.0
3.859999999992972,9.638096097316893,8.614287813718187,816.2654999133102,3133.313101819912,64,3.591777127960093,1.0
3.879999999992881,9.65301914514892,8.755455516273685,843.2380142719203,8579.079404466262,61,3.6404644990895063,1.0
3.89999999999279,9.693898129165293,9.282508316145842,947.8145670324839,10512.814670013338,67,3.689354270201574,1.0
3.919999999992699,9.725466028851885,9.662733344969531,1027.0525726558467,10060.952893455591,63,3.738443628813973,1.0
3.939999999992608,9.703518227062046,10.007203896211042,1101.585428023756,13456.241896959657,59,3.78772976244241,1.0
3.959999999992517,9.666817219512033,10.602625146600955,1236.5722599926842,14577.84056326907,63,3.837209858600839,1.0
3.979999999992426,9.653664544016385,11.155926592089264,1369.001679408928,14360.06253024004,65,3.886881104801647,1.0
3.999999999992335,9.63600046568845,11.718268615186654,1510.496012714354,11663.721046201907,63,3.936740688555834,1.0
4.019999999992466,9.623071549455641,11.923933528352558,1563.9820986742732,4576.369520846089,57,3.9867857973731686,1.0
4.039999999992597,9.627499149561373,11.298329687001493,1404.1747908779716,2285.3206914566113,62,4.037013618762333,1.0
4.059999999992728,9.609270444189274,10.629258859350553,1242.7925828899045,2735.2263244745477,63,4.08742134023103,1.0
4.079999999992859,9.593487101310227,10.673423071523573,1253.1415607010485,8741.406999988709,60,4.138006149286111,1.0
4.09999999999299,9.610042309710158,11.1854180608795,1376.2493491631426,9628.78907545427,62,4.188765233433646,1.0
4.119999999993121,9.632009984538637,11.778449904950888,1526.0507037978134,9727.034952141294,62,4.239695780179034,1.0
4.139999999993252,9.659174107123095,12.634053254030194,1755.8123178823803,10805.310856324282,63,4.290794977027055,1.0
4.159999999993383,9.740089112984064,13.316056701021001,1950.4910267128691,14639.222806293865,60,4.342060011481963,1.0
4.179999999993514,9.788377147158629,14.20087572505613,2218.3135849433734,18620.019732248067,58,4.393488071047525,1.0
4.199999999993645,9.799909508103262,14.986070104637227,2470.4052689921177,13475.036805431164,65,4.445076343227087,1.0
4.219999999993776,9.772992314725467,14.869284857054287,2432.051953762463,9934.514477877352,65,4.4968220155236125,1.0
4.239999999993907,9.758676118380256,14.24457160368204,2231.986021896672,5640.999937776233,69,4.548722275439765,1.0
4.259999999994038,9.771296510466938,13.68122423641323,2058.9348626772285,6273.277498718353,66,4.600774310477847,1.0
4.279999999994169,9.850919788912874,13.317240926394271,1950.837964807936,4282.713718821849,64,4.652975308139954,1.0
4.2999999999943,9.95020595580197,12.675348449945414,1767.3090416028695,1853.6404678038532,62,4.70532245592793,1.0
4.319999999994431,9.968614705121142,11.790320553282385,1529.1282462406834,805.3123175227148,60,4.7578129413434125,1.0
4.339999999994562,9.889629367889883,11.120637454307245,1360.3543512915521,2338.499869365522,64,4.810443951887846,1.0
4.3599999999946935,9.838270994488681,11.065095593558025,1346.7997454403494,6405.3961978766165,56,4.863212675062524,1.0
4.3799999999948245,9.838810531424306,11.448842555659311,1441.8359545070318,8855.199365652743,59,4.916116298368571,1.0
4.3999999999949555,9.859645890029649,11.74766503948477,1518.08397267926,6131.9932459541205,63,4.96915200930702,1.0
4.4199999999950865,9.956476162716047,11.246572342885651,1391.339284101365,1547.8036083334985,70,5.022316995378764,1.0
4.4399999999952176,10.027130231140468,10.415104482327036,1193.218415155676,1202.319081582922,68,5.0756084440845965,1.0
4.459999999995349,10.004709442809858,9.684581367348201,1031.7022788686675,2386.5082662962654,68,5.129023542925229,1.0
4.47999999999548,9.89378756193451,9.331869325471102,957.9216361843532,2306.2265779179347,69,5.182559479401295,1.0
4.499999999995611,9.848586798669798,9.193718897136472,929.769138755207,1594.6477190133896,68,5.236213441013341,1.0
4.519999999995742,9.829012849845798,8.87821250454092,867.0492300336545,431.54067742758394,67,5.289982615261865,1.0
4.539999999995873,9.839954442320236,8.488626028823541,792.6244904294258,689.9034231482761,69,5.3438641896473085,1.0
4.559999999996004,9.852656719391018,8.064651801647981,715.4246955000643,1833.2362929481014,64,5.397855351670046,1.0
4.579999999996135,9.814555583393963,7.70052859104856,652.2795463971195,1890.067560710532,67,5.451953288830449,1.0
4.599999999996266,9.76896469393307,7.446871971421837,610.0149237462298,1424.9946710411562,67,5.50615518862879,1.0
4.619999999996397,9.748195183807544,7.235442054900762,575.8678390280921,512.1227703286921,67,5.560458238565372,1.0
4.639999999996528,9.748434359515231,7.078485895743015,551.1545883385606,1282.7807346634447,66,5.614859626140411,1.0
4.659999999996659,9.776390589329914,7.115095293371272,556.8703913712943,4409.6483408741615,66,5.66935653885413,1.0
4.67999999999679,9.866544221238813,7.403148930178163,602.8727549063789,6691.5765984842055,66,5.723946164206723,1.0
4.699999999996921,9.90517813589305,7.687833927314196,650.1306954335953,4648.714919818888,63,5.778625689698353,1.0
4.719999999997052,9.89624663161097,7.803859533413352,669.902459789711,5724.063031978946,66,5.833392302829173,1.0
4.739999999997183,9.84631507664146,7.82931363868703,674.2796725822382,5496.69026817819,64,5.88824319109931,1.0
4.759999999997314,9.800903909018444,7.90027112565753,686.557122447879,6178.25539009821,66,5.9431755420088725,1.0
4.779999999997445,9.81862742540679,8.248126547342089,748.3475069506626,8053.998189546997,63,5.99818654305798,1.0
4.799999999997576,9.910522029802761,8.51042858867715,796.701342392707,9838.216138932788,68,6.053273381746729,1.0
4.819999999997707,9.960514538373914,8.681042232387753,828.9654366454972,8548.556683655841,66,6.108433245575183,1.0
4.839999999997838,9.900006700984964,9.31545432384305,954.5545818556678,6835.357285570733,68,6.163663322043425,1.0
4.859999999997969,9.782152885217188,9.980660240528637,1095.7493672055607,7437.614041511714,65,6.218960798651506,1.0
4.8799999999981,9.740548887595688,10.583421618601193,1232.096944727826,6868.770971220066,66,6.274322862899502,1.0
4.899999999998231,9.724859493803347,10.757359696732873,1272.9286640938205,4105.408852240449,68,6.329746702287453,1.0
4.919999999998362,9.738158075054123,10.288312058369144,1164.3430151142231,614.8681684513774,69,6.385229504315397,1.0
4.939999999998493,9.749103732760775,9.675214496631842,1029.7075311141843,1016.8635815787259,67,6.440768456483386,1.0
4.959999999998624,9.740809973614706,9.06397079760769,903.7112328187347,1741.679142688938,68,6.496360746291447,1.0
4.979999999998755,9.689845821078139,8.621821064178443,817.6937830898221,1987.0032009759836,66,6.552003561239616,1.0
4.999999999998886,9.654593009420404,8.525105191065546,799.4516037060598,3796.75945698421,66,6.607694088827919,1.0
5.019999999999017,9.637398789819134,8.523385998261325,799.1291976289293,4122.00905815284,66,6.663429516556388,1.0
5.039999999999148,9.647179970665345,8.557190675116436,805.4806347532965,4005.1672520463026,66,6.719207031925033,1.0
5.059999999999279,9.7030220391744,8.491422530835923,793.1468225690674,5844.737487673028,70,6.775023822433869,1.0
5.07999999999941,9.71301624112648,8.618991602458102,817.1571786756762,12140.588923324854,68,6.830877075582936,1.0
5.099999999999541,9.676104060779515,9.442569580528692,980.7833231143838,16740.488636804428,69,6.886763978872227,1.0
5.119999999999672,9.659976491427118,10.542562727077557,1222.6019173980148,15542.779992830476,69,6.9426817198017705,1.0
5.139999999999803,9.654245117212499,11.33842997607994,1414.1599375471496,10582.86729812496,67,6.998627485871568,1.0
5.159999999999934,9.66338904130012,11.921865067655625,1563.439533605262,9548.293091274216,68,7.054598464581636,1.0
5.180000000000065,9.733665257344258,12.291205459192694,1661.8110480409712,8732.97741858153,69,7.110591843431978,1.0
5.2000000000001965,9.817768299090266,12.322605647402604,1670.3127093553842,10612.851513793272,68,7.1666048099226005,1.0
5.2200000000003275,9.833575794425691,12.703014645658989,1775.0323919660946,8295.68334460412,67,7.222634551553513,1.0
5.2400000000004585,9.770757552232853,12.929051105613754,1838.7639874072943,7148.110080667042,69,7.278678255824729,1.0
5.2600000000005895,9.698827167312336,13.110380678638816,1890.7028969270855,7924.340296656887,69,7.334733110236243,1.0
5.280000000000721,9.668740277858229,13.370053573857096,1966.341658245898,10435.814659475704,68,7.39079630228807,1.0
5.300000000000852,9.67628378247676,13.691603369198269,2062.060031013855,8469.63543592885,69,7.4468650194802075,1.0
5.320000000000983,9.746823992560977,13.377403464922882,1968.5041580966379,1247.3047146073575,69,7.502936449312666,1.0
5.340000000001114,9.794552588586074,12.5201197949117,1724.2873964683376,455.08653021229884,70,7.5590077792854515,1.0
5.360000000001245,9.77218799097159,11.718452582305268,1510.5434401611071,1104.7582747669123,70,7.615076196898553,1.0
5.380000000001376,9.69846509765343,11.216695524004788,1383.9568432605195,2170.2997115209423,71,7.671138889651985,1.0
5.400000000001507,9.657325447258367,10.865083549445437,1298.5504459007284,2200.4810826719936,72,7.727193045045732,1.0
5.420000000001638,9.645514554198865,10.531486759435209,1220.0343470057503,435.28809893253015,74,7.783235850579833,1.0
5.440000000001769,9.674948746474017,10.112148077340196,1124.8109261186053,97.24317240233357,73,7.839264493754242,1.0
5.4600000000019,9.743366077584655,9.716670674376255,1038.5505789371186,1175.214361366942,74,7.895276162068997,1.0
5.480000000002031,9.746631033833113,9.318303510006551,955.1385833506044,1311.0558701113273,74,7.951268043024087,1.0
5.500000000002162,9.672310610663516,9.307430928248733,952.9109753253318,5007.39943589492,73,8.007237324119522,1.0
5.520000000002293,9.631238637749716,9.315895765415515,954.645053032954,3942.3404949226056,73,8.06318119285531,1.0
5.540000000002424,9.608355288304995,9.403656254596326,972.7162605006946,4501.64252067844,73,8.119096836731416,1.0
5.560000000002555,9.630346154968187,9.600485393410345,1013.8625176799393,4890.87023844665,73,8.174981443247896,1.0
5.580000000002686,9.725062087419564,9.684534673454316,1031.6923302547277,3840.152562685528,73,8.230832199904677,1.0
5.600000000002817,9.766514386016222,9.512973738718973,995.463362889125,5937.411061777567,72,8.286646294201805,1.0
5.620000000002948,9.736697232410062,9.602457977467173,1014.2791912992526,7549.757294784258,73,8.342420913639303,1.0
5.640000000003079,9.668424260526217,9.815511101265564,1059.7868399697427,5474.266538055904,72,8.398153245717097,1.0
5.66000000000321,9.627228975018943,9.78854582419514,1053.9719228760491,3372.604924077639,71,8.453840477935275,1.0
5.680000000003341,9.598464873083824,9.718960629141522,1039.0401528188327,2933.3758108489537,69,8.509479797793778,1.0
5.700000000003472,9.63267864335498,9.559341645783917,1005.1911397090064,682.2590731121086,73,8.565068392792638,1.0
5.720000000003603,9.69962795898097,9.167604097107672,924.4946136943591,731.1649174598606,71,8.620603450431833,1.0
5.740000000003734,9.70661813682677,8.756419777192809,843.423760458547,1199.1142943971302,71,8.676082158211365,1.0
5.760000000003865,9.629259535962339,8.390503010834571,774.4059485230641,1078.967180622356,73,8.73150170363125,1.0
5.780000000003996,9.571661511308085,8.299396907297236,757.6798792734043,3647.2147900775103,70,8.786859274191475,1.0
5.800000000004127,9.551028969909144,8.450831346644218,785.5820549436698,5156.974093401681,71,8.842152057392042,1.0
5.820000000004258,9.563896080283678,8.733115047550482,838.9402827712794,4749.265055473551,71,8.897377240732963,1.0
5.840000000004389,9.639542825532788,8.657755320528517,824.5239990915383,1853.0761639660989,72,8.952532011714217,1.0
5.86000000000452,9.690094005902422,8.326821051070246,762.6954369820126,1441.3974082818938,72,9.007613557835835,1.0
5.880000000004651,9.651516312402402,8.274062415420346,753.0611973969873,5342.473380481724,72,9.062619066597778,1.0
5.900000000004782,9.57283470200318,8.687833082710595,830.2628804034475,6859.660277764008,72,9.117545725500097,1.0
5.920000000004913,9.522840585337955,9.019217789846067,894.8091849474334,6268.985052025043,74,9.172390722042731,1.0
5.940000000005044,9.488492327554157,9.094925939503272,909.8944562955442,3830.535416477021,73,9.227151243725716,1.0
5.960000000005175,9.491637577057174,8.897257205863733,870.7730436602353,1659.44497559409,74,9.281824478049085,1.0
5.980000000005306,9.53700580177199,8.577501347426717,809.3088230161785,2021.668285281077,73,9.336407612512783,1.0
6.000000000005437,9.526224666042685,8.470777098162802,789.2947111143537,5789.017413330448,73,9.390897834616819,1.0
6.0200000000055685,9.4595021614014,8.838304708774958,859.2719313766895,6825.409007862296,74,9.4452923318612,1.0
6.0400000000056995,9.43054571312289,9.204054623506897,931.8608366374855,3292.766778554394,73,9.49958829174594,1.0
6.0600000000058305,9.401874764713444,9.348321569083156,961.302277748839,1797.5070659584114,74,9.553782901771038,1.0
6.0800000000059615,9.411049613607288,9.493983454535783,991.4929401849912,1222.7830145616308,74,9.607873349436451,1.0
6.1000000000060925,9.48571686016051,9.586448091534987,1010.8998571286427,0.0,75,9.661856822242234,1.0
6.120000000006224,9.542932155599065,9.702144796954677,1035.4477502718219,0.0,75,9.71573050768835,1.0
6.140000000006355,9.540807070132594,10.158293263988764,1135.1001424091944,7.342320817202871,74,9.769491593274804,1.0
6.160000000006486,9.480398698810617,10.70723267661442,1261.0931475027558,1.1878521193011702,75,9.823137266501597,1.0
6.180000000006617,9.417879991076825,11.169936240478,1372.4422317797819,0.0,75,9.876664714868772,1.0
6.200000000006748,9.377814005103021,11.778367715242544,1526.0294063901465,4.153642249632425,75,9.93007112587629,1.0
6.220000000006879,9.387416506318077,12.259939042956812,1653.367158707185,0.0,75,9.983353687024138,1.0
6.24000000000701,9.4498403035613,12.203467870888003,1638.1709088337534,0.0,75,10.036509585812318,1.0
6.260000000007141,9.477839047436284,11.675633135097334,1499.5245001592107,15.916888332030354,74,10.089536009740879,1.0
6.280000000007272,9.42804767184443,11.332698604752972,1412.7306343278694,0.0,75,10.142430146309753,1.0
6.300000000007403,9.37795845856585,11.13912412988046,1364.8809501897365,9.749233391148206,74,10.195189183018973,1.0
6.320000000007534,9.345798115423632,10.958267954296078,1320.920002139676,0.0,75,10.247810307368555,1.0
6.340000000007665,9.320619960971634,10.786207022437377,1279.7648812396515,0.0,75,10.300290706858458,1.0
6.360000000007796,9.355345318525302,10.477176740836645,1207.4835570460123,10.886689989285708,74,10.352627568988726,1.0
6.380000000007927,9.423875056349702,10.113873503656292,1125.1948097275688,0.0,75,10.404818081259343,1.0
6.400000000008058,9.430338460896072,9.772145160920287,1050.4430315070756,8.68192124982342,74,10.456859431170313,1.0
6.420000000008189,9.372167443425706,9.749240799168339,1045.5246577618536,6.570284843229695,73,10.50874880622162,1.0
6.44000000000832,9.335418464217643,9.708170597895078,1036.7343399361794,0.0,75,10.560483393913284,1.0
6.460000000008451,9.295920123304207,9.714749735046695,1038.139986560488,0.0,75,10.612060381745263,1.0
6.480000000008582,9.283280899430423,9.764187135893499,1048.732854672229,9.55674496986866,73,10.663476957217588,1.0
6.500000000008713,9.35206102965544,9.789420366729845,1054.160262281996,0.0,75,10.714730307830273,1.0
6.520000000008844,9.405612408388615,9.655922996453711,1025.6053380478797,0.0,75,10.765817621083315,1.0
6.540000000008975,9.394926012069677,9.666183328954912,1027.7861016386244,4.791163822150323,75,10.8167360844767,1.0
6.560000000009106,9.332061681629776,9.826127885549544,1062.080681454918,0.0,75,10.867482885510439,1.0
6.580000000009237,9.289420213437573,9.862968018394685,1070.0595194506402,0.0,75,10.918055211684504,1.0
6.600000000009368,9.241558348508038,9.934275088667864,1085.5880369105957,135.22360045944924,74,10.96845025049893,1.0
6.620000000009499,9.238233297756869,10.023927448134838,1105.270336340181,36.87123270647541,74,11.018665189453683,1.0
6.64000000000963,9.302999614887083,9.811158175157884,1058.8470721176411,85.7621090212545,73,11.068697216048806,1.0
6.660000000009761,9.33980970879154,9.513460305338876,995.5651967938431,80.29942568895595,74,11.118543517784255,1.0
6.680000000009892,9.306260415744044,9.258909420424455,943.001440211872,2233.0046288928224,74,11.168201282160032,1.0
6.700000000010023,9.2435424655854,9.231637655881634,937.4544719044093,4639.601763700158,73,11.217667696676155,1.0
6.720000000010154,9.2088389763395,9.240269238635635,939.2083316272358,5204.529002527389,74,11.266939948832652,1.0
6.740000000010285,9.168830704177955,9.395438091252336,971.0168261921087,5045.992566918772,74,11.316015226129485,1.0
6.760000000010416,9.182680730539753,9.405156046732143,973.0265628972043,2415.102874157581,71,11.364890716066641,1.0
6.780000000010547,9.245995435697173,9.203240319756684,931.6959562151463,89.70201552941708,72,11.41356360614414,1.0
6.800000000010678,9.263782496392569,8.927193493216027,876.6426203185042,638.2622699912104,73,11.462031083861985,1.0
6.820000000010809,9.212366788330225,8.89240984305342,869.8244809851668,4294.1986743552325,73,11.5102903367202,1.0
6.84000000001094,9.171152227465791,8.935275186695652,878.2305692817691,3676.106096908084,73,11.558338552218753,1.0
6.8600000000110715,9.13334838694173,8.857352685412096,862.9796625315455,3251.5848926757108,72,11.606172917857643,1.0
6.8800000000112025,9.092317090257525,8.824317362178634,856.5543459929203,3514.1558380940996,74,11.653790621136878,1.0
6.9000000000113335,9.111809564987764,8.773737955368148,846.763254804144,2774.5116589454806,73,11.701188849556472,1.0
6.9200000000114645,9.171302872837922,8.66812582837009,826.5004591410233,2558.0446852039277,74,11.748364790616401,1.0
6.940000000011596,9.17299173304014,8.585405438421445,810.8010519628417,4035.8000497852304,74,11.79531563181667,1.0
6.960000000011727,9.120310235873504,8.690434858735834,830.7602383732401,5140.536907698815,74,11.84203856065727,1.0
6.980000000011858,9.08508276164469,8.893090913621856,869.9577259773798,2417.0015111732405,73,11.888530764638231,1.0
7.000000000011989,9.043018005903887,9.011102481899808,893.1996473323098,1795.8597457795142,74,11.93478943125953,1.0
7.02000000001212,9.017811293633098,9.33872642745675,959.3299241556703,919.9560998161508,74,11.980811748021187,1.0
7.040000000012251,9.05698659119644,9.521780639784737,997.3073720739739,82.44742689750927,74,12.026594902423165,1.0
7.060000000012382,9.11429987599214,9.43602545924719,979.4243411431727,45.5715995864749,74,12.0721360819655,1.0
7.080000000012513,9.122522179910055,9.359729881956639,963.6499780951125,0.0,75,12.117432474148178,1.0
7.100000000012644,9.06719249045764,9.570540854761207,1007.5477747791872,7.567895184568705,74,12.16248126647121,1.0
7.120000000012775,9.030923346675834,9.880415649798671,1073.8487475406514,173.66219741529122,74,12.207279646434575,1.0
7.140000000012906,8.980265290121855,10.00414399063682,1100.9118668393428,0.0,75,12.25182480153827,1.0
7.160000000013037,8.94189945357105,10.171076764183368,1137.958827972019,0.0,75,12.296113919282329,1.0
7.180000000013168,8.95485190083265,10.13642913085811,1130.2191507739979,0.0,75,12.340144187166736,1.0
7.200000000013299,9.001613057412298,9.891990446637697,1076.3662249600861,0.0,75,12.383912792691465,1.0
7.22000000001343,8.991840675178914,9.719054469750487,1039.0602176457462,1.571296329545964,75,12.427416923356532,1.0
7.240000000013561,8.950131059158887,9.784812799087522,1053.1681766450567,0.0,75,12.470653766661956,1.0
7.260000000013692,8.94255717218484,9.842055798547449,1065.526685758936,335.07196610087203,74,12.513620510107733,1.0
7.280000000013823,8.928553189408861,9.743346118173259,1044.2607293637411,548.1666008686548,73,12.556314341193854,1.0
7.300000000013954,8.905070872526531,9.790048147144574,1054.295469957498,1036.9081762579142,72,12.598732447420309,1.0
7.320000000014085,8.933733538759405,9.79954965358028,1056.3429075428394,1703.5818883653262,74,12.64087201628709,1.0
7.340000000014216,8.987221595085613,9.686424307551224,1032.0949745251114,1050.2030208578278,73,12.682730235294228,1.0
7.360000000014347,8.987682763595123,9.593736292170178,1012.437536480735,0.03407618729467797,75,12.72430429194172,1.0
7.380000000014478,8.934343895351809,9.673010746428321,1029.2385059056958,0.0,75,12.765591373729565,1.0
7.400000000014609,8.90057673723643,9.760911196477709,1048.029261240763,210.86759734431382,74,12.806588668157746,1.0
7.42000000001474,8.849604565666068,9.790249780186583,1054.3388983428779,0.866163608703334,75,12.847293362726266,1.0
7.440000000014871,8.80973919548089,9.946895688999014,1088.3480723260989,43.49843982499937,73,12.887702644935132,1.0
7.460000000015002,8.826805385622885,9.944427780733216,1087.808082748404,111.83638058418737,74,12.92781370228435,1.0
7.480000000015133,8.875150136405512,9.73915665481791,1043.3628958179238,41.937767373653365,73,12.967623722273903,1.0
7.500000000015264,8.87482609157468,9.525361922730069,998.0577173489545,140.07699763097716,74,13.00712989240378,1.0
7.520000000015395,8.829473904764317,9.493216726632953,991.3328020070605,286.85442306573543,74,13.046329400174015,1.0
7.540000000015526,8.81676456803534,9.48617627393895,989.8629433026648,202.6582787105475,74,13.085219433084605,1.0
7.560000000015657,8.800116367505352,9.419421807776152,975.9805791208985,53.632888984985826,74,13.12379717863551,1.0
7.580000000015788,8.759282085368552,9.401671168621345,972.3056283917442,0.0,75,13.162059824326768,1.0
7.600000000015919,8.744648698137256,9.363284123506535,964.3819853526048,0.0,75,13.200004557658366,1.0
7.62000000001605,8.783849251471976,9.234925057613706,938.1222490171566,24.91128075631502,74,13.237628566130294,1.0
7.640000000016181,8.785650033959314,9.106401929265186,912.1921170705716,3.2209255374263903,75,13.274929037242565,1.0
7.660000000016312,8.748576291770245,9.091873394837084,909.2837801052103,0.0,75,13.311903158495179,1.0
7.6800000000164435,8.73384140247489,9.094626620939541,909.834567117324,462.90616747712215,74,13.34854811738814,1.0
7.7000000000165745,8.727939603239324,9.030573062152161,897.0637481395509,685.0605695654111,74,13.384861101421459,1.0
7.7200000000167055,8.678575072219015,9.072314923354295,905.3758787536875,339.3167270153257,74,13.420839298095084,1.0
7.7400000000168365,8.663147706652957,9.140615365898391,919.0593419402755,110.68812297500656,74,13.456479894909068,1.0
7.7600000000169675,8.70592276596228,9.095539309046586,910.0171885465282,178.0473555556018,73,13.491780079363387,1.0
7.780000000017099,8.719355284566099,8.974585223994627,885.9749793701695,0.0,75,13.526737038958059,1.0
7.80000000001723,8.682156766427232,8.90577218747362,872.4405608069652,0.0,75,13.561347961193057,1.0
7.820000000017361,8.64930770123454,8.91233615146455,873.7270924437213,69.92407128507196,74,13.595610033568418,1.0
7.840000000017492,8.642989581700899,8.88831534698076,869.0236467811105,1665.673822061624,74,13.629520443584127,1.0
7.860000000017623,8.595872010732364,8.935702638802653,878.3145981401515,0.0,75,13.663076378740174,1.0
7.880000000017754,8.552395532080759,9.012644760590964,893.5054213866854,0.0,75,13.696275026536558,1.0
7.900000000017885,8.555646633539723,8.996828214391101,890.3720971119014,64.62586058178051,73,13.72911357447328,1.0
7.920000000018016,8.573951570187901,8.922011602386867,875.6252013643846,49.92807728586458,73,13.761589210050353,1.0
7.940000000018147,8.554782250808536,8.921627370750844,875.5497843678368,18.639082454751726,74,13.793699120767767,1.0
7.960000000018278,8.54617933484138,9.017038492762728,894.376814979612,0.0,75,13.82544049412551,1.0
7.980000000018409,8.592814599798512,9.104547136861884,911.8205642407393,0.0,75,13.856810517623602,1.0
8.00000000001854,8.580664774297379,9.19916976107484,930.871967223811,290.0992858107754,74,13.88780637876205,1.0
8.02000000001867,8.513818944126388,9.436236362686445,979.4681236173451,1867.8889185571106,74,13.918425265040797,1.0
8.040000000018802,8.487530198232072,9.718269156206313,1038.8923093171807,375.4734004011597,74,13.948664363959908,1.0
8.060000000018933,8.493550589119065,9.862581592075099,1069.9756722637244,437.66411647490395,74,13.978520863019376,1.0
8.080000000019064,8.485324399567792,9.83707144966393,1064.4477217637257,1697.2777457042994,74,14.007991949719194,1.0
8.100000000019195,8.45716162525329,9.786565290123463,1053.5454619563427,2267.9389675752855,74,14.037074811559338,1.0
8.120000000019326,8.490430168612695,9.700753041453815,1035.15070528403,823.0948305851466,74,14.065766636039797,1.0
8.140000000019457,8.498130051025337,9.560379842868961,1005.4094901392866,0.0,75,14.094064610660617,1.0
8.160000000019588,8.428633337542317,9.522363002984944,997.4293687667808,0.0,75,14.121965922921783,1.0
8.180000000019719,8.38305679337939,9.576742633238002,1008.8539940960618,2.1889429759297894,75,14.149467760323285,1.0
8.20000000001985,8.374805567764506,9.584351669024873,1010.4577660709384,183.34663161569773,74,14.176567310365153,1.0
8.220000000019981,8.373138861625794,9.535182914248775,1000.1168452899993,0.0,75,14.20326176054734,1.0
8.240000000020112,8.35455506923876,9.536044369978079,1000.2975644880967,0.0,75,14.229548298369862,1.0
8.260000000020243,8.384255320077488,9.593067275278438,1012.2963372281987,0.0,75,14.25542411133272,1.0
8.280000000020374,8.446227790634648,9.529833129300503,998.9949141954476,5.83854980556284,73,14.28088638693589,1.0
8.300000000020505,8.420638016524592,9.449246276908596,982.1708072183806,355.02939375113266,74,14.305932312679438,1.0
8.320000000020636,8.340041461590348,9.460871675270566,984.5890214153056,1883.1137767688542,74,14.330559076063315,1.0
8.340000000020767,8.30744815506765,9.563542985574792,1006.0748988063049,1400.6228038210659,72,14.354763864587536,1.0
8.360000000020898,8.290039489714458,9.633958168341264,1020.9446498828431,639.7093386786703,73,14.378543865752087,1.0
8.38000000002103,8.27169352487282,9.637476037067938,1021.690388015646,1589.9997727829805,74,14.401896267056985,1.0
8.40000000002116,8.265213624820046,9.595997611092006,1012.9148716729183,864.9539740898781,74,14.424818256002224,1.0
8.420000000021291,8.334024495814788,9.501228996908509,993.0068769686459,572.7516834894207,73,14.4473070200878,1.0
8.440000000021422,8.343160481448828,9.129726591593185,916.8709840096808,4172.419908273389,74,14.469359746813716,1.0
8.460000000021553,8.259436505492424,8.723757241695125,837.1433445323095,2894.439265519659,73,14.490973623679976,1.0
8.480000000021684,8.198451203597108,8.684222661232349,829.572955528476,3262.3608551235084,71,14.512145838186553,1.0
8.500000000021815,8.153258517992928,8.790728594214363,850.0460013885183,1505.0407415432023,71,14.532873577833481,1.0
8.520000000021946,8.112895235282151,8.890008284566516,869.3547202962742,1119.8184658555933,73,14.553154030120742,1.0
8.540000000022077,8.08894784221627,8.911335437207372,873.5308920187068,1863.935385518106,74,14.572984382548348,1.0
8.560000000022209,8.139476724363623,8.884479945975695,868.2738230148871,2707.1610052965166,74,14.592361822616306,1.0
8.58000000002234,8.22559017531033,8.683372980496154,829.4106295025172,4084.9854048006005,74,14.611283537824606,1.0
8.60000000002247,8.202309743366843,8.174627726146575,735.0699230719275,6583.388418286193,73,14.629746715673239,1.0
8.620000000022602,8.115013611751442,7.825784363958378,673.6719100229298,4532.543431937958,73,14.647748543662212,1.0
8.640000000022733,8.067519894682983,7.871841709111829,681.624810826439,27.47554859965778,74,14.665286209291526,1.0
8.660000000022864,8.033312563037347,8.14454455278296,729.6696656949325,6.495667844988933,74,14.682356900061167,1.0
8.680000000022995,8.005994521277916,8.297940761993,757.4140297849949,60.866225656321355,74,14.698957803471158,1.0
8.700000000023126,8.004251105407628,8.271654918791096,752.6230260511703,111.10765202282526,73,14.715086107021486,1.0
8.720000000023257,8.084840541297854,8.190245442588354,737.8813245082324,0.0,75,14.730738998212148,1.0
8.740000000023388,8.142343595725372,7.862000198082515,679.9215182611446,9.160058682789998,74,14.74591366454318,1.0
8.760000000023519,8.078787517585484,7.1927678352131235,569.0950004440413,4024.6454571422205,74,14.760607293514537,1.0
8.78000000002365,7.951566121055125,7.051433391174056,546.949841571809,3566.4288059123164,74,14.774817072626252,1.0
8.80000000002378,7.895372297526057,7.162714190940388,564.3492203920871,2508.5029420531673,72,14.788540189378283,1.0
8.820000000023912,7.837317399813803,7.366017738133844,596.8403905035268,2797.831616395,72,14.801773831270646,1.0
8.840000000024043,7.810814146897789,7.398933442147322,602.1863768945861,1078.89469759451,73,14.814515185803367,1.0
8.860000000024174,7.8261500522974,7.3215604944734185,589.6577288165723,4087.737960558178,74,14.826761440476433,1.0
8.880000000024305,7.948214749201403,7.222824271735534,573.8610950640914,274.9104944771107,74,14.838509782789815,1.0
8.900000000024436,7.974738322913563,6.946094786294317,530.7305605820361,68.59511675936129,73,14.849757400243561,1.0
8.920000000024567,7.925417579173232,6.516793970578207,467.1546402046092,351.2849685843256,72,14.860501480337607,1.0
8.940000000024698,7.807026376445918,6.562066004197068,473.66781267782767,4780.71204457104,72,14.87073921057202,1.0
8.960000000024829,7.7528402497607685,6.91738946819925,526.3530476022929,5304.333221694626,71,14.880467778446759,1.0
8.98000000002496,7.699705059307675,7.259730381820699,579.7405373840356,5813.04309492849,72,14.889684371461865,1.0
9.000000000025091,7.660991873005762,7.345155642704466,593.4644255710858,1573.699313817048,72,14.898386177117297,1.0
9.020000000025222,7.663425830457869,7.359876366298041,595.845581399117,2062.9662204007686,71,14.906570673471743,1.0
9.040000000025353,7.782613986293113,7.341506288472563,592.8748604205041,2714.6365166734877,70,14.914239060404455,1.0
9.060000000025484,7.805225212044892,6.89459877934736,522.8904156099592,7025.3672884312355,71,14.921399100798999,1.0
9.080000000025615,7.722051554868906,6.2220344046778395,425.85083346294186,4839.80475167807,70,14.928063922412163,1.0
9.100000000025746,7.547402792082714,6.197184586031906,422.45606472686586,3626.82720271408,69,14.934250642256135,1.0
9.120000000025877,7.499046879922375,6.358733351735437,444.7683882231985,2714.6319170888337,71,14.939979241112942,1.0
9.140000000026008,7.430801198088213,6.569051375010566,474.67679564281025,4860.511110787386,70,14.94527164827939,1.0
9.16000000002614,7.406690527485478,6.654063135537643,487.04211832893156,4132.359238686012,71,14.95015100257858,1.0
9.18000000002627,7.418825722344886,6.708910033505604,495.10421221439384,2166.076878997009,71,14.954641060764246,1.0
9.200000000026401,7.504640757176611,6.766431525425716,503.6305514710248,3026.6687402657094,71,14.958765728806965,1.0
9.220000000026532,7.560193380237476,6.620451342174566,482.1341357151112,787.6895943459086,72,14.962548695285594,1.0
9.240000000026663,7.506996458661735,6.2468686669328255,429.2570495609781,357.9720891712832,73,14.966013149300965,1.0
9.260000000026794,7.338473885345595,6.234475393259872,427.5555177207913,181.76414519475304,73,14.969181568059026,1.0
9.280000000026925,7.253493239667845,6.376980712658972,447.32471310586993,698.9562547964005,73,14.972075561599762,1.0
9.300000000027056,7.188993167337695,6.489508034861961,463.2508598799175,1714.61482501711,74,14.974715764135295,1.0
9.320000000027187,7.142896004979275,6.604177344249665,479.76674233730614,1172.451557135804,73,14.977121763152194,1.0
9.340000000027318,7.158785714644514,6.818417508825683,511.39899057126695,2173.8341974833506,72,14.979312058872948,1.0
9.36000000002745,7.251184044756885,7.041226579259309,545.3675891451452,2217.6585529361287,74,14.981304047893454,1.0
9.38000000002758,7.361519762957107,7.087165924255257,552.5071292171735,4185.363838711813,74,14.983114025851018,1.0
9.400000000027712,7.308101034603191,6.9721251939364715,534.7158269191605,2845.9069895975017,72,14.98475720485543,1.0
9.420000000027843,7.124160478117157,6.960620159654829,532.9525630769255,8793.058006429928,72,14.986247742158595,1.0
9.440000000027974,6.92767646848621,6.952708677421905,531.7417374840763,3406.1203228860704,70,14.987598777164374,1.0
9.460000000028105,6.877720344755413,6.840355458164809,514.695090734496,3008.66530814223,71,14.988822474409039,1.0
9.480000000028236,6.809585849610361,5.854736954479578,377.05739286763685,5314.936426187875,71,14.989930070585253,1.0
9.500000000028367,6.814977623710243,4.843512140008181,258.05570835447287,2855.587431246963,69,14.990931924055054,1.0
9.520000000028498,6.866864916673238,4.925292674172786,266.84358718886125,2617.6687539176064,65,14.99183756560807,1.0
9.540000000028629,6.931701789954666,6.0154523651370075,398.0423387295566,12063.386089214984,58,14.992655749480068,1.0
9.56000000002876,6.953437464392667,6.892754571612293,522.6107214293038,6428.3394319295885,58,14.993394503862339,1.0
9.58000000002889,6.680490213333077,6.680492597265247,490.9187947632734,10267.285891811487,62,14.994061180310693,1.0
9.600000000029022,6.312090328009916,5.6650611495876655,353.02209611424274,12726.74589237376,61,14.994662501609557,1.0
9.620000000029153,6.28834488044526,0.18145698724994738,0.3621930204401032,11671.689162741864,62,14.995204607766713,1.0
9.640000000029284,6.340006804652717,-1.2404769303131093,16.92661316102938,4076.525860941771,60,14.995693099912904,1.0
9.660000000029415,6.369942523439465,-0.7373684184725382,5.980834030167615,2098.246871513052,63,14.996133081959663,1.0
9.680000000029546,6.358631651863019,0.2052039477493075,0.4631952618909057,13659.772597176894,61,14.996529199932558,1.0
9.700000000029677,6.37205705496638,3.8949861408882818,166.8800874148297,28243.595787760365,56,14.996885678947963,1.0
9.720000000029808,6.411531121225428,7.451536881759381,610.7794209024235,12376.791784066916,56,14.99720635784143,1.0
9.740000000029939,6.335343900583466,7.424591795018207,606.3701965491684,4709.40449544724,56,14.997494721486735,1.0
9.76000000003007,5.846816954645627,6.851196929519716,516.3278930376642,13468.998189685723,58,14.99775393086791,1.0
9.780000000030201,5.538142517217115,6.2089360457379055,424.05975502069805,11611.309581235784,58,14.997986850984551,1.0
9.800000000030332,5.558324743315807,2.5589066518654513,72.0280357825738,20915.96664912367,56,14.998196076682659,1.0
9.820000000030463,5.612752674319023,1.5294363635686166,25.730931492265928,2744.210212360468,65,14.998383956511907,1.0
9.840000000030594,5.655584204078739,1.9628721767029649,42.381539002820986,1408.4057228117292,57,14.99855261471507,1.0
9.860000000030725,5.713692965611085,2.3104662884164275,58.72079916899661,1253.0279461684243,56,14.9987039714584,1.0
9.880000000030856,5.757631873073504,3.2995075254928388,119.75424901862264,11995.875166208412,60,14.998839761411631,1.0
9.900000000030987,5.751241937405248,5.7341936957182345,361.6907507401622,16784.854621410774,57,14.998961550785099,1.0
9.920000000031118,5.747548048829507,6.736834465018649,499.23432469969424,6108.068844982181,54,14.999070752929825,1.0
9.94000000003125,5.630669631459064,6.062150939639811,404.2464141647343,4396.291230925122,55,14.999168642601704,1.0
9.96000000003138,4.995528625245837,5.714128376404025,359.1638941222826,15007.89353593727,53,14.999256368988465,1.0
9.980000000031511,4.6918041485855015,4.820795552703467,255.6407673706208,9312.99211843328,52,14.999334967592205,1.0
10.000000000031642,4.695241127078056,1.291131230709118,18.33721840403686,2538.550812618664,56,14.999405371056424,1.0
10.020000000031773,4.734372045480675,0.7590861980464494,6.338330416710747,191.44841732641407,62,14.9994684190211,1.0
10.040000000031904,4.769216230971431,1.0046643698975888,11.10285545755891,2359.084525986255,58,14.999524867084302,1.0
10.060000000032035,4.8405001617731065,1.2457306212905899,17.07029258903143,1728.0524358939629,57,14.999575394944122,1.0
10.080000000032166,4.9157431830609895,1.6866738786184818,31.293556500953045,428.78322987747634,58,14.99962061378936,1.0
10.100000000032297,4.936717286642367,3.1489403635556656,109.07407954553096,7398.458902139523,64,14.999661073003004,1.0
10.120000000032428,4.89535550756559,4.636961707854899,236.5155526812388,3663.2630612646376,60,14.999697266237758,1.0
10.14000000003256,4.808999002546103,4.593820366745437,232.13504118117697,4128.444751150859,60,14.999729636918358,1.0
10.16000000003269,4.7096971950735655,4.223870405891289,196.25189326340669,2351.863998373138,59,14.999758583221412,1.0
10.180000000032821,4.502461656264597,4.010643038389123,176.9378333951705,7229.957137232835,65,14.999784462579491,1.0
10.200000000032952,4.14393670467526,3.8874499962889635,166.23494221011768,14473.709357902904,59,14.999807595752316,1.0
10.220000000033084,4.031188043826372,3.7994274178867027,158.7921357416814,7271.857812736403,58,14.999828270504393,1.0
10.240000000033215,4.025361414985094,3.4832008966809194,133.45957335302637,4182.19129047291,61,14.999846744925616,1.0
10.260000000033346,3.9325501072417457,1.2348374937326454,16.77305999520713,17291.50160484037,60,14.999863250427492,1.0
10.280000000033477,3.8845886980333426,-0.09359254466660467,0.09635520858887431,10986.241949028903,59,14.99987799444552,1.0
10.300000000033608,3.885117604900026,-0.003538894908092124,0.00013776154887572398,6549.211212432453,66,14.999891162875327,1.0
10.320000000033739,3.8880303546220922,0.33835603692574506,1.2593328849650576,8363.59512702574,66,14.999902922267683,1.0
10.34000000003387,3.7908843691350236,1.2186141071746444,16.335223764255613,10755.277763515332,62,14.999913421805466,1.0
10.360000000034,3.7063094547537907,2.001869100722163,44.08227886068779,7993.46782981622,62,14.999922795083425,1.0
10.380000000034132,3.629353986154447,2.436594481319689,65.3069193303732,2737.9536228294405,62,14.999931161709766,1.0
10.400000000034263,3.5700056234752715,2.462366021421453,66.69571065796006,2106.938938711459,63,14.999938628746733,1.0
10.420000000034394,3.509667240331859,2.3656962785701676,61.56170770684814,952.9489859894964,64,14.999945292006139,1.0
10.440000000034525,3.4545769902606205,2.2767036231924584,57.01717326643435,2461.7533013018465,64,14.999951237213697,1.0
10.460000000034656,3.3139409577669885,2.218651665187886,54.146567325850775,3489.9818994543325,57,14.999956541055237,1.0
10.480000000034787,3.1958022722940957,2.1603253834578524,51.33706338653548,2520.644539729951,54,14.999961272116549,1.0
10.500000000034918,2.8792305323101433,2.0306002690322664,45.35671197853304,11928.841281663143,56,14.999965491727222,1.0
10.520000000035049,2.535081795776532,1.6881113232351295,31.34691823598126,15686.742412293364,61,14.999969254718097,1.0
10.54000000003518,2.5029485568026137,-0.3721761622384831,1.5236660531242225,21928.368192986858,59,14.999972610101088,1.0
10.560000000035311,2.567432392455837,-1.4482960514565664,23.073175979311493,7319.145850616139,58,14.999975601679001,1.0
10.580000000035442,2.6198256053352322,-1.1706604772223907,15.074905482236113,2444.6143331398357,61,14.999978268592413,1.0
10.600000000035573,2.6341421600624555,-0.7495921711918094,6.18077265423256,3603.060776680278,62,14.999980645810135,1.0
10.620000000035704,2.5847037061611826,-0.12191810536846993,0.1635042685830107,3069.8099730581594,65,14.999982764568685,1.0
10.640000000035835,2.469020988033807,0.23461104216034706,0.6054657521392056,2401.0971992367545,66,14.999984652766312,1.0
10.660000000035966,2.3350964774500516,0.5058201992355937,2.8143948135020933,2101.1262052488214,67,14.999986335315853,1.0
10.680000000036097,2.220967378519012,0.8387299726439736,7.738147637124969,3656.7257410009747,61,14.999987834460855,1.0
10.700000000036228,2.131280166676537,1.513078015369284,25.18345588653236,5444.369696494829,60,14.99998917005867,1.0
10.720000000036359,2.1375528289570704,2.5267727456851903,70.23038559171222,8312.366678267615,61,14.99999035983389,1.0
10.74000000003649,2.154985760364548,4.033244512175383,178.93767424492125,10951.722104458973,63,14.999991419605186,1.0
10.760000000036621,2.150533932612283,5.693443021144684,356.5682277852322,11470.145648737102,63,14.999992363488339,1.0
10.780000000036752,2.1357588835293178,6.886529423201791,521.667162462864,9861.133214581385,60,14.999993204077818,1.0
10.800000000036883,2.133489655525477,7.536733626328873,624.8258912966,6330.127145067089,59,14.999993952609376,1.0
10.820000000037014,2.137036018309335,7.774948447127035,664.9480569103141,1614.3137327115842,54,14.999994619105255,1.0
10.840000000037145,2.1377587333214487,7.6898788233969455,650.4765995038167,1132.2098315916146,54,14.99999521250419,1.0
10.860000000037276,2.140275427776277,7.562495801864541,629.104770285407,1087.8510540924262,53,14.99999574077754,1.0
10.880000000037407,2.1489630768281405,7.3835858072295055,599.6907330999309,901.8190584289603,63,14.999996211033162,1.0
10.900000000037538,2.1522418947470774,7.218192213539593,573.1252871476397,1353.48689728754,54,14.999996629608178,1.0
10.92000000003767,2.1483457538199553,7.070461957313333,549.9057551879661,2192.727904929945,40,14.999997002151972,1.0
10.9400000000378,2.1802974736468674,6.983884268188924,536.5210341860242,1927.3336921429186,37,14.999997333700167,1.0
10.960000000037931,2.2360677669714013,7.04828280003347,546.4611947217242,1809.0470282844517,41,14.999997628740914,1.0
10.980000000038062,2.2913709987788353,7.008998622218736,540.3866785489056,1955.9237098356655,45,14.99999789127388,1.0
11.000000000038193,2.340040056870013,6.938991933477703,529.6456995815549,1659.2417466840277,50,14.999998124863161,1.0
11.020000000038324,2.3904193802902576,6.847725501612541,515.8047899997821,1912.213536019531,56,14.999998332684282,1.0
11.040000000038455,2.4304999466829442,6.7369370973199505,499.2495359857034,2589.6536833508244,35,14.99999851756635,1.0
11.060000000038587,2.408200775611501,6.496428418773364,464.23940420270816,1281.3698599237755,49,14.999998682029544,1.0
11.080000000038718,2.313458096807562,6.314158353543409,438.5545528498421,3620.126124339586,50,14.99999882831867,1.0
11.100000000038849,2.1987134899556664,6.173983674473684,419.29881853934324,4279.388959709713,53,14.999998958433045,1.0
11.12000000003898,2.092724628907982,6.048787439611334,402.46612438559816,3742.13150222858,47,14.999999074153177,1.0
11.14000000003911,1.9912574400449892,5.916742186805081,385.0862191563087,3913.188130104773,37,14.999999177064582,1.0
11.160000000039242,1.8996041394642698,5.778036130293197,367.24271675270944,4179.242098173748,36,14.999999268578993,1.0
11.180000000039373,1.8303276213099866,5.621576285845283,347.6233193133585,5484.360968696955,36,14.999999349953317,1.0
11.200000000039504,1.7658473733779425,5.464932634997528,328.5203757556712,5989.93035862786,37,14.999999422306477,1.0
11.220000000039635,1.725727305726295,5.276813160842119,306.2923284788025,3745.6859151774165,44,14.999999486634547,1.0
11.240000000039766,1.6867245428791258,5.032526632599773,278.5895673860862,2034.407349437161,39,14.999999543824087,1.0
11.260000000039897,1.641383726013899,4.799963028545644,253.4360958294558,3201.984898960986,34,14.9999995946642,1.0
11.280000000040028,1.5992254828843033,4.586908411068107,231.4370164868008,3114.366332649182,30,14.999999639857108,1.0
11.300000000040159,1.566932940569712,4.448348536514099,217.6658517253784,2485.919234853008,39,14.999999680027763,1.0
11.32000000004029,1.5265940306206032,4.324991945975976,205.76110866032764,2445.856115582162,48,14.999999715732189,1.0
11.34000000004042,1.4879031326091847,4.171903816667622,191.4525960107846,1806.647405462044,51,14.99999974746517,1.0
11.360000000040552,1.4529029784936287,3.994877867692715,175.549540955592,1753.2900160245297,50,14.99999977566684,1.0
11.380000000040683,1.4210598009589668,3.83817180836531,162.04719113583258,2006.3075964002012,48,14.999999800728803,1.0
11.400000000040814,1.3974665569010134,3.697538046941914,150.38966369441326,2237.067042642082,45,14.999999822999403,1.0
11.420000000040945,1.3889385822301537,3.5966347270650245,142.29359495923114,1310.6104198724001,42,14.999999842788448,1.0
11.440000000041076,1.3971180656696554,3.5929192425932714,141.9997555217671,412.34984858618117,57,14.999999860371558,1.0
11.460000000041207,1.4190441785100225,3.6032874152871988,142.8204821688381,340.0595912294148,54,14.99999987599379,1.0
11.480000000041338,1.4664970064225316,3.6087919813288565,143.257175209538,172.76628752517695,46,14.99999988987314,1.0
11.500000000041469,1.5139335498671134,3.6055751159826968,143.00189108693002,415.89899570349786,44,14.99999990220341,1.0
11.5200000000416,1.555576195764305,3.597200790196003,142.33838877485422,783.2256258988317,38,14.999999913156941,1.0
11.540000000041731,1.5899126758689337,3.58296316273088,141.21387528035115,999.0174899698795,39,14.999999922887005,1.0
11.560000000041862,1.6147054147018223,3.5642433668114615,139.74213855645453,1130.5672256984262,38,14.99999993152983,1.0
11.580000000041993,1.6315813557837855,3.5416260978640097,137.97426958778595,777.8432714075012,65,14.99999993920655,1.0
11.600000000042124,1.6415797228470685,3.517780269665039,136.12255828209098,1087.4953878907584,56,14.999999946024815,1.0
11.620000000042255,1.6497689687751305,3.4954761184812426,134.40188624359962,1081.0451940568148,45,14.999999952080353,1.0
11.640000000042386,1.666799279729252,3.478319983830603,133.08580900906858,645.0827490748667,54,14.999999957458234,1.0
11.660000000042517,1.7065839207407223,3.454412169650369,131.26259781611427,686.1542630794368,59,14.999999962234083,1.0
11.680000000042648,1.7464734285242733,3.4284013320266267,129.29329262786143,677.8945082960913,54,14.99999996647511,1.0
11.70000000004278,1.7784911382521413,3.396446778851595,126.89435793728512,750.2379623945732,47,14.999999970241022,1.0
11.72000000004291,1.758968158920458,3.3376720579855186,122.54060243323015,621.1616214003108,46,14.999999973584933,1.0
11.740000000043041,1.6899367662888434,3.2530154748996893,116.40320647930535,941.1251460662023,54,14.999999976553987,1.0
11.760000000043172,1.6020732900220946,3.139426823027336,108.41600854857863,1089.098346986648,48,14.999999979190106,1.0
11.780000000043303,1.5329403329722595,3.040216187481175,101.67205913284828,2861.5547352906287,56,14.999999981530518,1.0
11.800000000043434,1.4546008886670732,2.9338629228617923,94.68306815157452,3017.47053272711,49,14.999999983608312,1.0
11.820000000043565,1.37849373452953,2.6288785325456376,76.02102572767235,4594.874796546211,46,14.99999998545288,1.0
11.840000000043696,1.3018433859275005,1.707492454086141,32.07083528837224,8639.940623706261,46,14.999999987090344,1.0
11.860000000043827,1.2523824704003088,0.26851244712156486,0.7930882768513229,11894.683658258742,41,14.999999988543886,1.0
11.880000000043959,1.2163069757568727,-1.5649125533167347,26.938464294811325,14719.331514636624,41,14.999999989834121,1.0
11.90000000004409,1.1673151174453564,-3.6673967047419422,147.9477844894726,15302.213105507955,39,14.999999990979358,1.0
11.92000000004422,1.1190671382925634,-4.984300390168021,273.2757541737199,8608.707610064643,42,14.999999991995852,1.0
11.940000000044352,1.1001100532208261,-5.074586267739548,283.26568367603875,1978.5213955620823,48,14.999999992898049,1.0
11.960000000044483,1.0816961156121134,-4.79659059523055,253.08009472079578,1400.6585531668406,41,14.999999993698756,1.0
11.980000000044614,1.0760982279767652,-4.581791020796882,230.9208985408043,858.9943305560005,40,14.999999994409368,1.0
12.000000000044745,1.0640454451478003,-4.375681587878658,210.6124829435032,1021.8704933196213,52,14.999999995040001,1.0
12.020000000044876,1.03157297621063,-4.197940744871362,193.84977147196238,1160.6950146406673,50,14.999999995599637,1.0
12.040000000045007,1.0125316326916889,-4.039065498580884,179.4545511200909,978.3679419246796,53,14.999999996096252,1.0
12.060000000045138,1.0005705706740482,-3.894305382731238,166.82175855366444,998.3487980332408,52,14.999999996536927,1.0
12.080000000045269,0.9897480998493057,0.0,0.0,2197.091592689336,50,14.999999996927954,1.0
12.1000000000454,0.9783144714892369,0.0,0.0,3975.5945956787723,49,14.999999997274909,1.0
12.12000000004553,0.9786946332882439,0.0,0.0,3994.9873059318643,44,14.999999997582758,1.0
12.140000000045662,0.9987083531025874,0.0,0.0,3095.6797923982153,54,14.999999997855891,1.0
12.160000000045793,1.0369372187957937,0.0,0.0,1231.7704915535103,47,14.999999998098216,1.0
12.180000000045924,1.066531064350902,0.0,0.0,990.6339074449894,42,14.999999998313207,1.0
12.200000000046055,1.09222568871096,0.0,0.0,1111.0074533126617,47,14.999999998503936,1.0
12.220000000046186,1.119073848225306,0.0,0.0,940.1556012205363,47,14.999999998673143,1.0
12.240000000046317,1.1404522298916424,0.0,0.0,1019.3520364493708,42,14.999999998823242,1.0
12.260000000046448,1.1538118574913458,0.0,0.0,823.7981849792559,41,14.999999998956387,1.0
12.280000000046579,1.1694385306171147,0.0,0.0,988.4596227806239,52,14.999999999074493,1.0
12.30000000004671,1.2003187501749562,0.0,0.0,1243.2921221242734,51,14.999999999179254,1.0
12.320000000046841,1.2364097394512323,0.0,0.0,2240.426180679895,49,14.999999999272186,1.0
12.340000000046972,1.2761856888880616,0.0,0.0,4562.200341779983,50,14.9999999993546,1.0
12.360000000047103,1.3136086848899495,0.0,0.0,4807.499662391305,52,14.999999999427706,1.0
12.380000000047234,1.3398674374007515,0.0,0.0,3929.4322891060415,51,14.999999999492536,1.0
12.400000000047365,1.3721210767656,0.0,0.0,4356.047272667641,50,14.999999999550031,1.0
12.420000000047496,1.4118315534063945,0.0,0.0,5276.032842416518,49,14.999999999601028,1.0
12.440000000047627,1.4506173972121947,0.0,0.0,4989.340583440613,51,14.999999999646253,1.0
12.460000000047758,1.4817696768765785,0.0,0.0,3488.9618838078,52,14.999999999686379,1.0
12.48000000004789,1.500197613431005,0.0,0.0,2451.8473348313482,50,14.99999999972193,1.0
12.50000000004802,1.5100879226896937,0.0,0.0,1990.3046616965844,55,14.99999999975348,1.0
12.520000000048151,1.528494341666218,0.0,0.0,2451.2249769484206,51,14.999999999781444,1.0
12.540000000048282,1.5325347785512067,0.0,0.0,3242.339193649965,50,14.999999999806237,1.0
12.560000000048413,1.5264950141928144,0.0,0.0,3013.26584513205,50,14.999999999828228,1.0
12.580000000048544,1.5068185985341822,0.0,0.0,2942.393167338382,51,14.99999999984773,1.0
12.600000000048675,1.4880963101481788,0.0,0.0,4163.459998581747,49,14.999999999865016,1.0
12.620000000048806,1.49181757702959,0.0,0.0,5801.205520213883,49,14.999999999880334,1.0
12.640000000048937,1.5367254680600269,0.0,0.0,5943.981806566363,52,14.99999999989395,1.0
12.660000000049068,1.579562176325364,0.0,0.0,6164.461949980348,49,14.99999999990597,1.0
12.6800000000492,1.5885137836653285,0.0,0.0,4001.63653530867,50,14.999999999916664,1.0
12.70000000004933,1.5875823099935202,0.0,0.0,459.3628055418765,57,14.999999999926098,1.0
12.720000000049462,1.473548521594764,0.0,0.0,3352.77762373206,55,14.999999999934493,1.0
12.740000000049593,1.3169900427728645,0.0,0.0,4892.412668525078,56,14.999999999941933,1.0
12.760000000049724,1.2409850102739501,0.0,0.0,4262.84521687938,54,14.99999999994852,1.0
12.780000000049855,1.1713996580559358,0.0,0.0,4020.054732698913,55,14.999999999954383,1.0
12.800000000049986,1.1016482480540344,0.0,0.0,3849.2173590584916,55,14.999999999959702,1.0
12.820000000050117,1.03756766782721,0.0,0.0,3563.134937778127,54,14.999999999964142,1.0
12.840000000050248,0.9838676635675545,0.0,0.0,3089.9767684283374,57,14.999999999968274,1.0
12.860000000050379,0.9553708294431275,0.0,0.0,2528.7407101734957,54,14.999999999971827,1.0
12.88000000005051,0.9255126973970262,0.0,0.0,2331.253175274178,55,14.999999999975145,1.0
12.90000000005064,0.8956915494576315,0.0,0.0,2285.0781222866976,57,14.99999999997781,1.0
12.920000000050772,0.8669344748909407,0.0,0.0,1729.6004286026207,54,14.999999999980474,1.0
12.940000000050903,0.8461591526602236,0.0,0.0,1560.7903696663352,53,14.999999999982716,1.0
12.960000000051034,0.8299463536043431,0.0,0.0,1691.2064395866735,53,14.999999999984492,1.0
12.980000000051165,0.8177684798091805,0.0,0.0,973.7576462075297,57,14.999999999986269,1.0
13.000000000051296,0.7856033711263332,0.0,0.0,2125.7425000616918,56,14.999999999988045,1.0
13.020000000051427,0.7605657396345944,0.0,0.0,2416.174741253082,56,14.999999999989596,1.0
13.040000000051558,0.737131461437619,0.0,0.0,1870.2149145641179,56,14.999999999990484,1.0
13.060000000051689,0.7167540949932921,0.0,0.0,1456.680775914112,60,14.999999999991372,1.0
13.08000000005182,0.6955406717172171,0.0,0.0,1973.661194427606,57,14.99999999999226,1.0
13.100000000051951,0.6762912585278661,0.0,0.0,3069.019583631555,55,14.999999999993149,1.0
13.120000000052082,0.661983967278317,0.0,0.0,3903.438036084231,59,14.999999999994037,1.0
13.140000000052213,0.6511624111379879,0.0,0.0,4483.801476053034,61,14.999999999994925,1.0
13.160000000052344,0.6478905900246352,0.0,0.0,4662.204092817237,56,14.999999999995813,1.0
13.180000000052475,0.6479592008660336,0.0,0.0,4787.076948879332,55,14.999999999996701,1.0
13.200000000052606,0.6586467625419601,0.0,0.0,5724.053830774076,56,14.999999999997227,1.0
13.220000000052737,0.6770344315623893,0.0,0.0,7468.220572922106,56,14.999999999997227,1.0
13.240000000052868,0.7088123830276617,0.0,0.0,8757.78069379363,56,14.999999999997227,1.0
13.260000000053,0.7496428507325148,0.0,0.0,9234.542976761242,56,14.999999999997227,1.0
13.28000000005313,0.7793133559471626,0.0,0.0,9602.567170782228,56,14.999999999997227,1.0
13.300000000053261,0.7888353192032279,0.0,0.0,9995.74041065578,56,14.999999999997227,1.0
13.320000000053392,0.7740118330918495,0.0,0.0,9394.41014876367,56,14.999999999997227,1.0
13.340000000053523,0.7552262270453354,0.0,0.0,7305.550548581036,55,14.999999999997227,1.0
13.360000000053654,0.7329680647084357,0.0,0.0,4889.088790874708,54,14.999999999997227,1.0
13.380000000053785,0.7040630082151805,0.0,0.0,3032.660987446377,55,14.999999999997227,1.0
13.400000000053916,0.6625873054629202,0.0,0.0,2766.658194782636,50,14.999999999997227,1.0
13.420000000054047,0.61529799631894,0.0,0.0,3038.168879660456,49,14.999999999997227,1.0
13.440000000054178,0.5708462971736554,0.0,0.0,2942.955484559872,50,14.999999999997227,1.0
13.46000000005431,0.5309565853054246,0.0,0.0,2602.1634991839915,50,14.999999999997227,1.0
13.48000000005444,0.491198989626009,0.0,0.0,2942.1965542606963,53,14.999999999997227,1.0
13.500000000054571,0.451305205189718,0.0,0.0,4295.016974482952,53,14.999999999997227,1.0
13.520000000054702,0.4321713271551504,0.0,0.0,5410.309242462151,51,14.999999999997227,1.0
13.540000000054834,0.4338165779032429,0.0,0.0,5806.191972805096,56,14.999999999997227,1.0
13.560000000054965,0.4675989272624519,0.0,0.0,6996.972725962898,57,14.999999999997227,1.0
13.580000000055096,0.5096032301116774,0.0,0.0,7721.302635303564,54,14.999999999997227,1.0
13.600000000055227,0.549718029059882,0.0,0.0,8667.505157681175,54,14.999999999997227,1.0
13.620000000055358,0.5907941864036772,0.0,0.0,9628.88644700771,53,14.999999999997227,1.0
13.640000000055489,0.6227252717445161,0.0,0.0,9775.705895975938,52,14.999999999997227,1.0
13.66000000005562,0.6466446662381601,0.0,0.0,8325.19421058415,52,14.999999999997227,1.0
13.68000000005575,0.6630981999553244,0.0,0.0,6541.671531196143,53,14.999999999997227,1.0
13.700000000055882,0.6560757777531542,0.0,0.0,5849.051446315052,54,14.999999999997227,1.0
13.720000000056013,0.6055677741005517,0.0,0.0,5789.058903174506,54,14.999999999997227,1.0
13.740000000056144,0.5608932864735843,0.0,0.0,4538.985983875898,56,14.999999999997227,1.0
13.760000000056275,0.5229220824929547,0.0,0.0,4257.366958045344,52,14.999999999997227,1.0
13.780000000056406,0.4854593056507745,0.0,0.0,3663.3150959902987,49,14.999999999997227,1.0
13.800000000056537,0.45572567661121066,0.0,0.0,3743.3443083076795,51,14.999999999997227,1.0
13.820000000056668,0.43795897790274585,0.0,0.0,4307.453732165728,50,14.999999999997227,1.0
13.840000000056799,0.43329012519480464,0.0,0.0,4285.474708851516,50,14.999999999997227,1.0
13.86000000005693,0.4251546888069634,0.0,0.0,2824.92345599794,51,14.999999999997227,1.0
13.880000000057061,0.3990772077132289,0.0,0.0,1622.2456684036247,53,14.999999999997227,1.0
13.900000000057192,0.35140865057068926,0.0,0.0,1655.8032156351564,52,14.999999999997227,1.0
13.920000000057323,0.292720107980504,0.0,0.0,2268.24679183029,55,14.999999999997227,1.0
13.940000000057454,0.23696989254390322,0.0,0.0,2290.7060269038243,54,14.999999999997227,1.0
13.960000000057585,0.18398844898490108,0.0,0.0,1968.2831854540245,51,14.999999999997227,1.0
13.980000000057716,0.13269438512460263,0.0,0.0,2081.372700406656,51,14.999999999997227,1.0
14.000000000057847,0.08675366016735798,0.0,0.0,2995.283079723725,54,14.999999999997227,1.0
14.020000000057978,0.06596572228012046,0.0,0.0,3863.9567505365108,53,14.999999999997227,1.0
14.040000000058109,0.06605771921282101,0.0,0.0,4285.402448821462,57,14.999999999997227,1.0
14.06000000005824,0.0898088600914534,0.0,0.0,4509.098750116234,56,14.999999999997227,1.0
14.080000000058371,0.11401185828986865,0.0,0.0,4405.2868725282215,55,14.999999999997227,1.0
14.100000000058502,0.13476239208469376,0.0,0.0,4925.041298670263,57,14.999999999997227,1.0
14.120000000058633,0.15819224786078934,0.0,0.0,5776.795657416414,55,14.999999999997227,1.0
14.140000000058764,0.1704666517142544,0.0,0.0,6408.214374043666,55,14.999999999997227,1.0
14.160000000058895,0.18245385019062976,0.0,0.0,5909.817582533415,54,14.999999999997227,1.0
14.180000000059026,0.1865261738890804,0.0,0.0,5046.007651740045,56,14.999999999997227,1.0
14.200000000059157,0.1693534254102928,0.0,0.0,5008.453240140362,56,14.999999999997227,1.0
14.220000000059288,0.13175256785323614,0.0,0.0,5919.631830458662,56,14.999999999997227,1.0
14.24000000005942,0.10489627867455369,0.0,0.0,6274.126499204511,55,14.999999999997227,1.0
14.26000000005955,0.11471453746941528,0.0,0.0,5606.9357610493125,55,14.999999999997227,1.0
14.280000000059681,0.12884314864813193,0.0,0.0,4883.810500236159,54,14.999999999997227,1.0
14.300000000059812,0.1331546765388024,0.0,0.0,4112.71829315134,53,14.999999999997227,1.0
14.320000000059943,0.10667153906104365,0.0,0.0,3535.389448599367,54,14.999999999997227,1.0
14.340000000060074,0.057076117888125465,0.0,0.0,3169.974577372732,53,14.999999999997227,1.0
14.360000000060205,0.004659697677070058,0.0,0.0,3300.102783901922,52,14.999999999997227,1.0
14.380000000060337,-0.04876920400424698,0.0,0.0,3232.8761149241623,53,14.999999999997227,1.0
14.400000000060468,-0.1059604402549683,0.0,0.0,3173.6306245705428,55,14.999999999997227,1.0
14.420000000060599,-0.1664984504484729,0.0,0.0,2932.2891125656906,51,14.999999999997227,1.0
14.44000000006073,-0.21965931573162312,0.0,0.0,2795.9762868588246,50,14.999999999997227,1.0
14.46000000006086,-0.262269853143941,0.0,0.0,3028.033635291001,49,14.999999999997227,1.0
14.480000000060992,-0.3048115272307846,0.0,0.0,3366.4048683403003,50,14.999999999997227,1.0
14.500000000061123,-0.3428812268238394,0.0,0.0,3063.0715433967694,48,14.999999999997227,1.0
14.520000000061254,-0.3654428882896503,0.0,0.0,3540.7319115850137,54,14.999999999997227,1.0
14.540000000061385,-0.37316120163235705,0.0,0.0,3614.2119268797755,50,14.999999999997227,1.0
14.560000000061516,-0.36720443468274333,0.0,0.0,2751.477421932849,51,14.999999999997227,1.0
14.580000000061647,-0.367122236608128,0.0,0.0,1455.1688362373675,48,14.999999999997227,1.0
14.600000000061778,-0.37121954488449654,0.0,0.0,1861.090159089851,49,14.999999999997227,1.0
14.620000000061909,-0.3786213731587764,0.0,0.0,2336.9826495701304,54,14.999999999997227,1.0
14.64000000006204,-0.3907475366191798,0.0,0.0,2456.208902603028,53,14.999999999997227,1.0
14.66000000006217,-0.3953479748704053,0.0,0.0,1844.9574252261586,54,14.999999999997227,1.0
14.680000000062302,-0.39236590537329097,0.0,0.0,1621.6218837943532,52,14.999999999997227,1.0
14.700000000062433,-0.3896289979077905,0.0,0.0,2085.018107659809,54,14.999999999997227,1.0
14.720000000062564,-0.3740991665903362,0.0,0.0,3521.2950006185174,53,14.999999999997227,1.0
14.740000000062695,-0.34059521390026976,0.0,0.0,4190.509911719088,55,14.999999999997227,1.0
14.760000000062826,-0.29595596998593066,0.0,0.0,5091.157582754292,58,14.999999999997227,1.0
14.780000000062957,-0.2584895948516812,0.0,0.0,4376.79540488602,54,14.999999999997227,1.0
14.800000000063088,-0.2271578900974948,0.0,0.0,3794.600929043303,52,14.999999999997227,1.0
14.820000000063219,-0.20411764763284984,0.0,0.0,3608.850876129313,52,14.999999999997227,1.0
14.84000000006335,-0.19338959402372702,0.0,0.0,3714.280612314481,52,14.999999999997227,1.0
14.860000000063481,-0.19449291792686382,0.0,0.0,3184.806982651394,50,14.999999999997227,1.0
14.880000000063612,-0.20622782230995812,0.0,0.0,2161.237343234856,51,14.999999999997227,1.0
14.900000000063743,-0.2354349863306074,0.0,0.0,2752.058475349916,51,14.999999999997227,1.0
14.920000000063874,-0.27463719791762076,0.0,0.0,3112.650089669626,52,14.999999999997227,1.0
14.940000000064005,-0.30936826839360704,0.0,0.0,2738.1191374484283,51,14.999999999997227,1.0
14.960000000064136,-0.3321240775258099,0.0,0.0,2838.2189770684154,53,14.999999999997227,1.0
14.980000000064267,-0.34541189590619764,0.0,0.0,2295.290585787186,51,14.999999999997227,1.0
15.000000000064398,-0.35807867385455544,0.0,0.0,1581.3121315137855,50,14.999999999997227,1.0
15.02000000006453,-0.379035952419499,0.0,0.0,2225.4622852741577,50,14.999999999997227,1.0
15.04000000006466,-0.40510915140703224,0.0,0.0,2482.090492279364,50,14.999999999997227,1.0
15.060000000064791,-0.4254498773945921,0.0,0.0,2294.445046307057,50,14.999999999997227,1.0
15.080000000064922,-0.44319216680432716,0.0,0.0,2140.726230489809,48,14.999999999997227,1.0
15.100000000065053,-0.4620455068171944,0.0,0.0,2154.956246906138,48,14.999999999997227,1.0
15.120000000065184,-0.4866111283136573,0.0,0.0,2698.9979771003054,52,14.999999999997227,1.0
15.140000000065315,-0.5128307788126117,0.0,0.0,2641.6930762816073,49,14.999999999997227,1.0
15.160000000065446,-0.5210702992394997,0.0,0.0,2530.852618892072,53,14.999999999997227,1.0
15.180000000065577,-0.5073075657993482,0.0,0.0,2273.2467495727064,52,14.999999999997227,1.0
15.200000000065709,-0.48327334550261275,0.0,0.0,2335.8859775298024,51,14.999999999997227,1.0
15.22000000006584,-0.45374518147974724,0.0,0.0,2611.609657730575,53,14.999999999997227,1.0
15.24000000006597,-0.42222282085848706,0.0,0.0,3477.7384098206776,53,14.999999999997227,1.0
15.260000000066102,-0.3854751700994309,0.0,0.0,3574.3128852270984,54,14.999999999997227,1.0
15.280000000066233,-0.35333611361490813,0.0,0.0,3104.3875324864675,52,14.999999999997227,1.0
15.300000000066364,-0.3341458418916521,0.0,0.0,2245.6896684087433,51,14.999999999997227,1.0
15.320000000066495,-0.32801743084656276,0.0,0.0,1840.2175719747913,52,14.999999999997227,1.0
15.340000000066626,-0.34684579151716743,0.0,0.0,2193.94718065637,51,14.999999999997227,1.0
15.360000000066757,-0.3718729717676117,0.0,0.0,2769.035240541169,51,14.999999999997227,1.0
15.380000000066888,-0.3990807774213804,0.0,0.0,2814.7693275804745,49,14.999999999997227,1.0
15.400000000067019,-0.4241501079723548,0.0,0.0,2659.1304179083877,51,14.999999999997227,1.0
15.42000000006715,-0.4496610329429368,0.0,0.0,2599.805926232581,52,14.999999999997227,1.0
15.44000000006728,-0.4713079007101399,0.0,0.0,2501.586185493071,51,14.999999999997227,1.0
15.460000000067412,-0.481979295719216,0.0,0.0,2335.941838901174,50,14.999999999997227,1.0
15.480000000067543,-0.4826765461957369,0.0,0.0,1861.5923495248326,48,14.999999999997227,1.0
15.500000000067674,-0.47748047780596037,0.0,0.0,1304.6327627090538,46,14.999999999997227,1.0
15.520000000067805,-0.47147490099217104,0.0,0.0,1389.2305940387412,47,14.999999999997227,1.0
15.540000000067936,-0.4776857485938818,0.0,0.0,1528.1110313113295,52,14.999999999997227,1.0
15.560000000068067,-0.4941681906670572,0.0,0.0,1619.7784533556242,51,14.999999999997227,1.0
15.580000000068198,-0.5107988198401091,0.0,0.0,1706.861824352077,46,14.999999999997227,1.0
15.600000000068329,-0.5250944957635045,0.0,0.0,1691.8483534008435,47,14.999999999997227,1.0
15.62000000006846,-0.5390195791345336,0.0,0.0,1767.5942712818896,50,14.999999999997227,1.0
15.640000000068591,-0.5492849693308776,0.0,0.0,2410.9354605730514,51,14.999999999997227,1.0
15.660000000068722,-0.5421529572155687,0.0,0.0,2624.2893265654893,50,14.999999999997227,1.0
15.680000000068853,-0.5191952408251226,0.0,0.0,2323.6841263234137,50,14.999999999997227,1.0
15.700000000068984,-0.4891721521700671,0.0,0.0,2034.203479217718,47,14.999999999997227,1.0
15.720000000069115,-0.45760360144001455,0.0,0.0,1943.9388217339701,47,14.999999999997227,1.0
15.740000000069246,-0.4340823711896223,0.0,0.0,2172.670550559134,48,14.999999999997227,1.0
15.760000000069377,-0.4270928372154275,0.0,0.0,2230.423380450559,51,14.999999999997227,1.0
15.780000000069508,-0.42339240674527645,0.0,0.0,1771.5420300057262,47,14.999999999997227,1.0
15.80000000006964,-0.4215835783606367,0.0,0.0,1436.6897597055083,48,14.999999999997227,1.0
15.82000000006977,-0.4257632139226038,0.0,0.0,1312.6856906654634,51,14.999999999997227,1.0
15.840000000069901,-0.4369376476440719,0.0,0.0,1468.076233703081,52,14.999999999997227,1.0
15.860000000070032,-0.44975739026777806,0.0,0.0,1793.1616098626803,52,14.999999999997227,1.0
15.880000000070163,-0.45921408752589954,0.0,0.0,1669.6995624049987,54,14.999999999997227,1.0
15.900000000070294,-0.46266266854439325,0.0,0.0,1564.0988527636064,51,14.999999999997227,1.0
15.920000000070425,-0.4596732691592139,0.0,0.0,1585.0571358866646,50,14.999999999997227,1.0
15.940000000070556,-0.45419407879644463,0.0,0.0,1888.1660930781122,50,14.999999999997227,1.0
15.960000000070687,-0.44541753124462513,0.0,0.0,2066.648511672723,51,14.999999999997227,1.0
15.980000000070818,-0.43254082455986653,0.0,0.0,1779.5122981461018,46,14.999999999997227,1.0
16.000000000070948,-0.4186673875798669,0.0,0.0,1915.4525884774412,45,14.999999999997227,1.0
16.02000000007019,-0.40206006704947805,0.0,0.0,1743.8837337440077,50,14.999999999997227,1.0
16.040000000069433,-0.3905184619691448,0.0,0.0,1719.8999891481803,51,14.999999999997227,1.0
16.060000000068676,-0.3921707005690145,0.0,0.0,1771.716924487128,50,14.999999999997227,1.0
16.08000000006792,-0.3961076427567275,0.0,0.0,1829.1609989663239,52,14.999999999997227,1.0
16.100000000067162,-0.3950986600516875,0.0,0.0,1837.0191077980378,50,14.999999999997227,1.0
16.120000000066405,-0.38706846080600743,0.0,0.0,2062.2799801459387,50,14.999999999997227,1.0
16.140000000065648,-0.3755597565215511,0.0,0.0,2464.62205580302,51,14.999999999997227,1.0
16.16000000006489,-0.3593638859701076,0.0,0.0,3004.128499982509,52,14.999999999997227,1.0
16.180000000064133,-0.33362815469479923,0.0,0.0,3324.7422090288946,49,14.999999999997227,1.0
16.200000000063376,-0.3059990586439849,0.0,0.0,3097.2290960977803,48,14.999999999997227,1.0
16.22000000006262,-0.2784384372084176,0.0,0.0,2903.3314036861675,44,14.999999999997227,1.0
16.240000000061862,-0.2476130394639571,0.0,0.0,3026.2775825366894,52,14.999999999997227,1.0
16.260000000061105,-0.22431314936380936,0.0,0.0,3207.7850125014593,49,14.999999999997227,1.0
16.280000000060348,-0.2097771438027605,0.0,0.0,3189.625983493153,51,14.999999999997227,1.0
16.30000000005959,-0.20456156418098997,0.0,0.0,3002.294071062918,49,14.999999999997227,1.0
16.320000000058833,-0.20069865636886283,0.0,0.0,2768.7272488596254,51,14.999999999997227,1.0
16.340000000058076,-0.1997290138489215,0.0,0.0,2754.089854390766,52,14.999999999997227,1.0
16.36000000005732,-0.20227676986753307,0.0,0.0,2884.7838711580716,53,14.999999999997227,1.0
16.38000000005656,-0.20064003446439163,0.0,0.0,2968.341109499286,53,14.999999999997227,1.0
16.400000000055805,-0.19299916117793847,0.0,0.0,3104.8672000206698,50,14.999999999997227,1.0
16.420000000055047,-0.17976383049950137,0.0,0.0,3058.0713225495306,50,14.999999999997227,1.0
16.44000000005429,-0.1612042965211762,0.0,0.0,3070.697879007315,51,14.999999999997227,1.0
16.460000000053533,-0.14886710819875693,0.0,0.0,3078.5918130252453,50,14.999999999997227,1.0
16.480000000052776,-0.14551000862619576,0.0,0.0,2977.712684191696,47,14.999999999997227,1.0
16.50000000005202,-0.1456434382564962,0.0,0.0,2739.5389515670636,48,14.999999999997227,1.0
16.52000000005126,-0.14617937923389868,0.0,0.0,2379.49637908509,54,14.999999999997227,1.0
16.540000000050505,-0.14657374102633955,0.0,0.0,2409.3044948311554,52,14.999999999997227,1.0
16.560000000049747,-0.15347863170967244,0.0,0.0,2568.123466355235,53,14.999999999997227,1.0
16.58000000004899,-0.1599334122505515,0.0,0.0,2732.6279043401055,53,14.999999999997227,1.0
16.600000000048233,-0.15032149319762053,0.0,0.0,2893.788796982266,51,14.999999999997227,1.0
16.620000000047476,-0.13430362039412747,0.0,0.0,2980.1257785234534,50,14.999999999997227,1.0
16.64000000004672,-0.11516390134506628,0.0,0.0,3041.4777518053215,50,14.999999999997227,1.0
16.66000000004596,-0.10571137523915074,0.0,0.0,3058.9534879822995,50,14.999999999997227,1.0
16.680000000045204,-0.10268667229296245,0.0,0.0,2940.7071231570526,50,14.999999999997227,1.0
16.700000000044447,-0.10289398335913957,0.0,0.0,2648.308005133668,51,14.999999999997227,1.0
16.72000000004369,-0.10444285607131411,0.0,0.0,2110.6764558955815,49,14.999999999997227,1.0
16.740000000042933,-0.11117008652930854,0.0,0.0,2040.7052930483069,51,14.999999999997227,1.0
16.760000000042176,-0.12820793541163225,0.0,0.0,2069.2096262678624,51,14.999999999997227,1.0
16.78000000004142,-0.1496389441129752,0.0,0.0,2141.278526210949,50,14.999999999997227,1.0
16.80000000004066,-0.1703379340460479,0.0,0.0,2250.0868369973055,50,14.999999999997227,1.0
16.820000000039904,-0.18416456689410052,0.0,0.0,2324.2802028238398,52,14.999999999997227,1.0
16.840000000039147,-0.18718335143851045,0.0,0.0,2607.8535576215854,49,14.999999999997227,1.0
16.86000000003839,-0.17786911822665458,0.0,0.0,2926.7298099493473,48,14.999999999997227,1.0
16.880000000037633,-0.1625919822719448,0.0,0.0,3176.739347859213,48,14.999999999997227,1.0
16.900000000036876,-0.14719993086914346,0.0,0.0,3137.3535553292163,48,14.999999999997227,1.0
16.92000000003612,-0.1345937496014456,0.0,0.0,2716.0721003657254,48,14.999999999997227,1.0
16.94000000003536,-0.11648934927757366,0.0,0.0,2479.6906435559144,51,14.999999999997227,1.0
16.960000000034604,-0.10373723832668696,0.0,0.0,2807.4732473638974,48,14.999999999997227,1.0
16.980000000033847,-0.1042309988777039,0.0,0.0,2959.2118173107465,47,14.999999999997227,1.0
17.00000000003309,-0.11156305060634317,0.0,0.0,2866.387512247531,49,14.999999999997227,1.0
17.020000000032333,-0.1148435454211951,0.0,0.0,2762.080745405556,50,14.999999999997227,1.0
17.040000000031576,-0.11786723754064943,0.0,0.0,2752.229067612037,49,14.999999999997227,1.0
17.06000000003082,-0.12150069674089825,0.0,0.0,2792.6489677477603,49,14.999999999997227,1.0
17.08000000003006,-0.12654457540498223,0.0,0.0,2763.6312401870714,50,14.999999999997227,1.0
17.100000000029304,-0.128770087061665,0.0,0.0,2821.6579129752604,49,14.999999999997227,1.0
17.120000000028547,-0.12772582038897845,0.0,0.0,2637.3858670883287,52,14.999999999997227,1.0
17.14000000002779,-0.12487037757218791,0.0,0.0,2241.835590068822,54,14.999999999997227,1.0
17.160000000027033,-0.1265183588267856,0.0,0.0,2225.3495250373558,52,14.999999999997227,1.0
17.180000000026276,-0.13907882197389437,0.0,0.0,2305.4778856774687,51,14.999999999997227,1.0
17.20000000002552,-0.14586393980528053,0.0,0.0,2148.071167564433,49,14.999999999997227,1.0
17.22000000002476,-0.14766051657197765,0.0,0.0,2135.156828326586,47,14.999999999997227,1.0
17.240000000024004,-0.14550062151014584,0.0,0.0,2084.428326394625,50,14.999999999997227,1.0
17.260000000023247,-0.15060943758349302,0.0,0.0,2383.293685079452,51,14.999999999997227,1.0
17.28000000002249,-0.15517936175055316,0.0,0.0,2914.21882368748,50,14.999999999997227,1.0
17.300000000021733,-0.15105145613785215,0.0,0.0,3309.3150360283435,50,14.999999999997227,1.0
17.320000000020976,-0.1390272546246103,0.0,0.0,3585.2878614591627,48,14.999999999997227,1.0
17.34000000002022,-0.1216266871389721,0.0,0.0,3726.3027345896244,48,14.999999999997227,1.0
17.36000000001946,-0.0997993144883497,0.0,0.0,3833.362591149546,48,14.999999999997227,1.0
17.380000000018704,-0.08502404453670447,0.0,0.0,3759.422394246275,48,14.999999999997227,1.0
17.400000000017947,-0.07947450767932414,0.0,0.0,3538.717927845752,47,14.999999999997227,1.0
17.42000000001719,-0.0785510936752108,0.0,0.0,2866.9795078616735,47,14.999999999997227,1.0
17.440000000016433,-0.07946553520756774,0.0,0.0,2458.746399035095,49,14.999999999997227,1.0
17.460000000015675,-0.08899265386661788,0.0,0.0,2432.13460162223,50,14.999999999997227,1.0
17.48000000001492,-0.10778902709053813,0.0,0.0,2419.3901994805624,51,14.999999999997227,1.0
17.50000000001416,-0.130557739948804,0.0,0.0,2383.5353046701284,50,14.999999999997227,1.0
17.520000000013404,-0.15184103240284783,0.0,0.0,2339.6347929231088,50,14.999999999997227,1.0
17.540000000012647,-0.17105718399100212,0.0,0.0,2303.7088924077484,51,14.999999999997227,1.0
17.56000000001189,-0.18685369907176902,0.0,0.0,2341.3495742959085,51,14.999999999997227,1.0
17.580000000011132,-0.19123588930820098,0.0,0.0,2387.037586152823,51,14.999999999997227,1.0
17.600000000010375,-0.18975119164656817,0.0,0.0,2207.076881187946,49,14.999999999997227,1.0
17.620000000009618,-0.18107422523926667,0.0,0.0,2218.1697773697974,49,14.999999999997227,1.0
17.64000000000886,-0.1695984556400753,0.0,0.0,2133.0077813212047,48,14.999999999997227,1.0
17.660000000008104,-0.1642496550159286,0.0,0.0,2131.4792622228947,50,14.999999999997227,1.0
17.680000000007347,-0.16064181223511495,0.0,0.0,2250.9504841740613,48,14.999999999997227,1.0
17.70000000000659,-0.15620108429369176,0.0,0.0,2469.6772223591047,50,14.999999999997227,1.0
17.720000000005832,-0.149026070224799,0.0,0.0,2765.773567752818,51,14.999999999997227,1.0
17.740000000005075,-0.13915032783189582,0.0,0.0,3118.634360640656,52,14.999999999997227,1.0
17.760000000004318,-0.12791000624585963,0.0,0.0,3457.1830802717714,52,14.999999999997227,1.0
17.78000000000356,-0.11313254786907717,0.0,0.0,3660.0057713937304,50,14.999999999997227,1.0
17.800000000002804,-0.09694122293215285,0.0,0.0,3708.5478038702277,50,14.999999999997227,1.0
17.820000000002047,-0.08340913188520392,0.0,0.0,3814.3819243679036,48,14.999999999997227,1.0
17.84000000000129,-0.07998531721269161,0.0,0.0,3629.0970250684545,48,14.999999999997227,1.0
17.860000000000532,-0.08456603022881987,0.0,0.0,3278.7292384017064,48,14.999999999997227,1.0
17.879999999999775,-0.0947795710062927,0.0,0.0,2934.427363626048,50,14.999999999997227,1.0
17.899999999999018,-0.11275042774923416,0.0,0.0,2696.686917359037,52,14.999999999997227,1.0
17.91999999999826,-0.13157714062587908,0.0,0.0,2536.361275700693,52,14.999999999997227,1.0
17.939999999997504,-0.148104682525882,0.0,0.0,2389.12413551893,50,14.999999999997227,1.0
17.959999999996747,-0.16066618486122952,0.0,0.0,2315.0546729931443,51,14.999999999997227,1.0
17.97999999999599,-0.1738546819290321,0.0,0.0,2299.739388195347,52,14.999999999997227,1.0
17.999999999995232,-0.19190439839964746,0.0,0.0,2274.9548794151806,51,14.999999999997227,1.0
18.019999999994475,-0.20908768415860884,0.0,0.0,2266.707885000367,51,14.999999999997227,1.0
18.039999999993718,-0.22233297999429358,0.0,0.0,2232.7625021078834,50,14.999999999997227,1.0
18.05999999999296,-0.2288415997895904,0.0,0.0,2159.131542444855,49,14.999999999997227,1.0
18.079999999992204,-0.22736959560464087,0.0,0.0,2160.17617308091,52,14.999999999997227,1.0
18.099999999991446,-0.21511566506171287,0.0,0.0,2504.5043706997703,52,14.999999999997227,1.0
18.11999999999069,-0.19249476708747737,0.0,0.0,2948.753159517505,49,14.999999999997227,1.0
18.139999999989932,-0.16707237000673075,0.0,0.0,3443.376318160095,49,14.999999999997227,1.0
18.159999999989175,-0.1406161295422555,0.0,0.0,3865.9514640473553,55,14.999999999997227,1.0
18.179999999988418,-0.12031527066766483,0.0,0.0,4352.924018557717,54,14.999999999997227,1.0
18.19999999998766,-0.10339354942844015,0.0,0.0,4612.601708017106,51,14.999999999997227,1.0
18.219999999986904,-0.09022713642224436,0.0,0.0,4465.262635661061,52,14.999999999997227,1.0
18.239999999986146,-0.08637336295512234,0.0,0.0,3967.918274688223,51,14.999999999997227,1.0
18.25999999998539,-0.09429547742184483,0.0,0.0,3277.068924463637,49,14.999999999997227,1.0
18.279999999984632,-0.11079435534709638,0.0,0.0,2752.912127496836,50,14.999999999997227,1.0
18.299999999983875,-0.13629758858832625,0.0,0.0,2389.5884755331567,53,14.999999999997227,1.0
18.319999999983118,-0.1599666404949063,0.0,0.0,2311.0948886957967,53,14.999999999997227,1.0
18.33999999998236,-0.18322943798314717,0.0,0.0,2366.4515956171726,53,14.999999999997227,1.0
18.359999999981603,-0.20604837239307966,0.0,0.0,2364.585038381778,54,14.999999999997227,1.0
18.379999999980846,-0.22744194759155015,0.0,0.0,2259.963596799868,53,14.999999999997227,1.0
18.39999999998009,-0.24585172028712804,0.0,0.0,2151.2169915095656,52,14.999999999997227,1.0
18.419999999979332,-0.2574463476199342,0.0,0.0,2132.9736711470855,51,14.999999999997227,1.0
18.439999999978575,-0.2597969574907127,0.0,0.0,2140.721880885126,48,14.999999999997227,1.0
18.459999999977818,-0.2549266022547796,0.0,0.0,2056.95436209331,49,14.999999999997227,1.0
18.47999999997706,-0.2439886574985361,0.0,0.0,2117.4277775656483,52,14.999999999997227,1.0
18.499999999976303,-0.22569464833443734,0.0,0.0,2647.149021147257,51,14.999999999997227,1.0
18.519999999975546,-0.19763489722307534,0.0,0.0,3355.9096799781987,49,14.999999999997227,1.0
18.53999999997479,-0.16543027868758892,0.0,0.0,4150.731921441922,53,14.999999999997227,1.0
18.559999999974032,-0.13206974684225375,0.0,0.0,4959.940569770555,55,14.999999999997227,1.0
18.579999999973275,-0.09868145785767887,0.0,0.0,5834.687088637281,53,14.999999999997227,1.0
18.599999999972518,-0.06700948985792592,0.0,0.0,6404.757497801262,51,14.999999999997227,1.0
18.61999999997176,-0.0401655682499367,0.0,0.0,6522.689695488096,49,14.999999999997227,1.0
18.639999999971003,-0.020531218277288505,0.0,0.0,6027.7915673580665,45,14.999999999997227,1.0
18.659999999970246,-0.014886059689708325,0.0,0.0,4567.290112180177,47,14.999999999997227,1.0
18.67999999996949,-0.035154741803432525,0.0,0.0,3031.551501382608,47,14.999999999997227,1.0
18.699999999968732,-0.06740135674591655,0.0,0.0,3644.7493966170273,55,14.999999999997227,1.0
18.719999999967975,-0.1045496819148953,0.0,0.0,3331.1918012839833,56,14.999999999997227,1.0
18.739999999967218,-0.14050897327095196,0.0,0.0,3239.9555406171394,55,14.999999999997227,1.0
18.75999999996646,-0.1790557614124794,0.0,0.0,3233.6519489790007,56,14.999999999997227,1.0
18.779999999965703,-0.217444810578285,0.0,0.0,3148.7999782536026,54,14.999999999997227,1.0
18.799999999964946,-0.2533426556328845,0.0,0.0,3019.5616332566615,51,14.999999999997227,1.0
18.81999999996419,-0.2842661269143838,0.0,0.0,2911.6207616643355,51,14.999999999997227,1.0
18.83999999996343,-0.3113973583046537,0.0,0.0,2940.373741003528,49,14.999999999997227,1.0
18.859999999962675,-0.33601956079847883,0.0,0.0,2987.895352316611,46,14.999999999997227,1.0
18.879999999961917,-0.35607247083951893,0.0,0.0,2957.980666427901,46,14.999999999997227,1.0
18.89999999996116,-0.3678710585206865,0.0,0.0,2716.4899177674347,44,14.999999999997227,1.0
18.919999999960403,-0.37035517626702913,0.0,0.0,2379.33671975155,45,14.999999999997227,1.0
18.939999999959646,-0.35105595879657153,0.0,0.0,1609.13055996905,50,14.999999999997227,1.0
18.95999999995889,-0.3232805398319187,0.0,0.0,2426.048287285391,50,14.999999999997227,1.0
18.97999999995813,-0.2954166395927819,0.0,0.0,3156.3703276873193,52,14.999999999997227,1.0
18.999999999957375,-0.25755204791244496,0.0,0.0,4460.387972303034,51,14.999999999997227,1.0
19.019999999956617,-0.21275376745455474,0.0,0.0,5975.377220625887,52,14.999999999997227,1.0
19.03999999995586,-0.16686381831751854,0.0,0.0,7504.729409942907,51,14.999999999997227,1.0
19.059999999955103,-0.12087682464999701,0.0,0.0,9024.347874180394,49,14.999999999997227,1.0
19.079999999954346,-0.0822350969855994,0.0,0.0,9862.106862880953,44,14.999999999997227,1.0
19.09999999995359,-0.04752328306807186,0.0,0.0,9942.532853220759,44,14.999999999997227,1.0
19.11999999995283,-0.020324722200691175,0.0,0.0,8827.434861720416,44,14.999999999997227,1.0
19.139999999952074,-0.0006138016013514509,0.0,0.0,6631.636144968762,44,14.999999999997227,1.0
19.159999999951317,0.012298043409527712,0.0,0.0,3648.89526526743,47,14.999999999997227,1.0
19.17999999995056,0.016490427710134713,0.0,0.0,1847.0584349721867,54,14.999999999997227,1.0
19.199999999949803,-0.035839357892492964,0.0,0.0,2512.1281881408636,55,14.999999999997227,1.0
19.219999999949046,-0.07756811062336898,0.0,0.0,2585.9988881471495,55,14.999999999997227,1.0
19.23999999994829,-0.1207788541531267,0.0,0.0,3043.885823397899,56,14.999999999997227,1.0
19.25999999994753,-0.1666619641978041,0.0,0.0,3200.7927094883344,55,14.999999999997227,1.0
19.279999999946774,-0.2079503026783169,0.0,0.0,3003.163779943645,53,14.999999999997227,1.0
19.299999999946017,-0.24304603990845933,0.0,0.0,2661.9722117651054,52,14.999999999997227,1.0
19.31999999994526,-0.27447791011868156,0.0,0.0,2229.7922308301445,53,14.999999999997227,1.0
19.339999999944503,-0.3025918093656495,0.0,0.0,1945.7166230524597,54,14.999999999997227,1.0
19.359999999943746,-0.32551111772669905,0.0,0.0,1829.0484578941853,54,14.999999999997227,1.0
19.37999999994299,-0.34302973476712995,0.0,0.0,1687.6378807990445,54,14.999999999997227,1.0
19.39999999994223,-0.3513709155488457,0.0,0.0,1453.7018519982853,57,14.999999999997227,1.0
19.419999999941474,-0.34808380871721173,0.0,0.0,1810.8869420052133,55,14.999999999997227,1.0
19.439999999940717,-0.32822446065707284,0.0,0.0,2738.2613859555904,56,14.999999999997227,1.0
19.45999999993996,-0.30717192922266906,0.0,0.0,2746.448059695713,56,14.999999999997227,1.0
19.479999999939203,-0.28663435760649686,0.0,0.0,2993.303695694961,57,14.999999999997227,1.0
19.499999999938446,-0.2653047975721724,0.0,0.0,3247.7375872843863,56,14.999999999997227,1.0
19.51999999993769,-0.23612394872449488,0.0,0.0,3306.0003372001797,57,14.999999999997227,1.0
19.53999999993693,-0.2012603332020433,0.0,0.0,2967.248754063489,58,14.999999999997227,1.0
19.559999999936174,-0.16324953244629073,0.0,0.0,2742.2759094376506,58,14.999999999997227,1.0
19.579999999935417,-0.12474541929223656,0.0,0.0,2476.7450500506297,58,14.999999999997227,1.0
19.59999999993466,-0.08863351115329184,0.0,0.0,2442.2241439540785,58,14.999999999997227,1.0
19.619999999933903,-0.05651955369112478,0.0,0.0,2447.8465035937706,58,14.999999999997227,1.0
19.639999999933146,-0.031883415930687865,0.0,0.0,2609.546910624964,57,14.999999999997227,1.0
19.65999999993239,-0.015149223709415412,0.0,0.0,2858.676417913338,57,14.999999999997227,1.0
19.67999999993163,-0.0028590400927702977,0.0,0.0,2961.967435462004,55,14.999999999997227,1.0
19.699999999930874,-0.000935013447355143,0.0,0.0,2681.9184008633724,58,14.999999999997227,1.0
19.719999999930117,-0.03963608287681952,0.0,0.0,1828.8096895719227,59,14.999999999997227,1.0
19.73999999992936,-0.082907877952026,0.0,0.0,2205.3658847444776,59,14.999999999997227,1.0
19.759999999928603,-0.12515471359018612,0.0,0.0,2520.440228943722,60,14.999999999997227,1.0
19.779999999927846,-0.16886165658475794,0.0,0.0,2699.7141344206407,60,14.999999999997227,1.0
19.79999999992709,-0.2099177986810484,0.0,0.0,2635.333375844079,59,14.999999999997227,1.0
19.81999999992633,-0.24645166993962742,0.0,0.0,2451.628831341093,58,14.999999999997227,1.0
19.839999999925574,-0.27941037073527636,0.0,0.0,2317.778933145893,57,14.999999999997227,1.0
19.859999999924817,-0.3091189233689158,0.0,0.0,2255.3652663433872,58,14.999999999997227,1.0
19.87999999992406,-0.336490253642423,0.0,0.0,2182.0786924383883,58,14.999999999997227,1.0
19.899999999923303,-0.3590394481614835,0.0,0.0,2015.0354776174304,56,14.999999999997227,1.0
19.919999999922545,-0.3725055965765905,0.0,0.0,1811.220323005671,56,14.999999999997227,1.0
19.93999999992179,-0.37586479139211215,0.0,0.0,1621.6063990847947,58,14.999999999997227,1.0
19.95999999992103,-0.36702746691541066,0.0,0.0,1707.645659974908,58,14.999999999997227,1.0
19.979999999920274,-0.3512215966314616,0.0,0.0,1231.3022485760478,58,14.999999999997227,1.0
19.999999999919517,-0.33245618643511193,0.0,0.0,1423.1091511166676,57,14.999999999997227,1.0
20.01999999991876,-0.30360881230857223,0.0,0.0,1621.865178978946,58,14.999999999997227,1.0
20.039999999918003,-0.2597557063572523,0.0,0.0,1784.3769777822304,59,14.999999999997227,1.0
20.059999999917245,-0.215374014797528,0.0,0.0,1856.1689879881649,58,14.999999999997227,1.0
20.079999999916488,-0.17198403190877806,0.0,0.0,1827.1539100710706,60,14.999999999997227,1.0
20.09999999991573,-0.1323210674408864,0.0,0.0,1761.5547042845678,59,14.999999999997227,1.0
20.119999999914974,-0.09788398164608558,0.0,0.0,1718.6621039626853,57,14.999999999997227,1.0
20.139999999914217,-0.07113254651006085,0.0,0.0,1625.6946342019698,57,14.999999999997227,1.0
20.15999999991346,-0.05182723905207037,0.0,0.0,1504.0143224506894,58,14.999999999997227,1.0
20.179999999912702,-0.04041833641858482,0.0,0.0,1489.9297776828023,59,14.999999999997227,1.0
20.199999999911945,-0.0509602482573473,0.0,0.0,1506.2552684794653,59,14.999999999997227,1.0
20.219999999911188,-0.0912968019423534,0.0,0.0,1859.5282021825353,59,14.999999999997227,1.0
20.23999999991043,-0.1311394370020967,0.0,0.0,2200.3364667654946,59,14.999999999997227,1.0
20.259999999909674,-0.17357166074242822,0.0,0.0,2579.603287078929,59,14.999999999997227,1.0
20.279999999908917,-0.21527400490595092,0.0,0.0,2695.7148522562707,56,14.999999999997227,1.0
20.29999999990816,-0.25268714951085613,0.0,0.0,2593.988364236415,55,14.999999999997227,1.0
20.319999999907402,-0.28683401833186534,0.0,0.0,2394.8084668237593,56,14.999999999997227,1.0
20.339999999906645,-0.3179474109596717,0.0,0.0,2224.962032207421,55,14.999999999997227,1.0
20.359999999905888,-0.3455013542397015,0.0,0.0,2295.014427345244,58,14.999999999997227,1.0
20.37999999990513,-0.36873579223660136,0.0,0.0,1782.255589478604,55,14.999999999997227,1.0
20.399999999904374,-0.37903197514054277,0.0,0.0,1577.029958114542,56,14.999999999997227,1.0
20.419999999903617,-0.376375607885821,0.0,0.0,2656.9765340209647,55,14.999999999997227,1.0
20.43999999990286,-0.3650456121667227,0.0,0.0,2977.963293626311,57,14.999999999997227,1.0
20.459999999902102,-0.3472525863623276,0.0,0.0,3119.5611770345463,54,14.999999999997227,1.0
20.479999999901345,-0.31149156962458796,0.0,0.0,2128.098823831833,54,14.999999999997227,1.0
20.499999999900588,-0.2712247117603415,0.0,0.0,1890.1310072958802,55,14.999999999997227,1.0
20.51999999989983,-0.22936209970804122,0.0,0.0,1992.5557996987013,55,14.999999999997227,1.0
20.539999999899074,-0.18980952002765022,0.0,0.0,2053.473797692327,55,14.999999999997227,1.0
20.559999999898317,-0.15301656783255263,0.0,0.0,2035.2360362654442,54,14.999999999997227,1.0
20.57999999989756,-0.12119742471432796,0.0,0.0,2190.798505931868,54,14.999999999997227,1.0
20.599999999896802,-0.09623455005911867,0.0,0.0,2592.910666318644,54,14.999999999997227,1.0
20.619999999896045,-0.08123480300508747,0.0,0.0,3073.738710561685,53,14.999999999997227,1.0
20.639999999895288,-0.08248551707615567,0.0,0.0,1934.3031090787995,54,14.999999999997227,1.0
20.65999999989453,-0.11284428656836425,0.0,0.0,1503.5876384870626,55,14.999999999997227,1.0
20.679999999893774,-0.1487274405813335,0.0,0.0,1917.9695076866074,55,14.999999999997227,1.0
20.699999999893016,-0.1883802019211528,0.0,0.0,2429.304153561087,55,14.999999999997227,1.0
20.71999999989226,-0.2285748808099751,0.0,0.0,2566.920266035339,55,14.999999999997227,1.0
20.739999999891502,-0.2658903331193031,0.0,0.0,2528.1349219506487,53,14.999999999997227,1.0
20.759999999890745,-0.30010809739348016,0.0,0.0,2482.628162669026,55,14.999999999997227,1.0
20.779999999889988,-0.3300395614983941,0.0,0.0,3001.520267988698,54,14.999999999997227,1.0
20.79999999988923,-0.3562879028785174,0.0,0.0,2298.6916617144257,54,14.999999999997227,1.0
20.819999999888473,-0.3754668533536373,0.0,0.0,1861.319953625364,56,14.999999999997227,1.0
20.839999999887716,-0.38083399876145607,0.0,0.0,1953.6302156792854,56,14.999999999997227,1.0
20.85999999988696,-0.37344753719317214,0.0,0.0,1215.0933131940403,55,14.999999999997227,1.0
20.879999999886202,-0.35718047691800686,0.0,0.0,1260.02307427224,54,14.999999999997227,1.0
20.899999999885445,-0.31937645745741333,0.0,0.0,1983.8792759370906,54,14.999999999997227,1.0
20.919999999884688,-0.2785405085775015,0.0,0.0,1819.6978956803548,55,14.999999999997227,1.0
20.93999999988393,-0.23893264384294527,0.0,0.0,1776.05909794451,55,14.999999999997227,1.0
20.959999999883173,-0.20191653499787685,0.0,0.0,1632.792456854075,55,14.999999999997227,1.0
20.979999999882416,-0.16900108029403457,0.0,0.0,1595.4967583203083,56,14.999999999997227,1.0
20.99999999988166,-0.14204324363765122,0.0,0.0,1580.711608136567,56,14.999999999997227,1.0
21.019999999880902,-0.12454296441423474,0.0,0.0,1588.017209625521,55,14.999999999997227,1.0
21.039999999880145,-0.11861410562237486,0.0,0.0,1599.3324984465296,57,14.999999999997227,1.0
21.059999999879388,-0.1338358574306817,0.0,0.0,2156.4773354707972,57,14.999999999997227,1.0
21.07999999987863,-0.16040350795532227,0.0,0.0,2352.644625497152,58,14.999999999997227,1.0
21.099999999877873,-0.1910443017823997,0.0,0.0,2889.760946758819,58,14.999999999997227,1.0
21.119999999877116,-0.22466259821370999,0.0,0.0,2966.0432168873986,58,14.999999999997227,1.0
21.13999999987636,-0.25768521565127955,0.0,0.0,2959.7240822946596,56,14.999999999997227,1.0
21.159999999875602,-0.28847252842062326,0.0,0.0,2745.201356873923,56,14.999999999997227,1.0
21.179999999874845,-0.31534854002598384,0.0,0.0,2477.968201471851,56,14.999999999997227,1.0
21.199999999874088,-0.33722847957150304,0.0,0.0,2064.405117466617,56,14.999999999997227,1.0
21.21999999987333,-0.3547669388910256,0.0,0.0,1600.3229112955225,58,14.999999999997227,1.0
21.239999999872573,-0.36603850987874503,0.0,0.0,1282.1978955524091,59,14.999999999997227,1.0
21.259999999871816,-0.366771627558371,0.0,0.0,1190.5230913898076,59,14.999999999997227,1.0
21.27999999987106,-0.3581062464530242,0.0,0.0,1121.7098381217563,59,14.999999999997227,1.0
21.299999999870302,-0.34038315828975435,0.0,0.0,1185.2366543625087,59,14.999999999997227,1.0
21.319999999869545,-0.30108924939044407,0.0,0.0,1440.899051106579,59,14.999999999997227,1.0
21.339999999868787,-0.2628119344916029,0.0,0.0,1443.0912273136537,59,14.999999999997227,1.0
21.35999999986803,-0.22495724275349036,0.0,0.0,1476.288556297495,58,14.999999999997227,1.0
21.379999999867273,-0.19167455159556637,0.0,0.0,1367.6573182774619,58,14.999999999997227,1.0
21.399999999866516,-0.16232224954467905,0.0,0.0,1345.6743863651377,59,14.999999999997227,1.0
21.41999999986576,-0.1401717622217175,0.0,0.0,1357.1019846136112,59,14.999999999997227,1.0
21.439999999865,-0.13392908552878852,0.0,0.0,1388.9570068743162,59,14.999999999997227,1.0
21.459999999864245,-0.13424347979709342,0.0,0.0,1428.6161826004072,59,14.999999999997227,1.0
21.479999999863487,-0.14281721348182838,0.0,0.0,1368.0550808084,59,14.999999999997227,1.0
21.49999999986273,-0.16437546027324454,0.0,0.0,1389.404333639144,59,14.999999999997227,1.0
21.519999999861973,-0.18799309235672604,0.0,0.0,1386.6986251869816,59,14.999999999997227,1.0
21.539999999861216,-0.21516725844679518,0.0,0.0,1594.05011383587,59,14.999999999997227,1.0
21.55999999986046,-0.24068269101657835,0.0,0.0,1758.8945376440843,58,14.999999999997227,1.0
21.5799999998597,-0.26393754543272907,0.0,0.0,1899.5712632343525,58,14.999999999997227,1.0
21.599999999858944,-0.2847812964797349,0.0,0.0,1930.159890608426,57,14.999999999997227,1.0
21.619999999858187,-0.30298010895649274,0.0,0.0,1752.6726094204764,57,14.999999999997227,1.0
21.63999999985743,-0.31862944851218006,0.0,0.0,1497.615118126653,59,14.999999999997227,1.0
21.659999999856673,-0.3316943278937017,0.0,0.0,1250.1244010047951,59,14.999999999997227,1.0
21.679999999855916,-0.34002655899637463,0.0,0.0,1097.191621577816,58,14.999999999997227,1.0
21.69999999985516,-0.3386678622092619,0.0,0.0,1061.1635746563918,57,14.999999999997227,1.0
21.7199999998544,-0.32812266541930696,0.0,0.0,1071.6682171684465,57,14.999999999997227,1.0
21.739999999853644,-0.3103748884576598,0.0,0.0,1152.4181471940678,57,14.999999999997227,1.0
21.759999999852887,-0.27702014427771543,0.0,0.0,1312.6051030353108,56,14.999999999997227,1.0
21.77999999985213,-0.2421513649810788,0.0,0.0,2054.7454840975224,56,14.999999999997227,1.0
21.799999999851373,-0.20549721710437258,0.0,0.0,2303.882186643778,56,14.999999999997227,1.0
21.819999999850616,-0.17261707647487629,0.0,0.0,2627.7040201766567,56,14.999999999997227,1.0
21.83999999984986,-0.1410094413579292,0.0,0.0,2933.5334012317467,56,14.999999999997227,1.0
21.8599999998491,-0.11544542581440204,0.0,0.0,3140.734732953092,56,14.999999999997227,1.0
21.879999999848344,-0.0960455402581056,0.0,0.0,2998.909992484883,56,14.999999999997227,1.0
21.899999999847587,-0.08568228627616697,0.0,0.0,2568.649852552104,57,14.999999999997227,1.0
21.91999999984683,-0.08664540862741128,0.0,0.0,1854.1623829132418,57,14.999999999997227,1.0
21.939999999846073,-0.09169204171786338,0.0,0.0,1293.2819580232729,57,14.999999999997227,1.0
21.959999999845316,-0.10037857312748061,0.0,0.0,1269.0643562178457,57,14.999999999997227,1.0
21.97999999984456,-0.11321808604059774,0.0,0.0,1212.8090820850312,57,14.999999999997227,1.0
21.9999999998438,-0.132317968414077,0.0,0.0,1210.9596486544888,57,14.999999999997227,1.0
22.019999999843044,-0.15364573793831288,0.0,0.0,1248.0130512569408,57,14.999999999997227,1.0
22.039999999842287,-0.1756160690483674,0.0,0.0,1294.156653353233,57,14.999999999997227,1.0
22.05999999984153,-0.19570555255165545,0.0,0.0,1316.964681150982,57,14.999999999997227,1.0
22.079999999840773,-0.21322750407282492,0.0,0.0,1354.3835691106804,57,14.999999999997227,1.0
22.099999999840016,-0.22707179405638322,0.0,0.0,1361.6288349025335,57,14.999999999997227,1.0
22.11999999983926,-0.23627814040305944,0.0,0.0,1329.4114925445451,57,14.999999999997227,1.0
22.1399999998385,-0.23983537817973674,0.0,0.0,1296.7888035285127,57,14.999999999997227,1.0
22.159999999837744,-0.23581866289110187,0.0,0.0,1271.7164371170916,57,14.999999999997227,1.0
22.179999999836987,-0.22553579008617547,0.0,0.0,1293.8286807351876,57,14.999999999997227,1.0
22.19999999983623,-0.20926738238863918,0.0,0.0,1337.0438089410675,57,14.999999999997227,1.0
22.219999999835473,-0.18583438553572212,0.0,0.0,1341.3205189056187,58,14.999999999997227,1.0
22.239999999834716,-0.15874246231885236,0.0,0.0,1366.446845202971,58,14.999999999997227,1.0
22.25999999983396,-0.12858228532399343,0.0,0.0,1362.7618617838455,58,14.999999999997227,1.0
22.2799999998332,-0.10167263237029482,0.0,0.0,1378.981774255237,58,14.999999999997227,1.0
22.299999999832444,-0.07456901812639781,0.0,0.0,1377.3352566000735,58,14.999999999997227,1.0
22.319999999831687,-0.049731270747520186,0.0,0.0,1344.5454625922368,58,14.999999999997227,1.0
22.33999999983093,-0.0276465581663325,0.0,0.0,1321.7608263530499,58,14.999999999997227,1.0
22.359999999830173,-0.00959275064677831,0.0,0.0,1304.347074573832,58,14.999999999997227,1.0
22.379999999829415,0.0034145747998180344,0.0,0.0,1311.6392190142262,58,14.999999999997227,1.0
22.39999999982866,0.006271956002195019,0.0,0.0,1320.07573138018,58,14.999999999997227,1.0
22.4199999998279,0.0037456835099297417,0.0,0.0,1317.0806780551422,58,14.999999999997227,1.0
22.439999999827144,-0.00405074110856347,0.0,0.0,1307.004346119258,58,14.999999999997227,1.0
22.459999999826387,-0.015323290148789439,0.0,0.0,1313.8024384967132,58,14.999999999997227,1.0
22.47999999982563,-0.02839226801643676,0.0,0.0,1316.2909920987158,58,14.999999999997227,1.0
22.499999999824873,-0.043039961453458064,0.0,0.0,1322.6690565080428,58,14.999999999997227,1.0
22.519999999824115,-0.05813874442318997,0.0,0.0,1318.073595871164,58,14.999999999997227,1.0
22.539999999823358,-0.07243811863348093,0.0,0.0,1309.2217643667261,58,14.999999999997227,1.0
22.5599999998226,-0.08174115395118549,0.0,0.0,1312.981875157435,57,14.999999999997227,1.0
22.579999999821844,-0.08483979434981385,0.0,0.0,1333.1491217342025,57,14.999999999997227,1.0
22.599999999821087,-0.08245071195693238,0.0,0.0,1368.3898989654322,57,14.999999999997227,1.0
22.61999999982033,-0.07216012119346638,0.0,0.0,1386.729723297218,57,14.999999999997227,1.0
22.639999999819572,-0.056729948233859705,0.0,0.0,1372.4415142094676,57,14.999999999997227,1.0
22.659999999818815,-0.037083077963117966,0.0,0.0,1377.5404131741718,57,14.999999999997227,1.0
22.679999999818058,-0.017136422321308416,0.0,0.0,1387.029750963566,57,14.999999999997227,1.0
22.6999999998173,0.0019341130810898934,0.0,0.0,1410.138544404499,57,14.999999999997227,1.0
22.719999999816544,0.020931351643767016,0.0,0.0,1413.8132191805926,58,14.999999999997227,1.0
22.739999999815787,0.03707463990631328,0.0,0.0,1406.2822459763827,58,14.999999999997227,1.0
22.75999999981503,0.04796067398126819,0.0,0.0,1400.9028727084053,58,14.999999999997227,1.0
22.779999999814272,0.05423239087288674,0.0,0.0,1408.9134954090407,58,14.999999999997227,1.0
22.799999999813515,0.054885309613164394,0.0,0.0,1426.6347534653817,58,14.999999999997227,1.0
22.819999999812758,0.045863257575352014,0.0,0.0,1442.6900364342664,58,14.999999999997227,1.0
22.839999999812,0.029187904883977128,0.0,0.0,1406.7934270313729,58,14.999999999997227,1.0
22.859999999811244,0.006550402375553262,0.0,0.0,1366.3226366045992,58,14.999999999997227,1.0
22.879999999810487,-0.01897340601930778,0.0,0.0,1357.441540786417,58,14.999999999997227,1.0
22.89999999980973,-0.04456095418121203,0.0,0.0,1375.6388236040768,58,14.999999999997227,1.0
22.919999999808972,-0.06891456312148181,0.0,0.0,1395.2056868595246,58,14.999999999997227,1.0
22.939999999808215,-0.0911596837222474,0.0,0.0,1412.9427348874083,58,14.999999999997227,1.0
22.959999999807458,-0.11031451328283123,0.0,0.0,1430.094353740285,58,14.999999999997227,1.0
22.9799999998067,-0.125685646756977,0.0,0.0,1458.493602186104,58,14.999999999997227,1.0
22.999999999805944,-0.13574253702300793,0.0,0.0,1486.7421788322822,58,14.999999999997227,1.0
23.019999999805187,-0.14250063046642578,0.0,0.0,1498.2481472355798,58,14.999999999997227,1.0
23.03999999980443,-0.14561992925752315,0.0,0.0,1477.467564036201,57,14.999999999997227,1.0
23.059999999803672,-0.14145094749236536,0.0,0.0,1457.7099479747153,57,14.999999999997227,1.0
23.079999999802915,-0.12881683297625932,0.0,0.0,1497.0074847014068,57,14.999999999997227,1.0
23.099999999802158,-0.11110320974004481,0.0,0.0,1541.5409130996993,57,14.999999999997227,1.0
23.1199999998014,-0.08763083655066264,0.0,0.0,2024.535211847842,57,14.999999999997227,1.0
23.139999999800644,-0.06384380337265506,0.0,0.0,1980.5383992147247,57,14.999999999997227,1.0
23.159999999799886,-0.039112372399480684,0.0,0.0,2210.2072122283816,57,14.999999999997227,1.0
23.17999999979913,-0.01571090147166298,0.0,0.0,1993.6167264162577,57,14.999999999997227,1.0
23.199999999798372,0.004081802477556553,0.0,0.0,1843.9050560385663,58,14.999999999997227,1.0
23.219999999797615,0.02214834394761199,0.0,0.0,1677.3860936626304,57,14.999999999997227,1.0
23.239999999796858,0.03512978591393881,0.0,0.0,1457.7548985822264,57,14.999999999997227,1.0
23.2599999997961,0.04092000948121238,0.0,0.0,1437.8470306350896,58,14.999999999997227,1.0
23.279999999795344,0.042257340000756996,0.0,0.0,1438.9544449116975,57,14.999999999997227,1.0
23.299999999794586,0.03770446983201496,0.0,0.0,1451.7954218096013,57,14.999999999997227,1.0
23.31999999979383,0.02462802660994423,0.0,0.0,1466.3889560234416,58,14.999999999997227,1.0
23.339999999793072,0.006293660880108503,0.0,0.0,1428.9145539342883,58,14.999999999997227,1.0
23.359999999792315,-0.01908674141211819,0.0,0.0,1399.3138358534466,58,14.999999999997227,1.0
23.379999999791558,-0.044921847980407416,0.0,0.0,1405.4278098347688,58,14.999999999997227,1.0
23.3999999997908,-0.06881153232613918,0.0,0.0,1452.609011882991,57,14.999999999997227,1.0
23.419999999790043,-0.08918775232937078,0.0,0.0,1479.8030731869,57,14.999999999997227,1.0
23.439999999789286,-0.10550955266140107,0.0,0.0,1496.2018717574522,57,14.999999999997227,1.0
23.45999999978853,-0.11681595466841611,0.0,0.0,1512.5707501791258,57,14.999999999997227,1.0
23.479999999787772,-0.12409413826628297,0.0,0.0,1533.5278050044985,57,14.999999999997227,1.0
23.499999999787015,-0.12289478422896946,0.0,0.0,1538.7381926728067,56,14.999999999997227,1.0
23.519999999786258,-0.11493746297372935,0.0,0.0,1545.5494517140537,56,14.999999999997227,1.0
23.5399999997855,-0.10037820934919076,0.0,0.0,1546.4739622839463,56,14.999999999997227,1.0
23.559999999784743,-0.08062503973783408,0.0,0.0,1953.468811449181,56,14.999999999997227,1.0
23.579999999783986,-0.05830831627986891,0.0,0.0,2002.1625224775714,56,14.999999999997227,1.0
23.59999999978323,-0.03608484880447862,0.0,0.0,2333.6400896963696,57,14.999999999997227,1.0
23.619999999782472,-0.013285344076265608,0.0,0.0,2720.619070815736,56,14.999999999997227,1.0
23.639999999781715,0.006941098179028112,0.0,0.0,2975.586126490728,56,14.999999999997227,1.0
23.659999999780958,0.02609137517335561,0.0,0.0,2982.5009332650297,56,14.999999999997227,1.0
23.6799999997802,0.039152872529665,0.0,0.0,2721.5292666590676,56,14.999999999997227,1.0
23.699999999779443,0.045114936169988094,0.0,0.0,2229.7011091185364,57,14.999999999997227,1.0
23.719999999778686,0.04687273841050003,0.0,0.0,1601.2452325087222,57,14.999999999997227,1.0
23.73999999977793,0.04293972149621451,0.0,0.0,1536.8361391368278,58,14.999999999997227,1.0
23.759999999777172,0.030114389159571268,0.0,0.0,1534.7568505785657,58,14.999999999997227,1.0
23.779999999776415,0.01025529955661978,0.0,0.0,1505.371872030114,58,14.999999999997227,1.0
23.799999999775657,-0.015867358359472707,0.0,0.0,1491.7130868706474,59,14.999999999997227,1.0
23.8199999997749,-0.04325411483282684,0.0,0.0,1511.3548709330134,59,14.999999999997227,1.0
23.839999999774143,-0.06875070945606734,0.0,0.0,1526.308904779478,59,14.999999999997227,1.0
23.859999999773386,-0.09112552338111146,0.0,0.0,1535.788981038472,59,14.999999999997227,1.0
23.87999999977263,-0.10990381535955449,0.0,0.0,1562.9327014663286,59,14.999999999997227,1.0
23.89999999977187,-0.1237939607420532,0.0,0.0,1600.029206968213,59,14.999999999997227,1.0
23.919999999771115,-0.13313576192110643,0.0,0.0,1619.0182195863727,59,14.999999999997227,1.0
23.939999999770357,-0.13515974433603337,0.0,0.0,1596.0006173431286,59,14.999999999997227,1.0
23.9599999997696,-0.12891345123873044,0.0,0.0,1578.464051140169,59,14.999999999997227,1.0
23.979999999768843,-0.1146150983520268,0.0,0.0,1582.47151384654,59,14.999999999997227,1.0
23.999999999768086,-0.09468364428415056,0.0,0.0,1619.0285654001702,59,14.999999999997227,1.0
24.01999999976733,-0.07097566958874121,0.0,0.0,1613.693778438494,59,14.999999999997227,1.0
24.03999999976657,-0.046209529605786094,0.0,0.0,1608.5684876868909,59,14.999999999997227,1.0
24.059999999765814,-0.0202741818858545,0.0,0.0,1553.520699197329,58,14.999999999997227,1.0
24.079999999765057,0.0025226923952445172,0.0,0.0,1532.0406584476946,57,14.999999999997227,1.0
24.0999999997643,0.02334214344582694,0.0,0.0,1525.931408027667,57,14.999999999997227,1.0
24.119999999763543,0.04032152820216175,0.0,0.0,1538.8537492015503,57,14.999999999997227,1.0
24.139999999762786,0.05028739760720824,0.0,0.0,1528.5905719523485,57,14.999999999997227,1.0
24.15999999976203,0.05373518910750601,0.0,0.0,1517.2618909720943,58,14.999999999997227,1.0
24.17999999976127,0.05342776028434986,0.0,0.0,1547.3990368597622,58,14.999999999997227,1.0
24.199999999760514,0.04454113070595709,0.0,0.0,1584.6433573235643,59,14.999999999997227,1.0
24.219999999759757,0.02856124181304611,0.0,0.0,1584.918622298178,58,14.999999999997227,1.0
24.239999999759,0.001524432535978143,0.0,0.0,1585.778626318081,58,14.999999999997227,1.0
24.259999999758243,-0.028148530189325997,0.0,0.0,1592.6913629397527,58,14.999999999997227,1.0
24.279999999757486,-0.05821322449431076,0.0,0.0,1601.86073572421,58,14.999999999997227,1.0
24.29999999975673,-0.08562260638477175,0.0,0.0,1653.9832357230302,58,14.999999999997227,1.0
24.31999999975597,-0.10879547069781328,0.0,0.0,1703.3253954762693,58,14.999999999997227,1.0
24.339999999755214,-0.12742537983674412,0.0,0.0,1713.9284013119247,58,14.999999999997227,1.0
24.359999999754457,-0.1414588884213507,0.0,0.0,1694.109787643336,58,14.999999999997227,1.0
24.3799999997537,-0.15094430061364678,0.0,0.0,1671.3277356083067,58,14.999999999997227,1.0
24.399999999752943,-0.155444226783953,0.0,0.0,1664.2378140159783,58,14.999999999997227,1.0
24.419999999752186,-0.14916909405451725,0.0,0.0,1644.612072027491,57,14.999999999997227,1.0
24.43999999975143,-0.1325235952806269,0.0,0.0,1630.4626330849123,57,14.999999999997227,1.0
24.45999999975067,-0.11120560683949976,0.0,0.0,2090.7772702899483,58,14.999999999997227,1.0
24.479999999749914,-0.08490600768237444,0.0,0.0,2442.4776319063817,58,14.999999999997227,1.0
24.499999999749157,-0.057281474937713794,0.0,0.0,2654.6195837282094,58,14.999999999997227,1.0
24.5199999997484,-0.029526688995033225,0.0,0.0,2642.5103031851395,57,14.999999999997227,1.0
24.539999999747643,-0.004086237121159541,0.0,0.0,2544.1799772772783,56,14.999999999997227,1.0
24.559999999746886,0.020505433479737656,0.0,0.0,2454.0698165605254,56,14.999999999997227,1.0
24.57999999974613,0.04233775833644458,0.0,0.0,2125.3883961573783,56,14.999999999997227,1.0
24.59999999974537,0.05974265853843678,0.0,0.0,1688.1897619002593,56,14.999999999997227,1.0
24.619999999744614,0.06806731279328916,0.0,0.0,1527.4429963443918,57,14.999999999997227,1.0
24.639999999743857,0.06919249278054139,0.0,0.0,1531.7897020009464,57,14.999999999997227,1.0
24.6599999997431,0.06541207455373389,0.0,0.0,1579.5517142485617,57,14.999999999997227,1.0
24.679999999742343,0.05285933246916417,0.0,0.0,1632.7111414148433,57,14.999999999997227,1.0
24.699999999741586,0.03473661926925463,0.0,0.0,1642.2078228101273,57,14.999999999997227,1.0
24.71999999974083,0.005210057587732807,0.0,0.0,1662.5678485192113,57,14.999999999997227,1.0
24.73999999974007,-0.0257226405221213,0.0,0.0,1683.420967182942,57,14.999999999997227,1.0
24.759999999739314,-0.05714773122286659,0.0,0.0,1731.5464457423327,57,14.999999999997227,1.0
24.779999999738557,-0.08534579727063377,0.0,0.0,1748.0613716416226,56,14.999999999997227,1.0
24.7999999997378,-0.10855710842175803,0.0,0.0,1768.758686229438,56,14.999999999997227,1.0
24.819999999737043,-0.1272453590902542,0.0,0.0,1775.1333326077722,56,14.999999999997227,1.0
24.839999999736285,-0.14102197020282695,0.0,0.0,1750.4211717697654,56,14.999999999997227,1.0
24.85999999973553,-0.15000227870925542,0.0,0.0,1713.3065361163908,57,14.999999999997227,1.0
24.87999999973477,-0.15021496432167786,0.0,0.0,1677.8755853413934,57,14.999999999997227,1.0
24.899999999734014,-0.1374239296281536,0.0,0.0,1696.3523276621977,57,14.999999999997227,1.0
24.919999999733257,-0.11772532855972792,0.0,0.0,1674.0587948113302,57,14.999999999997227,1.0
24.9399999997325,-0.09216683018591466,0.0,0.0,1698.5955636434537,58,14.999999999997227,1.0
24.959999999731743,-0.06312725656227017,0.0,0.0,1690.5574017958804,58,14.999999999997227,1.0
24.979999999730985,-0.033509826584249586,0.0,0.0,1620.31172653134,58,14.999999999997227,1.0
24.99999999973023,-0.005206767606588179,0.0,0.0,1581.8297257364648,56,14.999999999997227,1.0
25.01999999972947,0.021255647149612793,0.0,0.0,1582.8567146267776,56,14.999999999997227,1.0
25.039999999728714,0.044923679798010645,0.0,0.0,1597.6002267746094,56,14.999999999997227,1.0
25.059999999727957,0.06553267129998538,0.0,0.0,1506.5329539542718,56,14.999999999997227,1.0
25.0799999997272,0.08126797679922762,0.0,0.0,1527.7782254831861,57,14.999999999997227,1.0
25.099999999726442,0.08857289110967231,0.0,0.0,1512.9096288390795,58,14.999999999997227,1.0
25.119999999725685,0.08852536517330535,0.0,0.0,1541.5551735564786,58,14.999999999997227,1.0
25.139999999724928,0.08011564798416725,0.0,0.0,1668.1085028061273,57,14.999999999997227,1.0
25.15999999972417,0.06479568224497737,0.0,0.0,1721.5245984623198,57,14.999999999997227,1.0
25.179999999723414,0.04053428491203146,0.0,0.0,1729.3986543285655,57,14.999999999997227,1.0
25.199999999722657,0.0077884378841322705,0.0,0.0,1750.3389515967694,57,14.999999999997227,1.0
25.2199999997219,-0.02636761439015141,0.0,0.0,1817.1655714162591,58,14.999999999997227,1.0
25.239999999721142,-0.05841082794169254,0.0,0.0,1869.2791882234349,57,14.999999999997227,1.0
25.259999999720385,-0.08736200935632908,0.0,0.0,1878.152181817703,56,14.999999999997227,1.0
25.279999999719628,-0.1114549453465744,0.0,0.0,1859.4089121573952,56,14.999999999997227,1.0
25.29999999971887,-0.1304447953443279,0.0,0.0,1820.4132857842503,56,14.999999999997227,1.0
25.319999999718114,-0.14496247095707893,0.0,0.0,1777.3385068155499,56,14.999999999997227,1.0
25.339999999717357,-0.15525726540505294,0.0,0.0,1722.7378050819036,56,14.999999999997227,1.0
25.3599999997166,-0.15558803923411368,0.0,0.0,1677.2360980543433,56,14.999999999997227,1.0
25.379999999715842,-0.14074355240365152,0.0,0.0,1840.5380929208457,57,14.999999999997227,1.0
25.399999999715085,-0.11753666214427559,0.0,0.0,2153.3523084659523,57,14.999999999997227,1.0
25.419999999714328,-0.09031556824673506,0.0,0.0,2792.969526370564,58,14.999999999997227,1.0
25.43999999971357,-0.059394714299364944,0.0,0.0,2974.3950241192374,58,14.999999999997227,1.0
25.459999999712814,-0.028933858767405497,0.0,0.0,3059.99578374793,58,14.999999999997227,1.0
25.479999999712057,0.0006551763772802689,0.0,0.0,3023.255130229982,56,14.999999999997227,1.0
25.4999999997113,0.02812116956087844,0.0,0.0,2805.971635190029,56,14.999999999997227,1.0
25.519999999710542,0.05356362618119526,0.0,0.0,2551.2592082047695,56,14.999999999997227,1.0
25.539999999709785,0.07640116265085524,0.0,0.0,2169.4997033096756,56,14.999999999997227,1.0
25.559999999709028,0.09335161488662108,0.0,0.0,1560.0664448338541,58,14.999999999997227,1.0
25.57999999970827,0.10170260101162874,0.0,0.0,1456.0072853088566,58,14.999999999997227,1.0
25.599999999707514,0.10167291548084757,0.0,0.0,1509.9798055322717,56,14.999999999997227,1.0
25.619999999706756,0.09287355193534397,0.0,0.0,1692.6849417421004,57,14.999999999997227,1.0
25.639999999706,0.0770018101638952,0.0,0.0,1791.923977863109,57,14.999999999997227,1.0
25.659999999705242,0.0505407913751573,0.0,0.0,1825.6193387609628,57,14.999999999997227,1.0
25.679999999704485,0.01511734205624338,0.0,0.0,1893.6403297275795,58,14.999999999997227,1.0
25.699999999703728,-0.0198963111706822,0.0,0.0,1961.443858379112,58,14.999999999997227,1.0
25.71999999970297,-0.05349424566086087,0.0,0.0,2328.718446247338,56,14.999999999997227,1.0
25.739999999702214,-0.08346643411041134,0.0,0.0,2196.924091370486,56,14.999999999997227,1.0
25.759999999701456,-0.10926236976373649,0.0,0.0,1907.8498586144528,56,14.999999999997227,1.0
25.7799999997007,-0.12886195953375362,0.0,0.0,1805.5845177227989,57,14.999999999997227,1.0
25.799999999699942,-0.1441054251024369,0.0,0.0,1711.005295990689,57,14.999999999997227,1.0
25.819999999699185,-0.15589543702649403,0.0,0.0,1640.580880021172,58,14.999999999997227,1.0
25.839999999698428,-0.1577421888805446,0.0,0.0,1618.8586301009775,58,14.999999999997227,1.0
25.85999999969767,-0.1391474791356207,0.0,0.0,1737.3296159637266,58,14.999999999997227,1.0
25.879999999696913,-0.11306030883457135,0.0,0.0,1677.8463862120161,59,14.999999999997227,1.0
25.899999999696156,-0.0850012107455592,0.0,0.0,1718.1103417352965,59,14.999999999997227,1.0
25.9199999996954,-0.05323060336639861,0.0,0.0,1626.570313754269,59,14.999999999997227,1.0
25.939999999694642,-0.022573498843712316,0.0,0.0,1551.527346469415,58,14.999999999997227,1.0
25.959999999693885,0.007032541529891152,0.0,0.0,1792.9740411110822,57,14.999999999997227,1.0
25.979999999693128,0.03412763588049214,0.0,0.0,1877.7935944632616,57,14.999999999997227,1.0
25.99999999969237,0.05941618106588276,0.0,0.0,1757.7602878190273,57,14.999999999997227,1.0
26.019999999691613,0.08058688296677803,0.0,0.0,1561.6436382732222,57,14.999999999997227,1.0
26.039999999690856,0.09549674723640504,0.0,0.0,1338.4049840093098,59,14.999999999997227,1.0
26.0599999996901,0.10142428564242259,0.0,0.0,1427.0635107823418,59,14.999999999997227,1.0
26.079999999689342,0.0990750862092034,0.0,0.0,1565.217229685786,58,14.999999999997227,1.0
26.099999999688585,0.08774604795085311,0.0,0.0,1768.4100719968365,57,14.999999999997227,1.0
26.119999999687828,0.0695680886048234,0.0,0.0,1813.3433200870325,58,14.999999999997227,1.0
26.13999999968707,0.039618556011400324,0.0,0.0,1886.0726199003802,58,14.999999999997227,1.0
26.159999999686313,0.004337206377746301,0.0,0.0,1942.4261620401198,59,14.999999999997227,1.0
26.179999999685556,-0.03019160579858056,0.0,0.0,1984.981304718223,58,14.999999999997227,1.0
26.1999999996848,-0.06246776702720862,0.0,0.0,1986.381255391813,57,14.999999999997227,1.0
26.219999999684042,-0.0912391202141777,0.0,0.0,1942.4793001413468,57,14.999999999997227,1.0
26.239999999683285,-0.11438702587308493,0.0,0.0,1841.957703561868,57,14.999999999997227,1.0
26.259999999682528,-0.13170774908811528,0.0,0.0,1741.155416654076,58,14.999999999997227,1.0
26.27999999968177,-0.14594419105951045,0.0,0.0,1665.3990792699353,58,14.999999999997227,1.0
26.299999999681013,-0.15331094302910886,0.0,0.0,1606.9222918748967,57,14.999999999997227,1.0
26.319999999680256,-0.1429327675319346,0.0,0.0,1637.631171781084,57,14.999999999997227,1.0
26.3399999996795,-0.11553365434900803,0.0,0.0,1733.3833117463578,57,14.999999999997227,1.0
26.35999999967874,-0.08828999666296766,0.0,0.0,1694.6110812491038,58,14.999999999997227,1.0
26.379999999677985,-0.05673928199085726,0.0,0.0,2096.094163046043,58,14.999999999997227,1.0
26.399999999677227,-0.025475120746284715,0.0,0.0,3463.4420695109143,58,14.999999999997227,1.0
26.41999999967647,0.00430440218232912,0.0,0.0,4339.350593368537,56,14.999999999997227,1.0
26.439999999675713,0.03201140618977909,0.0,0.0,4888.125592878163,56,14.999999999997227,1.0
26.459999999674956,0.058048712798314854,0.0,0.0,4853.744652961252,56,14.999999999997227,1.0
26.4799999996742,0.08109650336475915,0.0,0.0,3824.0527096893893,56,14.999999999997227,1.0
26.49999999967344,0.09832257398162439,0.0,0.0,2126.1282036130674,58,14.999999999997227,1.0
26.519999999672685,0.10759720230062313,0.0,0.0,1379.1947272637456,57,14.999999999997227,1.0
26.539999999671927,0.1081509931530826,0.0,0.0,1503.2877885060689,58,14.999999999997227,1.0
26.55999999967117,0.09963948254026006,0.0,0.0,1729.39381241102,58,14.999999999997227,1.0
26.579999999670413,0.08410585062057017,0.0,0.0,1833.978244221561,58,14.999999999997227,1.0
26.599999999669656,0.05846013099189748,0.0,0.0,1881.7756460220799,58,14.999999999997227,1.0
26.6199999996689,0.02243666663861388,0.0,0.0,1960.2486839470191,59,14.999999999997227,1.0
26.63999999966814,-0.011615631806589878,0.0,0.0,1996.0056984461305,58,14.999999999997227,1.0
26.659999999667384,-0.04514017668848425,0.0,0.0,2008.6092635084683,57,14.999999999997227,1.0
26.679999999666627,-0.07496527252672981,0.0,0.0,1964.6173241049,57,14.999999999997227,1.0
26.69999999966587,-0.10065031297392622,0.0,0.0,1872.6025077675404,57,14.999999999997227,1.0
26.719999999665113,-0.11933195093365748,0.0,0.0,1749.3029818943362,58,14.999999999997227,1.0
26.739999999664356,-0.13481093989095863,0.0,0.0,1676.819751268438,58,14.999999999997227,1.0
26.7599999996636,-0.14598014818963695,0.0,0.0,1601.4255810585942,56,14.999999999997227,1.0
26.77999999966284,-0.14067276618995866,0.0,0.0,1605.6272391602884,57,14.999999999997227,1.0
26.799999999662084,-0.11484003368355378,0.0,0.0,1768.2986477822403,57,14.999999999997227,1.0
26.819999999661327,-0.08698197728189412,0.0,0.0,1671.2307352101857,58,14.999999999997227,1.0
26.83999999966057,-0.05652834520607577,0.0,0.0,1775.1412545662342,58,14.999999999997227,1.0
26.859999999659813,-0.025108005048568815,0.0,0.0,3307.7847647259605,58,14.999999999997227,1.0
26.879999999659056,0.0046868794741505735,0.0,0.0,4273.389851816027,56,14.999999999997227,1.0
26.8999999996583,0.03273797548007182,0.0,0.0,4938.051906941511,56,14.999999999997227,1.0
26.91999999965754,0.05922536998330988,0.0,0.0,5056.985560737497,56,14.999999999997227,1.0
26.939999999656784,0.08321462540693503,0.0,0.0,4084.4777617906166,56,14.999999999997227,1.0
26.959999999656027,0.10178441358281487,0.0,0.0,2455.1152847859626,58,14.999999999997227,1.0
26.97999999965527,0.11288352481506292,0.0,0.0,1320.5497592341299,57,14.999999999997227,1.0
26.999999999654513,0.11529151484622308,0.0,0.0,1450.998132771124,58,14.999999999997227,1.0
27.019999999653756,0.10882157651019693,0.0,0.0,1697.9784121673567,58,14.999999999997227,1.0
27.039999999653,0.09492562818343853,0.0,0.0,1843.4290845873063,58,14.999999999997227,1.0
27.05999999965224,0.07213926919186159,0.0,0.0,1873.5970904612832,59,14.999999999997227,1.0
27.079999999651484,0.03679637563809632,0.0,0.0,1968.9337769369795,59,14.999999999997227,1.0
27.099999999650727,0.0034045292227913035,0.0,0.0,1999.162275041958,59,14.999999999997227,1.0
27.11999999964997,-0.03075353982388955,0.0,0.0,2015.2314979444675,58,14.999999999997227,1.0
27.139999999649213,-0.06121631142845778,0.0,0.0,1975.4021473199896,57,14.999999999997227,1.0
27.159999999648456,-0.08818518062163348,0.0,0.0,1890.9175569888407,57,14.999999999997227,1.0
27.1799999996477,-0.10805996828034056,0.0,0.0,1767.8664593978222,58,14.999999999997227,1.0
27.19999999964694,-0.1242036221683044,0.0,0.0,1694.8467887033628,58,14.999999999997227,1.0
27.219999999646184,-0.13678906957162426,0.0,0.0,1593.3276268101074,57,14.999999999997227,1.0
27.239999999645427,-0.1362792868713149,0.0,0.0,1600.019792944465,57,14.999999999997227,1.0
27.25999999964467,-0.11312757761818153,0.0,0.0,1760.589185058701,57,14.999999999997227,1.0
27.279999999643913,-0.08459478763567828,0.0,0.0,1676.682750668549,58,14.999999999997227,1.0
27.299999999643155,-0.05541565153472995,0.0,0.0,1679.9001181487,58,14.999999999997227,1.0
27.3199999996424,-0.024321019602878944,0.0,0.0,3141.448072580842,58,14.999999999997227,1.0
27.33999999964164,0.005374696951252249,0.0,0.0,4152.518248536827,56,14.999999999997227,1.0
27.359999999640884,0.03356091910079655,0.0,0.0,4887.961911374363,56,14.999999999997227,1.0
27.379999999640127,0.06026937992962171,0.0,0.0,5131.050567446008,56,14.999999999997227,1.0
27.39999999963937,0.08466393737746787,0.0,0.0,4287.86208414361,56,14.999999999997227,1.0
27.419999999638613,0.10432259246996409,0.0,0.0,2736.9655608608577,58,14.999999999997227,1.0
27.439999999637855,0.1167943747109931,0.0,0.0,1290.1920767727195,58,14.999999999997227,1.0
27.4599999996371,0.12066393894360682,0.0,0.0,1413.700987316248,57,14.999999999997227,1.0
27.47999999963634,0.11585393019437475,0.0,0.0,1663.3679227694372,57,14.999999999997227,1.0
27.499999999635584,0.10313903429059196,0.0,0.0,1839.645259003833,57,14.999999999997227,1.0
27.519999999634827,0.08224888262967862,0.0,0.0,1873.452964400035,58,14.999999999997227,1.0
27.53999999963407,0.048650545906620386,0.0,0.0,1967.8968519970852,58,14.999999999997227,1.0
27.559999999633312,0.015500581709231909,0.0,0.0,2000.3653873910316,58,14.999999999997227,1.0
27.579999999632555,-0.018786209483985256,0.0,0.0,2388.2449211749868,57,14.999999999997227,1.0
27.599999999631798,-0.049778024752161996,0.0,0.0,2276.6394887435654,56,14.999999999997227,1.0
27.61999999963104,-0.07752827226761198,0.0,0.0,1908.4749279435862,56,14.999999999997227,1.0
27.639999999630284,-0.09873064169895529,0.0,0.0,1792.0268921122824,58,14.999999999997227,1.0
27.659999999629527,-0.11530091387624322,0.0,0.0,1702.0627760245554,57,14.999999999997227,1.0
27.67999999962877,-0.12886300303460405,0.0,0.0,1613.8225663843461,58,14.999999999997227,1.0
27.699999999628012,-0.1320336847350639,0.0,0.0,1596.8395961092685,58,14.999999999997227,1.0
27.719999999627255,-0.11350111848842771,0.0,0.0,1726.7049721084986,58,14.999999999997227,1.0
27.739999999626498,-0.08459099592966622,0.0,0.0,1704.3014124187039,59,14.999999999997227,1.0
27.75999999962574,-0.05674350972084521,0.0,0.0,1705.6899717376007,59,14.999999999997227,1.0
27.779999999624984,-0.026143826609475136,0.0,0.0,1458.286934078597,59,14.999999999997227,1.0
27.799999999624227,0.003509475261586434,0.0,0.0,1766.718860979462,57,14.999999999997227,1.0
27.81999999962347,0.031762567213219774,0.0,0.0,1968.1974328570066,57,14.999999999997227,1.0
27.839999999622712,0.05857831309133445,0.0,0.0,1992.3394181875467,57,14.999999999997227,1.0
27.859999999621955,0.08327438201863496,0.0,0.0,1805.3969666364444,57,14.999999999997227,1.0
27.879999999621198,0.10395189448318998,0.0,0.0,1576.2448757010725,58,14.999999999997227,1.0
27.89999999962044,0.11787274653845305,0.0,0.0,1317.9633226835203,59,14.999999999997227,1.0
27.919999999619684,0.12331747091068282,0.0,0.0,1388.5971324297036,58,14.999999999997227,1.0
27.939999999618927,0.1203360080934471,0.0,0.0,1622.0745286466208,58,14.999999999997227,1.0
27.95999999961817,0.10881617556146857,0.0,0.0,1821.0861249210368,58,14.999999999997227,1.0
27.979999999617412,0.09004059857815548,0.0,0.0,1868.6590594837546,58,14.999999999997227,1.0
27.999999999616655,0.05884464269710591,0.0,0.0,1961.8453902693157,59,14.999999999997227,1.0
28.019999999615898,0.02544238088405414,0.0,0.0,1999.5586630369633,59,14.999999999997227,1.0
28.03999999961514,-0.0085948358085227,0.0,0.0,2025.7432901103773,58,14.999999999997227,1.0
28.059999999614384,-0.040192791492462826,0.0,0.0,2007.471126885682,57,14.999999999997227,1.0
28.079999999613626,-0.06858306165228802,0.0,0.0,1935.331990812982,57,14.999999999997227,1.0
28.09999999961287,-0.09127644660467771,0.0,0.0,1822.4664515777952,59,14.999999999997227,1.0
28.119999999612112,-0.1083101468279242,0.0,0.0,1715.1725488234647,58,14.999999999997227,1.0
28.139999999611355,-0.12271088658431048,0.0,0.0,1638.6505434562728,58,14.999999999997227,1.0
28.159999999610598,-0.12898140818655598,0.0,0.0,1600.6497172575703,57,14.999999999997227,1.0
28.17999999960984,-0.11673793797973983,0.0,0.0,1664.2702842727012,57,14.999999999997227,1.0
28.199999999609084,-0.08822069004695403,0.0,0.0,1758.5601124101663,58,14.999999999997227,1.0
28.219999999608326,-0.06137089949042005,0.0,0.0,1717.0122647310661,58,14.999999999997227,1.0
28.23999999960757,-0.03127824717798174,0.0,0.0,2675.736988903716,58,14.999999999997227,1.0
28.259999999606812,-0.0014954062789463171,0.0,0.0,3757.8591792333314,57,14.999999999997227,1.0
28.279999999606055,0.02679746050428735,0.0,0.0,4612.011687104606,56,14.999999999997227,1.0
28.299999999605298,0.05368458606090118,0.0,0.0,5100.76649116757,56,14.999999999997227,1.0
28.31999999960454,0.07871863082771102,0.0,0.0,4741.374513492416,56,14.999999999997227,1.0
28.339999999603783,0.10055646843193417,0.0,0.0,3386.0384277635553,56,14.999999999997227,1.0
28.359999999603026,0.11616364788875531,0.0,0.0,1601.491107125125,58,14.999999999997227,1.0
28.37999999960227,0.12352461077065842,0.0,0.0,1374.5640244776794,56,14.999999999997227,1.0
28.399999999601512,0.12276515158473218,0.0,0.0,1558.0794168566688,56,14.999999999997227,1.0
28.419999999600755,0.11305994645867067,0.0,0.0,1780.3119812156126,55,14.999999999997227,1.0
28.439999999599998,0.09671416852630277,0.0,0.0,1864.048063233314,57,14.999999999997227,1.0
28.45999999959924,0.06923067374781404,0.0,0.0,1941.3972735935859,57,14.999999999997227,1.0
28.479999999598483,0.03494552397344117,0.0,0.0,1996.8424642086472,58,14.999999999997227,1.0
28.499999999597726,0.001583467827303536,0.0,0.0,2273.9000644845023,57,14.999999999997227,1.0
28.51999999959697,-0.03087753316923158,0.0,0.0,2394.4458466771393,56,14.999999999997227,1.0
28.539999999596212,-0.059874834996292876,0.0,0.0,2061.426391776725,56,14.999999999997227,1.0
28.559999999595455,-0.08443090374810099,0.0,0.0,1862.6986192567217,58,14.999999999997227,1.0
28.579999999594698,-0.1023069892169442,0.0,0.0,1745.151584163825,57,14.999999999997227,1.0
28.59999999959394,-0.11742905269940344,0.0,0.0,1676.9803697897778,57,14.999999999997227,1.0
28.619999999593183,-0.12733498308280336,0.0,0.0,1606.994422918307,58,14.999999999997227,1.0
28.639999999592426,-0.12166547792587827,0.0,0.0,1618.3289706328349,58,14.999999999997227,1.0
28.65999999959167,-0.09582424280612276,0.0,0.0,1801.3998633147585,58,14.999999999997227,1.0
28.679999999590912,-0.06892584669628851,0.0,0.0,1710.605586029745,59,14.999999999997227,1.0
28.699999999590155,-0.03969092037077863,0.0,0.0,1648.5809695470691,59,14.999999999997227,1.0
28.719999999589398,-0.009826079003372814,0.0,0.0,1618.5067140055965,58,14.999999999997227,1.0
28.73999999958864,0.018426137486735505,0.0,0.0,1877.500100241101,57,14.999999999997227,1.0
28.759999999587883,0.04542720076026481,0.0,0.0,1997.2055412913576,57,14.999999999997227,1.0
28.779999999587126,0.07085967899578746,0.0,0.0,1910.686336442631,57,14.999999999997227,1.0
28.79999999958637,0.09376120393508675,0.0,0.0,1712.2466149066522,57,14.999999999997227,1.0
28.81999999958561,0.11134938341012189,0.0,0.0,1448.4840751606912,59,14.999999999997227,1.0
28.839999999584855,0.12129906768996032,0.0,0.0,1338.0183340745928,57,14.999999999997227,1.0
28.859999999584097,0.12307151488156999,0.0,0.0,1490.083945340708,57,14.999999999997227,1.0
28.87999999958334,0.11600616333533081,0.0,0.0,1727.1042814308626,57,14.999999999997227,1.0
28.899999999582583,0.10222635321637626,0.0,0.0,1859.5160927256202,57,14.999999999997227,1.0
28.919999999581826,0.0794637795880224,0.0,0.0,1898.3285282997701,58,14.999999999997227,1.0
28.93999999958107,0.04495206542805859,0.0,0.0,1989.5362239171868,58,14.999999999997227,1.0
28.95999999958031,0.012449903401012017,0.0,0.0,2098.647446209315,58,14.999999999997227,1.0
28.979999999579555,-0.020859601204014807,0.0,0.0,2431.731983612102,57,14.999999999997227,1.0
28.999999999578797,-0.050631927929658496,0.0,0.0,2219.605850087631,56,14.999999999997227,1.0
29.01999999957804,-0.07694908871422569,0.0,0.0,1907.8115251165684,56,14.999999999997227,1.0
29.039999999577283,-0.09647534425019466,0.0,0.0,1782.3040111169157,58,14.999999999997227,1.0
29.059999999576526,-0.11223204072635935,0.0,0.0,1704.9481993915115,57,14.999999999997227,1.0
29.07999999957577,-0.12462119033957152,0.0,0.0,1617.9177770037609,57,14.999999999997227,1.0
29.09999999957501,-0.12578167214790462,0.0,0.0,1612.107049903677,58,14.999999999997227,1.0
29.119999999574254,-0.1053117283699597,0.0,0.0,1772.4759107777425,58,14.999999999997227,1.0
29.139999999573497,-0.07753142836979358,0.0,0.0,1717.43964053983,59,14.999999999997227,1.0
29.15999999957274,-0.05009665123400011,0.0,0.0,1720.014034208298,59,14.999999999997227,1.0
29.179999999571983,-0.020485167149228854,0.0,0.0,1497.2663998835756,59,14.999999999997227,1.0
29.199999999571226,0.007940337719685876,0.0,0.0,1794.503957651099,57,14.999999999997227,1.0
29.21999999957047,0.035160223934665134,0.0,0.0,1973.6023061796043,57,14.999999999997227,1.0
29.23999999956971,0.061018424563408453,0.0,0.0,1968.8769899185036,57,14.999999999997227,1.0
29.259999999568954,0.08470808915772608,0.0,0.0,1780.8463136707658,57,14.999999999997227,1.0
29.279999999568197,0.104418434567578,0.0,0.0,1544.8909998905717,58,14.999999999997227,1.0
29.29999999956744,0.1173856276740751,0.0,0.0,1308.278116571034,59,14.999999999997227,1.0
29.319999999566683,0.12213081388197977,0.0,0.0,1420.6239960238213,58,14.999999999997227,1.0
29.339999999565926,0.11844178349910434,0.0,0.0,1647.7170535884097,58,14.999999999997227,1.0
29.35999999956517,0.10690518097177291,0.0,0.0,1841.4265816896072,58,14.999999999997227,1.0
29.37999999956441,0.08806740910258039,0.0,0.0,1878.9463749682727,58,14.999999999997227,1.0
29.399999999563654,0.05710213420389368,0.0,0.0,1974.6263183802841,59,14.999999999997227,1.0
29.419999999562897,0.02429491977839821,0.0,0.0,2013.2196363590992,59,14.999999999997227,1.0
29.43999999956214,-0.009094611575008441,0.0,0.0,2041.8520450463384,58,14.999999999997227,1.0
29.459999999561383,-0.039981982805443954,0.0,0.0,2024.0615834120285,57,14.999999999997227,1.0
29.479999999560626,-0.06766051173623447,0.0,0.0,1951.4590470941416,57,14.999999999997227,1.0
29.49999999955987,-0.08972170666587899,0.0,0.0,1836.4548514320363,59,14.999999999997227,1.0
29.51999999955911,-0.10628794281509639,0.0,0.0,1728.714706359724,58,14.999999999997227,1.0
29.539999999558354,-0.12025982022251996,0.0,0.0,1654.2319079004876,58,14.999999999997227,1.0
29.559999999557597,-0.12652907023162624,0.0,0.0,1615.9699069617131,57,14.999999999997227,1.0
29.57999999955684,-0.11591835350250931,0.0,0.0,1666.6272437381954,57,14.999999999997227,1.0
29.599999999556083,-0.08833630770779012,0.0,0.0,1785.7852804051736,58,14.999999999997227,1.0
29.619999999555326,-0.06215853275846368,0.0,0.0,1741.0760735170195,58,14.999999999997227,1.0
29.63999999955457,-0.03292089222575313,0.0,0.0,2715.803667344154,58,14.999999999997227,1.0
29.65999999955381,-0.0039062090853990896,0.0,0.0,3683.47321089993,57,14.999999999997227,1.0
29.679999999553054,0.023485142693469945,0.0,0.0,4511.901507273226,56,14.999999999997227,1.0
29.699999999552297,0.04966984531762139,0.0,0.0,5075.477728882298,56,14.999999999997227,1.0
29.71999999955154,0.07405661581584161,0.0,0.0,4785.218950310548,56,14.999999999997227,1.0
29.739999999550783,0.09565731207591967,0.0,0.0,3507.408258792127,56,14.999999999997227,1.0
29.759999999550026,0.11151102868233972,0.0,0.0,1798.2790568238067,58,14.999999999997227,1.0
29.77999999954927,0.11959380055479996,0.0,0.0,1392.8343028447061,56,14.999999999997227,1.0
29.79999999954851,0.11972756174868432,0.0,0.0,1550.3932145488525,57,14.999999999997227,1.0
29.819999999547754,0.11108039678526435,0.0,0.0,1772.6690217938267,57,14.999999999997227,1.0
29.839999999546997,0.0961715065543835,0.0,0.0,1871.45087503511,58,14.999999999997227,1.0
29.85999999954624,0.07137014990398816,0.0,0.0,1929.3104319114295,58,14.999999999997227,1.0
29.879999999545483,0.0371063985851395,0.0,0.0,2004.330878459012,59,14.999999999997227,1.0
29.899999999544725,0.004717990949387119,0.0,0.0,2036.227110008544,59,14.999999999997227,1.0
29.91999999954397,-0.02758097231518963,0.0,0.0,2044.9607513369133,57,14.999999999997227,1.0
29.93999999954321,-0.05635362679590179,0.0,0.0,1991.0502765339252,57,14.999999999997227,1.0
29.959999999542454,-0.08123646563201849,0.0,0.0,1894.0138352018605,58,14.999999999997227,1.0
29.979999999541697,-0.0994182165112722,0.0,0.0,1770.218625621423,59,14.999999999997227,1.0
29.99999999954094,-0.11449705265749976,0.0,0.0,1703.377565945283,58,14.999999999997227,1.0
