t,omega_hub,omega_gnd,tau_gen,T_max,n_slack,backline_payout,k_mppt_scale
0.019999999999999858,9.519472106305656,10.860691465954142,1297.5008103051405,0.0,75,0.0,1.0
0.03999999999999904,9.550297296899652,6.788556769100997,506.9295330803766,0.0,75,0.0,1.0
0.05999999999999823,9.576379387151079,4.862389347569155,260.07113184089394,0.0,75,0.0,1.0
0.07999999999999742,9.600113962563915,3.9037100750071465,167.6284758468353,0.0,75,0.0,1.0
0.0999999999999966,9.62206647152034,3.5019589698239733,134.90088288963642,0.0,75,0.0,1.0
0.11999999999999579,9.64178607051815,3.433572617128971,129.6836300880768,0.0,75,0.0,1.0
0.14000000000000018,9.65818193104346,3.56624090216199,139.8988158947848,0.0,75,0.0,1.0
0.1600000000000063,9.67000194869563,3.8013785981130517,158.95527170811144,0.0,75,0.0,1.0
0.18000000000001243,9.677701470919432,4.10194875058023,185.0858190762538,0.0,75,0.0,1.0
0.20000000000001855,9.683416762267676,4.475333727227325,220.3147316706426,0.0,75,0.0,1.0
0.22000000000002468,9.688582558903299,4.928808185937796,267.2246514714417,0.0,75,0.0,1.0
0.2400000000000308,9.694165315324469,5.426974797989953,323.972610038199,0.0,75,0.0,1.0
0.26000000000003,9.700027209887546,5.918577131529199,385.32510788046443,0.0,75,0.0,1.0
0.28000000000002223,9.70592257922616,6.356284808366798,444.4259222158199,0.0,75,0.0,1.0
0.3000000000000145,9.711916373805028,6.716875418660843,496.28056928791295,0.0,75,0.0,1.0
0.3200000000000067,9.718098567201329,7.000534706808854,539.0823479935887,0.0,75,0.0,1.0
0.33999999999999897,9.724242736902339,7.217455010299579,573.0082250826835,0.0,75,0.0,1.0
0.3599999999999912,9.730041314742081,7.377656535277769,598.7279754777945,0.0,75,0.0,1.0
0.37999999999998346,9.73555564135296,7.492094721501394,617.4463164754396,0.0,75,0.0,1.0
0.3999999999999757,9.741253452467324,7.576528509689729,631.441626839554,0.0,75,0.0,1.0
0.41999999999996795,9.747644246774168,7.649000056243277,643.5792204645062,0.0,75,0.0,1.0
0.4399999999999602,9.754944476872579,7.722842792390336,656.065308755729,0.0,75,0.0,1.0
0.45999999999995245,9.763026482786035,7.802305041959944,669.6356036457291,0.0,75,0.0,1.0
0.4799999999999447,9.771574400867513,7.883671404619665,683.6750229761959,0.0,75,0.0,1.0
0.49999999999993694,9.780254661913194,7.959941589822197,696.9673712471924,0.0,75,0.0,1.0
0.5199999999999569,9.788789765671083,8.025243003003961,708.4497778299044,0.0,75,0.0,1.0
0.5399999999999769,9.79695795198183,8.07678017114197,717.578157262473,0.0,75,0.0,1.0
0.559999999999997,9.804605995256127,8.11468079607969,724.3284886449094,0.0,75,0.0,1.0
0.580000000000017,9.811691438183505,8.141459763256194,729.1170378439156,0.0,75,0.0,1.0
0.600000000000037,9.818303104899295,8.161486401836425,732.7084631609698,0.0,75,0.0,1.0
0.620000000000057,9.824614484592901,8.180019565892302,736.0399210821896,0.0,75,0.0,1.0
0.640000000000077,9.830795253878842,8.20165165474101,739.9379885228755,0.0,75,0.0,1.0
0.660000000000097,9.836938288952737,8.228831262176946,744.850303355187,0.0,75,0.0,1.0
0.680000000000117,9.843042406397682,8.26133927625995,750.7469930122279,0.0,75,0.0,1.0
0.700000000000137,9.849039174584995,8.296937502311554,757.2308910899027,0.0,75,0.0,1.0
0.720000000000157,9.854834297786105,8.33266578155843,763.7665092987025,0.0,75,0.0,1.0
0.740000000000177,9.860337984764783,8.365978004576297,769.8854677035984,0.0,75,0.0,1.0
0.760000000000197,9.86548434353348,8.395427030172563,775.3151452084732,0.0,75,0.0,1.0
0.780000000000217,9.870245994051555,8.420857616145392,780.0192729053325,0.0,75,0.0,1.0
0.800000000000237,9.874646081324002,8.443234118513795,784.1702261803896,0.0,75,0.0,1.0
0.820000000000257,9.87875668093105,8.464265675878455,788.0817277503957,0.0,75,0.0,1.0
0.840000000000277,9.88267523776556,8.485838985717,792.1040962066598,0.0,75,0.0,1.0
0.860000000000297,9.886489917834908,8.509336851701251,796.4969502129306,0.0,75,0.0,1.0
0.880000000000317,9.890254099393992,8.535121955155766,801.331374683202,0.0,75,0.0,1.0
0.900000000000337,9.893977253482404,8.562472940148405,806.4753713585103,0.0,75,0.0,1.0
0.920000000000357,9.897633762739225,8.590013348167448,811.6716225386442,0.0,75,0.0,1.0
0.940000000000377,9.90118145079542,8.616293888826116,816.6457241648449,0.0,75,0.0,1.0
0.960000000000397,9.90457784218967,8.640317369706342,821.2059267417403,0.0,75,0.0,1.0
0.980000000000417,9.907792587546341,8.661752366183391,825.2854945839194,0.0,75,0.0,1.0
1.000000000000437,9.910815174588159,8.680913089671455,828.9407727747213,0.0,75,0.0,1.0
1.020000000000457,9.913657941099622,8.698545794335386,832.3116882976482,0.0,75,0.0,1.0
1.040000000000477,9.916351574275755,8.715547102263498,835.5683742095104,0.0,75,0.0,1.0
1.060000000000497,9.918934775226935,8.732703197707332,838.8611565317266,0.0,75,0.0,1.0
1.080000000000517,9.921441434956273,8.750437168042668,842.2716569504884,0.0,75,0.0,1.0
1.100000000000537,9.923890138973977,8.76872408369869,845.7957426164116,0.0,75,0.0,1.0
1.120000000000557,9.926280237316275,8.7871076054872,849.3458607745212,0.0,75,0.0,1.0
1.140000000000577,9.928595733630429,8.804934559671478,852.7955986010688,0.0,75,0.0,1.0
1.160000000000597,9.930813230684347,8.821609826617003,856.0287992637224,0.0,75,0.0,1.0
1.180000000000617,9.932911282367833,8.83680346158063,858.9800496046373,0.0,75,0.0,1.0
1.200000000000637,9.934877470967251,8.850568911021748,861.6582705361916,0.0,75,0.0,1.0
1.220000000000657,9.936711120988324,8.863265534680341,864.1322353207763,0.0,75,0.0,1.0
1.240000000000677,9.938421829249268,8.875390143261203,866.4980521460793,0.0,75,0.0,1.0
1.260000000000697,9.940025311854846,8.88737928292682,868.8406157045654,0.0,75,0.0,1.0
1.280000000000717,9.941537647412668,8.899516531931374,871.2153395233181,0.0,75,0.0,1.0
1.300000000000737,9.942971677840932,8.911845238256653,873.6308410570156,0.0,75,0.0,1.0
1.320000000000757,9.944334000940843,8.924235464455398,876.0617648754779,0.0,75,0.0,1.0
1.340000000000777,9.945624776710178,8.936469302375476,878.4653195152915,0.0,75,0.0,1.0
1.360000000000797,9.946838609469275,8.948313212584228,880.7954028556042,0.0,75,0.0,1.0
1.380000000000817,9.947967431475965,8.959572192258682,883.0132725512453,0.0,75,0.0,1.0
1.400000000000837,9.949003810042552,8.970164003623825,885.1022647709948,0.0,75,0.0,1.0
1.420000000000857,9.94994490455609,8.980136123979365,887.0712928571904,0.0,75,0.0,1.0
1.440000000000877,9.950793609578737,8.989653095172091,888.9524904869088,0.0,75,0.0,1.0
1.460000000000897,9.95155802136822,8.998927883779965,890.7877336321981,0.0,75,0.0,1.0
1.480000000000917,9.952248218493228,9.008151935987614,892.6148143202114,0.0,75,0.0,1.0
1.500000000000937,9.952872571607273,9.017390606126332,894.4466667780096,0.0,75,0.0,1.0
1.520000000000957,9.953435533804704,9.02657072790679,896.2687701649409,0.0,75,0.0,1.0
1.540000000000977,9.953937462152359,9.035545544573495,898.0519161686813,0.0,75,0.0,1.0
1.560000000000997,9.954376300007274,9.044170400174117,899.7672005012421,0.0,75,0.0,1.0
1.580000000001017,9.954749019151325,9.052362724238495,901.3979798030084,0.0,75,0.0,1.0
1.600000000001037,9.955053161963857,9.060141457671753,902.9477955632467,0.0,75,0.0,1.0
1.620000000001057,9.955287182241925,9.067579255725242,904.4309291474461,0.0,75,0.0,1.0
1.640000000001077,9.955451099693407,9.074763495432595,905.8646574783961,0.0,75,0.0,1.0
1.660000000001097,9.955546723825124,9.08177288875288,907.2645868317552,0.0,75,0.0,1.0
1.680000000001117,9.955578334278018,9.088682918736966,908.645729170752,0.0,75,0.0,1.0
1.700000000001137,9.955551470800321,9.095559221511913,910.0211730723342,0.0,75,0.0,1.0
1.720000000001157,9.955471752762161,9.102421813564725,911.3949115926482,0.0,75,0.0,1.0
1.740000000001177,9.955342975594794,9.109257421461232,912.7642784749117,0.0,75,0.0,1.0
1.760000000001197,9.955166314939222,9.115980779213265,914.1121612368424,0.0,75,0.0,1.0
1.780000000001217,9.954940534088637,9.122487617772935,915.4175837006256,0.0,75,0.0,1.0
1.800000000001237,9.954664098725425,9.128682408955916,916.661267759393,0.0,75,0.0,1.0
1.820000000001257,9.954336302673404,9.134559579268307,917.8419657792263,0.0,75,0.0,1.0
1.840000000001277,9.95395780124456,9.140162944938968,918.9683652603893,0.0,75,0.0,1.0
1.860000000001297,9.953530267169285,9.145568811809872,920.0557178070437,0.0,75,0.0,1.0
1.880000000001317,9.953055375896,9.150835567717591,921.1157074614586,0.0,75,0.0,1.0
1.900000000001337,9.952534115803081,9.155983793895208,922.1524315747886,0.0,75,0.0,1.0
1.920000000001357,9.951967443894725,9.160988883038375,923.1608904666796,0.0,75,0.0,1.0
1.940000000001377,9.951356770388122,9.165849068349061,924.140680581309,0.0,75,0.0,1.0
1.960000000001397,9.950703584645003,9.17058823041459,925.0965734100045,0.0,75,0.0,1.0
1.980000000001417,9.950009320026918,9.175222901393019,926.0318681927162,0.0,75,0.0,1.0
2.000000000001437,9.949274778260108,9.179772781265429,926.950511472278,0.0,75,0.0,1.0
2.020000000001346,9.948499775715996,9.184231159347526,927.85112187163,0.0,75,0.0,1.0
2.040000000001255,9.94768427012181,9.188576335616933,928.7292858300544,0.0,75,0.0,1.0
2.060000000001164,9.946829406799916,9.19279263894184,929.5818015284162,0.0,75,0.0,1.0
2.080000000001073,9.945937418346878,9.1969193381058,930.4165784278688,0.0,75,0.0,1.0
2.100000000000982,9.945011206451092,9.200986566063047,931.2396916775994,0.0,75,0.0,1.0
2.120000000000891,9.944053382384585,9.205002013858792,932.0526828265886,0.0,75,0.0,1.0
2.1400000000008,9.94306504458094,9.208943821582235,932.8511093996337,0.0,75,0.0,1.0
2.160000000000709,9.94204617349959,9.212754464595347,933.6232930741367,0.0,75,0.0,1.0
2.180000000000618,9.940996443755221,9.21637454812175,934.3571579239305,0.0,75,0.0,1.0
2.200000000000527,9.939916074675725,9.219793951637218,935.0506056171085,0.0,75,0.0,1.0
2.220000000000436,9.93880544968735,9.223050675346121,935.711301360028,0.0,75,0.0,1.0
2.240000000000345,9.937665172576557,9.22617680484357,936.3457227765687,0.0,75,0.0,1.0
2.260000000000254,9.936495281568467,9.229205598143944,936.9605957009265,0.0,75,0.0,1.0
2.280000000000163,9.935295316165904,9.232146871362884,937.5578943985704,0.0,75,0.0,1.0
2.3000000000000718,9.934065271807388,9.234997087864755,938.1368833415756,0.0,75,0.0,1.0
2.3199999999999807,9.93280633387471,9.237762943996312,938.6989063041855,0.0,75,0.0,1.0
2.3399999999998897,9.931520312778769,9.24049568375992,939.254365297443,0.0,75,0.0,1.0
2.3599999999997987,9.93020937886775,9.243229145871776,939.8101354740284,0.0,75,0.0,1.0
2.3799999999997077,9.928875248953211,9.245961674710724,940.3658801924149,0.0,75,0.0,1.0
2.3999999999996167,9.927518368653333,9.248675330485387,940.9179490560189,0.0,75,0.0,1.0
2.4199999999995256,9.926139024350412,9.251320878230011,941.4563179117196,0.0,75,0.0,1.0
2.4399999999994346,9.924737870752692,9.253861981677824,941.9735773353644,0.0,75,0.0,1.0
2.4599999999993436,9.923316214722986,9.256298762782848,942.469734644848,0.0,75,0.0,1.0
2.4799999999992526,9.92187543184082,9.258658637874769,942.9503574996237,0.0,75,0.0,1.0
2.4999999999991616,9.920416606437506,9.260939763634148,943.4150583622612,0.0,75,0.0,1.0
2.5199999999990705,9.918939608821134,9.263132896795051,943.8619417005534,0.0,75,0.0,1.0
2.5399999999989795,9.917443773659937,9.265209187763865,944.2851142232633,0.0,75,0.0,1.0
2.5599999999988885,9.915928538256935,9.267147707267533,944.6802929114529,0.0,75,0.0,1.0
2.5799999999987975,9.914394252617914,9.268953317329204,945.0484515871087,0.0,75,0.0,1.0
2.5999999999987065,9.912841512213543,9.270679613554174,945.4005054688586,0.0,75,0.0,1.0
2.6199999999986154,9.911271075194856,9.272368414521384,945.744976160752,0.0,75,0.0,1.0
2.6399999999985244,9.9096832440976,9.274029740566217,946.0839039179735,0.0,75,0.0,1.0
2.6599999999984334,9.908077774815666,9.275669214029362,946.418433049013,0.0,75,0.0,1.0
2.6799999999983424,9.906454806989052,9.27727247521782,946.7456303737761,0.0,75,0.0,1.0
2.6999999999982514,9.904815478505315,9.278841738802473,947.065944151172,0.0,75,0.0,1.0
2.7199999999981603,9.903161538362054,9.280399174606373,947.3838972403812,0.0,75,0.0,1.0
2.7399999999980693,9.901494875845916,9.281975752245629,947.7058125180338,0.0,75,0.0,1.0
2.7599999999979783,9.899816860622503,9.283555606179998,948.0284516233968,0.0,75,0.0,1.0
2.7799999999978873,9.898127773575894,9.285108294310675,948.3455964078457,0.0,75,0.0,1.0
2.7999999999977963,9.896427547576936,9.286588506493532,948.6479869783154,0.0,75,0.0,1.0
2.8199999999977052,9.894716277329707,9.287964618936327,948.9291543887432,0.0,75,0.0,1.0
2.839999999997614,9.892994689601672,9.289228989803592,949.1875274750821,0.0,75,0.0,1.0
2.859999999997523,9.891263331803257,9.290413462894032,949.4296054267495,0.0,75,0.0,1.0
2.879999999997432,9.889522509210261,9.291532960980552,949.6584324148683,0.0,75,0.0,1.0
2.899999999997341,9.887771574604558,9.292576479128204,949.8717538249141,0.0,75,0.0,1.0
2.91999999999725,9.886009596630455,9.293539710217233,950.0686837992307,0.0,75,0.0,1.0
2.939999999997159,9.884235981102485,9.294418139236953,950.248294016746,0.0,75,0.0,1.0
2.959999999997068,9.882451199944304,9.295235695838823,950.4154730531587,0.0,75,0.0,1.0
2.979999999996977,9.880656190284842,9.296032945885884,950.5785138409536,0.0,75,0.0,1.0
2.999999999996886,9.878852076174255,9.296856092333009,950.7468652170433,0.0,75,0.0,1.0
3.019999999996795,9.877039467940445,9.297707029373688,950.9209160447139,0.0,75,0.0,1.0
3.039999999996704,9.875218628441015,9.298568998944267,951.0972397094014,0.0,75,0.0,1.0
3.059999999996613,9.873389880418175,9.299420906678334,951.2715211952268,0.0,75,0.0,1.0
3.079999999996522,9.871554160698592,9.300250032443177,951.4411573255525,0.0,75,0.0,1.0
3.099999999996431,9.869713059935712,9.301056327113226,951.6061368014628,0.0,75,0.0,1.0
3.11999999999634,9.867867803848599,9.301857136514784,951.7700080694411,0.0,75,0.0,1.0
3.139999999996249,9.866019120275304,9.302641069699249,951.9304395882069,0.0,75,0.0,1.0
3.159999999996158,9.86416671731967,9.303367137402988,952.0790410264086,0.0,75,0.0,1.0
3.179999999996067,9.862309919839019,9.304007534179371,952.2101181567316,0.0,75,0.0,1.0
3.199999999995976,9.860448204940353,9.304542447077912,952.3196116442208,0.0,75,0.0,1.0
3.219999999995885,9.858581851577242,9.304983719212577,952.4099421629223,0.0,75,0.0,1.0
3.239999999995794,9.856710619125543,9.305361809912304,952.4873425471183,0.0,75,0.0,1.0
3.259999999995703,9.854834067094666,9.30570610242805,952.5578267124333,0.0,75,0.0,1.0
3.2799999999956118,9.852951570125844,9.306020384109317,952.6221692840393,0.0,75,0.0,1.0
3.2999999999955207,9.851062542283197,9.306300518900576,952.6795228289805,0.0,75,0.0,1.0
3.3199999999954297,9.84916671535086,9.306552443419797,952.731102203353,0.0,75,0.0,1.0
3.3399999999953387,9.847264798877355,9.306795208156668,952.7808075122472,0.0,75,0.0,1.0
3.3599999999952477,9.845358139118904,9.3070574704973,952.8345063505355,0.0,75,0.0,1.0
3.3799999999951567,9.843448112604932,9.307365550079409,952.8975883108546,0.0,75,0.0,1.0
3.3999999999950656,9.841535477487403,9.307718724824102,952.9699064648535,0.0,75,0.0,1.0
3.4199999999949746,9.839620549629206,9.308076056689995,953.0430786483812,0.0,75,0.0,1.0
3.4399999999948836,9.83770348427289,9.308410834062961,953.1116348127078,0.0,75,0.0,1.0
3.4599999999947926,9.835784707753893,9.308700443221985,953.170943358053,0.0,75,0.0,1.0
3.4799999999947016,9.833865237354125,9.308943376316407,953.2206946181162,0.0,75,0.0,1.0
3.4999999999946105,9.831945622917969,9.309144796734536,953.2619453122666,0.0,75,0.0,1.0
3.5199999999945195,9.830025978472849,9.309309229155257,953.2956215643877,0.0,75,0.0,1.0
3.5399999999944285,9.828105534357949,9.309412844291328,953.3168425600201,0.0,75,0.0,1.0
3.5599999999943375,9.826183299318453,9.309434573213,953.3212928022687,0.0,75,0.0,1.0
3.5799999999942465,9.82425849677856,9.309376362227898,953.3093707896828,0.0,75,0.0,1.0
3.5999999999941554,9.822331229552846,9.309261277107566,953.2858007799983,0.0,75,0.0,1.0
3.6199999999940644,9.82040188392573,9.309127529105087,953.258408884564,0.0,75,0.0,1.0
3.6399999999939734,9.818470947289075,9.309007526895838,953.2338324938371,0.0,75,0.0,1.0
3.6599999999938824,9.816538358718176,9.308917270467129,953.2153482324129,0.0,75,0.0,1.0
3.6799999999937913,9.814604057031563,9.308836858742588,953.1988802895303,0.0,75,0.0,1.0
3.6999999999937003,9.812668210066631,9.308765538551656,953.1842743689958,0.0,75,0.0,1.0
3.7199999999936093,9.810731655027157,9.308705568647552,953.1719930014694,0.0,75,0.0,1.0
3.7399999999935183,9.808795861546649,9.308669593535559,953.164625617748,0.0,75,0.0,1.0
3.7599999999934273,9.806862101588846,9.308660541959755,953.1627719398232,0.0,75,0.0,1.0
3.7799999999933362,9.804930936167331,9.308673654341135,953.1654572332722,0.0,75,0.0,1.0
3.7999999999932452,9.803002319301092,9.308668453452446,953.1643921393083,0.0,75,0.0,1.0
3.819999999993154,9.801075872466559,9.308606630056095,953.1517313243673,0.0,75,0.0,1.0
3.839999999993063,9.799151313672084,9.30847356035144,953.1244802613797,0.0,75,0.0,1.0
3.859999999992972,9.797228918264368,9.308272773771847,953.0833623403646,0.0,75,0.0,1.0
3.879999999992881,9.795308795112362,9.308023377804533,953.0322912193128,0.0,75,0.0,1.0
3.89999999999279,9.793390769602373,9.307738062127667,952.9738661649811,0.0,75,0.0,1.0
3.919999999992699,9.79147400717167,9.307422125247232,952.9091727929588,0.0,75,0.0,1.0
3.939999999992608,9.789557619295815,9.307058816404814,952.8347819322042,0.0,75,0.0,1.0
3.959999999992517,9.787641031474855,9.30666124360928,952.7533785362895,0.0,75,0.0,1.0
3.979999999992426,9.785724459586865,9.30625348163073,952.6698925080049,0.0,75,0.0,1.0
3.999999999992335,9.783808843277782,9.305870312895992,952.5914450848285,0.0,75,0.0,1.0
4.019999999992466,9.781895113854892,9.305532356359858,952.522256787863,0.0,75,0.0,1.0
4.039999999992597,9.779983714100965,9.305250761389798,952.4646090557997,0.0,75,0.0,1.0
4.059999999992728,9.778074907300557,9.305000564969266,952.4133906548619,0.0,75,0.0,1.0
4.079999999992859,9.776168930206007,9.304753753151145,952.3628664745834,0.0,75,0.0,1.0
4.09999999999299,9.774266322209074,9.304501481523612,952.311226016426,0.0,75,0.0,1.0
4.119999999993121,9.772368144353822,9.304241292053561,952.2579662282998,0.0,75,0.0,1.0
4.139999999993252,9.770475238283398,9.303976302784257,952.203725470481,0.0,75,0.0,1.0
4.159999999993383,9.768587729387878,9.303694626089026,952.146070650696,0.0,75,0.0,1.0
4.179999999993514,9.766705060442735,9.303376355892727,952.0809278132222,0.0,75,0.0,1.0
4.199999999993645,9.764826353689902,9.302985109683224,952.0008514608655,0.0,75,0.0,1.0
4.219999999993776,9.762950813487652,9.30251946890389,951.905553162695,0.0,75,0.0,1.0
4.239999999993907,9.761078186819187,9.301995429289555,951.7983086317615,0.0,75,0.0,1.0
4.259999999994038,9.759208667279298,9.301444577205249,951.6855834510303,0.0,75,0.0,1.0
4.279999999994169,9.757342250711744,9.300889330879471,951.5719657979433,0.0,75,0.0,1.0
4.2999999999943,9.755478535043078,9.30034779675702,951.4611605470748,0.0,75,0.0,1.0
4.319999999994431,9.753617118039646,9.299815263779257,951.3522033446382,0.0,75,0.0,1.0
4.339999999994562,9.75175786535163,9.299286153961319,951.2439527058236,0.0,75,0.0,1.0
4.3599999999946935,9.749901247980217,9.29877750338365,951.1398936317727,0.0,75,0.0,1.0
4.3799999999948245,9.748048481672955,9.298306314772338,951.0435035566866,0.0,75,0.0,1.0
4.3999999999949555,9.74620080015029,9.297887610913948,950.9578542770579,0.0,75,0.0,1.0
4.4199999999950865,9.744358808841415,9.297510323324756,950.8806803356346,0.0,75,0.0,1.0
4.4399999999952176,9.742522675627303,9.297151792604737,950.8073460020682,0.0,75,0.0,1.0
4.459999999995349,9.7406922964236,9.296767577193833,950.7287612279875,0.0,75,0.0,1.0
4.47999999999548,9.738867586796111,9.29634177238222,950.6416738383246,0.0,75,0.0,1.0
4.499999999995611,9.737048786312616,9.295872187469861,950.5456369835326,0.0,75,0.0,1.0
4.519999999995742,9.73523629037953,9.29536810427009,950.4425501326989,0.0,75,0.0,1.0
4.539999999995873,9.73342985968809,9.294831251050665,950.3327678405888,0.0,75,0.0,1.0
4.559999999996004,9.731628696753619,9.294258483608633,950.2156483614415,0.0,75,0.0,1.0
4.579999999996135,9.72983178894793,9.293640100207941,950.0892094341239,0.0,75,0.0,1.0
4.599999999996266,9.728038298635209,9.29297040876001,949.9522891989809,0.0,75,0.0,1.0
4.619999999996397,9.726247963600896,9.292277080125308,949.8105466720433,0.0,75,0.0,1.0
4.639999999996528,9.72446127319963,9.291591616793195,949.6704225058774,0.0,75,0.0,1.0
4.659999999996659,9.722678836038028,9.290947216318099,949.5387019404993,0.0,75,0.0,1.0
4.67999999999679,9.720900872748404,9.29034909328821,949.4164490267718,0.0,75,0.0,1.0
4.699999999996921,9.719127500436654,9.28979551964253,949.3033087644745,0.0,75,0.0,1.0
4.719999999997052,9.7173588946922,9.289261938886527,949.1942610617048,0.0,75,0.0,1.0
4.739999999997183,9.715595520506232,9.288742776850247,949.0881661193641,0.0,75,0.0,1.0
4.759999999997314,9.713838292823334,9.288241057891215,948.9856414444573,0.0,75,0.0,1.0
4.779999999997445,9.712088382505913,9.2877593675475,948.8872147641296,0.0,75,0.0,1.0
4.799999999997576,9.710346130011908,9.287288392856995,948.790982613059,0.0,75,0.0,1.0
4.819999999997707,9.70861132136668,9.286800654639036,948.6913303890442,0.0,75,0.0,1.0
4.839999999997838,9.706883309230593,9.28626989505041,948.5828942009149,0.0,75,0.0,1.0
4.859999999997969,9.705161385057936,9.285669601549326,948.4602594405095,0.0,75,0.0,1.0
4.8799999999981,9.703445128928688,9.285011586676449,948.3258418118749,0.0,75,0.0,1.0
4.899999999998231,9.701734567340477,9.284314796422969,948.1835136298631,0.0,75,0.0,1.0
4.919999999998362,9.700029596564967,9.283606638864194,948.0388744767968,0.0,75,0.0,1.0
4.939999999998493,9.69832964845075,9.282890321426564,947.8925799159847,0.0,75,0.0,1.0
4.959999999998624,9.696634072372316,9.282174572226216,947.7464126821124,0.0,75,0.0,1.0
4.979999999998755,9.694942412148759,9.281455377222198,947.5995531130353,0.0,75,0.0,1.0
4.999999999998886,9.693254709275202,9.280744487363357,947.4544006369788,0.0,75,0.0,1.0
5.019999999999017,9.691571667214456,9.280068183986291,947.3163204937808,0.0,75,0.0,1.0
5.039999999999148,9.68989453530696,9.279446437963484,947.1893881453651,0.0,75,0.0,1.0
5.059999999999279,9.688223916222604,9.278883956917548,947.0745623453605,0.0,75,0.0,1.0
5.07999999999941,9.686560167675268,9.278357166565371,946.9670288139047,0.0,75,0.0,1.0
5.099999999999541,9.684903353874404,9.277843335633564,946.8621465661616,0.0,75,0.0,1.0
5.119999999999672,9.683253534448527,9.27730798523795,946.7528779825583,0.0,75,0.0,1.0
5.139999999999803,9.681610972880671,9.276749826195761,946.6389607160539,0.0,75,0.0,1.0
5.159999999999934,9.67997617784429,9.27616911816853,946.5204485974988,0.0,75,0.0,1.0
5.180000000000065,9.67834926736823,9.275572293340588,946.3986550588634,0.0,75,0.0,1.0
5.2000000000001965,9.676729640304544,9.274940244326112,946.2696818940213,0.0,75,0.0,1.0
5.2200000000003275,9.675116358548562,9.27426628896707,946.1321671853813,0.0,75,0.0,1.0
5.2400000000004585,9.673508457138581,9.273539754810841,945.9839354246283,0.0,75,0.0,1.0
5.2600000000005895,9.671905313170186,9.272768248793922,945.8265409542475,0.0,75,0.0,1.0
5.280000000000721,9.670306865604083,9.271985053760867,945.666775208814,0.0,75,0.0,1.0
5.300000000000852,9.668713635446332,9.271220988084615,945.5109247089072,0.0,75,0.0,1.0
5.320000000000983,9.667125605200182,9.270498447186617,945.3635560521842,0.0,75,0.0,1.0
5.340000000001114,9.665542784831876,9.269810861891251,945.2233275676074,0.0,75,0.0,1.0
5.360000000001245,9.663965161036066,9.26915872269221,945.0903376910717,0.0,75,0.0,1.0
5.380000000001376,9.662393003831793,9.268524441144939,944.9609984771121,0.0,75,0.0,1.0
5.400000000001507,9.660827013790662,9.267918097557889,944.8373644934514,0.0,75,0.0,1.0
5.420000000001638,9.659268307730288,9.26734490581776,944.7204976372503,0.0,75,0.0,1.0
5.440000000001769,9.657717691152742,9.266807043676273,944.6108406320102,0.0,75,0.0,1.0
5.4600000000019,9.656175265344578,9.266275614092907,944.5025013196616,0.0,75,0.0,1.0
5.480000000002031,9.654640707314842,9.265725919796912,944.3904450287597,0.0,75,0.0,1.0
5.500000000002162,9.653113467343768,9.265131898949564,944.2693601542603,0.0,75,0.0,1.0
5.520000000002293,9.65159308448772,9.26447848929158,944.1361784640104,0.0,75,0.0,1.0
5.540000000002424,9.650079355112695,9.263782413425261,943.9943106361587,0.0,75,0.0,1.0
5.560000000002555,9.648572400528572,9.26306045012598,943.8471779295694,0.0,75,0.0,1.0
5.580000000002686,9.64707160144291,9.262328805960696,943.6980840070221,0.0,75,0.0,1.0
5.600000000002817,9.645576269250475,9.261579316312075,943.545365755736,0.0,75,0.0,1.0
5.620000000002948,9.644085670848675,9.260822840390219,943.3912364920247,0.0,75,0.0,1.0
5.640000000003079,9.64259943610978,9.260057558741794,943.2353259033213,0.0,75,0.0,1.0
5.66000000000321,9.64111777171187,9.25930927772496,943.0828913061987,0.0,75,0.0,1.0
5.680000000003341,9.639641531728264,9.258604367878291,942.9393032498447,0.0,75,0.0,1.0
5.700000000003472,9.638171538072786,9.25796140979918,942.8083441186388,0.0,75,0.0,1.0
5.720000000003603,9.636708180862644,9.257370140266453,942.6879210528662,0.0,75,0.0,1.0
5.740000000003734,9.63525167733376,9.256809504090448,942.5737441452117,0.0,75,0.0,1.0
5.760000000003865,9.633802146438923,9.25625970238247,942.4617804574459,0.0,75,0.0,1.0
5.780000000003996,9.63235984396894,9.25569669623245,942.3471346591311,0.0,75,0.0,1.0
5.800000000004127,9.630925205079718,9.255125473006581,942.2308227320482,0.0,75,0.0,1.0
5.820000000004258,9.629498848005348,9.254545262172394,942.1126881055727,0.0,75,0.0,1.0
5.840000000004389,9.628080468400261,9.25395325464374,941.9921592304462,0.0,75,0.0,1.0
5.86000000000452,9.626669424607655,9.253321025808665,941.8634500734,0.0,75,0.0,1.0
5.880000000004651,9.62526454339091,9.252643902853192,941.7256111230699,0.0,75,0.0,1.0
5.900000000004782,9.623864419305216,9.251911822042725,941.5765959913933,0.0,75,0.0,1.0
5.920000000004913,9.622468554240688,9.251140349666056,941.4195754614134,0.0,75,0.0,1.0
5.940000000005044,9.621077061544272,9.2503631134728,941.2613950420799,0.0,75,0.0,1.0
5.960000000005175,9.619690070888247,9.249608284098095,941.107787501817,0.0,75,0.0,1.0
5.980000000005306,9.61830739943163,9.24888472559171,940.96055534012,0.0,75,0.0,1.0
6.000000000005437,9.616928923383062,9.248187399153647,940.8186718685072,0.0,75,0.0,1.0
6.0200000000055685,9.615554646962696,9.247519952803684,940.6828780525246,0.0,75,0.0,1.0
6.0400000000056995,9.614184973014005,9.246872673459155,940.5511966308222,0.0,75,0.0,1.0
6.0600000000058305,9.61282071097632,9.24626239331314,940.4270507059651,0.0,75,0.0,1.0
6.0800000000059615,9.611463032892143,9.245694131282947,940.3114596616393,0.0,75,0.0,1.0
6.1000000000060925,9.610112384851663,9.245163254824373,940.2034796919028,0.0,75,0.0,1.0
6.120000000006224,9.608768837503904,9.244633989318395,940.0958335610703,0.0,75,0.0,1.0
6.140000000006355,9.607432083585085,9.244085357099479,939.984254982751,0.0,75,0.0,1.0
6.160000000006486,9.606101720445754,9.243495072225791,939.8642126528872,0.0,75,0.0,1.0
6.180000000006617,9.604777472483358,9.24285494953264,939.7340437991004,0.0,75,0.0,1.0
6.200000000006748,9.603459362419564,9.242181880652518,939.5971850656789,0.0,75,0.0,1.0
6.220000000006879,9.60214722924962,9.241489518937778,939.4564138150047,0.0,75,0.0,1.0
6.24000000000701,9.600840374034231,9.240781894194342,939.3125501767697,0.0,75,0.0,1.0
6.260000000007141,9.599538047877056,9.240050327337176,939.1638305689625,0.0,75,0.0,1.0
6.280000000007272,9.598239559967176,9.239307770748084,939.0128889086652,0.0,75,0.0,1.0
6.300000000007403,9.596944660448196,9.238556347887616,938.8601573240403,0.0,75,0.0,1.0
6.320000000007534,9.595653647181948,9.237827006843482,938.7119258920349,0.0,75,0.0,1.0
6.340000000007665,9.594367364389383,9.237145356829483,938.5733977751613,0.0,75,0.0,1.0
6.360000000007796,9.593086330321167,9.236523060206942,938.4469406590806,0.0,75,0.0,1.0
6.380000000007927,9.59181085694858,9.23594524276999,938.3295298019017,0.0,75,0.0,1.0
6.400000000008058,9.590541137317128,9.235393682554088,938.2174611893596,0.0,75,0.0,1.0
6.420000000008189,9.589277374836445,9.234853436316946,938.107697892804,0.0,75,0.0,1.0
6.44000000000832,9.588019946682703,9.234306462604904,937.9965742983736,0.0,75,0.0,1.0
6.460000000008451,9.586769475836999,9.233759544354108,937.8854685524562,0.0,75,0.0,1.0
6.480000000008582,9.585526347201204,9.233210517941206,937.7739411548214,0.0,75,0.0,1.0
6.500000000008713,9.584290198574385,9.23264728642338,937.659535070511,0.0,75,0.0,1.0
6.520000000008844,9.583060375418086,9.232041216233531,937.5364352005818,0.0,75,0.0,1.0
6.540000000008975,9.581835998396555,9.231389584794162,937.4040903287073,0.0,75,0.0,1.0
6.560000000009106,9.580616366751203,9.230688192156292,937.2616495089495,0.0,75,0.0,1.0
6.580000000009237,9.579401149862838,9.22995565114656,937.1128945434555,0.0,75,0.0,1.0
6.600000000009368,9.57819047117688,9.229224198019987,936.9643722704943,0.0,75,0.0,1.0
6.620000000009499,9.576984243333191,9.228514056509812,936.8201886031912,0.0,75,0.0,1.0
6.64000000000963,9.575782212471644,9.227829773950722,936.6812657071258,0.0,75,0.0,1.0
6.660000000009761,9.57458422744716,9.22716645292797,936.5466082504325,0.0,75,0.0,1.0
6.680000000009892,9.573390330154902,9.226531553676928,936.4177296209559,0.0,75,0.0,1.0
6.700000000010023,9.572200978145286,9.22591920279657,936.2934365018355,0.0,75,0.0,1.0
6.720000000010154,9.571017095705928,9.22534794859597,936.1774924993027,0.0,75,0.0,1.0
6.740000000010285,9.569839616596113,9.22482245728116,936.070843051947,0.0,75,0.0,1.0
6.760000000010416,9.56866889275984,9.224330510602075,935.9710071370578,0.0,75,2.670693504905569e-10,1.000000000085462
6.780000000010547,9.567504952399608,9.22383844764284,935.8711578839975,0.0,75,1.7008352063737438e-8,1.0000000054426728
6.800000000010678,9.566347521874004,9.223326412201462,935.767288102788,0.0,75,1.233501302988727e-7,1.0000000394720416
6.820000000010809,9.565196292410107,9.222776953815927,935.6558992085407,0.0,75,4.578016499190771e-7,1.000000146496528
6.84000000001094,9.564051093019577,9.222183669460666,935.5357531942739,0.0,75,1.219984371977774e-6,1.000000390394999
6.8600000000110715,9.562911962011855,9.221564154342653,935.4104981298079,0.0,75,2.666447177261239e-6,1.0000008532630966
6.8800000000112025,9.561778577706527,9.220925555657479,935.281677510192,0.0,75,5.106683290194992e-6,1.0000016341386528
6.9000000000113335,9.560650196771372,9.220268409297244,935.1495080352324,0.0,75,8.899340631810121e-6,1.0000028477890022
6.9200000000114645,9.559526068320386,9.219583121009112,935.0121652398052,0.0,75,1.444861761102544e-5,1.0000046235576354
6.940000000011596,9.558405541413585,9.21888494332725,934.8728771213933,0.0,75,2.2200836654051917e-5,1.0000071042677292
6.960000000011727,9.557288409213564,9.218178628324834,934.7327528107924,0.0,75,3.264118805342789e-5,1.000010445180177
6.980000000011858,9.556175052696153,9.217494693774881,934.5981367281632,0.0,75,4.629063699121217e-5,1.000014813003837
7.000000000011989,9.5550661083066,9.216858184976862,934.4742716501332,0.0,75,6.370298685537049e-5,1.0000203849557938
7.02000000001212,9.55396198456716,9.216273221242252,934.3621650902293,0.0,75,8.546209222456135e-5,1.0000273478695119
7.040000000012251,9.552862913562658,9.215726535612227,934.2593075994768,0.0,75,0.00011217921514454097,1.0000358973488463
7.060000000012382,9.551769071095427,9.215199946503791,934.1622014233541,0.0,75,0.00014449051855944259,1.000046236965939
7.080000000012513,9.55068068072544,9.214683244696696,934.0689725224113,0.0,75,0.00018305469099342788,1.000058577501118
7.100000000012644,9.549598145351796,9.214159458553285,933.976382313681,0.0,75,0.00022855069680283836,1.0000731362229769
7.120000000012775,9.548522076491889,9.2136366667353,933.8862762726033,0.0,75,0.00028167564653618077,1.0000901362068915
7.140000000012906,9.547452671811543,9.213108607530087,933.7975973875331,0.0,75,0.0003431427821492433,1.0001098056902877
7.160000000013037,9.546389512043778,9.21256029225333,933.7075239957546,0.0,75,0.00041367957202554647,1.0001323774630482
7.180000000013168,9.545331915475353,9.21196349416184,933.6105551640491,0.0,75,0.0004940259109483657,1.0001580882915035
7.200000000013299,9.54427901938218,9.211316403019683,933.5065481802461,0.0,75,0.0005849324203599071,1.000187178374515
7.22000000001343,9.543230138557101,9.210617952923544,933.3955138147484,0.0,75,0.0006871588444260471,1.0002198908302162
7.240000000013561,9.542184978676833,9.209884748424582,933.2810462198546,0.0,75,0.0008014725376015496,1.0002564712120325
7.260000000013692,9.541143497087955,9.209148936624088,933.1698904700262,0.0,75,0.0009286470395610307,1.0002971670526595
7.280000000013823,9.54010547873735,9.208423302640895,933.064868080242,0.0,75,0.001069460733525299,1.000342227434728
7.300000000013954,9.53907056579821,9.207713386871353,932.9673330376983,0.0,75,0.0012246955841712784,1.0003919025869348
7.320000000014085,9.538038550351688,9.207012711886502,932.8762045169505,0.0,75,0.0013951359514666442,1.0004464435044693
7.340000000014216,9.53700942847731,9.206332255351668,932.7939392495667,0.0,75,0.0015815674769177714,1.0005061015926138
7.360000000014347,9.535983596145154,9.205666667582687,932.7196853116665,0.0,75,0.0017847760388617453,1.0005711283324357
7.380000000014478,9.534961922207781,9.20503448668074,932.6574312114343,0.0,75,0.002005546773570215,1.0006417749675425
7.400000000014609,9.533945071974546,9.204438383553274,932.6079497212041,0.0,75,0.0022446631590649015,1.0007182922109008
7.42000000001474,9.532933300116108,9.203862197566309,932.5681969350964,0.0,75,0.002502906158671762,1.000800929970775
7.440000000014871,9.53192652941657,9.203277138414322,932.5325683778775,0.0,75,0.002781053421463367,1.0008899370948683
7.460000000015002,9.530924442013465,9.202660896062918,932.4967709491749,0.0,75,0.0030798785368570314,1.0009855611317942
7.480000000015133,9.529926681054132,9.202001590497318,932.4586231381932,0.0,75,0.0034001503407498595,1.00108804810904
7.500000000015264,9.52893303973092,9.201290551853816,932.4165917830854,0.0,75,0.003742632270681252,1.001197642326618
7.520000000015395,9.52794340293659,9.200546754422588,932.3747441676285,0.0,75,0.004108081767618676,1.001314586165638
7.540000000015526,9.526957299410595,9.199771837880043,932.3336323037995,0.0,75,0.004497249722063837,1.0014391199110604
7.560000000015657,9.525973887386801,9.198967044523455,932.2937252346312,0.0,75,0.004910879962273833,1.0015714815879275
7.580000000015788,9.524992351573188,9.19812206422041,932.2531476885897,0.0,75,0.0053497087824856465,1.0017119068103955
7.600000000015919,9.524011988970496,9.197253080272034,932.2153918285464,0.0,75,0.005814464509122501,1.0018606286429192
7.62000000001605,9.523032507310944,9.196369136816724,932.182500330274,0.0,75,0.006305867103047376,1.002017877472975
7.640000000016181,9.522054212438201,9.195495403296515,932.159782677656,0.0,75,0.006824627796012235,1.0021838808947239
7.660000000016312,9.521077497737721,9.194657389498511,932.1526159786051,0.0,75,0.00737144875953184,1.0023588636030503
7.6800000000164435,9.520102638780067,9.19385499115827,932.16118248048,0.0,75,0.007947022804487853,1.0025430472974362
7.7000000000165745,9.519129738182064,9.193078928561658,932.1838010983099,0.0,75,0.008552033109843165,1.0027366505951498
7.7200000000167055,9.51815890531387,9.192309514173171,932.2166762747289,0.0,75,0.009187152978917323,1.0029398889532535
7.7400000000168365,9.517190281589032,9.191541975499563,932.2590331224977,0.0,75,0.009853045621742388,1.0031529745989576
7.7600000000169675,9.516224176355484,9.190757504670552,932.3072456177716,0.0,75,0.010550363962084097,1.003376116467867
7.780000000017099,9.515261053936058,9.189965859064008,932.3634784251583,0.0,75,0.01127975046777622,1.0036095201496884
7.80000000001723,9.51430092391394,9.18915750313624,932.4259786484564,0.0,75,0.012041837003076584,1.0038533878409845
7.820000000017361,9.513343309016573,9.188316687685454,932.4917275071892,0.0,75,0.012837244701811239,1.0041079183045796
7.840000000017492,9.512387457984119,9.187421477228492,932.5564446385722,0.0,75,0.013666583860129044,1.0043733068352414
7.860000000017623,9.511432495597907,9.186466584260092,932.6192230972042,0.0,75,0.014530453847742382,1.0046497452312775
7.880000000017754,9.510477670480364,9.185456274187064,932.6810912272381,0.0,75,0.015429443036581217,1.004937421771706
7.900000000017885,9.509522654330208,9.18440238693808,932.744612495964,0.0,75,0.016364128745836686,1.0052365211986678
7.920000000018016,9.508567214774772,9.18333764160032,932.8165898653289,0.0,75,0.017335077202418017,1.0055472247047739
7.940000000018147,9.507611046610746,9.182270953331708,932.8989908609184,0.0,75,0.01834284351589156,1.0058697099250853
7.960000000018278,9.506653726624977,9.181210303459675,932.9935911787458,0.0,75,0.01938797166701426,1.0062041509334445
7.980000000018409,9.505695022197484,9.18014832376612,933.0990441697885,0.0,75,0.020470994509015718,1.006550718242885
8.00000000001854,9.504734895417265,9.179098784019759,933.2182964891807,0.0,75,0.021592433780822647,1.0069095788098632
8.02000000001867,9.503773660687,9.178057695167992,933.3506822743859,0.0,75,0.022752800131458074,1.0072808960420665
8.040000000018802,9.502812032251851,9.17703984097616,933.4993507566851,0.0,75,0.023952593154883996,1.007664829809563
8.060000000018933,9.501850526605706,9.176046987342982,933.6648021837584,0.0,75,0.025192301434591582,1.0080615364590693
8.080000000019064,9.50088933955979,9.175061481818028,933.8435814285301,0.0,75,0.026472402597276845,1.0084711688311285
8.100000000019195,9.499928319151385,9.174060524352086,934.0311777648623,0.0,75,0.027793363374971153,1.0088938762799908
8.120000000019326,9.498967163966384,9.173020233260916,934.2228509565681,0.0,75,0.029155639675027885,1.0093298046960089
8.140000000019457,9.49800546327213,9.171934394202815,934.4174506626956,0.0,75,0.03055967665739539,1.0097790965303666
8.160000000019588,9.497042969353636,9.17079023909861,934.6124852311708,0.0,75,0.032005908818634646,1.010241890821963
8.180000000019719,9.49607941655333,9.16960699058426,934.8119782971089,0.0,75,0.033494760082167785,1.0107183232262937
8.20000000001985,9.495114221543053,9.168383966986982,935.0158952465614,0.0,75,0.03502664389426875,1.011208526046166
8.220000000019981,9.494146589614148,9.167122707399981,935.2246506487868,0.0,75,0.03660196332533265,1.0117126282641065
8.240000000020112,9.493175697759865,9.16581852887708,935.4373858098357,0.0,75,0.038221111175983896,1.0122307555763148
8.260000000020243,9.49220088840738,9.164484576076045,935.6568771607997,0.0,75,0.03988447008760606,1.012763030428034
8.280000000020374,9.491221833438807,9.16313443020849,935.8859907961355,0.0,75,0.041592412656897844,1.0133095720502072
8.300000000020505,9.490238734047697,9.1617862330185,936.128525748752,0.0,75,0.04334530155408029,1.0138704964973058
8.320000000020636,9.489251876513892,9.160464587118073,936.389604861423,0.0,75,0.045143489644400826,1.0144459166862083
8.340000000020767,9.488261489878381,9.159167863750215,936.6689917139784,0.0,75,0.046987320112597444,1.0150359424360311
8.360000000020898,9.487267675051754,9.15789094941848,936.9657337911424,0.0,75,0.048877126590005614,1.0156406805088019
8.38000000002103,9.486270563745052,9.156613034087439,937.2756607749557,0.0,75,0.05081323328400729,1.0162602346508822
8.40000000002116,9.48527027173173,9.155333068616093,937.5986390294189,0.0,75,0.0527959551095378,1.0168947056350521
8.420000000021291,9.484267088242953,9.154032731169629,937.9309921129926,0.0,75,0.05482559782238216,1.0175441913031622
8.440000000021422,9.483261272201885,9.15271626294505,938.273659141701,0.0,75,0.056902458154008094,1.0182087866092826
8.460000000021553,9.482252721364837,9.15137035250157,938.6239773612849,0.0,75,0.059026823947696413,1.0188885836632628
8.480000000021684,9.481240484717318,9.149959629621389,938.9747478749082,0.0,75,0.061198974295743384,1.0195836717746378
8.500000000021815,9.480224478163883,9.148514337146498,939.3322267872257,0.0,75,0.06341917967752382,1.0202941374968075
8.520000000021946,9.479204948952825,9.14704798245421,939.6992417634334,0.0,75,0.06568770209821435,1.0210200646714287
8.540000000022077,9.478179983868818,9.145518206817664,940.0671386315636,0.0,75,0.06800479522798987,1.0217615344729567
8.560000000022209,9.47714893338249,9.143919450308521,940.4348098965705,0.0,75,0.07037070454151605,1.0225186254532852
8.58000000002234,9.476111185609247,9.14227749030613,940.8075917385344,0.0,75,0.07278566745757324,1.0232914135864235
8.60000000002247,9.475064267533595,9.140474148108867,941.1611838653848,0.0,75,0.07524991347865566,1.0240799723131697
8.620000000022602,9.47400719194529,9.138733271876022,941.5417018609523,0.0,75,0.0777636643304008,1.0248843725857282
8.640000000022733,9.47295000456238,9.137223070580738,941.9838971436966,0.0,75,0.08032713410071318,1.0257046829122283
8.660000000022864,9.471891204959825,9.135850534949594,942.4687165280594,0.0,75,0.08294052937845449,1.0265409694011054
8.680000000022995,9.470825256883224,9.134361390838171,942.943763665317,0.0,75,0.08560404939158216,1.0273932958053063
8.700000000023126,9.46975057423289,9.132746598843745,943.4071649671495,0.0,75,0.08831788614462494,1.0282617235662799
8.720000000023257,9.468663088010793,9.130708689791641,943.7974102516837,0.0,75,0.09108222455539332,1.0291463118577258
8.740000000023388,9.467556269944838,9.128564177374878,944.1798388321318,0.0,75,0.09389724259082781,1.0300471176290649
8.760000000023519,9.466450501481653,9.127197636454024,944.7375500702033,0.0,75,0.09676311140189775,1.0309641956486073
8.78000000002365,9.46535893704173,9.126113000301887,945.3681591742179,0.0,75,0.09967999545746685,1.0318975985463894
8.80000000002378,9.464269361660854,9.124885006786386,945.983662983979,0.0,75,0.1026480526770507,1.0328473768566562
8.820000000023912,9.46317086914946,9.123290357989323,946.5376891583225,0.0,75,0.10566743456239543,1.0338135790599665
8.840000000024043,9.462055633216716,9.120985336254234,946.9587189247721,0.0,75,0.10873828632781327,1.0347962516249003
8.860000000024174,9.460905781870025,9.117885839475866,947.2289876868103,0.0,75,0.11186074702921615,1.0357954390493491
8.880000000024305,9.459737371230831,9.115691023082084,947.7014628825457,0.0,75,0.11503494969179315,1.0368111839013738
8.900000000024436,9.458586549531757,9.114921407940837,948.4849034140003,0.0,75,0.11826102143628228,1.0378435268596102
8.920000000024567,9.457455345811024,9.113888436845942,949.2283819357411,0.0,75,0.12153908360379216,1.0388925067532135
8.940000000024698,9.45632096822493,9.11233659282643,949.8785030591747,0.0,75,0.12486925187913393,1.0399581606013228
8.960000000024829,9.455169325078,9.11012501354732,950.405615346079,0.0,75,0.12825163641262544,1.0410405236520401
8.98000000002496,9.453976267094234,9.106413960769174,950.6340668213354,0.0,75,0.1316863419403369,1.0421396294209078
9.000000000025091,9.452737455051846,9.103143926722497,950.9686295560653,0.0,75,0.1351734679027487,1.0432555097288796
9.020000000025222,9.451504085109882,9.10210383217512,951.7835842597326,0.0,75,0.13871310856179545,1.0443881947397746
9.040000000025353,9.450304844216598,9.102363103599252,952.8854592997037,0.0,75,0.14230535311627546,1.045537712997208
9.060000000025484,9.449130684128333,9.101428774748145,953.7526474326683,0.0,75,0.14595028581560465,1.0467040914609935
9.080000000025615,9.447947209004452,9.099481977508296,954.4223997212247,0.0,75,0.14964798607190213,1.0478873555430086
9.100000000025746,9.446727720742992,9.095587101997205,954.6977167409567,0.0,75,0.15339852857038988,1.0490875291425248
9.120000000025877,9.44544235081886,9.091117905448474,954.8662594440054,0.0,75,0.1572019833780994,1.0503046346809919
9.140000000026008,9.444133365508653,9.088797408030509,955.5002148159224,0.0,75,0.16105841605087498,1.05153869313628
9.16000000002614,9.442852660003286,9.089160655361752,956.7134557491395,0.0,75,0.16496788773866794,1.0527897240763737
9.18000000002627,9.441618855576522,9.089969841562649,958.0363198848379,0.0,75,0.1689304552891182,1.0540577456925178
9.200000000026401,9.440406620396528,9.088403013834988,958.8736414156931,0.0,75,0.1729461713494216,1.055342774831815
9.220000000026532,9.439164035075267,9.084376123711712,959.2060972610627,0.0,75,0.17701508446648168,1.056644827029274
9.240000000026663,9.437844246548648,9.078509687399425,959.1635435978333,0.0,75,0.18113723918534863,1.0579639165393115
9.260000000026794,9.436460096872198,9.074211376207153,959.465722038239,0.0,75,0.18531267614594918,1.0593000563667037
9.280000000026925,9.435078749180192,9.07361380816823,960.5648651850231,0.0,75,0.18954143217811165,1.0606532582969956
9.300000000027056,9.433744007966533,9.075274174607078,962.1578649496331,0.0,75,0.1938235403948922,1.0620235329263654
9.320000000027187,9.432463068589001,9.076345401742243,963.6422163716334,0.0,75,0.19815903028421164,1.0634108896909478
9.340000000027318,9.431192547374378,9.073455488607323,964.3005380503449,0.0,75,0.2025479277988098,1.0648153368956192
9.36000000002745,9.429848879503643,9.066528125960298,964.1140511732578,0.0,75,0.20699025544452906,1.0662368817422494
9.38000000002758,9.428410543682743,9.060148589958867,964.0567843528556,0.0,75,0.21148603236693816,1.0676755303574201
9.400000000027712,9.426941114850871,9.05785782849226,964.8831535750589,0.0,75,0.2160352744363081,1.0691312878196186
9.420000000027843,9.425502385052436,9.059396184199464,966.5406326043169,0.0,75,0.22063799433095274,1.070604158185905
9.440000000027974,9.424129336047317,9.062209022445623,968.4869192534063,0.0,75,0.22529420161895003,1.072094144518064
9.460000000028105,9.42280368485769,9.061723654928445,969.7444905744075,0.0,75,0.23000390283825745,1.0736012489082425
9.480000000028236,9.421439706089929,9.057192605813455,970.1503470367763,0.0,75,0.2347671015752356,1.0751254725040753
9.500000000028367,9.420030816012806,9.050064824102007,970.0126384784879,0.0,75,0.2395837985416009,1.0766668155333123
9.520000000028498,9.41858527476173,9.044104267717831,970.1375515258625,0.0,75,0.2444539916498187,1.078225277327942
9.540000000028629,9.417124408070913,9.043871246018892,971.5051214481225,0.0,75,0.24937767608695843,1.0798008563478267
9.56000000002876,9.415689719969942,9.046352264329226,973.4719685888346,0.0,75,0.25435484438702566,1.0813935502038483
9.58000000002889,9.414273935974702,9.04629083018896,974.907876292353,0.0,75,0.25938548650179166,1.0830033556805734
9.600000000029022,9.412788116058275,9.041114272927674,975.2553067245269,0.0,75,0.26446958987013786,1.0846302687584441
9.620000000029153,9.411260581569938,9.038332286945307,976.1325418293269,0.0,75,0.26960713948593495,1.0862742846354991
9.640000000029284,9.409830303814111,9.034016563985592,976.6918362290029,0.0,75,0.27479811796447506,1.0879353977486321
9.660000000029415,9.408385736869949,9.028719452366069,977.0516401032849,0.0,75,0.28004250560747856,1.0896136017943931
9.680000000029546,9.406926515497522,9.029852164167716,978.8173490688532,0.0,75,0.28534028046669335,1.091308889749342
9.700000000029677,9.40549358576885,9.031936188096592,980.8057725607287,0.0,75,0.29069141840610746,1.0930212538899544
9.720000000029808,9.403968244492505,9.02590535764191,981.0462042605913,0.0,75,0.29609589316279616,1.0947506858120948
9.740000000029939,9.402312863587452,9.022892326584403,981.9553766832348,0.0,75,0.30155367640642333,1.0964971764500555
9.76000000003007,9.400784843535948,9.025409188271759,984.0834686081898,0.0,75,0.3070647377974161,1.0982607160951732
9.780000000030201,9.39945029825835,9.025027577507398,985.5955838149616,0.0,75,0.3126290450438378,1.100041294414028
9.800000000030332,9.398070493172387,9.017808342305404,985.6274451011767,0.0,75,0.31824656395697243,1.1018389004662312
9.820000000030463,9.396627652813933,9.015855136804207,986.8230589731533,0.0,75,0.32391725850565045,1.103653522721808
9.840000000030594,9.395138428292032,9.009963322361857,987.1693073299267,0.0,75,0.32964109086932936,1.1054851490781854
9.860000000030725,9.393447649553597,9.004715010010788,987.6684328592419,0.0,75,0.3354180214899536,1.107333766876785
9.880000000030856,9.391759732060182,9.00928268762166,990.3363612538012,0.0,75,0.341248009122612,1.1091993629192358
9.900000000030987,9.39038041085068,9.018958216757436,994.1490846699576,0.0,75,0.3471310108850159,1.111081923483205
9.920000000031118,9.389223555010988,9.022119774342023,996.5469900427623,0.0,75,0.3530669823058167,1.1129814343378612
9.94000000003125,9.38795511370127,9.008973089509565,995.3558067373098,0.0,75,0.3590558773717834,1.1148978807589707
9.96000000003138,9.38649544023965,8.99410284097758,993.7930147648318,0.0,75,0.36509764857386223,1.116831247543636
9.980000000031511,9.384877487756807,8.984664438115798,993.4401133521997,0.0,75,0.37119224695213615,1.1187815190246835
10.000000000031642,9.383098517852686,8.987942475757237,995.9132014264273,0.0,75,0.3773396221397051,1.1207486790847057
10.020000000031773,9.381562595884153,9.00250308593499,1000.9113617295078,0.0,75,0.38353972240550915,1.122732711169763
10.040000000031904,9.380429057357684,9.020601500023337,1006.730784515669,0.0,75,0.38979249469611,1.124733598302755
10.060000000032035,9.37952269627637,9.02342356571989,1009.1679508246378,0.0,75,0.39609788467645574,1.1267513230964659
10.080000000032166,9.378379671048204,8.998482552413314,1005.4090878395087,0.0,75,0.4024558367696436,1.1287858677662859
10.100000000032297,9.376856791418348,8.966681520251077,1000.1295670196517,0.0,75,0.4088662941957033,1.130837214142625
10.120000000032428,9.375189884948918,8.966214525385254,1001.8542885712639,0.0,75,0.4153291990094181,1.1329053436830139
10.14000000003256,9.373553675406045,8.980993331481233,1007.0094799319188,0.0,75,0.4218444921372031,1.134990237483905
10.16000000003269,9.372339514563157,9.005248371490785,1014.3308466705444,0.0,75,0.42841211341306,1.1370918762921791
10.180000000032821,9.371572939139055,9.029564708045374,1021.7160003654127,0.0,75,0.4350320016136269,1.1392102405163607
10.200000000032952,9.370968017332139,9.023252712627276,1022.2002558110655,0.0,75,0.4417040944923399,1.1413453102375488
10.220000000033084,9.369897477020368,8.975335135930099,1013.2791057551073,0.0,75,0.4484283288127259,1.1434970652200722
10.240000000033215,9.368279442413371,8.936185232513292,1006.3634132493704,0.0,75,0.4552046403808437,1.14566548492187
10.260000000033346,9.366698968404418,8.95385754829015,1012.2747233947332,0.0,75,0.4620329640768941,1.1478505485046062
10.280000000033477,9.36542912654752,8.985974097010125,1021.5051867682587,0.0,75,0.46891323388600903,1.150052234843523
10.300000000033608,9.364678492843773,9.02132959037281,1031.5451388111726,0.0,75,0.4758453829282445,1.1522705225370382
10.320000000033739,9.364360335158212,9.04003687601175,1037.836771443991,0.0,75,0.4828293434877923,1.1545053899160935
10.34000000003387,9.364149991186002,9.034211167862361,1038.5208671253624,0.0,75,0.4898650470414226,1.1567568150532552
10.360000000034,9.3645057333926,9.095149096358691,1054.6419705400804,0.0,75,0.4969524242861803,1.1590247757715777
10.380000000034132,9.367326212859743,9.36198181236087,1119.6342016626484,0.0,75,0.5040914051663477,1.1613092496532311
10.400000000034263,9.373269766053976,9.504603269791764,1156.293801278417,0.08657617070877065,75,0.5112819188996872,1.1636102140478999
10.420000000034394,9.379079755649947,9.336990505753462,1118.0934925251593,0.0,75,0.518523894002988,1.1659276460809562
10.440000000034525,9.380199345256184,9.0628489892962,1055.5097406707964,0.0,75,0.5258172583169223,1.168261522661415
10.460000000034656,9.3816666268519,9.007426883701907,1044.737253893189,0.0,75,0.5331619390302313,1.170611820489674
10.480000000034787,9.385086600826131,9.387334020505257,1137.0178569918087,0.43231725718153624,75,0.5405578627032571,1.1729785160650423
10.500000000034918,9.390582683233255,10.152981776045777,1332.7582852333583,0.07511732518041683,75,0.5480049552908323,1.1753615856930664
10.520000000035049,9.4012795405364,10.571114206268135,1447.7427072340074,0.01159750681702146,75,0.5555031421645419,1.1777610054926533
10.54000000003518,9.41576881142054,10.215807986303647,1354.8311807669706,18.19911679467542,74,0.5630523481343742,1.1801767514029997
10.560000000035311,9.42947154001594,9.534402107138074,1182.5532862875198,420.304762226486,74,0.5706524974697728,1.1826087991903274
10.580000000035442,9.43633635231191,8.74017641375807,995.8005641354524,634.9613415685311,74,0.5783035139201026,1.1850571244544328
10.600000000035573,9.435591176180042,8.350406724174151,910.8555291506785,364.9935778410759,74,0.5860053207345453,1.1875217026350544
10.620000000035704,9.438041389262713,8.863517491064252,1028.3779931421739,0.0,75,0.5937578406814361,1.1900025090180595
10.640000000035835,9.443044506090093,10.318164895696112,1396.547866886226,4.330303413977605,75,0.6015609960670562,1.192499518741458
10.660000000035966,9.451420925503976,10.912773761862281,1565.436702420655,2.4739956645471626,75,0.6094147087538914,1.1950127068012453
10.680000000036097,9.465667303164127,10.675858481530298,1501.3746294661116,2.918695187892515,75,0.6173189001783723,1.197542048057079
10.700000000036228,9.479916392990134,9.26918461423962,1134.1974532076035,94.41716045690738,74,0.6252734913681045,1.2000875172377934
10.720000000036359,9.490175052342925,8.520307720743434,960.3779317504268,844.0158944688186,74,0.6332784029586074,1.2026490889467545
10.74000000003649,9.49260840602039,7.7684170800166985,800.0672841502395,585.4285376129003,74,0.6413335552095625,1.20522673766706
10.760000000036621,9.484307503603713,7.887226841523836,826.5016452859461,7.579628979441297,74,0.6494388680205971,1.207820437766591
10.780000000036752,9.486045433121221,9.575090289838968,1220.7259549478947,5.323846604325109,74,0.6575942609466016,1.2104301635029124
10.800000000036883,9.493479359163508,10.764021095936558,1546.0465863838103,3.4089082607565184,75,0.6657996532125992,1.2130558890280316
10.820000000037014,9.508227246976103,10.792761495243958,1557.6984942182644,0.0,75,0.6740549637281763,1.2156975883930163
10.840000000037145,9.523546810738864,9.22696525314347,1140.9967026558852,0.0,75,0.6823601111014875,1.218355235552476
10.860000000037276,9.535518426527187,9.85517889208874,1304.5106181401702,125.5925353591611,74,0.6907150136528382,1.2210288043689081
10.880000000037407,9.545458926984914,10.057910857454246,1361.7258851914305,0.5049835178693123,75,0.6991195894278631,1.2237182686169161
10.900000000037538,9.554982341120462,10.876429784651952,1595.900849473379,2.3448968914800346,75,0.7075737562103082,1.2264236019872987
10.92000000003767,9.576698093398669,11.877681150750071,1907.4758625100392,6.264639302599331,74,0.7160774315344226,1.2291447780910152
10.9400000000378,9.599626577439016,12.369924009889816,2073.4605513369843,3.2255271061447828,75,0.7246305326969761,1.2318817704630323
10.960000000037931,9.624337130814569,10.944584578494744,1626.7831886945503,3.7714882353838686,75,0.7332329767689048,1.2346345525660496
10.980000000038062,9.647607071756523,9.813712687628705,1310.90301523348,411.01072267875895,74,0.7418846806066024,1.2374030977941128
11.000000000038193,9.6668528301209,9.242520463356875,1165.3619509207447,165.89454668794633,74,0.7505855608628562,1.240187379476114
11.020000000038324,9.683292620146485,9.136595009522553,1141.3744609926312,0.5475360934794129,75,0.7593355339974479,1.2429873708791834
11.040000000038455,9.70003300499206,10.282218581897943,1448.8243525778084,0.0,75,0.768134516287418,1.2458030452119737
11.060000000038587,9.721932077478773,11.615886969582089,1853.2445306513157,2.26913316581569,75,0.776982423837008,1.2486343756278426
11.080000000038718,9.747578634872667,11.75514707799454,1902.2745455189502,2.120120909249191,75,0.7858791725872866,1.2514813352279317
11.100000000038849,9.77299144690046,10.090607545391647,1404.895227554799,0.0,75,0.7948246783254707,1.2543438970641505
11.12000000003898,9.79612595225803,10.311427337371248,1470.4228418237378,446.55178013082747,74,0.8038188566939442,1.2572220341420621
11.14000000003911,9.81789964068874,10.759402101130988,1604.6465658439342,0.25214941175130673,75,0.812861623198987,1.2601157194236758
11.160000000039242,9.836306712487582,11.205059518180226,1744.3472386298804,7.3159764706274295,74,0.8219528932192195,1.2630249258301502
11.180000000039373,9.86244005816661,12.665216075522784,2233.7487219657437,3.3359659110669906,75,0.8310925820137711,1.2659496262444068
11.200000000039504,9.89174515286663,13.183898934564283,2426.075541623139,2.199198303122814,75,0.8402806047301802,1.2688897935136576
11.220000000039635,9.923388682346213,11.887644518101196,1977.0544404608836,73.60755259458821,73,0.8495168764120304,1.2718454004518498
11.240000000039766,9.953645324247741,10.600999006181857,1575.9191080027779,1374.4900731353457,73,0.8588013120063333,1.2748164198420266
11.260000000039897,9.978348727392994,11.780359856127086,1950.6243582037812,2517.7281294492586,73,0.868133826370661,1.2778028244386115
11.280000000040028,10.002280691141728,11.300081434359694,1799.0312442583363,2432.347082380055,74,0.8775143342800419,1.2808045869696134
11.300000000040159,10.026575240843032,12.57787141072203,2234.146724637735,2609.390907779631,73,0.8869427504336138,1.2838216801387565
11.32000000004029,10.0566858815016,13.574077233591012,2608.2103841893754,2744.434145376916,73,0.8964189894610555,1.2868540766275378
11.34000000004042,10.090735529190964,13.135758968102435,2448.2719593087045,3230.2816088309432,73,0.905942965928791,1.2899017490972131
11.360000000040552,10.124901585574454,11.96164434441878,2034.9845392685374,2849.0334512626196,73,0.9155145943459804,1.2929646701907136
11.380000000040683,10.154187028237585,12.327753942326563,2166.6060321808377,2938.6776573537054,73,0.9251337891702975,1.2960428125344952
11.400000000040814,10.176779305636845,11.908122353372406,2026.4408378616238,3165.4569196809334,73,0.9348004648135061,1.299136148740322
11.420000000040945,10.201485200201756,12.371723014605081,2191.087747103346,3334.572177784499,73,0.9418366651113141,1.3013877328356205
11.440000000041076,10.233736197653897,14.023781001550022,2815.828020396168,3817.0365231776864,73,0.9425530012847612,1.3016169604111236
11.460000000041207,10.270479284965246,13.404725921032078,2572.941962137519,4063.2108395192495,73,0.9429110615898156,1.301731539708741
11.480000000041338,10.308255511931693,11.071724375327795,1759.0484379987354,3272.3715515759777,73,0.9516610470530121,1.304531535056964
11.500000000041469,10.343383722526756,11.827206801133576,2012.3397736766763,1206.2933736958541,74,0.961902399981571,1.3078087679941026
11.5200000000416,10.366287731294127,11.465357380690797,1895.848209612765,1093.5886271983368,72,0.9721862483768032,1.311099599480577
11.540000000041731,10.38326248775685,10.672222154437167,1646.763665636397,2225.630437766389,74,0.9825125461436667,1.3144040147659735
11.560000000041862,10.408799737139965,11.712929835148055,1988.6005951632671,2774.467569415755,74,0.9928812474798657,1.317721999193557
11.580000000041993,10.442588762950539,11.88475203839988,2052.548150361528,2196.685375704862,74,1.0032923068489135,1.3210535381916522
11.600000000042124,10.479377049226414,9.887164422424346,1424.147319495408,1057.5851767037295,74,1.013745678954255,1.3243986172653615
11.620000000042255,10.514943447480157,9.820295036620571,1408.5116030042707,118.1571808130984,74,1.0242413187144215,1.327757221988615
11.640000000042386,10.540250299244367,9.789948173782228,1403.374968755955,14.501843133992885,74,1.0347791812391771,1.3311293379965368
11.660000000042517,10.553634205623233,7.985179566756793,936.0208060122692,0.0,75,1.0453592218066279,1.334514950978121
11.680000000042648,10.569168727438667,8.232580350303348,997.4539507062935,0.11405107945778464,75,1.05598139584126,1.3379140466692032
11.70000000004278,10.595706024620684,8.624045199758472,1097.3603748303835,0.24888124238912315,75,1.066645658892871,1.3413266108457187
11.72000000004291,10.630746580362393,7.132204606092489,752.4587112232706,2.3310884368448934,75,1.0773519666163731,1.3447526293172394
11.740000000043041,10.665279507642804,4.7378248941917604,332.89131928799304,114.77109121844424,74,1.0881002747524304,1.3481920879207778
11.760000000043172,10.688725840153575,6.505316460004499,629.2050144196533,22.920926349541933,74,1.0988905391089054,1.3516449725148498
11.780000000043303,10.683838800009665,4.426361060349434,292.05276030806067,0.0,75,1.109722715543091,1.3551112689737892
11.800000000043434,10.664047418451553,2.7570022339199327,113.59406538712427,0.0,75,1.120596759944691,1.3585909631823012
11.820000000043565,10.646823257501978,1.021306786856846,15.628202342435404,1.6313053185945403,75,1.131512628219534,1.3620840410302508
11.840000000043696,10.632954091695966,0.3216299330157292,1.5539108134753776,13.941871580726751,73,1.1424702762739956,1.3655904884076786
11.860000000043827,10.607845068878706,2.5047160725793427,94.48179277196627,0.0,75,1.1534696600000893,1.3691102912000286
11.880000000043959,10.567958827664897,4.803731758902733,348.4238852408061,1.6042053816661737,75,1.1645107352612258,1.3726434352835923
11.90000000004409,10.548529756018919,9.73485463262623,1434.59725286591,34.89125615432812,74,1.1755934578786025,1.376189906521153
11.92000000004422,10.566010915762535,14.995968681018692,3413.045201610261,17.53355434031777,73,1.1867177836182037,1.379749690757825
11.940000000044352,10.604845965456365,16.511326332084803,4148.395303197423,5.5647378788471915,73,1.197883668178395,1.3833227738170863
11.960000000044483,10.651002441294478,13.756352930609838,2887.0035295403086,5.795427893304014,73,1.209091067178087,1.3869091414969879
11.980000000044614,10.679906841024005,17.001144566112952,4421.022662211352,30.266574911081353,71,1.2203399361454526,1.3905087795665447
12.000000000044745,10.697522017774013,17.964336349968857,4946.553821956854,86.89152094705577,71,1.2294942326693896,1.3934381544542047
12.020000000044876,10.719598772757545,16.431517211091204,4138.977873071732,77.36717760386087,70,1.230069690963564,1.3936223011083404
12.040000000045007,10.743908065457353,15.028923202384926,3462.7725465769327,146.61558913247214,72,1.2303751791235933,1.3937200573195498
12.060000000045138,10.7807692657158,14.019347727796578,3015.379518902601,106.86847422034508,71,1.2335667502604628,1.394741360083348
12.080000000045269,10.825525118650312,12.591175481082752,2435.1914619918416,666.8857658031551,71,1.2387302437695928,1.3963936780062696
12.1000000000454,10.888782156250166,8.878573953907212,1212.435649806578,1649.2670839975658,73,1.2444784440850938,1.39823310210723
12.12000000004553,10.935818246915023,7.38043402946466,840.0921335447332,3722.5362562292967,73,1.2564761233566943,1.4020723594741422
12.140000000045662,10.975597539842733,8.767061020053376,1188.7366425086416,5457.202185261931,74,1.2687458060092323,1.4059986579229542
12.160000000045793,11.004503027548127,10.096595510501334,1581.0357578611693,6453.632006360446,74,1.2810468734614422,1.4099349995076615
12.180000000045924,11.026812737539075,10.712301372110238,1784.724688008819,6473.4592074451875,74,1.2933793775030966,1.413881400800991
12.200000000046055,11.027471947468056,11.184562678286225,1951.0000255098455,4613.444119036029,73,1.305743370151164,1.4178378784483725
12.220000000046186,11.018808577899772,12.079651278289315,2282.1350867936994,5876.172984516541,74,1.3181389035718618,1.4218044491429958
12.240000000046317,11.023995646245924,14.715319834672265,3396.1351074151303,6835.632580677588,74,1.3305660300064093,1.425781129602051
12.260000000046448,11.046992462240633,15.381914015567995,3721.1655985259545,5922.161816597271,74,1.3430248017003308,1.4297679365441058
12.280000000046579,11.081233403910852,14.753740107817125,3433.0085355707583,3227.0256217669976,73,1.355515270836183,1.4337648866675785
12.30000000004671,11.118912116547602,11.952460106585264,2259.421783076703,522.5775650954521,74,1.3680374894695595,1.437771996630259
12.320000000046841,11.150863144423617,12.149054715034088,2340.8816333131317,21.32934887127831,74,1.380591509468247,1.441789283029839
12.340000000046972,11.16888378122664,15.829530072523871,3985.125338525819,84.08402400014529,74,1.3931773824544211,1.4458167623854148
12.360000000047103,11.165145743283455,13.475106707765184,2890.10757274008,540.3156822913352,72,1.3967538648997366,1.4469612367679157
12.380000000047234,11.158612121512757,11.121805795299549,1968.9142714698855,402.34250053590205,71,1.3970309328473192,1.4470498985111422
12.400000000047365,11.166272558736539,11.52860272788915,2118.097954174049,468.16949540514605,70,1.4024121258496847,1.4487718802718992
12.420000000047496,11.191392994280783,12.569598114282698,2525.1044704307233,1768.6820099699964,71,1.415397780747748,1.4529272898392793
12.440000000047627,11.224634589438464,11.797581467274705,2230.9128946620813,743.732881618522,73,1.4285905824254126,1.457148986376132
12.460000000047758,11.252439844657772,10.600612093382004,1806.4170080486786,2843.6463550407384,73,1.4418154821210827,1.4613809542787464
12.48000000004789,11.270772484923086,8.593898740633684,1190.67953319897,3997.774890532772,71,1.4550662559307872,1.4656212018978518
12.50000000004802,11.26393610980963,5.46503549923615,482.9003458067722,3742.9192852008287,73,1.4683430149652696,1.4698697647888863
12.520000000048151,11.212422800860303,1.8797282511387672,57.29511935683029,3734.5176537089924,73,1.4816458700932573,1.4741266784298424
12.540000000048282,11.139245105699894,-1.7140126665638848,47.77606056776127,3092.1698761253892,74,1.4949749318511816,1.478391978192378
12.560000000048413,11.087629257797849,-4.489740473786437,328.759567893791,4438.278696309658,74,1.508330310357595,1.4826656993144303
12.580000000048544,11.073973465949507,-2.5480650336706034,106.19631491550831,7077.127472313615,74,1.5217121152320556,1.486947876874258
12.600000000048675,11.104985160871271,6.005582251704249,591.6298051819571,6494.870753012865,73,1.5351204555183138,1.4912385457658603
12.620000000048806,11.158809592876976,17.98837954724276,5323.216714254101,34.2845669212511,74,1.548555439611637,1.4955377406757238
12.640000000048937,11.219665267654932,19.878511947685777,6519.389831247569,16.082689646733638,73,1.5620171751900802,1.4998454960608256
12.660000000049068,11.265719519182886,14.888626350795255,3667.722886556876,145.91616950912947,73,1.5755057691495549,1.5041618461278574
12.6800000000492,11.301235060329574,20.800752184106894,7179.4683684805605,121.76631234305988,72,1.5890213275425387,1.5084868248136125
12.70000000004933,11.314944588755854,20.65493584308903,7087.057890328371,1444.874727155439,72,1.594278596742718,1.5101691509576698
12.720000000049462,11.327182824665378,17.843512372261763,5289.155155412259,1538.2622645335287,71,1.5943583014101728,1.5101946564512554
12.740000000049593,11.351445443108794,18.346922763212657,5593.041229621339,1259.8373804528096,68,1.5954009810946654,1.510528313950293
12.760000000049724,11.403669827640483,17.314807926333074,4985.209418019235,1898.663598950194,68,1.5989510285649262,1.5116643291407765
12.780000000049855,11.488543050992588,15.656802303785078,4082.0370337551376,4365.583787916008,72,1.605729774986194,1.5138335279955821
12.800000000049986,11.580827218665824,17.3024784224664,5000.544704690757,6279.80401655183,71,1.6202382022967896,1.5184762247349726
12.820000000050117,11.657809834742137,20.23680078216038,6846.9132370521675,6412.804805410313,72,1.624724812466663,1.5199119399893322
12.840000000050248,11.709439541180098,21.265909205958373,7582.374649797217,7978.729944781366,72,1.6381544615283838,1.5242094276890827
12.860000000050379,11.738003376406311,22.190317701335186,8281.439420728319,4748.045881173691,71,1.6528897657184003,1.528924725029888
12.88000000005051,11.771037097068769,19.28915322102409,6276.878221094235,3918.1697977052363,72,1.6676389579933708,1.5336444665578788
12.90000000005064,11.79848982180998,20.6169089252914,7192.8372422574075,4988.1611076134395,74,1.6824022781534393,1.5383687290091006
12.920000000050772,11.836638756256388,23.304000941632506,9218.21973456243,4109.49256054115,73,1.6971799654758941,1.543097588952286
12.940000000050903,11.934305188102817,21.215555326828166,7663.463059280462,1188.2493992655886,71,1.7119722585575532,1.5478311227384172
12.960000000051034,12.052957103984005,19.748508029230912,6660.583712505821,104.0981105083616,73,1.7267793951657502,1.5525694064530402
12.980000000051165,12.14715447168578,17.059910328373128,4985.651838307073,179.86016053344048,73,1.74160161209753,1.5573125158712096
13.000000000051296,12.264502002816586,11.376897390854424,2224.017628465485,607.0034747690964,74,1.7564391450467083,1.5620605264149465
13.020000000051427,12.324428877219992,3.702389308598952,236.25127445188886,482.2527005785202,74,1.7712922284784764,1.5668135131131125
13.040000000051558,12.355824314306403,-4.9507707129349585,423.7136643670189,168.10882416263271,72,1.786161095511201,1.5715715505635843
13.060000000051689,12.382306449318603,-6.38626290896852,707.1877214887617,914.7908833526049,72,1.8010459778051344,1.576334712897643
13.08000000005182,12.401779183322006,-5.9771206638599095,621.3508756519999,251.70223989835932,72,1.815947105457717,1.5811030737464695
13.100000000051951,12.41782245342063,-7.662014955555419,1024.1135115039863,197.25170048760103,73,1.8308647069052033,1.585876706209665
13.120000000052082,12.410136952140208,-8.823628796027181,1362.270415854215,1449.7316221628637,74,1.8457990088303282,1.590655682825705
13.140000000052213,12.375212016775833,-11.994512519734041,2524.866302405064,4023.209248784348,73,1.8607502360757544,1.5954400755442415
13.160000000052344,12.095988779704985,-15.90914133045139,4455.213912184562,1400.0168243096705,73,1.8757186115630444,1.6002299557001742
13.180000000052475,11.733187458529784,-18.234818531095076,5870.532335068528,1779.2816517266517,72,1.8907043562169232,1.6050253939894155
13.200000000052606,11.358546089068087,-17.325644461924423,5315.5785808983255,2881.516508197018,74,1.9057076888945912,1.609826460446269
13.220000000052737,11.165201226087438,7.6811537912315675,1047.899157275835,1116.171510227447,74,1.9207288263198674,1.6146332244223576
13.240000000052868,11.19779517067015,32.68458200152679,19030.27047494091,224.02016676021478,67,1.9357679830219532,1.619445754567025
13.260000000053,11.299938294834819,30.398245667219687,16508.50151842376,33.32366852632807,72,1.950372819821463,1.6241193023428682
13.28000000005313,11.38391904594079,27.39800952823637,13431.664889136127,54.40813393014291,71,1.9583400136288662,1.6266688043612372
13.300000000053261,11.392203979116907,21.35796031008621,8183.05963093483,17.55697699055233,74,1.9712825959693845,1.630810430710203
13.320000000053392,11.333765885002858,16.676697184871852,4995.4138565219555,184.284520477608,72,1.9778020914733057,1.632896669271458
13.340000000053523,11.294398319577725,9.733847917488184,1701.9259709953744,622.5075646972857,72,1.9780390192471127,1.6329724861590762
13.360000000053654,11.281866540176704,7.310724928373763,960.04849586375,639.1341333743226,68,1.9780476189333258,1.6329752380586644
13.380000000053785,11.3364666587706,6.197245538999481,689.9085074740082,3615.0006800022657,64,1.9783038844350933,1.6330572430192298
13.400000000053916,11.414002553439115,2.818088612284578,142.69920672477366,5017.889075348356,65,1.9796927292923983,1.6335016733735674
13.420000000054047,11.474057190116122,-4.504960573273315,365.06713860697835,5482.888669351861,67,1.985319925284358,1.6353023760909946
13.440000000054178,11.518024189802412,-15.11945669184876,4125.506178547494,2725.7644809588396,68,2.0019868991263454,1.6406358077204306
13.46000000005431,11.504607274281392,-5.080455700300005,467.3256590000445,18448.855304985984,71,2.018652565420636,1.6459688209346035
13.48000000005444,11.0862300315393,6.5443301739734,777.9460477541952,27696.52830736022,72,2.03531735150893,1.6513015524828576
13.500000000054571,10.834339004491984,11.420764445613354,2376.8930476600303,20889.429379910052,72,2.051981682657031,1.6566341384502499
13.520000000054702,10.733736693707304,22.408757768116498,9180.166768515839,14648.217536413928,73,2.0686459818537055,1.6619667141931858
13.540000000054834,10.787324561920483,32.715033863705656,19629.129088834314,9096.591605025193,66,2.0853106696217516,1.6672994142789603
13.560000000054965,10.8823235595718,33.25982160880528,20342.111958670303,5910.482316649851,69,2.0991248288404067,1.6717199452289302
13.580000000055096,10.958573742544361,29.622901460301883,16146.472187331534,13769.075618500186,67,2.1023285518900625,1.6727451366048198
13.600000000055227,10.995497227113644,21.62018881025916,8600.85103285807,8789.678495735225,67,2.1023285518900625,1.6727451366048198
13.620000000055358,10.975189646795712,13.425056015465815,3316.3065900299766,6493.410830604605,68,2.1023285518900625,1.6727451366048198
13.640000000055489,10.911762365208933,5.399830942371204,536.5161350524751,7874.138957501862,62,2.1023285518900625,1.6727451366048198
13.66000000005562,10.83860632134514,-6.924000840524439,882.2137791525055,6712.871629967897,62,2.102775743702766,1.672888237984885
13.68000000005575,10.767211417894094,-20.18425605226992,7510.195821606551,5231.264315856273,61,2.112006388982034,1.675842044474251
13.700000000055882,10.618032472535152,-33.490065603544046,20729.58231529844,4500.524689771244,60,2.1256841132800437,1.680218916249614
13.720000000056013,10.34715985985607,-35.29499494775645,23104.128441851903,27799.180203048578,60,2.1439087665923005,1.6860508053095362
13.740000000056144,9.83946194275965,33.41253064554305,20776.872865598958,18979.045748403194,59,2.1621152655784255,1.691876884985096
13.760000000056275,9.87960846211749,29.54486606177372,16293.448687368986,9275.087525256333,64,2.177812883605571,1.6969001227537825
13.780000000056406,9.8961144802688,36.63582590287273,25094.043757772193,13276.539127343136,66,2.1864856734247375,1.699675415495916
13.800000000056537,9.837804230668317,38.16569414701533,27313.05918365314,13252.168210688395,63,2.201983493528918,1.7046347179292538
13.820000000056668,9.792880224889345,26.13455346497744,12838.903816301001,17715.61366512859,60,2.2151703798859725,1.7088545215635111
13.840000000056799,9.76374638182548,21.41145221116771,8617.673281648607,10271.38502554749,61,2.2151703798859725,1.7088545215635111
13.86000000005693,9.739806040868594,13.612274776034605,3485.6375885800417,11409.057823316198,66,2.21914400871774,1.7101260827896767
13.880000000057061,9.65543673894471,8.941455814049874,1507.0933681179542,14715.734100480815,70,2.230265733230306,1.713685034633698
13.900000000057192,9.527190193368835,5.16860770523647,503.6622435526047,9121.430547674556,68,2.231111272697178,1.713955607263097
13.920000000057323,9.453699134574945,2.5881249883115496,126.28819210890184,5604.03831723635,60,2.231111272697178,1.713955607263097
13.940000000057454,9.288427475179285,-1.9978610685258604,75.25282749679657,4614.684283399722,58,2.231111272697178,1.713955607263097
13.960000000057585,9.326465304014818,-11.214888866483376,2371.2765307076234,2571.146478002026,57,2.231111272697178,1.713955607263097
13.980000000057716,9.36011128095125,-18.826004227616686,6682.032107202752,2091.3600443881837,59,2.231111272697178,1.713955607263097
14.000000000057847,9.23089880557049,-11.612189613282098,2542.2630878072896,4840.764559586732,57,2.231111272697178,1.713955607263097
14.020000000057978,9.109178162000001,7.242698792017211,989.0390238834192,9749.75978227107,66,2.2313619428065166,1.7140358216980853
14.040000000058109,9.035260637264562,23.665975061176695,10563.305539472669,16800.415126333683,68,2.233069878200788,1.7145823610242523
14.06000000005824,9.079300017944005,43.83830047159255,36253.314842100706,18996.518711973,66,2.2341713265014027,1.7149348244804488
14.080000000058371,9.255567509247806,47.20070453677903,42128.61202709331,13119.756398574662,68,2.247018817850571,1.7190460217121828
14.100000000058502,9.396318484147118,35.37426644757377,23696.367263988373,253.30166941198922,72,2.2547763743079896,1.7215284397785566
14.120000000058633,9.507296047846726,20.64510772646757,8072.3746131012695,6923.541872345617,70,2.2555210857546233,1.7217667474414795
14.140000000058764,9.613495417989286,14.879923065026373,4193.9134332135445,6828.291393437799,68,2.2561540733891507,1.7219693034845283
14.160000000058895,9.651621813019476,0.3091256260940315,1.8100397331011722,4873.512745082759,68,2.2561540733891507,1.7219693034845283
14.180000000059026,9.63728048419742,-11.080510571210176,2325.626885245821,3204.82186578376,63,2.2561838624436525,1.7219788359819688
14.200000000059157,9.587730530289734,-21.420069852487526,8691.182159204684,3528.7904811337585,61,2.2563894554630775,1.7220446257481847
14.220000000059288,9.501683502023107,-32.50200242430935,20039.89464731925,2309.794838679839,60,2.2643021617094723,1.724576691747031
14.24000000005942,9.379172529119876,-29.895685908856674,16993.536690851422,7580.728380347995,61,2.2766204639832566,1.7285185484746421
14.26000000005955,9.168054109578225,8.966660090583144,1530.115880097024,31234.80176687935,54,2.281550270065886,1.7300960864210835
14.280000000059681,9.144521878602692,40.04318503231492,30515.475157675955,27966.01327014064,55,2.281550270065886,1.7300960864210835
14.300000000059812,9.26423708174865,41.37559664326326,32580.027590124173,14426.244848993867,58,2.281550270065886,1.7300960864210835
14.320000000059943,9.340387802197025,37.7249276980922,27084.432552404513,10417.840004348793,58,2.281550270065886,1.7300960864210835
14.340000000060074,9.412497653809432,28.987576799893336,15991.4090881899,526.2743429894288,60,2.281550270065886,1.7300960864210835
14.360000000060205,9.482944413701397,19.45737786261112,7204.959349546396,418.61479683843464,60,2.281550270065886,1.7300960864210835
14.380000000060337,9.551074049537581,10.085372509070787,1935.7389839043844,5348.607961954749,72,2.281550270065886,1.7300960864210835
14.400000000060468,9.61063051602894,6.476824933890271,798.3387793958788,7172.912824932554,71,2.281550270065886,1.7300960864210835
14.420000000060599,9.527837062519966,1.4745907452739733,41.381470243224385,5313.9666535615415,58,2.281550270065886,1.7300960864210835
14.44000000006073,9.444390740957633,-5.781138639878781,636.0476873588567,3028.9841708495987,52,2.281550270065886,1.7300960864210835
14.46000000006086,9.390153562021492,-16.332680103503115,5076.656989472019,2217.906268238861,48,2.281550270065886,1.7300960864210835
14.480000000060992,9.378586280579594,-26.233556685465338,13097.163808804598,1810.4549271261167,47,2.281550270065886,1.7300960864210835
14.500000000061123,9.327501853347444,-29.558128325435632,16627.10998020478,2242.4260505463226,50,2.281550270065886,1.7300960864210835
14.520000000061254,9.153245807366062,-17.763145547807447,6004.856834426857,24381.48375041594,45,2.281550270065886,1.7300960864210835
14.540000000061385,8.45994620967879,28.554690501386645,15517.35955966482,41135.513672385474,49,2.281550270065886,1.7300960864210835
14.560000000061516,8.364501150844337,46.76949293331312,41628.25743807642,26186.142363662442,45,2.281550270065886,1.7300960864210835
14.580000000061647,8.50245114631406,44.79320008426415,38184.49832347744,8359.778143531725,53,2.281550270065886,1.7300960864210835
14.600000000061778,8.601643599846925,36.738653205746466,25686.762603789462,1523.3430060742057,56,2.281550270065886,1.7300960864210835
14.620000000061909,8.704724930089924,24.914672825401937,11813.665494664172,438.673795183509,51,2.2816919887911515,1.7301414364131684
14.64000000006204,8.831318285120686,20.135773504542556,7717.03451186355,195.09815143162118,51,2.2821839473972187,1.7302988631671101
14.66000000006217,8.924239797351955,11.093216415939873,2342.2258993883565,162.23064062806108,61,2.2821839473972187,1.7302988631671101
14.680000000062302,8.988604852447962,2.213621292931651,93.26537803541352,477.09478639346247,60,2.2821839473972187,1.7302988631671101
14.700000000062433,9.023388670627748,-12.716402308195631,3077.813682802195,1322.0275123887668,57,2.2821839473972187,1.7302988631671101
14.720000000062564,8.988041913936772,-31.40153962393392,18767.900481319994,1084.2130032937105,53,2.2821839473972187,1.7302988631671101
14.740000000062695,8.791876995602136,-39.421791971528215,29579.20731550844,1857.130623124829,52,2.2821839473972187,1.7302988631671101
14.760000000062826,8.100264237980639,-32.678970718212675,20325.935636118607,10441.923862670186,48,2.2821839473972187,1.7302988631671101
14.780000000062957,7.017170834459176,14.295569332810047,3889.7054908131286,19672.255415140193,47,2.2821839473972187,1.7302988631671101
14.800000000063088,7.060338797705811,47.43980075410204,42835.073878251744,12615.884256034638,50,2.2821839473972187,1.7302988631671101
14.820000000063219,7.1375300605136305,38.81253296271446,28671.9862901283,2064.756882583289,60,2.2821839473972187,1.7302988631671101
14.84000000006335,7.176233943072849,23.617752261438547,10616.765127183198,648.8472092107053,60,2.282199840842229,1.7303039490695133
14.860000000063481,7.127000722821038,12.223315040957976,2843.761005568845,910.0242889891633,59,2.282199840842229,1.7303039490695133
14.880000000063612,6.97877300801747,-1.7101355615598919,55.664224150855496,1124.1616750147557,60,2.282199840842229,1.7303039490695133
14.900000000063743,6.794670574088786,-6.668086697098777,846.28678583992,6870.0314122934005,62,2.282199840842229,1.7303039490695133
14.920000000063874,6.567171177532771,-8.479245689845154,1368.4518554502515,11178.604059556492,64,2.282199840842229,1.7303039490695133
14.940000000064005,6.410800050074406,-12.440266370285922,2945.604558228734,11405.04331492943,61,2.282199840842229,1.7303039490695133
14.960000000064136,6.2717155038483385,-17.021261525177202,5514.403907127101,12444.675124411506,59,2.282199840842229,1.7303039490695133
14.980000000064267,5.965486023520815,-18.245994540478613,6336.510593807259,14818.089242412081,52,2.282199840842229,1.7303039490695133
15.000000000064398,5.37631356308275,-12.647779667536309,3044.6941075583686,13155.638359932116,53,2.282199840842229,1.7303039490695133
15.02000000006453,5.010513460747628,15.424118064407129,4528.097461520682,7331.5565596241295,55,2.282199840842229,1.7303039490695133
15.04000000006466,5.01841106286061,22.92180956655513,10000.345297983538,5447.725784574712,60,2.282226130160007,1.7303123616512022
15.060000000064791,5.012573204981949,25.1798865034278,12067.706304556612,6163.641650877824,56,2.282226130160007,1.7303123616512022
15.080000000064922,5.03139483037358,28.59926030426811,15567.783987094952,8471.192674512373,55,2.282226130160007,1.7303123616512022
15.100000000065053,5.091097951387281,21.670485431775823,8938.290705787937,5720.810052683457,52,2.282226130160007,1.7303123616512022
15.120000000065184,5.162761904105445,14.703916917158619,4115.408034718218,2920.501819968715,57,2.282594995190792,1.7304303984610534
15.140000000065315,5.218082744887584,9.796399701256156,1826.801385994109,240.51036004646406,60,2.2827384221897793,1.7304762951007293
15.160000000065446,5.235231502593349,5.974188464755933,679.38534982504,300.75854202350575,60,2.2827384221897793,1.7304762951007293
15.180000000065577,5.203812470642431,2.029946803685257,78.4382062885661,340.57408158848295,62,2.2827384221897793,1.7304762951007293
15.200000000065709,5.138053546766231,-2.08376231618792,82.65225352784026,404.91579590564174,63,2.2827384221897793,1.7304762951007293
15.22000000006584,5.077607841970373,-6.107534481468974,710.0731449287603,754.8815453290819,58,2.282898966635547,1.7305276693233749
15.24000000006597,5.034499276266861,-9.29198524253426,1643.5701893024743,438.3021931393618,58,2.282898966635547,1.7305276693233749
15.260000000066102,5.003907920187157,-9.114249917530165,1581.2957319662569,640.1702011764373,70,2.282898966635547,1.7305276693233749
15.280000000066233,4.961921851760765,-4.8364459277780245,445.2704823693795,582.1634842782717,69,2.282898966635547,1.7305276693233749
15.300000000066364,4.901259559467767,1.1340222114144618,24.480165782181988,2644.5364799006165,60,2.282898966635547,1.7305276693233749
15.320000000066495,4.786342193184752,11.410884449305705,2478.6194189979765,17005.137242999408,57,2.282898966635547,1.7305276693233749
15.340000000066626,4.71324444539974,18.35122847395144,6410.641892324803,22620.25531616478,58,2.282898966635547,1.7305276693233749
15.360000000066757,4.847074661778456,25.79478014842975,12665.866148376326,8075.385561671258,55,2.282898966635547,1.7305276693233749
15.380000000066888,4.966059166828742,17.877162777509586,6083.708852313661,647.2548356056352,71,2.282898966635547,1.7305276693233749
15.400000000067019,5.0575383702002945,9.792633565207618,1825.451254119233,2401.2783737894647,70,2.282898966635547,1.7305276693233749
15.42000000006715,5.128597184552776,6.062478128800532,699.635120871396,1870.8174949685724,65,2.282898966635547,1.7305276693233749
15.44000000006728,5.18628623105204,2.1584348426536573,88.68478526083022,1004.5753462194989,59,2.282898966635547,1.7305276693233749
15.460000000067412,5.22215635844277,-1.9789787424958827,74.55100306279601,745.3724465747172,56,2.282898966635547,1.7305276693233749
15.480000000067543,5.092842938406879,-7.630699727156662,1108.7814132303822,578.8827911162879,54,2.2847169884689174,1.7311094363100534
15.500000000067674,4.8622255420429825,-6.090374832958763,706.4311504926611,1082.3422469510415,63,2.2855215808882723,1.7313669058842471
15.520000000067805,4.726294903308068,-2.9259125325123367,163.04387008973447,1630.0127785091354,66,2.2855215808882723,1.7313669058842471
15.540000000067936,4.62635729713547,1.7550639922348035,58.663464733037614,2725.3539786746205,64,2.2855215808882723,1.7313669058842471
15.560000000068067,4.521382978804012,3.3301978548610007,211.21359595340957,2463.7547992587015,62,2.2855215808882723,1.7313669058842471
15.580000000068198,4.466136530741833,4.91957883942416,460.9328351344898,6280.700591270608,54,2.2855215808882723,1.7313669058842471
15.600000000068329,4.412831331373326,10.456193929980437,2082.231710238592,6532.010138856556,52,2.2855215808882723,1.7313669058842471
15.62000000006846,4.440582853455959,9.06304169323888,1564.3349666441293,3713.5110685538893,54,2.2855215808882723,1.7313669058842471
15.640000000068591,4.466680449462772,6.208311383349261,734.0553014734701,1934.5735127298833,65,2.2855215808882723,1.7313669058842471
15.660000000068722,4.466696814523117,3.7115847124219337,262.36176966576573,1421.249867675603,60,2.2855215808882723,1.7313669058842471
15.680000000068853,4.44143359848772,1.8839859959009975,67.59851222106147,1007.2607157062638,56,2.2855215808882723,1.7313669058842471
15.700000000068984,4.3905893270826475,0.7364480401879563,10.329184114927408,1034.5034709818442,55,2.2855215808882723,1.7313669058842471
15.720000000069115,4.350653963212064,-0.33318474603631026,2.114228960727878,1002.0889285384401,47,2.2855215808882723,1.7313669058842471
15.740000000069246,4.333731116362544,-1.0727944733890618,21.918703011115966,824.6807707842678,48,2.2855215808882723,1.7313669058842471
15.760000000069377,4.3276970143842695,-0.37679389367335536,2.7038930476480605,1124.1354672471534,60,2.2855215808882723,1.7313669058842471
15.780000000069508,4.3186558076781685,3.558165582248377,241.12048364016735,1686.760736027772,60,2.2855215808882723,1.7313669058842471
15.80000000006964,4.302256020564098,8.05830849977055,1236.714852204072,2771.1072501060644,58,2.2855215808882723,1.7313669058842471
15.82000000006977,4.3040118297677505,11.662431997723866,2590.3595279796277,6043.992730811206,55,2.2855215808882723,1.7313669058842471
15.840000000069901,4.383318352785154,15.810847669921484,4760.933398036465,3873.6537719536836,53,2.2855215808882723,1.7313669058842471
15.860000000070032,4.448230555924858,10.180534132922077,1973.8899042877292,942.1535779385592,57,2.2855215808882723,1.7313669058842471
15.880000000070163,4.484890790571313,4.168766833110181,330.97638404605584,578.2543903979991,52,2.2855215808882723,1.7313669058842471
15.900000000070294,4.522861248521358,4.6741285597334645,416.08600030465414,614.1139370548134,59,2.2855215808882723,1.7313669058842471
15.920000000070425,4.5527166947822515,3.140966988995364,187.89210902263744,369.2295238961885,68,2.2855215808882723,1.7313669058842471
15.940000000070556,4.555886219611761,1.8177637395904385,62.92984600899833,482.9802400773854,65,2.2855215808882723,1.7313669058842471
15.960000000070687,4.5160932024740665,1.1120156412381452,23.550687459411623,1271.5467783739743,63,2.2855215808882723,1.7313669058842471
15.980000000070818,4.458707467001417,0.2868532035632676,1.5671162210623528,721.369779631708,55,2.2855215808882723,1.7313669058842471
16.000000000070948,4.422108661670906,0.062025056059065914,0.07326830220470872,505.86905210116663,59,2.2855215808882723,1.7313669058842471
16.02000000007019,4.404044581975306,1.791702380265185,61.138325307258725,696.2074076372421,57,2.2855215808882723,1.7313669058842471
16.040000000069433,4.366239748476242,4.875197688832212,452.65389225496824,1019.2561539648456,55,2.2855215808882723,1.7313669058842471
16.060000000068676,4.345523355585338,7.058880704521513,948.9721821117814,972.1625276943798,53,2.2855215808882723,1.7313669058842471
16.08000000006792,4.349445489724591,9.572822224935917,1745.2666290639809,1082.3392943662273,52,2.2855215808882723,1.7313669058842471
16.100000000067162,4.362299935324689,9.743503820330139,1808.0569955828291,774.1321278148972,52,2.2855215808882723,1.7313669058842471
16.120000000066405,4.384773105238134,8.208542947489036,1283.2579003837661,442.014244189561,50,2.2855215808882723,1.7313669058842471
16.140000000065648,4.389169512198671,5.679100591004082,614.2439951316053,750.5033411561914,56,2.2855215808882723,1.7313669058842471
16.16000000006489,4.376297745480049,3.85461917603039,282.9728392239629,896.9424919860154,60,2.2855215808882723,1.7313669058842471
16.180000000064133,4.380237606707949,3.959386943274622,298.56417169824186,742.946818111576,60,2.2855215808882723,1.7313669058842471
16.200000000063376,4.385854801863007,3.36828698165985,216.072735731823,682.6140068134935,59,2.2855215808882723,1.7313669058842471
16.22000000006262,4.395092506068371,3.0937276975288075,182.2829162845041,712.056546458937,57,2.2855215808882723,1.7313669058842471
16.240000000061862,4.409495122809172,2.9918647822073585,170.47697102405195,440.8210892526526,57,2.2855215808882723,1.7313669058842471
16.260000000061105,4.425583946850145,3.022431058675291,173.97810815315336,700.1799215744164,58,2.2855215808882723,1.7313669058842471
16.280000000060348,4.434825149753888,2.8302317992565564,152.5547763397125,1093.5770334356237,56,2.2855215808882723,1.7313669058842471
16.30000000005959,4.437502399426075,3.568339114676669,242.50128163142702,1378.3087974618713,54,2.2855215808882723,1.7313669058842471
16.320000000058833,4.4404697379195825,5.937299848434882,671.3666469529571,1463.7914492303385,54,2.2855215808882723,1.7313669058842471
16.340000000058076,4.447710616951577,7.128975923313185,967.912487795634,1510.3863138136585,56,2.2855215808882723,1.7313669058842471
16.36000000005732,4.451395995041984,6.887816035937898,903.534781830979,1386.8212303253001,58,2.2855215808882723,1.7313669058842471
16.38000000005656,4.4443570565188235,6.916914537323414,911.1851151041697,1371.2450107492878,60,2.2855215808882723,1.7313669058842471
16.400000000055805,4.433126296577032,6.7563407240121895,869.3704676218977,1107.7675225847083,59,2.2855215808882723,1.7313669058842471
16.420000000055047,4.427977627568571,6.55406296702201,818.0936393915034,985.0892156297425,57,2.2855215808882723,1.7313669058842471
16.44000000005429,4.426525401862615,6.476691644007407,798.8923060704923,836.9198153810867,58,2.2855215808882723,1.7313669058842471
16.460000000053533,4.428583895515888,6.168293852835235,724.622653631539,701.5492303227062,58,2.2855215808882723,1.7313669058842471
16.480000000052776,4.436955796037192,5.46850216667859,569.5325817177575,786.1854712193345,56,2.2855215808882723,1.7313669058842471
16.50000000005202,4.451926588744441,4.5006335342730415,385.7705770768744,762.6454113425101,58,2.2855215808882723,1.7313669058842471
16.52000000005126,4.473430932429791,3.267205552623493,203.29875269454823,627.343131268304,53,2.2855215808882723,1.7313669058842471
16.540000000050505,4.496439495139886,2.2611586605393446,97.37419288831451,801.9495720596282,51,2.2855215808882723,1.7313669058842471
16.560000000049747,4.517200792271635,1.7738986440277724,59.92932699515095,828.1597142789072,54,2.2855215808882723,1.7313669058842471
16.58000000004899,4.53472759632285,2.2123407629128695,93.21500772559419,545.1122623517937,53,2.2855215808882723,1.7313669058842471
16.600000000048233,4.54892295529749,3.4563946275840047,227.524642140711,663.2228947047406,53,2.2855215808882723,1.7313669058842471
16.620000000047476,4.559516707228174,5.492556278477349,574.5539678139794,906.1227187781304,57,2.2855215808882723,1.7313669058842471
16.64000000004672,4.5668411156143565,7.842812457047569,1171.4545864974402,1468.3732824342458,53,2.2855215808882723,1.7313669058842471
16.66000000004596,4.568589610288171,8.590189181619925,1405.358917988044,1686.6071717046395,54,2.2855215808882723,1.7313669058842471
16.680000000045204,4.572616719531052,8.43161252883728,1353.9514077426927,2014.9594259993091,62,2.2855215808882723,1.7313669058842471
16.700000000044447,4.584996414228055,6.603487571268134,830.47875441824,2039.7323091435005,61,2.2855215808882723,1.7313669058842471
16.72000000004369,4.571364754211516,7.280777995406871,1009.5721803998339,1273.099305590396,57,2.2855215808882723,1.7313669058842471
16.740000000042933,4.600785155975552,6.157155079262544,722.0079533147186,75.44765162721713,63,2.2855215808882723,1.7313669058842471
16.760000000042176,4.62844500591802,5.29399535022443,533.7635439616697,65.50971285033964,62,2.2855215808882723,1.7313669058842471
16.78000000004142,4.593654327488108,4.1855097634641885,333.6403098079059,216.0991290708903,64,2.2855215808882723,1.7313669058842471
16.80000000004066,4.557226505438893,2.367250129714625,106.72596619076016,412.8202293733579,62,2.2855215808882723,1.7313669058842471
16.820000000039904,4.532274741196664,0.2095549540402744,0.8363299733670059,870.4990097474405,55,2.2855215808882723,1.7313669058842471
16.840000000039147,4.4940829878348545,-1.5254168695021566,44.31582992383395,1189.0392511143687,52,2.2855215808882723,1.7313669058842471
16.86000000003839,4.436609161878163,-2.517287402067679,120.68336244044532,1303.852505859862,50,2.2855215808882723,1.7313669058842471
16.880000000037633,4.373762641588441,-1.4513974474056142,40.119407172798944,874.7625211524736,49,2.2855215808882723,1.7313669058842471
16.900000000036876,4.311492715377604,1.2974674155463748,32.060826713736596,363.75655548770993,55,2.2855215808882723,1.7313669058842471
16.92000000003612,4.249416143133306,5.368800691935281,548.9545141119414,912.3608690337026,55,2.2855215808882723,1.7313669058842471
16.94000000003536,4.190280714730116,8.77826390601492,1467.5708045103402,2232.999855236923,53,2.2855215808882723,1.7313669058842471
16.960000000034604,4.1625244312060286,9.460380641161166,1704.5079005218377,2475.7723501547557,52,2.2855215808882723,1.7313669058842471
16.980000000033847,4.1585563383945106,7.320039393466973,1020.4897187658587,1676.418996930185,55,2.2855215808882723,1.7313669058842471
17.00000000003309,4.164592363087555,4.784937862626664,436.04810343556875,1694.9073354706145,56,2.2855215808882723,1.7313669058842471
17.020000000032333,4.156549554347857,3.3626544002536236,215.3506893722111,612.8773038049414,65,2.2855215808882723,1.7313669058842471
17.040000000031576,4.175820325508298,1.969452913054722,73.87083377100407,340.12081537706774,66,2.2855215808882723,1.7313669058842471
17.06000000003082,4.160084124145027,1.377448769924733,36.13538682991337,531.9639394084234,62,2.2855215808882723,1.7313669058842471
17.08000000003006,4.092157303276912,0.6905900561559093,9.082856197825961,1333.2346286326883,55,2.2855215808882723,1.7313669058842471
17.100000000029304,4.039290586132753,-0.25750841293660215,1.2628874329944018,1272.9399552140076,50,2.2855215808882723,1.7313669058842471
17.120000000028547,4.012276453155019,-1.1014983052681175,23.107313882854623,984.4433502158456,48,2.2855215808882723,1.7313669058842471
17.14000000002779,3.9988139087259826,-1.085862983528662,22.45597179576489,957.1864263986404,45,2.2855215808882723,1.7313669058842471
17.160000000027033,3.962330430826236,0.08243054212077996,0.12940710132745176,1264.2736097614966,57,2.2855215808882723,1.7313669058842471
17.180000000026276,3.8930581791183387,3.9734088471829025,300.6826062848745,2841.8248638098576,58,2.2855215808882723,1.7313669058842471
17.20000000002552,3.8169879256564494,7.762201139066579,1147.4970603750703,3920.984256262126,48,2.2855215808882723,1.7313669058842471
17.22000000002476,3.840611235410393,12.360139782035384,2909.5683351332245,7036.923078982313,49,2.2855215808882723,1.7313669058842471
17.240000000024004,3.936190712299213,17.302409327218935,5701.5765704711075,4977.446565944375,50,2.2855215808882723,1.7313669058842471
17.260000000023247,4.021802114492321,15.08740191089432,4335.215754975057,1865.552394259331,58,2.2855215808882723,1.7313669058842471
17.28000000002249,4.069759398783549,8.6315498811129,1418.9247575569507,595.1395843913936,56,2.2855215808882723,1.7313669058842471
17.300000000021733,4.072776645317993,3.2331115316708736,199.07795474582488,1295.0633491554725,57,2.2855215808882723,1.7313669058842471
17.320000000020976,4.034653957426421,1.1247197678642524,24.091866818481364,163.27982671258596,53,2.2855215808882723,1.7313669058842471
17.34000000002022,4.02711932170026,0.7738846263891239,11.40602280712237,460.8267330853316,63,2.2855215808882723,1.7313669058842471
17.36000000001946,4.0263961295585435,1.6348528744817477,50.9025041037822,917.8499218479731,61,2.2855215808882723,1.7313669058842471
17.380000000018704,3.9983034706418357,2.4757759492461506,116.73591090582627,881.0892129124451,62,2.2855215808882723,1.7313669058842471
17.400000000017947,3.9715885134856608,1.8360486352184717,64.20223682323099,1167.9537950656315,57,2.2855215808882723,1.7313669058842471
17.42000000001719,3.961380870824806,0.5054512795762036,4.8656447576045485,870.9811097446317,52,2.2855215808882723,1.7313669058842471
17.440000000016433,3.944143067412389,0.028314871256803584,0.015269013522610814,847.8480568668559,49,2.2855215808882723,1.7313669058842471
17.460000000015675,3.914787648359989,1.1253060527978258,24.1169901964925,557.7673885998806,62,2.2855215808882723,1.7313669058842471
17.48000000001492,3.887436799334414,3.206026480348621,195.7564169891545,1146.7350443241764,58,2.2855215808882723,1.7313669058842471
17.50000000001416,3.865650942113833,4.838132485498164,445.79717351031957,1062.0522348115967,59,2.2855215808882723,1.7313669058842471
17.520000000013404,3.844705687733836,5.803837910483482,641.5231708393202,1076.995194889988,57,2.2855215808882723,1.7313669058842471
17.540000000012647,3.836023616198226,6.005490943587407,686.8767715640146,899.4983282838009,53,2.2855215808882723,1.7313669058842471
17.56000000001189,3.8458857877300536,4.918718652151762,460.7716612177034,522.5798578912533,52,2.2855215808882723,1.7313669058842471
17.580000000011132,3.862101949104786,2.5227831876567364,121.21089369724866,321.84316148699634,52,2.2855215808882723,1.7313669058842471
17.600000000010375,3.8600337267480196,0.14405298509924638,0.39520854093077595,423.0207433564165,47,2.2855215808882723,1.7313669058842471
17.620000000009618,3.8382297653059188,1.9412697415034685,71.77175527976657,1500.528478562942,45,2.2855215808882723,1.7313669058842471
17.64000000000886,3.8479930647271026,4.923792083543711,461.72268085814477,1160.5626557209146,43,2.2855215808882723,1.7313669058842471
17.660000000008104,3.879445257760848,6.845754892862471,892.5334226761529,1334.8473130185916,56,2.2855215808882723,1.7313669058842471
17.680000000007347,3.898249139777887,8.278716114979005,1305.2923059784357,1496.29502476151,54,2.2855215808882723,1.7313669058842471
17.70000000000659,3.887938083800477,8.012975187432275,1222.8393146595988,1152.2220643004973,55,2.2855215808882723,1.7313669058842471
17.720000000005832,3.8937342505368244,6.2645332650966195,747.4105719401628,781.1284991545141,54,2.2855215808882723,1.7313669058842471
17.740000000005075,3.9022451480648863,4.19002232524509,334.36011896093277,736.8947976102398,56,2.2855215808882723,1.7313669058842471
17.760000000004318,3.904327299544933,2.463812957787554,115.61049669072099,553.3069937929001,56,2.2855215808882723,1.7313669058842471
17.78000000000356,3.907393500793221,1.84359463267167,64.73105231372654,582.1151411485935,60,2.2855215808882723,1.7313669058842471
17.800000000002804,3.9152775157648008,2.0848220333730727,82.77892335697662,457.275287154992,59,2.2855215808882723,1.7313669058842471
17.820000000002047,3.9288558123422574,2.393048766079241,109.06487220625911,719.6251685716948,55,2.2855215808882723,1.7313669058842471
17.84000000000129,3.926839706503163,3.653556585358878,254.22220020775558,931.6019390535437,56,2.2855215808882723,1.7313669058842471
17.860000000000532,3.915356370848368,5.542435724298152,585.0367229064899,1528.1324637880034,56,2.2855215808882723,1.7313669058842471
17.879999999999775,3.9067509852557474,6.56176696668467,820.0180326595688,1305.8600325065408,57,2.2855215808882723,1.7313669058842471
17.899999999999018,3.8946046495848035,5.723684367510296,623.9260955866889,2570.638619938655,56,2.2855215808882723,1.7313669058842471
17.91999999999826,3.886093758051808,5.017902652356753,479.54156972666846,1593.2651319110917,49,2.2855215808882723,1.7313669058842471
17.939999999997504,3.879449784979701,6.9164967354019975,911.0750419227651,1414.7459619440838,46,2.2855215808882723,1.7313669058842471
17.959999999996747,3.9136138411054424,7.403491753227334,1043.8906100057593,768.5440909155863,47,2.2855215808882723,1.7313669058842471
17.97999999999599,3.948899941186193,6.698835104129401,854.6344048181012,562.8547238536942,59,2.2855215808882723,1.7313669058842471
17.999999999995232,3.9780647381095684,5.940870353918913,672.1743673416005,545.7842121474158,60,2.2855215808882723,1.7313669058842471
18.019999999994475,3.9466820419192734,4.647724520677949,411.398358513421,400.0777596296598,62,2.2855215808882723,1.7313669058842471
18.039999999993718,3.9151953639307644,3.0726032797417147,179.8021070091336,1092.4738417153485,61,2.2855215808882723,1.7313669058842471
18.05999999999296,3.9041116819970734,1.4966685384088707,42.66119887710875,1220.9950130184795,62,2.2855215808882723,1.7313669058842471
18.079999999992204,3.9072047237723653,0.12475605260009864,0.29641832357414905,1455.6402244118133,59,2.2855215808882723,1.7313669058842471
18.099999999991446,3.914477253973037,-0.4178614240559104,3.3254188719388726,984.2580404749336,57,2.2855215808882723,1.7313669058842471
18.11999999999069,3.9178015180177193,-0.034586496322013764,0.02278216200850463,394.7852399216341,61,2.2855215808882723,1.7313669058842471
18.139999999989932,3.894744377453933,2.4501836604432197,114.33496833744069,810.7066338877969,59,2.2855215808882723,1.7313669058842471
18.159999999989175,3.858212011078956,7.005039190329656,934.5508477454313,1857.748837946172,62,2.2855215808882723,1.7313669058842471
18.179999999988418,3.8621320154802135,11.148978320227284,2367.2925918097567,2113.7350224763622,63,2.2855215808882723,1.7313669058842471
18.19999999998766,3.918065246773603,13.618195192402593,3532.001721329628,1617.8244394440444,61,2.2855215808882723,1.7313669058842471
18.219999999986904,3.975895324250696,10.188742573877297,1977.0742343990814,1050.1805226531462,62,2.2855215808882723,1.7313669058842471
18.239999999986146,4.010692441777069,5.177630945815397,510.5566999471759,313.2251891231031,57,2.2855215808882723,1.7313669058842471
18.25999999998539,4.010281725692899,2.5382031855575518,122.69717590768597,2030.3885849444862,51,2.2855215808882723,1.7313669058842471
18.279999999984632,3.989264300544429,3.2703592762736156,203.69141701482081,1111.4745457949266,41,2.2855215808882723,1.7313669058842471
18.299999999983875,3.9840100904564055,2.523101007116322,121.2414358441034,535.3104351977245,43,2.2855215808882723,1.7313669058842471
18.319999999983118,3.9824670045000516,0.9780470095971,18.218023427531683,315.73269366472266,63,2.2855215808882723,1.7313669058842471
18.33999999998236,3.9782090428976313,1.364714655029069,35.470352759770044,1088.016043276467,57,2.2855215808882723,1.7313669058842471
18.359999999981603,3.955167029956926,2.413180701177068,110.90764512194707,1033.3681847922517,53,2.2855215808882723,1.7313669058842471
18.379999999980846,3.9308920344354394,3.182323095942161,192.8725127865561,929.6245993895229,51,2.2855215808882723,1.7313669058842471
18.39999999998009,3.928286809393091,2.6514286425516507,133.88800924210165,938.6413695241662,47,2.2855215808882723,1.7313669058842471
18.419999999979332,3.9253168127686013,2.0976828843067707,83.8033667405313,871.434494516923,54,2.2855215808882723,1.7313669058842471
18.439999999978575,3.9108312087352752,2.654827116239724,134.2314516243261,884.9209275627853,55,2.2855215808882723,1.7313669058842471
18.459999999977818,3.8967107557500142,3.704742288214996,261.3953168337005,1193.6018835478426,53,2.2855215808882723,1.7313669058842471
18.47999999997706,3.8857268208500217,4.348292553154984,360.0968386027885,1524.2370994802263,53,2.2855215808882723,1.7313669058842471
18.499999999976303,3.882895006804064,4.971610571643204,470.73447180781193,1297.2862092449545,51,2.2855215808882723,1.7313669058842471
18.519999999975546,3.8897059299483265,5.001858526283299,476.47992190107476,940.0277984594941,47,2.2855215808882723,1.7313669058842471
18.53999999997479,3.9045182829565106,3.271257764767479,203.80335550195997,577.0343039694715,55,2.2855215808882723,1.7313669058842471
18.559999999974032,3.913279467548637,0.5243562007426361,5.236421692505299,1418.773272100357,56,2.2855215808882723,1.7313669058842471
18.579999999973275,3.9089979014731515,-1.028956677933201,20.163966966951868,3688.14444814861,51,2.2855215808882723,1.7313669058842471
18.599999999972518,3.902334917648022,1.178220214341426,26.43837365181606,905.8168512962176,48,2.2855215808882723,1.7313669058842471
18.61999999997176,3.917042516352285,3.601578098878873,247.04010917185005,1093.3953104701598,48,2.2855215808882723,1.7313669058842471
18.639999999971003,3.9390689445122278,5.481068697859306,572.153142932011,1399.103404089628,52,2.2855215808882723,1.7313669058842471
18.659999999970246,3.919075652014174,6.075391419096211,702.9595316213769,1317.795318565378,54,2.2855215808882723,1.7313669058842471
18.67999999996949,3.8949290706642135,5.146601785233308,504.4555793427326,838.9369203401003,55,2.2855215808882723,1.7313669058842471
18.699999999968732,3.8836100079929854,2.5888477408386565,127.64235688816724,576.0214569810811,60,2.2855215808882723,1.7313669058842471
18.719999999967975,3.8749940367939577,0.8908485040051782,15.114351124250778,894.1866320925362,61,2.2855215808882723,1.7313669058842471
18.739999999967218,3.865999377072516,0.4619011123637148,4.063308656315338,1218.4462510448955,59,2.2855215808882723,1.7313669058842471
18.75999999996646,3.8474535075367218,0.6429204467757732,7.87220278420568,828.989456208377,54,2.2855215808882723,1.7313669058842471
18.779999999965703,3.8191553265309297,0.9643580724089302,17.711626183427025,585.7828300007272,56,2.2855215808882723,1.7313669058842471
18.799999999964946,3.7967874409347733,2.1805533034390288,90.55557905108928,934.2521215414885,55,2.2855215808882723,1.7313669058842471
18.81999999996419,3.7675178421316953,5.065620183108569,488.7052946767512,2864.7245850475806,53,2.2855215808882723,1.7313669058842471
18.83999999996343,3.768302260735234,8.880754522551568,1502.0401044055302,5118.438188543219,52,2.2855215808882723,1.7313669058842471
18.859999999962675,3.8269632270093594,13.74892262761395,3600.1378728017216,5096.68740276331,51,2.2855215808882723,1.7313669058842471
18.879999999961917,3.887080835546869,12.556426666883807,3002.713705791924,2841.3443823384146,51,2.2855215808882723,1.7313669058842471
18.89999999996116,3.9288814915656234,11.249324769441122,2410.0980276877867,2561.203726798523,42,2.2855215808882723,1.7313669058842471
18.919999999960403,3.928143509772762,11.492372213539296,2515.3658706829083,1308.4022042143004,43,2.2855215808882723,1.7313669058842471
18.939999999959646,3.948248216436894,8.393714130670546,1341.8072847763528,988.1967759240615,58,2.2855215808882723,1.7313669058842471
18.95999999995889,3.9698482658595236,6.08699403363309,705.6470808276,504.3085908801653,57,2.2855215808882723,1.7313669058842471
18.97999999995813,3.9715533407304933,4.634367228786388,409.0370862236106,672.0246173503245,54,2.2855215808882723,1.7313669058842471
18.999999999957375,3.958385909305997,3.5860618294935906,244.91610472970152,782.4745571593521,51,2.2855215808882723,1.7313669058842471
19.019999999956617,3.9518363471532374,2.891082233603405,159.18519979536006,921.5499069173258,45,2.2855215808882723,1.7313669058842471
19.03999999995586,3.9550684833038643,1.0786198522415147,22.157390704805472,610.5020440805614,43,2.2855215808882723,1.7313669058842471
19.059999999955103,3.9552473698102593,-0.7402199307495261,10.435261727254897,682.106132018744,40,2.2855215808882723,1.7313669058842471
19.079999999954346,3.945466618642564,-0.9272296377748406,16.37406110909221,684.1502114185836,44,2.2855215808882723,1.7313669058842471
19.09999999995359,3.9284388092658267,1.6113033224300475,49.44659634362974,1037.7578891868745,50,2.2855215808882723,1.7313669058842471
19.11999999995283,3.9119572637407587,5.850211202467859,651.8158057479679,1809.2429815969083,53,2.2855215808882723,1.7313669058842471
19.139999999952074,3.9194738836444003,9.558827047973097,1740.1673051214889,2204.4916661938128,49,2.2855215808882723,1.7313669058842471
19.159999999951317,3.9545964329664147,11.482170569298304,2510.902131109191,1888.2320350333446,44,2.2855215808882723,1.7313669058842471
19.17999999995056,3.9993786806195635,9.396543493159125,1681.582014597249,877.9884572872721,51,2.2855215808882723,1.7313669058842471
19.199999999949803,4.039014062236666,5.847460945323086,651.203096347005,421.2829498219869,57,2.2855215808882723,1.7313669058842471
19.219999999949046,4.0748030142797536,2.4185647050010517,111.403085272771,689.9757010594124,47,2.2855215808882723,1.7313669058842471
19.23999999994829,4.08946256831717,1.9456052895648799,72.09269715045436,1744.6968761646242,37,2.2855215808882723,1.7313669058842471
19.25999999994753,4.099509284980768,2.6340828689158626,132.14193584861093,519.4554281223421,30,2.2855215808882723,1.7313669058842471
19.279999999946774,4.102745366143111,1.1777269406701583,26.41624090697204,1031.2530818756914,48,2.2855215808882723,1.7313669058842471
19.299999999946017,4.102525459743521,1.371792477486453,35.839226760485836,902.560606610407,58,2.2855215808882723,1.7313669058842471
19.31999999994526,4.100441723759597,2.208184677033773,92.86511073727225,612.706390524765,56,2.2855215808882723,1.7313669058842471
19.339999999944503,4.0999774605170956,2.602388737360273,128.98111845625894,788.4455855051865,53,2.2855215808882723,1.7313669058842471
19.359999999943746,4.101704257053966,2.5863098215556763,127.39221686862295,1077.7312188272506,52,2.2855215808882723,1.7313669058842471
19.37999999994299,4.10356300321128,2.5304157941264744,121.94544319852433,1163.1352922094995,49,2.2855215808882723,1.7313669058842471
19.39999999994223,4.097862968753781,2.533300156673578,122.22360723559471,1261.1752470741274,51,2.2855215808882723,1.7313669058842471
19.419999999941474,4.090277859585154,3.7655726596743113,270.04980079912417,1115.7843055181522,47,2.2855215808882723,1.7313669058842471
19.439999999940717,4.089253245803744,4.413448044447985,370.96918328341957,870.3092026020988,48,2.2855215808882723,1.7313669058842471
19.45999999993996,4.092068082845554,5.246109198467327,524.1510373091701,956.2162722217682,48,2.2855215808882723,1.7313669058842471
19.479999999939203,4.105421125180528,5.4943413671267765,574.9274902250354,854.3637452689462,42,2.2855215808882723,1.7313669058842471
19.499999999938446,4.1227141950795945,4.56911254891939,397.5992065639999,551.0920284900334,42,2.2855215808882723,1.7313669058842471
19.51999999993769,4.136908733932969,3.0998853641089963,183.00925975436647,1214.0793611775252,44,2.2855215808882723,1.7313669058842471
19.53999999993693,4.132409412640692,1.8108902793765382,62.45483597702285,3045.930692366077,39,2.2855215808882723,1.7313669058842471
19.559999999936174,4.143565645564928,3.379137133540472,217.46703379336674,945.347327648315,46,2.2855215808882723,1.7313669058842471
19.579999999935417,4.165150389636373,4.641811069454257,410.3521534466039,1016.0384824234003,50,2.2855215808882723,1.7313669058842471
19.59999999993466,4.163289373300787,5.396580215380681,554.6500683142146,1612.5115032716174,45,2.2855215808882723,1.7313669058842471
19.619999999933903,4.1607600245454766,4.710184871794683,422.53014977960555,947.6442408229844,45,2.2855215808882723,1.7313669058842471
19.639999999933146,4.172759172330743,3.3965950390313924,219.71987284788352,623.7525133097834,45,2.2855215808882723,1.7313669058842471
19.65999999993239,4.187176792058673,2.053676701197496,80.32411501187359,1074.0051119378404,38,2.2855215808882723,1.7313669058842471
19.67999999993163,4.2015781592198564,1.490581372557012,42.31488612094508,1254.5836999155858,36,2.2855215808882723,1.7313669058842471
19.699999999930874,4.217210834780761,1.7034088090415747,55.26110626967824,926.5904862061885,27,2.2855215808882723,1.7313669058842471
19.719999999930117,4.227411906626998,2.1886048347990954,91.22555320646603,976.1244946682567,28,2.2855215808882723,1.7313669058842471
19.73999999992936,4.2358250623403375,2.631306742694635,131.8635472033735,516.844724216128,46,2.2855215808882723,1.7313669058842471
19.759999999928603,4.231919390669189,4.062924323648442,314.3831517493527,1324.390320184952,42,2.2855215808882723,1.7313669058842471
19.779999999927846,4.228183954320424,6.719995932662184,860.0423110125533,2020.5327190703886,38,2.2855215808882723,1.7313669058842471
19.79999999992709,4.243178736457054,8.573510861891581,1399.9070540533596,1769.8955636619312,39,2.2855215808882723,1.7313669058842471
19.81999999992633,4.264872743176012,9.041432574740913,1556.8841347299026,2080.0790277905444,34,2.2855215808882723,1.7313669058842471
19.839999999925574,4.275431076588618,10.551820632999052,2120.4918004346127,2613.531977695865,28,2.2855215808882723,1.7313669058842471
19.859999999924817,4.307962841013659,12.20712252771457,2837.973949786441,1941.3943179852902,29,2.2855215808882723,1.7313669058842471
19.87999999992406,4.348392520118065,10.168830112867296,1969.353960123047,888.768761992238,44,2.2855215808882723,1.7313669058842471
19.899999999923303,4.380418934782877,8.010826204210174,1222.1835011249889,544.0190287028282,52,2.2855215808882723,1.7313669058842471
19.919999999922545,4.394071046397938,5.756633165620675,631.1301216389124,442.0570208024142,52,2.2855215808882723,1.7313669058842471
19.93999999992179,4.407787789608435,3.3563267576438705,214.5409837362355,819.6268557506753,50,2.2855215808882723,1.7313669058842471
19.95999999992103,4.42216865462772,1.4159719104541588,38.18484862144273,813.5962310225682,50,2.2855215808882723,1.7313669058842471
19.979999999920274,4.440926351517149,0.8420166159866137,13.502777788228174,430.4782692962875,46,2.2855215808882723,1.7313669058842471
19.999999999919517,4.457098367013596,-0.12814875440795687,0.3127595471328958,1225.666550647904,42,2.2855215808882723,1.7313669058842471
20.01999999991876,4.469588020564521,-0.6820389591339706,8.859315395103176,861.5805846564812,47,2.2855215808882723,1.7313669058842471
20.039999999918003,4.479402828439019,0.9570815312179014,17.44534926202414,889.6250224268323,54,2.2855215808882723,1.7313669058842471
20.059999999917245,4.483539631791257,4.361505771376977,362.28862639543695,2067.9124540390458,44,2.2855215808882723,1.7313669058842471
20.079999999916488,4.5004747793819755,8.097484850965428,1248.7689322422498,2437.5422545235824,41,2.2855215808882723,1.7313669058842471
20.09999999991573,4.5344278778538945,11.166023778808066,2374.5367415507944,3131.718912851482,41,2.2855215808882723,1.7313669058842471
20.119999999914974,4.584083323536251,13.23186015207713,3334.4453309179016,2346.234802346741,42,2.2855215808882723,1.7313669058842471
20.139999999914217,4.634018630140057,12.980716282898099,3209.0694239299055,1958.497879359421,42,2.2855215808882723,1.7313669058842471
20.15999999991346,4.6804488178961305,12.021623929346156,2752.3779685616055,1691.318774944977,57,2.2855215808882723,1.7313669058842471
20.179999999912702,4.717172514436238,9.360957354054099,1668.8693191201726,909.2533222775281,58,2.2855215808882723,1.7313669058842471
20.199999999911945,4.750472348167743,6.69874135526642,854.6104841089534,524.2183392276595,53,2.2855215808882723,1.7313669058842471
20.219999999911188,4.793073610136329,4.21222376433358,337.912817198349,1003.660013551512,45,2.2855215808882723,1.7313669058842471
20.23999999991043,4.834151198361412,2.4315897712150822,112.60622843685454,1073.9462664306009,38,2.2855215808882723,1.7313669058842471
20.259999999909674,4.869201378959803,-0.28516897965598376,1.5487679775157939,1004.2445675339274,33,2.2855215808882723,1.7313669058842471
20.279999999908917,4.899325891035203,-2.3960881904850755,109.34209593488289,835.098722604783,50,2.2855215808882723,1.7313669058842471
20.29999999990816,4.91239715995068,0.08271744843573056,0.13030949324804436,1250.3247910276457,55,2.2855215808882723,1.7313669058842471
20.319999999907402,4.913644610973185,4.345255504037915,359.5939976136866,1551.656419080768,49,2.2855215808882723,1.7313669058842471
20.339999999906645,4.904346607023126,6.6765902426419945,848.9678498662594,2142.9592502418454,49,2.2855215808882723,1.7313669058842471
20.359999999905888,4.904174950252515,7.494029282502804,1069.5782640192274,1799.5162679145017,43,2.2855215808882723,1.7313669058842471
20.37999999990513,4.909540379286703,7.1820066384612335,982.3661777185519,1236.9870330088431,43,2.2855215808882723,1.7313669058842471
20.399999999904374,4.922662712813715,6.567072404562897,821.3446001977912,1843.3226119625933,44,2.2855215808882723,1.7313669058842471
20.419999999903617,4.9354899910201135,4.9823501815766305,472.77041768687315,1248.6524536858503,45,2.2855215808882723,1.7313669058842471
20.43999999990286,4.949671130359947,3.2399639918070826,199.922725730916,811.9896414687558,50,2.2855215808882723,1.7313669058842471
20.459999999902102,4.965924019709197,1.3478589750598549,34.59957042606346,847.0163233895032,50,2.2855215808882723,1.7313669058842471
20.479999999901345,4.990349520177423,-0.6314928478404899,7.594840707488881,832.1196342440586,45,2.2855215808882723,1.7313669058842471
20.499999999900588,5.0143546963825445,-1.579366295704488,47.505897639798,714.1977321641041,40,2.2855215808882723,1.7313669058842471
20.51999999989983,5.024987874390591,-2.44433572434142,113.7898453847671,503.87430188989606,36,2.2855215808882723,1.7313669058842471
20.539999999899074,5.041626585744195,0.028614802506226958,0.015594207286615447,1260.6398559215816,55,2.2855215808882723,1.7313669058842471
20.559999999898317,5.034085949880099,4.122718137882196,323.7047595474744,1865.1835961635174,49,2.2855215808882723,1.7313669058842471
20.57999999989756,4.99922585663296,8.465264270691357,1364.780593000461,3788.0349314729347,47,2.2855215808882723,1.7313669058842471
20.599999999896802,4.956991671007826,9.475171047379817,1709.841739024354,3716.4466610273566,46,2.2855215808882723,1.7313669058842471
20.619999999896045,4.952245629103483,9.684079679975595,1786.0701215027686,4491.42923742568,45,2.2855215808882723,1.7313669058842471
20.639999999895288,4.982173756496501,9.134250132624805,1589.0135385685182,4447.562302948558,44,2.2855215808882723,1.7313669058842471
20.65999999989453,5.01619634399888,8.196466082171401,1279.4846772024591,3160.9308670158453,46,2.2855215808882723,1.7313669058842471
20.679999999893774,5.040605601300483,6.134549013486149,716.7159649498317,1685.0758775715813,51,2.2855215808882723,1.7313669058842471
20.699999999893016,5.051761670805248,3.326888627039614,210.79403731929207,1803.3939098583273,49,2.2855215808882723,1.7313669058842471
20.71999999989226,5.052679951494875,0.8956054395184504,15.276196719888672,878.6396606016685,48,2.2855215808882723,1.7313669058842471
20.739999999891502,5.071703172595085,-0.953146491903252,17.30219110962938,1175.6918112582932,47,2.2855215808882723,1.7313669058842471
20.759999999890745,5.069694045496614,-2.0782886362010373,82.26091255823258,1889.984931942841,41,2.2855215808882723,1.7313669058842471
20.779999999889988,5.051755654338659,-3.4570311155018416,227.60844624017545,3296.4756796198017,37,2.2855215808882723,1.7313669058842471
20.79999999988923,5.052149584931771,-3.761964051004552,269.5324626946544,967.2506927004885,48,2.2855215808882723,1.7313669058842471
20.819999999888473,5.060146636030858,2.333842618573959,103.73490885218516,3100.22161996024,40,2.2855215808882723,1.7313669058842471
20.839999999887716,4.978169884359286,8.995638925801048,1541.153252690447,6542.427095312152,41,2.2855215808882723,1.7313669058842471
20.85999999988696,4.935508925240659,14.1564216303593,3816.706593940457,8309.648497946704,40,2.2855215808882723,1.7313669058842471
20.879999999886202,4.971103417235681,15.723203759820962,4708.297345294073,8072.174556863539,40,2.2855215808882723,1.7313669058842471
20.899999999885445,5.028106791230029,14.864755290590896,4208.2092366772395,5825.59608991236,39,2.2855215808882723,1.7313669058842471
20.919999999884688,5.080516812660827,12.480237629529741,2966.384931142991,3128.4181619865094,40,2.2855215808882723,1.7313669058842471
20.93999999988393,5.120657271567179,8.995734290723666,1541.1859291330968,1544.8384562201193,47,2.2855215808882723,1.7313669058842471
20.959999999883173,5.142255980520388,5.2056622584799825,516.0998974228526,1887.6567198309617,47,2.2855215808882723,1.7313669058842471
20.979999999882416,5.133646407031825,1.9074974939592217,69.29625256011659,1571.5641375407765,44,2.2855215808882723,1.7313669058842471
20.99999999988166,5.143708270111838,-0.7582012158816043,10.948402375301411,725.5123691244941,39,2.2855215808882723,1.7313669058842471
21.019999999880902,5.156168575291872,-2.75467186500395,144.51786726996914,1492.996686016444,32,2.2855215808882723,1.7313669058842471
21.039999999880145,5.110239841144785,-3.70263515083927,261.09805502076557,2485.9062110317614,34,2.2855215808882723,1.7313669058842471
21.059999999879388,5.100675935093575,-4.710138632357261,422.521853943645,805.6453119928319,55,2.2855215808882723,1.7313669058842471
21.07999999987863,5.100304391697938,-4.975867652514999,471.54097612182795,1612.7810445827363,47,2.2855215808882723,1.7313669058842471
21.099999999877873,5.011275529910509,5.09701453126938,494.7815999260644,5241.146597408474,47,2.2855215808882723,1.7313669058842471
21.119999999877116,4.922186989596351,11.88145515156169,2688.568234899862,7443.015221830189,50,2.2855215808882723,1.7313669058842471
21.13999999987636,4.954769006954133,15.045364893313861,4311.091566984652,8209.547091548051,49,2.2855215808882723,1.7313669058842471
21.159999999875602,5.031799852462888,16.3779633601679,5108.596335580251,7262.970038274825,45,2.2855215808882723,1.7313669058842471
21.179999999874845,5.107556763974827,15.133619650570859,4361.816857675971,3711.5147356143684,47,2.2855215808882723,1.7313669058842471
21.199999999874088,5.166288212396309,10.1421199854846,1959.0218745255745,1568.075635477999,48,2.2855215808882723,1.7313669058842471
21.21999999987333,5.197945825862212,5.784926920996822,637.3493557940867,1094.8485066666842,52,2.2855215808882723,1.7313669058842471
21.239999999872573,5.193400028796521,2.013064640627667,77.17866076020353,1470.336394588854,48,2.2855215808882723,1.7313669058842471
21.259999999871816,5.192775177659374,-1.4152315656802597,38.144928955806265,896.0735992763414,41,2.2855215808882723,1.7313669058842471
21.27999999987106,5.165376603686081,-3.9670429268573457,299.71991241066206,2004.1958372996326,40,2.2855215808882723,1.7313669058842471
21.299999999870302,5.093130512800521,-5.998307219637399,685.2344805491811,275.4601075425613,48,2.2855215808882723,1.7313669058842471
21.319999999869545,5.075515320856876,-6.45811470972401,794.3159925169873,229.10570331213793,63,2.2855215808882723,1.7313669058842471
21.339999999868787,5.018303957676084,-5.678614964332483,614.1389501483657,937.7886696524773,55,2.2855215808882723,1.7313669058842471
21.35999999986803,4.922510185713543,5.401382452407128,555.6376367726045,7938.080579284547,55,2.2855215808882723,1.7313669058842471
21.379999999867273,4.825570795333516,13.312282473175806,3375.1015607320114,9725.708987829988,54,2.2855215808882723,1.7313669058842471
21.399999999866516,4.878588158688633,15.74853475349295,4723.480246207356,9609.454836292289,49,2.2855215808882723,1.7313669058842471
21.41999999986576,4.959751291841338,16.27804916575146,5046.456207768047,7675.22125406488,45,2.2855215808882723,1.7313669058842471
21.439999999865,5.03627656191006,13.01800393019493,3227.532274275178,3735.7794082833057,48,2.2855215808882723,1.7313669058842471
21.459999999864245,5.098213813792214,7.346621577642597,1027.9148428025712,1313.4921095883424,47,2.2855215808882723,1.7313669058842471
21.479999999863487,5.103045256942078,3.129127271908599,186.47827902538526,571.6199571471262,46,2.2855215808882723,1.7313669058842471
21.49999999986273,5.074607506476543,0.1905590493034496,0.6915776539426467,1609.7007220416267,41,2.2855215808882723,1.7313669058842471
21.519999999861973,5.018599527574525,-2.403861854382486,110.05272713985873,1692.1501324621631,34,2.2855215808882723,1.7313669058842471
21.539999999861216,4.913418231992662,-6.259819569056375,746.2862293424347,3581.8575121512986,36,2.2855215808882723,1.7313669058842471
21.55999999986046,4.863368580771336,-7.353097948988707,1029.7279462687734,1712.185549719304,56,2.2855215808882723,1.7313669058842471
21.5799999998597,4.819490867959255,-6.173060413335315,725.7429933322124,1832.666798267622,50,2.2855215808882723,1.7313669058842471
21.599999999858944,4.695816371727122,0.3258331938778235,2.0219594798571716,8342.365507261839,45,2.2855215808882723,1.7313669058842471
21.619999999858187,4.60190835175463,13.805656562151043,3629.910590757822,14166.139380574494,41,2.2855215808882723,1.7313669058842471
21.63999999985743,4.6382050039311284,15.576041498888106,4620.5746203342,12537.492001267912,33,2.2855215808882723,1.7313669058842471
21.659999999856673,4.715055488187911,18.18936583852027,6301.107847914169,9633.391129837259,37,2.2855215808882723,1.7313669058842471
21.679999999855916,4.788022622332486,14.906189855022573,4231.702167369635,4794.652790739564,41,2.2855215808882723,1.7313669058842471
21.69999999985516,4.848725013638809,9.843505128795238,1845.3610126742383,1893.0553296988276,45,2.2855215808882723,1.7313669058842471
21.7199999998544,4.891263444130053,4.922342211170249,461.45080081712405,797.7809503107163,52,2.2855215808882723,1.7313669058842471
21.739999999853644,4.852873493164175,1.3137479165926476,32.87046726288458,764.516590019935,39,2.2855215808882723,1.7313669058842471
21.759999999852887,4.791662177102806,-1.536072895528317,44.937142123965,2427.6520300193824,29,2.2855215808882723,1.7313669058842471
21.77999999985213,4.716274983450925,-4.3460571269945865,359.7266873451104,2560.9778833973683,26,2.2855215808882723,1.7313669058842471
21.799999999851373,4.651591242681705,-5.753270922535719,630.3930959746663,1840.1518570478047,42,2.2855215808882723,1.7313669058842471
21.819999999850616,4.592591287991049,-4.736708403147592,427.3021686440996,1935.7809019576998,49,2.2855215808882723,1.7313669058842471
21.83999999984986,4.54509024389564,-2.605539617885798,129.29363911725036,3182.724165671455,46,2.2855215808882723,1.7313669058842471
21.8599999998491,4.506461249524525,3.8438850307440324,281.399017202912,8438.517272136918,41,2.2855215808882723,1.7313669058842471
21.879999999848344,4.5665944997535295,15.554432677529356,4607.76316071196,12252.811317764214,40,2.2855215808882723,1.7313669058842471
21.899999999847587,4.652439114184809,17.15883980522483,5607.349634964596,8992.609102078008,39,2.2855215808882723,1.7313669058842471
21.91999999984683,4.71348046671322,17.04120011957934,5530.726085610272,5354.015399792957,49,2.2855215808882723,1.7313669058842471
21.939999999846073,4.761955579814675,12.592879789970924,3020.1736379604263,1946.2962393243083,53,2.2855215808882723,1.7313669058842471
21.959999999845316,4.804852162457397,8.952889078620442,1526.5400569806966,1553.0418688575098,53,2.2855215808882723,1.7313669058842471
21.97999999984456,4.814486613731834,5.4666921710502505,569.1556299115122,807.5135837787216,46,2.2855215808882723,1.7313669058842471
21.9999999998438,4.807478118523833,2.2863577799593684,99.55662850020269,522.0325043727195,37,2.2855215808882723,1.7313669058842471
22.019999999843044,4.799861682309784,-1.008156767678786,19.356994953015352,823.5740032596459,25,2.2855215808882723,1.7313669058842471
22.039999999842287,4.775254328388836,-4.798495464590503,438.5225940007103,971.9132582451357,22,2.2855215808882723,1.7313669058842471
22.05999999984153,4.7632954449039495,-6.348403266999947,767.5573063089506,120.33835674354714,56,2.2855215808882723,1.7313669058842471
22.079999999840773,4.735053834720557,-4.772213604337564,433.7320811054122,1243.407254900196,47,2.2855215808882723,1.7313669058842471
22.099999999840016,4.673414553503979,0.7734035463939994,11.391846265383178,2560.800486733777,37,2.2855215808882723,1.7313669058842471
22.11999999983926,4.609668840501656,7.622219448623586,1106.4828669430115,5008.407634439945,39,2.2855215808882723,1.7313669058842471
22.1399999998385,4.5864462258188485,9.256197691906308,1631.7252736853359,5866.053233765439,42,2.2855215808882723,1.7313669058842471
22.159999999837744,4.624033004099368,9.705612203777136,1794.0215954612931,5282.269904092625,38,2.2855215808882723,1.7313669058842471
22.179999999836987,4.6750492502915195,9.122601857415722,1584.9634052903916,4116.283424050941,38,2.2855215808882723,1.7313669058842471
22.19999999983623,4.700659639101266,7.282816230457244,1010.137513784682,2074.150576554823,48,2.2855215808882723,1.7313669058842471
22.219999999835473,4.6937161992807575,4.203239124809201,336.4728239242325,933.1359258182064,51,2.2855215808882723,1.7313669058842471
22.239999999834716,4.6688886416989925,2.2484537607241326,96.28302328358022,567.3852273406426,50,2.2855215808882723,1.7313669058842471
22.25999999983396,4.655887990061872,0.519841649351813,5.146641776873656,422.9831701381729,43,2.2855215808882723,1.7313669058842471
22.2799999998332,4.661599540994187,-1.226675532416386,28.657691470839925,1089.3471568903524,37,2.2855215808882723,1.7313669058842471
22.299999999832444,4.658207812345938,-2.1772105197258322,90.27814883265523,2014.613673856291,37,2.2855215808882723,1.7313669058842471
22.319999999831687,4.6553386344154,-2.197990051274464,92.00962100783516,386.4395963274661,45,2.2855215808882723,1.7313669058842471
22.33999999983093,4.657241070787722,0.543819750121722,5.632377424460027,1426.3706028522897,44,2.2855215808882723,1.7313669058842471
22.359999999830173,4.601275341564788,9.175106950394236,1603.2604075158383,4849.512633932466,43,2.2855215808882723,1.7313669058842471
22.379999999829415,4.555423227088288,12.985188008975616,3211.2807889799847,5689.783429372209,41,2.2855215808882723,1.7313669058842471
22.39999999982866,4.558642016043429,12.431552732226674,2943.286579113417,5595.423621848479,40,2.2855215808882723,1.7313669058842471
22.4199999998279,4.6051862062626645,12.682056141519997,3063.0997505861515,5646.848598984539,35,2.2855215808882723,1.7313669058842471
22.439999999827144,4.658867101425776,12.531235806268453,2990.677627609561,4372.131061729101,38,2.2855215808882723,1.7313669058842471
22.459999999826387,4.705775783046023,10.778997847973017,2212.7816819091454,2718.807005333692,45,2.2855215808882723,1.7313669058842471
22.47999999982563,4.738044345123323,7.228857508899908,995.2246533218298,1524.0735429991573,48,2.2855215808882723,1.7313669058842471
22.499999999824873,4.741912632370787,4.544785122074147,393.37658539597896,846.9945162053227,50,2.2855215808882723,1.7313669058842471
22.519999999824115,4.74662497673027,2.303471588557459,101.0526058158747,680.0335772161096,46,2.2855215808882723,1.7313669058842471
22.539999999823358,4.762565927832693,0.6641813157368478,8.401466605577685,995.8991505636463,43,2.2855215808882723,1.7313669058842471
22.5599999998226,4.787085700932047,-1.0156767417584835,19.646844698387053,502.94419246879477,37,2.2855215808882723,1.7313669058842471
22.579999999821844,4.806528943334893,-1.528348152998024,44.48631063026946,642.107317043417,37,2.2855215808882723,1.7313669058842471
22.599999999821087,4.8209753311638375,-1.1948129331506157,27.188273309241325,1158.5462076824251,57,2.2855215808882723,1.7313669058842471
22.61999999982033,4.805029468561486,0.6025083211484689,6.9136580522583735,1399.382278169193,43,2.2855215808882723,1.7313669058842471
22.639999999819572,4.7835283858689515,5.039836400476776,483.7429792225985,2120.2196265720736,44,2.2855215808882723,1.7313669058842471
22.659999999818815,4.793616536642601,12.07101485730803,2775.040757406254,4588.747099021317,39,2.2855215808882723,1.7313669058842471
22.679999999818058,4.811767095760048,14.92049102571217,4239.82595038428,4082.3420375273454,38,2.2855215808882723,1.7313669058842471
22.6999999998173,4.828769088929209,14.989680749344972,4279.239205115379,3431.211125410206,42,2.2855215808882723,1.7313669058842471
22.719999999816544,4.8631341029128246,12.390454056281914,2923.857754948653,2444.372966657435,46,2.2855215808882723,1.7313669058842471
22.739999999815787,4.900053103577868,9.047530084333443,1558.9847569330966,1709.42150595902,49,2.2855215808882723,1.7313669058842471
22.75999999981503,4.931759604483651,6.0205034184808595,690.315161184471,1153.9459192698184,50,2.2855215808882723,1.7313669058842471
22.779999999814272,4.961302096466911,3.6053547288995813,247.55847541570213,674.1258957343399,48,2.2855215808882723,1.7313669058842471
22.799999999813515,4.988700034752507,1.8075372650365824,62.22376942245513,434.5837608633692,42,2.2855215808882723,1.7313669058842471
22.819999999812758,5.017194196404659,0.09003274736836046,0.1543770732034666,578.7533212852546,39,2.2855215808882723,1.7313669058842471
22.839999999812,5.039080869098828,-1.7309229782682256,57.06072477700806,752.2776180628887,34,2.2855215808882723,1.7313669058842471
22.859999999811244,5.054439869727462,-2.4026540527320583,109.94216465270603,625.6162935617476,56,2.2855215808882723,1.7313669058842471
22.879999999810487,5.047484160673499,-0.04675954300169813,0.0416411114768548,1378.605579503207,51,2.2855215808882723,1.7313669058842471
22.89999999980973,5.030863995612697,4.225565422039461,340.0567948885863,2166.5388610237037,45,2.2855215808882723,1.7313669058842471
22.919999999808972,5.02805221051779,7.590754196174531,1097.3663880564302,2443.148464531591,42,2.2855215808882723,1.7313669058842471
22.939999999808215,5.027754258946233,11.815062576802752,2658.605197369087,4232.526053712431,41,2.2855215808882723,1.7313669058842471
22.959999999807458,5.046529117256641,13.808566051728446,3631.440731660307,3300.513051303492,42,2.2855215808882723,1.7313669058842471
22.9799999998067,5.072730345853771,11.803020371010234,2653.1885260281697,2172.8343101713135,44,2.2855215808882723,1.7313669058842471
22.999999999805944,5.104791385210494,8.664763303876532,1429.8655548361312,1057.2775926198237,49,2.2855215808882723,1.7313669058842471
23.019999999805187,5.126008451156414,5.608066110094317,598.9741037611019,637.3265691685175,52,2.2855215808882723,1.7313669058842471
23.03999999980443,5.137033450429994,2.607126943348072,129.45122152257665,536.942765231178,53,2.2855215808882723,1.7313669058842471
23.059999999803672,5.151430911575484,0.7039128776671062,9.436688468119234,567.7140152411654,45,2.2855215808882723,1.7313669058842471
23.079999999802915,5.1610985243132985,-1.1734362139430108,26.22411080205602,1854.347379982603,37,2.2855215808882723,1.7313669058842471
23.099999999802158,5.132661251280271,-3.5651122354822564,242.06288802902662,2216.7997905069697,42,2.2855215808882723,1.7313669058842471
23.1199999998014,5.130844089336251,-3.917626164015941,292.2993032021514,598.2972717772411,54,2.2855215808882723,1.7313669058842471
23.139999999800644,5.090228788171453,0.2829260556624021,1.52450090723876,1907.5606400476424,50,2.2855215808882723,1.7313669058842471
23.159999999799886,5.040966966113478,4.584471107353104,400.27666912314976,2715.968358912315,42,2.2855215808882723,1.7313669058842471
23.17999999979913,5.010641003987121,9.77047250324207,1818.0797550472485,5452.224797089099,39,2.2855215808882723,1.7313669058842471
23.199999999798372,4.988363469305178,12.538125983456911,2993.967321327268,6834.984250579236,39,2.2855215808882723,1.7313669058842471
23.219999999797615,5.024169155891616,13.38421853116851,3411.6764294917143,6039.53000157459,37,2.2855215808882723,1.7313669058842471
23.239999999796858,5.075880114297197,12.253591644440961,2859.621828576039,3376.738603504603,38,2.2855215808882723,1.7313669058842471
23.2599999997961,5.120805754925285,8.877353436965626,1500.889844320069,1951.4722322456882,51,2.2855215808882723,1.7313669058842471
23.279999999795344,5.137636584464242,5.081727362584336,491.8181134009844,1042.5344415747286,55,2.2855215808882723,1.7313669058842471
23.299999999794586,5.1272633098054285,2.180850820389901,90.58029173085377,592.7413417599754,52,2.2855215808882723,1.7313669058842471
23.31999999979383,5.1156919517643615,0.050494329542576225,0.048558696180797264,876.6744378193777,44,2.2855215808882723,1.7313669058842471
23.339999999793072,5.06570319843143,-2.831782013309351,152.72194096959674,1191.3000955232358,42,2.2855215808882723,1.7313669058842471
23.359999999792315,5.0189153041558185,-4.443812450486735,376.09125912852653,598.6774188902655,48,2.2855215808882723,1.7313669058842471
23.379999999791558,5.016216409206031,-3.9968230836689815,304.2367317670671,864.3828465555642,53,2.2855215808882723,1.7313669058842471
23.3999999997908,4.952554470715379,1.5713530979373511,47.02506118700184,2243.2745643193284,49,2.2855215808882723,1.7313669058842471
23.419999999790043,4.863915119654574,9.484991388683056,1713.3878345672517,5341.206730768573,49,2.2855215808882723,1.7313669058842471
23.439999999789286,4.829029388717646,13.044855721162907,3240.8606467235395,6303.01657599931,49,2.2855215808882723,1.7313669058842471
23.45999999978853,4.8669954355881035,14.086091529861053,3778.8774620695176,5527.17418075477,46,2.2855215808882723,1.7313669058842471
23.479999999787772,4.927208473043064,13.876176154217998,3667.0886254504244,3647.614929377525,47,2.2855215808882723,1.7313669058842471
23.499999999787015,4.981368223831785,11.23657102212177,2404.6363030690272,1750.03323652257,52,2.2855215808882723,1.7313669058842471
23.519999999786258,5.017368440692074,7.2895840849368145,1012.015809216777,1262.431972981828,52,2.2855215808882723,1.7313669058842471
23.5399999997855,5.015513132348067,3.824714448328689,278.59917754920565,557.1574928249,55,2.2855215808882723,1.7313669058842471
23.559999999784743,5.006495214089893,1.5993563302138238,48.71607207473754,721.8512098329032,50,2.2855215808882723,1.7313669058842471
23.579999999783986,4.9985925184626065,-1.4369260677846831,39.32336226330058,1453.752511458273,45,2.2855215808882723,1.7313669058842471
23.59999999978323,4.950914951248557,-4.2730940344720985,347.74964658152254,2846.0466752176994,43,2.2855215808882723,1.7313669058842471
23.619999999782472,4.944041387094597,-4.341851889589135,359.0308822892883,569.97880373753,58,2.2855215808882723,1.7313669058842471
23.639999999781715,4.909840416845074,-3.5879091713894335,245.16850434790794,1316.9133421195138,54,2.2855215808882723,1.7313669058842471
23.659999999780958,4.810831611788517,3.2168704387914895,197.08289664551734,3069.56408101317,58,2.2855215808882723,1.7313669058842471
23.6799999997802,4.741467943236558,10.240470255423304,1997.2001869106352,4774.541917237682,57,2.2855215808882723,1.7313669058842471
23.699999999779443,4.735529285470577,12.173697842059529,2822.4537451408983,7007.980634887603,57,2.2855215808882723,1.7313669058842471
23.719999999778686,4.792802130692445,13.226599548792915,3331.794500736407,5297.534689805991,56,2.2855215808882723,1.7313669058842471
23.73999999977793,4.857463467055287,12.985200932711948,3211.2871811503296,3135.0025905260322,58,2.2855215808882723,1.7313669058842471
23.759999999777172,4.910592630071887,9.538859188977604,1732.904672898465,1847.7496488342567,60,2.2855215808882723,1.7313669058842471
23.779999999776415,4.92787803134482,5.831293222386399,647.607034336458,990.3877928753715,61,2.2855215808882723,1.7313669058842471
23.799999999775657,4.916196864730518,3.0393251382781914,175.92846822961866,944.3595115060738,57,2.2855215808882723,1.7313669058842471
23.8199999997749,4.905939428626063,0.3757398883434805,2.688787008538004,1543.3552304492162,47,2.2855215808882723,1.7313669058842471
23.839999999774143,4.878112924512291,-2.586510776340471,127.41201424159625,3203.971426592149,45,2.2855215808882723,1.7313669058842471
23.859999999773386,4.827654953895048,-4.142637546899843,326.84035332443693,1744.2423669415261,49,2.2855215808882723,1.7313669058842471
23.87999999977263,4.816525426739996,-3.9905667948564925,303.28502431522935,1118.3057934617475,58,2.2855215808882723,1.7313669058842471
23.89999999977187,4.770413005421692,-2.618193343719498,130.55250999008774,1008.249505104725,51,2.2855215808882723,1.7313669058842471
23.919999999771115,4.655125180424373,5.46594402679071,568.9998569625961,4081.4493083401208,54,2.2855215808882723,1.7313669058842471
23.939999999770357,4.590535150685567,10.514399694319925,2105.4782607424004,5574.326072639582,58,2.2855215808882723,1.7313669058842471
23.9599999997696,4.61086446192217,13.143524047459424,3290.0723264206554,5949.925601615804,55,2.2855215808882723,1.7313669058842471
23.979999999768843,4.679670572844778,13.635357617369996,3540.909790367811,4736.024898873169,53,2.2855215808882723,1.7313669058842471
23.999999999768086,4.74760217722064,13.22059532199053,3328.770245082826,3017.2607794610662,60,2.2855215808882723,1.7313669058842471
24.01999999976733,4.801769042484203,9.471351735562367,1708.4635892123988,1175.3063376615403,60,2.2855215808882723,1.7313669058842471
24.03999999976657,4.814949044803642,5.66760861750937,611.760597070227,602.3219347531779,53,2.2855215808882723,1.7313669058842471
24.059999999765814,4.79815465009609,3.165096604442467,190.79005672555942,1271.101723941929,45,2.2855215808882723,1.7313669058842471
24.079999999765057,4.78150121028433,0.24713534658002145,1.1631923222114506,1438.980175677227,38,2.2855215808882723,1.7313669058842471
24.0999999997643,4.7549218041422385,-2.4971941436390312,118.7644365413384,2267.2398005025557,37,2.2855215808882723,1.7313669058842471
24.119999999763543,4.705239272280641,-4.274737189111935,348.01714189222173,1848.4229967209403,40,2.2855215808882723,1.7313669058842471
24.139999999762786,4.691446778623658,-4.251415950250626,344.23021829586,1376.024098710223,54,2.2855215808882723,1.7313669058842471
24.15999999976203,4.642815164120863,-2.6063649939470497,129.3755666968238,2931.4608717008955,42,2.2855215808882723,1.7313669058842471
24.17999999976127,4.567127563246189,3.438261826358484,225.14364250489206,2868.9734063557808,44,2.2855215808882723,1.7313669058842471
24.199999999760514,4.522402103258508,9.55393458918279,1738.3864343056484,5597.2852334582785,44,2.2855215808882723,1.7313669058842471
24.219999999759757,4.532291998870571,13.214574050733619,3325.738783373757,6358.835739944974,44,2.2855215808882723,1.7313669058842471
24.239999999759,4.587578642593792,12.315059521145356,2888.383314708432,5111.739496232618,42,2.2855215808882723,1.7313669058842471
24.259999999758243,4.642680118108855,12.133961172713356,2804.058041890835,3335.3591543338694,42,2.2855215808882723,1.7313669058842471
24.279999999757486,4.6837305032227174,9.24210024191145,1626.7587314870136,1911.93091660334,51,2.2855215808882723,1.7313669058842471
24.29999999975673,4.702763266638144,5.630103391160032,603.6907726088801,972.3853907768142,54,2.2855215808882723,1.7313669058842471
24.31999999975597,4.683740918787104,2.9734616682463915,168.38619588245223,543.6695789753701,47,2.2855215808882723,1.7313669058842471
24.339999999755214,4.664366065530237,0.6304569743829596,7.569944649374457,1137.5535877900913,37,2.2855215808882723,1.7313669058842471
24.359999999754457,4.640913831973499,-1.660046261918311,52.48342626402192,2694.935489310278,32,2.2855215808882723,1.7313669058842471
24.3799999997537,4.589900367856372,-3.255932273523082,201.89823496473764,2633.6245852489155,33,2.2855215808882723,1.7313669058842471
24.399999999752943,4.579506487766187,-3.301731582303753,207.61815387193266,993.0171480101817,48,2.2855215808882723,1.7313669058842471
24.419999999752186,4.553794300894139,-1.0093753945471762,19.403819438403314,2184.0574216497494,45,2.2855215808882723,1.7313669058842471
24.43999999975143,4.48754248737066,4.201513219121429,336.19656025347126,2691.0437021267076,39,2.2855215808882723,1.7313669058842471
24.45999999975067,4.494410281151983,12.608142027508,3027.498815514427,5955.3194724411715,44,2.2855215808882723,1.7313669058842471
24.479999999749914,4.5411515753007174,13.928150776215233,3694.6109760557815,4634.6376259613435,46,2.2855215808882723,1.7313669058842471
24.499999999749157,4.592686987622309,12.37439215944766,2916.2822032790914,3652.9916251001623,43,2.2855215808882723,1.7313669058842471
24.5199999997484,4.63709498458551,12.738449150431306,3090.4015482358677,2087.48204190328,52,2.2855215808882723,1.7313669058842471
24.539999999747643,4.677378560560732,9.448099711554853,1700.0853819458002,1066.8434765670563,55,2.2855215808882723,1.7313669058842471
24.559999999746886,4.683726595407165,6.245117271405158,742.7847746543891,645.6944137032411,52,2.2855215808882723,1.7313669058842471
24.57999999974613,4.6739933374300255,3.7983223088668345,274.7675401071542,230.71614328762396,53,2.2855215808882723,1.7313669058842471
24.59999999974537,4.668896572435273,1.639818148805017,51.21216953138593,682.9165229487162,46,2.2855215808882723,1.7313669058842471
24.619999999744614,4.665835047058818,-0.1792252863495496,0.6117589939697812,998.5767245022164,40,2.2855215808882723,1.7313669058842471
24.639999999743857,4.66413171184471,-2.6518143042005153,133.92696124320693,1977.4844638281127,36,2.2855215808882723,1.7313669058842471
24.6599999997431,4.656345047122562,-3.332666968851649,211.52691293917908,948.1947911311063,52,2.2855215808882723,1.7313669058842471
24.679999999742343,4.625032519711155,-1.873628186347832,66.85726700254139,1976.1478934948198,46,2.2855215808882723,1.7313669058842471
24.699999999741586,4.578091075009003,3.196669798784985,194.61546716060144,2544.138113143017,46,2.2855215808882723,1.7313669058842471
24.71999999974083,4.563754571996018,7.601418789241886,1100.4520332200652,2694.147122362042,43,2.2855215808882723,1.7313669058842471
24.73999999974007,4.596436245265322,11.35252278916471,2454.51992483295,4081.518373738047,37,2.2855215808882723,1.7313669058842471
24.759999999739314,4.643854261394239,12.775151992126867,3108.23573250145,3747.689787585572,41,2.2855215808882723,1.7313669058842471
24.779999999738557,4.692045652760467,11.695510803429759,2605.074729326765,2729.528919287119,46,2.2855215808882723,1.7313669058842471
24.7999999997378,4.7335168187438175,9.628422825470158,1765.5991238543081,1591.1513094768366,54,2.2855215808882723,1.7313669058842471
24.819999999737043,4.758275485519326,7.552850833111633,1086.434660072114,1289.8117381388145,56,2.2855215808882723,1.7313669058842471
24.839999999736285,4.765393330942839,4.449757106698472,377.09815520130144,673.3658194676904,52,2.2855215808882723,1.7313669058842471
24.85999999973553,4.770834603179442,2.6004480943099884,128.78882360127346,702.4608140897998,45,2.2855215808882723,1.7313669058842471
24.87999999973477,4.780702550159759,0.9848172124117838,18.471112698699216,906.2651942225605,32,2.2855215808882723,1.7313669058842471
24.899999999734014,4.792340999647865,-1.3531461388584207,34.871546041906925,1132.9277926550865,26,2.2855215808882723,1.7313669058842471
24.919999999733257,4.787614994913352,-2.5398973313719426,122.8610211659956,1181.0805381740213,35,2.2855215808882723,1.7313669058842471
24.9399999997325,4.777465913534296,-1.0366057789222112,20.464872742296343,1960.6871858079535,42,2.2855215808882723,1.7313669058842471
24.959999999731743,4.738759310492341,3.0361858118317118,175.56522202628432,2061.671618616369,36,2.2855215808882723,1.7313669058842471
24.979999999730985,4.719131912509066,6.498150982102151,804.1950446614209,2493.8286535391594,34,2.2855215808882723,1.7313669058842471
24.99999999973023,4.7207162487463785,9.666546248364824,1779.608466920654,3224.6812070393084,27,2.2855215808882723,1.7313669058842471
25.01999999972947,4.7312639251911035,10.192146965403365,1978.3956652234046,2887.8796131039,28,2.2855215808882723,1.7313669058842471
25.039999999728714,4.754457265536553,10.809607753704126,2225.367121273083,2307.64089024742,33,2.2855215808882723,1.7313669058842471
25.059999999727957,4.786860792796607,9.461826383962208,1705.02890880186,1370.4908870500553,36,2.2855215808882723,1.7313669058842471
25.0799999997272,4.7987815267948815,7.064661283762437,950.5270617683259,740.1053433610423,45,2.2855215808882723,1.7313669058842471
25.099999999726442,4.810528650748737,4.8839777699605476,454.2857919157102,798.4526310627136,41,2.2855215808882723,1.7313669058842471
25.119999999725685,4.823774977262488,2.940785675173584,164.70566830712852,495.58074549443285,44,2.2855215808882723,1.7313669058842471
25.139999999724928,4.839221166108881,1.4643033710127122,40.83606829613546,685.3889373703937,40,2.2855215808882723,1.7313669058842471
25.15999999972417,4.860617856519415,0.26957153549938817,1.383980152366269,1006.4502709806696,35,2.2855215808882723,1.7313669058842471
25.179999999723414,4.868712020799022,-0.3923129392914047,2.9312108645898953,1466.961720295609,37,2.2855215808882723,1.7313669058842471
25.199999999722657,4.886135475003294,0.9008444197836476,15.455440320659962,1174.1546331337265,49,2.2855215808882723,1.7313669058842471
25.2199999997219,4.86835944010026,4.426896998366276,373.2335122310271,1382.5800551185107,40,2.2855215808882723,1.7313669058842471
25.239999999721142,4.851477857015712,6.838902023271344,890.7473950251285,2016.565824978373,34,2.2855215808882723,1.7313669058842471
25.259999999720385,4.846311602542983,10.233845374785089,1994.616920190223,2988.7196161490283,31,2.2855215808882723,1.7313669058842471
25.279999999719628,4.846070448132533,11.139959585688167,2363.4641965010487,2771.148856471763,35,2.2855215808882723,1.7313669058842471
25.29999999971887,4.85158194488704,10.630002514246776,2152.031042414894,2264.4807027987736,39,2.2855215808882723,1.7313669058842471
25.319999999718114,4.869003200007261,9.338361440565235,1660.822254549627,1839.622416754565,41,2.2855215808882723,1.7313669058842471
25.339999999717357,4.89019563258234,7.698149004285929,1128.6373624893126,1325.172702229877,43,2.2855215808882723,1.7313669058842471
25.3599999997166,4.905884759362711,5.758539354215549,631.548161902396,998.720094052603,40,2.2855215808882723,1.7313669058842471
25.379999999715842,4.926782019726292,3.696880166968448,260.2870394703198,719.7733357655474,43,2.2855215808882723,1.7313669058842471
25.399999999715085,4.949783516201197,2.0670971256994775,81.37735376148427,708.9647091044992,38,2.2855215808882723,1.7313669058842471
25.419999999714328,4.974246254252921,0.7573166110502608,10.922869945096105,1043.4033890166343,34,2.2855215808882723,1.7313669058842471
25.43999999971357,4.990391405796862,-0.3592610126024291,2.4581137516416947,2414.628959996743,32,2.2855215808882723,1.7313669058842471
25.459999999712814,4.999694978212483,0.16403383156058254,0.5124466471442284,965.8370485647893,44,2.2855215808882723,1.7313669058842471
25.479999999712057,4.997386347152652,3.3486061129708444,213.55509070551994,1552.3361344679165,41,2.2855215808882723,1.7313669058842471
25.4999999997113,4.974644020576687,5.7581163476064905,631.4553816961768,1768.6712723871021,30,2.2855215808882723,1.7313669058842471
25.519999999710542,4.954003381201866,9.327169504271792,1656.8436811508373,2890.9156945085538,28,2.2855215808882723,1.7313669058842471
25.539999999709785,4.943524619047944,11.994225888544998,2739.846578041265,2377.224008464185,32,2.2855215808882723,1.7313669058842471
25.559999999709028,4.947197718436186,11.400275942414364,2475.2126970231448,1979.6462839763828,34,2.2855215808882723,1.7313669058842471
25.57999999970827,4.965547225869586,10.028016856308854,1915.1901864843182,2001.219475518194,38,2.2855215808882723,1.7313669058842471
25.599999999707514,4.991954346789997,8.447722503082435,1359.1302415769453,1537.5046974324775,38,2.2855215808882723,1.7313669058842471
25.619999999706756,5.007535497185714,6.111868704252493,711.4261578201856,925.7298385978281,42,2.2855215808882723,1.7313669058842471
25.639999999706,5.016152738111977,3.5255027823150074,236.71398714986893,484.9698287781615,43,2.2855215808882723,1.7313669058842471
25.659999999705242,5.0343692610634445,1.2690805161984668,30.673275139886442,844.4680520943658,36,2.2855215808882723,1.7313669058842471
25.679999999704485,5.050525198912054,-0.057404999740688224,0.06275975445491175,1134.8089434918095,32,2.2855215808882723,1.7313669058842471
25.699999999703728,5.03427872094932,-1.1488219088897613,25.13548188453335,3392.6677000505306,32,2.2855215808882723,1.7313669058842471
25.71999999970297,5.024724265485512,-2.5145553050448024,120.42154114219524,837.4534488801415,42,2.2855215808882723,1.7313669058842471
25.739999999702214,5.017121527349788,-0.08468321282396207,0.13657664815554096,2085.0183513490288,38,2.2855215808882723,1.7313669058842471
25.759999999701456,4.968362906672146,4.331761613361834,357.36407681312096,2235.4817565233034,28,2.2855215808882723,1.7313669058842471
25.7799999997007,4.903370604366491,9.227086948665598,1621.4778606222571,4090.396279191474,29,2.2855215808882723,1.7313669058842471
25.799999999699942,4.865876377032369,11.220130002339644,2397.604665042587,3695.437783610483,32,2.2855215808882723,1.7313669058842471
25.819999999699185,4.8839590078520425,11.470080810614666,2505.6173777781637,3278.7817996241115,33,2.2855215808882723,1.7313669058842471
25.839999999698428,4.929898646605676,10.119617660718612,1950.338553182992,2549.2571097456453,36,2.2855215808882723,1.7313669058842471
25.85999999969767,4.972020971728385,8.416991872595744,1349.2598982798802,1925.7230586420155,40,2.2855215808882723,1.7313669058842471
25.879999999696913,4.994020048559363,5.646581575624721,607.2297077657213,1499.5690566415326,45,2.2855215808882723,1.7313669058842471
25.899999999696156,4.987237110545835,2.75892324422056,144.9642902197277,1369.2053441285682,42,2.2855215808882723,1.7313669058842471
25.9199999996954,4.978256954484549,0.35327104346832217,2.376828680681005,876.2175275553361,38,2.2855215808882723,1.7313669058842471
25.939999999694642,4.955213571936842,-1.3360366431609587,33.99527324835959,2229.4469553865447,34,2.2855215808882723,1.7313669058842471
25.959999999693885,4.890612991635203,-2.7760530045383116,146.77000371999557,3502.528432471501,36,2.2855215808882723,1.7313669058842471
25.979999999693128,4.892312775704403,-3.6866926570985363,258.85446765571174,1254.248070863688,46,2.2855215808882723,1.7313669058842471
25.99999999969237,4.891888771787865,-1.3182632782462056,33.096807658012985,1861.9874211026777,36,2.2855215808882723,1.7313669058842471
26.019999999691613,4.805286486656308,6.190830335033758,729.9272900147738,4628.1156682154215,34,2.2855215808882723,1.7313669058842471
26.039999999690856,4.724375209946781,10.199225567972963,1981.1446718418663,5912.740042406264,35,2.2855215808882723,1.7313669058842471
26.0599999996901,4.7347333845651685,12.555196878384708,3002.125557261136,5501.431027184132,32,2.2855215808882723,1.7313669058842471
26.079999999689342,4.787576872580634,13.202791242876378,3319.8106209480857,4604.7641860948015,33,2.2855215808882723,1.7313669058842471
26.099999999688585,4.843697229757745,12.101508271026097,2789.0789057585034,2758.207618855845,34,2.2855215808882723,1.7313669058842471
26.119999999687828,4.882437598416711,9.11757481075395,1583.2170855874017,1524.9111339440046,43,2.2855215808882723,1.7313669058842471
26.13999999968707,4.902450367566833,5.530891777247041,582.6021977425446,744.6434742449728,45,2.2855215808882723,1.7313669058842471
26.159999999686313,4.889807928849551,2.539303887689257,122.80361524004128,529.6150350991616,42,2.2855215808882723,1.7313669058842471
26.179999999685556,4.880691608284311,0.39393253809760903,2.9554628559827973,1202.2474010088886,30,2.2855215808882723,1.7313669058842471
26.1999999996848,4.867315010646142,-2.0686737797359966,81.50154034454518,2809.9061609993837,28,2.2855215808882723,1.7313669058842471
26.219999999684042,4.813222756647778,-3.664387890324479,255.73176476681067,2838.009170471903,29,2.2855215808882723,1.7313669058842471
26.239999999683285,4.803387784691657,-4.076479466628452,316.48440546340146,1203.592219812149,39,2.2855215808882723,1.7313669058842471
26.259999999682528,4.7802107788839185,-1.24872793099476,29.697333012906384,2118.3352431906255,33,2.2855215808882723,1.7313669058842471
26.27999999968177,4.717621588557852,6.004102589956007,686.559222960944,5559.704059655172,34,2.2855215808882723,1.7313669058842471
26.299999999681013,4.6665818956057565,10.31163512991192,2025.0552279764825,6758.316821924498,34,2.2855215808882723,1.7313669058842471
26.319999999680256,4.69551040122789,12.879393761328117,3159.167400577208,5657.111511199252,34,2.2855215808882723,1.7313669058842471
26.3399999996795,4.7469915023631755,12.631842850018487,3038.89171604015,4348.080568615803,34,2.2855215808882723,1.7313669058842471
26.35999999967874,4.792937426947321,11.366026498259156,2460.3626501088843,2869.8587317507026,36,2.2855215808882723,1.7313669058842471
26.379999999677985,4.82402504836729,8.396062706482036,1342.5582698488265,1616.4365788626142,47,2.2855215808882723,1.7313669058842471
26.399999999677227,4.840922293669011,5.014457655130901,478.88334560313814,923.3605545191366,44,2.2855215808882723,1.7313669058842471
26.41999999967647,4.83030831059836,2.4643791486594955,115.66363800478668,1424.8086806493357,40,2.2855215808882723,1.7313669058842471
26.439999999675713,4.82075909016494,0.1481207169338908,0.41784326657750914,1033.3481205886385,26,2.2855215808882723,1.7313669058842471
26.459999999674956,4.803175534406051,-2.0305801553098126,78.5275543769105,2702.6546810542914,26,2.2855215808882723,1.7313669058842471
26.4799999996742,4.768309164769387,-3.381669996234668,217.79316472513267,1866.2481403055026,33,2.2855215808882723,1.7313669058842471
26.49999999967344,4.761422786505226,-3.2652574970836836,203.05639316901895,1452.0140185123018,35,2.2855215808882723,1.7313669058842471
26.519999999672685,4.727584019003414,0.8090813832900916,12.467122124727267,2287.9192989866383,24,2.2855215808882723,1.7313669058842471
26.539999999671927,4.691195804277632,7.894607452673914,1186.978568507272,4966.4768607258375,29,2.2855215808882723,1.7313669058842471
26.55999999967117,4.693291427230693,11.305612347207953,2434.276896434837,6274.372782759448,33,2.2855215808882723,1.7313669058842471
26.579999999670413,4.729208085197113,12.765551968799869,3103.5660543498448,4486.377623984061,31,2.2855215808882723,1.7313669058842471
26.599999999669656,4.784188178977375,12.77410592142904,3107.7267285843554,3312.0496753478437,31,2.2855215808882723,1.7313669058842471
26.6199999996689,4.818757118288581,10.180802896120698,1973.9941259248492,1712.3057315082508,34,2.2855215808882723,1.7313669058842471
26.63999999966814,4.833101991764086,7.4740615538253525,1063.8861069690395,1143.1863234976731,43,2.2855215808882723,1.7313669058842471
26.659999999667384,4.843982719295738,4.646420790045447,411.16758863290084,636.1613176802317,42,2.2855215808882723,1.7313669058842471
26.679999999666627,4.8392510731126395,2.361476385696055,106.20598992605294,1614.0887132385037,35,2.2855215808882723,1.7313669058842471
26.69999999966587,4.838608530951124,0.39237410629406744,2.932124968316578,1580.443374654866,22,2.2855215808882723,1.7313669058842471
26.719999999665113,4.841269316192793,-2.127067402482045,86.16766038676958,1917.1508470551785,21,2.2855215808882723,1.7313669058842471
26.739999999664356,4.825390729967518,-3.404712928112075,220.771392395379,1306.53334230999,31,2.2855215808882723,1.7313669058842471
26.7599999996636,4.8114975684230386,-3.2949284176064695,206.76344761630628,2162.009578490471,31,2.2855215808882723,1.7313669058842471
26.77999999966284,4.769478993306401,2.0748591324623784,81.98964962017064,3044.8139878336547,22,2.2855215808882723,1.7313669058842471
26.799999999662084,4.73837698758754,7.985660255803739,1214.5166028371016,5173.834723244755,24,2.2855215808882723,1.7313669058842471
26.819999999661327,4.728451206242548,10.836248564020723,2236.3496917481843,5862.302105918105,22,2.2855215808882723,1.7313669058842471
26.83999999966057,4.757035804645486,11.858367615441814,2678.1297646604676,4737.826429778347,23,2.2855215808882723,1.7313669058842471
26.859999999659813,4.805947917155285,11.333586873208423,2446.3385151282796,3714.5665606290668,24,2.2855215808882723,1.7313669058842471
26.879999999659056,4.841827416847716,9.762070491429773,1814.9542235930746,2393.8187128398054,26,2.2855215808882723,1.7313669058842471
26.8999999996583,4.8653020693496165,7.334066370564475,1024.4044793475687,1598.7662931407722,38,2.2855215808882723,1.7313669058842471
26.91999999965754,4.878950331076083,4.378603399284553,365.13462390584175,953.4822754331644,40,2.2855215808882723,1.7313669058842471
26.939999999656784,4.878550698386882,2.4240719474986925,111.91100827587407,599.6635050740244,37,2.2855215808882723,1.7313669058842471
26.959999999656027,4.882490729288808,0.38889550204829954,2.880365745067577,1054.977091690073,25,2.2855215808882723,1.7313669058842471
26.97999999965527,4.885245358358391,-1.8631770617262573,66.11348564685213,2100.0639162530556,22,2.2855215808882723,1.7313669058842471
26.999999999654513,4.868770770427425,-2.5446290965119336,123.3192215897756,1417.112336691812,27,2.2855215808882723,1.7313669058842471
27.019999999653756,4.871450844123601,-1.8781595174522008,67.18104389468255,1223.0138449902852,27,2.2855215808882723,1.7313669058842471
27.039999999653,4.836995109174853,3.4455703372601536,226.10180897545462,3552.118485999126,20,2.2855215808882723,1.7313669058842471
27.05999999965224,4.78504550335251,8.234432475766111,1291.3653888998674,5034.45362853413,23,2.2855215808882723,1.7313669058842471
27.079999999651484,4.778165425906093,11.286697659799602,2426.1384482237972,4824.803078293838,21,2.2855215808882723,1.7313669058842471
27.099999999650727,4.8014951647737,11.840018918806022,2669.8483258688075,4576.132674507899,22,2.2855215808882723,1.7313669058842471
27.11999999964997,4.842353800225039,11.703500427608876,2608.635185581191,3715.1240849884207,21,2.2855215808882723,1.7313669058842471
27.139999999649213,4.882459630017425,10.458267004867126,2083.057450504812,2252.140183639879,22,2.2855215808882723,1.7313669058842471
27.159999999648456,4.915059849609812,8.373652771698628,1335.4009885887829,1224.97034710829,35,2.2855215808882723,1.7313669058842471
27.1799999996477,4.930233540546415,5.392742158859392,553.8614128207287,750.1701026625926,39,2.2855215808882723,1.7313669058842471
27.19999999964694,4.93608737693462,2.5947751556573126,128.22752482019283,409.65550041493185,35,2.2855215808882723,1.7313669058842471
27.219999999646184,4.944692408066033,0.9792574787030878,18.26314600495686,945.7725658263413,24,2.2855215808882723,1.7313669058842471
27.239999999645427,4.9545006773517235,-1.3055012932746268,32.459095217189244,1341.3270149468872,16,2.2855215808882723,1.7313669058842471
27.25999999964467,4.94853760376125,-2.7341416862895604,142.37175219307278,1342.5345188570968,23,2.2855215808882723,1.7313669058842471
27.279999999643913,4.949380188260313,-2.805463451856131,149.8963396122801,1506.27853541584,33,2.2855215808882723,1.7313669058842471
27.299999999643155,4.912371618143799,1.6294118669059485,50.56424733044446,2058.833474530036,16,2.2855215808882723,1.7313669058842471
27.3199999996424,4.87230610478826,8.525374922813855,1384.2316386960772,4401.061202908029,23,2.2855215808882723,1.7313669058842471
27.33999999964164,4.85007729627131,11.346358706934664,2451.855185831734,4732.8670553147995,20,2.2855215808882723,1.7313669058842471
27.359999999640884,4.867885337768142,12.322663492525505,2891.951298223249,4865.07331691423,21,2.2855215808882723,1.7313669058842471
27.379999999640127,4.916396044563739,11.820754454661602,2661.1673676448704,3672.0584959848507,19,2.2855215808882723,1.7313669058842471
27.39999999963937,4.9610516673582294,10.241319316361249,1997.5313855608356,2307.493234172701,24,2.2855215808882723,1.7313669058842471
27.419999999638613,4.992424652181179,7.496089809797297,1070.1665185110294,1418.980371410494,36,2.2855215808882723,1.7313669058842471
27.439999999637855,5.002507743898531,4.675407521175065,416.3137350577782,978.1480391574108,39,2.2855215808882723,1.7313669058842471
27.4599999996371,5.007916783546184,2.270778262128087,98.2044693752612,1016.698713870725,25,2.2855215808882723,1.7313669058842471
27.47999999963634,5.01807730661142,0.46031793170207325,4.035502154263498,998.1297281568568,18,2.2855215808882723,1.7313669058842471
27.499999999635584,5.020711981176497,-1.821477342909945,63.187233913974836,2678.949304949356,12,2.2855215808882723,1.7313669058842471
27.519999999634827,4.99781436812785,-3.248468831079458,200.97368944156014,1761.6435116024088,15,2.2855215808882723,1.7313669058842471
27.53999999963407,4.991555691868106,-3.035996471342055,175.54332575861798,1680.9674650440222,25,2.2855215808882723,1.7313669058842471
27.559999999633312,4.954209152576528,2.2771190785405837,98.75367835448542,2575.5359104712943,14,2.2855215808882723,1.7313669058842471
27.579999999632555,4.886129897428578,8.659543303556747,1428.1432572692797,5363.759459078641,22,2.2855215808882723,1.7313669058842471
27.599999999631798,4.862671389952183,11.604590849060685,2564.728883747697,5812.108662067615,18,2.2855215808882723,1.7313669058842471
27.61999999963104,4.900190703935115,12.78309660994308,3112.102836904089,6016.351067830356,18,2.2855215808882723,1.7313669058842471
27.639999999630284,4.957163698679744,12.729583883704914,3086.1015427639168,4645.551912766466,19,2.2855215808882723,1.7313669058842471
27.659999999629527,5.009092885266357,10.96018347057096,2287.7967857250037,2290.8908677883423,22,2.2855215808882723,1.7313669058842471
27.67999999962877,5.043264731126427,7.804801565987378,1160.1269847298615,1338.134730097361,36,2.2855215808882723,1.7313669058842471
27.699999999628012,5.055458914941793,4.556814943696625,395.4618382920533,836.3127396848237,36,2.2855215808882723,1.7313669058842471
27.719999999627255,5.054791667790227,2.0125392223930847,77.13837811565637,1193.312310283154,27,2.2855215808882723,1.7313669058842471
27.739999999626498,5.055175748602076,-0.18507118917001755,0.652318098523285,1270.6296617957705,16,2.2855215808882723,1.7313669058842471
27.75999999962574,5.0477573384814765,-2.8759884538315106,157.52738855165575,1966.5953059795106,11,2.2855215808882723,1.7313669058842471
27.779999999624984,5.006163995955691,-4.418516044496317,371.82164660512746,1652.8422788516505,24,2.2855215808882723,1.7313669058842471
27.799999999624227,4.989089485025575,-4.189682706685879,334.30591862928827,1847.9952827930751,23,2.2855215808882723,1.7313669058842471
27.81999999962347,4.940384068156291,1.5906188265111592,48.18524083830257,2634.509795510499,17,2.2855215808882723,1.7313669058842471
27.839999999622712,4.8702570772061415,8.984234589982599,1537.248096337336,5793.475528556691,23,2.2855215808882723,1.7313669058842471
27.859999999621955,4.8462916869613855,11.793707492082975,2649.0033132949598,6624.804299115769,18,2.2855215808882723,1.7313669058842471
27.879999999621198,4.890651749585319,13.114795539891597,3275.705468658547,6316.862613353225,19,2.2855215808882723,1.7313669058842471
27.89999999962044,4.952939872926677,13.330705120727647,3384.449518964633,4645.437555827544,23,2.2855215808882723,1.7313669058842471
27.919999999619684,5.009048654402532,11.023632405247609,2314.3617483782946,2481.8123998744686,32,2.2855215808882723,1.7313669058842471
27.939999999618927,5.040741913205953,7.2461291291027665,999.9860355658764,1398.179382347845,38,2.2855215808882723,1.7313669058842471
27.95999999961817,5.048066522481791,4.075234955371809,316.2911954712034,902.344896181153,37,2.2855215808882723,1.7313669058842471
27.979999999617412,5.043390888110327,1.615243538135859,49.688721420632696,929.1896833396004,26,2.2855215808882723,1.7313669058842471
27.999999999616655,5.040445705892682,-1.1464660844076413,25.032499744442877,1037.9550642316192,17,2.2855215808882723,1.7313669058842471
28.019999999615898,5.0105002977684885,-3.5361792349363634,238.1498631346911,2720.3785000143566,22,2.2855215808882723,1.7313669058842471
28.03999999961514,4.976329455090707,-4.441274985603243,375.66187741603835,1292.1168491039684,34,2.2855215808882723,1.7313669058842471
28.059999999614384,4.9508430150077745,-1.59862234364939,48.67136816879713,1505.306124599769,26,2.2855215808882723,1.7313669058842471
28.079999999613626,4.8893833310236055,3.7055267045066906,261.50602059461244,3589.001652542749,24,2.2855215808882723,1.7313669058842471
28.09999999961287,4.844243728498323,9.3190001810396,1653.9426158191986,6023.988994155374,23,2.2855215808882723,1.7313669058842471
28.119999999612112,4.8584618661823775,12.477547218747254,2965.1061199510796,5926.531650430192,22,2.2855215808882723,1.7313669058842471
28.139999999611355,4.906335546637194,12.944974069179267,3191.421501990981,4934.806915919096,23,2.2855215808882723,1.7313669058842471
28.159999999610598,4.957881663886763,12.435137021017205,2944.9840516912745,3178.2857652745784,26,2.2855215808882723,1.7313669058842471
28.17999999960984,4.996303280808113,9.482870067321198,1712.6215207940927,1498.0598451381195,39,2.2855215808882723,1.7313669058842471
28.199999999609084,5.023003526692555,5.72007477048152,623.1393954492586,687.4512897579935,42,2.2855215808882723,1.7313669058842471
28.219999999608326,5.019674268451079,3.015912698692835,173.22849366529582,556.2256013469695,38,2.2855215808882723,1.7313669058842471
28.23999999960757,5.012681673376913,0.8154969287258202,12.665620078108613,1006.7858372229009,24,2.2855215808882723,1.7313669058842471
28.259999999606812,5.003214480441616,-2.072309268238956,81.7882537672832,2492.1690738116527,17,2.2855215808882723,1.7313669058842471
28.279999999606055,4.975804155804864,-3.9353126387884534,294.9444835599941,1429.4998255931998,26,2.2855215808882723,1.7313669058842471
28.299999999605298,4.950610949144214,-3.74931817954465,267.7234373944071,2417.6015136690003,32,2.2855215808882723,1.7313669058842471
28.31999999960454,4.89687462863606,0.9712404164201086,17.965333766674675,2070.6816193821032,21,2.2855215808882723,1.7313669058842471
28.339999999603783,4.860288229882083,7.540120597828641,1082.7754025222,4744.529961781122,26,2.2855215808882723,1.7313669058842471
28.359999999603026,4.8486084499242805,10.37270018507304,2049.1108239192686,5986.595248670374,22,2.2855215808882723,1.7313669058842471
28.37999999960227,4.881810143903821,12.723728670592706,3083.263174029382,5157.156836508845,24,2.2855215808882723,1.7313669058842471
28.399999999601512,4.930080792115685,12.440218964811036,2947.391632978464,3826.5885729185293,23,2.2855215808882723,1.7313669058842471
28.419999999600755,4.967140221468032,10.985144062256756,2298.229053840743,2571.2177467570064,29,2.2855215808882723,1.7313669058842471
28.439999999599998,4.996238103657671,7.709020918465935,1131.8275094118935,1620.9831247178283,43,2.2855215808882723,1.7313669058842471
28.45999999959924,5.011170795251058,4.506916121745618,386.84834934840524,981.1024227797755,41,2.2855215808882723,1.7313669058842471
28.479999999598483,5.0058856299622105,2.1617076122846224,88.9970683726633,2111.682887527094,30,2.2855215808882723,1.7313669058842471
28.499999999597726,5.0026391032635615,0.031119737332015878,0.018443937522592078,1384.4338864999368,19,2.2855215808882723,1.7313669058842471
28.51999999959697,4.988999385562227,-2.981881818587591,169.3412070681965,2562.430264468515,20,2.2855215808882723,1.7313669058842471
28.539999999596212,4.976586864216401,-3.5512425235804,240.1831088829878,1344.7617201499943,37,2.2855215808882723,1.7313669058842471
28.559999999595455,4.942584615688619,-0.7597371204422709,10.992804132386329,2652.8267509947545,23,2.2855215808882723,1.7313669058842471
28.579999999594698,4.883868812704127,5.046560901522724,485.0347276263917,3668.536093518207,23,2.2855215808882723,1.7313669058842471
28.59999999959394,4.849868301989601,9.038369895364017,1555.8295608446163,4969.508559508486,24,2.2855215808882723,1.7313669058842471
28.619999999593183,4.844905275367294,10.998692634800422,2303.90161030439,5241.03441485224,21,2.2855215808882723,1.7313669058842471
28.639999999592426,4.885348435939925,11.40434688226883,2476.9807667036703,4680.170741129194,25,2.2855215808882723,1.7313669058842471
28.65999999959167,4.93731887880895,11.621795823299715,2572.3394588447463,3140.350028961785,26,2.2855215808882723,1.7313669058842471
28.679999999590912,4.97904387257,9.839750263012611,1843.953432495894,1814.6413402199146,34,2.2855215808882723,1.7313669058842471
28.699999999590155,5.00403752255294,6.576043655002141,823.590203925482,746.3911949443648,43,2.2855215808882723,1.7313669058842471
28.719999999589398,5.00760542369335,3.873000205461677,285.67802659083287,995.0874432143785,39,2.2855215808882723,1.7313669058842471
28.73999999958864,5.010039332786821,1.7337111406328125,57.24469910942685,1477.9282014596347,29,2.2855215808882723,1.7313669058842471
28.759999999587883,5.012237642437533,-0.6820279968611694,8.859030609460326,1617.1357779283153,20,2.2855215808882723,1.7313669058842471
28.779999999587126,4.9988827330855115,-2.6597779063682223,134.7325549754186,1641.6662345466825,23,2.2855215808882723,1.7313669058842471
28.79999999958637,4.994886259888846,-3.0117949502129138,172.75578475018477,1484.1735282687534,35,2.2855215808882723,1.7313669058842471
28.81999999958561,4.9530279502797026,0.9597725264502481,17.543588226045383,2214.135924014986,21,2.2855215808882723,1.7313669058842471
28.839999999584855,4.903138708103588,7.7110141420437595,1132.4128695898917,3624.74844497841,22,2.2855215808882723,1.7313669058842471
28.859999999584097,4.883630036820043,10.215060757316913,1987.3012480483571,4834.313207734866,21,2.2855215808882723,1.7313669058842471
28.87999999958334,4.892990127570929,11.880320370805332,2688.0546968254484,4665.937824998345,20,2.2855215808882723,1.7313669058842471
28.899999999582583,4.938669789318873,11.869376990464755,2683.1048544366795,3776.2813572998284,21,2.2855215808882723,1.7313669058842471
28.919999999581826,4.98566291097468,10.911571687651993,2267.547627098427,2599.313476515379,27,2.2855215808882723,1.7313669058842471
28.93999999958107,5.019947247534497,8.23632970716591,1291.9605243184967,1742.9691615180184,40,2.2855215808882723,1.7313669058842471
28.95999999958031,5.032832598847984,5.240684610199897,523.0676311345301,909.4696337774479,37,2.2855215808882723,1.7313669058842471
28.979999999579555,5.035604653575073,2.921242994188823,162.5238736300202,1411.2227455859459,34,2.2855215808882723,1.7313669058842471
28.999999999578797,5.041280158868186,0.9161012369312101,15.983384099355128,1214.023224106866,22,2.2855215808882723,1.7313669058842471
29.01999999957804,5.044028929599309,-1.340739730068391,34.23503333754586,1551.6882439437336,14,2.2855215808882723,1.7313669058842471
29.039999999577283,5.023918697936062,-2.8557255893686784,155.31548008101805,1438.4485809430678,22,2.2855215808882723,1.7313669058842471
29.059999999576526,5.014553077580251,-1.2907622278925261,31.730308390579395,1783.9310573819746,31,2.2855215808882723,1.7313669058842471
29.07999999957577,4.9714395618068075,2.67235023361869,136.00928200152111,2194.782533640069,18,2.2855215808882723,1.7313669058842471
29.09999999957501,4.921383656967274,8.47719309478379,1368.629663209293,3961.9481190512984,22,2.2855215808882723,1.7313669058842471
29.119999999574254,4.902207582962596,10.725501122966666,2190.871886533435,5105.0997972993755,19,2.2855215808882723,1.7313669058842471
29.139999999573497,4.925781981576581,12.246626424717462,2856.371804575203,4836.268832476094,19,2.2855215808882723,1.7313669058842471
29.15999999957274,4.97746021791174,12.05339439978638,2766.9450339350296,3578.0619897345246,21,2.2855215808882723,1.7313669058842471
29.179999999571983,5.024867671625334,10.317822413767578,2027.486142263573,1898.5007533770151,25,2.2855215808882723,1.7313669058842471
29.199999999571226,5.056686244666549,7.247089688777061,1000.251172968029,1172.852514543171,39,2.2855215808882723,1.7313669058842471
29.21999999957047,5.063953939772042,4.583997877403774,400.19403663322237,740.2586716527121,40,2.2855215808882723,1.7313669058842471
29.23999999956971,5.064164551293619,2.1692217566395855,89.61685532926842,1140.9287583843804,34,2.2855215808882723,1.7313669058842471
29.259999999568954,5.068240878926334,0.142299055315825,0.38564333593372996,1204.8078297804716,22,2.2855215808882723,1.7313669058842471
29.279999999568197,5.060777554071541,-1.9434575417546307,71.93361917995487,2966.0351237239374,20,2.2855215808882723,1.7313669058842471
29.29999999956744,5.03259418728748,-3.5286798526258853,237.14081752955965,1418.796061545609,33,2.2855215808882723,1.7313669058842471
29.319999999566683,5.0129834562066655,-1.2175444996592248,28.232639536383765,2240.709881093719,27,2.2855215808882723,1.7313669058842471
29.339999999565926,4.958241761207389,3.148541825047224,188.79945259013292,2388.2103181754155,23,2.2855215808882723,1.7313669058842471
29.35999999956517,4.910018281403797,8.970380749571953,1532.5108269391312,4777.657561423975,28,2.2855215808882723,1.7313669058842471
29.37999999956441,4.893578878648869,11.391908754280285,2471.580684922523,5436.76641747333,24,2.2855215808882723,1.7313669058842471
29.399999999563654,4.9305307715267555,12.454691598402324,2954.2534626662373,5011.318349967311,26,2.2855215808882723,1.7313669058842471
29.419999999562897,4.98634055852381,12.552540531994623,3000.8553514892983,3514.8247474160753,28,2.2855215808882723,1.7313669058842471
29.43999999956214,5.034595061464323,10.22903882202999,1992.7437279200642,2192.728757756496,36,2.2855215808882723,1.7313669058842471
29.459999999561383,5.063439462871134,6.665296782479377,846.0982187014685,1157.278629302641,42,2.2855215808882723,1.7313669058842471
29.479999999560626,5.063839998923262,3.6682382952946653,256.2694743192205,1150.8076966873637,39,2.2855215808882723,1.7313669058842471
29.49999999955987,5.061557158772147,1.659082782315701,52.42252189340045,1426.3121177609019,24,2.2855215808882723,1.7313669058842471
29.51999999955911,5.059318160472298,-0.946591559990775,17.065029874309488,1078.662441502412,18,2.2855215808882723,1.7313669058842471
29.539999999558354,5.030727928126411,-2.9717361251455614,168.1908186665508,2492.0512086752797,25,2.2855215808882723,1.7313669058842471
29.559999999557597,5.006016659837841,-3.5726333784508233,243.08530183947022,1798.6880169327208,32,2.2855215808882723,1.7313669058842471
29.57999999955684,4.9706088553509105,0.14614311227136453,0.40676024556752227,1998.6167000680423,18,2.2855215808882723,1.7313669058842471
29.599999999556083,4.912359576223015,5.001607375460587,476.4320735585439,2888.696615736539,20,2.2855215808882723,1.7313669058842471
29.619999999555326,4.882199715797952,9.423523040569657,1691.2522625870715,4686.800870458337,21,2.2855215808882723,1.7313669058842471
29.63999999955457,4.8886181173473435,11.340226504147829,2449.205664404971,4870.562417213482,19,2.2855215808882723,1.7313669058842471
29.65999999955381,4.9308524070446405,11.834857022715195,2667.5208844055323,4077.8401668775327,23,2.2855215808882723,1.7313669058842471
29.679999999553054,4.980135280221557,11.429049324469949,2487.722941169482,2569.3886796968377,24,2.2855215808882723,1.7313669058842471
29.699999999552297,5.015216197513889,8.630180525083219,1418.474581383704,1163.768026525602,38,2.2855215808882723,1.7313669058842471
29.71999999955154,5.03190905408044,5.34517469015244,544.1336746020893,740.9528700683758,44,2.2855215808882723,1.7313669058842471
29.739999999550783,5.027338221447682,2.83215184303333,152.76183443683078,739.5600146179571,37,2.2855215808882723,1.7313669058842471
29.759999999550026,5.023021771069047,0.7990724538850128,12.160575164075338,1109.7238650372042,24,2.2855215808882723,1.7313669058842471
29.77999999954927,5.0131491388033185,-1.6901464999713836,54.4039581562217,2098.681562638972,22,2.2855215808882723,1.7313669058842471
29.79999999954851,4.9928305218501166,-3.2432779247690924,200.33190888260063,1403.6768590622562,38,2.2855215808882723,1.7313669058842471
29.819999999547754,4.96525017192565,-0.890110447923509,15.089317422707865,2053.660448173287,29,2.2855215808882723,1.7313669058842471
29.839999999546997,4.911627107212183,3.174382269311021,191.91116707409694,2319.5282383469957,25,2.2855215808882723,1.7313669058842471
29.85999999954624,4.882135755484197,7.7503833136533675,1144.005628875543,3928.949272310865,23,2.2855215808882723,1.7313669058842471
29.879999999545483,4.875498355835694,10.580034722517027,2131.8467567149482,4711.073007823326,22,2.2855215808882723,1.7313669058842471
29.899999999544725,4.901650704166682,11.428235869723647,2487.368829823809,3957.7700580634387,21,2.2855215808882723,1.7313669058842471
29.91999999954397,4.938894340099434,11.506475425960767,2521.5432734823275,3054.769766122501,25,2.2855215808882723,1.7313669058842471
29.93999999954321,4.973992651067793,10.06477163817357,1929.2550609223072,2255.239416440284,29,2.2855215808882723,1.7313669058842471
29.959999999542454,5.000984774908831,7.02155644834645,938.9632188042019,1218.9225756961748,41,2.2855215808882723,1.7313669058842471
29.979999999541697,5.006211141107378,4.2062994719036055,336.96296900782494,859.6917011399107,42,2.2855215808882723,1.7313669058842471
29.99999999954094,5.003629813013222,1.9221454121022892,70.36460853121396,620.6715569503713,33,2.2855215808882723,1.7313669058842471
30.019999999540183,5.003270903869215,-0.09943504571194806,0.1883045233682758,1419.1069749156607,27,2.2855215808882723,1.7313669058842471
30.039999999539425,4.991665045834504,-1.620387747036497,50.00572153547456,1854.389835501783,27,2.2855215808882723,1.7313669058842471
30.059999999538668,4.983434378452504,-1.4881821323353321,42.17877564427456,1180.4670361153594,34,2.2855215808882723,1.7313669058842471
30.07999999953791,4.941973679034369,0.7597746481368377,10.993890152204278,1761.4680408133497,24,2.2855215808882723,1.7313669058842471
30.099999999537154,4.888698878006551,6.3191974888723825,760.5112688774079,3258.3638403084196,25,2.2855215808882723,1.7313669058842471
30.119999999536397,4.8703872370764305,8.86104306852181,1495.3797386550116,4318.08470859904,25,2.2855215808882723,1.7313669058842471
30.13999999953564,4.870127730082686,10.276641360239601,2011.334014598559,4176.8017231384565,21,2.2855215808882723,1.7313669058842471
30.159999999534882,4.906227963823107,10.594294646365212,2137.5972972312848,3528.51616354303,25,2.2855215808882723,1.7313669058842471
30.179999999534125,4.948916850724343,10.458027098734634,2082.9618835194533,2472.589330152431,26,2.2855215808882723,1.7313669058842471
30.199999999533368,4.979889311736311,8.673172617373234,1432.6423237184308,1411.1600957494938,37,2.2855215808882723,1.7313669058842471
30.21999999953261,4.9950126377805235,5.701072152254695,619.0060190184928,824.4227031814444,43,2.2855215808882723,1.7313669058842471
30.239999999531854,4.997649134219099,3.1883011883465704,193.59782737663204,1359.7792755055045,48,2.2855215808882723,1.7313669058842471
30.259999999531097,4.999471267207998,1.1618516013061004,25.708877735902828,1285.1742875441191,38,2.2855215808882723,1.7313669058842471
30.27999999953034,5.004238842972463,-0.2758552570965206,1.4492533967932757,2096.8600538898545,30,2.2855215808882723,1.7313669058842471
30.299999999529582,4.990891722894449,-2.085189565699913,82.80811204698281,1242.8022949941605,37,2.2855215808882723,1.7313669058842471
30.319999999528825,4.980859045989227,-0.4816991681410925,4.419097562197627,1761.599540720369,41,2.2855215808882723,1.7313669058842471
30.339999999528068,4.936488092012431,3.203879984804653,195.49437946908748,2271.7475389045053,35,2.2855215808882723,1.7313669058842471
30.35999999952731,4.894180372191203,8.10844749981882,1252.1524722976637,3786.7188738790906,37,2.2855215808882723,1.7313669058842471
30.379999999526554,4.880432639646646,10.45534906511336,2081.8952334370624,4191.762010249172,35,2.2855215808882723,1.7313669058842471
30.399999999525797,4.898706928217585,11.297589419938983,2430.8231964072334,3568.668930912463,36,2.2855215808882723,1.7313669058842471
30.41999999952504,4.9409182572842525,11.153462223773191,2369.1971333484667,2926.227221088491,37,2.2855215808882723,1.7313669058842471
30.439999999524282,4.979137469530865,9.770215499842362,1817.984110433847,1943.626544965169,41,2.2855215808882723,1.7313669058842471
30.459999999523525,5.003646513548641,7.22628517573949,994.5164933151494,1361.2669344326562,49,2.2855215808882723,1.7313669058842471
30.479999999522768,5.009606761308739,4.5193017401357105,388.9774946660585,913.6703942396058,48,2.2855215808882723,1.7313669058842471
30.49999999952201,5.013225368610668,2.3648957516226763,106.51378048211359,595.4635364104183,41,2.2855215808882723,1.7313669058842471
30.519999999521254,5.018380935420395,0.43173531253798403,3.549906717516203,1197.4024375655445,30,2.2855215808882723,1.7313669058842471
30.539999999520496,5.017128208623039,-1.3185271010233583,33.110056248924856,2986.8089393237647,25,2.2855215808882723,1.7313669058842471
30.55999999951974,5.0023214251256585,-2.2730159104414325,98.39810812849325,1217.0106872043289,31,2.2855215808882723,1.7313669058842471
30.579999999518982,4.986825662613422,-0.16735822867675076,0.5334281596903343,1477.8404039277634,22,2.2855215808882723,1.7313669058842471
30.599999999518225,4.939046420437566,4.721956643067252,424.6447774963869,2644.7181812354434,20,2.2855215808882723,1.7313669058842471
30.619999999517468,4.902580525690076,8.651022018082497,1425.3339569843872,4276.960120658806,25,2.2855215808882723,1.7313669058842471
30.63999999951671,4.893290933228902,10.953921745693908,2285.18342402749,4303.609223277125,19,2.2855215808882723,1.7313669058842471
30.659999999515954,4.926631390757275,11.288314937783888,2426.833783836573,4048.9982561158577,21,2.2855215808882723,1.7313669058842471
30.679999999515196,4.972381786485659,10.997855173143781,2303.550776642948,2748.6770579814856,24,2.2855215808882723,1.7313669058842471
30.69999999951444,5.009732584276651,8.919650826862076,1515.2263156387799,1735.4118052987374,30,2.2855215808882723,1.7313669058842471
30.719999999513682,5.029947413609037,6.224028699438584,737.7767589943443,1420.0673238627837,37,2.2855215808882723,1.7313669058842471
30.739999999512925,5.030969344503245,3.6717031977184,256.75383112234505,651.1488749040966,39,2.2855215808882723,1.7313669058842471
30.759999999512168,5.035014339319301,1.6219431189602334,50.10176623074587,589.5556441070581,29,2.2855215808882723,1.7313669058842471
30.77999999951141,5.039574703862947,-0.24812954787884628,1.172569964630624,860.3906331923254,20,2.2855215808882723,1.7313669058842471
30.799999999510653,5.024404110674476,-1.9026827384740215,68.94686973416228,2589.2949359624495,21,2.2855215808882723,1.7313669058842471
30.819999999509896,5.00654895230574,-1.7191789518650182,56.28905633075525,1346.8644159789126,31,2.2855215808882723,1.7313669058842471
30.83999999950914,4.984832595896914,0.6624058466206103,8.356609555516794,1639.670209209338,21,2.2855215808882723,1.7313669058842471
30.859999999508382,4.926295758962564,6.062023686283682,699.8694798275066,3356.669429096329,22,2.2855215808882723,1.7313669058842471
30.879999999507625,4.896522640571587,9.52169637385445,1726.674417123496,4479.098530383396,24,2.2855215808882723,1.7313669058842471
30.899999999506868,4.901623746845861,11.496245222948714,2517.0615479671355,4536.934594433999,18,2.2855215808882723,1.7313669058842471
30.91999999950611,4.943729986830544,12.07208154921044,2775.5312288917894,4145.529348244398,22,2.2855215808882723,1.7313669058842471
30.939999999505353,4.990741593059411,11.32495511604849,2442.613629248808,2663.10107460156,23,2.2855215808882723,1.7313669058842471
30.959999999504596,5.024927353723101,8.781860972373495,1468.773782958696,1713.5370750495526,33,2.2855215808882723,1.7313669058842471
30.97999999950384,5.042176932733125,5.7890929558104025,638.2676649529209,1029.2127653226646,39,2.2855215808882723,1.7313669058842471
30.999999999503082,5.04331048807913,2.9433843642245665,164.99688839469582,1108.975079205056,39,2.2855215808882723,1.7313669058842471
31.019999999502325,5.045156591340143,1.2016658195087724,27.501046060210065,1353.1262655683802,22,2.2855215808882723,1.7313669058842471
31.039999999501568,5.046645780340198,-1.0456859974267472,20.824969889269187,2028.3010707889512,17,2.2855215808882723,1.7313669058842471
31.05999999950081,5.024040740734682,-2.7896261010144223,148.20873238401242,1992.4363928081032,25,2.2855215808882723,1.7313669058842471
31.079999999500053,5.003262204425865,-1.465380657252,40.89617649201014,2100.6485841441504,26,2.2855215808882723,1.7313669058842471
31.099999999499296,4.964402383351577,1.7717800529460024,59.786263669984194,2141.8753011992135,19,2.2855215808882723,1.7313669058842471
31.11999999949854,4.917562011706323,6.544876325586634,815.8018500662134,3795.8938459476894,23,2.2855215808882723,1.7313669058842471
31.139999999497782,4.901396256411864,9.802669598970914,1830.081904906613,4542.921971499222,24,2.2855215808882723,1.7313669058842471
31.159999999497025,4.919082087161957,10.798809754212254,2220.9233871917168,4045.9966334436076,23,2.2855215808882723,1.7313669058842471
31.179999999496268,4.961643750394442,11.188384182421638,2384.056471045752,3598.938443873459,24,2.2855215808882723,1.7313669058842471
31.19999999949551,5.00059837124459,10.244416629268999,1998.7398070788845,2231.0950669480308,29,2.2855215808882723,1.7313669058842471
31.219999999494753,5.0289474457658265,7.656191432651492,1116.367962995117,1520.418360068412,40,2.2855215808882723,1.7313669058842471
31.239999999493996,5.041146655048551,4.677304658788201,416.65165840727434,815.7719014785023,42,2.2855215808882723,1.7313669058842471
31.25999999949324,5.040346419547114,2.3425902437991786,104.51399712845985,1250.0220586923158,39,2.2855215808882723,1.7313669058842471
31.279999999492482,5.041216507904875,0.4597189322369328,4.025006404672985,1327.0595224471067,22,2.2855215808882723,1.7313669058842471
31.299999999491725,5.034343633687849,-1.338994627344521,34.14597090803129,2591.341750109168,20,2.2855215808882723,1.7313669058842471
31.319999999490967,5.021632127765766,-1.668246481772114,53.00321733103371,1471.2895206016522,32,2.2855215808882723,1.7313669058842471
31.33999999949021,4.990431474574009,0.26235252258212177,1.3108478494842264,2541.1492300210243,22,2.2855215808882723,1.7313669058842471
31.359999999489453,4.94614047914401,4.745435829370227,428.87823515270225,2913.965247218881,29,2.2855215808882723,1.7313669058842471
31.379999999488696,4.923793986873587,8.382365043550555,1338.1812397381086,4193.475450009982,33,2.2855215808882723,1.7313669058842471
31.39999999948794,4.926383055662572,10.486429641108257,2094.291314906774,3763.258810604753,29,2.2855215808882723,1.7313669058842471
31.41999999948718,4.95401439019195,10.926711992718914,2273.844644976327,3584.833708821525,30,2.2855215808882723,1.7313669058842471
31.439999999486425,4.9898916672004745,10.9099966813429,2266.8930662032435,2787.289019119438,31,2.2855215808882723,1.7313669058842471
31.459999999485667,5.02067382168276,9.102331167993318,1577.9275603808612,1834.526414066032,38,2.2855215808882723,1.7313669058842471
31.47999999948491,5.042038585912571,6.434362473510006,788.4839232659713,1292.3370195130055,43,2.2855215808882723,1.7313669058842471
31.499999999484153,5.048361002271119,3.7191250082009235,263.4288582532566,718.6444894450798,49,2.2855215808882723,1.7313669058842471
31.519999999483396,5.0508527092146025,1.5532396089219496,45.94716403629829,848.8465257697613,35,2.2855215808882723,1.7313669058842471
31.53999999948264,5.054047986732065,-0.006363822358840181,0.0007712903423662342,1806.6802699143848,30,2.2855215808882723,1.7313669058842471
31.55999999948188,5.048157280736488,-1.7925191781859167,61.19408126347205,1287.7814458710761,32,2.2855215808882723,1.7313669058842471
31.579999999481124,5.036107831113883,-0.5546853805626251,5.859698036480259,1411.655298744014,32,2.2855215808882723,1.7313669058842471
31.599999999480367,4.994377992348018,3.0055297331871573,172.03778984522972,2197.3913571856297,28,2.2855215808882723,1.7313669058842471
31.61999999947961,4.960043604267104,6.943043842972175,918.0822956149894,3579.289564682194,28,2.2855215808882723,1.7313669058842471
31.639999999478853,4.950205225269721,9.43115717919654,1693.9935906384237,3984.02567333465,28,2.2855215808882723,1.7313669058842471
31.659999999478096,4.9662378612992955,10.226480535988483,1991.747080816595,3653.724720473867,28,2.2855215808882723,1.7313669058842471
31.67999999947734,5.003434127654021,10.581516086119668,2132.4437795718936,3099.5498067612593,27,2.2855215808882723,1.7313669058842471
31.69999999947658,5.03885927786025,9.58417993408681,1749.4104414895955,2172.632394447001,31,2.2855215808882723,1.7313669058842471
31.719999999475824,5.062143164883661,7.588761626243222,1096.790347198334,1690.833695826517,40,2.2855215808882723,1.7313669058842471
31.739999999475067,5.075061179515536,4.958148981250264,468.18871507415577,1020.1392253132898,46,2.2855215808882723,1.7313669058842471
31.75999999947431,5.080470624664467,2.5380670161692445,122.68401135780182,572.1445655152996,46,2.2855215808882723,1.7313669058842471
31.779999999473553,5.086728423098952,0.6857005466827931,8.954694800571648,597.9470792838326,33,2.2855215808882723,1.7313669058842471
31.799999999472796,5.088420638358108,-0.7365055799034634,10.33079824518834,2061.259294175119,29,2.2855215808882723,1.7313669058842471
31.81999999947204,5.085193666347724,-1.0761515121674026,22.05609570995958,1219.7318552461984,38,2.2855215808882723,1.7313669058842471
31.83999999947128,5.061650521831083,1.2618909445653277,30.326720226669586,1689.8765751091455,31,2.2855215808882723,1.7313669058842471
31.859999999470524,5.021420643799538,6.110835527989562,711.1856531469109,3118.643653618477,31,2.2855215808882723,1.7313669058842471
31.879999999469767,5.001791056191177,9.210558660452241,1615.6740245483802,4060.1726309671885,33,2.2855215808882723,1.7313669058842471
31.89999999946901,5.003657844192959,11.2381500949873,2405.3121965836413,3958.8822970357915,29,2.2855215808882723,1.7313669058842471
31.919999999468253,5.03819068586253,11.124236534801689,2356.7972704797817,3435.638578023218,30,2.2855215808882723,1.7313669058842471
31.939999999467496,5.076835436010845,10.143088931163572,1959.3962097644292,2492.822576396152,33,2.2855215808882723,1.7313669058842471
31.95999999946674,5.107621348008082,8.41775565688912,1349.5047815567011,2024.1625735713153,39,2.2855215808882723,1.7313669058842471
31.97999999946598,5.121284031197658,6.050256687649923,697.1550825226058,1337.6575901827816,45,2.2855215808882723,1.7313669058842471
31.999999999465224,5.130032559997585,3.520174060486428,235.99895171145573,858.2700112669899,49,2.2855215808882723,1.7313669058842471
32.01999999946447,5.140729724232135,1.574277330542734,47.20024799900869,1186.4518864747038,37,2.2855215808882723,1.7313669058842471
32.03999999946371,5.147507890692842,-0.26921038582492696,1.380274351832677,1774.9729580970827,35,2.2855215808882723,1.7313669058842471
32.05999999946295,5.1387553203114535,-1.385795341899834,36.57463422352213,1881.0884592844322,38,2.2855215808882723,1.7313669058842471
32.079999999462196,5.131183528879504,-0.5344531658025384,5.4400276236516385,1516.7930360617033,38,2.2855215808882723,1.7313669058842471
32.09999999946144,5.103623784774097,2.946676159331832,165.36615016711573,2346.395168466143,36,2.2855215808882723,1.7313669058842471
32.11999999946068,5.065563888217347,7.443545682804278,1055.2163537378692,3615.8015034951436,40,2.2855215808882723,1.7313669058842471
32.139999999459924,5.05239269576161,10.49546818207864,2097.9031249048858,4392.41435816325,38,2.2855215808882723,1.7313669058842471
32.15999999945917,5.076067908379516,11.418055420589718,2482.9392304899284,4106.303406983062,38,2.2855215808882723,1.7313669058842471
32.17999999945841,5.118758569912001,10.947934294000012,2282.6859283816393,3259.219018039038,38,2.2855215808882723,1.7313669058842471
32.19999999945765,5.157397983363953,9.586922907048868,1750.411940260759,2392.79926498751,43,2.2855215808882723,1.7313669058842471
32.219999999456896,5.182894826545713,7.391264192404735,1040.4452910441526,1758.0261197074992,52,2.2855215808882723,1.7313669058842471
32.23999999945614,5.193091900281307,4.616525447459682,405.8936572494349,932.999409135342,53,2.2855215808882723,1.7313669058842471
32.25999999945538,5.201386416252395,2.243348769260075,95.84630892337391,882.3507619211482,46,2.2855215808882723,1.7313669058842471
32.279999999454624,5.211946429947544,0.4052672834459681,3.1279866272014614,1319.4353056978143,38,2.2855215808882723,1.7313669058842471
32.29999999945387,5.209867247214628,-1.2777340805873638,31.093009146495923,1364.1042782280977,35,2.2855215808882723,1.7313669058842471
32.31999999945311,5.191855024368905,-1.2546649708561164,29.980394496387575,1296.4657979166889,42,2.2855215808882723,1.7313669058842471
32.33999999945235,5.1759893552863945,0.7173386591076879,9.800094655531494,1463.5512686451539,40,2.2855215808882723,1.7313669058842471
32.359999999451595,5.137182403873351,5.6993373640097085,618.6293596969489,3285.575097423071,40,2.2855215808882723,1.7313669058842471
32.37999999945084,5.112103534339816,9.141698761059978,1591.6061536478667,4405.569192050458,41,2.2855215808882723,1.7313669058842471
32.39999999945008,5.117463464299418,11.626643706043081,2574.485943122358,4573.504366176823,40,2.2855215808882723,1.7313669058842471
32.419999999449324,5.157033142975144,11.702169319916388,2608.0418285907494,3839.125887683708,39,2.2855215808882723,1.7313669058842471
32.43999999944857,5.1998879724185505,10.89660363930294,2261.330835565319,2829.7185922281637,40,2.2855215808882723,1.7313669058842471
32.45999999944781,5.232244825181347,8.816211813333478,1480.2866709764746,2105.2817573715047,48,2.2855215808882723,1.7313669058842471
32.47999999944705,5.25089711519505,5.8717464757915145,656.6234501143591,1194.8136446113328,51,2.2855215808882723,1.7313669058842471
32.499999999446295,5.258440402544696,3.0654187573826244,178.9622446043285,1021.5231145952487,50,2.2855215808882723,1.7313669058842471
32.51999999944554,5.267560383408678,1.0243562613421977,19.984065749619674,1409.972886963706,38,2.2855215808882723,1.7313669058842471
32.53999999944478,5.270349764636741,-1.04426143673386,20.768267923296335,2615.534005721383,35,2.2855215808882723,1.7313669058842471
32.559999999444024,5.253767857964665,-2.348065822631209,105.00315091899583,1145.3130998905308,40,2.2855215808882723,1.7313669058842471
32.57999999944327,5.233102322397271,0.41044699418015174,3.208455027535414,2434.0954519973993,41,2.2855215808882723,1.7313669058842471
32.59999999944251,5.195217962479588,4.730872993122613,426.24998336382595,2954.2903172040524,42,2.2855215808882723,1.7313669058842471
32.61999999944175,5.1715170675997095,8.092565053587414,1247.2519615118315,4071.2494556267625,46,2.2855215808882723,1.7313669058842471
32.639999999440995,5.1696914445991355,10.965683406913548,2290.093443220828,4532.020805276388,47,2.2855215808882723,1.7313669058842471
32.65999999944024,5.204788588606039,11.352786130526576,2454.6337998065837,3911.8056830226924,49,2.2855215808882723,1.7313669058842471
32.67999999943948,5.24656862928266,11.006838715739505,2307.315601349454,3048.124844370339,50,2.2855215808882723,1.7313669058842471
32.699999999438724,5.279554759161941,9.182596915427297,1605.8790725369417,2239.7043840906676,56,2.2855215808882723,1.7313669058842471
32.71999999943797,5.30164043503691,6.325189203178905,761.9541503721796,1351.564278127762,57,2.2855215808882723,1.7313669058842471
32.73999999943721,5.311479699519289,3.325268208304231,210.5887455522705,1544.3568726851393,53,2.2855215808882723,1.7313669058842471
32.75999999943645,5.318937092697107,1.1582528696924776,25.549862478291825,1466.370912605973,46,2.2855215808882723,1.7313669058842471
32.779999999435695,5.319938874177356,-0.08353356435335713,0.13289352559146117,2704.4796758629027,44,2.2855215808882723,1.7313669058842471
32.79999999943494,5.313901659048246,-0.8553251959536127,13.932990090533723,1264.2849849965999,47,2.2855215808882723,1.7313669058842471
32.81999999943418,5.287298815570674,1.1745451694844486,26.273700399375265,2438.8849118435023,47,2.2855215808882723,1.7313669058842471
32.839999999433424,5.250034210466106,5.60503903932562,598.3276607178705,3085.2405617187665,46,2.2855215808882723,1.7313669058842471
32.85999999943267,5.232368436766686,8.667036525689436,1430.6159106924106,4225.309776378229,47,2.2855215808882723,1.7313669058842471
32.87999999943191,5.235001708025832,10.740862518549088,2197.1520500602405,4380.877423634108,50,2.2855215808882723,1.7313669058842471
32.89999999943115,5.270289330127972,11.042677518028672,2322.3655268457787,3793.5955777314734,50,2.2855215808882723,1.7313669058842471
32.919999999430395,5.311030468848001,10.733548873698709,2194.1609087343504,2929.5120641389153,49,2.2855215808882723,1.7313669058842471
32.93999999942964,5.3418990958134795,9.058807166499133,1562.8734990810428,2264.971637615336,55,2.2855215808882723,1.7313669058842471
32.95999999942888,5.3633171761926475,6.388694209599688,777.3310219035486,1462.2248528328773,57,2.2855215808882723,1.7313669058842471
32.979999999428124,5.375414235996827,3.4021236764644156,220.43573100895316,1577.8153289426816,53,2.2855215808882723,1.7313669058842471
32.99999999942737,5.385305943045118,1.1977956773903575,27.324188961654723,1487.3667671454675,51,2.2855215808882723,1.7313669058842471
33.01999999942661,5.387093571746881,0.06282389296030999,0.07516773882285915,647.4263310586489,48,2.2855215808882723,1.7313669058842471
33.03999999942585,5.385269747818161,-0.620934821387453,7.343005064738331,1215.2962579778261,54,2.2855215808882723,1.7313669058842471
33.059999999425095,5.360637119366724,1.5243099482150255,44.25153754793006,1906.5854713195424,56,2.2855215808882723,1.7313669058842471
33.07999999942434,5.327714952962016,6.443113781951765,790.6301991501041,3327.258279148134,58,2.2855215808882723,1.7313669058842471
33.09999999942358,5.314352302421093,9.462089588719401,1705.1237695493733,4460.031274583916,57,2.2855215808882723,1.7313669058842471
33.119999999422824,5.321795996856212,10.984049778861394,2297.7712011959834,4366.079729764745,58,2.2855215808882723,1.7313669058842471
33.139999999422066,5.359752104427599,11.207915693862152,2392.3874094472753,3864.7090566375628,57,2.2855215808882723,1.7313669058842471
33.15999999942131,5.400112253486736,10.430105171341873,2071.8541155427356,2766.4984991057854,59,2.2855215808882723,1.7313669058842471
33.17999999942055,5.431093432064805,8.715609953975083,1446.6962960333271,2305.2787773083946,58,2.2855215808882723,1.7313669058842471
33.199999999419795,5.448292413856227,6.11503915957469,712.1644360703903,1386.260703904569,58,2.2855215808882723,1.7313669058842471
33.21999999941904,5.462840213231238,3.2707557130198057,203.7408034278212,806.9504188392941,59,2.2855215808882723,1.7313669058842471
33.23999999941828,5.4798264599808935,1.0938811112963727,22.788830776747776,1057.090943282504,59,2.2855215808882723,1.7313669058842471
33.25999999941752,5.482962991860881,-0.7151579827979083,9.740601553341373,2946.7238912322473,52,2.2855215808882723,1.7313669058842471
33.279999999416766,5.4736497351339795,-0.7174026442793637,9.801843031134265,1201.017142495883,56,2.2855215808882723,1.7313669058842471
33.29999999941601,5.45653650789883,1.832304507721219,63.940657408508905,1984.4986853058442,57,2.2855215808882723,1.7313669058842471
33.31999999941525,5.423949805726607,7.035151579281822,942.6027782395007,3367.523016310505,60,2.2855215808882723,1.7313669058842471
33.339999999414495,5.409832709251324,9.925008246119775,1876.046288249985,4619.091298642643,61,2.2855215808882723,1.7313669058842471
33.35999999941374,5.4245167065932,11.378937822109435,2465.9555601183365,4134.206289183006,62,2.2855215808882723,1.7313669058842471
33.37999999941298,5.466168067030392,11.43561409099475,2490.581623483618,3241.599088824215,61,2.2855215808882723,1.7313669058842471
33.39999999941222,5.507510748644859,10.375000514037236,2050.019777530213,2874.693298954907,63,2.2855215808882723,1.7313669058842471
33.419999999411466,5.5375932235418555,8.316396491280408,1317.2013590890836,2144.8948029031876,61,2.2855215808882723,1.7313669058842471
33.43999999941071,5.554354284662006,5.3527668108174655,545.6805136180822,1177.8381473010172,59,2.2855215808882723,1.7313669058842471
33.45999999940995,5.5682334338110495,2.5665947211857025,125.45743108871994,810.7812066469571,60,2.2855215808882723,1.7313669058842471
33.479999999409195,5.585286152582891,0.5280935938421508,5.311333791204088,1518.5584581128676,54,2.2855215808882723,1.7313669058842471
33.49999999940844,5.5790840766859695,-0.8795043046787363,14.731865188724525,837.5297125390273,52,2.2855215808882723,1.7313669058842471
33.51999999940768,5.565833422784952,-0.06903412564571212,0.09076312793983235,1151.1383633362104,52,2.2855215808882723,1.7313669058842471
33.53999999940692,5.546214098315101,3.334894969371375,211.8098332611726,2412.9430382740447,56,2.2855215808882723,1.7313669058842471
33.559999999406166,5.514563093293626,7.728868973010437,1137.6631385072906,4244.946443740817,60,2.2855215808882723,1.7313669058842471
33.57999999940541,5.506658666843512,10.60108366090808,2140.3377966141993,4518.259716444893,61,2.2855215808882723,1.7313669058842471
33.59999999940465,5.535844849170118,11.484985368529296,2512.133353315781,4666.850237733853,61,2.2855215808882723,1.7313669058842471
33.619999999403895,5.58018947342009,11.320515046401024,2440.698699167037,3802.9046047069337,62,2.2855215808882723,1.7313669058842471
33.63999999940314,5.617630992482703,9.699072569445052,1791.6047891057838,2708.759404760692,61,2.2855215808882723,1.7313669058842471
33.65999999940238,5.645121389186097,6.943499976192644,918.2029290430371,1723.0351567716668,59,2.2855215808882723,1.7313669058842471
33.67999999940162,5.657587990732512,3.648890728262928,253.5732943977512,869.5039674447626,58,2.2855215808882723,1.7313669058842471
33.699999999400866,5.672003074718604,0.9557861990712903,17.398159489751013,1514.7698312004482,56,2.2855215808882723,1.7313669058842471
33.71999999940011,5.675155894339109,-0.05860973833409949,0.06542163023096634,2900.041566601843,52,2.2855215808882723,1.7313669058842471
33.73999999939935,5.661410365713751,0.0425226351276668,0.03443674834873368,1579.016349008853,53,2.2855215808882723,1.7313669058842471
33.759999999398595,5.639842570818663,2.752448207505823,144.28464273384492,2456.676666169866,53,2.2855215808882723,1.7313669058842471
33.77999999939784,5.608059361455986,7.3334132199495325,1024.2220265067551,4065.002104154492,58,2.2855215808882723,1.7313669058842471
33.79999999939708,5.598666705275578,10.02855380419613,1915.3952888232313,4530.969127899406,60,2.2855215808882723,1.7313669058842471
33.81999999939632,5.619865221208327,11.213552894022344,2394.7945935567886,3827.2157739905088,61,2.2855215808882723,1.7313669058842471
33.839999999395566,5.662812694933617,11.363329496658663,2459.195168273847,3327.7997474614754,59,2.2855215808882723,1.7313669058842471
33.85999999939481,5.701513242334255,10.209775893059685,1985.2454794599303,2874.552947460828,60,2.2855215808882723,1.7313669058842471
33.87999999939405,5.733312271681553,7.794336488645488,1157.017955242415,2069.9972784652064,59,2.2855215808882723,1.7313669058842471
33.899999999393295,5.750096420357158,4.438557004021444,375.2022212869827,1049.133692863723,58,2.2855215808882723,1.7313669058842471
33.91999999939254,5.76366556137612,1.3531933098458793,34.87397734460957,1002.4354511124374,58,2.2855215808882723,1.7313669058842471
33.93999999939178,5.769434055542157,-0.2863299325131216,1.5614040407298055,2680.2454428022384,53,2.2855215808882723,1.7313669058842471
33.95999999939102,5.762749912308511,0.14207577147520323,0.3844340465499061,1233.8102404152462,54,2.2855215808882723,1.7313669058842471
33.979999999390266,5.740619619312315,2.450671894182431,114.38053859545487,1967.547230122184,55,2.2855215808882723,1.7313669058842471
33.99999999938951,5.710599520284416,7.355879589598402,1030.5071756150096,3785.0567567505223,54,2.2855215808882723,1.7313669058842471
34.01999999938875,5.6997549222791255,9.846034447391649,1846.3094767691507,4454.416622042027,55,2.2855215808882723,1.7313669058842471
34.039999999387994,5.715430117538461,11.210614527676578,2393.5397081594165,3792.0163049364805,55,2.2855215808882723,1.7313669058842471
34.05999999938724,5.756085918936573,11.280097092599085,2423.301620692677,3465.2649710073806,54,2.2855215808882723,1.7313669058842471
34.07999999938648,5.796686835009242,10.382109673866937,2052.8301699546387,3111.3561597546823,56,2.2855215808882723,1.7313669058842471
34.09999999938572,5.826562495490578,8.393935175515836,1341.8779575403917,2343.870092552968,56,2.2855215808882723,1.7313669058842471
34.119999999384966,5.847927149696428,5.346277449616005,544.3582174811193,1319.626561227665,58,2.2855215808882723,1.7313669058842471
34.13999999938421,5.864598266900719,2.21772362069281,93.66916339564331,1257.3409158391305,51,2.2855215808882723,1.7313669058842471
34.15999999938345,5.880143919259084,-0.033883606435024874,0.021865582652215533,1755.235379165848,47,2.2855215808882723,1.7313669058842471
34.179999999382694,5.871169227189215,-0.26820211566182967,1.3699546659603978,1452.7848261290417,44,2.2855215808882723,1.7313669058842471
34.19999999938194,5.857469688668688,1.4850798610515903,42.00310679788083,1922.6836596249107,48,2.2855215808882723,1.7313669058842471
34.21999999938118,5.832052579960626,6.62592239586317,836.1313114197575,3597.112232241312,51,2.2855215808882723,1.7313669058842471
34.23999999938042,5.819629256870264,9.578449851097059,1747.3192306644419,4436.533987614152,53,2.2855215808882723,1.7313669058842471
34.259999999379666,5.831460169153349,11.435651531225702,2490.5979318520344,4016.6145650376225,50,2.2855215808882723,1.7313669058842471
34.27999999937891,5.871894526947886,11.367437497474665,2460.973555820427,3595.9485352404677,48,2.2855215808882723,1.7313669058842471
34.29999999937815,5.9130126902973,10.388438106516192,2055.3335449492047,3166.5073172944512,52,2.2855215808882723,1.7313669058842471
34.319999999377394,5.942931668827566,8.215790327278432,1285.5248954064828,2282.8593461221276,53,2.2855215808882723,1.7313669058842471
34.33999999937664,5.963096327687914,5.046717621735143,485.06485345954445,1265.7346206502912,52,2.2855215808882723,1.7313669058842471
34.35999999937588,5.9821152208863,2.037425491021253,79.05789890948823,1031.5436394900316,49,2.2855215808882723,1.7313669058842471
34.37999999937512,5.997201040107272,-0.19648608107781623,0.7352675146739188,2269.067311258156,47,2.2855215808882723,1.7313669058842471
34.399999999374366,5.984785611822389,0.30519118404621676,1.7738862420322876,1183.0962485480536,47,2.2855215808882723,1.7313669058842471
34.41999999937361,5.974321563006642,2.5839345585320803,127.15833068020726,1974.9727355669288,56,2.2855215808882723,1.7313669058842471
34.43999999937285,5.949603821759353,7.235796027757537,997.1360754339078,3830.562690322337,56,2.2855215808882723,1.7313669058842471
34.459999999372094,5.942639291359139,10.01047936915411,1908.4972871933273,4251.936175097161,56,2.2855215808882723,1.7313669058842471
34.47999999937134,5.964338736904721,11.248426656124476,2409.7132126393954,3768.5309906495227,54,2.2855215808882723,1.7313669058842471
34.49999999937058,6.00695359823289,11.147940472427194,2366.8518742869014,3679.480447195622,53,2.2855215808882723,1.7313669058842471
34.51999999936982,6.045722747501406,9.94374311539574,1883.1355830973725,2964.9471289300445,56,2.2855215808882723,1.7313669058842471
34.539999999369066,6.075409495460893,7.243464462449084,999.2507079296138,1894.1316915927055,58,2.2855215808882723,1.7313669058842471
34.55999999936831,6.094493330863833,3.7156198887135528,262.9325509156984,919.2114305338071,56,2.2855215808882723,1.7313669058842471
34.57999999936755,6.11266677128942,1.0751809670099164,22.01633033535073,1011.7702118561104,48,2.2855215808882723,1.7313669058842471
34.599999999366794,6.116069513276385,0.6423948434591373,7.859336605830123,861.2843409825409,45,2.2855215808882723,1.7313669058842471
34.61999999936604,6.103715225620267,1.6521635792680467,51.986177533624165,1624.6627943963167,53,2.2855215808882723,1.7313669058842471
34.63999999936528,6.084062930952192,5.55739602632308,588.1992813091607,3404.3352505418893,52,2.2855215808882723,1.7313669058842471
34.65999999936452,6.07082182085931,8.528496720214264,1385.2455722648212,3981.2283944596284,54,2.2855215808882723,1.7313669058842471
34.679999999363766,6.075257729961801,10.571138054828975,2128.262957921454,3940.0089806926635,53,2.2855215808882723,1.7313669058842471
34.69999999936301,6.111719576014029,10.871109281192783,2250.761719182225,3841.805508633718,50,2.2855215808882723,1.7313669058842471
34.71999999936225,6.152643734693867,10.461442136279286,2084.3224756077634,3519.612138283419,50,2.2855215808882723,1.7313669058842471
34.739999999361494,6.187308080564644,8.711091751379936,1445.1967400114302,2439.32105197525,55,2.2855215808882723,1.7313669058842471
34.75999999936074,6.2124149648725675,5.615512973317694,600.5658965955818,1304.463627564689,59,2.2855215808882723,1.7313669058842471
34.77999999935998,6.231926704118271,2.3622716032524544,106.27753083880464,1128.7136222218749,52,2.2855215808882723,1.7313669058842471
34.79999999935922,6.24569662658821,0.6388209072689381,7.772129703457359,798.2368807159347,47,2.2855215808882723,1.7313669058842471
34.819999999358465,6.241625359394732,0.7569889270340995,10.913419536944613,1394.103620340869,50,2.2855215808882723,1.7313669058842471
34.83999999935771,6.227263011330832,3.416599323397084,222.3155794099429,2220.7800192972286,48,2.2855215808882723,1.7313669058842471
34.85999999935695,6.2085171099384375,7.330338386276297,1023.3633125512005,3498.1312822327263,53,2.2855215808882723,1.7313669058842471
34.879999999356194,6.206387199561069,9.921653886941247,1874.7784062457188,4175.507523095669,53,2.2855215808882723,1.7313669058842471
34.89999999935544,6.229325817911149,10.833247471958618,2235.111152064132,4027.3625981787864,54,2.2855215808882723,1.7313669058842471
34.91999999935468,6.268690006124021,10.848565018954751,2241.4362405106635,3731.4106454015678,51,2.2855215808882723,1.7313669058842471
34.93999999935392,6.303229607613806,9.626931970249727,1765.05239903114,2564.034379957221,54,2.2855215808882723,1.7313669058842471
34.959999999353165,6.3286233303009265,6.958767779017234,922.2453728206583,1537.6429809549281,58,2.2855215808882723,1.7313669058842471
34.97999999935241,6.349704867284937,3.5443654359055556,239.2537660148703,1009.2834622046106,54,2.2855215808882723,1.7313669058842471
34.99999999935165,6.373105513516896,0.7434595437673976,10.526802594211244,534.2591987324628,47,2.2855215808882723,1.7313669058842471
35.019999999350894,6.372789488427033,1.4104855252122928,37.88951659431594,1108.8367193391193,48,2.2855215808882723,1.7313669058842471
35.03999999935014,6.365805737007388,3.1167324272820767,185.00387975031956,2007.0978765905431,49,2.2855215808882723,1.7313669058842471
35.05999999934938,6.351015833935502,7.321486910351796,1020.8933565259773,3635.6317145776884,51,2.2855215808882723,1.7313669058842471
35.07999999934862,6.350621847363984,9.803180357525317,1830.272619146311,4691.8017177790325,51,2.2855215808882723,1.7313669058842471
35.099999999347865,6.369142924174218,10.939492212948833,2279.166873699062,4993.406697834168,52,2.2855215808882723,1.7313669058842471
35.11999999934711,6.40918041413029,11.09072359990977,2342.6184599815856,4219.669097298398,51,2.2855215808882723,1.7313669058842471
35.13999999934635,6.446737830698264,9.864801619802224,1853.3545528405123,2742.851922485662,55,2.2855215808882723,1.7313669058842471
35.159999999345594,6.474461873676799,7.10316550507144,960.916531463814,1553.848978464627,57,2.2855215808882723,1.7313669058842471
35.17999999934484,6.496338964884943,3.4739479395894426,229.8414796291162,1426.82102873851,51,2.2855215808882723,1.7313669058842471
35.19999999934408,6.515158848917229,2.41792559149103,111.34421580411663,2416.9593167887265,44,2.2855215808882723,1.7313669058842471
35.21999999934332,6.515919536232449,2.456046796792969,114.8828159019617,1414.8436584500078,44,2.2855215808882723,1.7313669058842471
35.239999999342565,6.5110214520321685,4.8679862812081245,451.31574858268544,2702.853026188225,40,2.2855215808882723,1.7313669058842471
35.25999999934181,6.49945660641548,7.884631296976372,1183.9805724108796,3693.2147820381083,41,2.2855215808882723,1.7313669058842471
35.27999999934105,6.5014087785591865,9.843908344762895,1845.5121974923263,4778.230684271653,41,2.2855215808882723,1.7313669058842471
35.299999999340294,6.525047848309341,10.500944311059222,2100.0929052938045,4831.718726539674,41,2.2855215808882723,1.7313669058842471
35.31999999933954,6.562729028230107,10.4492826555874,2079.4800170704566,3962.828481337095,41,2.2855215808882723,1.7313669058842471
35.33999999933878,6.5980981248950785,9.258123131992816,1632.4041952313983,2715.4501177491147,52,2.2855215808882723,1.7313669058842471
35.35999999933802,6.625503831010466,6.404624402517158,781.2124008720386,1471.852535301713,53,2.2855215808882723,1.7313669058842471
35.379999999337265,6.6471512971841555,2.885682346637099,158.59111130955057,1083.2549470242807,48,2.2855215808882723,1.7313669058842471
35.39999999933651,6.660109168652841,1.8089485424764733,62.32097271173642,941.1484974113878,39,2.2855215808882723,1.7313669058842471
35.41999999933575,6.661313233329133,3.0083933693697174,172.36577750867053,1578.8116711493608,42,2.2855215808882723,1.7313669058842471
35.439999999334994,6.655028896960614,6.3410237447362094,765.7738927814369,3102.9146197015857,41,2.2855215808882723,1.7313669058842471
35.45999999933424,6.649484034055426,8.847836220394536,1490.9255146058827,4063.579676985952,49,2.2855215808882723,1.7313669058842471
35.47999999933348,6.658590621559269,10.321625462935273,2028.9810411304388,4783.9965162058725,48,2.2855215808882723,1.7313669058842471
35.49999999933272,6.68603386204878,10.700146524607154,2180.525886131686,4312.582342474843,48,2.2855215808882723,1.7313669058842471
35.519999999331965,6.72146098881519,10.282697034967384,2013.7051342590146,3559.723880980232,52,2.2855215808882723,1.7313669058842471
35.53999999933121,6.75115025370816,8.283916762883976,1306.9327772328616,2104.3711336493125,56,2.2855215808882723,1.7313669058842471
35.55999999933045,6.774370563936566,4.898849595536304,457.05662567289494,1217.3469920400123,53,2.2855215808882723,1.7313669058842471
35.579999999329694,6.797558179758918,2.187001589326739,91.09194901888625,1503.9992880554578,42,2.2855215808882723,1.7313669058842471
35.599999999328936,6.803326499250274,3.15330310993913,189.3708965913304,1303.1006180803888,42,2.2855215808882723,1.7313669058842471
35.61999999932818,6.805496563778671,4.796385322804701,438.1369975586926,2813.478063821743,42,2.2855215808882723,1.7313669058842471
35.63999999932742,6.797926062080934,7.597170908971174,1099.2224516204867,3865.0397003635762,44,2.2855215808882723,1.7313669058842471
35.659999999326665,6.806566444564718,9.772841226139116,1818.9614010829985,4757.778572404113,46,2.2855215808882723,1.7313669058842471
35.67999999932591,6.828677046367898,10.477305964721577,2090.6486405917067,4683.8688674939585,46,2.2855215808882723,1.7313669058842471
35.69999999932515,6.864668256382843,10.47015655012956,2087.796416122098,4110.831384818114,47,2.2855215808882723,1.7313669058842471
35.71999999932439,6.899402402071886,9.088299235862454,1573.0663208311237,2583.9008506931887,54,2.2855215808882723,1.7313669058842471
35.739999999323636,6.925850424508295,6.0426269305121405,695.3978777079243,1515.5661416135426,55,2.2855215808882723,1.7313669058842471
35.75999999932288,6.95014310521607,3.025384409890565,174.31827769518634,1250.7247499615955,46,2.2855215808882723,1.7313669058842471
35.77999999932212,6.963470370626754,3.697829691204057,260.4207633566617,1640.0723185243319,44,2.2855215808882723,1.7313669058842471
35.799999999321365,6.968257427145716,4.781004907479934,435.33158302024606,2769.199915400314,45,2.2855215808882723,1.7313669058842471
35.81999999932061,6.96251076556367,7.35315067093638,1029.7427126863852,3971.136666844075,47,2.2855215808882723,1.7313669058842471
35.83999999931985,6.970682233276416,9.746051007775705,1809.0024587661464,4830.606745455119,49,2.2855215808882723,1.7313669058842471
35.85999999931909,6.988052307362912,10.5627680856273,2124.8940787765628,4878.465261048522,49,2.2855215808882723,1.7313669058842471
35.879999999318336,7.020174950324103,10.776948210416537,2211.940236480181,4325.596488401073,50,2.2855215808882723,1.7313669058842471
35.89999999931758,7.054755295523473,9.717870498725768,1798.5561952875878,2820.055654459638,58,2.2855215808882723,1.7313669058842471
35.91999999931682,7.082557847756986,7.004443861192962,934.3920073185096,1813.974761740341,58,2.2855215808882723,1.7313669058842471
35.939999999316065,7.106769193510639,3.323567605077044,210.3734027280082,1257.793388538611,50,2.2855215808882723,1.7313669058842471
35.95999999931531,7.123492658102795,3.7642616400722915,269.8617927679008,1124.3892265806774,48,2.2855215808882723,1.7313669058842471
35.97999999931455,7.129723156193475,4.647121426915746,411.2915984483313,2853.9180943502456,47,2.2855215808882723,1.7313669058842471
35.99999999931379,7.125065109920862,6.989357878387458,930.3714049685161,4050.244580320004,45,2.2855215808882723,1.7313669058842471
36.019999999313036,7.133780981517967,9.535712214621565,1731.7614529620541,4884.342155651683,51,2.2855215808882723,1.7313669058842471
36.03999999931228,7.150323732511244,10.343189087027735,2037.4676670948204,4932.50860466587,52,2.2855215808882723,1.7313669058842471
36.05999999931152,7.180696697000491,10.522380814289797,2108.6758664602407,4270.636326519181,52,2.2855215808882723,1.7313669058842471
36.079999999310765,7.213819553189898,9.3568289176833,1667.3976103545817,2798.505470159391,59,2.2855215808882723,1.7313669058842471
36.09999999931001,7.239924406252113,6.5055453660653955,806.0263072152093,1790.892927611538,58,2.2855215808882723,1.7313669058842471
36.11999999930925,7.262272208183891,3.2501587079635184,201.18283974981162,1525.0582575786077,46,2.2855215808882723,1.7313669058842471
36.13999999930849,7.275336631143665,4.041305232792899,311.04634574793204,1387.0231514791933,43,2.2855215808882723,1.7313669058842471
36.159999999307736,7.280747328883059,5.713127499260285,621.6266566777196,3269.6665702210285,46,2.2855215808882723,1.7313669058842471
36.17999999930698,7.276733685270549,7.564153240670629,1089.6886671324896,4441.626057919557,46,2.2855215808882723,1.7313669058842471
36.19999999930622,7.287730488630789,9.587147833660243,1750.4940769064117,4903.224595031292,52,2.2855215808882723,1.7313669058842471
36.219999999305465,7.306996587857215,10.384688258984035,2053.850011749045,4856.991479452757,52,2.2855215808882723,1.7313669058842471
36.23999999930471,7.339996724257438,10.417731629444713,2066.9412279337485,4097.9200280064215,52,2.2855215808882723,1.7313669058842471
36.25999999930395,7.37191027950223,8.950637804241403,1525.772432496349,2683.3846754374736,58,2.2855215808882723,1.7313669058842471
36.27999999930319,7.398035360066128,5.750968340290134,629.8886033119766,1724.0873738045898,56,2.2855215808882723,1.7313669058842471
36.299999999302436,7.415903530684667,4.576963189117501,398.9666887081381,1179.4985779981018,47,2.2855215808882723,1.7313669058842471
36.31999999930168,7.428017335677695,4.369390293688605,363.5996665754128,1708.6139024717086,46,2.2855215808882723,1.7313669058842471
36.33999999930092,7.426032412203212,6.337686220841148,764.9679926102808,3453.2570637855742,49,2.2855215808882723,1.7313669058842471
36.359999999300165,7.4278843697035954,8.53064032107353,1385.9420107746964,4669.484822100681,52,2.2855215808882723,1.7313669058842471
36.37999999929941,7.440569166031602,9.930399097418068,1878.0848222099064,4940.505707964584,55,2.2855215808882723,1.7313669058842471
36.39999999929865,7.4635154252539015,10.440095577910736,2075.825039644543,4533.865158711732,55,2.2855215808882723,1.7313669058842471
36.41999999929789,7.496089010172153,9.874669370136678,1857.0642243913828,3445.0766977558565,56,2.2855215808882723,1.7313669058842471
36.439999999297136,7.523387632346882,7.634450459768099,1110.036756350553,2290.3351283684974,58,2.2855215808882723,1.7313669058842471
36.45999999929638,7.546180953184143,4.190753845976425,334.47687858220485,1444.7166101493638,52,2.2855215808882723,1.7313669058842471
36.47999999929562,7.559178084146472,4.764404104436993,432.31367891129764,1718.9579352799374,46,2.2855215808882723,1.7313669058842471
36.499999999294864,7.566473433930985,5.646557671466432,607.2245665013535,2611.757887517008,48,2.2855215808882723,1.7313669058842471
36.51999999929411,7.560179341101429,7.0421617850426195,944.4822350091403,3915.4840186406777,47,2.2855215808882723,1.7313669058842471
36.53999999929335,7.568802439403023,9.116671540658778,1582.9034052855143,4462.926371440429,53,2.2855215808882723,1.7313669058842471
36.55999999929259,7.583981313200479,10.162205810414662,1966.7889950359624,4360.8779843995,54,2.2855215808882723,1.7313669058842471
36.579999999291836,7.614849730375812,10.211538134859286,1985.930858752869,3810.9410039441555,54,2.2855215808882723,1.7313669058842471
36.59999999929108,7.645017524589511,8.794344723681354,1472.9525872501667,2915.103138910964,58,2.2855215808882723,1.7313669058842471
36.61999999929032,7.668841106706715,5.542947063773813,585.1446776706988,1827.828146366432,59,2.2855215808882723,1.7313669058842471
36.639999999289564,7.680842798098555,4.8858942059283725,454.64237848617944,1076.729066654473,52,2.2855215808882723,1.7313669058842471
36.65999999928881,7.69162691683739,5.469478169536169,569.7358970004233,2110.017507541094,53,2.2855215808882723,1.7313669058842471
36.67999999928805,7.681940387391725,6.639977660220977,839.682367545955,3381.6181145060905,53,2.2855215808882723,1.7313669058842471
36.69999999928729,7.686742825004602,8.547271372880836,1391.3512511017775,4453.8391245960365,57,2.2855215808882723,1.7313669058842471
36.719999999286536,7.697130094558682,9.97179980741952,1893.7772684157826,4450.777502242298,59,2.2855215808882723,1.7313669058842471
36.73999999928578,7.722583431423843,10.31415683378632,2026.045801044004,4001.084390008495,58,2.2855215808882723,1.7313669058842471
36.75999999928502,7.753084889766896,9.338013319234149,1660.6984304974137,3180.8709689573907,60,2.2855215808882723,1.7313669058842471
36.779999999284264,7.77579693546598,6.516869049728865,808.8347206213933,2146.614823438607,61,2.2855215808882723,1.7313669058842471
36.79999999928351,7.792193831942714,5.515363352205665,579.3353847304198,1249.3235572032897,53,2.2855215808882723,1.7313669058842471
36.81999999928275,7.803696774367725,5.449395634434529,565.5597269118025,1880.9216477227528,51,2.2855215808882723,1.7313669058842471
36.83999999928199,7.795486109218194,6.367790728054546,772.2525688387122,3127.8035893865112,53,2.2855215808882723,1.7313669058842471
36.859999999281236,7.796236712069966,7.954814275504346,1205.152166969152,4369.119407366836,57,2.2855215808882723,1.7313669058842471
36.87999999928048,7.804999224739942,9.750169418288992,1810.5316502029104,4575.638984742442,58,2.2855215808882723,1.7313669058842471
36.89999999927972,7.827647173176012,10.427461508157323,2070.8039650006276,4185.89715156483,59,2.2855215808882723,1.7313669058842471
36.919999999278964,7.858932978804156,9.741184379290852,1807.1962821225986,3352.1819387737537,60,2.2855215808882723,1.7313669058842471
36.93999999927821,7.882652229410009,7.021480229172197,938.9428339754859,2310.7587030638783,60,2.2855215808882723,1.7313669058842471
36.95999999927745,7.897697688299655,5.9195838754697,667.3661184693485,1808.316431539889,53,2.2855215808882723,1.7313669058842471
36.97999999927669,7.9084534390770305,5.699191826081334,618.5977655377897,1767.8665708897288,50,2.2855215808882723,1.7313669058842471
36.999999999275936,7.899939489910092,6.444350891351636,790.9338380377322,2947.8319759289884,51,2.2855215808882723,1.7313669058842471
37.01999999927518,7.899415427716805,7.964132262803645,1207.977165559847,4256.447889095518,53,2.2855215808882723,1.7313669058842471
37.03999999927442,7.906885308361549,9.705515912338113,1793.985997899697,4589.751239361416,56,2.2855215808882723,1.7313669058842471
37.059999999273664,7.927241027239437,10.428226773306893,2071.1079262773724,4180.632231329847,58,2.2855215808882723,1.7313669058842471
37.07999999927291,7.956814658770968,9.774807211911561,1819.6933094086448,3358.930082001744,62,2.2855215808882723,1.7313669058842471
37.09999999927215,7.978649548007662,7.16491278772056,977.6954950280153,2313.1096719925163,62,2.2855215808882723,1.7313669058842471
37.11999999927139,7.993784123023002,6.049392455109436,696.955930285717,1302.2843451182346,55,2.2855215808882723,1.7313669058842471
37.139999999270636,8.005311203608999,5.865372878031984,655.198735203708,1794.4112225058532,53,2.2855215808882723,1.7313669058842471
37.15999999926988,7.995144582280778,6.460747566793685,794.9637811882395,2971.2962969631626,54,2.2855215808882723,1.7313669058842471
37.17999999926912,7.994744699683526,8.012354952293222,1222.6500170413656,4249.922977035709,56,2.2855215808882723,1.7313669058842471
37.199999999268364,8.002282611520316,9.726475612425348,1801.7428261145528,4629.890604093366,58,2.2855215808882723,1.7313669058842471
37.21999999926761,8.023705289718917,10.48598669129127,2094.114391703364,4138.572149087165,59,2.2855215808882723,1.7313669058842471
37.23999999926685,8.052794744749137,9.615825448956397,1760.9820921351222,3252.308516044905,60,2.2855215808882723,1.7313669058842471
37.25999999926609,8.07353263970665,7.039380223947348,943.7362662914671,2117.036823683867,61,2.2855215808882723,1.7313669058842471
37.279999999265335,8.084020931276816,6.299716018732398,755.8293327143668,1070.3281276030536,54,2.2855215808882723,1.7313669058842471
37.29999999926458,8.092826330141099,6.325090450147529,761.9303582950379,2243.0316414913373,54,2.2855215808882723,1.7313669058842471
37.31999999926382,8.08193785785791,7.117117663315544,964.6951359429783,3268.464668145659,53,2.2855215808882723,1.7313669058842471
37.339999999263064,8.085731067102547,8.67792446125265,1434.2125813050422,4349.695696093012,56,2.2855215808882723,1.7313669058842471
37.35999999926231,8.0955035529105,10.179037596912117,1973.3096242818951,4525.6841179733465,58,2.2855215808882723,1.7313669058842471
37.37999999926155,8.119796007834724,10.634550368595413,2153.8728514536933,3892.2667197640053,60,2.2855215808882723,1.7313669058842471
37.39999999926079,8.14609430759807,9.308332260173948,1650.158083241592,3011.7028398177636,62,2.2855215808882723,1.7313669058842471
37.419999999260035,8.165119895361094,6.871131928873346,899.1628841079568,1369.1621744276995,55,2.2855215808882723,1.7313669058842471
37.43999999925928,8.176413442870134,6.420118204132748,784.9967260358218,1839.0358176312434,52,2.2855215808882723,1.7313669058842471
37.45999999925852,8.177765093927553,6.335877729425368,764.5314797839292,2703.4148871920806,53,2.2855215808882723,1.7313669058842471
37.479999999257764,8.169943063959847,7.43714223258433,1053.401595220587,3679.479115124162,53,2.2855215808882723,1.7313669058842471
37.49999999925701,8.174358963499113,8.936475287111232,1520.9478193252326,4478.341656454338,54,2.2855215808882723,1.7313669058842471
37.51999999925625,8.186449314478166,10.215918719636528,1987.6350886845953,4427.747188367508,56,2.2855215808882723,1.7313669058842471
37.53999999925549,8.21206065095714,10.24004853037052,1997.0356921188952,3672.7598210999167,59,2.2855215808882723,1.7313669058842471
37.559999999254735,8.233973312740073,8.314351436313046,1316.553622300635,2514.827648798792,63,2.2855215808882723,1.7313669058842471
37.57999999925398,8.247593313222838,6.814864807896503,884.4968421415535,1017.3660481227286,55,2.2855215808882723,1.7313669058842471
37.59999999925322,8.255500996968522,6.3115231977127735,758.6651987250301,1801.0551599875205,53,2.2855215808882723,1.7313669058842471
37.619999999252464,8.246437297929326,7.029040576570567,940.9659275527024,3088.1397601169733,53,2.2855215808882723,1.7313669058842471
37.63999999925171,8.247416652907205,8.681738329520682,1435.4735048963619,4054.134401388593,55,2.2855215808882723,1.7313669058842471
37.65999999925095,8.255660622714823,9.915156524480864,1872.323749698989,4498.6964861038505,55,2.2855215808882723,1.7313669058842471
37.67999999925019,8.27534121934052,10.711551999194487,2185.1768854752177,4070.071036694464,58,2.2855215808882723,1.7313669058842471
37.699999999249435,8.300676915532557,9.894330570833313,1864.4666923054406,3166.3688116491912,63,2.2855215808882723,1.7313669058842471
37.71999999924868,8.3198013784358,7.695562817226146,1127.8791602137144,1454.5632411976899,56,2.2855215808882723,1.7313669058842471
37.73999999924792,8.330256420607954,6.837968481956025,890.5042294594309,1284.0980331514486,49,2.2855215808882723,1.7313669058842471
37.759999999247164,8.332717381636925,6.500664087750185,804.8171963849217,2578.2598441456653,50,2.2855215808882723,1.7313669058842471
37.77999999924641,8.324262941747566,7.405981569096948,1044.5928549829305,3558.5882540952102,49,2.2855215808882723,1.7313669058842471
37.79999999924565,8.327254558917195,8.921585164299135,1515.8835783169598,4252.407205431116,50,2.2855215808882723,1.7313669058842471
37.81999999924489,8.336623614580864,9.969983215920323,1893.0873415427516,4397.089993889701,52,2.2855215808882723,1.7313669058842471
37.839999999244135,8.358729667784015,10.189310034695986,1977.2944663654712,3684.1577573628097,58,2.2855215808882723,1.7313669058842471
37.85999999924338,8.37845934936039,8.696584336774894,1440.3870994999386,2576.2513215918043,55,2.2855215808882723,1.7313669058842471
37.87999999924262,8.390552409270493,7.233253633571071,996.4354842125493,1148.51735136218,48,2.2855215808882723,1.7313669058842471
37.899999999241864,8.396115342431848,6.88673913815194,903.252271805606,1942.6374423870507,46,2.2855215808882723,1.7313669058842471
37.91999999924111,8.386657154966388,7.334961883986018,1024.654660876014,3133.6901796317616,47,2.2855215808882723,1.7313669058842471
37.93999999924035,8.388478579519642,8.957209236666019,1528.013656265281,3931.7776967956406,48,2.2855215808882723,1.7313669058842471
37.95999999923959,8.396968997974879,9.996741589853446,1903.2626679097473,4347.388422277523,50,2.2855215808882723,1.7313669058842471
37.979999999238835,8.415648238896061,10.607845459446754,2143.0690548574103,3933.549876992273,54,2.2855215808882723,1.7313669058842471
37.99999999923808,8.437754528714455,9.62227948903658,1763.3467904645393,3003.1863140932182,56,2.2855215808882723,1.7313669058842471
38.01999999923732,8.454922280725206,7.730162352521687,1138.0439324673548,1410.4270713115807,47,2.2855215808882723,1.7313669058842471
38.039999999236564,8.463001937432551,7.0330586958252415,942.0420328735612,1381.0294659800584,44,2.2855215808882723,1.7313669058842471
38.05999999923581,8.460106137063095,6.888590113870282,903.737878322821,2828.5310564369956,45,2.2855215808882723,1.7313669058842471
38.07999999923505,8.45573615010333,8.018554074617366,1224.5426663603994,3569.5696005217196,45,2.2855215808882723,1.7313669058842471
38.09999999923429,8.459962021504985,9.273682991870027,1637.8958752803253,4073.6862847636135,45,2.2855215808882723,1.7313669058842471
38.119999999233535,8.470374237856596,9.973131272317312,1894.2830279265734,4140.925727314714,49,2.2855215808882723,1.7313669058842471
38.13999999923278,8.490500723577702,9.809427109647864,1832.605923581073,3359.351387196225,56,2.2855215808882723,1.7313669058842471
38.15999999923202,8.505960859855449,8.337201014178776,1323.799895568775,2106.277415259714,46,2.2855215808882723,1.7313669058842471
38.17999999923126,8.514780532805156,7.67867555133407,1122.9345194047864,1260.7513061113198,41,2.2855215808882723,1.7313669058842471
38.199999999230506,8.514143808664777,7.266047662495278,1005.4912180018051,2466.274852789719,42,2.2855215808882723,1.7313669058842471
38.21999999922975,8.507632445390511,7.950232707439622,1203.7643541447355,3338.649480626495,42,2.2855215808882723,1.7313669058842471
38.23999999922899,8.512798653908018,9.437626019602535,1696.318211486069,3894.506847651775,44,2.2855215808882723,1.7313669058842471
38.259999999228235,8.52334708351856,10.16580611876383,1968.1828461984574,4126.422508838299,44,2.2855215808882723,1.7313669058842471
38.27999999922748,8.54228562269365,10.282519144938217,2013.635460910617,3543.4025415494443,54,2.2855215808882723,1.7313669058842471
38.29999999922672,8.56055667326744,8.874290315720085,1499.8542621644804,2472.424495990165,46,2.2855215808882723,1.7313669058842471
38.31999999922596,8.571374849005768,7.845468902674994,1172.2482896362385,1091.9627963158316,39,2.2855215808882723,1.7313669058842471
38.339999999225206,8.575867509477865,7.2532920966260255,1001.9640317344563,2030.6648470444165,37,2.2855215808882723,1.7313669058842471
38.35999999922445,8.569262287305914,7.518113583914587,1076.464129585338,3105.6320725217024,38,2.2855215808882723,1.7313669058842471
38.37999999922369,8.57122895957685,8.83061363623515,1485.1268993503797,3629.418449057238,38,2.2855215808882723,1.7313669058842471
38.399999999222935,8.576387809157653,9.638994747083412,1769.4784763304365,3855.5800668446846,37,2.2855215808882723,1.7313669058842471
38.41999999922218,8.589585912868342,9.845946815130631,1846.276611648713,3690.6048003899605,47,2.2855215808882723,1.7313669058842471
38.43999999922142,8.605157210620964,9.130439123833078,1587.6878728196593,2753.4807364021067,44,2.2855215808882723,1.7313669058842471
38.45999999922066,8.617005483245284,8.242734673414805,1293.9706869400482,1220.6419724200748,34,2.2855215808882723,1.7313669058842471
38.479999999219906,8.620311326518095,7.595634427357229,1098.7778744697657,1861.974150150925,32,2.2855215808882723,1.7313669058842471
38.49999999921915,8.612593917466318,7.606290377025428,1101.8629978542062,2999.801867572628,33,2.2855215808882723,1.7313669058842471
38.51999999921839,8.6139315884394,8.901937680927817,1509.214247285296,3732.7050838256887,34,2.2855215808882723,1.7313669058842471
38.539999999217635,8.620703938994879,9.832483665795461,1841.230940789593,3938.2147214003494,35,2.2855215808882723,1.7313669058842471
38.55999999921688,8.633876504336175,10.111584411575263,1947.2433103874127,3725.685566789989,48,2.2855215808882723,1.7313669058842471
38.57999999921612,8.650495467250453,9.46045658180695,1704.5352655835934,2898.064474936406,43,2.2855215808882723,1.7313669058842471
38.59999999921536,8.663416264061993,8.461963563240227,1363.7165120450989,1490.6421431396411,32,2.2855215808882723,1.7313669058842471
38.619999999214606,8.667495019567234,7.765253011170933,1148.3995628098298,1706.0792062979579,26,2.2855215808882723,1.7313669058842471
38.63999999921385,8.662148772374508,7.626511005153111,1107.7291891182367,2829.862283156566,26,2.2855215808882723,1.7313669058842471
38.65999999921309,8.66191485931778,8.450661736579045,1360.0761760795372,3426.482593370943,27,2.2855215808882723,1.7313669058842471
38.679999999212335,8.665184666524432,9.421849164230865,1690.6514903055947,3723.582754309485,30,2.2855215808882723,1.7313669058842471
38.69999999921158,8.67300872852956,9.735781990525222,1805.1923226000274,3463.363313998999,38,2.2855215808882723,1.7313669058842471
38.71999999921082,8.685634131943717,9.290481717295922,1643.8351517483343,2954.7398471489983,36,2.2855215808882723,1.7313669058842471
38.73999999921006,8.697124834695506,8.61698276667966,1414.1394761308736,1696.7779427757114,25,2.2855215808882723,1.7313669058842471
38.759999999209306,8.701017678882618,7.992256553216244,1216.5238561415024,1728.8630558943817,21,2.2855215808882723,1.7313669058842471
38.77999999920855,8.693263703127549,7.735356301191665,1139.5737651670468,2807.993532577613,21,2.2855215808882723,1.7313669058842471
38.79999999920779,8.692668114648061,8.623429103103147,1416.2560937200278,3301.4036196953857,24,2.2855215808882723,1.7313669058842471
38.819999999207035,8.697583021136143,9.657486596296268,1776.2742712501633,3675.3129810081887,27,2.2855215808882723,1.7313669058842471
38.83999999920628,8.70748362441364,9.98185022819719,1897.5966090435504,3476.2742974334124,36,2.2855215808882723,1.7313669058842471
38.85999999920552,8.721573217701684,9.588895749364037,1751.132430473321,2994.985601125555,34,2.2855215808882723,1.7313669058842471
38.87999999920476,8.73423469951889,8.856837690205644,1493.960685568174,1774.8283231020644,22,2.2855215808882723,1.7313669058842471
38.899999999204006,8.73864557976619,8.156484836392334,1267.0328165296935,1578.673979478752,17,2.2855215808882723,1.7313669058842471
38.91999999920325,8.73350085865176,7.821486310906588,1165.0924184527764,2637.619319273857,17,2.2855215808882723,1.7313669058842471
38.93999999920249,8.731714503688938,8.264142048739723,1300.7006104528416,3120.983806467314,17,2.2855215808882723,1.7313669058842471
38.959999999201735,8.732714701686323,9.129030726449749,1587.1980994466348,3377.439579953151,24,2.2855215808882723,1.7313669058842471
38.97999999920098,8.737406940268787,9.528656889378611,1729.1997942179726,3228.5997419491164,32,2.2855215808882723,1.7313669058842471
38.99999999920022,8.746164326374485,9.253435916583287,1630.7517019341947,2789.741138424333,34,2.2855215808882723,1.7313669058842471
39.01999999919946,8.755924787436665,8.666530923008816,1430.449001936633,1847.6851853647822,20,2.2855215808882723,1.7313669058842471
39.039999999198706,8.757910193064744,8.16692337201077,1270.2779474012782,1780.9465029105327,19,2.2855215808882723,1.7313669058842471
39.05999999919795,8.74990452265922,7.907236814440342,1190.779333157701,2558.5095802778333,19,2.2855215808882723,1.7313669058842471
39.07999999919719,8.749297465604498,8.401190325659215,1344.1986172113793,2956.160287282144,22,2.2855215808882723,1.7313669058842471
39.099999999196434,8.752916702715032,9.286454062558802,1642.4101739061439,3236.1541179998376,27,2.2855215808882723,1.7313669058842471
39.11999999919568,8.760018514572108,9.577203736509764,1746.8646230017584,3125.2395113567104,34,2.2855215808882723,1.7313669058842471
39.13999999919492,8.770771773047981,9.230679686928358,1622.7408116981183,2766.914026084676,31,2.2855215808882723,1.7313669058842471
39.15999999919416,8.781129339347522,8.66653188031873,1430.4493179530646,1781.9507836342425,20,2.2855215808882723,1.7313669058842471
39.179999999193406,8.78429408876008,8.020192488331766,1225.043133764369,1798.9852768089302,18,2.2855215808882723,1.7313669058842471
39.19999999919265,8.778036479090401,7.667228889142824,1119.5890801161215,2529.8657776080277,18,2.2855215808882723,1.7313669058842471
39.21999999919189,8.776414875178661,7.83513444663441,1169.162031921304,2794.492487417928,20,2.2855215808882723,1.7313669058842471
39.239999999191134,8.77587300900227,8.328659411569381,1321.0887745759148,2882.790995315125,21,2.2855215808882723,1.7313669058842471
39.25999999919038,8.778164183777731,8.807445439097618,1477.3442971965067,2865.763483313318,31,2.2855215808882723,1.7313669058842471
39.27999999918962,8.784595539870036,8.823479291975918,1482.7281698995127,2484.381008255102,25,2.2855215808882723,1.7313669058842471
39.29999999918886,8.791211894423727,8.574289216828744,1400.1612495739541,1721.1140268862566,18,2.2855215808882723,1.7313669058842471
39.319999999188106,8.789977869256498,8.165036238035801,1269.6909680447095,2005.687876876041,16,2.2855215808882723,1.7313669058842471
39.33999999918735,8.784033493066955,7.983597909993575,1213.889371095941,2383.333597010062,17,2.2855215808882723,1.7313669058842471
39.35999999918659,8.783692446240169,8.186958066687144,1276.5179586174652,2500.9824587015814,21,2.2855215808882723,1.7313669058842471
39.379999999185834,8.78497897336881,8.51275768186128,1380.1374468598403,2620.846298107176,26,2.2855215808882723,1.7313669058842471
39.39999999918508,8.788099061806312,8.824989994051064,1483.2359406337494,2660.1955798511117,26,2.2855215808882723,1.7313669058842471
39.41999999918432,8.79406494698996,8.810844717462873,1478.484894355358,2364.838316811946,22,2.2855215808882723,1.7313669058842471
39.43999999918356,8.799445761669979,8.636511592018513,1420.5565196488496,1745.4484077150826,15,2.2855215808882723,1.7313669058842471
39.459999999182806,8.796535842017095,8.22395737936462,1288.0819633679469,2059.753567354647,15,2.2855215808882723,1.7313669058842471
39.47999999918205,8.7918736501774,8.14152293503572,1262.3887000392942,2279.319009686733,15,2.2855215808882723,1.7313669058842471
39.49999999918129,8.789600037323428,8.264944504749717,1300.9532212358376,2257.976637292372,15,2.2855215808882723,1.7313669058842471
39.519999999180534,8.78699026551139,8.409052148848419,1346.715593054324,2271.6664715979578,19,2.2855215808882723,1.7313669058842471
39.53999999917978,8.785198442402734,8.636525278911684,1420.5610221659892,2286.12468971217,21,2.2855215808882723,1.7313669058842471
39.55999999917902,8.785471731263819,8.762333831222255,1462.2491827810607,2145.410182998939,17,2.2855215808882723,1.7313669058842471
39.57999999917826,8.78490183803174,8.679356845378054,1434.6860845923193,1878.4306800795755,15,2.2855215808882723,1.7313669058842471
39.599999999177506,8.77983881904426,8.532017027109072,1386.389383685087,2055.8069801975494,15,2.2855215808882723,1.7313669058842471
39.61999999917675,8.776694158007487,8.632675592906061,1419.2948891124106,2129.9619387340217,15,2.2855215808882723,1.7313669058842471
39.63999999917599,8.774445377413032,8.64726292708998,1424.095537768186,1939.3816567806136,15,2.2855215808882723,1.7313669058842471
39.659999999175234,8.771028561030615,8.569534496461765,1398.6088108406002,1946.7202970924436,15,2.2855215808882723,1.7313669058842471
39.67999999917448,8.766984113628764,8.58531126065049,1403.7633109002834,2079.375237610459,14,2.2855215808882723,1.7313669058842471
39.69999999917372,8.763642360473087,8.662029444179362,1428.9634101394731,2103.8306737991193,14,2.2855215808882723,1.7313669058842471
39.71999999917296,8.760191527391031,8.610588801476737,1412.0416179374627,1895.7649801340904,15,2.2855215808882723,1.7313669058842471
39.739999999172205,8.754908122264025,8.566928043772467,1397.758157093585,2004.0833380749787,15,2.2855215808882723,1.7313669058842471
39.75999999917145,8.751099354325623,8.696481148991692,1440.352918386016,2056.695583661877,15,2.2855215808882723,1.7313669058842471
39.77999999917069,8.748112276362308,8.712872785609095,1445.7877584657006,1895.96130031976,15,2.2855215808882723,1.7313669058842471
39.799999999169934,8.744514018816695,8.628537434404976,1417.9345091367368,1906.3734315268377,15,2.2855215808882723,1.7313669058842471
39.81999999916918,8.741242068686573,8.636841577105155,1420.6650753814492,2106.4839112442746,15,2.2855215808882723,1.7313669058842471
39.83999999916842,8.740164484279273,8.800019137358245,1474.8539998169103,2193.0327865730674,19,2.2855215808882723,1.7313669058842471
39.85999999916766,8.740624695345398,8.791502882639936,1472.000789038491,1964.5046271203396,15,2.2855215808882723,1.7313669058842471
39.879999999166905,8.738578034734914,8.575709917777809,1400.6252822570307,1901.5732819991665,15,2.2855215808882723,1.7313669058842471
39.89999999916615,8.734892355622357,8.52435063889452,1383.8990407640938,2055.464258155537,15,2.2855215808882723,1.7313669058842471
39.91999999916539,8.73252725126753,8.531244231890867,1386.1382480950888,1947.0968544116793,15,2.2855215808882723,1.7313669058842471
39.939999999164634,8.72895655437178,8.404244776110733,1345.1762249769522,1825.6762198646077,15,2.2855215808882723,1.7313669058842471
39.95999999916388,8.723818950458039,8.27606119822227,1304.4552470195595,1918.4609714188764,15,2.2855215808882723,1.7313669058842471
39.97999999916312,8.718598534625196,8.274184860511793,1303.863825314275,2015.2257021376713,15,2.2855215808882723,1.7313669058842471
39.99999999916236,8.713606640214664,8.315236766509987,1316.834016205953,1912.3358171083069,15,2.2855215808882723,1.7313669058842471
40.019999999161605,8.707933862075553,8.30376813443834,1313.2040846752964,1948.679152605525,15,2.2855215808882723,1.7313669058842471
40.03999999916085,8.703396542865988,8.411916609803828,1347.6332401791688,2003.080260346362,15,2.2855215808882723,1.7313669058842471
40.05999999916009,8.700043297050641,8.509804644828785,1379.1800860985595,1894.1463203558362,15,2.2855215808882723,1.7313669058842471
40.079999999159334,8.696330798300748,8.48519678292536,1371.2152492630887,1786.56845358762,15,2.2855215808882723,1.7313669058842471
40.09999999915858,8.692283392951248,8.424165342327518,1351.5607201527373,1932.1085909078058,15,2.2855215808882723,1.7313669058842471
40.11999999915782,8.68945425953402,8.477965045306897,1368.8789349851795,2095.126085410506,16,2.2855215808882723,1.7313669058842471
40.13999999915706,8.688330441918959,8.595350729780877,1407.0482887044643,1974.588268268865,15,2.2855215808882723,1.7313669058842471
40.159999999156305,8.686219671551946,8.5233601608452,1383.577458031138,1881.0290856018453,15,2.2855215808882723,1.7313669058842471
40.17999999915555,8.682782086800334,8.505668608733105,1377.8397610002892,1992.0430447319973,15,2.2855215808882723,1.7313669058842471
40.19999999915479,8.68068457210322,8.576054963808087,1400.7379936058608,1937.0537778868375,15,2.2855215808882723,1.7313669058842471
40.219999999154034,8.67814917722548,8.551185526318507,1392.6258588711921,1765.2847806993263,15,2.2855215808882723,1.7313669058842471
40.23999999915328,8.67387588937753,8.45885412203298,1362.7144710422438,1743.8368288104607,15,2.2855215808882723,1.7313669058842471
40.25999999915252,8.668616944506333,8.426397430413989,1352.2770409106513,1847.5149857233218,15,2.2855215808882723,1.7313669058842471
40.27999999915176,8.663201039305969,8.466746258415414,1365.2584906925608,1878.9428490484443,15,2.2855215808882723,1.7313669058842471
40.299999999151005,8.657940147811415,8.540088566926098,1389.0137549802557,1917.320618731033,15,2.2855215808882723,1.7313669058842471
40.31999999915025,8.653728276032043,8.665155775183498,1429.9950895718857,1952.5412229442502,15,2.2855215808882723,1.7313669058842471
40.33999999914949,8.65062464183085,8.767238531299979,1463.886623455132,1905.3664580285783,15,2.2855215808882723,1.7313669058842471
40.359999999148734,8.64784300339986,8.78890427973455,1471.1307261476197,1797.0445885348124,15,2.2855215808882723,1.7313669058842471
40.37999999914798,8.644633846557147,8.753952656231013,1459.45323700067,1810.9372349540006,15,2.2855215808882723,1.7313669058842471
40.39999999914722,8.64174305530807,8.768438363954745,1464.2873286838092,1954.8588895905525,14,2.2855215808882723,1.7313669058842471
40.41999999914646,8.639917095972736,8.811896995592738,1478.8380659916104,1942.1849156314308,14,2.2855215808882723,1.7313669058842471
40.439999999145705,8.637881662179966,8.74862312820887,1457.6767071308443,1860.5503764520545,14,2.2855215808882723,1.7313669058842471
40.45999999914495,8.634825254143829,8.727115980314338,1450.5185674087402,1935.7842678671625,14,2.2855215808882723,1.7313669058842471
40.47999999914419,8.632610939971427,8.769279788340768,1464.5683698752387,1925.8275382287832,14,2.2855215808882723,1.7313669058842471
40.499999999143434,8.630484079679116,8.734768605499893,1453.0635414288843,1797.9378581194535,14,2.2855215808882723,1.7313669058842471
40.51999999914268,8.62732779822106,8.619730052688316,1415.0413381913659,1685.8307932447042,14,2.2855215808882723,1.7313669058842471
40.53999999914192,8.622931747775374,8.500359589073367,1376.1202734903022,1734.7026948287428,14,2.2855215808882723,1.7313669058842471
40.55999999914116,8.617912433718963,8.452409784518961,1360.6389069819347,1810.30240180223,14,2.2855215808882723,1.7313669058842471
40.579999999140405,8.613119998670614,8.488845597516747,1372.3948061083156,1875.3477788053758,14,2.2855215808882723,1.7313669058842471
40.59999999913965,8.609294863949696,8.563542620888786,1396.6536614223867,1909.8899144278673,14,2.2855215808882723,1.7313669058842471
40.61999999913889,8.606357078655531,8.621833166347663,1415.7319296141761,1892.5837066856293,14,2.2855215808882723,1.7313669058842471
40.63999999913813,8.603965168687086,8.642104574297877,1422.3970127657485,1830.5063910801493,14,2.2855215808882723,1.7313669058842471
40.659999999137376,8.60139188441397,8.585624137073848,1403.8656280868443,1722.6731554046687,14,2.2855215808882723,1.7313669058842471
40.67999999913662,8.59803537425676,8.462949961094894,1364.0344631763728,1743.2453307102382,14,2.2855215808882723,1.7313669058842471
40.69999999913586,8.594214055387141,8.371619578315615,1334.7525741155146,1795.000485899009,14,2.2855215808882723,1.7313669058842471
40.719999999135105,8.590276127630899,8.33937558191032,1324.4905513299834,1833.5261215794376,14,2.2855215808882723,1.7313669058842471
40.73999999913435,8.586748175509614,8.375110125424852,1335.8658564342195,1883.5170384902085,14,2.2855215808882723,1.7313669058842471
40.75999999913359,8.58384252322261,8.425697377738658,1352.0523598783782,1872.8788413750165,14,2.2855215808882723,1.7313669058842471
40.77999999913283,8.581461437113832,8.464664728603163,1364.587281981468,1828.7562485655305,14,2.2855215808882723,1.7313669058842471
40.799999999132076,8.579209417816156,8.474867168338534,1367.8787318151105,1740.910576519278,14,2.2855215808882723,1.7313669058842471
40.81999999913132,8.576279593554483,8.421954555193965,1350.8514223526913,1668.8475707311366,14,2.2855215808882723,1.7313669058842471
40.83999999913056,8.572415891911724,8.34117919527133,1325.0635264070465,1716.7017012777928,14,2.2855215808882723,1.7313669058842471
40.859999999129805,8.568311868485841,8.317313075672372,1317.491723489166,1816.705232884551,14,2.2855215808882723,1.7313669058842471
40.87999999912905,8.564933592217153,8.381632571568518,1337.9473827217168,1862.0609967957096,14,2.2855215808882723,1.7313669058842471
40.89999999912829,8.5620969844227,8.4479601531022,1359.2067123350485,1855.4879399150768,14,2.2855215808882723,1.7313669058842471
40.91999999912753,8.559663939168615,8.49985491080023,1375.9568739589492,1830.4331365474752,14,2.2855215808882723,1.7313669058842471
40.939999999126776,8.557423698059988,8.529698306941762,1385.6359364765744,1756.8569789048247,14,2.2855215808882723,1.7313669058842471
40.95999999912602,8.554624259752938,8.502283281399947,1376.7431957388526,1642.8119879227972,14,2.2855215808882723,1.7313669058842471
40.97999999912526,8.550610449650055,8.435017011560396,1355.0450146330459,1661.3806593310699,14,2.2855215808882723,1.7313669058842471
40.999999999124505,8.546143658866958,8.429384548438243,1353.2359624740168,1791.7636100122884,14,2.2855215808882723,1.7313669058842471
41.01999999912375,8.542500220595025,8.513498066780526,1380.3775282592087,1837.7010153988208,14,2.2855215808882723,1.7313669058842471
41.03999999912299,8.539441108312948,8.585281631958344,1403.7536218865823,1834.1876935407336,14,2.2855215808882723,1.7313669058842471
41.05999999912223,8.53691884087505,8.646945231248388,1423.9908986648795,1830.555355895905,14,2.2855215808882723,1.7313669058842471
41.079999999121476,8.53495633159557,8.692783199164143,1439.1282344502465,1788.8383094726705,14,2.2855215808882723,1.7313669058842471
41.09999999912072,8.532970138408714,8.674025539075942,1432.9241102956257,1680.1065328279344,14,2.2855215808882723,1.7313669058842471
41.11999999911996,8.529899718954812,8.577355258942932,1401.1627835316638,1602.1399369652886,14,2.2855215808882723,1.7313669058842471
41.139999999119205,8.525846008107257,8.517583004465115,1381.7025086446938,1719.3971595314938,14,2.2855215808882723,1.7313669058842471
41.15999999911845,8.522282270637639,8.576566862645443,1400.9052167762093,1814.5524464227256,14,2.2855215808882723,1.7313669058842471
41.17999999911769,8.519319059309735,8.630845578258198,1418.6932088781255,1810.9978210419397,14,2.2855215808882723,1.7313669058842471
41.19999999911693,8.516721618550049,8.664496381588652,1429.7774607721126,1810.1278017941484,14,2.2855215808882723,1.7313669058842471
41.219999999116176,8.514607772601995,8.695532557996591,1440.0387151426382,1794.8329078538015,14,2.2855215808882723,1.7313669058842471
41.23999999911542,8.512682965402384,8.677839300771032,1434.184432261936,1705.0152390220512,14,2.2855215808882723,1.7313669058842471
41.25999999911466,8.509901931863613,8.56454066881755,1396.9792296093221,1585.1610636330888,14,2.2855215808882723,1.7313669058842471
41.279999999113905,8.505801796111484,8.440955865681504,1356.9537831952453,1661.4393061350488,14,2.2855215808882723,1.7313669058842471
41.29999999911315,8.501915258610271,8.443647448979856,1357.8193099232824,1798.1991961252234,14,2.2855215808882723,1.7313669058842471
41.31999999911239,8.4988229532809,8.492381105639936,1373.538217978526,1797.1327604423723,14,2.2855215808882723,1.7313669058842471
41.33999999911163,8.496046146252292,8.51136015425703,1379.6843335611563,1790.1647772063434,14,2.2855215808882723,1.7313669058842471
41.359999999110876,8.493737558792164,8.533549701017302,1386.887524671691,1793.1745386110115,14,2.2855215808882723,1.7313669058842471
41.37999999911012,8.491925803770188,8.542277527084691,1389.7258987500084,1736.662021039349,14,2.2855215808882723,1.7313669058842471
41.39999999910936,8.489813613894055,8.4849522537634,1371.1362181473878,1618.8370554167088,14,2.2855215808882723,1.7313669058842471
41.419999999108605,8.486431560805734,8.356355409158944,1329.8896405362466,1571.552755678771,14,2.2855215808882723,1.7313669058842471
41.43999999910785,8.48248082449943,8.265390048714483,1301.0934877504246,1723.217358843622,14,2.2855215808882723,1.7313669058842471
41.45999999910709,8.479364894877962,8.300192100571236,1312.073260446817,1783.1049993372844,14,2.2855215808882723,1.7313669058842471
41.47999999910633,8.476631501790786,8.33642433274234,1323.5532605383244,1764.6632053776682,14,2.2855215808882723,1.7313669058842471
41.499999999105576,8.474272210427017,8.361153331135773,1331.4172295886433,1775.787555367046,14,2.2855215808882723,1.7313669058842471
41.51999999910482,8.472440613614603,8.395506252523326,1342.380318079322,1753.4726028080352,14,2.2855215808882723,1.7313669058842471
41.53999999910406,8.47063765221102,8.396804167165675,1342.7954043634024,1655.5388956560864,14,2.2855215808882723,1.7313669058842471
41.559999999103304,8.467759014553884,8.328626195867978,1321.0782372731883,1539.62316124049,14,2.2855215808882723,1.7313669058842471
41.57999999910255,8.463738968464694,8.225473510338928,1288.556936883965,1655.9343593559627,14,2.2855215808882723,1.7313669058842471
41.59999999910179,8.460299242330533,8.249355265334959,1296.0501648503296,1774.466115815252,14,2.2855215808882723,1.7313669058842471
41.61999999910103,8.457415262014958,8.309507962420096,1315.020168778591,1753.9434005981964,14,2.2855215808882723,1.7313669058842471
41.639999999100276,8.454812495752632,8.353322203551434,1328.9243640696052,1754.9816967947113,14,2.2855215808882723,1.7313669058842471
41.65999999909952,8.452706363727161,8.406165400732526,1345.7911222961466,1756.770547439058,14,2.2855215808882723,1.7313669058842471
41.67999999909876,8.451020102070004,8.446914611074194,1358.8702950753307,1689.0027596122316,14,2.2855215808882723,1.7313669058842471
41.699999999098004,8.448850161267272,8.427501562734133,1352.6314487393502,1568.0257800744143,14,2.2855215808882723,1.7313669058842471
41.71999999909725,8.445439284022974,8.353402373369462,1328.949872515968,1564.6569071226086,14,2.2855215808882723,1.7313669058842471
41.73999999909649,8.441840600772803,8.36239309328039,1331.8120945050323,1712.4505426266828,14,2.2855215808882723,1.7313669058842471
41.75999999909573,8.439048865695128,8.434871008731323,1354.998105730986,1748.5738557472123,14,2.2855215808882723,1.7313669058842471
41.779999999094976,8.436562061386363,8.485401857513025,1371.2815305308418,1731.3715680833664,14,2.2855215808882723,1.7313669058842471
41.79999999909422,8.434483174938721,8.536327135629875,1387.7904587162104,1747.0536881162868,14,2.2855215808882723,1.7313669058842471
41.81999999909346,8.432947779536079,8.582320597341162,1402.7854891090496,1718.1649712126566,14,2.2855215808882723,1.7313669058842471
41.839999999092704,8.431329225080482,8.568558272558588,1398.290175660673,1613.8650234351278,14,2.2855215808882723,1.7313669058842471
41.85999999909195,8.42856044881074,8.479477869781507,1369.3675093800719,1522.0550705971086,14,2.2855215808882723,1.7313669058842471
41.87999999909119,8.424866357761504,8.431518775829057,1353.921298125746,1645.6218680555567,14,2.2855215808882723,1.7313669058842471
41.89999999909043,8.421869885468178,8.49608763178931,1374.7374496809718,1746.8554061149937,14,2.2855215808882723,1.7313669058842471
41.919999999089676,8.419272120621713,8.538806660231312,1388.5967915306107,1720.9567838064195,14,2.2855215808882723,1.7313669058842471
41.93999999908892,8.416931470463732,8.562662324113571,1396.3665357370328,1726.5823419511662,14,2.2855215808882723,1.7313669058842471
41.95999999908816,8.415071029455017,8.594601342737095,1406.8029519344761,1725.1128019837329,14,2.2855215808882723,1.7313669058842471
41.979999999087404,8.41353287079668,8.589313845483359,1405.0725217880715,1652.1210844094478,14,2.2855215808882723,1.7313669058842471
41.99999999908665,8.411388153106074,8.501801494573531,1376.5871722519692,1527.3583269892215,14,2.2855215808882723,1.7313669058842471
42.01999999908589,8.408081276005714,8.39292803885303,1341.5559694898682,1552.2162183655853,14,2.2855215808882723,1.7313669058842471
42.03999999908513,8.404803978743217,8.378686833905894,1337.0071006503028,1691.9857829086948,14,2.2855215808882723,1.7313669058842471
42.059999999084376,8.4022132416774,8.421014449821923,1350.5498600985538,1715.246514676127,14,2.2855215808882723,1.7313669058842471
42.07999999908362,8.39989580358483,8.436288301408814,1355.4534986430965,1699.402912450332,14,2.2855215808882723,1.7313669058842471
42.09999999908286,8.39800382964389,8.452284941322082,1360.5987136499027,1716.8331508337492,14,2.2855215808882723,1.7313669058842471
42.119999999082104,8.396639421645617,8.465840684700897,1364.966459716899,1685.4520313252988,14,2.2855215808882723,1.7313669058842471
42.13999999908135,8.395122053556587,8.42282910517534,1351.1319863042377,1581.0792883137715,14,2.2855215808882723,1.7313669058842471
42.15999999908059,8.392452347459828,8.314689688644961,1316.6607470462895,1499.6349897236732,14,2.2855215808882723,1.7313669058842471
42.17999999907983,8.388999084183785,8.21177055727261,1284.2672561420702,1619.141951209531,14,2.2855215808882723,1.7313669058842471
42.199999999079076,8.386210870614716,8.22326889129328,1287.8663027305474,1713.2064017920045,14,2.2855215808882723,1.7313669058842471
42.21999999907832,8.38370977658829,8.254154579964156,1297.558637136505,1684.8958270555077,14,2.2855215808882723,1.7313669058842471
42.23999999907756,8.381454266284337,8.269304941026952,1302.3263024540238,1692.9725356552328,14,2.2855215808882723,1.7313669058842471
42.259999999076804,8.37966186956735,8.297744131136254,1311.2994370086983,1691.0077285689702,14,2.2855215808882723,1.7313669058842471
42.27999999907605,8.378142555004573,8.313999937367266,1316.4423069606871,1618.008610561764,14,2.2855215808882723,1.7313669058842471
42.29999999907529,8.375983713075547,8.276295225473849,1304.5290218226269,1499.6169705332766,14,2.2855215808882723,1.7313669058842471
42.31999999907453,8.372771754043866,8.191198856259131,1277.8407566743685,1528.6863220076996,14,2.2855215808882723,1.7313669058842471
42.339999999073775,8.369674787036724,8.178378515049092,1273.8438974862295,1659.3624354142835,14,2.2855215808882723,1.7313669058842471
42.35999999907302,8.367158930913373,8.224589093776176,1288.2798562201906,1680.0697290475944,14,2.2855215808882723,1.7313669058842471
42.37999999907226,8.364908987411397,8.264793080006658,1300.9055512962452,1667.639236943509,14,2.2855215808882723,1.7313669058842471
42.399999999071504,8.36309666100786,8.307542919559138,1314.3982870825423,1686.1058126559988,14,2.2855215808882723,1.7313669058842471
42.41999999907075,8.361813948950317,8.354977445478974,1329.4510788809937,1656.6345997619137,14,2.2855215808882723,1.7313669058842471
42.43999999906999,8.360396950411467,8.361622743009372,1331.5667306384219,1556.8897726825383,14,2.2855215808882723,1.7313669058842471
42.45999999906923,8.357898832909068,8.305571492357736,1313.774532717706,1480.2804611952618,14,2.2855215808882723,1.7313669058842471
42.479999999068475,8.354696713146112,8.271048802247565,1302.8756390229532,1585.997356174676,14,2.2855215808882723,1.7313669058842471
42.49999999906772,8.352087660276164,8.325387744613344,1320.0510773044755,1680.1884368476958,14,2.2855215808882723,1.7313669058842471
42.51999999906696,8.349723733879735,8.374623535035521,1335.7106344503861,1666.4204564102313,14,2.2855215808882723,1.7313669058842471
42.539999999066204,8.347602941097467,8.412695017956159,1347.8826618710118,1664.6402638037816,14,2.2855215808882723,1.7313669058842471
42.55999999906545,8.345930577863758,8.459046675651765,1362.776512208934,1664.856938794703,14,2.2855215808882723,1.7313669058842471
42.57999999906469,8.34453107058673,8.478174809361825,1368.9466741529727,1596.6720974524028,14,2.2855215808882723,1.7313669058842471
42.59999999906393,8.34252530953922,8.429617517297114,1353.31076418527,1481.105294965986,14,2.2855215808882723,1.7313669058842471
42.619999999063175,8.339542945326373,8.365741723880545,1332.8789277936435,1506.8905756678362,14,2.2855215808882723,1.7313669058842471
42.63999999906242,8.336666260151278,8.39148142930566,1341.0935467420243,1627.0193136222347,14,2.2855215808882723,1.7313669058842471
42.65999999906166,8.334315374132071,8.445264005989225,1358.3392753658256,1655.650639303386,14,2.2855215808882723,1.7313669058842471
42.679999999060904,8.332210347037652,8.472111035191807,1366.9891738305803,1640.499313636289,14,2.2855215808882723,1.7313669058842471
42.69999999906015,8.330524013104617,8.501515877063445,1376.494681079029,1659.573314393079,14,2.2855215808882723,1.7313669058842471
42.71999999905939,8.329359837779819,8.523265134994704,1383.5466075474567,1636.1930743542475,14,2.2855215808882723,1.7313669058842471
42.73999999905863,8.328114412718827,8.483908208941813,1370.7988115119456,1539.0418524830652,14,2.2855215808882723,1.7313669058842471
42.759999999057875,8.325861633180317,8.38593919074037,1339.322654212678,1460.8917364772171,14,2.2855215808882723,1.7313669058842471
42.77999999905712,8.322911463138304,8.312997390595417,1316.1248387333294,1548.3521269742105,14,2.2855215808882723,1.7313669058842471
42.79999999905636,8.320440715726503,8.33008779322508,1321.541952138269,1648.0595425496963,14,2.2855215808882723,1.7313669058842471
42.819999999055604,8.31817632871875,8.351707230484894,1328.4105638019525,1639.8996993368976,14,2.2855215808882723,1.7313669058842471
42.83999999905485,8.316135072128898,8.355527228234926,1329.6260484319803,1634.258154231906,14,2.2855215808882723,1.7313669058842471
42.85999999905409,8.31450867909417,8.368517133381289,1333.763463462337,1638.546939413846,14,2.2855215808882723,1.7313669058842471
42.87999999905333,8.313171617046793,8.363503723321081,1332.165880491657,1579.5892019734783,14,2.2855215808882723,1.7313669058842471
42.899999999052575,8.311305068064168,8.298754483786297,1311.618790196786,1468.4334387714582,14,2.2855215808882723,1.7313669058842471
42.91999999905182,8.308506018648439,8.209528553074483,1283.566082260663,1475.2254543262748,14,2.2855215808882723,1.7313669058842471
42.93999999905106,8.30572045111907,8.167621092024902,1270.4950025066942,1584.584665559786,14,2.2855215808882723,1.7313669058842471
42.959999999050304,8.303406318231596,8.185761728741825,1276.1449176710178,1628.8309799981046,14,2.2855215808882723,1.7313669058842471
42.97999999904955,8.301308884055853,8.204740279445879,1282.069218412415,1608.281486367704,14,2.2855215808882723,1.7313669058842471
42.99999999904879,8.299604165380561,8.221654846249889,1287.3607932424943,1627.4373401193134,14,2.2855215808882723,1.7313669058842471
43.01999999904803,8.29841891737162,8.248536318179955,1295.79284924771,1613.264611661626,14,2.2855215808882723,1.7313669058842471
43.039999999047275,8.297255771688722,8.248634815841934,1295.823796151059,1527.68965705067,14,2.2855215808882723,1.7313669058842471
43.05999999904652,8.29520276048913,8.194263811004452,1278.7972117416823,1444.6145203272208,14,2.2855215808882723,1.7313669058842471
43.07999999904576,8.292435998574893,8.12695494466296,1257.875045005891,1501.8566023583417,14,2.2855215808882723,1.7313669058842471
43.099999999045004,8.290008291752887,8.129728953247097,1258.7339033888593,1607.4227303597902,14,2.2855215808882723,1.7313669058842471
43.119999999044246,8.287777255156014,8.164757746668469,1269.604356807907,1605.532519053179,14,2.2855215808882723,1.7313669058842471
43.13999999904349,8.285755049948163,8.194583481208342,1278.8969891832326,1603.169248441363,14,2.2855215808882723,1.7313669058842471
43.15999999904273,8.284124228193926,8.232581327506672,1290.78484127892,1612.2240014787205,14,2.2855215808882723,1.7313669058842471
43.179999999041975,8.28283727461152,8.269292366502182,1302.3223417530903,1566.2186603249027,14,2.2855215808882723,1.7313669058842471
43.19999999904122,8.281171998871043,8.264114255161173,1300.6918615558402,1462.1308827361077,14,2.2855215808882723,1.7313669058842471
43.21999999904046,8.278620434901235,8.217497096535768,1286.0590673332217,1447.8309390617123,14,2.2855215808882723,1.7313669058842471
43.2399999990397,8.27595023557772,8.221341023316702,1287.2625172537064,1538.2052894733627,14,2.2855215808882723,1.7313669058842471
43.259999999038946,8.273722719853735,8.269969166484683,1302.535527541814,1601.868520816241,14,2.2855215808882723,1.7313669058842471
43.27999999903819,8.27168939773263,8.311350034140045,1315.603267073336,1597.1166151323762,14,2.2855215808882723,1.7313669058842471
43.29999999903743,8.270019361517033,8.350404548763983,1327.996190751748,1599.6013503866593,14,2.2855215808882723,1.7313669058842471
43.319999999036675,8.268867281689564,8.394568374308076,1342.0804150366753,1596.4645845356747,14,2.2855215808882723,1.7313669058842471
43.33999999903592,8.267874560709513,8.405029139246418,1345.4273256781373,1523.903152834347,14,2.2855215808882723,1.7313669058842471
43.35999999903516,8.26614913193927,8.355163244680247,1329.5102085906144,1432.8513626348224,14,2.2855215808882723,1.7313669058842471
43.3799999990344,8.263669483844252,8.305631173424915,1313.7934134769464,1464.2204936372275,14,2.2855215808882723,1.7313669058842471
43.399999999033646,8.261372530757411,8.330666047352448,1321.7254348652882,1565.9626426507668,14,2.2855215808882723,1.7313669058842471
43.41999999903289,8.25928828062675,8.37073617523335,1334.4708932975327,1589.7733896356597,14,2.2855215808882723,1.7313669058842471
43.43999999903213,8.257373237181383,8.389467528252242,1340.4499164990282,1577.277993689039,14,2.2855215808882723,1.7313669058842471
43.459999999031375,8.255801846540987,8.411003747491165,1347.3407653717297,1589.1714642083175,14,2.2855215808882723,1.7313669058842471
43.47999999903062,8.254607502106973,8.422972181935108,1351.1778894624545,1559.194483733631,14,2.2855215808882723,1.7313669058842471
43.49999999902986,8.253201562414725,8.377798209312743,1336.7235157852892,1462.345940234474,14,2.2855215808882723,1.7313669058842471
43.5199999990291,8.250944392944431,8.305983990443693,1313.9050337766998,1424.7554052356663,14,2.2855215808882723,1.7313669058842471
43.539999999028346,8.248417895590498,8.264218708425666,1300.7247416360149,1489.8112487526607,14,2.2855215808882723,1.7313669058842471
43.55999999902759,8.24626853274894,8.278305488600088,1305.1628235434703,1572.008645869997,14,2.2855215808882723,1.7313669058842471
43.57999999902683,8.244275806388789,8.296201600286336,1310.8119474467876,1573.5695814529277,14,2.2855215808882723,1.7313669058842471
43.599999999026075,8.242594465493628,8.302410855943021,1312.7748246172182,1572.4115775763585,14,2.2855215808882723,1.7313669058842471
43.61999999902532,8.241397269219283,8.315673165016056,1316.972239444391,1576.190472663619,14,2.2855215808882723,1.7313669058842471
43.63999999902456,8.240482920142535,8.308922472938313,1314.834862174178,1522.9129314022202,14,2.2855215808882723,1.7313669058842471
43.6599999990238,8.239033865717419,8.246316454674133,1295.0954900839545,1423.9779064239788,14,2.2855215808882723,1.7313669058842471
43.679999999023046,8.236785930731324,8.169137204182475,1270.9667167730813,1425.9195153333712,14,2.2855215808882723,1.7313669058842471
43.69999999902229,8.23452703924832,8.125627871401703,1257.464274660077,1512.0697345205513,14,2.2855215808882723,1.7313669058842471
43.71999999902153,8.232483718330508,8.12845305083443,1258.3388359501512,1566.3536150490697,14,2.2855215808882723,1.7313669058842471
43.739999999020775,8.230558428073195,8.140424811238468,1262.0481825230866,1545.8881363022888,14,2.2855215808882723,1.7313669058842471
43.75999999902002,8.228932164237055,8.150592065224737,1265.2027052701576,1558.9865971041013,14,2.2855215808882723,1.7313669058842471
43.77999999901926,8.22770042740102,8.170191131447991,1271.2946811223037,1545.880936577513,14,2.2855215808882723,1.7313669058842471
43.7999999990185,8.226449399919987,8.169943048829388,1271.2174781976266,1465.8034558726442,14,2.2855215808882723,1.7313669058842471
43.819999999017746,8.22444725859059,8.125480208647245,1257.418572603761,1411.6690512293276,14,2.2855215808882723,1.7313669058842471
43.83999999901699,8.222032836341448,8.085209410755798,1244.985641640586,1438.140197553162,14,2.2855215808882723,1.7313669058842471
43.85999999901623,8.219885534616987,8.084157309675946,1244.6616511418379,1527.9884884639182,14,2.2855215808882723,1.7313669058842471
43.879999999015475,8.21787948980305,8.111237967852835,1253.0144604111347,1545.8220393199517,14,2.2855215808882723,1.7313669058842471
43.89999999901472,8.21613332642302,8.138980146333685,1261.600275939186,1537.4874443671042,14,2.2855215808882723,1.7313669058842471
43.91999999901396,8.214833801986947,8.17399677175443,1272.4792842687734,1552.0014027266066,14,2.2855215808882723,1.7313669058842471
43.9399999990132,8.213932106323389,8.21065481799806,1283.9182911870428,1520.2426393060755,14,2.2855215808882723,1.7313669058842471
43.959999999012446,8.212765879546275,8.211718266541963,1284.2509003369764,1425.9062660480429,14,2.2855215808882723,1.7313669058842471
43.97999999901169,8.21079906804946,8.172646399604567,1272.0588831605958,1403.0947027378575,14,2.2855215808882723,1.7313669058842471
43.99999999901093,8.208642448748327,8.165168025461266,1269.7319551632775,1455.2607865604273,14,2.2855215808882723,1.7313669058842471
44.019999999010174,8.2066915377235,8.198754543857387,1280.1992437948734,1534.6842786913548,14,2.2855215808882723,1.7313669058842471
44.03999999900942,8.204818414640329,8.234592293382264,1291.4155162016411,1540.414912485704,14,2.2855215808882723,1.7313669058842471
44.05999999900866,8.203201829325238,8.264965773679238,1300.9599169657265,1536.451763685231,14,2.2855215808882723,1.7313669058842471
44.0799999990079,8.20197737255932,8.301783504475639,1312.5764388443915,1534.009621599981,14,2.2855215808882723,1.7313669058842471
44.099999999007146,8.200920629933174,8.317464067400717,1317.5395591678955,1475.8902730185032,14,2.2855215808882723,1.7313669058842471
44.11999999900639,8.199297551672297,8.285392933832819,1307.3986023122573,1399.2362844415002,14,2.2855215808882723,1.7313669058842471
44.13999999900563,8.19712325399007,8.251951294168562,1296.866013579816,1404.5803395776898,14,2.2855215808882723,1.7313669058842471
44.159999999004874,8.19507446301673,8.265790536749865,1301.2195761735013,1478.3461802791835,14,2.2855215808882723,1.7313669058842471
44.17999999900412,8.193178846093502,8.303755022898617,1313.1999376149142,1529.1482291329419,14,2.2855215808882723,1.7313669058842471
44.19999999900336,8.191468971172242,8.326155002195343,1320.2943971110353,1522.1318250452168,14,2.2855215808882723,1.7313669058842471
44.2199999990026,8.190136318267442,8.346688212697291,1326.8144080269747,1527.8828213987913,14,2.2855215808882723,1.7313669058842471
44.239999999001846,8.189246443630827,8.365258144880356,1332.7248389748675,1517.5351916690122,14,2.2855215808882723,1.7313669058842471
44.25999999900109,8.188351719650834,8.338441133631921,1324.1937428791903,1438.2428370142998,14,2.2855215808882723,1.7313669058842471
44.27999999900033,8.186731253702641,8.274491393518458,1303.9604353631917,1394.1749739557781,14,2.2855215808882723,1.7313669058842471
44.299999998999574,8.184744816322281,8.228355653459271,1289.460096112596,1406.3853565333125,14,2.2855215808882723,1.7313669058842471
44.31999999899882,8.182890370408298,8.218938052703688,1286.5101334427657,1490.520219396682,14,2.2855215808882723,1.7313669058842471
44.33999999899806,8.181074247096767,8.232485645873357,1290.7548376435461,1517.8119286850567,14,2.2855215808882723,1.7313669058842471
44.3599999989973,8.179443482715149,8.234825323865314,1291.4886086946199,1515.5642345408235,14,2.2855215808882723,1.7313669058842471
44.379999998996546,8.178163556787307,8.238965898466867,1292.7876889100803,1514.0429821993966,14,2.2855215808882723,1.7313669058842471
44.39999999899579,8.177173789151233,8.237057942947043,1292.1889982890552,1482.139679667815,14,2.2855215808882723,1.7313669058842471
44.41999999899503,8.175871534870835,8.192398478391574,1278.2150702103545,1393.0269052634148,14,2.2855215808882723,1.7313669058842471
44.439999998994274,8.173908902519365,8.135475550665774,1260.514034943779,1383.7872658452789,14,2.2855215808882723,1.7313669058842471
44.45999999899352,8.17190417009979,8.097454699704057,1248.7596325920347,1418.7699795840615,14,2.2855215808882723,1.7313669058842471
44.47999999899276,8.170037453322758,8.084505578699046,1244.7688945855064,1495.5765967607351,14,2.2855215808882723,1.7313669058842471
44.499999998992,8.16827494291257,8.095314161109853,1248.0995079021727,1497.1878591988732,14,2.2855215808882723,1.7313669058842471
44.519999998991246,8.16681280722493,8.103930337302135,1250.7577291723073,1495.8520946658027,14,2.2855215808882723,1.7313669058842471
44.53999999899049,8.165784797755576,8.120444833037824,1255.8606061071887,1502.020723894363,14,2.2855215808882723,1.7313669058842471
44.55999999898973,8.164973511807732,8.130500707423305,1258.9728976434715,1451.7581992647408,14,2.2855215808882723,1.7313669058842471
44.579999998988974,8.163656126195963,8.102506786062552,1250.3183469818941,1380.2516355318135,14,2.2855215808882723,1.7313669058842471
44.59999999898822,8.161805573370716,8.06136801324182,1237.6541222857659,1371.48096251044,14,2.2855215808882723,1.7313669058842471
44.61999999898746,8.159981657243184,8.042743062647936,1231.9417870864856,1428.7545272927111,14,2.2855215808882723,1.7313669058842471
44.6399999989867,8.15817854859315,8.049682863987382,1234.0687031647294,1492.9151695306116,14,2.2855215808882723,1.7313669058842471
44.659999998985946,8.156479743838801,8.07195751211257,1240.9078492187887,1477.904398748043,14,2.2855215808882723,1.7313669058842471
44.67999999898519,8.155086366482118,8.096565807347568,1248.485484231043,1487.8374066778636,14,2.2855215808882723,1.7313669058842471
44.69999999898443,8.154050562327605,8.129216798888553,1258.5753136616172,1479.3945570278734,14,2.2855215808882723,1.7313669058842471
44.719999998983674,8.152999654643551,8.146019315344962,1263.7834629484128,1406.6441602535344,14,2.2855215808882723,1.7313669058842471
44.73999999898292,8.151321626613754,8.125139102979325,1257.3130025726425,1376.2553198246376,14,2.2855215808882723,1.7313669058842471
44.75999999898216,8.14941242179591,8.11461435264059,1254.057837391817,1372.6766835123856,14,2.2855215808882723,1.7313669058842471
44.7799999989814,8.147612646348453,8.133360467710746,1259.8586964415845,1445.1635809783397,14,2.2855215808882723,1.7313669058842471
44.799999998980645,8.145865026693613,8.167740302434837,1270.5320897646975,1484.3251418715188,14,2.2855215808882723,1.7313669058842471
44.81999999897989,8.144336357022965,8.196770267572209,1279.5796468582648,1486.4796491018776,14,2.2855215808882723,1.7313669058842471
44.83999999897913,8.14320475866961,8.230167046128505,1290.027882862863,1483.9597996376713,14,2.2855215808882723,1.7313669058842471
44.859999998978374,8.142435790140313,8.260344774099961,1299.505572255261,1462.1372946197112,14,2.2855215808882723,1.7313669058842471
44.87999999897762,8.141482752808615,8.249772743904638,1296.1813476743948,1378.1932397761072,14,2.2855215808882723,1.7313669058842471
44.89999999897686,8.139895936481235,8.219505719802441,1286.6878534087414,1368.9621381442144,14,2.2855215808882723,1.7313669058842471
44.9199999989761,8.13821314257441,8.206284304025388,1282.5518010611702,1375.5243863823994,14,2.2855215808882723,1.7313669058842471
44.939999998975345,8.136547345360295,8.227627567554428,1289.231910500827,1453.4980910340844,14,2.2855215808882723,1.7313669058842471
44.95999999897459,8.134902904026617,8.255091497516764,1297.8532219900856,1474.2168117605675,14,2.2855215808882723,1.7313669058842471
44.97999999897383,8.13347992312395,8.268086184480858,1301.9424487316353,1469.0085747755943,14,2.2855215808882723,1.7313669058842471
44.999999998973074,8.132405102217058,8.283633980175157,1306.843550917932,1470.0090054952746,14,2.2855215808882723,1.7313669058842471
