t,omega_hub,omega_gnd,tau_gen,T_max,n_slack,backline_payout,k_mppt_scale
0.019999999999999858,9.81195135143565,9.985997913994607,1096.9216977213512,0.0,75,0.0,1.0
0.03999999999999904,9.940697827517566,9.94598584946555,1088.1489796954586,0.0,75,0.0,1.0
0.05999999999999823,10.065843988919307,9.658112742920125,1026.070559304517,0.0,75,0.0,1.0
0.07999999999999742,10.18926068231226,9.274980075824743,946.2778094764055,0.0,75,0.0,1.0
0.0999999999999966,10.312254683466078,8.882874993146286,867.9601495825,0.0,75,0.0,1.0
0.11999999999999579,10.436141094329717,8.528341795925138,800.0587516693597,0.0,75,0.0,1.0
0.14000000000000018,10.562012024895752,8.235160448885459,745.996543807761,0.0,75,0.0,1.0
0.1600000000000063,10.690495563590488,8.016085344964482,706.8338668352978,0.0,75,0.0,1.0
0.18000000000001243,10.821624544315418,7.877497266056999,682.6045949440904,0.0,75,0.0,1.0
0.20000000000001855,10.954843114743966,7.8192915092232536,672.5545167683196,0.0,75,0.0,1.0
0.22000000000002468,11.089350382812006,7.833574355162831,675.0137589565124,0.0,75,0.0,1.0
0.2400000000000308,11.2242807701048,7.905115729841557,687.3994017240725,0.0,75,0.0,1.0
0.26000000000003,11.358666529763315,8.014441585803992,706.5440132549084,0.0,75,0.0,1.0
0.28000000000002223,11.491653170036566,8.14255481421278,729.3131879270569,0.0,75,0.0,1.0
0.3000000000000145,11.622574893120339,8.275467902162681,753.317058996973,0.0,75,0.0,1.0
0.3200000000000067,11.750949732152582,8.406762062899597,777.4101322042868,0.0,75,0.0,1.0
0.33999999999999897,11.876750411075998,8.537349692572192,801.7497375058875,0.0,75,0.0,1.0
0.3599999999999912,12.000338176524695,8.673034225774511,827.4367494960169,0.0,75,0.0,1.0
0.37999999999998346,12.12214079154675,8.821104052144461,855.9306436863537,0.0,75,0.0,1.0
0.3999999999999757,12.24254405818088,8.987172931317328,888.4620502714318,0.0,75,0.0,1.0
0.41999999999996795,12.361796506900246,9.17317245905901,925.618022600026,0.0,75,0.0,1.0
0.4399999999999602,12.479895779098866,9.376844961351452,967.1774357214432,0.0,75,0.0,1.0
0.45999999999995245,12.596657457124431,9.592575058124705,1012.1924587033182,0.0,75,0.0,1.0
0.4799999999999447,12.711962911193696,9.813148675864744,1059.2767562808858,0.0,75,0.0,1.0
0.49999999999993694,12.82571955628698,10.031788854704335,1107.0046638790711,0.0,75,0.0,1.0
0.5199999999999569,12.937801033914765,10.243628045166377,1154.2510708049103,0.0,75,0.0,1.0
0.5399999999999769,13.048242270372265,10.446237011996757,1200.3625448189205,0.0,75,0.0,1.0
0.559999999999997,13.157172152424602,10.639318895691442,1245.1461722063866,0.0,75,0.0,1.0
0.580000000000017,13.26468998931575,10.823878246339131,1288.719743207308,0.0,75,0.0,1.0
0.600000000000037,13.370799410410124,11.001268693568766,1331.3070415490586,0.0,75,0.0,1.0
0.620000000000057,13.47554014150161,11.172488348833316,1373.069454952978,0.0,75,0.0,1.0
0.640000000000077,13.578905203874712,11.337979597052893,1414.0475947750645,0.0,75,0.0,1.0
0.660000000000097,13.680800204856595,11.497752736012934,1454.1814977634222,0.0,75,0.0,1.0
0.680000000000117,13.781134411509314,11.65164975602531,1493.3703624079315,0.0,75,0.0,1.0
0.700000000000137,13.879907454938436,11.799618470046061,1531.5409564251738,0.0,75,0.0,1.0
0.720000000000157,13.977145124350228,11.941924735635302,1568.705230307361,0.0,75,0.0,1.0
0.740000000000177,14.072820326527596,12.079101408562199,1604.9515992216222,0.0,75,0.0,1.0
0.760000000000197,14.166904569672749,12.211750046144294,1640.395231084557,0.0,75,0.0,1.0
0.780000000000217,14.259428335635736,12.34035198748161,1675.1271589243545,0.0,75,0.0,1.0
0.800000000000237,14.350406299527055,12.465241467466731,1709.2046932647736,0.0,75,0.0,1.0
0.820000000000257,14.43980523875867,12.586629984978606,1742.6557981663877,0.0,75,0.0,1.0
0.840000000000277,14.527538222459214,12.704648935732546,1775.4891503823112,0.0,75,0.0,1.0
0.860000000000297,14.61360592280324,12.819363365432695,1807.6968480449766,0.0,75,0.0,1.0
0.880000000000317,14.698028296474144,12.930947924901597,1839.303556601686,0.0,75,0.0,1.0
0.900000000000337,14.780834668141468,13.039694560780946,1870.369976623062,0.0,75,0.0,1.0
0.920000000000357,14.861988361601197,13.145927211281673,1900.9694246874753,0.0,75,0.0,1.0
0.940000000000377,14.941478710729674,13.24984263209609,1931.1416275284216,0.0,75,0.0,1.0
0.960000000000397,15.019332819490625,13.351471039435085,1960.8795680856115,0.0,75,0.0,1.0
0.980000000000417,15.095574535615382,13.45079343647607,1990.1622847782253,0.0,75,0.0,1.0
1.000000000000437,15.170224150003953,13.547803255472179,2018.9727035388082,0.0,75,0.0,1.0
1.020000000000457,15.243246833677444,13.64255129569957,2047.3112644137343,0.0,75,4.833337072685555e-7,1.0
1.040000000000477,15.314616804311683,13.735105645165454,2075.1843979224154,0.0,75,8.107850432576445e-6,1.0
1.060000000000497,15.38436119212017,13.825516150965495,2102.5938652466853,0.0,75,4.0348331868998056e-5,1.0
1.080000000000517,15.452511295108236,13.913870412516262,2129.55368841925,0.0,75,0.00012339921950187084,1.0
1.100000000000537,15.519098291125829,14.000276730128371,2156.085233721914,0.0,75,0.0002898056546021147,1.0
1.120000000000557,15.584147974923585,14.084830908438148,2182.2070789122404,0.0,75,0.0005765325144366706,1.0
1.140000000000577,15.64762330444596,14.167585794281788,2207.9253596216863,0.0,75,0.0010234010194512938,1.0
1.160000000000597,15.709529452759389,14.248485706308566,2233.2127941516746,0.0,75,0.001671833013417652,1.0
1.180000000000617,15.769891014474497,14.327452692369668,2258.0349071729993,0.0,75,0.002563852041330518,1.0
1.200000000000637,15.828736079850188,14.404504264342048,2282.387174115931,0.0,75,0.0037412980766425006,1.0
1.220000000000657,15.886094017750914,14.479740340551325,2306.2916836276836,0.0,75,0.005245219360534706,1.0
1.240000000000677,15.94199453757426,14.553286430974804,2329.779605361949,0.0,75,0.007115410467127671,1.0
1.260000000000697,15.996450066807869,14.625248667059163,2352.876884306474,0.0,75,0.009390070534383692,1.0
1.280000000000717,16.04943579465419,14.695686306695896,2375.595156272902,0.0,75,0.012105559717090791,1.0
1.300000000000737,16.100975493358,14.76456467762462,2397.9160713173665,0.0,75,0.015296235425974377,1.0
1.320000000000757,16.15109728075543,14.8318445019851,2419.8197246417226,0.0,75,0.018994352902096626,1.0
1.340000000000777,16.199829766006392,14.897535910231896,2441.302338163138,0.0,75,0.023230017212789944,1.0
1.360000000000797,16.247202414944027,14.961709248598806,2462.3801800356778,0.0,75,0.02803117590863158,1.0
1.380000000000817,16.293244513503247,15.024455256774017,2483.076813390848,0.0,75,0.03342364340568389,1.0
1.400000000000837,16.33798461057481,15.085848007881966,2503.410911286079,0.0,75,0.03943114970097897,1.0
1.420000000000857,16.381439562160082,15.145933505371627,2523.3923192405273,0.0,75,0.04607540733293361,1.0
1.440000000000877,16.423595481180406,15.210114759591553,2544.8235009993928,0.0,75,0.05337619159722227,1.0
1.460000000000897,16.464485155158975,15.284957271004648,2569.9291065408165,0.0,75,0.06135142995281265,1.0
1.480000000000917,16.50417428033646,15.36684150041252,2597.5379946868056,0.0,75,0.07001729732832702,1.0
1.500000000000937,16.542757412665658,15.452453309473835,2626.561446096158,0.0,75,0.07938831468786232,1.0
1.520000000000957,16.58035380767543,15.539559850768917,2656.2571239119225,0.0,75,0.08947744875695463,1.0
1.540000000000977,16.617086971487222,15.62694864844912,2686.2167646739235,0.0,75,0.10029621125983443,1.0
1.560000000000997,16.653065808942806,15.713909251340464,2716.1963835529978,0.0,75,0.11185475639243796,1.0
1.580000000001017,16.688376268173194,15.79974358006783,2745.9508691548403,0.0,75,0.12416197556378328,1.0
1.600000000001037,16.72308158231862,15.883595329727813,2775.174606584063,0.0,75,0.13722558869144885,1.0
1.620000000001057,16.757226111946718,15.964551446198136,2803.535931661377,0.0,75,0.15105223154372202,1.0
1.640000000001077,16.790813388918327,16.041858412372964,2830.7534345488334,0.0,75,0.16564753878892705,1.0
1.660000000001097,16.823858701750606,16.11504828889613,2856.6425948879946,0.0,75,0.18101622254776686,1.0
1.680000000001117,16.856381039084425,16.183965623664186,2881.1281763873853,0.0,75,0.197162146352634,1.0
1.700000000001137,16.888391705653035,16.24870515254362,2904.224610477274,0.0,75,0.2140883945032466,1.0
1.720000000001157,16.919894500832275,16.309498589489824,2925.9971866462756,0.0,75,0.23179733687455292,1.0
1.740000000001177,16.95088717313313,16.366626386022023,2946.531051855956,0.0,75,0.25029068928383613,1.0
1.760000000001197,16.981362620738057,16.42037783945885,2965.9168922965046,0.0,75,0.26956956956213063,1.0
1.780000000001217,17.011311138718064,16.471038119031725,2984.2460639045576,0.0,75,0.2896345495027102,1.0
1.800000000001237,17.040722995222396,16.51891013745522,3001.6183134225284,0.0,75,0.3104857028785332,1.0
1.820000000001257,17.069589127023313,16.564321762484944,3018.1443099624557,0.0,75,0.3321226497326805,1.0
1.840000000001277,17.097900930896028,16.607608522007865,3033.939269022951,0.0,75,0.35454459715248,1.0
1.860000000001297,17.12565095665943,16.64908276406233,3049.1115257305714,0.0,75,0.3777503767402041,1.0
1.880000000001317,17.152831342026133,16.689025545067985,3063.759310083249,0.0,75,0.40173847899199405,1.0
1.900000000001337,17.179413425928598,16.72767472630501,3077.966119239698,0.0,75,0.4265070847927337,1.0
1.920000000001357,17.205388879329373,16.765177808873066,3091.7830565944287,0.0,75,0.4520540942286559,1.0
1.940000000001377,17.230759810439206,16.801658287561587,3105.2529333318566,0.0,75,0.47837715291201954,1.0
1.960000000001397,17.255525534545697,16.83718660620254,3118.399380932948,0.0,75,0.5054736760037047,1.0
1.980000000001417,17.27968155358028,16.871739181836038,3131.211413218915,0.0,75,0.5333408701103631,1.0
2.000000000001437,17.303259371629412,16.905663672935827,3143.8161064466426,0.0,75,0.5619757532231575,1.0
2.020000000001346,17.326283451834367,16.939613089236566,3156.4554077433827,0.0,75,0.5913751728552895,1.0
2.040000000001255,17.348663866195817,16.972334776350785,3168.661625365789,0.0,75,0.621535822525728,1.0
2.060000000001164,17.370433053623945,17.003053567582363,3180.142136842828,0.0,75,0.6524542567268118,1.0
2.080000000001073,17.391763472987734,17.03465167191431,3191.9729334179838,0.0,75,0.68412690450399,1.0
2.100000000000982,17.412511261472734,17.066992050138513,3204.104394034403,0.0,75,0.7165500817667522,1.0
2.120000000000891,17.432841603550898,17.099904547614425,3216.47409091277,0.0,75,0.7497200024411127,1.0
2.1400000000008,17.452578604269338,17.13196378161048,3228.546013158546,0.0,75,0.7836327885655378,1.0
2.160000000000709,17.47149626284011,17.157368650957423,3238.1282892734216,0.0,75,0.8182844794244135,1.0
2.180000000000618,17.490063189936535,17.180420659288195,3246.835394331063,0.0,75,0.8536710398055483,1.0
2.200000000000527,17.50893039824757,17.218308110417965,3261.171476038136,0.0,75,0.8897883674612684,1.0
2.220000000000436,17.526242985055234,17.24827226046006,3272.531855680515,0.0,75,0.9266322998460695,1.0
2.240000000000345,17.542563750145018,17.25585736210892,3275.410746315935,0.0,75,0.9641986201976326,1.0
2.260000000000254,17.55950468494222,17.273909409629002,3282.267409212763,0.0,75,1.002483063022373,1.0
2.280000000000163,17.575530892046032,17.30396174121096,3293.6980113542186,0.0,75,1.0414813190413474,1.0
2.3000000000000718,17.595547736038306,17.394684618433583,3328.325582722469,0.0,75,1.081189039647499,1.0
2.3199999999999807,17.628878655291775,17.734077936879416,3459.4727229844466,0.0,75,1.1216018409206903,1.0
2.3399999999998897,17.666212557981165,18.217640736728,3650.706774137407,0.0,75,1.162715307242817,1.0
2.3599999999997987,17.688668681531443,18.40629563865285,3726.7089105124,0.0,75,1.2045249945514618,1.0
2.3799999999997077,17.721814184930437,18.565914352157115,3791.6249330479695,0.0,75,1.2470264332670802,1.0
2.3999999999996167,17.77378131407898,19.101010844786014,4013.3347682189624,60.87335282286565,74,1.2902151309254213,1.0
2.4199999999995256,17.830527778729408,19.89559160147429,4354.180216899197,1917.1135429687351,73,1.3340865745440187,1.0
2.4399999999994346,17.87891190874521,20.635642375239783,4684.12709862671,3825.7479139335464,73,1.3786362327488388,1.0
2.4599999999993436,17.929506160165804,21.06740385924291,4882.190559052872,5604.975206968433,73,1.4238595576847375,1.0
2.4799999999992526,17.981136980400496,21.281103135895446,4981.738857486808,8601.005890668572,73,1.4697519867311368,1.0
2.4999999999991616,18.028727820112845,21.32525216073818,5002.430176909753,10338.97325690421,72,1.5163089440423003,1.0
2.5199999999990705,18.08361020546148,21.389734068017212,5032.7279585054575,10789.531304566424,73,1.563525841929676,1.0
2.5399999999989795,18.15443591193108,21.579775993200318,5122.554051083753,8515.129165084749,71,1.6113980821021687,1.0
2.5599999999988885,18.234893470499006,21.787206776639838,5221.506170408669,11323.38058420838,71,1.6599210567785991,1.0
2.5799999999987975,18.314609926997107,22.063916492093362,5354.980520670764,10877.59557185125,71,1.7090901496852586,1.0
2.5999999999987065,18.396518426012907,22.430343798126533,5534.323551923688,9824.67155392938,73,1.7589007369501757,1.0
2.6199999999986154,18.476654243242635,22.693060028999025,5664.724708277286,11603.735042136468,72,1.8093481879045863,1.0
2.6399999999985244,18.54697152675719,22.86148263124072,5749.121269083732,8977.976618967916,72,1.8604278658010487,1.0
2.6599999999984334,18.624828420921208,22.897530960401507,5767.266164908002,4895.579500728646,72,1.9121351284567345,1.0
2.6799999999983424,18.71310313731498,22.85631580407726,5746.52289349283,6162.96356898251,72,1.9644653288295142,1.0
2.6999999999982514,18.79973340779334,22.857939988252983,5747.339625572323,10779.726404395631,72,2.0174138155337995,1.0
2.7199999999981603,18.881125950366116,22.73468379611594,5685.524320403144,10693.247879752478,71,2.0709759333022753,1.0
2.7399999999980693,18.967866775936177,22.782166781751467,5709.298355986941,11559.576189745527,72,2.125147023399166,1.0
2.7599999999979783,19.05038054801401,22.775687858335157,5706.051531623471,5468.430512751614,72,2.1799224239900075,1.0
2.7799999999978873,19.127165437882198,22.70808740887132,5672.229571458343,4860.383539069487,70,2.235297470472417,1.0
2.7999999999977963,19.214795547421748,22.802563348811614,5719.5258480422335,9811.393811970458,73,2.2912674957720247,1.0
2.8199999999977052,19.308033785058274,22.808138218251262,5722.3228588113925,13300.498413119418,73,2.347827830607006,1.0
2.839999999997614,19.391745955042,22.654358111498873,5645.419355884383,12907.404341444188,70,2.404973803724672,1.0
2.859999999997523,19.47848449733045,22.62211262514303,5629.359775871212,9882.189320388577,70,2.462700742112946,1.0
2.879999999997432,19.571438996180007,22.44787889196712,5542.979934232654,9239.537009835329,72,2.521003971189364,1.0
2.899999999997341,19.653743187257987,22.135332374608165,5389.70233267814,12179.865263820928,73,2.5798788149699385,1.0
2.91999999999725,19.733395420931917,21.982920800331986,5315.736876050355,11875.57720476067,72,2.6393205962201,1.0
2.939999999997159,19.81639595318445,21.774267755173863,5215.306099014047,10820.16894378411,72,2.699324636589487,1.0
2.959999999997068,19.886144093848927,21.448150841385328,5060.254919663,7029.636776638842,72,2.7598862567323335,1.0
2.979999999996977,19.949774996009854,21.0061219491017,4853.828752745854,11297.503073767826,72,2.82100077641502,1.0
2.999999999996886,20.01541438807696,20.45497869420189,4602.467687182787,10371.80100543707,73,2.882663514612048,1.0
3.019999999996795,20.08362880464267,19.92842275715189,4368.562369465462,10280.623043620906,69,2.9448697895917673,1.0
3.039999999996704,20.14802360142188,19.375186770959512,4129.376486505209,12510.41708578976,70,3.0076149189928776,1.0
3.059999999996613,20.214607342597603,18.954899322059816,3952.1702914036605,10596.382621152243,70,3.0708942198927347,1.0
3.079999999996522,20.288947798305095,18.898264366009844,3928.588356523572,14607.24363634273,71,3.1347030088682404,1.0
3.099999999996431,20.359217721618506,18.908351921893114,3932.783496423749,18266.017104656217,68,3.1990366020502603,1.0
3.11999999999634,20.435924044132545,19.09926033122937,4012.59919720079,16313.87538736201,72,3.263890315172104,1.0
3.139999999996249,20.51518170872492,19.67440558114702,4257.904584686159,12778.286282080744,72,3.32925946361281,1.0
3.159999999996158,20.581666569076216,20.468009719867588,4608.333640818535,22400.024528691814,71,3.3951393624357076,1.0
3.179999999996067,20.657662086349635,21.25073913357417,4967.533050955428,20667.584263953155,73,3.461525326422881,1.0
3.199999999995976,20.728108988599107,21.97165077673496,5310.287816402778,21496.429646430566,72,3.528412670105819,1.0
3.219999999995885,20.792652585846493,22.792485559926888,5714.471377994232,19332.198939812122,70,3.595796707792809,1.0
3.239999999995794,20.870808621981112,23.437021425369853,6042.2337062257,14355.946560936505,73,3.6636727535933153,1.0
3.259999999995703,20.946933121419406,23.966341981718486,6318.241027831501,20922.032787638487,71,3.732036121439723,1.0
3.2799999999956118,20.996393134418362,24.317109164388388,6504.539779240599,17231.2966690608,71,3.800882125106726,1.0
3.2999999999955207,21.05319517987111,24.213678710611674,6449.32460370802,17174.698092757677,71,3.870206078228597,1.0
3.3199999999954297,21.086547958586245,23.935216410053055,6301.840430556804,12303.149559208943,71,3.9400032943145815,1.0
3.3399999999953387,21.087168096423838,23.07741361604348,5858.237211265439,11101.19868861122,72,4.010269086762612,1.0
3.3599999999952477,21.122973287173586,22.2347826371897,5438.241148153797,9959.743335925043,73,4.080998768871515,1.0
3.3799999999951567,21.17895845912956,21.829903640563263,5241.991622519049,7968.919096987596,70,4.152187653851918,1.0
3.3999999999950656,21.239137052112508,21.54094869756638,5104.137178703055,15926.22831734072,67,4.223831054835951,1.0
3.4199999999949746,21.3223140243564,21.92980625456421,5290.080425989959,20132.36641053299,73,4.295924284885826,1.0
3.4399999999948836,21.356281804735904,23.29836208559688,5970.950434587361,27282.647224276967,71,4.368462657001587,1.0
3.4599999999947926,21.375233021467853,24.16007867958674,6420.803419842039,16529.251710048473,73,4.441441484127946,1.0
3.4799999999947016,21.399179466062872,24.181138374516255,6432.001983962529,12648.02382169934,73,4.514856079160351,1.0
3.4999999999946105,21.33028383696596,22.694653671555233,5665.520357990189,4803.785857481335,71,4.588701754950487,1.0
3.5199999999945195,21.271975951576866,20.892831565118364,4801.614518892469,3060.3636001796813,70,4.6629738243109795,1.0
3.5399999999944285,21.289602111986223,19.256673969465183,4079.014416029058,2850.8339039357165,71,4.737667600019861,1.0
3.5599999999943375,21.36722543673728,17.70030974903038,3446.31061732782,4400.459367397305,70,4.8127783948242815,1.0
3.5799999999942465,21.433574353246936,16.5846495150613,3025.5565949116535,12819.927797892451,74,4.888301521443947,1.0
3.5999999999941554,21.514248998043254,16.665692008413835,3055.1981913123964,18794.166518696617,72,4.964232292574174,1.0
3.6199999999940644,21.55678852501803,18.056207978171656,3586.2931120608873,6115.067096980275,74,5.0405660208885745,1.0
3.6399999999939734,21.581943400105615,18.093048473659472,3600.942433772105,34.9365405837545,73,5.117298019041458,1.0
3.6599999999938824,21.59717900696028,17.770239452418554,3473.5955121592215,17.96206181059638,73,5.194423599669988,1.0
3.6799999999937913,21.570568126483646,17.808408632654466,3488.5335983036234,111.80665166418682,74,5.271938075396049,1.0
3.6999999999937003,21.577706679446365,17.857291503169805,3507.7114581209858,2.302741063227574,75,5.349836758827963,1.0
3.7199999999936093,21.614361606714773,17.748449747331595,3465.0821527691046,0.0,75,5.428114962561971,1.0
3.7399999999935183,21.661048523921043,18.38554707790398,3718.3117548920586,0.827579877624768,75,5.5067679991836185,1.0
3.7599999999934273,21.744622247967747,20.61706602524169,4675.697526380927,300.6607042562348,74,5.5857911812689345,1.0
3.7799999999933362,21.80000535431884,25.143517790280793,6954.161355571834,0.0,75,5.665179821385404,1.0
3.7999999999932452,21.79189823584223,29.70520334741957,9706.390165027015,36.908290298195936,73,5.744929232093045,1.0
3.819999999993154,21.814220106364715,30.735568672582254,10391.426997897215,92.45330124851748,73,5.825034725945149,1.0
3.839999999993063,21.862671344807083,29.593022812693437,9633.216991118536,7.198161159396862,74,5.905491615489067,1.0
3.859999999992972,21.822495295050253,27.68048112486677,8428.299388345162,17.820380175361237,74,5.986295213266846,1.0
3.879999999992881,21.79657387322161,25.725767415258808,7279.96620014391,0.0,75,6.0674408318158655,1.0
3.89999999999279,21.787052575166797,24.01308027022933,6342.908264709248,276.4301330563704,73,6.148923783669301,1.0
3.919999999992699,21.791031012679543,22.90213482300688,5928.746797012083,5504.876655611556,69,6.230739381356626,1.0275862487883562
3.939999999992608,21.81156123603893,21.99331329524675,5679.257934552192,12418.301824376349,72,6.312882937404019,1.06737637664099
3.959999999992517,21.819846132736867,21.685162462562946,5727.637615711841,17141.832454850755,72,6.395349764334739,1.10728008020791
3.979999999992426,21.815931861679672,21.218244378018905,5681.810723646984,14162.687820440884,70,6.47813517466941,1.1472952166319714
3.999999999992335,21.845707083429723,20.373529220284215,5421.624650096904,6283.757384962712,71,6.5612344809263865,1.187419643056034
4.019999999992466,21.892392602098706,18.96793386430159,4858.561865942681,7406.133236041176,69,6.644642995621949,1.227651216623399
4.039999999992597,21.90756096862343,17.27564872462781,4162.7131761136025,8617.740265434322,71,6.7283560312705575,1.2679877944764815
4.059999999992728,21.95610928901554,15.835348163801418,3609.088178424972,10248.08507012609,70,6.8123689003850725,1.3084272337581373
4.079999999992859,22.005178291484846,14.950372813672667,3316.638839187952,10952.51456349978,70,6.896676915476882,1.3489673916112248
4.09999999999299,22.029535322559767,14.562324733952464,3241.4985206563315,10524.83625994664,70,6.981275389056113,1.3896061251785994
4.119999999993121,22.06128799053494,14.746379471119551,3421.394652950654,24986.516564437625,69,7.066159633631757,1.4303412916031193
4.139999999993252,22.076813988750427,15.96597829687471,4125.2173472221075,32729.516788634384,68,7.151324961711782,1.47117074802764
4.159999999993383,22.07811957910157,17.82980053187729,5287.665467600623,32360.49220863636,70,7.236766685803287,1.5120923515950202
4.179999999993514,22.094051680041684,19.29501243986505,6360.384021121594,20495.614166790852,71,7.322480118412549,1.5531039594481164
4.199999999993645,22.104025713359967,20.464605776595985,7344.177926569974,23072.534155256813,70,7.408460572045146,1.594203428729787
4.219999999993776,22.13157966554966,22.082542237343294,8772.266059094873,29769.73947714794,70,7.494703359206032,1.6353886165828873
4.239999999993907,22.174036640803592,24.163275310866204,10768.336402163053,21414.099197155945,71,7.5812037923995925,1.6766573801502758
4.259999999994038,22.196507399372404,26.737414490809236,13510.038207918406,32630.847615138413,71,7.667957184129736,1.718007576574807
4.279999999994169,22.230479727168028,29.743874942737104,17122.27682813088,28676.035622536907,69,7.754958846899929,1.7594370629993419
4.2999999999943,22.25400061670904,32.423908872116826,20826.848650265238,9186.65429514746,72,7.842204093213221,1.8009436965667343
4.319999999994431,22.255707402610188,34.403662076008594,23989.18533258487,21972.3736269015,73,7.929688235572352,1.842525334419844
4.339999999994562,22.28549199132234,34.419597646208025,24554.24669893927,13314.507152292163,72,8.017406586479733,1.8841798337015248
4.3599999999946935,22.32215393002698,33.4018384369068,23635.69077727663,5124.204749603357,72,8.105354458437516,1.925905051554637
4.3799999999948245,22.333968729257336,31.74708030592402,21815.184834736745,3355.2504751392744,72,8.193527163947593,1.9676988451220354
4.3999999999949555,22.360994962832336,30.05409032784926,19966.439970701205,139.49896702769146,73,8.28192001551165,2.0095590715465788
4.4199999999950865,22.36305677207802,28.054236283923956,17760.59998851974,176.49347201721582,73,8.37052832563121,2.051483587971124
4.4399999999952176,22.350182538704157,26.69740488147518,16413.363010163437,5169.112654217956,73,8.459347406807598,2.093470251538527
4.459999999995349,22.356773500576967,24.903641191287118,14568.720205821994,3731.7406375210317,73,8.54837257154198,2.135516919391645
4.47999999999548,22.36368736163656,23.371625941253463,13084.37324847014,5531.0927796228925,71,8.637599132335387,2.177621448673337
4.499999999995611,22.380874288482726,21.411365560340492,11194.164480093725,7632.362884456835,70,8.727022401688801,2.2197816965264576
4.519999999995742,22.424847582167484,19.385665244542444,9350.737031099723,9853.846771946757,66,8.816637692102988,2.2619955200938655
4.539999999995873,22.450924106799206,17.394548372597882,7669.209950429054,13248.573097247636,71,8.906440316078728,2.3042607765184178
4.559999999996004,22.48377411476873,15.42589753603338,6142.258203185211,8997.853382506615,72,8.996425586116619,2.3465753229429716
4.579999999996135,22.504410591686327,13.721993183814465,4948.0238414787655,4349.867673132701,69,9.086588814717285,2.388937016510382
4.599999999996266,22.478985891529156,12.29838230240932,4045.153647794335,685.5927744266829,70,9.176925314381222,2.4313437143635097
4.619999999996397,22.465074657764372,11.289009508901719,3467.909593903938,4990.441076202065,69,9.267430397608859,2.4737932736452075
4.639999999996528,22.474178483925762,11.418526557528127,3608.8796267273347,13221.269741986855,70,9.358099376900597,2.5162835514983364
4.659999999996659,22.47433580048263,12.135281725416764,4145.060357890286,13813.525539759174,71,9.448927564756797,2.5588124050657517
4.67999999999679,22.485595751753657,12.95487202781091,4802.44446277929,23004.11941002585,71,9.539910273677805,2.60137769149031
4.699999999996921,22.4899158384114,14.333980279598778,5975.634243612831,32665.379424292667,70,9.631042816163868,2.6439772679148703
4.719999999997052,22.484373627790273,16.29159061378763,7843.756908403069,32802.38212254855,71,9.722320504715238,2.6866089914822875
4.739999999997183,22.49855746352484,18.753613853410847,10558.670565538076,29571.954893971542,72,9.813738651832127,2.72927071933542
4.759999999997314,22.485214896488387,21.09024889341306,13562.604660603109,23586.496101030185,68,9.905292570014751,2.771960308617124
4.779999999997445,22.472862414036495,23.05345277275184,16454.814696554975,30499.316344575705,72,9.996977571763285,2.814675616470259
4.799999999997576,22.474275009857234,24.812428221470885,19351.04687385451,23830.826197079663,72,10.08878896957787,2.8574145000376783
4.819999999997707,22.46857013180633,26.174723365509237,21856.522435408126,9303.108105493422,74,10.18072207595862,2.9001748164622425
4.839999999997838,22.481787851585633,27.469221941873677,24426.932826011136,0.0,75,10.272772203405694,2.942954422886806
4.859999999997969,22.500458444519236,28.583501179617564,26833.489040024077,0.0,75,10.36493466441917,2.985751176454227
4.8799999999981,22.493070159343322,29.647518656699305,29282.354233383452,245.37314447816354,74,10.457204771499152,3.028562934307363
4.899999999998231,22.499086582698755,30.710190586927116,31863.41562568454,94.97444309493677,73,10.549577837145733,3.0713875535890716
4.919999999998362,22.505139979446962,31.547171235789833,34092.84343669665,158.8554686383151,72,10.642049173858997,3.114222891442209
4.939999999998493,22.494286641716105,32.02203651460009,35610.19516280792,53.25043553392692,73,10.734614094138994,3.1570668050096318
4.959999999998624,22.497742098820247,31.8657449920885,35742.059385112916,152.30921591258064,73,10.827267910485775,3.1999171514341973
4.979999999998755,22.499689312746842,31.239221764495802,34810.437650106775,2124.8067664100568,73,10.920005935399397,3.2427717878587643
4.999999999998886,22.5103355706778,30.282137898044102,33142.42004198862,4234.674679625754,74,11.012823481379899,3.285628571426187
5.019999999999017,22.53537120378284,28.44652924650926,29627.697904974757,7864.815854530295,72,11.10571586092734,3.3284853592793255
5.039999999999148,22.5441955232381,26.755503911559046,26547.370402482375,12991.259140955533,72,11.19867838654176,3.3713400085610337
5.059999999999279,22.57966836775116,25.100466673545355,23661.59470473798,11123.909242066995,71,11.291706370723148,3.414190376414173
5.07999999999941,22.618532766497157,23.046084575980785,20197.17734622482,5816.5281704309755,70,11.384795125971598,3.4570343199815965
5.099999999999541,22.62585877580311,21.182087715340263,17273.569227258915,1989.3425491888042,71,11.47793996478708,3.4998696964061633
5.119999999999672,22.63872588642801,19.281119216058556,14487.413343005304,232.91211388675777,72,11.571136199669647,3.54269436283073
5.139999999999803,22.651127063244097,17.302046177916637,11806.960047709961,1564.692798080706,73,11.664379143119287,3.585506176398153
5.159999999999934,22.626318746209446,15.61029377826314,9725.64437100729,3416.701620590189,72,11.757664107636064,3.6283029942512908
5.180000000000065,22.619420372751538,14.74056789707263,8774.356611709312,7807.558079973919,70,11.850986405719972,3.671082673532998
5.2000000000001965,22.60528600126082,13.792370945817835,7771.307465164927,10784.689138270678,70,11.944341349870992,3.7138430713861372
5.2200000000003275,22.588235176377108,13.292581585510488,7301.367908870523,10748.677555610437,71,12.037724252589177,3.7565820449535594
5.2400000000004585,22.57807384272912,13.07161452556187,7140.924576593344,11068.49148781296,72,12.131130426374531,3.7992974513781235
5.2600000000005895,22.555309602224582,13.70893384755486,7942.476790018731,9297.706321107626,73,12.224555183727045,3.841987147802688
5.280000000000721,22.53458466853688,14.415729413664318,8880.097045550314,6422.950310819069,74,12.317993837146771,3.8846489913701103
5.300000000000852,22.532098419591716,15.534817024844342,10425.500862076395,3380.9197328742102,71,12.411441699133665,3.927280839223246
5.320000000000983,22.503835523183348,17.338248545309384,13127.456052725856,0.0,75,12.504894082187768,3.969880548504952
5.340000000001114,22.48377637653417,19.36575142878964,16552.766528094246,5.417310048934936,74,12.598346298809084,4.0124459763580855
5.360000000001245,22.479645564340295,21.50645942067048,20630.92507956221,10.247159591971204,74,12.691793661497584,4.054974979925506
5.380000000001376,22.457023187198313,23.296213506351506,24461.250642203908,1.4865897720807602,75,12.785231482753293,4.097465416350068
5.400000000001507,22.455381028144114,24.867638440902386,28161.333339445227,0.0,75,12.878655075076232,4.139915142774628
5.420000000001638,22.454394993894603,25.811486730447275,30650.403355061633,127.778263838865,71,12.97205975096639,4.182322016342046
5.440000000001769,22.427272878703178,26.328910295983004,32214.594859922192,41.265512150996905,70,13.06544082292375,4.224683894195177
5.4600000000019,22.420392525502397,26.77178639625191,33641.07702964853,32.92060125233172,69,13.158793603448348,4.266998633476876
5.480000000002031,22.418127737437377,27.001778494263817,34560.54131518135,22.52029636589516,74,13.252113405040165,4.309264091330006
5.500000000002162,22.406566355762823,27.720000604585323,36780.35872125933,0.0,75,13.345395540199217,4.351478124897421
5.520000000002293,22.409811580310922,28.50139806347706,39259.91389947898,53.6356696216293,73,13.438635321425513,4.3936385913219755
5.540000000002424,22.408724017131572,29.64258826109572,42873.73688630503,5.466059631479518,74,13.531828061219015,4.435743347746531
5.560000000002555,22.416827683757788,30.145749542284197,44761.90950371461,34.07881622052143,74,13.624969072079772,4.477790251313941
5.580000000002686,22.424324541494887,29.875894303107394,44376.34577444573,0.0,75,13.718053666507775,4.519777159167067
5.600000000002817,22.4066220684747,28.927480308541135,41989.509603226266,85.20359183723258,74,13.811077157003009,4.561701928448761
5.620000000002948,22.410943497996797,27.499712798124623,38295.084952973826,45.06962156934768,74,13.90403485606547,4.603562416301882
5.640000000003079,22.41083551569874,25.80532412976398,34027.525564375064,262.6478245370104,74,13.996922076195172,4.645356479869291
5.66000000000321,22.37462584622076,24.59838260948134,31196.677199724163,4646.615906817747,74,14.089734129892117,4.687081976293838
5.680000000003341,22.357638903466036,23.560087915688296,28872.981803330804,7616.407774659634,70,14.182466329656304,4.728736762718384
5.700000000003472,22.352168167654067,22.763545843003538,27190.669704129316,11520.129643070575,72,14.275113987987723,4.770318696285786
5.720000000003603,22.327248525076214,22.222397326737628,26138.72401258581,9349.26903683293,72,14.367672417386373,4.811825634138902
5.740000000003734,22.32520384533561,21.449858867963894,24562.621311852155,6851.238363474217,72,14.460136930352263,4.853255433420589
5.760000000003865,22.322011865549896,20.76285023444899,23210.49281920304,1837.647305568916,71,14.552502839385406,4.8946059512737
5.780000000003996,22.30452388405808,20.196255575841942,22146.166342378972,4309.375087705001,72,14.644765456985832,4.935875044841097
5.800000000004127,22.293812001764657,19.69242606258334,21230.6875260145,8113.256011859344,70,14.736920095653467,4.9770605712656355
5.820000000004258,22.26917848214142,19.26384849748612,20484.403932728474,10573.5166313099,72,14.828962067888336,5.018160387690173
5.840000000004389,22.23816482360603,18.97080549128266,20028.282217730455,5090.304823443884,71,14.92088668619044,5.059172351257565
5.86000000000452,22.228811896477268,18.735941298868745,19693.455548410297,54.83923065271025,71,15.012689263059785,5.10009431911067
5.880000000004651,22.194200381776415,18.490242061357915,19333.882489499647,6738.7887826224105,73,15.104365110996374,5.140924148392344
5.900000000004782,22.15968589317007,18.3021893550189,19092.71373838615,10357.881501189773,73,15.195909542500221,5.181659696245445
5.920000000004913,22.137818750922882,18.090654875461215,18800.222129041485,12787.429678931589,73,15.287317870071318,5.22229881981283
5.940000000005044,22.096200109166368,18.004853614834328,18766.876243612933,6823.799680840308,71,15.37858540620967,5.262839376237358
5.960000000005175,22.073110693676163,18.05229462917789,19010.87055893786,2767.233770259872,72,15.469707463415256,5.303279222661882
5.980000000005306,22.07370886658289,18.39320331101648,19885.782593467673,23.904889422173675,71,15.560679354188066,5.343616216229262
6.000000000005437,22.053079801638205,19.239776688423355,21922.271220909537,0.0,75,15.65149639102812,5.383848214082355
6.0200000000055685,22.060568468116635,20.446123277404478,24942.05083322011,7.610132753119238,74,15.742153886435428,5.423973073364017
6.0400000000056995,22.078058129299542,21.72682134451145,28372.320710098116,22.596066363443963,74,15.832647152909974,5.463988651217106
6.0600000000058305,22.0537448850234,24.023212889166622,34940.15537583423,0.0,75,15.922971502951778,5.503892804784475
6.0800000000059615,22.05240953682396,26.312062271260217,42218.3135283582,0.0,75,16.013122249060807,5.543683391208991
6.1000000000060925,22.0633611328841,28.83896351438542,51079.59868107903,26.34967766306532,74,16.103094703737103,5.5833582676335
6.120000000006224,22.050670229823016,31.20270171363384,60219.705173545415,20.331338135145547,72,16.19288417948063,5.622915291200866
6.140000000006355,22.04766410936694,32.73465188416063,66742.89293408202,10.170325365714293,74,16.28248598879139,5.6623523190539435
6.160000000006486,22.041253335422866,33.76214854502633,71491.5483242612,12.710428800791775,74,16.37189544416941,5.701667208335589
6.180000000006617,22.037216161679723,34.29275760231307,74263.30880780704,0.0,75,16.46110785811474,5.740857816188662
6.200000000006748,22.04195399094474,34.24230605519103,74548.80257585492,26.56039033025812,73,16.55011854312726,5.779921999756019
6.220000000006879,22.032422984984514,33.92930885194291,73685.22969725741,0.0,75,16.638922811706976,5.818857616180515
6.24000000000701,22.037171733680736,33.76067719487726,73441.12671204892,351.90710588744435,73,16.727515976353953,5.8576625226050085
6.260000000007141,22.056343895897687,33.51824308348673,72868.074962903,434.4148778441168,71,16.815893349568153,5.896334576172359
6.280000000007272,22.05030709854239,33.097277858127796,71513.58782358393,82.13508153589925,73,16.904050243849642,5.934871634025417
6.300000000007403,22.05947060812653,32.645739645441786,70025.78233004882,0.0,75,16.991981971698348,5.973271553307048
6.320000000007534,22.08942874527747,32.25006427574196,68776.3353432696,13.332897676498382,72,17.079683845614312,6.011532191160103
6.340000000007665,22.093514656372047,31.782582604055186,67220.44826548375,854.9161020748604,73,17.167151178097495,6.049651404727441
6.360000000007796,22.107274583356105,31.370113065644542,65898.09975062784,3589.9074779285315,69,17.25437928164794,6.0876270511519195
6.380000000007927,22.11974015897232,30.88574728560813,64275.78761333825,7463.105104027975,73,17.3413634687656,6.125456987576394
6.400000000008058,22.087496701634553,30.456439237077394,62885.845905284674,10246.165562749564,71,17.428099051950536,6.163139071143726
6.420000000008189,22.066659262846418,30.059277044606972,61629.47206317215,8877.829269791375,71,17.514581343702716,6.200671158996767
6.44000000000832,22.047023073004794,29.582592800380453,60050.14838650038,5660.180861408741,72,17.60080565652215,6.238051108278377
6.460000000008451,22.015847610543858,28.960901758117917,57896.15621671199,6215.165600679305,72,17.686767302908823,6.275276776131414
6.480000000008582,22.015391801588223,28.553757635427896,56612.198431990306,3364.660246614058,71,17.77246159536272,6.312346019698732
6.500000000008713,22.006701896447773,28.328277723532164,56047.457172900664,5623.517503906321,72,17.85788384638382,6.3492566961231915
6.520000000008844,21.998342049779485,27.97180311485149,54962.056962162605,8185.63188217643,73,17.94302936847219,6.386006662547646
6.540000000008975,22.026622524158533,27.54594202166053,53606.616590886064,5746.519831808016,73,18.02789347412781,6.422593776114957
6.560000000009106,22.02273713129375,26.957803730382917,51633.082411156254,14296.717690021664,74,18.11247147585068,6.459015893967975
6.580000000009237,22.010789953719723,26.169304756859567,48929.89931195908,12538.632024170256,74,18.19675868614078,6.495270873249566
6.600000000009368,22.018627969382546,25.110765462420936,45301.85469275434,6722.86224117412,73,18.280750417498123,6.531356571102582
6.620000000009499,21.985614121249405,23.727260095448585,40669.87098845695,17.13174404207672,73,18.364441982422697,6.567270844669874
6.64000000000963,21.965335445304092,22.154826897978168,35650.97933062107,12.389429194836016,73,18.44782869341453,6.603011551094311
6.660000000009761,21.9626452497057,20.64620608912823,31127.781461269497,18.79355701279747,72,18.530905862973643,6.638576547518748
6.680000000009892,21.94546379818238,19.22934844820941,27145.98864913888,0.0,75,18.6136688036,6.673963691086032
6.700000000010023,21.930571476520633,18.131873231592127,24263.133283575196,9.871432558773401,74,18.696112827793602,6.709170838939031
6.720000000010154,21.9281498761684,17.49058115248624,22695.06016246023,19.598009745812398,72,18.778233248054388,6.744195848220595
6.740000000010285,21.914058654824125,16.979271815990433,21498.035912683186,0.0,75,18.860025376882426,6.779036576073588
6.760000000010416,21.929636784148016,16.69321000535542,20885.978465886288,19.850416999558743,70,18.941484526777714,6.813690879640861
6.780000000010547,21.94762906479517,16.533798320814473,20592.621675629278,0.0,75,19.022606010240246,6.848156616065273
6.800000000010678,21.936112086373125,16.489551951368437,20585.067828701816,14.639407147889072,73,19.10338513977002,6.8824316424896805
6.820000000010809,21.952402123506726,16.45226695574556,20593.560005978205,13.117377943039612,73,19.183817227867003,6.916513816056942
6.84000000001094,21.968349354693835,16.4273534403808,20631.82991896929,266.71607619052475,74,19.26389758703125,6.950400993909914
6.8600000000110715,21.949848757221133,16.4525411579502,20795.46081282977,205.55011316443083,73,19.34362152976271,6.984091033191454
6.8800000000112025,21.945920961557373,16.45052548354913,20890.061515085818,4071.2540306801898,71,19.42298436856139,7.01758179104442
6.9000000000113335,21.919729725978325,16.348369116780674,20729.285421271128,8460.99590026811,72,19.501981415927347,7.0508711246116675
6.9200000000114645,21.86493784452018,16.25783416129377,20596.525942181728,9743.770523095956,72,19.580607984360576,7.083956891036053
6.940000000011596,21.830787194725964,16.262517158838726,20704.046608309098,7665.6687969991635,69,19.658859386360994,7.116836947460431
6.960000000011727,21.796222685195637,16.099453000073915,20384.081762325757,2495.9957187155337,72,19.73673093442865,7.149509151027668
6.980000000011858,21.774736437259556,15.947843626106371,20092.792128503577,4818.6531971600925,73,19.814217941063593,7.181971358880618
7.000000000011989,21.771328036964036,15.877566575074507,20005.528923352787,7157.06334056097,69,19.891315718765753,7.214221428162128
7.02000000001212,21.761008422044632,15.885996800281964,20115.710303367076,11052.599285941402,73,19.96801958003521,7.246257216015067
7.040000000012251,21.75020513603642,15.90572119612853,20254.2439898009,10490.27931985181,72,20.044324837371867,7.278076579582286
7.060000000012382,21.74868061972165,15.969020433940052,20504.41803673283,7240.016370214403,71,20.120226803275777,7.309677376006641
7.080000000012513,21.72421177488956,16.0359935971693,20765.53176601236,10938.329550910852,71,20.195720790246934,7.341057462430995
7.100000000012644,21.698622880089186,16.114492814869095,21058.330713409945,9386.982819119066,71,20.270802110785286,7.372214695998202
7.120000000012775,21.682695908613514,16.166503865926384,21283.413131098616,5671.898403046489,72,20.345466077390906,7.403146933851117
7.140000000012906,21.647588162958264,16.17783759549273,21401.663942081308,1333.135590528861,73,20.419708002563773,7.433852033132599
7.160000000013037,21.618990539001718,16.187547563424282,21515.205896962074,55.813400110525485,73,20.4935231988039,7.464327850985505
7.180000000013168,21.593495510336762,16.277542917477614,21843.24885940905,150.22121112097878,71,20.56690697861122,7.494572244552693
7.200000000013299,21.551138329862884,16.342017014222577,22104.79252302456,5889.476258580716,72,20.63985465448581,7.524583070977023
7.22000000001343,21.52617103379666,16.455965482549182,22502.822448015973,8333.396703250222,74,20.71236153892758,7.554358187401344
7.240000000013561,21.515597453375705,16.63918933092663,23096.668940651067,10082.609983060544,73,20.7844229444366,7.5838954509685195
7.260000000013692,21.484647631954516,16.88393555294696,23872.993524744197,10446.077854705482,73,20.856034183512907,7.613192718821406
7.280000000013823,21.47315709223525,17.410294678530143,25481.5620454199,7121.928933488798,74,20.927190568656396,7.642247848102857
7.300000000013954,21.461932922704833,18.195235046879027,27935.942707874892,3770.35186384198,73,20.99788741236712,7.671058695955734
7.320000000014085,21.42939366387126,19.267030435565175,31440.664759982086,8.52756257533818,72,21.06812002714515,7.69962311952289
7.340000000014216,21.413300192803906,20.764025768447812,36650.46486550315,1.5420703468598045,75,21.13788372549035,7.727938975947185
7.360000000014347,21.3984129575878,22.519268571344192,43265.2559562083,29.374327836741333,73,21.207173819902806,7.756004122371471
7.380000000014478,21.367222589851973,24.043278862101612,49496.2910372148,0.6475194382953398,75,21.275985622882533,7.783816415938617
7.400000000014609,21.356352759376367,25.560642154173944,56138.864193217276,12.105389956139541,73,21.344314446929484,7.811373713791468
7.42000000001474,21.34267311533626,26.24714724597828,59401.785129666816,11.596331340951025,74,21.412155604543663,7.838673873072886
7.440000000014871,21.29897544222676,26.7082135577035,61719.238385579614,2723.1619719709033,74,21.479504408225093,7.865714750925725
7.460000000015002,21.274561681646162,26.96738106974566,63137.0812366269,8219.946251827436,72,21.54635617047376,7.892494204492848
7.480000000015133,21.25358433493335,26.982080662781993,63418.27926315269,5451.932808523342,73,21.612706203789653,7.919010090917107
7.500000000015264,21.225501211591425,26.871430816569156,63107.70649245519,454.73009714259786,73,21.6785498206728,7.945260267341364
7.520000000015395,21.211075927372793,26.75095124573106,62747.60748663947,89.56849203888183,72,21.74388233362317,7.971242590908471
7.540000000015526,21.20075750781788,26.540917573557813,61965.39170925649,166.2086745069868,74,21.808699055140803,7.996954918761286
7.560000000015657,21.180535168384385,26.3466354117025,61255.77740516416,30.229477314916195,72,21.872995297725687,8.022395108042668
7.580000000015788,21.173531171162242,26.16643408979075,60610.24605098361,99.81729900500709,73,21.936766373877788,8.047561015895472
7.600000000015919,21.163899805625526,25.93491482088545,59726.59104589452,1362.2699538620475,74,22.0000075960971,8.07245049946256
7.62000000001605,21.142490170074712,25.717598173183735,58908.902442969396,4860.756354419745,74,22.06271427688369,8.097061415886785
7.640000000016181,21.13335728698675,25.520169110782344,58182.21276722173,8281.41432120089,74,22.124881728737517,8.121391622311002
7.660000000016312,21.118541629283545,25.333087628774855,57502.063548965794,11248.564576072838,73,22.186505264158548,8.145438975878069
7.6800000000164435,21.09398270617376,25.102169033839544,56623.248860849555,9974.582114667512,73,22.247580195646815,8.16920133373085
7.7000000000165745,21.08238133219334,24.794859246084574,55404.08525944159,6453.176723775153,71,22.308101835702345,8.192676553012195
7.7200000000167055,21.06088424558547,24.383035481546223,53730.56263611945,2512.8543866392815,72,22.368065496825096,8.215862490864964
7.7400000000168365,21.026938169571906,23.936099340427422,51923.16249453868,110.8546581046738,74,22.427466491515105,8.238757004432014
7.7600000000169675,21.003786820425915,23.493619317745082,50158.435239024024,78.70939259247002,74,22.48630013227233,8.261357950856194
7.780000000017099,20.977715321234033,23.1732246053634,48931.44706097465,4506.404983691466,68,22.54456173159679,8.283663187280377
7.80000000001723,20.948767464264076,22.69314749118658,47049.699971477836,7641.549838476222,73,22.60224660198848,8.305670570847404
7.820000000017361,20.935369232687695,22.286278457306928,45496.298732582785,9681.889816495972,74,22.659350055947428,8.327377958700144
7.840000000017492,20.93169461514353,21.98815612292249,44401.075812259005,11360.445026487336,68,22.715867405973604,8.348783207981448
7.860000000017623,20.933292032068866,21.636645298776155,43101.460282803775,10439.171222991978,74,22.771793964567017,8.369884175834173
7.880000000017754,20.949959482191968,21.43935219728281,42424.14464727825,7165.293048268887,70,22.8271250442277,8.39067871940118
7.900000000017885,20.95368097588358,21.286653643219317,41924.08661141721,3259.5740890904485,74,22.881855957455542,8.411164695825327
7.920000000018016,20.958858084933613,21.12054110707184,41371.31900319246,27.47295982468844,74,22.93598201675064,8.431339962249464
7.940000000018147,20.992347997179113,20.974414924406613,40896.94778939245,13.59232822485899,74,22.989498534612988,8.451202375816456
7.960000000018278,20.994127436046586,20.71974742763213,40002.16097699867,6.655208171446566,74,23.04240082354255,8.470749793669148
7.980000000018409,20.971414876941246,20.369652616766373,38749.54446024552,62.90368250395216,71,23.094684196039363,8.489980072950413
8.00000000001854,20.963802354332397,20.118409197763413,37883.74664664253,82.4724265815053,73,23.14634396460337,8.508891070803097
8.02000000001867,20.939792070598248,19.785267249495874,36719.543148744524,1678.4654391856345,73,23.197375441734618,8.52748064437006
8.040000000018802,20.89082156409449,19.176731086570925,34569.401055199975,5444.679674872072,74,23.24777393993312,8.545746650794161
8.060000000018933,20.861135104171673,18.61653492815933,32647.592952556886,7831.6361678991225,74,23.297534771698878,8.563686947218258
8.080000000019064,20.83590000388962,18.185263554658775,31216.552488260284,9666.824420585408,68,23.346653249531872,8.581299390785206
8.100000000019195,20.811473983504793,17.60979391268269,29331.080454069972,7949.721361819392,74,23.39512468593206,8.598581838637855
8.120000000019326,20.809061002822844,17.03596182413079,27504.775775115413,5388.538852019211,73,23.44294439339952,8.615532147919078
8.140000000019457,20.807769568167494,16.690931233758704,26452.864511437416,460.9900057521899,73,23.49010768443422,8.632148175771718
8.160000000019588,20.801672350246477,16.50757161056255,25923.65470341035,11.886587770005267,73,23.53660987153618,8.64842777933864
8.180000000019719,20.81170052354043,16.405424869672707,25651.016516644926,16.322550091778805,71,23.58244626720532,8.664368815762693
8.20000000001985,20.820882050113696,16.397698984520275,25673.003845037343,0.0,75,23.627612183941714,8.679969142186746
8.220000000019981,20.818251714104157,16.478400971706833,25971.90006302231,0.0,75,23.672102934245352,8.695226615753644
8.240000000020112,20.824695022057817,16.79858136391701,27037.279459489935,13.679893532722154,74,23.715913830616195,8.710139093606251
8.260000000020243,20.810699627354637,17.273016289223587,28633.85184858871,16.4853287294026,74,23.759040185554305,8.724704432887426
8.280000000020374,20.777027841561747,17.773951337918316,30368.157754872973,1.597249154805952,75,23.80147731155962,8.738920490740018
8.300000000020505,20.76427574927239,18.13687194774802,31671.142154020326,8.563854582831805,74,23.8432205211322,8.75278512430689
8.320000000020636,20.743104020486506,18.28511210604358,32240.671612318216,0.0,75,23.884265126771965,8.766296190730902
8.340000000020767,20.706832947091378,18.29647753338361,32329.206477322452,11.24788156571206,74,23.924606440979012,8.779451547154906
8.360000000020898,20.6976224377224,18.270398767081673,32284.102630721954,10.606051884324447,72,23.964239776253283,8.792249050721761
8.38000000002103,20.682186346098234,18.19222962113011,32053.720313606587,126.29352350357627,74,24.003160445094796,8.804686558574318
8.40000000002116,20.653971618599847,18.052462803402513,31606.37705630181,78.37670197603433,73,24.04136376000354,8.816761927855445
8.420000000021291,20.63840285528868,17.97343362504069,31371.868320106383,2433.9052519085667,74,24.07884503347953,8.828473015707988
8.440000000021422,20.597712475262412,17.844148813894638,30961.90443634154,737.3140090666699,71,24.115599578022728,8.839817679274812
8.460000000021553,20.534861043151853,17.583550320441958,30101.493522311386,0.0,75,24.151622706133196,8.850793775698772
8.480000000021684,20.509140433848845,17.47901954433855,29780.303600067207,0.0,75,24.18690973031086,8.86139916212273
8.500000000021815,20.495137364560918,17.58341463116673,30171.89748787948,178.12724656165452,73,24.22145596305578,8.87163169568953
8.520000000021946,20.472659672989433,17.78153987080575,30889.9506623379,4019.7889956294484,73,24.255256716867898,8.88148923354204
8.540000000022077,20.473100913634998,18.39589481684936,33096.62029698936,13908.020361918296,73,24.28830730424726,8.890969632823115
8.560000000022209,20.467188969911753,19.572639783669914,37504.63567237762,21498.40986535012,73,24.32060303769386,8.90007075067561
8.58000000002234,20.432267361669822,21.046485492029426,43408.08203849347,24526.59947681353,73,24.352139229707706,8.908790444242385
8.60000000002247,20.420978750075864,22.893326656281097,51408.55851028752,15384.615368905643,73,24.382911192788786,8.917126570666298
8.620000000022602,20.423051294909868,24.29460517952039,57946.11811252958,712.6938529095821,73,24.412914239437075,8.925076987090197
8.640000000022733,20.407716368101664,25.400850022787637,63397.04206739577,7.25367170789823,73,24.442143682152597,8.932639550656948
8.660000000022864,20.407622790510974,25.911305577504724,66023.67114571849,6.547569172137575,74,24.470594833435364,8.939812118509407
8.680000000022995,20.401381713670567,25.979509900885326,66422.04642637027,0.0,75,24.498263005785343,8.94659254779043
8.700000000023126,20.375408456839885,25.85419673404033,65829.76952438406,0.0,75,24.52514351170256,8.952978695642873
8.720000000023257,20.36268397479516,25.727904603300882,65231.82429814106,18.195840415840312,73,24.551231663687012,8.958968419209594
8.740000000023388,20.36273450119022,25.541928494538755,64332.29020445692,0.0,75,24.57652277423869,8.964559575633446
8.760000000023519,20.350085571383676,25.359219318658706,63451.922397783244,4.266106986549693,75,24.601012155857617,8.969750022057301
8.78000000002365,20.34165055518386,25.176368918917284,62573.57311199201,0.0,75,24.624695121043793,8.974537615623996
8.80000000002378,20.34519435803014,24.999281136799645,61726.52648026388,0.0,75,24.647566982297185,8.9789202134764
8.820000000023912,20.323650047053086,24.79458588741943,60746.70966347118,5.330596432758236,74,24.669623052117835,8.982895672757369
8.840000000024043,20.312464258528987,24.51099083658545,59388.609272628986,74.40007964692836,73,24.69085864300568,8.986461850609757
8.860000000024174,20.322836136649215,24.178205265811627,57807.205556115216,0.0,75,24.711269067460748,8.989616604176424
8.880000000024305,20.314929000476308,23.781502614072338,55942.88339551592,0.0,75,24.730849637983088,8.992357790600227
8.900000000024436,20.30260673848371,23.20607590845496,53282.178995789596,0.0,75,24.749595667072626,8.994683267024017
8.920000000024567,20.294177067155072,22.69599933019736,50976.41350474977,15.157024025456804,74,24.76750246722938,8.996590890590664
8.940000000024698,20.265930510204097,22.27935621947504,49130.11022412139,0.0,75,24.78456535095344,8.99807851844301
8.960000000024829,20.242032438214448,21.809070791704944,47083.442766857836,6.869813002661271,74,24.800779630744696,8.999144007723917
8.98000000002496,20.231908247312862,21.471396651973887,45639.97732332235,5.498000265746488,74,24.816140619103223,8.99978521557625
9.000000000025091,20.22576416978985,21.064833380159243,43928.99332386955,13.127427091871253,73,24.830643628528943,8.999999999142862
9.020000000025222,20.216987003779412,20.45817488379264,41435.15503800856,2.9343879397261605,75,24.84428445578635,9.0
9.040000000025353,20.22556247793809,19.972143206784185,39489.763922957274,0.0,75,24.85706510067419,9.0
9.060000000025484,20.23422746080287,19.637558001620402,38177.734742433546,8.280282935521189,73,24.868998501331784,9.0
9.080000000025615,20.251092266780955,19.397982638282524,37251.89131307592,0.0,75,24.8801065373537,9.0
9.100000000025746,20.279251732115338,19.32004080353435,36953.13368837299,0.0,75,24.890417737093653,9.0
9.120000000025877,20.296385448633654,19.230014539351473,36609.552459183236,113.70575501141002,73,24.899965401854946,9.0
9.140000000026008,20.299935207042502,19.069680862219958,36001.6200905049,11.374036913004067,73,24.90878608046566,9.0
9.16000000002614,20.334693235792304,18.926297121803216,35462.2675515349,15.663248105448934,73,24.916918337630953,9.0
9.18000000002627,20.34989529972648,18.77729130484444,34906.08020595167,303.9109031030859,74,24.924401767940346,9.0
9.200000000026401,20.321019797524833,18.576232838123158,34162.56621916035,2369.0561759384213,74,24.9312762146782,9.0
9.220000000026532,20.30347148227173,18.396391040542298,33504.29312833795,4933.820483990119,72,24.937581158809248,9.0
9.240000000026663,20.28213427883658,18.111595666358323,32474.959860583305,8368.542397239888,74,24.943355248834816,9.0
9.260000000026794,20.231942495191593,17.510813403908482,30356.230020583596,8646.438342235697,74,24.948635946764906,9.0
9.280000000026925,20.210618001158597,16.847978817547606,28101.58463341675,2886.5584372009753,73,24.953459269332797,9.0
9.300000000027056,20.217913830654837,16.301955029448877,26309.620040435177,0.0,75,24.95785960689198,9.0
9.320000000027187,20.184694139361977,15.874393951932085,24947.641950772657,0.0,75,24.961869605253458,9.0
9.340000000027318,20.161358113133858,15.500108034582144,23785.081559288075,10.694779883313007,73,24.96552009812139,9.0
9.36000000002745,20.148415710537794,15.194829371181,22857.40112231117,0.0,75,24.968840079822282,9.0
9.38000000002758,20.11461281155612,15.0459826652419,22411.777841913212,10.194280757026652,74,24.971856709751552,9.0
9.400000000027712,20.10407999648699,15.126259732454745,22651.56961587451,13.998910407906301,73,24.974595341425598,9.0
9.420000000027843,20.110171486319533,15.46922856273052,23690.406200273774,0.0,75,24.977079570264227,9.0
9.440000000027974,20.095733869147995,16.035835457817,25457.65386418792,18.994930732976986,72,24.979331295273823,9.0
9.460000000028105,20.1001601435446,17.051480330101377,28784.54516333558,0.0,75,24.981370790681634,9.0
9.480000000028236,20.111349970875242,18.270958008393126,33048.96274790203,0.0,75,24.983216784308613,9.0
9.500000000028367,20.095911418945242,19.584704916653845,37972.50600056812,0.0,75,24.984886540091622,9.0
9.520000000028498,20.083646618194688,20.59521990068981,41992.14519301918,7.681912650371224,74,24.986395942680033,9.0
9.540000000028629,20.076469024535502,21.04879720877174,43862.13452966371,54.37574499421444,74,24.9877595824667,9.0
9.56000000002876,20.051442415817753,21.133842395441302,44217.290145139865,25.87601491847144,74,24.98899083977051,9.0
9.58000000002889,20.034481399715364,21.091541989727045,44040.461206937485,36.221733333933805,73,24.99010196718443,9.0
9.600000000029022,20.046464791089637,20.977104134658305,43563.85088975356,39.34042886059082,74,24.991104169349246,9.0
9.620000000029153,20.03179315282706,20.7836315565364,42763.97472710771,36.62191749567348,74,24.99200767961114,9.0
9.640000000029284,19.997894059106866,20.572930601796276,41901.30188108624,16.128694309650072,73,24.99282183318816,9.0
9.660000000029415,19.986033607096278,20.415753366119702,41263.495565116566,12.973263232170279,74,24.993555136599436,9.0
9.680000000029546,19.97231121312634,20.305423751186797,40818.71313781083,95.72805284276039,73,24.994215333220897,9.0
9.700000000029677,19.950344872547905,20.247565607691428,40586.4273907391,0.0,75,24.994809464913246,9.0
9.720000000029808,19.945606652710612,20.262514486545292,40646.37983842833,144.8040597836069,73,24.995343929735704,9.0
9.740000000029939,19.956221474512656,20.355740728758835,41021.26188102868,67.03659355985486,74,24.995824535811174,9.0
9.76000000003007,19.950123329126782,20.429430285517004,41318.800557289134,0.0,75,24.99625655144643,9.0
9.780000000030201,19.957240220919225,20.59123493833666,41975.89667229187,13.205852981982414,72,24.996644751640833,9.0
9.800000000030332,19.966950773702234,20.802023117644776,42839.69241291574,0.0,75,24.99699346113772,9.0
9.820000000030463,19.95556263950444,20.921451362512176,43333.0055842823,0.0,75,24.997306594186465,9.0
9.840000000030594,19.954456622314254,21.07792022437085,43983.59337750923,0.0,75,24.99758769119172,9.0
9.860000000030725,19.96119563869871,21.215996385071556,44561.73175852556,0.0,75,24.997839952430567,9.0
9.880000000030856,19.95080579750072,21.24780183635016,44695.43920480371,2.9301051855364486,75,24.9980662690193,9.0
9.900000000030987,19.944829716746398,21.22262107002698,44589.564863113366,0.0,75,24.998269251308415,9.0
9.920000000031118,19.95138606117342,21.171429602194014,44374.71370866504,0.0,75,24.99845125488298,9.0
9.94000000003125,19.948616695890042,21.02434923963278,43760.3028340547,0.0,75,24.998614404336163,9.0
9.96000000003138,19.947222667832705,20.862522852908306,43089.24111902402,133.50825963032753,74,24.998760614980768,9.0
9.980000000031511,19.95701342721955,20.799612608109722,42829.76458009626,4715.762458094388,74,24.998891612653644,9.0
10.000000000031642,19.948594251558333,20.764562838925865,42685.539919278395,6937.325193145351,73,24.999008951760732,9.0
10.020000000031773,19.935780306794932,20.697298775438817,42409.43948337834,6933.4184773198,73,24.999114031701865,9.0
10.040000000031904,19.938663695780324,20.719115345535332,42498.89232945817,7015.596280134284,74,24.999208111807263,9.0
10.060000000032035,19.942464612803438,20.74763872187501,42615.986740811284,4463.959852462821,73,24.99929232490699,9.0
10.080000000032166,19.9351894999335,20.687456256426337,42369.113789793766,3645.4663358660696,73,24.99936768964905,9.0
10.100000000032297,19.93966247908373,20.800050088420086,42831.56628439766,0.0,75,24.999435121671794,9.0
10.120000000032428,19.939933620585506,20.915337154528178,43307.6815004711,92.81678148031695,74,24.999495443729725,9.0
10.14000000003256,19.916325821802904,20.92156843387985,43333.49054761826,8.686942579259137,74,24.99954939486405,9.0
10.16000000003269,19.90628610385152,20.84067106104699,42999.02345720139,3.1963659459507134,75,24.99959763870251,9.0
10.180000000032821,19.912709558055795,20.638353793565372,42168.22308352905,0.0,75,24.999640770966007,9.0
10.200000000032952,19.89838707348009,20.290330920893865,40758.05535905879,10.258203798393096,74,24.999679326254007,9.0
10.220000000033084,19.906709181217586,19.92734104803618,39312.793203230016,10.602964739000903,72,24.99971378417413,9.0
10.240000000033215,19.912946137342253,19.634004422379817,38163.91883614499,0.0,75,24.99974457487614,9.0
10.260000000033346,19.894639148411102,19.421013327795944,37340.40010916434,2.024884412280237,75,24.999772084045894,9.0
10.280000000033477,19.89082586127667,19.293633982114194,36852.18691134337,121.2877633445844,71,24.99979665740925,9.0
10.300000000033608,19.90038610380439,19.289402785088058,36836.02492073093,13.40493917151331,73,24.999818604792257,9.0
10.320000000033739,19.886981798571945,19.288269271007813,36831.695815619525,0.0,75,24.999838203779497,9.0
10.34000000003387,19.888341777718015,19.430353859593044,37376.32645979123,0.7179569020025789,75,24.999855703009153,9.0
10.360000000034,19.91459306491949,19.89304116894554,39177.57560798685,0.0,75,24.999871325139086,9.0
10.380000000034132,19.916487909125117,20.36074085946632,41041.41706628778,10.19893109049374,73,24.999885269516323,9.0
10.400000000034263,19.914217774233727,20.65389547560047,42231.75643338593,4.061402792195997,75,24.99989771457795,9.0
10.420000000034394,19.919740533951597,20.763326287717092,42680.45613449016,3.8748668432185847,75,24.999908820010273,9.0
10.440000000034525,19.904720689436832,20.685503914519316,42361.1171475618,119.38244449684072,74,24.999918728689522,9.0
10.460000000034656,19.880289708718706,20.46248965891406,41452.63482107531,68.31407756847771,73,24.999927568425456,9.0
10.480000000034787,19.88239143911212,20.181791029700705,40323.164227484274,0.0,75,24.999935453527655,9.0
10.500000000034918,19.88650870468634,19.86534245534038,39068.55125592694,0.0,75,24.999942486212092,9.0
10.520000000035049,19.864065369127477,19.465451584037325,37511.47673167962,9.856552276511318,73,24.999948757863564,9.0
10.54000000003518,19.85948292184778,19.068828491863144,35998.40178515707,0.0,75,24.999954350168547,9.0
10.560000000035311,19.86555355238636,18.7290349971001,34726.898440337434,8.272111465277098,74,24.99995933613173,9.0
10.580000000035442,19.854256178956337,18.526840711461684,33981.13884803953,0.0,75,24.999963780987432,9.0
10.600000000035573,19.86084465154133,18.571120716056615,34143.76594038437,1.8480493308643589,75,24.999967743016924,9.0
10.620000000035704,19.873603679146317,18.813310528113632,35040.12464969589,0.0,75,24.999971274281137,9.0
10.640000000035835,19.863083442858215,19.08170720103004,36047.04342087832,0.0,75,24.999974421277223,9.0
10.660000000035966,19.87587045589552,19.49436651707587,37623.0022643068,7.737862115963168,74,24.99997722552648,9.0
10.680000000036097,19.89781138423987,19.951170475197895,39406.87112971041,0.0,75,24.999979724101472,9.0
10.700000000036228,19.88912328122991,20.285284792010835,40737.785130205615,0.0,75,24.99998195009782,9.0
10.720000000036359,19.891229805653836,20.49704993633933,41592.77655318602,0.0,75,24.999983933056495,9.0
10.74000000003649,19.8958821286512,20.578753141559243,41925.023005262214,0.0,75,24.99998569934199,9.0
10.760000000036621,19.876877546315008,20.491617398220683,41570.731975910996,16.735983676825906,73,24.999987272480517,9.0
10.780000000036752,19.86036999948255,20.272655854230972,40687.07696302445,11.035739136389028,74,24.999988673463033,9.0
10.800000000036883,19.873855347396933,19.992715998150903,39571.16060528919,0.0,75,24.99998992101562,9.0
10.820000000037014,19.864793730099116,19.716075301691458,38483.63890489482,6.023289187480413,74,24.999991031842104,9.0
10.840000000037145,19.841372507389675,19.46125544277156,37495.30587747176,113.83094783270849,74,24.99999202084033,9.0
10.860000000037276,19.839479028018282,19.229399228085253,36607.20967263549,672.2612480876535,73,24.999992901295936,9.0
10.880000000037407,19.842587234252484,19.07563105556268,36024.090316626796,4878.183064027624,71,24.999993685055305,9.0
10.900000000037538,19.837755485394617,19.03573513728935,35873.56200948621,7736.11080856775,72,24.99999438268037,9.0
10.92000000003767,19.84796027026787,19.238708496458642,36642.662556559284,6335.579079687209,72,24.99999500358667,9.0
10.9400000000378,19.8578721050757,19.565969005273455,37899.88716841683,329.8339248756355,73,24.999995556167022,9.0
10.960000000037931,19.845976738420738,19.8237864039996,38905.26823174854,8.592684552891887,74,24.999996047901547,9.0
10.980000000038062,19.854846543039738,20.101819440412157,40004.231336678284,8.591339502376789,74,24.999996485456496,9.0
11.000000000038193,19.866830730101864,20.329503524582858,40915.582642046655,0.0,75,24.999996874771934,9.0
11.020000000038324,19.84892446400883,20.382445623829742,41128.96487122925,0.0,75,24.99999722114045,9.0
11.040000000038455,19.845877700860605,20.417038584459075,41268.690991369775,0.9176300354717155,75,24.999997529277216,9.0
11.060000000038587,19.842278338643418,20.40696790418096,41227.98956518491,0.0,75,24.99999780338258,9.0
11.080000000038718,19.828631793512162,20.2283795982595,40509.54677595684,0.0,75,24.999998047197785,9.0
11.100000000038849,19.82604414336397,19.974984002693557,39500.998604878485,6.998439955440749,74,24.999998264055076,9.0
11.12000000003898,19.841812102784893,19.712920053521334,38471.322486615834,0.0,75,24.99999845692198,9.0
11.14000000003911,19.829295246271194,19.492317902002114,37615.095262078496,0.0,75,24.999998628441002,9.0
11.160000000039242,19.817609719165535,19.344780539364226,37047.83287750032,121.00875495688595,73,24.999998780965036,9.0
11.180000000039373,19.823501970309106,19.278082384224675,36792.80158088242,56.40163463152251,73,24.999998916588897,9.0
11.200000000039504,19.822674277881422,19.286909828229927,36826.50418150494,611.4233073846985,69,24.999999037177503,9.0
11.220000000039635,19.810082181433238,19.386692888775013,37208.54225520429,47.12822309272792,74,24.99999914439092,9.0
11.240000000039766,19.825655043373583,19.80052224101717,38814.007420684546,2506.090442436579,74,24.999999239706888,9.0
11.260000000039897,19.849371680356228,20.209523993505137,40434.06114436192,7074.164002310079,74,24.999999324440385,9.0
11.280000000040028,19.842481908068894,20.53052782484788,41728.75470391845,9332.909574294741,74,24.999999399761922,9.0
11.300000000040159,19.847321911819073,20.776440945558164,42734.38933806232,9413.491332966198,73,24.999999466712993,9.0
11.32000000004029,19.84563872485376,20.904356314031165,43262.21917749349,7517.445112216189,73,24.99999952622037,9.0
11.34000000004042,19.820376176659124,20.882742961424842,43172.80640570095,6589.565495993774,72,24.999999579108675,9.0
11.360000000040552,19.811147884231147,20.795593111077977,42813.212591309864,8226.485677438433,72,24.99999962611146,9.0
11.380000000040683,19.819926950327293,20.565972216546257,41872.9621079635,9075.302577334487,72,24.999999667881408,9.0
11.400000000040814,19.809138508121507,20.214206090750835,40452.79866005547,9026.158364004557,72,24.999999704999045,9.0
11.420000000040945,19.820275280183495,19.817627191832692,38881.096403932184,9286.946427711304,72,24.999999737980808,9.0
11.440000000041076,19.826266468183373,19.44407631301728,37429.138262977525,5266.738066521731,73,24.999999767285942,9.0
11.460000000041207,19.81425139482063,19.200385456226815,36496.825365100936,14.26446701935367,74,24.999999793323013,9.0
11.480000000041338,19.813716737726605,19.204534578961436,36512.600691058025,113.56117521649358,73,24.999999816455272,9.0
11.500000000041469,19.826100609129103,19.35897706875884,37102.22932172433,4.623944902696925,75,24.999999837005742,9.0
11.5200000000416,19.825469374272025,19.49517965843489,37626.14096155069,0.0,75,24.999999855261677,9.0
11.540000000041731,19.8377825760207,19.77729475265592,38722.997385609706,0.4049445666278521,75,24.999999871478444,9.0
11.560000000041862,19.861637894524712,20.256219586871826,40621.12876320541,0.0,75,24.999999885883213,9.0
11.580000000041993,19.86543650092347,20.689857755932735,42378.951182112265,7.401533087313673,74,24.99999989867771,9.0
11.600000000042124,19.851840371505272,20.94903452634411,43447.342711009805,0.0,75,24.999999910041456,9.0
11.620000000042255,19.852973052438323,21.02794896673918,43775.28913703095,8.616573626210293,74,24.999999920134016,9.0
11.640000000042386,19.84414162310923,20.9236290160406,43342.026868888715,0.0,75,24.99999992909714,9.0
11.660000000042517,19.81797308663606,20.617488634986962,42083.00292376784,0.0,75,24.999999937056923,9.0
11.680000000042648,19.828188561687956,20.23910089651157,40552.49930481837,9.185660438439088,74,24.999999944125356,9.0
11.70000000004278,19.833464697175174,19.857784319525543,39038.82820999865,6.1816198242198155,74,24.999999950401904,9.0
11.72000000004291,19.80801416338687,19.496832151534868,37632.51993056725,1.2111551819250868,75,24.999999955975074,9.0
11.740000000043041,19.803942417056195,19.1870199206131,36446.03160996639,79.16323430832549,74,24.999999960923486,9.0
11.760000000043172,19.81206640218536,18.950974689639303,35554.804727047594,2527.2457049672707,72,24.999999965317,9.0
11.780000000043303,19.809486999781726,18.756782184921367,34829.87091532577,6615.511240502702,73,24.999999969217647,9.0
11.800000000043434,19.819923804435327,18.79455824021203,34970.30652502747,7454.471701440545,72,24.999999972680627,9.0
11.820000000043565,19.832820280517037,19.197768331178445,36486.876580862205,0.0,75,24.999999975754914,9.0
11.840000000043696,19.833791144309423,19.590043521061418,37993.210710550964,0.0,75,24.99999997848402,9.0
11.860000000043827,19.849474842012725,19.91608692980752,39268.40134096934,12.64139600226505,74,24.999999980906576,9.0
11.880000000043959,19.8697624183994,20.149340337243153,40193.59568657935,0.0,75,24.999999983056984,9.0
11.90000000004409,19.86172058140808,20.214412328302323,40453.624112083475,6.1870476878371266,74,24.999999984965697,9.0
11.92000000004422,19.85238905346885,20.288895642371887,40752.28935231864,0.0,75,24.999999986659837,9.0
11.940000000044352,19.85149419911198,20.326276719381198,40902.59500201295,0.0,75,24.999999988163466,9.0
11.960000000044483,19.840407043258804,20.217445696173474,40465.765937294615,9.562042909099478,74,24.999999989497965,9.0
11.980000000044614,19.825259802940923,19.887721559061433,39156.62541226493,4.677053190604385,75,24.999999990682344,9.0
12.000000000044745,19.836248088782884,19.48813309447646,37598.94581929483,10.305660049504226,74,24.999999991733407,9.0
12.020000000044876,19.82777299642961,19.103898616549795,36130.9352927899,30.102721407048808,74,24.999999992666126,9.0
12.040000000045007,19.802660732185014,18.861749385260858,35220.79339736644,9.515350640371901,74,24.999999993493837,9.0
12.060000000045138,19.80127352656873,18.75288622484171,34815.40343442394,3.55912613426383,75,24.9999999942283,9.0
12.080000000045269,19.810464760608433,18.731223189440694,34735.013495091436,27.441541614178522,74,24.99999999488,9.0
12.1000000000454,19.798452581779987,18.712686457118405,34666.29880979983,0.0,75,24.99999999545827,9.0
12.12000000004553,19.804095735426838,19.06654073955728,35989.76460154655,3.0814910289640873,75,24.999999995971333,9.0
12.140000000045662,19.834532066970496,19.63568610914882,38170.45672872498,0.0,75,24.99999999642655,9.0
12.160000000045793,19.837830007948526,20.10896120312407,40032.66174620616,3.6984590201107754,75,24.999999996830418,9.0
12.180000000045924,19.841109023417314,20.456611783056758,41428.823598626965,14.552732814596531,73,24.999999997188727,9.0
12.200000000046055,19.84405697080567,20.651131912348173,42220.4556768593,0.0,75,24.99999999750661,9.0
12.220000000046186,19.822501523817117,20.66912709800703,42294.06868436329,104.09015900065326,74,24.99999999778861,9.0
12.240000000046317,19.81038480625827,20.65785932877739,42247.968052707954,19.116975480825875,74,24.999999998038763,9.0
12.260000000046448,19.81162345586643,20.574773358747883,41908.80857762032,24.142587753431425,74,24.999999998260666,9.0
12.280000000046579,19.806725313991382,20.305232031602895,40817.94233786599,3.119507736763076,75,24.9999999984575,9.0
12.30000000004671,19.801411464544373,19.919714992007222,39282.70949091693,5.890817035617742,74,24.99999999863212,9.0
12.320000000046841,19.820413363509857,19.531002207126893,37764.54467426476,0.0,75,24.999999998786972,9.0
12.340000000046972,19.816764075281018,19.233252290251457,36621.881372385826,2.64151202430265,75,24.999999998924338,9.0
12.360000000047103,19.80829642488451,19.18106744922346,36423.42150067432,145.6511988998917,73,24.999999999046185,9.0
12.380000000047234,19.814610138925826,19.29535545914076,36858.763487164724,56.45316050349481,72,24.999999999154227,9.0
12.400000000047365,19.822059579084595,19.418337355541713,37330.110739709045,2339.5822633652565,74,24.999999999250058,9.0
12.420000000047496,19.81514180958311,19.588218102850558,37986.13055603939,8996.784101824998,74,24.999999999335042,9.0
12.440000000047627,19.834636120227746,20.02994591516698,39718.674603086925,12356.271661197312,74,24.999999999410417,9.0
12.460000000047758,19.85605894594774,20.46696788174353,41470.780652959795,10632.314179552557,74,24.999999999477293,9.0
12.48000000004789,19.84124340565529,20.764115825342465,42683.702094815504,7992.071212759536,74,24.999999999536566,9.0
12.50000000004802,19.841889309128778,20.926035264510343,43351.99623726152,6159.355008932966,73,24.999999999589097,9.0
12.520000000048151,19.84050266329118,20.95069571186326,43454.23343029748,4690.376787545457,74,24.999999999635723,9.0
12.540000000048282,19.81458182084099,20.799809883220533,42830.577026633735,5431.962923845579,73,24.999999999677026,9.0
12.560000000048413,19.80771280246597,20.564338765215766,41866.31085620503,5491.503453003125,72,24.999999999713733,9.0
12.580000000048544,19.823269666549336,20.319019476433123,40873.392695883194,2992.380861099323,73,24.99999999974618,9.0
12.600000000048675,19.814773950167023,20.046380926885767,39783.88143831514,5876.737344404747,73,24.999999999775,9.0
12.620000000048806,19.804175059831373,19.737525836403414,38567.422688126535,7729.728492765418,69,24.999999999800625,9.0
12.640000000048937,19.80867482098453,19.444931625338825,37432.4312254961,7956.543882289859,74,24.99999999982315,9.0
12.660000000049068,19.808125151157405,19.14822607210309,36298.80160912848,8157.157908974212,74,24.999999999843315,9.0
12.6800000000492,19.810527309537733,18.951827843881595,35558.00608378845,4004.563249686936,72,24.999999999861164,9.0
12.70000000004933,19.824007954668478,19.069563863369346,36001.17832797308,9371.604074728064,73,24.99999999987691,9.0
12.720000000049462,19.827361741677304,19.37029616582625,37145.628981630485,9648.144069692784,70,24.999999999890946,9.0
12.740000000049593,19.828581295522397,19.64170594550727,38193.86463252778,9175.341880970413,72,24.99999999990338,9.0
12.760000000049724,19.851682302969266,19.918211360200438,39276.77923517216,10010.461482398909,73,24.9999999999142,9.0
12.780000000049855,19.867955040517263,20.10360773578382,40011.349355432445,8430.643621626265,73,24.999999999923926,9.0
12.800000000049986,19.851605611632586,20.218432871609608,40469.71775059461,8208.208214182285,73,24.999999999932808,9.0
12.820000000050117,19.85380724769017,20.335046486547878,40937.89744539626,6141.013576320236,72,24.999999999940165,9.0
12.840000000050248,19.85126633357662,20.35975570773379,41037.445595381265,4296.22104850745,74,24.99999999994727,9.0
12.860000000050379,19.825600106001716,20.163517502863492,40250.17637073996,6956.383467266615,74,24.999999999952998,9.0
12.88000000005051,19.825366005025636,19.84122694686339,38973.75438893685,7473.214077203305,74,24.999999999958327,9.0
12.90000000005064,19.83417781007775,19.49293955424117,37617.49455406469,4133.03360799363,74,24.999999999963656,9.0
12.920000000050772,19.81639014779477,19.205319866485233,36515.58680622723,491.60536721081144,74,24.999999999967233,9.0
12.940000000050903,19.80828750533469,19.02819422116646,35845.14535652482,62.579650754205424,67,24.999999999970786,9.0
12.960000000051034,19.81468355966845,18.918075848620155,35431.46578760038,0.0,75,24.99999999997434,9.0
12.980000000051165,19.809174471237704,18.81206905857741,35035.500284203874,0.0,75,24.99999999997789,9.0
13.000000000051296,19.810404575630383,18.87446093923754,35268.28229893356,89.7846758561479,71,24.99999999998009,9.0
13.020000000051427,19.82827043307349,19.337974219462755,37021.76744434801,4241.773705423545,74,24.999999999981867,9.0
13.040000000051558,19.846301621618185,19.780871127915628,38737.0033953414,8234.874430453927,73,24.999999999983643,9.0
13.060000000051689,19.854827613216003,20.14536213289116,40177.72593106719,9958.575941864194,73,24.99999999998542,9.0
13.08000000005182,19.864291342521152,20.425039271074446,41301.0406932684,9487.509808027387,74,24.999999999987196,9.0
13.100000000051951,19.85608107267251,20.537988455300766,41759.08800921669,7744.891066280864,74,24.999999999988972,9.0
13.120000000052082,19.838404302889632,20.61795840503051,42084.92067036526,7339.960487314132,74,24.99999999999075,9.0
13.140000000052213,19.831855043347833,20.662901532735134,42268.59447539929,6040.166905570431,72,24.999999999992525,9.0
13.160000000052344,19.83300466867575,20.53269339558641,41737.55830963862,7409.106488318741,74,24.9999999999943,9.0
13.180000000052475,19.81436671432758,20.163116940958105,40248.57719270042,8854.151588340652,74,24.999999999994454,9.0
13.200000000052606,19.822267005038018,19.758409915179122,38649.08147524862,8242.002974770561,74,24.999999999994454,9.0
13.220000000052737,19.8369180390322,19.39703487176125,37248.25121981587,3263.119022719067,73,24.999999999994454,9.0
13.240000000052868,19.820110220082906,19.197577103813547,36486.149699029746,0.0,75,24.999999999994454,9.0
13.260000000053,19.818324307094134,19.19411231034247,36472.98079082199,72.33995507437362,72,24.999999999994454,9.0
13.28000000005313,19.825568819383573,19.25305461489845,36697.33108842198,88.00479178653407,73,24.999999999994454,9.0
13.300000000053261,19.81240614896326,19.259128773211405,36720.490069210806,0.0,75,24.999999999994454,9.0
13.320000000053392,19.820505577900576,19.526453069882802,37746.95457954321,2.3226491088663392,75,24.999999999994454,9.0
13.340000000053523,19.847481324477823,19.974904494556704,39500.6841470995,0.0,75,24.999999999994454,9.0
13.360000000053654,19.849310619325948,20.325035338382943,40897.59908914503,0.0,75,24.999999999994454,9.0
13.380000000053785,19.850690755834787,20.574086005086023,41906.00847952298,0.0,75,24.999999999994454,9.0
13.400000000053916,19.856299155895652,20.720191481821615,42503.30716929195,0.0,75,24.999999999994454,9.0
13.420000000054047,19.839672491081455,20.714355135693864,42479.36636007703,15.903244636740768,74,24.999999999994454,9.0
13.440000000054178,19.81974414407307,20.60985151653509,42051.831973828754,0.0,75,24.999999999994454,9.0
13.46000000005431,19.826042577651034,20.47399201818909,41499.25056692619,14.692618629879508,74,24.999999999994454,9.0
13.48000000005444,19.836497080893547,20.287141772813328,40745.24400971252,10.832624838940994,74,24.999999999994454,9.0
13.500000000054571,19.830274444518484,19.960943895192344,39445.48883751463,0.0,75,24.999999999994454,9.0
13.520000000054702,19.82671545605118,19.623127045671612,38121.6443900063,0.0,75,24.999999999994454,9.0
13.540000000054834,19.82692963609243,19.30965691548968,36913.422169197926,61.59302196119236,74,24.999999999994454,9.0
13.560000000054965,19.813837419061723,19.057548895590205,35955.826820873335,5.555809386279689,74,24.999999999994454,9.0
13.580000000055096,19.81920750648528,19.01670915377516,35801.88747688832,69.80580285522859,72,24.999999999994454,9.0
13.600000000055227,19.829899225322993,19.098194269348205,36109.3614106267,1515.1229902153598,72,24.999999999994454,9.0
13.620000000055358,19.813700403895574,19.152257840138397,36314.08905713913,5388.031679618801,72,24.999999999994454,9.0
13.640000000055489,19.823247642496955,19.43357036780018,37388.70206678388,10437.172732336685,73,24.999999999994454,9.0
13.66000000005562,19.845479640491206,19.77351106865931,38708.18225825683,10253.615379650228,74,24.999999999994454,9.0
13.68000000005575,19.838669466029618,20.035060904914086,39738.96288089807,9025.77491155516,74,24.999999999994454,9.0
13.700000000055882,19.84367450815241,20.212863473712442,40447.42513088692,7665.784967735327,73,24.999999999994454,9.0
13.720000000056013,19.849016270415262,20.29962634028612,40795.40812596857,5423.6490323884145,74,24.999999999994454,9.0
13.740000000056144,19.831671379996596,20.221036670296098,40480.14207812449,4903.405434746273,74,24.999999999994454,9.0
13.760000000056275,19.816619466948666,20.058675827811157,39832.697120556346,4653.628377141129,74,24.999999999994454,9.0
13.780000000056406,19.825898345988858,19.88364158483853,39140.56106475768,2350.5750561236696,74,24.999999999994454,9.0
13.800000000056537,19.825159174099344,19.73961073450413,38575.57096302532,321.17036341779345,73,24.999999999994454,9.0
13.820000000056668,19.82648910266179,19.534289804202217,37777.25933730131,34.49886743232922,74,24.999999999994454,9.0
13.840000000056799,19.833800225226383,19.36294584937899,37117.44352463231,28.80078004966031,74,24.999999999994454,9.0
13.86000000005693,19.831098539622722,19.22648538887745,36596.11630046309,9.664022805007622,74,24.999999999994454,9.0
13.880000000057061,19.82023025793986,19.160959624284445,36347.09499862241,114.05146129728227,73,24.999999999994454,9.0
13.900000000057192,19.8342924598661,19.338685959237374,37024.49268837047,805.4307806661415,74,24.999999999994454,9.0
13.920000000057323,19.859520964732482,19.547940389614585,37830.0753741166,3025.1048106466583,74,24.999999999994454,9.0
13.940000000057454,19.86126681361902,19.66050310858964,38267.00286580343,6690.529082169101,73,24.999999999994454,9.0
13.960000000057585,19.870709153080806,19.929452673721592,39321.12530353676,10081.447541655714,74,24.999999999994454,9.0
13.980000000057716,19.876417947375916,20.20739122018574,40425.52733263834,9634.110285146766,74,24.999999999994454,9.0
14.000000000057847,19.853011124538703,20.45802075702789,41434.53071620341,8663.55493299719,74,24.999999999994454,9.0
14.020000000057978,19.84690580013368,20.64786388447463,42207.094016187395,6165.673538726258,73,24.999999999994454,9.0
14.040000000058109,19.844470636201873,20.697323422793104,42409.540489902305,5676.20458472266,74,24.999999999994454,9.0
14.06000000005824,19.827934604391878,20.491736055094638,41571.21340861489,7258.110686094056,74,24.999999999994454,9.0
14.080000000058371,19.82464218036139,20.205855654638516,40419.38367087264,6516.916303768899,74,24.999999999994454,9.0
14.100000000058502,19.839231751663668,19.96637682595388,39466.96415204283,2498.5672113703326,73,24.999999999994454,9.0
14.120000000058633,19.836087588161323,19.82250458338114,38900.23710785846,0.0,75,24.999999999994454,9.0
14.140000000058764,19.833107537472102,19.696658889520503,38407.878769602576,0.0,75,24.999999999994454,9.0
14.160000000058895,19.84785260594324,19.626401634983495,38134.368472630595,0.2818787490860492,75,24.999999999994454,9.0
14.180000000059026,19.85860213120932,19.53223932695457,37769.328939417646,0.0,75,24.999999999994454,9.0
14.200000000059157,19.86228311506954,19.4971316116896,37633.67596727105,1.3547535237973556,75,24.999999999994454,9.0
14.220000000059288,19.87569875246248,19.770831349574234,38697.69145307742,0.0,75,24.999999999994454,9.0
14.24000000005942,19.880697459805024,20.00966087737819,39638.26631434026,7.9222391374974555,72,24.999999999994454,9.0
14.26000000005955,19.874429310086455,20.184946681529116,40335.77518108115,0.0,75,24.999999999994454,9.0
14.280000000059681,19.881172654639986,20.38311317905817,41131.65898415919,3.2117891131135323,75,24.999999999994454,9.0
14.300000000059812,19.88135908863456,20.5004831710059,41606.71121422492,0.0,75,24.999999999994454,9.0
14.320000000059943,19.860815333881224,20.476630925315362,41509.94899110657,0.0,75,24.999999999994454,9.0
14.340000000060074,19.856240882544878,20.431096941094438,41325.54249942345,6.854299728963044,72,24.999999999994454,9.0
14.360000000060205,19.864828307045347,20.370932626651584,41082.51471187822,0.0,75,24.999999999994454,9.0
14.380000000060337,19.849554004855314,20.15769909305626,40226.95043989391,0.0,75,24.999999999994454,9.0
14.400000000060468,19.84915312913923,19.944298212960177,39379.72808954117,0.0,75,24.999999999994454,9.0
14.420000000060599,19.862228772077223,19.758038985101468,38647.63034914215,0.0,75,24.999999999994454,9.0
14.44000000006073,19.85607181732157,19.575946531484984,37938.550577752336,0.0,75,24.999999999994454,9.0
14.46000000006086,19.857221020114494,19.43391320591415,37390.02126700543,0.33117213713715393,75,24.999999999994454,9.0
14.480000000060992,19.87315027672674,19.37976697867223,37181.961446615824,0.0,75,24.999999999994454,9.0
14.500000000061123,19.87383557806183,19.267586005099165,36752.747175925426,0.0,75,24.999999999994454,9.0
14.520000000061254,19.87762729684164,19.222255175058603,36580.014307491656,3.7302293292746422,75,24.999999999994454,9.0
14.540000000061385,19.88734419497469,19.404256951900386,37275.99359768207,1838.7893725138272,74,24.999999999994454,9.0
14.560000000061516,19.88159698207732,19.505369910781145,37665.48608028424,3798.2038793646375,74,24.999999999994454,9.0
14.580000000061647,19.87805498223879,19.674570690842483,38321.78445502685,8290.024014159084,73,24.999999999994454,9.0
14.600000000061778,19.884026543461342,19.916862701327158,39271.46056648818,9122.863364942903,73,24.999999999994454,9.0
14.620000000061909,19.878164048118517,20.058834797546712,39833.328490091815,7673.37820363151,73,24.999999999994454,9.0
14.64000000006204,19.864352559691245,20.09217765904753,39965.864705190135,7493.339203594887,74,24.999999999994454,9.0
14.66000000006217,19.865316193596293,20.123624880131118,40091.06755330698,7052.905863761834,74,24.999999999994454,9.0
14.680000000062302,19.87372835690486,20.08079659714278,39920.60080560628,6002.71299855252,74,24.999999999994454,9.0
14.700000000062433,19.860086003723325,19.934317564244893,39340.32465846408,4776.244505281142,74,24.999999999994454,9.0
14.720000000062564,19.860357203608512,19.77836548832706,38727.190397594844,3282.502051684046,71,24.999999999994454,9.0
14.740000000062695,19.871367199159405,19.676959460392467,38331.09062698693,395.73639974862107,74,24.999999999994454,9.0
14.760000000062826,19.861469540756186,19.506590865259103,37670.20163127638,0.0,75,24.999999999994454,9.0
14.780000000062957,19.864078113026373,19.38049733681577,37184.76402520999,4.0460647599556525,75,24.999999999994454,9.0
14.800000000063088,19.877354135978543,19.34427641736684,37045.90198103798,10.513090692105653,74,24.999999999994454,9.0
14.820000000063219,19.87131673129275,19.239679503533942,36646.361472471704,0.0,75,24.999999999994454,9.0
14.84000000006335,19.873012659692662,19.249243871490435,36682.805572787096,66.60898160730152,71,24.999999999994454,9.0
14.860000000063481,19.882263503246914,19.436867063999447,37401.38832509506,1871.8074695553623,74,24.999999999994454,9.0
14.880000000063612,19.87372819061183,19.516819882796288,37709.719575413736,3920.49899518995,74,24.999999999994454,9.0
14.900000000063743,19.870713757519443,19.728777820510558,38533.24275481587,9301.703326365268,74,24.999999999994454,9.0
14.920000000063874,19.872505519190515,20.046500749395946,39784.35703725769,10058.953158180142,74,24.999999999994454,9.0
14.940000000064005,19.86327510697714,20.27259445337056,40686.830501212244,8719.845527182279,73,24.999999999994454,9.0
14.960000000064136,19.855538754809757,20.410043741276443,41240.41866656095,7758.705597235509,74,24.999999999994454,9.0
14.980000000064267,19.858554738228726,20.4888373578216,41559.45317125133,7009.495371347552,74,24.999999999994454,9.0
15.000000000064398,19.862138600259698,20.417738659174944,41271.521143482336,5803.0243319375695,73,24.999999999994454,9.0
15.02000000006453,19.854034209845285,20.26820759707206,40669.22368060295,4534.434974790344,74,24.999999999994454,9.0
15.04000000006466,19.856234658158648,20.137205771598893,40145.19857248386,1656.7841348010556,74,24.999999999994454,9.0
15.060000000064791,19.862789310908596,20.071059156878768,39881.894152213776,129.93536434717765,74,24.999999999994454,9.0
15.080000000064922,19.85274441847408,19.913357721721123,39257.6397595698,0.0,75,24.999999999994454,9.0
15.100000000065053,19.854730608732893,19.789616136252647,38771.26177520288,2.6710513485104337,75,24.999999999994454,9.0
15.120000000065184,19.86992312717089,19.738097363961376,38569.65626737268,0.0,75,24.999999999994454,9.0
15.140000000065315,19.861412594494837,19.613955960792165,38086.019574757556,0.0,75,24.999999999994454,9.0
15.160000000065446,19.864799324837435,19.626590264671535,38135.10149631264,12.314544793835172,70,24.999999999994454,9.0
15.180000000065577,19.87771401505272,19.76497073795142,38674.75275893551,1.2421469077212486,75,24.999999999994454,9.0
15.200000000065709,19.869339887625973,19.783382330037824,38746.83942522883,9.905415814760486,74,24.999999999994454,9.0
15.22000000006584,19.86934657231995,19.93932875354802,39360.10628306461,9.294647714870402,72,24.999999999994454,9.0
15.24000000006597,19.871718391464057,20.170641811951498,40278.62431949855,0.0,75,24.999999999994454,9.0
15.260000000066102,19.857206147201005,20.313506028039406,40851.21418796814,2.551739832001585,75,24.999999999994454,9.0
15.280000000066233,19.851477448322957,20.45287480952288,41413.68870942754,0.0,75,24.999999999994454,9.0
15.300000000066364,19.85500975654365,20.5167543458753,41672.7836800103,16.519827510490956,74,24.999999999994454,9.0
15.320000000066495,19.852980334644112,20.3984308451565,41193.50211351858,0.0,75,24.999999999994454,9.0
15.340000000066626,19.846333564107415,20.181708571132262,40322.83472416123,0.0,75,24.999999999994454,9.0
15.360000000066757,19.853237615166865,19.985911681468355,39544.229908205874,0.0,75,24.999999999994454,9.0
15.380000000066888,19.8551880945051,19.883768844269216,39141.06208178079,7.541082515070655,73,24.999999999994454,9.0
15.400000000067019,19.847808898167123,19.71652369766411,38485.389365334486,0.0,75,24.999999999994454,9.0
15.42000000006715,19.854592608932133,19.601329324024466,38036.99901561728,2.8960863278522897,75,24.999999999994454,9.0
15.44000000006728,19.867462665193013,19.528960582152628,37756.64984050784,0.0,75,24.999999999994454,9.0
15.460000000067412,19.86151012007955,19.40678296659945,37285.69928615676,0.0,75,24.999999999994454,9.0
15.480000000067543,19.867826600294602,19.484022237242254,37583.08513159371,427.6874118691024,73,24.999999999994454,9.0
15.500000000067674,19.8819123902944,19.64705392406545,38214.66606161842,2796.657723916911,74,24.999999999994454,9.0
15.520000000067805,19.87407900263622,19.725676751306544,38521.130006406514,6012.486058658449,73,24.999999999994454,9.0
15.540000000067936,19.87850017696421,19.92311656634187,39296.126797888544,8929.442978368786,72,24.999999999994454,9.0
15.560000000068067,19.881443623759615,20.100524154042965,39999.076055459205,8323.743399223074,74,24.999999999994454,9.0
15.580000000068198,19.861888390708813,20.181461187876845,40321.84619210017,7956.5559639504845,74,24.999999999994454,9.0
15.600000000068329,19.854694352732913,20.273933870285457,40692.20706309408,7201.748444330454,74,24.999999999994454,9.0
15.62000000006846,19.862771042832087,20.28604243091113,40740.82823336395,6724.1893770513,74,24.999999999994454,9.0
15.640000000068591,19.856505253567146,20.107920118905227,40028.51669931909,7069.922109101796,74,24.999999999994454,9.0
15.660000000068722,19.851116268189735,19.861391305172752,39053.011593141986,5954.0394779123135,73,24.999999999994454,9.0
15.680000000068853,19.861314457615375,19.63219780631652,38156.89587992757,2639.193344501342,73,24.999999999994454,9.0
15.700000000068984,19.859330985875037,19.500931584000455,37648.34693174278,0.0,75,24.999999999994454,9.0
15.720000000069115,19.854315717638467,19.375069376198336,37163.93801991736,50.7136118276538,74,24.999999999994454,9.0
15.740000000069246,19.864429813280335,19.34694426277326,37056.12097837866,22.011058252127807,74,24.999999999994454,9.0
15.760000000069377,19.87287450074615,19.298404897021754,36870.414725369934,13.10892514252494,71,24.999999999994454,9.0
15.780000000069508,19.87172380521778,19.25532014384323,36705.9680303476,4.920294394022225,75,24.999999999994454,9.0
15.80000000006964,19.879451331902523,19.476666808849394,37554.71444831063,1588.2873398013662,74,24.999999999994454,9.0
15.82000000006977,19.883150980173692,19.674494036729378,38321.48584452869,3689.7173381611633,73,24.999999999994454,9.0
15.840000000069901,19.875074932213852,19.831170469325276,38934.25689616045,7236.034756123595,73,24.999999999994454,9.0
15.860000000070032,19.880050688527096,20.048757488852836,39793.315007836434,8716.11620380682,74,24.999999999994454,9.0
15.880000000070163,19.881355197472864,20.19588001204585,40379.483376634365,7614.389052929481,74,24.999999999994454,9.0
15.900000000070294,19.86183461431114,20.197178811800825,40384.67716362976,7370.065332402292,74,24.999999999994454,9.0
15.920000000070425,19.85701091007123,20.180920942267818,40319.68743772832,7023.791680321223,74,24.999999999994454,9.0
15.940000000070556,19.869409509713304,20.1614186215519,40241.79728251251,6798.861569069219,74,24.999999999994454,9.0
15.960000000070687,19.859065077825157,19.986654482859617,39547.16938430403,6288.3451974786785,74,24.999999999994454,9.0
15.980000000070818,19.855854346087348,19.800446703272115,38813.71127526284,4696.712358450576,73,24.999999999994454,9.0
16.000000000070948,19.868400693630594,19.65291413210163,38237.46635449223,1009.6540226418012,74,24.999999999994454,9.0
16.02000000007019,19.862657486931635,19.540607256570496,37801.69786359802,0.0,75,24.999999999994454,9.0
16.040000000069433,19.860392415267352,19.47749553081055,37557.91038312175,60.86281919995748,74,24.999999999994454,9.0
16.060000000068676,19.871840383627898,19.52216606088656,37730.38180317427,0.0,75,24.999999999994454,9.0
16.08000000006792,19.872228911314153,19.47992826515801,37567.29291635449,0.0,75,24.999999999994454,9.0
16.100000000067162,19.87436662224698,19.48717691112989,37595.25633260171,3.0687370143546415,75,24.999999999994454,9.0
16.120000000066405,19.882843790917267,19.716544831663924,38485.47186980233,0.4596746095079829,75,24.999999999994454,9.0
16.140000000065648,19.87790571204101,19.847608402011428,38998.82836867987,20.296836718881625,73,24.999999999994454,9.0
16.16000000006489,19.872043348403615,19.987763533516933,39551.558416107146,10.296716042631756,73,24.999999999994454,9.0
16.180000000064133,19.874288948092037,20.186034127880358,40340.12140738311,8.224861351842307,74,24.999999999994454,9.0
16.200000000063376,19.86980841494363,20.284138722551706,40733.18208785643,0.0,75,24.999999999994454,9.0
16.22000000006262,19.854699921559252,20.247647214988692,40586.7545565213,0.0,75,24.999999999994454,9.0
16.240000000061862,19.85586101040444,20.21507101374536,40456.26051298601,7.308125005131573,71,24.999999999994454,9.0
16.260000000061105,19.869487398182635,20.184964186182523,40335.84514054964,0.0,75,24.999999999994454,9.0
16.280000000060348,19.857858410172554,20.025251683680775,39700.05979448121,0.0,75,24.999999999994454,9.0
16.30000000005959,19.857452754061452,19.875432159329154,39108.24754848946,2.4587783657486235,75,24.999999999994454,9.0
16.320000000058833,19.868844242757135,19.805793356743486,38834.67559851241,0.0,75,24.999999999994454,9.0
16.340000000058076,19.859944942878418,19.6856367304295,38364.905054761075,0.0,75,24.999999999994454,9.0
16.36000000005732,19.861552159416444,19.651647838707582,38232.539014881455,65.86709268186833,74,24.999999999994454,9.0
16.38000000005656,19.87352654886093,19.70981474268627,38459.20292191029,0.0,75,24.999999999994454,9.0
16.400000000055805,19.867216993589167,19.64952267782712,38224.27040517779,0.0,75,24.999999999994454,9.0
16.420000000055047,19.869802761631238,19.68555148264476,38364.572780409886,7.2080991535703545,72,24.999999999994454,9.0
16.44000000005429,19.87641206733221,19.885552499622662,39148.08462330966,0.0,75,24.999999999994454,9.0
16.460000000053533,19.86723109973896,19.964172216684066,39458.24905744458,0.0,75,24.999999999994454,9.0
16.480000000052776,19.86383023405926,20.0882482339993,39950.233993966816,8.732664785418308,73,24.999999999994454,9.0
16.50000000005202,19.86529594870364,20.238076945004398,40548.39608475994,0.0,75,24.999999999994454,9.0
16.52000000005126,19.857285238323826,20.255367444165852,40617.71111951921,46.668694032769665,72,24.999999999994454,9.0
16.540000000050505,19.846182428452842,20.17533947202772,40297.387958344414,0.0,75,24.999999999994454,9.0
16.560000000049747,19.85128661918496,20.14634034185072,40181.627887798495,0.0,75,24.999999999994454,9.0
16.58000000004899,19.859713265010463,20.090466998229164,39959.05955648658,0.0,75,24.999999999994454,9.0
16.600000000048233,19.85162639756124,19.92248748943607,39293.64526890693,0.0,75,24.999999999994454,9.0
16.620000000047476,19.853375808075647,19.775829293853292,38717.25900170297,40.123002245553174,73,24.999999999994454,9.0
16.64000000004672,19.8630026863504,19.69664598251565,38407.828433094444,0.0,75,24.999999999994454,9.0
16.66000000004596,19.85297795652314,19.557037893135877,37865.29538420171,0.0,75,24.999999999994454,9.0
16.680000000045204,19.856109323786253,19.5284166898739,37754.54678292121,12.738421473963124,72,24.999999999994454,9.0
16.700000000044447,19.868825570483793,19.58397056969565,37969.65842419584,147.14733633731362,74,24.999999999994454,9.0
16.72000000004369,19.861341795348704,19.53073352648134,37763.50565615981,0.0,75,24.999999999994454,9.0
16.740000000042933,19.865700733495988,19.62982723303882,38147.6816026963,9.738505580779902,70,24.999999999994454,9.0
16.760000000042176,19.8723218101274,19.82583080226317,38913.29313299674,0.0,75,24.999999999994454,9.0
16.78000000004142,19.86117467108751,19.90987992542093,39243.928545823255,4.315241506630265,75,24.999999999994454,9.0
16.80000000004066,19.86102045177253,20.089582290362547,39955.5403435236,4.4825501519378355,75,24.999999999994454,9.0
16.820000000039904,19.86300246630745,20.248923359455667,40591.87082449383,0.0,75,24.999999999994454,9.0
16.840000000039147,19.850790303188973,20.24590342019845,40579.76392470032,0.0,75,24.999999999994454,9.0
16.86000000003839,19.841085689776058,20.159653559944665,40234.75153404198,0.0,75,24.999999999994454,9.0
16.880000000037633,19.849555786249976,20.124055579166473,40092.78368238475,2.769225700690464,75,24.999999999994454,9.0
16.900000000036876,19.85112024566017,20.01561142800002,39661.84538283182,1.9469597069752795,75,24.999999999994454,9.0
16.92000000003612,19.844499806800517,19.822904537388958,38901.806885545135,0.0,75,24.999999999994454,9.0
16.94000000003536,19.849186437894208,19.648556911666304,38220.51308238798,0.0,75,24.999999999994454,9.0
16.960000000034604,19.855523507869353,19.532044786723407,37768.576581506335,4.724876771001209,75,24.999999999994454,9.0
16.980000000033847,19.84759419081393,19.40057212269972,37261.83767011928,0.0,75,24.999999999994454,9.0
17.00000000003309,19.851995361279492,19.40658766532828,37284.94883639511,48.198289176380406,74,24.999999999994454,9.0
17.020000000032333,19.863699228565505,19.45135860450933,37457.1798045607,1324.9259159285027,73,24.999999999994454,9.0
17.040000000031576,19.856599487558395,19.43500052148503,37394.205281742215,4320.327491803081,74,24.999999999994454,9.0
17.06000000003082,19.863371108306993,19.63846577024303,38181.26444309171,9249.366925929118,71,24.999999999994454,9.0
17.08000000003006,19.871545223584853,19.868892071669027,39082.5143434076,8833.797857735977,73,24.999999999994454,9.0
17.100000000029304,19.859690200658992,20.018475286000474,39673.19592484496,8867.215037775128,72,24.999999999994454,9.0
17.120000000028547,19.862148341855224,20.23760574439635,40546.5079402968,8468.474181921836,72,24.999999999994454,9.0
17.14000000002779,19.863440848036443,20.398142927102292,41192.33925257483,7934.273154247766,73,24.999999999994454,9.0
17.160000000027033,19.847559228629386,20.365142128150865,41059.162376078726,7033.618587042429,73,24.999999999994454,9.0
17.180000000026276,19.84002854030423,20.2740325477927,40692.60317914682,7094.105145120259,73,24.999999999994454,9.0
17.20000000002552,19.85288854557214,20.22561125322286,40498.45970608301,6845.429339834487,73,24.999999999994454,9.0
17.22000000002476,19.848836493301736,20.063652487459105,39852.46496261487,7142.898111193771,73,24.999999999994454,9.0
17.240000000024004,19.842336450008364,19.84465891304492,38987.23825013423,5878.7035704145255,74,24.999999999994454,9.0
17.260000000023247,19.85495346910778,19.634845796495053,38167.189775761806,3174.296165410781,74,24.999999999994454,9.0
17.28000000002249,19.85546855977656,19.46961477560429,37527.524051532455,122.92130638300134,73,24.999999999994454,9.0
17.300000000021733,19.848736255345283,19.358303305295053,37099.64677911994,85.37950742240977,74,24.999999999994454,9.0
17.320000000020976,19.85629526773495,19.405789442092022,37281.88172321021,0.0,75,24.999999999994454,9.0
17.34000000002022,19.862697204326338,19.43558471453758,37396.45336640071,61.70738437166107,74,24.999999999994454,9.0
17.36000000001946,19.85961597603811,19.4695729154277,37527.362681406434,2.8751343588568323,75,24.999999999994454,9.0
17.380000000018704,19.868784525083043,19.74351140896781,38590.81803284816,1527.5807150535359,74,24.999999999994454,9.0
17.400000000017947,19.875240557745567,19.98750918062517,39550.55180131197,3963.013759204053,73,24.999999999994454,9.0
17.42000000001719,19.86273404136221,20.189980093239697,40355.89432037611,7363.29607817704,74,24.999999999994454,9.0
17.440000000016433,19.865237294860055,20.407231079170714,41229.05295154844,8469.584360935245,74,24.999999999994454,9.0
17.460000000015675,19.866019043193724,20.53147884076364,41732.620715483776,7224.226081828856,73,24.999999999994454,9.0
17.48000000001492,19.847591460595634,20.44314731985277,41374.30496177915,6869.22768982068,74,24.999999999994454,9.0
17.50000000001416,19.846177194960912,20.321822706668044,40884.671334003644,6907.715799222028,74,24.999999999994454,9.0
17.520000000013404,19.861518672495556,20.25511610503722,40616.70311442528,6717.930321355382,74,24.999999999994454,9.0
17.540000000012647,19.852308027615116,20.06331019585328,39851.105185487984,6973.845437233596,74,24.999999999994454,9.0
17.56000000001189,19.850239899780238,19.832902246198906,38941.05713922088,5640.867986731235,74,24.999999999994454,9.0
17.580000000011132,19.865357391876028,19.611303881588654,38075.72075366541,2645.5491592994103,74,24.999999999994454,9.0
17.600000000010375,19.85876216266342,19.429004054043066,37371.133654670164,6.039243624954729,74,24.999999999994454,9.0
17.620000000009618,19.85374254014965,19.331781836453565,36998.061108251364,58.731864733114584,74,24.999999999994454,9.0
17.64000000000886,19.864092151369768,19.399149191183717,37256.37194483858,521.4833490953952,74,24.999999999994454,9.0
17.660000000008104,19.86431676709026,19.406145083916496,37283.24823478362,1978.8114384147195,74,24.999999999994454,9.0
17.680000000007347,19.86455866381387,19.47779401956747,37559.061527001126,7446.51888570496,74,24.999999999994454,9.0
17.70000000000659,19.87488511620573,19.75241254371746,38625.62232842347,9698.074872344245,74,24.999999999994454,9.0
17.720000000005832,19.874549248929963,19.963206424844525,39454.43146533442,8833.368468345316,73,24.999999999994454,9.0
17.740000000005075,19.86545371070021,20.177494962635155,40305.99899374954,8519.034225894307,74,24.999999999994454,9.0
17.760000000004318,19.86736984076893,20.382509322436487,41129.22194164182,5661.012096297096,74,24.999999999994454,9.0
17.78000000000356,19.865959980280333,20.463313793733406,41455.97393065919,3573.9254935311155,74,24.999999999994454,9.0
17.800000000002804,19.847625171550657,20.34998999909791,40998.087203375115,4322.047698013766,74,24.999999999994454,9.0
17.820000000002047,19.853261615039862,20.23817608544838,40548.79335529586,1771.689385520727,72,24.999999999994454,9.0
17.84000000000129,19.86895265248714,20.174688507536832,40294.78758123773,198.13425521716994,74,24.999999999994454,9.0
17.860000000000532,19.855545187206555,19.976843065875187,39508.351628981945,0.0,75,24.999999999994454,9.0
17.879999999999775,19.85653041622596,19.753020365706426,38627.99954323327,44.564735069060205,73,24.999999999994454,9.0
17.899999999999018,19.871563236840966,19.55014626462297,37838.613677846995,0.0,75,24.999999999994454,9.0
17.91999999999826,19.86175640139746,19.37166518031125,37150.87977395025,5.587084378286373,74,24.999999999994454,9.0
17.939999999997504,19.859735419148517,19.285749432799676,36822.07298728857,3.3961947616475325,75,24.999999999994454,9.0
17.959999999996747,19.871209364870587,19.34731268999639,37057.53232412504,0.0,75,24.999999999994454,9.0
17.97999999999599,19.865413619879252,19.32410870743335,36968.69655633344,0.0,75,24.999999999994454,9.0
17.999999999995232,19.86580433047628,19.426472363386242,37361.395020055534,9.57762903219355,73,24.999999999994454,9.0
18.019999999994475,19.874780584573674,19.68846020728704,38375.9110680586,0.0,75,24.999999999994454,9.0
18.039999999993718,19.86888215199096,19.85964827566007,39046.157333659874,2.70317902754439,75,24.999999999994454,9.0
18.05999999999296,19.86449860872622,20.072288241173567,39886.77876843871,1.3504446420791318,75,24.999999999994454,9.0
18.079999999992204,19.866769333328666,20.2769968206847,40704.50340653969,3.838248361111945,75,24.999999999994454,9.0
18.099999999991446,19.860903179525035,20.341451136487667,40963.68879947342,71.80853234266344,73,24.999999999994454,9.0
18.11999999999069,19.847221444304758,20.270520570659745,40678.50641634845,0.0,75,24.999999999994454,9.0
18.139999999989932,19.85726560693277,20.234882523245375,40535.59660222457,6.09325604315253,74,24.999999999994454,9.0
18.159999999989175,19.868757267588165,20.175611295375113,40298.47382306472,0.0,75,24.999999999994454,9.0
18.179999999988418,19.85651997138927,19.983168107143037,39533.37375223552,0.0,75,24.999999999994454,9.0
18.19999999998766,19.8582131433719,19.77800413787676,38725.77532010915,6.431343444898821,74,24.999999999994454,9.0
18.219999999986904,19.872653165169968,19.613549974297452,38084.44291683209,0.0,75,24.999999999994454,9.0
18.239999999986146,19.860860690620527,19.45032366676005,37453.19398343088,1.2136833047677058,75,24.999999999994454,9.0
18.25999999998539,19.860940550757277,19.377059857293034,37171.5744225986,63.35507292553376,73,24.999999999994454,9.0
18.279999999984632,19.87238224395005,19.403186283721574,37271.880158119304,0.0,75,24.999999999994454,9.0
18.299999999983875,19.86193117875563,19.336736890068828,37017.02996201912,0.0,75,24.999999999994454,9.0
18.319999999983118,19.86070986169694,19.437803882457825,37404.99375751636,9.703919245863746,73,24.999999999994454,9.0
18.33999999998236,19.86723417072137,19.667636965641396,38294.77843741413,0.0,75,24.999999999994454,9.0
18.359999999981603,19.8598574731845,19.77993814937918,38733.34936613333,0.0,75,24.999999999994454,9.0
18.379999999980846,19.85981321294496,19.969823570613542,39480.59149070179,5.429755091510889,74,24.999999999994454,9.0
18.39999999998009,19.863082334099115,20.170106939882707,40276.48818266415,0.0,75,24.999999999994454,9.0
18.419999999979332,19.85438506239459,20.231304142922646,40521.261065020466,0.0,75,24.999999999994454,9.0
18.439999999978575,19.845061151585174,20.245191381398257,40576.909632874784,0.0,75,24.999999999994454,9.0
18.459999999977818,19.85643362363318,20.28938977177283,40754.27439378107,7.052092647030989,74,24.999999999994454,9.0
18.47999999997706,19.861703694767623,20.216874055444737,40463.47766079774,0.656913846475253,75,24.999999999994454,9.0
18.499999999976303,19.853294409719684,20.048929118045756,39793.996319261874,0.0,75,24.999999999994454,9.0
18.519999999975546,19.85597147251048,19.87977598326473,39125.34382133412,0.0,75,24.999999999994454,9.0
18.53999999997479,19.86329565075663,19.7746166811381,38712.51102370857,49.81264827212085,74,24.999999999994454,9.0
18.559999999974032,19.85333700760666,19.621938127896133,38117.02513360342,0.0,75,24.999999999994454,9.0
18.579999999973275,19.854684658329532,19.546854549743404,37825.87275609362,55.95458054164091,74,24.999999999994454,9.0
18.599999999972518,19.866249791454447,19.53374918139073,37775.168351066815,0.0,75,24.999999999994454,9.0
18.61999999997176,19.853397162707374,19.429949941388937,37374.772517763115,0.0,75,24.999999999994454,9.0
18.639999999971003,19.851264730570445,19.500936313714565,37648.36519404359,57.91892046372742,69,24.999999999994454,9.0
18.659999999970246,19.858651084328567,19.6674160002738,38293.91796065476,2056.790047658081,73,24.999999999994454,9.0
18.67999999996949,19.850422478811623,19.707723095977336,38451.040613144134,4163.783627675463,74,24.999999999994454,9.0
18.699999999968732,19.851919107876405,19.858617828293845,39042.10550297279,8358.077049820862,73,24.999999999994454,9.0
18.719999999967975,19.856162615386808,20.051118656237367,39802.68857728451,8366.200360385861,74,24.999999999994454,9.0
18.739999999967218,19.846637331590248,20.120693110088226,40079.386831804826,7816.269239819122,74,24.999999999994454,9.0
18.75999999996646,19.840780750671264,20.207518024453165,40426.03468615136,7444.833332977786,74,24.999999999994454,9.0
18.779999999965703,19.850514336350383,20.273066921634303,40688.72699849723,6717.045713915495,74,24.999999999994454,9.0
18.799999999964946,19.85028334753777,20.195848938046222,40379.359118509885,5452.098899718659,74,24.999999999994454,9.0
18.81999999996419,19.843878921580682,20.053222448525382,39811.041326434184,4532.96293283778,74,24.999999999994454,9.0
18.83999999996343,19.849683315269953,19.968565800437545,39475.61839251399,844.2584102078341,74,24.999999999994454,9.0
18.859999999962675,19.84995818922289,19.88771345348121,39156.593494369976,42.38548149376809,71,24.999999999994454,9.0
18.879999999961917,19.842012274627045,19.746653789840973,38603.10325368825,0.0,75,24.999999999994454,9.0
18.89999999996116,19.844397176416255,19.67448751995731,38321.46045812264,0.3782981662235937,75,24.999999999994454,9.0
18.919999999960403,19.851342596423343,19.62340188320695,38122.712245515155,0.0,75,24.999999999994454,9.0
18.939999999959646,19.841492484596515,19.496277955560473,37630.38055792685,0.0,75,24.999999999994454,9.0
18.95999999995889,19.84270106805603,19.52343826767416,37735.2995373767,9.51356821736522,73,24.999999999994454,9.0
18.97999999995813,19.855133641578323,19.62229082482886,38118.39542420212,179.70926978501186,74,24.999999999994454,9.0
18.999999999957375,19.845662440994207,19.610577371544426,38072.8997396877,0.0,75,24.999999999994454,9.0
19.019999999956617,19.847037510835676,19.7397766800321,38576.219554376374,3.7784086820104843,75,24.999999999994454,9.0
19.03999999995586,19.850531781739114,19.916397385374847,39269.62559640443,43.58184382785292,74,24.999999999994454,9.0
19.059999999955103,19.839263561823863,19.998363188638496,39593.51849224444,0.0,75,24.999999999994454,9.0
19.079999999954346,19.836679497587358,20.157906050383477,40227.776457272594,7.845331930467375,74,24.999999999994454,9.0
19.09999999995359,19.844064054612485,20.255523675800124,40618.33769870904,17.766926664735017,74,24.999999999994454,9.0
19.11999999995283,19.83936492854143,20.181703567572065,40322.81473004575,0.0,75,24.999999999994454,9.0
19.139999999952074,19.8351878249927,20.049975815184933,39798.15148876057,3.675395295045507,75,24.999999999994454,9.0
19.159999999951317,19.84278232392009,20.032324816866858,39728.10971927752,0.0,75,24.999999999994454,9.0
19.17999999995056,19.839480570737024,19.951901114496792,39409.75745018318,0.0,75,24.999999999994454,9.0
19.199999999949803,19.834093761110584,19.816902042566323,38878.25104990226,0.0,75,24.999999999994454,9.0
19.219999999949046,19.837662993973627,19.75749590521075,38645.50579999753,0.0,75,24.999999999994454,9.0
19.23999999994829,19.839447972322436,19.674350605165245,38320.927101761634,3.1406569559286392,75,24.999999999994454,9.0
19.25999999994753,19.832092592736608,19.54396948625156,37814.70758467367,0.0,75,24.999999999994454,9.0
19.279999999946774,19.836128320765685,19.55453995412261,37855.623248920376,0.14950920431499828,75,24.999999999994454,9.0
19.299999999946017,19.845196464769142,19.594101457142852,38008.952379367955,0.0,75,24.999999999994454,9.0
19.31999999994526,19.837822529616897,19.552509399346842,37847.76175734312,0.0,75,24.999999999994454,9.0
19.339999999944503,19.839960390057993,19.668512927328074,38298.189676474685,457.1063943032896,74,24.999999999994454,9.0
19.359999999943746,19.845699937667487,19.80880733797349,38846.495967142284,2126.987018508967,74,24.999999999994454,9.0
19.37999999994299,19.83461855056882,19.874193847458372,39103.37452754887,5498.031663218207,74,24.999999999994454,9.0
19.39999999994223,19.836125090318824,20.061716656544423,39844.77504553972,8081.403989277012,70,24.999999999994454,9.0
19.419999999941474,19.840933699436004,20.19232252849331,40365.259020375146,7634.709163297914,74,24.999999999994454,9.0
19.439999999940717,19.830567192571387,20.13169267372605,40123.21994102615,7180.0799756302,74,24.999999999994454,9.0
19.45999999993996,19.826146415556046,20.0610815830817,39842.25243402292,7202.609942482587,74,24.999999999994454,9.0
19.479999999939203,19.836323067429653,20.075744551017806,39900.51640849439,6371.851645965822,74,24.999999999994454,9.0
19.499999999938446,19.830138584152174,19.962350825812674,39451.04959878957,5919.444550625502,74,24.999999999994454,9.0
19.51999999993769,19.825724047589745,19.809810721454248,38850.43148116452,4472.878657379831,74,24.999999999994454,9.0
19.53999999993693,19.8328801495079,19.729700315099056,38536.84637783836,885.8557018936228,74,24.999999999994454,9.0
19.559999999936174,19.831433320100675,19.6167984714377,38097.05944463105,0.0,75,24.999999999994454,9.0
19.579999999935417,19.825119272831966,19.492673443570336,37616.46747978955,40.14041466814974,74,24.999999999994454,9.0
19.59999999993466,19.83219511933949,19.493691632873617,37620.397334279114,42.03189485818287,74,24.999999999994454,9.0
19.619999999933903,19.834980710602917,19.490680145293698,37608.77464008846,8.28357351239116,73,24.999999999994454,9.0
19.639999999933146,19.829958328977433,19.464205738933252,37506.675199704696,0.0,75,24.999999999994454,9.0
19.65999999993239,19.833535597979715,19.632810771129087,38159.27861872126,984.0280014085961,74,24.999999999994454,9.0
19.67999999993163,19.83910778797933,19.777759284858153,38724.81647064949,2717.3838540158754,73,24.999999999994454,9.0
19.699999999930874,19.83279330176422,19.869794486917563,39086.06456228162,6165.195024080475,74,24.999999999994454,9.0
19.719999999930117,19.83728335373073,20.06938748147952,39875.251074294916,8419.335400383774,73,24.999999999994454,9.0
19.73999999992936,19.8404530345146,20.200552380350803,40398.169330658355,7566.3835085522205,74,24.999999999994454,9.0
19.759999999928603,19.825016011417617,20.182784428127047,40327.13393995251,7417.998972816604,74,24.999999999994454,9.0
19.779999999927846,19.822030733679675,20.170103252818244,40276.47345770556,7009.134827342004,74,24.999999999994454,9.0
19.79999999992709,19.835296834658692,20.167456835129062,40265.9052044826,6657.325149786077,74,24.999999999994454,9.0
19.81999999992633,19.82582900563411,20.00497510729292,39619.703875297535,6218.735987381894,74,24.999999999994454,9.0
19.839999999925574,19.82214722610093,19.820006603731244,38890.433515423065,4775.5388530008095,73,24.999999999994454,9.0
19.859999999924817,19.83410737865685,19.687374388365825,38371.67832046058,941.42463418326,74,24.999999999994454,9.0
19.87999999992406,19.828313796326896,19.564342898894573,37893.587793487124,4.940847170782165,75,24.999999999994454,9.0
19.899999999923303,19.823031116348524,19.467068398118606,37517.708449685786,0.0,75,24.999999999994454,9.0
19.919999999922545,19.83300062658537,19.490710138463434,37608.89038845853,0.09461050589936378,75,24.999999999994454,9.0
19.93999999992179,19.832826322898818,19.453655578262794,37466.02682040983,28.317653770343842,73,24.999999999994454,9.0
19.95999999992103,19.829860277129747,19.456575523039586,37477.27477729057,0.19616566892356269,75,24.999999999994454,9.0
19.979999999920274,19.83586241345472,19.67830349191242,38336.327203661436,0.045672242373738,75,24.999999999994454,9.0
19.999999999919517,19.836779489108057,19.82304730683548,38902.36724837471,49.493031570574836,73,24.999999999994454,9.0
20.01999999991876,19.83349305528051,19.947010622642814,39390.440045202704,5.298525313937208,74,24.999999999994454,9.0
20.039999999918003,19.837976712792624,20.142058904825532,40164.55115562069,7.54243826184303,74,24.999999999994454,9.0
20.059999999917245,19.837233983070192,20.24203889256536,40564.27371428475,0.0,75,24.999999999994454,9.0
20.079999999916488,19.822922408284466,20.218516866356246,40470.05400323807,0.0,75,24.999999999994454,9.0
20.09999999991573,19.82476356458241,20.207053979469574,40424.178022390515,7.069429709915704,74,24.999999999994454,9.0
20.119999999914974,19.839553863349547,20.18545868251212,40337.82148011699,0.0,75,24.999999999994454,9.0
20.139999999914217,19.827093404497365,20.013984356335527,39655.39741174868,0.0,75,24.999999999994454,9.0
20.15999999991346,19.826027556189523,19.833841394883034,38944.7451832602,42.50219019931126,74,24.999999999994454,9.0
20.179999999912702,19.839136450486745,19.723094217128484,38511.04410427497,0.0,75,24.999999999994454,9.0
20.199999999911945,19.83007528663059,19.59387984162954,38008.092597573435,0.0,75,24.999999999994454,9.0
20.219999999911188,19.827006022714937,19.524068937049883,37737.73751800894,2.8520796962058186,75,24.999999999994454,9.0
20.23999999991043,19.837881644209315,19.56146508697076,37882.440718528815,5.718043432477846,74,24.999999999994454,9.0
20.259999999909674,19.832930975313946,19.4975991314734,37635.4808172716,0.0,75,24.999999999994454,9.0
20.279999999908917,19.832122022136854,19.512600816734473,37693.41747268945,3.9789982942821833,75,24.999999999994454,9.0
20.29999999990816,19.838589274902333,19.712332706399557,38469.03001205118,0.0,75,24.999999999994454,9.0
20.319999999907402,19.835232821133655,19.799512721315484,38810.04969615183,0.0,75,24.999999999994454,9.0
20.339999999906645,19.833104153642072,19.898594313862567,39199.451511100684,6.117049339568707,74,24.999999999994454,9.0
20.359999999905888,19.83589754318886,20.066538661877384,39863.93141299336,0.0,75,24.999999999994454,9.0
20.37999999990513,19.832293922748985,20.115127203514255,40057.21589894236,55.344940795749025,72,24.999999999994454,9.0
20.399999999904374,19.8207580139971,20.075560491595386,39899.78477611885,0.0,75,24.999999999994454,9.0
20.419999999903617,19.827566653942355,20.082778552940177,39928.481446236954,2.320600265355991,75,24.999999999994454,9.0
20.43999999990286,19.83938032050014,20.06169890882821,39844.70454773942,0.0,75,24.999999999994454,9.0
20.459999999902102,19.828641464110905,19.914647077274843,39262.723653028734,0.0,75,24.999999999994454,9.0
20.479999999901345,19.82966525365842,19.78769371124742,38763.72941860393,3.0631546878609943,75,24.999999999994454,9.0
20.499999999900588,19.841086022650934,19.74031222521791,38578.312748159675,0.0,75,24.999999999994454,9.0
20.51999999989983,19.82909139398048,19.61503129989421,38090.19583668712,0.0,75,24.999999999994454,9.0
20.539999999899074,19.828292711033725,19.57242875168438,37924.91675673638,64.47776717267173,74,24.999999999994454,9.0
20.559999999898317,19.83897224442886,19.61635258341889,38095.3275790235,0.0,75,24.999999999994454,9.0
20.57999999989756,19.83046082601714,19.535800387718435,37783.1021820892,0.0,75,24.999999999994454,9.0
20.599999999896802,19.829947759089947,19.540825744861095,37802.54320831159,5.924294453394154,74,24.999999999994454,9.0
20.619999999896045,19.835853224687042,19.687002907112223,38370.23026299987,0.0,75,24.999999999994454,9.0
20.639999999895288,19.83033706224739,19.70897711467946,38455.93411178891,0.0,75,24.999999999994454,9.0
20.65999999989453,19.828581708575445,19.77749320864749,38723.77452419166,8.992816121755194,73,24.999999999994454,9.0
20.679999999893774,19.83090905401662,19.937512515654475,39352.936125876004,0.0,75,24.999999999994454,9.0
20.699999999893016,19.825944939219422,19.96366430473679,39456.24135474996,0.0,75,24.999999999994454,9.0
20.71999999989226,19.817832171712816,19.95578957307753,39425.12021101004,0.0,75,24.999999999994454,9.0
20.739999999891502,19.824963813920135,20.023011767193758,39691.17902268879,0.0,75,24.999999999994454,9.0
20.759999999890745,19.831127655020367,20.005478142572624,39621.69641558215,61.02711145360467,74,24.999999999994454,9.0
20.779999999889988,19.823688097856877,19.891443606004554,39171.283344355084,0.0,75,24.999999999994454,9.0
20.79999999988923,19.82677753528486,19.85034793884836,39009.59501604079,1.2359862995358633,75,24.999999999994454,9.0
20.819999999888473,19.83369886111401,19.827049483881346,38918.077232391675,0.0,75,24.999999999994454,9.0
20.839999999887716,19.822807453936793,19.7093399149922,38457.34990858577,0.0,75,24.999999999994454,9.0
20.85999999988696,19.82340286464096,19.682180307542716,38351.43394420361,4.811682011058606,75,24.999999999994454,9.0
20.879999999886202,19.833810124390993,19.70714380878804,38448.78019292502,0.0,75,24.999999999994454,9.0
20.899999999885445,19.822501028512235,19.613245206296106,38083.259364707425,0.0,75,24.999999999994454,9.0
20.919999999884688,19.821201132548556,19.61451204726398,38088.179202374115,9.224160533411371,73,24.999999999994454,9.0
20.93999999988393,19.830730684747486,19.716486533280424,38485.2442804858,119.00741837743053,74,24.999999999994454,9.0
20.959999999883173,19.823676130236393,19.689793765319454,38381.109873560476,0.0,75,24.999999999994454,9.0
20.979999999882416,19.822576368692786,19.743847539139875,38592.132049231164,53.69255755708182,71,24.999999999994454,9.0
20.99999999988166,19.8268893034254,19.901037100223114,39209.076488781226,1440.7038826049293,74,24.999999999994454,9.0
21.019999999880902,19.82057382822803,19.92649958171795,39309.47317244037,2704.441996329905,74,24.999999999994454,9.0
21.039999999880145,19.8167786044953,19.980820716460727,39524.08645383127,5582.646828381261,74,24.999999999994454,9.0
21.059999999879388,19.821708172815626,20.085284473447963,39938.446585553655,7357.502415179422,74,24.999999999994454,9.0
21.07999999987863,19.821558946684085,20.050303459669593,39799.45221365901,6821.278886844074,73,24.999999999994454,9.0
21.099999999877873,19.816204678184604,19.95232059874871,39411.41463024995,7369.503599191692,74,24.999999999994454,9.0
21.119999999877116,19.820038246616857,19.958211707689028,39434.6912423246,7004.136997130696,74,24.999999999994454,9.0
21.13999999987636,19.822524650230243,19.92621487759716,39308.34989546927,5944.818980972221,74,24.999999999994454,9.0
21.159999999875602,19.81402934780522,19.804444067274954,38829.38447656839,4641.81343161039,74,24.999999999994454,9.0
21.179999999874845,19.81575713992831,19.76664393732393,38681.30104194955,871.5332238279535,71,24.999999999994454,9.0
21.199999999874088,19.823354377919088,19.748180863574046,38609.07409462278,145.55696650397775,74,24.999999999994454,9.0
21.21999999987333,19.812187620923215,19.63459343282853,38166.20866797485,0.0,75,24.999999999994454,9.0
21.239999999872573,19.81251132989585,19.633188110774466,38160.74546391253,10.310387370851915,74,24.999999999994454,9.0
21.259999999871816,19.825848022492806,19.70753254322791,38450.29705529632,0.0,75,24.999999999994454,9.0
21.27999999987106,19.817283337285712,19.662814148771723,38275.99976466461,0.0,75,24.999999999994454,9.0
21.299999999870302,19.81769462461644,19.724535456105013,38516.672596955235,58.08624246189295,72,24.999999999994454,9.0
21.319999999869545,19.824151438270565,19.868636167090504,39081.50761088147,1679.5258281618958,74,24.999999999994454,9.0
21.339999999868787,19.816506545788478,19.887670867921756,39156.425802527585,3562.0991190630157,74,24.999999999994454,9.0
21.35999999986803,19.816177357973757,19.997575772510647,39590.40064095317,7023.573442593455,72,24.999999999994454,9.0
21.379999999867273,19.820502171132496,20.118972414545322,40072.53205070632,7521.225958821697,74,24.999999999994454,9.0
21.399999999866516,19.814671493386037,20.073668353867195,39892.26395692388,6883.611386013681,74,24.999999999994454,9.0
21.41999999986576,19.80900013481726,19.981130677809894,39525.31273320785,7314.47057157132,74,24.999999999994454,9.0
21.439999999865,19.815319979694966,19.99005941504697,39560.6450662937,6815.493841995336,74,24.999999999994454,9.0
21.459999999864245,19.813820917976056,19.924475150791167,39301.48629341497,6125.557767140723,74,24.999999999994454,9.0
21.479999999863487,19.806399640613034,19.782324691307803,38742.69664904031,4857.11118543371,74,24.999999999994454,9.0
21.49999999986273,19.81142411759477,19.714642608059236,38478.04618318696,958.0305962607956,73,24.999999999994454,9.0
21.519999999861973,19.816440123798206,19.66298379208686,38276.66022917918,69.76400785842952,74,24.999999999994454,9.0
21.539999999861216,19.807524964760134,19.549584682254245,37836.43986361435,0.0,75,24.999999999994454,9.0
21.55999999986046,19.81047095290175,19.565679065731388,37898.76393301675,1.342276712708615,75,24.999999999994454,9.0
21.5799999998597,19.822387566193918,19.618742800355108,38104.61183758205,159.01023980922932,74,24.999999999994454,9.0
21.599999999858944,19.814647832702757,19.580616936238492,37956.65540076726,0.0,75,24.999999999994454,9.0
21.619999999858187,19.817080261774223,19.697739044374174,38412.091422566016,324.88470490788063,73,24.999999999994454,9.0
21.63999999985743,19.82446886280269,19.852048455719867,39016.2789609367,2081.4584755152023,74,24.999999999994454,9.0
21.659999999856673,19.81542421438887,19.895131075766784,39185.80781167218,4544.730161209591,74,24.999999999994454,9.0
21.679999999855916,19.81653508182179,20.038017995796984,39750.694354788495,7524.597053727174,73,24.999999999994454,9.0
21.69999999985516,19.82062242976088,20.147319173738165,40185.53251895927,7424.10206923018,74,24.999999999994454,9.0
21.7199999998544,19.810608294788445,20.08244233834838,39927.14453703566,6990.926106516263,74,24.999999999994454,9.0
21.739999999853644,19.80486498536847,19.99009052817111,39560.768213123156,7191.471053421736,74,24.999999999994454,9.0
21.759999999852887,19.815995854391147,19.99151345234789,39566.40040142526,6582.9027930325465,74,24.999999999994454,9.0
21.77999999985213,19.81134135020089,19.896807437587814,39192.411674636525,6200.171204656547,74,24.999999999994454,9.0
21.799999999851373,19.8044851205109,19.74569853892628,38599.36846822539,4829.870681898621,74,24.999999999994454,9.0
21.819999999850616,19.81465837106717,19.66339464276929,38278.25979885151,941.0086917539936,72,24.999999999994454,9.0
21.83999999984986,19.816083583486304,19.582758325652094,37964.957940448745,6.395961842946971,72,24.999999999994454,9.0
21.8599999998491,19.808259679192684,19.47749650512961,37557.914140626286,35.52688178777365,74,24.999999999994454,9.0
21.879999999848344,19.813761191022625,19.52215451805736,37730.33718566383,247.9990684645303,74,24.999999999994454,9.0
21.899999999847587,19.82129352740037,19.563606393217135,37890.73481576391,1562.2057936901301,74,24.999999999994454,9.0
21.91999999984683,19.816396713145604,19.552162419457,37846.41847240584,4650.6804975867935,74,24.999999999994454,9.0
21.939999999846073,19.819933062525095,19.716955540763813,38487.07524384923,8525.506847811523,73,24.999999999994454,9.0
21.959999999845316,19.82593070257458,19.86318702531638,39060.073681466994,7930.054392700977,74,24.999999999994454,9.0
21.97999999984456,19.815504296888317,19.924618963133575,39302.05364178014,8063.531837576622,74,24.999999999994454,9.0
21.9999999998438,19.816286251166957,20.083480725386224,39931.27360664903,7152.854183321178,71,24.999999999994454,9.0
22.019999999843044,19.82095812623516,20.17821354708528,40308.86989322582,4719.465578275596,73,24.999999999994454,9.0
22.039999999842287,19.808688065972504,20.09836348841961,39990.477276351216,4873.547196425178,74,24.999999999994454,9.0
22.05999999984153,19.80652297336468,20.01266560959748,39650.171695355006,2407.524736961919,74,24.999999999994454,9.0
22.079999999840773,19.820625545320787,20.012168078457208,39648.20024884174,104.47439256956963,74,24.999999999994454,9.0
22.099999999840016,19.81311552968959,19.900329638689467,39206.28885312174,0.0,75,24.999999999994454,9.0
22.11999999983926,19.80838265083378,19.75539794246989,38637.299038669014,1.6981670166008944,75,24.999999999994454,9.0
22.1399999998385,19.81997790301285,19.69057144537394,38384.14178069218,4.72012453321536,75,24.999999999994454,9.0
22.159999999837744,19.81716359897758,19.593549487745772,38006.81097134552,0.0,75,24.999999999994454,9.0
22.179999999836987,19.810792636873938,19.50452659418758,37662.22920867369,49.36022263920778,74,24.999999999994454,9.0
22.19999999983623,19.81813081903486,19.57354075669264,37929.22627763688,544.6659378294482,74,24.999999999994454,9.0
22.219999999835473,19.821274489830518,19.591574078843223,37999.14771379336,1568.824298479895,74,24.999999999994454,9.0
22.239999999834716,19.818149285062482,19.587983400462882,37985.22027598413,5027.2251656676435,74,24.999999999994454,9.0
22.25999999983396,19.82130038983894,19.751931517798774,38623.74106969745,8441.249177226642,74,24.999999999994454,9.0
22.2799999998332,19.823337805437497,19.85868508761931,39042.369967514125,7765.86410092915,74,24.999999999994454,9.0
22.299999999832444,19.814786664696047,19.910884013243756,39247.88691669573,7936.513899732895,74,24.999999999994454,9.0
22.319999999831687,19.814756081220782,20.06453425651834,39855.967958168796,6808.574160809377,74,24.999999999994454,9.0
22.33999999983093,19.821441121406103,20.13529984388834,40137.599680525695,4626.1652819456385,73,24.999999999994454,9.0
22.359999999830173,19.80805501082826,20.042787933587693,39769.62146692607,4723.947703044556,74,24.999999999994454,9.0
22.379999999829415,19.80932969778499,19.982976963911746,39532.61746568252,1603.9544233300057,74,24.999999999994454,9.0
22.39999999982866,19.82416088266725,19.996427393687686,39585.8537425913,145.9999749756932,74,24.999999999994454,9.0
22.4199999998279,19.814227177087506,19.883789784059314,39141.14452148949,0.0,75,24.999999999994454,9.0
22.439999999827144,19.811529316077554,19.769923936389567,38694.139352612285,3.4643317870807153,75,24.999999999994454,9.0
22.459999999826387,19.822731510963777,19.74515614355434,38597.247922200826,0.0,75,24.999999999994454,9.0
22.47999999982563,19.81581163471999,19.641422594202275,38192.76267087993,0.0,75,24.999999999994454,9.0
22.499999999824873,19.811220339772934,19.569877492463995,37915.03040193484,3.1558249323226377,75,24.999999999994454,9.0
22.519999999824115,19.819920802372913,19.64343239351791,38200.57918367216,52.519845647510536,74,24.999999999994454,9.0
22.539999999823358,19.81870027952587,19.622920320826147,38120.841189831684,0.0,75,24.999999999994454,9.0
22.5599999998226,19.815893241205668,19.600515899562716,38033.84212937207,10.131736312537694,74,24.999999999994454,9.0
22.579999999821844,19.818733806688563,19.730242908904255,38538.9660391923,0.0,75,24.999999999994454,9.0
22.599999999821087,19.818650800638558,19.78339782859603,38746.90013480531,8.217767614417278,73,24.999999999994454,9.0
22.61999999982033,19.81260538382316,19.80975621842709,38850.217701917565,0.0,75,24.999999999994454,9.0
22.639999999819572,19.813216451579265,19.953830296329283,39417.37900597612,2.1927161502257104,75,24.999999999994454,9.0
22.659999999818815,19.81809295277381,20.00474707334516,39618.800641382666,0.0,75,24.999999999994454,9.0
22.679999999818058,19.80740209817244,19.927188331299124,39312.190644315335,0.0,75,24.999999999994454,9.0
22.6999999998173,19.809513877408605,19.93795704447195,39354.69097961366,5.701460862046532,74,24.999999999994454,9.0
22.719999999816544,19.823167818244006,19.970536112561255,39483.40894968821,184.28983295318693,74,24.999999999994454,9.0
22.739999999815787,19.811793682565366,19.86529760401742,39068.37484072185,0.0,75,24.999999999994454,9.0
22.75999999981503,19.81140338710865,19.803439294700667,38825.44458199055,2.925705464295743,75,24.999999999994454,9.0
22.779999999814272,19.821898358253236,19.810268236753853,38852.22603360172,0.0,75,24.999999999994454,9.0
22.799999999813515,19.81133767538454,19.703636372491875,38435.09534363909,0.0,75,24.999999999994454,9.0
22.819999999812758,19.80838930960424,19.645088331914003,38207.020061301664,62.17371760127078,73,24.999999999994454,9.0
22.839999999812,19.817971533300103,19.702617056205145,38431.11876748313,778.1950821781696,74,24.999999999994454,9.0
22.859999999811244,19.812014472803256,19.64735538377223,38215.838784048115,1417.3280155397229,74,24.999999999994454,9.0
22.879999999810487,19.808608961375874,19.609214268348335,38067.6071379776,4675.275326753711,73,24.999999999994454,9.0
22.89999999980973,19.814449517573813,19.707552102711134,38450.37337822633,7760.876371230118,73,24.999999999994454,9.0
22.919999999808972,19.81282860894586,19.71205685571709,38467.95336281929,7343.712684186743,74,24.999999999994454,9.0
22.939999999808215,19.8088303082277,19.715450083973863,38481.198229352834,7721.442276083208,74,24.999999999994454,9.0
22.959999999807458,19.81150010776677,19.856444518999965,39033.56050467625,6319.073588448405,73,24.999999999994454,9.0
22.9799999998067,19.81330132578558,19.901834473177477,39212.218524377786,4570.714010356126,70,24.999999999994454,9.0
22.999999999805944,19.806124314673415,19.881629757170128,39132.64097831808,4230.179368688353,73,24.999999999994454,9.0
23.019999999805187,19.807875137833687,19.966065206756916,39465.73222420644,7344.542615498806,74,24.999999999994454,9.0
23.03999999980443,19.815931115294852,19.991005311800112,39564.38904426561,6995.741260618517,73,24.999999999994454,9.0
23.059999999803672,19.80611899983675,19.89291314709004,39177.07135428912,7312.628152271672,74,24.999999999994454,9.0
23.079999999802915,19.80661083658095,19.877596217993418,39116.76430915303,7004.276168487716,73,24.999999999994454,9.0
23.099999999802158,19.81764358206106,19.893037110601036,39177.559622891255,6101.063459509565,74,24.999999999994454,9.0
23.1199999998014,19.805037637201632,19.779074334357144,38729.96637087853,5072.880857390509,74,24.999999999994454,9.0
23.139999999800644,19.803288822025227,19.717244223514864,38488.202257203295,1873.4790599657395,73,24.999999999994454,9.0
23.159999999799886,19.813622644557846,19.741444368548475,38582.73794989294,127.51725690167348,74,24.999999999994454,9.0
23.17999999979913,19.803639849730637,19.651133724031347,38230.53860733645,0.0,75,24.999999999994454,9.0
23.199999999798372,19.79978642537277,19.611384338909204,38076.03317315291,3.7860386754318474,75,24.999999999994454,9.0
23.219999999797615,19.81041535316811,19.699824234688208,38420.224412883275,77.2456453789446,74,24.999999999994454,9.0
23.239999999796858,19.806707049461494,19.67778215102789,38334.295927947875,0.0,75,24.999999999994454,9.0
23.2599999997961,19.80425018714498,19.68147952466171,38348.70299168814,10.177486827038102,73,24.999999999994454,9.0
23.279999999795344,19.809177453233488,19.820950396068124,38894.137385735914,0.0,75,24.999999999994454,9.0
23.299999999794586,19.808283014673375,19.855884478217856,39031.35869282095,0.0,75,24.999999999994454,9.0
23.31999999979383,19.80461950887672,19.889469455718398,39163.50852776556,0.0,75,24.999999999994454,9.0
23.339999999793072,19.806971754852256,20.021426102419838,39684.89281429118,0.0,75,24.999999999994454,9.0
23.359999999792315,19.809155895289337,20.037448678677734,39748.43560551376,64.46652947444059,74,24.999999999994454,9.0
23.379999999791558,19.800398491698875,19.950062794485227,39402.495544886464,0.0,75,24.999999999994454,9.0
23.3999999997908,19.802281064760876,19.955095772709743,39422.378882503814,5.564183206712627,74,24.999999999994454,9.0
23.419999999790043,19.810393510538212,19.95165254085002,39408.7754719699,0.0,75,24.999999999994454,9.0
23.439999999789286,19.79851025277334,19.82036736095365,38891.84926999252,0.0,75,24.999999999994454,9.0
23.45999999978853,19.798998106821543,19.738507283002043,38571.258306351345,3.6756778449848175,75,24.999999999994454,9.0
23.479999999787772,19.811253660309728,19.73366669134651,38552.34250743071,0.0,75,24.999999999994454,9.0
23.499999999787015,19.79925455276281,19.62551082980473,38130.90685774748,0.0,75,24.999999999994454,9.0
23.519999999786258,19.797016396048043,19.592672626945973,38003.40924600112,4.807262998773769,75,24.999999999994454,9.0
23.5399999997855,19.809401536961033,19.66510033603771,38284.90095141662,0.0,75,24.999999999994454,9.0
23.559999999784743,19.80306253560546,19.621350745250844,38114.74310174743,0.0,75,24.999999999994454,9.0
23.579999999783986,19.80183622954335,19.654831597460888,38244.928107330146,57.71322722718618,71,24.999999999994454,9.0
23.59999999978323,19.808596141991618,19.81305459416871,38863.156102799476,1576.6541779646773,74,24.999999999994454,9.0
23.619999999782472,19.805442099368847,19.848746467857122,39003.300898181784,2858.887254835725,74,24.999999999994454,9.0
23.639999999781715,19.804065756153513,19.919507259917093,39281.890178311085,6144.6706427947765,74,24.999999999994454,9.0
23.659999999780958,19.806916412193175,20.05730368983069,39827.24769930349,7617.412710172353,74,24.999999999994454,9.0
23.6799999997802,19.8040650973601,20.049587314070056,39796.60919498737,6786.169475464741,72,24.999999999994454,9.0
23.699999999779443,19.79536988336328,19.967348223560975,39470.80451301342,7286.161159436081,74,24.999999999994454,9.0
23.719999999778686,19.80155486490383,19.977872680855942,39512.42428839653,6843.729302928151,73,24.999999999994454,9.0
23.73999999977793,19.806409213042443,19.94793836891959,39394.104271851225,6090.699192380842,74,24.999999999994454,9.0
23.759999999777172,19.795857186658147,19.806058259443127,38835.71443386908,5110.05378371511,74,24.999999999994454,9.0
23.779999999776415,19.80059706243677,19.71410238166489,38475.937438761764,1739.891039463043,73,24.999999999994454,9.0
23.799999999775657,19.811535826692605,19.686016039627123,38366.38352373318,156.9379342078069,74,24.999999999994454,9.0
23.8199999997749,19.799445690344925,19.572719672329754,37926.04418178881,0.0,75,24.999999999994454,9.0
23.839999999774143,19.799060562217843,19.5640766089229,37892.55626242061,53.2778378539222,72,24.999999999994454,9.0
23.859999999773386,19.811921009325552,19.631540441041476,38154.34062873645,1284.912802322841,73,24.999999999994454,9.0
23.87999999977263,19.803394567602943,19.58516549889787,37974.29205430272,2899.9515379283807,74,24.999999999994454,9.0
23.89999999977187,19.803299228487322,19.656333642436575,38250.77377401561,7220.243611931086,74,24.999999999994454,9.0
23.919999999771115,19.810724739844023,19.816224084633166,38875.59096026716,8036.500190267424,73,24.999999999994454,9.0
23.939999999770357,19.80435522022754,19.837644879577773,38959.68328245559,7801.427775325861,74,24.999999999994454,9.0
23.9599999997696,19.803115559411797,19.922848187212736,39295.068109181855,7578.710705768677,72,24.999999999994454,9.0
23.979999999768843,19.80694441024779,20.049147654097453,39794.86384392434,5796.522382222584,74,24.999999999994454,9.0
23.999999999768086,19.801273286684083,20.013617795638464,39653.94482971976,5001.376918035447,73,24.999999999994454,9.0
24.01999999976733,19.793984687296355,19.93333612724826,39336.45102702421,3213.74144718587,74,24.999999999994454,9.0
24.03999999976657,19.804635701935364,19.953277671587603,39415.195694108166,53.6511701879095,74,24.999999999994454,9.0
24.059999999765814,19.8059613638039,19.910662729674538,39247.014543150224,19.929945205810753,73,24.999999999994454,9.0
24.079999999765057,19.7972172812012,19.78202701982658,38741.53070830174,0.0,75,24.999999999994454,9.0
24.0999999997643,19.804060348342084,19.727671314881814,38528.920535293066,6.237536424538446,74,24.999999999994454,9.0
24.119999999763543,19.81022802410641,19.694956828406042,38401.241122805004,0.0,75,24.999999999994454,9.0
24.139999999762786,19.800229334076356,19.587127535664507,37981.90094474029,0.0,75,24.999999999994454,9.0
24.15999999976203,19.801608538286487,19.607697285516558,38061.71749120489,4.237548568977167,75,24.999999999994454,9.0
24.17999999976127,19.81342618343006,19.66612033700039,38288.87262182865,173.05460117437647,74,24.999999999994454,9.0
24.199999999760514,19.803533133507017,19.61101060687751,38074.581965283156,0.0,75,24.999999999994454,9.0
24.219999999759757,19.80298711959125,19.67813079567247,38335.654329547724,52.86376467135034,71,24.999999999994454,9.0
24.239999999759,19.81160461473479,19.802324085171392,38821.07187824174,1644.1681610797793,73,24.999999999994454,9.0
24.259999999758243,19.80219721159983,19.789282498653133,38769.95447933842,3228.821479373251,74,24.999999999994454,9.0
24.279999999757486,19.799701859659546,19.86424882388419,39064.249752381256,6651.462291998662,71,24.999999999994454,9.0
24.29999999975673,19.806931501284314,19.976654886423518,39507.60730467559,7399.379120341384,73,24.999999999994454,9.0
24.31999999975597,19.79976487251141,19.92577535058619,39306.61580888079,7045.340976538191,74,24.999999999994454,9.0
24.339999999755214,19.794750664214714,19.876524239706754,39112.54536931337,7268.360950499393,74,24.999999999994454,9.0
24.359999999754457,19.806646802780296,19.934657014983763,39341.66448019909,6287.28269142174,73,24.999999999994454,9.0
24.3799999997537,19.80455619271752,19.89070502148741,39168.37447893062,5350.829048230461,73,24.999999999994454,9.0
24.399999999752943,19.798947981220234,19.799488715097368,38809.95558454753,3680.096815872536,74,24.999999999994454,9.0
24.419999999752186,19.805479782090963,19.812486669119988,38860.928173391665,305.87340242487335,73,24.999999999994454,9.0
24.43999999975143,19.806348950054712,19.780982166371924,38737.43829116609,31.531388731532743,70,24.999999999994454,9.0
24.45999999975067,19.799007949088516,19.68625562521945,38367.31739360695,0.0,75,24.999999999994454,9.0
24.479999999749914,19.801823031303382,19.7215513838585,38505.019309630945,2.6623505560153427,75,24.999999999994454,9.0
24.499999999749157,19.808505307873435,19.74791766944093,38608.04497562271,110.86302507600604,74,24.999999999994454,9.0
24.5199999997484,19.799218978672798,19.666814577178016,38291.57596569707,0.0,75,24.999999999994454,9.0
24.539999999747643,19.798979442326893,19.699364099816048,38418.42964777501,6.892326459636211,72,24.999999999994454,9.0
24.559999999746886,19.80944577539899,19.766192490061364,38679.53418986167,0.0,75,24.999999999994454,9.0
24.57999999974613,19.79775074613157,19.70350154216862,38434.56932920188,0.0,75,24.999999999994454,9.0
24.59999999974537,19.795482204919168,19.745796663887425,38599.75210326719,7.525656937128719,72,24.999999999994454,9.0
24.619999999744614,19.806744968515016,19.8477379892658,38999.33762576393,134.30913345098912,74,24.999999999994454,9.0
24.639999999743857,19.79820901420082,19.807637849331233,38841.90919985566,0.0,75,24.999999999994454,9.0
24.6599999997431,19.79501670850936,19.829408321357114,38927.33800313557,51.67717054859238,73,24.999999999994454,9.0
24.679999999742343,19.805552833218655,19.92968425319409,39322.03912876923,987.4414240036419,74,24.999999999994454,9.0
24.699999999741586,19.800719352354506,19.89070968863717,39168.39285984681,1700.3332597720105,74,24.999999999994454,9.0
24.71999999974083,19.797405434809274,19.862019895006487,39055.48359665372,4658.5617502114,74,24.999999999994454,9.0
24.73999999974007,19.80410955524181,19.93500462940529,39343.03654786663,7243.320460154347,73,24.999999999994454,9.0
24.759999999739314,19.801634894747096,19.89427806930489,39182.44768998372,6766.584049752256,74,24.999999999994454,9.0
24.779999999738557,19.795692137272976,19.80558962115374,38833.87664391372,7379.90102638854,73,24.999999999994454,9.0
24.7999999997378,19.79995786865541,19.826999992810272,38917.88294277495,6926.534612964563,73,24.999999999994454,9.0
24.819999999737043,19.80101686384435,19.799048615927507,38808.23028349024,6108.425806602532,74,24.999999999994454,9.0
24.839999999736285,19.79191411991298,19.685625665460137,38364.86192622166,4671.126339852127,74,24.999999999994454,9.0
24.85999999973553,19.79510529805946,19.683906994922488,38358.16326389109,455.9427940487199,74,24.999999999994454,9.0
24.87999999973477,19.803250008557214,19.70698787289118,38448.17173120572,0.0,75,24.999999999994454,9.0
24.899999999734014,19.792406868141,19.630459948061816,38150.140819473454,0.0,75,24.999999999994454,9.0
24.919999999733257,19.792422756361674,19.67446782857117,38321.383749410714,7.8269680228133005,73,24.999999999994454,9.0
24.9399999997325,19.8057543876428,19.765217398697516,38675.71806295973,171.7773395817958,74,24.999999999994454,9.0
24.959999999731743,19.796532863982776,19.730994705483205,38541.90305471282,0.0,75,24.999999999994454,9.0
24.979999999730985,19.796265519187642,19.80481608783727,38830.84328703274,7.558038617914733,71,24.999999999994454,9.0
24.99999999973023,19.804930651187842,19.935289082172513,39344.15932818888,0.0,75,24.999999999994454,9.0
25.01999999972947,19.79699795020423,19.917685902124965,39274.70695787505,0.0,75,24.999999999994454,9.0
25.039999999728714,19.794075304417436,19.94900237885239,39398.306895234375,6.829815307239818,74,24.999999999994454,9.0
25.059999999727957,19.801507111685144,20.026700955817944,39705.806366202174,88.3151541253378,74,24.999999999994454,9.0
25.0799999997272,19.795641591959672,19.945715642442163,39385.32567642704,0.5550231447266519,75,24.999999999994454,9.0
25.099999999726442,19.78959663000622,19.82764367896286,38920.409932131675,0.18808286635067767,75,24.999999999994454,9.0
25.119999999725685,19.798241526975367,19.82374435834756,38905.10319812656,0.0,75,24.999999999994454,9.0
25.139999999724928,19.796421403213408,19.770268294128744,38695.4873337614,0.0,75,24.999999999994454,9.0
25.15999999972417,19.78743889167867,19.659679432930336,38263.79654515282,0.0,75,24.999999999994454,9.0
25.179999999723414,19.795359426496855,19.650790664090632,38229.203798667244,0.0,75,24.999999999994454,9.0
25.199999999722657,19.800045801023117,19.637373878136213,38177.01883014094,0.0,75,24.999999999994454,9.0
25.2199999997219,19.790495267226017,19.55724972730367,37866.11567271583,0.0,75,24.999999999994454,9.0
25.239999999721142,19.792406307833353,19.637803435924134,38178.689055011375,1.2295959336537077,75,24.999999999994454,9.0
25.259999999720385,19.804196294289525,19.733854068811606,38553.07464450609,0.0,75,24.999999999994454,9.0
25.279999999719628,19.796165857596932,19.724791486713045,38517.67252023643,0.0,75,24.999999999994454,9.0
25.29999999971887,19.796758624815364,19.833347327666477,38942.80495576564,7.384104310824423,72,24.999999999994454,9.0
25.319999999718114,19.804160553785856,19.9516651789475,39408.82539786979,161.65165753995697,74,24.999999999994454,9.0
25.339999999717357,19.79265011128357,19.935546422713237,39345.1751060433,0.0,75,24.999999999994454,9.0
25.3599999997166,19.789380426157074,19.986099562042252,39544.97339468268,4.451039512203219,75,24.999999999994454,9.0
25.379999999715842,19.800607713230658,20.04181463024224,39765.75903362619,117.79486036830558,74,24.999999999994454,9.0
25.399999999715085,19.792655706107197,19.931945229357403,39330.96162198423,0.0,75,24.999999999994454,9.0
25.419999999714328,19.78875093067633,19.802369714669865,38821.25078533095,4.3482490461150975,75,24.999999999994454,9.0
25.43999999971357,19.800798283331815,19.79860042446437,38806.47329799248,0.0,75,24.999999999994454,9.0
25.459999999712814,19.796309049984536,19.73796040173636,38569.12100123074,4.0519688974690125,75,24.999999999994454,9.0
25.479999999712057,19.78888054942778,19.65963091975007,38263.60770217851,46.88875338118362,74,24.999999999994454,9.0
25.4999999997113,19.797577989928378,19.68490333940032,38362.04652867186,0.0,75,24.999999999994454,9.0
25.519999999710542,19.79793666555177,19.653613765428478,38240.18887002334,2.2294354944742305,75,24.999999999994454,9.0
25.539999999709785,19.79073073233428,19.583829431371367,37969.11114450769,25.067074331651913,74,24.999999999994454,9.0
25.559999999709028,19.793991740590158,19.687507180548366,38372.1959594302,719.2655798508096,74,24.999999999994454,9.0
25.57999999970827,19.801163548582597,19.76235467998154,38664.51558724144,1872.572432127276,73,24.999999999994454,9.0
25.599999999707514,19.79451173657621,19.744424648704065,38594.38816612691,4059.6478108632255,74,24.999999999994454,9.0
25.619999999706756,19.794590842136103,19.834651412711434,38947.9262697138,7566.836073793496,74,24.999999999994454,9.0
25.639999999706,19.80159817727477,19.90353574829316,39218.92279307479,7148.895417756502,73,24.999999999994454,9.0
25.659999999705242,19.788750045268262,19.84499469383132,38988.557625421134,7416.42680947707,74,24.999999999994454,9.0
25.679999999704485,19.788688865074864,19.87359589097035,39101.02155012177,7015.294582287823,74,24.999999999994454,9.0
25.699999999703728,19.80233200420822,19.92834734318219,39316.763755221145,5842.5501727532155,73,24.999999999994454,9.0
25.71999999970297,19.792332714716128,19.836779249841577,38956.28328968759,5177.130592019665,74,24.999999999994454,9.0
25.739999999702214,19.7900383750071,19.774884267881816,38713.558733003854,2216.910744313003,74,24.999999999994454,9.0
25.759999999701456,19.80255938079026,19.815619176513657,38873.21757151296,99.16028124482943,74,24.999999999994454,9.0
25.7799999997007,19.795383930467583,19.751271493092606,38621.15983379141,0.0,75,24.999999999994454,9.0
25.799999999699942,19.791024260497004,19.711281975257855,38464.92907370439,0.0,75,24.999999999994454,9.0
25.819999999699185,19.79946778115953,19.78635684283474,38758.49179408731,0.0,75,24.999999999994454,9.0
25.839999999698428,19.79675517017172,19.753746522555517,38630.83966606004,0.0,75,24.999999999994454,9.0
25.85999999969767,19.792126229554412,19.69769711932996,38411.927908681115,43.72766703715035,74,24.999999999994454,9.0
25.879999999696913,19.796290196872512,19.768942299670243,38690.296885121454,517.7942315013925,74,24.999999999994454,9.0
25.899999999696156,19.796964297070385,19.772262223963583,38703.29299186456,1133.8099373367113,71,24.999999999994454,9.0
25.9199999996954,19.78883396482661,19.70244877675035,38430.46229224667,3469.843641387327,74,24.999999999994454,9.0
25.939999999694642,19.7913843953716,19.758767839597102,38650.48174737058,7159.527930751316,74,24.999999999994454,9.0
25.959999999693885,19.79767130010875,19.791164759210144,38777.33005009395,7048.113994676862,73,24.999999999994454,9.0
25.979999999693128,19.786955125757004,19.715811007046916,38482.60716289364,7447.144209672286,74,24.999999999994454,9.0
25.99999999969237,19.788944041873677,19.754019058494816,38631.90562737427,7095.493388048885,71,24.999999999994454,9.0
26.019999999691613,19.802538159297008,19.823857879778142,38905.54878252655,5347.112862488317,72,24.999999999994454,9.0
26.039999999690856,19.792116345908553,19.769373738217006,38691.98566212912,4330.6827718215645,73,24.999999999994454,9.0
26.0599999996901,19.79087639961381,19.810822402067675,38854.39974038038,6465.916486345637,70,24.999999999994454,9.0
26.079999999689342,19.802372485348616,19.90871984071373,39239.355443906825,7449.715355479548,74,24.999999999994454,9.0
26.099999999688585,19.793892567670998,19.86249626051008,39057.357012178916,7409.079389149203,74,24.999999999994454,9.0
26.119999999687828,19.79152326158168,19.873896630031737,39102.2049588575,7222.682339319294,73,24.999999999994454,9.0
26.13999999968707,19.799248067985264,19.953343380602774,39415.45529436021,6054.803445773623,73,24.999999999994454,9.0
26.159999999686313,19.792137969617592,19.880339687435654,39127.56270269509,5506.598013965084,74,24.999999999994454,9.0
26.179999999685556,19.78631256918468,19.791307865904038,38777.89083725651,3289.6550281845407,74,24.999999999994454,9.0
26.1999999996848,19.794388193413575,19.810940339796172,38854.86235754936,121.53741786674541,74,24.999999999994454,9.0
26.219999999684042,19.791180788725,19.75531550085715,38636.976563302276,0.0,75,24.999999999994454,9.0
26.239999999683285,19.782530165090144,19.64915152642671,38222.826415139236,0.0,75,24.999999999994454,9.0
26.259999999682528,19.79112855353656,19.66291887897106,38276.407505258656,3.9914416416736795,75,24.999999999994454,9.0
26.27999999968177,19.794594345935437,19.666305654190424,38289.59423032018,5.182582810814128,74,24.999999999994454,9.0
26.299999999681013,19.784903672293808,19.60900953626445,38066.81224433769,0.0,75,24.999999999994454,9.0
26.319999999680256,19.787783695730035,19.696790947955662,38408.39379109935,2.8841206115048355,75,24.999999999994454,9.0
26.3399999996795,19.798792483620414,19.778870740371012,38729.16904866615,136.07926389584142,74,24.999999999994454,9.0
26.35999999967874,19.791324104741363,19.762092749056485,38663.49067240878,0.0,75,24.999999999994454,9.0
26.379999999677985,19.792019040328313,19.869128308613003,39083.44371466854,296.86241701214817,74,24.999999999994454,9.0
26.399999999677227,19.80083385445302,19.97902346601221,39516.976486891195,1632.2586684229111,73,24.999999999994454,9.0
26.41999999967647,19.789013786502,19.95288333575445,39413.63778761253,3222.4065084129006,74,24.999999999994454,9.0
26.439999999675713,19.78620405164985,19.986005957870855,39544.60298065688,5597.2325915473675,72,24.999999999994454,9.0
26.459999999674956,19.797145446262057,20.025902725198126,39702.64121595067,6739.062663868599,74,24.999999999994454,9.0
26.4799999996742,19.787503261934557,19.899435706962095,39202.76660409628,6663.328686576985,74,24.999999999994454,9.0
26.49999999967344,19.784209796750105,19.76078521102494,38658.37458346993,7208.423945870823,73,24.999999999994454,9.0
26.519999999672685,19.796779969961758,19.7531067788194,38628.33751412866,6451.645308119434,74,24.999999999994454,9.0
26.539999999671927,19.791236149811358,19.692024662027126,38389.807693698574,5526.785842734328,74,24.999999999994454,9.0
26.55999999967117,19.78380138022781,19.62838125759878,38142.06172857185,3099.7900604116303,74,24.999999999994454,9.0
26.579999999670413,19.793141933481234,19.671646177607336,38310.39267036036,31.87296634369312,74,24.999999999994454,9.0
26.599999999669656,19.79288187667552,19.646987810330323,38214.40887190756,0.4108577263993147,75,24.999999999994454,9.0
26.6199999996689,19.786887609945005,19.604088871276403,38047.709746817425,0.0,75,24.999999999994454,9.0
26.63999999966814,19.790733504746665,19.74716972576873,38605.120505653395,2.1080784650603426,75,24.999999999994454,9.0
26.659999999667384,19.796713209400746,19.838050744132826,38961.2774753521,78.71147220993522,74,24.999999999994454,9.0
26.679999999666627,19.790598582186853,19.842923535879887,38980.41983062682,0.0,75,24.999999999994454,9.0
26.69999999966587,19.790562065361893,19.93832235249257,39356.13312495858,3.2526522251348196,75,24.999999999994454,9.0
26.719999999665113,19.796022166333184,19.979574564897945,39519.156579637376,152.8161664059805,74,24.999999999994454,9.0
26.739999999664356,19.782167063840177,19.88608232904706,39150.17076936614,0.0,75,24.999999999994454,9.0
26.7599999996636,19.78534420444559,19.86439003952416,39064.80517259232,3.5255819574035527,75,24.999999999994454,9.0
26.77999999966284,19.799459845724535,19.890618235005352,39168.032683302015,0.0,75,24.999999999994454,9.0
26.799999999662084,19.787574858477832,19.783234596016275,38746.26073702051,0.0,75,24.999999999994454,9.0
26.819999999661327,19.78730106019215,19.695630453236376,38403.86803609476,5.540201559401586,74,24.999999999994454,9.0
26.83999999966057,19.800800365088158,19.710198850166268,38460.70193259647,0.0,75,24.999999999994454,9.0
26.859999999659813,19.79283564853086,19.635833358986137,38171.029218485404,0.0,75,24.999999999994454,9.0
26.879999999659056,19.78785117524692,19.614179720519108,38086.88856477348,1.2939712709388813,75,24.999999999994454,9.0
26.8999999996583,19.797357605020846,19.72561496175699,38520.88867632963,38.835558898868555,74,24.999999999994454,9.0
26.91999999965754,19.795453633641355,19.725312675650237,38519.70805506462,0.0,75,24.999999999994454,9.0
26.939999999656784,19.792275858280462,19.72230731656126,38507.97118299969,6.817243706524777,74,24.999999999994454,9.0
26.959999999656027,19.79545860565935,19.841327847033142,38974.150782611825,0.0,75,24.999999999994454,9.0
26.97999999965527,19.79410618208657,19.85652764773813,39033.88733231348,18.609796297694718,74,24.999999999994454,9.0
26.999999999654513,19.785330913769563,19.818728406188548,38885.41756818822,0.0,75,24.999999999994454,9.0
27.019999999653756,19.78900638554256,19.88083700962651,39129.520340130184,4.9768559645530095,75,24.999999999994454,9.0
27.039999999653,19.794543463396757,19.879152336879034,39122.88906565148,89.14652745914421,74,24.999999999994454,9.0
27.05999999965224,19.78287713500151,19.7612834508369,38660.32403880771,0.0,75,24.999999999994454,9.0
27.079999999651484,19.788978719435175,19.73426740132251,38554.68967682312,44.604625576338705,74,24.999999999994454,9.0
27.099999999650727,19.802314155419694,19.77381819194706,38709.38470292948,0.0,75,24.999999999994454,9.0
27.11999999964997,19.790180690427984,19.70660812974821,38446.68999396637,0.0,75,24.999999999994454,9.0
27.139999999649213,19.78904563786748,19.72660567317113,38524.75816709395,8.08445505984074,74,24.999999999994454,9.0
27.159999999648456,19.801232098155314,19.804164648745704,38828.28880602828,147.63345328469165,74,24.999999999994454,9.0
27.1799999996477,19.79247897567451,19.745520028190672,38598.67055718422,0.0,75,24.999999999994454,9.0
27.19999999964694,19.790568232768596,19.767312742762183,38683.91865394665,7.271163556323585,74,24.999999999994454,9.0
27.219999999646184,19.798480367486484,19.88283156541699,39137.37211481547,0.0,75,24.999999999994454,9.0
27.239999999645427,19.79143576152885,19.847463731895836,38998.25984230314,0.0,75,24.999999999994454,9.0
27.25999999964467,19.78561722485213,19.816546281882896,38876.85514765868,0.0,75,24.999999999994454,9.0
27.279999999643913,19.792777843267277,19.86529609920493,39068.36892179957,0.0,75,24.999999999994454,9.0
27.299999999643155,19.78843203847302,19.795929950650894,38796.005418496636,0.0,75,24.999999999994454,9.0
27.3199999996424,19.78052262482645,19.67589211475447,38326.932320634245,0.0,75,24.999999999994454,9.0
27.33999999964164,19.790784892363288,19.690846367246078,38385.21363519032,8.35304977972809,74,24.999999999994454,9.0
27.359999999640884,19.793683035325493,19.703667836311144,38435.21809416454,9.237936615309563,72,24.999999999994454,9.0
27.379999999640127,19.783561228392077,19.65866258453693,38259.83844665455,2.8482182161277487,75,24.999999999994454,9.0
27.39999999963937,19.78810177447342,19.72978170100402,38537.16431095803,298.002936073292,74,24.999999999994454,9.0
27.419999999638613,19.797253299335583,19.780862844111912,38736.97095089915,1390.9880674515482,73,24.999999999994454,9.0
27.439999999637855,19.78954392928244,19.73480594168799,38556.793990052276,3667.721991502447,74,24.999999999994454,9.0
27.4599999996371,19.790265535328636,19.836414082531494,38954.84904171172,7743.817287793049,74,24.999999999994454,9.0
27.47999999963634,19.80096514980219,19.952052427228463,39410.35520982845,7458.320047912431,73,24.999999999994454,9.0
27.499999999635584,19.78978204155216,19.927329182431397,39312.74638615321,7467.249914178266,74,24.999999999994454,9.0
27.519999999634827,19.78689850426967,19.957944684421907,39433.63604661802,6989.4645835158,71,24.999999999994454,9.0
27.53999999963407,19.795539768487902,19.994890627380105,39579.769468888386,6369.4652005718535,74,24.999999999994454,9.0
27.559999999633312,19.78400806748689,19.85980381142669,39046.768935407454,5970.33038961932,74,24.999999999994454,9.0
27.579999999632555,19.781559622951807,19.72291130163045,38510.32979098624,3988.3151729479973,72,24.999999999994454,9.0
27.599999999631798,19.794320465418153,19.729798379743666,38537.229466428245,76.55256515970564,74,24.999999999994454,9.0
27.61999999963104,19.786985948041202,19.676948127575915,38331.046473916016,0.0,75,24.999999999994454,9.0
27.639999999630284,19.78105676853487,19.62358035637649,38123.40569431336,46.72123608048785,74,24.999999999994454,9.0
27.659999999629527,19.79172934797017,19.67154773085745,38310.00922261289,0.20310884998130724,75,24.999999999994454,9.0
27.67999999962877,19.791102023194185,19.646326542289195,38211.83651401944,0.0,75,24.999999999994454,9.0
27.699999999628012,19.785294095890734,19.613332514059362,38083.59841839876,0.0,75,24.999999999994454,9.0
27.719999999627255,19.789745438115204,19.7774083361191,38723.44216886574,0.0,75,24.999999999994454,9.0
27.739999999626498,19.794954030463924,19.882497257181562,39136.0560210014,7.4817595699791415,72,24.999999999994454,9.0
27.75999999962574,19.789536124102124,19.909273642361935,39241.538519678325,0.0,75,24.999999999994454,9.0
27.779999999624984,19.78985581626083,20.015084380750434,39659.75667408744,5.189204132542976,74,24.999999999994454,9.0
27.799999999624227,19.79390767285667,20.044228807925787,39775.33974194372,101.95918336216852,74,24.999999999994454,9.0
27.81999999962347,19.779711590665148,19.940435531393284,39364.47594898352,0.0,75,24.999999999994454,9.0
27.839999999622712,19.784248555045846,19.889804912954713,39164.82960806434,4.269356990206334,75,24.999999999994454,9.0
27.859999999621955,19.797375200870956,19.889244138774224,39162.621208764715,0.0,75,24.999999999994454,9.0
27.879999999621198,19.783426445775884,19.76251047497862,38665.12520709032,0.0,75,24.999999999994454,9.0
27.89999999962044,19.78728786518636,19.654660825569618,38244.26352464992,3.5759425072899056,75,24.999999999994454,9.0
27.919999999619684,19.799246927055332,19.64931883566155,38223.477339842895,0.0,75,24.999999999994454,9.0
27.939999999618927,19.78949753091017,19.573735914117538,37929.982625925855,0.0,75,24.999999999994454,9.0
27.95999999961817,19.78368807300708,19.576904273894442,37942.26291397342,59.481113834100526,74,24.999999999994454,9.0
27.979999999617412,19.79426146961606,19.717680375621317,38489.905020121034,1508.7004609539033,74,24.999999999994454,9.0
27.999999999616655,19.792845774937266,19.744365635909084,38594.15746208229,2696.4841323956184,74,24.999999999994454,9.0
28.019999999615898,19.790770992296572,19.786204197927585,38757.89377964663,5759.583106786138,73,24.999999999994454,9.0
28.03999999961514,19.793306385041117,19.941946740298167,39370.442739495986,7888.588191763994,74,24.999999999994454,9.0
28.059999999614384,19.790073535117017,19.972308385371402,39490.417121797305,7148.958738862516,73,24.999999999994454,9.0
28.079999999613626,19.780580628956,19.966337397295472,39466.80827720134,7251.1137106898805,74,24.999999999994454,9.0
28.09999999961287,19.786120990577423,20.008378855620613,39633.18721857456,6710.179616194631,74,24.999999999994454,9.0
28.119999999612112,19.790933521300822,19.95401542871104,39418.11044119458,6427.148104944453,74,24.999999999994454,9.0
28.139999999611355,19.780059363386567,19.784834609876814,38752.52837347776,5714.574979412795,74,24.999999999994454,9.0
28.159999999610598,19.790023399025472,19.658725879247076,38260.08481634249,2328.513978275097,73,24.999999999994454,9.0
28.17999999960984,19.80143397704212,19.673828860901338,38318.89466275541,162.53843496848108,73,24.999999999994454,9.0
28.199999999609084,19.787730545446284,19.618138723368386,38102.265329963295,0.0,75,24.999999999994454,9.0
28.219999999608326,19.78675593318789,19.66044860053569,38266.79067825628,48.12133115730012,74,24.999999999994454,9.0
28.23999999960757,19.799111211033125,19.734100901010784,38554.03909875619,1237.127215793845,73,24.999999999994454,9.0
28.259999999606812,19.790756346189724,19.677304223338638,38332.433848284236,2827.586470650702,74,24.999999999994454,9.0
28.279999999606055,19.7911558235592,19.754288981849527,38632.961384663744,7523.91712410779,73,24.999999999994454,9.0
28.299999999605298,19.798107247192153,19.92700457201866,39311.465610112005,7960.904172566906,73,24.999999999994454,9.0
28.31999999960454,19.790411653849528,19.93712010457695,39351.38704836832,7410.018907799758,73,24.999999999994454,9.0
28.339999999603783,19.78452479344275,19.943614912304465,39377.029801259014,7181.327084223187,72,24.999999999994454,9.0
28.359999999603026,19.7895397793303,19.985224558053346,39541.51086294604,6727.585390509245,73,24.999999999994454,9.0
28.37999999960227,19.7835633819663,19.8727609662587,39097.736213783486,6505.08945679245,73,24.999999999994454,9.0
28.399999999601512,19.77886736605701,19.706460080707895,38446.11232234085,7119.2045715892,73,24.999999999994454,9.0
28.419999999600755,19.79258566165977,19.6394102172234,38184.93693435751,6651.990693003433,72,24.999999999994454,9.0
28.439999999599998,19.791311772956977,19.638364471815528,38180.87055365877,5340.996475839217,71,24.999999999994454,9.0
28.45999999959924,19.781380830047414,19.58717703722185,37982.09292445962,3323.474554311763,74,24.999999999994454,9.0
28.479999999598483,19.78980025973643,19.636742441586282,38174.5637180024,0.0,75,24.999999999994454,9.0
28.499999999597726,19.798123695364346,19.659198789394015,38261.925607050194,0.0,75,24.999999999994454,9.0
28.51999999959697,19.790119219745073,19.598149141846868,38024.65752882124,0.0,75,24.999999999994454,9.0
28.539999999596212,19.793381424228468,19.74266071238277,38587.49254842195,3.9572183243836023,75,24.999999999994454,9.0
28.559999999595455,19.803390986565944,19.9162813836625,39269.168151168924,184.3298946473273,74,24.999999999994454,9.0
28.579999999594698,19.79360906286243,19.955475643836444,39423.87980900321,0.0,75,24.999999999994454,9.0
28.59999999959394,19.791849427138022,20.034521149707555,39736.82173210986,5.738166829286587,74,24.999999999994454,9.0
28.619999999593183,19.796188677289873,20.080496151736458,39919.40624429037,0.0,75,24.999999999994454,9.0
28.639999999592426,19.782070693625343,19.95049717958861,39404.21143356453,0.0,75,24.999999999994454,9.0
28.65999999959167,19.782776806230498,19.803047774561016,38823.90941499305,3.934773828575832,75,24.999999999994454,9.0
28.679999999590912,19.795999183384282,19.76620311156812,38679.57575932876,0.0,75,24.999999999994454,9.0
28.699999999590155,19.78497397667934,19.681678639012834,38349.478930888035,0.0,75,24.999999999994454,9.0
28.719999999589398,19.785793753013273,19.58005820892012,37954.48926700532,0.0,75,24.999999999994454,9.0
28.73999999958864,19.793133797465252,19.574129562905615,37931.50826639614,8.813250089865585,74,24.999999999994454,9.0
28.759999999587883,19.781910786854134,19.531168938382304,37765.18944986335,0.0,75,24.999999999994454,9.0
28.779999999587126,19.771197860989773,19.50003351717768,37644.87940993424,50.211128541127856,73,24.999999999994454,9.0
28.79999999958637,19.781148496835666,19.69134465148311,38387.156364165756,1625.6485596917714,74,24.999999999994454,9.0
28.81999999958561,19.790969758656022,19.828131811431867,38922.32630202012,3196.912150322649,73,24.999999999994454,9.0
28.839999999584855,19.788695728273865,19.900161004327977,39205.62439181941,5395.74807982866,73,24.999999999994454,9.0
28.859999999584097,19.790824343265253,20.044307567308707,39775.65231943404,7768.389729368321,74,24.999999999994454,9.0
28.87999999958334,19.793224530941497,20.098093038834758,39989.401035968156,6865.838528200662,73,24.999999999994454,9.0
28.899999999582583,19.77942702704257,20.065307053958154,39859.038169792664,7168.407821805049,74,24.999999999994454,9.0
28.919999999581826,19.78123928171742,20.08184463052033,39924.76789267146,6648.860781180414,73,24.999999999994454,9.0
28.93999999958107,19.792442998877892,20.038979444834247,39754.50902185846,6651.616559421496,74,24.999999999994454,9.0
28.95999999958031,19.77746355263814,19.845507872407435,38990.57408866476,6314.325934928288,74,24.999999999994454,9.0
28.979999999579555,19.782758424691405,19.654600393586332,38244.028346524836,4869.282407950343,72,24.999999999994454,9.0
28.999999999578797,19.792741681845428,19.56475420898757,37895.18111855158,111.6738268958635,74,24.999999999994454,9.0
29.01999999957804,19.776286278016762,19.511102550636316,37687.62915140325,0.0,75,24.999999999994454,9.0
29.039999999577283,19.77180893909745,19.539431174177995,37797.14769043345,0.8135392464041247,75,24.999999999994454,9.0
29.059999999576526,19.78377868975656,19.655151277973548,38246.172204242495,44.7957443074976,74,24.999999999994454,9.0
29.07999999957577,19.78125272603775,19.644159000306658,38203.40530010358,0.0,75,24.999999999994454,9.0
29.09999999957501,19.78145649379159,19.686698438093593,38369.04344385124,48.584350389922086,74,24.999999999994454,9.0
29.119999999574254,19.78761412005347,19.89130715387213,39170.74592867878,1776.272532161028,74,24.999999999994454,9.0
29.139999999573497,19.78492250811636,19.97433677524315,39498.43883147225,2896.4624862382184,74,24.999999999994454,9.0
29.15999999957274,19.777613682225383,20.019900593785284,39678.84555871939,4855.382905328926,74,24.999999999994454,9.0
29.179999999571983,19.778200853466142,20.098176612017184,39989.733609655625,6706.686097911579,73,24.999999999994454,9.0
29.199999999571226,19.779572268305905,20.04132477047241,39763.81515699955,6242.329065115685,74,24.999999999994454,9.0
29.21999999957047,19.769701487620996,19.862972820958046,39059.23123932568,6883.622999408103,74,24.999999999994454,9.0
29.23999999956971,19.78130597592158,19.71652946142912,38485.41186633684,6895.514549547278,74,24.999999999994454,9.0
29.259999999568954,19.790169174247815,19.713243805737527,38472.58615310045,5463.367957101451,73,24.999999999994454,9.0
29.279999999568197,19.774567126849345,19.638719123492674,38182.24959233225,4210.5705562572575,74,24.999999999994454,9.0
29.29999999956744,19.77938140382646,19.63967125948795,38185.95203089495,1236.316377706405,74,24.999999999994454,9.0
29.319999999566683,19.79205286118925,19.67048591453414,38305.873595274716,160.27579958159635,74,24.999999999994454,9.0
29.339999999565926,19.782022774185595,19.57400400002365,37931.02162670124,0.0,75,24.999999999994454,9.0
29.35999999956517,19.782317887593692,19.618087191935523,38102.06516196808,1.5624065665713727,75,24.999999999994454,9.0
29.37999999956441,19.791684935714397,19.801858413704334,38819.24606700292,0.0,75,24.999999999994454,9.0
29.399999999563654,19.78587569865285,19.83199945297673,38937.51202798406,0.0,75,24.999999999994454,9.0
29.419999999562897,19.783101607359473,19.86423997803886,39064.214960606616,4.269669701621919,75,24.999999999994454,9.0
29.43999999956214,19.785911875478014,19.953963288901303,39417.904442547275,0.0,75,24.999999999994454,9.0
29.459999999561383,19.778209636489667,19.88399038524083,39141.93429039462,0.0,75,24.999999999994454,9.0
29.479999999560626,19.77230725638417,19.764693117936076,38673.66631057278,0.0,75,24.999999999994454,9.0
29.49999999955987,19.7845095790639,19.741165320715815,38581.64721376344,0.18144152173079878,75,24.999999999994454,9.0
29.51999999955911,19.78383479456198,19.714627514669584,38477.98726617453,6.8382598610044525,73,24.999999999994454,9.0
29.539999999558354,19.776235076405772,19.615986074006532,38093.904055906205,0.0,75,24.999999999994454,9.0
29.559999999557597,19.786238223021225,19.61027361590231,38071.72029776488,28.3085538435191,73,24.999999999994454,9.0
29.57999999955684,19.79422564028463,19.619212293438977,38106.43561048768,0.0,75,24.999999999994454,9.0
29.599999999556083,19.784746978151844,19.556683110973896,37863.92157600211,0.0,75,24.999999999994454,9.0
29.619999999555326,19.78592603249028,19.677998010069654,38335.13696274622,2.4101409403535268,75,24.999999999994454,9.0
29.63999999955457,19.797199166180675,19.822473712757528,38900.11594520336,180.15805322196172,74,24.999999999994454,9.0
29.65999999955381,19.788143542004253,19.845374020717806,38990.04813219594,2.219386318662693,75,24.999999999994454,9.0
29.679999999553054,19.78754633241593,19.93966630319471,39361.4389359931,5.3695226096065705,74,24.999999999994454,9.0
29.699999999552297,19.79265508471131,20.026390659840505,39704.575963194155,0.0,75,24.999999999994454,9.0
29.71999999955154,19.77888384378721,19.947531127403174,39392.49580979314,0.0,75,24.999999999994454,9.0
29.739999999550783,19.776929949555402,19.867417150540902,39076.71215912707,0.0,75,24.999999999994454,9.0
29.759999999550026,19.788920018090693,19.83625451901677,38954.22234097811,0.0,75,24.999999999994454,9.0
29.77999999954927,19.778634402000453,19.72227255952146,38507.835456293265,0.0,75,24.999999999994454,9.0
29.79999999954851,19.779157922443705,19.58938561762892,37990.65885874051,0.0,75,24.999999999994454,9.0
29.819999999547754,19.78774232886821,19.554779696452723,37856.55148870317,9.974946920028787,74,24.999999999994454,9.0
29.839999999546997,19.77629592339552,19.52783617088334,37752.30216616911,0.0,75,24.999999999994454,9.0
29.85999999954624,19.76678460067056,19.519484560225745,37720.01747219224,0.0,75,24.999999999994454,9.0
29.879999999545483,19.77673452854863,19.68126832767612,38347.87997561273,0.0,75,24.999999999994454,9.0
29.899999999544725,19.786593532620028,19.774770477398068,38713.113195943646,48.33942526571854,73,24.999999999994454,9.0
29.91999999954397,19.784340852182662,19.820781465062865,38893.47441069218,8.940806797694151,74,24.999999999994454,9.0
29.93999999954321,19.787090420282514,19.980147624603507,39521.423610993974,3.91469825559456,75,24.999999999994454,9.0
29.959999999542454,19.78993543288715,20.06618928422937,39862.54328666164,123.02008689669087,74,24.999999999994454,9.0
29.979999999541697,19.777067896955927,20.06826635944683,39870.796152696836,0.0,75,24.999999999994454,9.0
29.99999999954094,19.776082961525862,20.108295000745105,40030.00925586207,5.25884523254621,74,24.999999999994454,9.0
