t,omega_hub,omega_gnd,tau_gen,T_max,n_slack,backline_payout,k_mppt_scale
0.019999999999999858,9.811951399039765,10.004143635606873,1100.9117887003886,0.0,75,0.0,1.0
0.03999999999999904,9.940699873157723,9.982816207570409,1096.2228137754348,0.0,75,0.0,1.0
0.05999999999999823,10.065851727042876,9.660223179818985,1026.519030723032,0.0,75,0.0,1.0
0.07999999999999742,10.189274700708403,9.166472225754982,924.2663437209123,0.0,75,0.0,1.0
0.0999999999999966,10.31227450386527,8.586805240587157,811.0654666375258,0.0,75,0.0,1.0
0.11999999999999579,10.436162206397348,7.978000727370227,700.1334516651185,0.0,75,0.0,1.0
0.14000000000000018,10.56200490988015,7.380059864005669,599.1181195593811,0.0,75,0.0,1.0
0.1600000000000063,10.690362682203785,6.82583591039082,512.5123946313896,0.0,75,0.0,1.0
0.18000000000001243,10.821130411023228,6.344146315260647,442.7301171637877,0.0,75,0.0,1.0
0.20000000000001855,10.953508785760574,5.956809856558642,390.319420339136,0.0,75,0.0,1.0
0.22000000000002468,11.086298260132088,5.673229860125218,354.0409075039804,0.0,75,0.0,1.0
0.2400000000000308,11.218035393961141,5.487552982584725,331.2456151034196,0.0,75,0.0,1.0
0.26000000000003,11.346971027035686,5.3818309658815595,318.605149998538,0.0,75,0.0,1.0
0.28000000000002223,11.471421436408512,5.334792977855987,313.060177282397,0.0,75,0.0,1.0
0.3000000000000145,11.590146241224103,5.332226257689991,312.7590054951846,0.0,75,0.0,1.0
0.3200000000000067,11.702610976879301,5.373578166548274,317.62876543204743,0.0,75,0.0,1.0
0.33999999999999897,11.809118410489459,5.4712965010737395,329.2859394292792,0.0,75,0.0,1.0
0.3599999999999912,11.910513959575528,5.643550733730093,350.3463137260402,0.0,75,0.0,1.0
0.37999999999998346,12.007592793631517,5.904293346978807,383.4674791989602,0.0,75,0.0,1.0
0.3999999999999757,12.100716160493617,6.255393658439217,430.42944804245724,0.0,75,0.0,1.0
0.41999999999996795,12.189989887743506,6.684341396540494,491.48461896055414,0.0,75,0.0,1.0
0.4399999999999602,12.275528060739678,7.168020022392254,565.1856214555787,0.0,75,0.0,1.0
0.45999999999995245,12.357652625208688,7.67988770795557,648.7874272748776,0.0,75,0.0,1.0
0.4799999999999447,12.436939364062233,8.196554027997768,739.0184772727508,0.0,75,0.0,1.0
0.49999999999993694,12.5141470637063,8.701107906363912,832.8020667800745,0.0,75,0.0,1.0
0.5199999999999569,12.590185121828434,9.182987740373317,927.599902238313,0.0,75,0.0,1.0
0.5399999999999769,12.665873092068752,9.636112083241986,1021.4012168888244,0.0,75,0.0,1.0
0.559999999999997,12.741808793579967,10.05688901883203,1112.5511841081468,0.0,75,0.0,1.0
0.580000000000017,12.818340310091527,10.442971491431644,1199.6121892793944,0.0,75,0.0,1.0
0.600000000000037,12.895586205223255,10.792865561390238,1281.3454172886777,0.0,75,0.0,1.0
0.620000000000057,12.97362392717801,11.106017107917507,1356.77977601492,0.0,75,0.0,1.0
0.640000000000077,13.052479831482845,11.383042032745813,1425.3101051118372,0.0,75,0.0,1.0
0.660000000000097,13.132138935437776,11.62574697659328,1486.7379204014458,0.0,75,0.0,1.0
0.680000000000117,13.21253017430604,11.836856939277565,1541.223004210158,0.0,75,0.0,1.0
0.700000000000137,13.293464683719746,12.019579976501774,1589.173330926746,0.0,75,0.0,1.0
0.720000000000157,13.374765969423617,12.17713780746375,1631.1095370015935,0.0,75,0.0,1.0
0.740000000000177,13.456232547455587,12.31255329245904,1667.5886543760832,0.0,75,0.0,1.0
0.760000000000197,13.537651661271445,12.428657376288676,1699.1867659489242,0.0,75,0.0,1.0
0.780000000000217,13.618802549061789,12.52820189996907,1726.5142713102746,0.0,75,0.0,1.0
0.800000000000237,13.699436834594074,12.613952640499825,1750.2298133844974,0.0,75,0.0,1.0
0.820000000000257,13.77939967852291,12.688623370737162,1771.0127934885902,0.0,75,0.0,1.0
0.840000000000277,13.858567518340363,12.754858998461089,1789.550708776862,0.0,75,0.0,1.0
0.860000000000297,13.936832414685222,12.81514525150838,1806.5074259898356,0.0,75,0.0,1.0
0.880000000000317,14.014074746175556,12.871687079685467,1822.4836110507595,0.0,75,0.0,1.0
0.900000000000337,14.090127387021134,12.926314420125864,1837.9856493674924,0.0,75,0.0,1.0
0.920000000000357,14.164907588349916,12.980410422507,1853.4016021040115,0.0,75,0.0,1.0
0.940000000000377,14.238359475234253,13.035033024111273,1869.0329453363865,0.0,75,0.0,1.0
0.960000000000397,14.310449348392805,13.09104517715988,1885.1301021348506,0.0,75,0.0,1.0
0.980000000000417,14.381160873138311,13.149163906204505,1901.9056257545446,0.0,75,0.0,1.0
1.000000000000437,14.450430638473604,13.20991840672392,1919.5213874353378,0.0,75,0.0,1.0
1.020000000000457,14.518251734193283,13.273487178294838,1938.040080595932,0.0,75,4.833337072685555e-7,1.0
1.040000000000477,14.584644646585003,13.339713434617202,1957.4274996947734,0.0,75,8.107850432576445e-6,1.0
1.060000000000497,14.64963921596778,13.40830710156562,1977.6096926288456,0.0,75,4.0348331868998056e-5,1.0
1.080000000000517,14.713270472005298,13.47892675304906,1998.4961305546788,0.0,75,0.00012339921950187084,1.0
1.100000000000537,14.775574719130528,13.551207485337637,2019.9874674173786,0.0,75,0.0002898056546021147,1.0
1.120000000000557,14.836535511613356,13.624769364745314,2041.9777426675266,0.0,75,0.0005765325144366706,1.0
1.140000000000577,14.896180516356962,13.699140661665774,2064.3310035491504,0.0,75,0.0010234010194512938,1.0
1.160000000000597,14.954556640234939,13.773797268969329,2086.8924032733366,0.0,75,0.001671833013417652,1.0
1.180000000000617,15.011711537304496,13.84828302162677,2109.524369117839,0.0,75,0.002563852041330518,1.0
1.200000000000637,15.067689895225744,13.922225663447485,2132.112041663513,0.0,75,0.0037412980766425006,1.0
1.220000000000657,15.12253304830822,13.995323055699988,2154.559741767484,0.0,75,0.005245219360534706,1.0
1.240000000000677,15.176271519073836,14.07325923188224,2178.622879485346,0.0,75,0.007115410467127671,1.0
1.260000000000697,15.228894890171356,14.161388584629366,2205.99419309358,0.0,75,0.009390070534383692,1.0
1.280000000000717,15.280464945667571,14.255747168983463,2235.4896008057804,0.0,75,0.012105559717090791,1.0
1.300000000000737,15.331081052348138,14.352889426101067,2266.0597836567217,0.0,75,0.015296235425974377,1.0
1.320000000000757,15.380864456777626,14.450659638710418,2297.0372039323975,0.0,75,0.018994352902096626,1.0
1.340000000000777,15.429936018799244,14.548065230977965,2328.1082216126897,0.0,75,0.023230017212789944,1.0
1.360000000000797,15.478398066927761,14.644633179920593,2359.118090718742,0.0,75,0.02803117590863158,1.0
1.380000000000817,15.526327705180707,14.739853289241113,2389.8960248718727,0.0,75,0.03342364340568389,1.0
1.400000000000837,15.57376987609291,14.83299790988522,2420.1960969412526,0.0,75,0.03943114970097897,1.0
1.420000000000857,15.620715652888538,14.923252764496157,2449.738203803464,0.0,75,0.04607540733293361,1.0
1.440000000000877,15.66718537182448,15.009884792819305,2478.2630564307906,0.0,75,0.05337619159722227,1.0
1.460000000000897,15.713200194364148,15.092489010217573,2505.6154697589204,0.0,75,0.06135142995281265,1.0
1.480000000000917,15.758775960587355,15.171061115054448,2531.772048923888,0.0,75,0.07001729732832702,1.0
1.500000000000937,15.803920816299478,15.2458524765977,2556.7961951199823,0.0,75,0.07938831468786232,1.0
1.520000000000957,15.848635266267843,15.317187989760091,2580.7787270501585,0.0,75,0.08947744875695463,1.0
1.540000000000977,15.892914311954781,15.385364552031154,2603.8038663878647,0.0,75,0.10029621125983443,1.0
1.560000000000997,15.936749833725765,15.450640209381723,2625.945111677396,0.0,75,0.11185475639243796,1.0
1.580000000001017,15.980111523519605,15.513259375499953,2647.273380966909,0.0,75,0.12416197556378328,1.0
1.600000000001037,16.022953292823825,15.573456822147776,2667.8581313043123,0.0,75,0.13722558869144885,1.0
1.620000000001057,16.065266213797624,15.631434865444431,2687.7593154789492,0.0,75,0.15105223154372202,1.0
1.640000000001077,16.107045754311223,15.687445914316184,2707.055552460551,0.0,75,0.16564753878892705,1.0
1.660000000001097,16.148288389401287,15.741781656290822,2725.8405868576765,0.0,75,0.18101622254776686,1.0
1.680000000001117,16.18899167301008,15.794722297953376,2744.205777164121,0.0,75,0.197162146352634,1.0
1.700000000001137,16.229154791430457,15.846504424585648,2762.2287272625376,0.0,75,0.2140883945032466,1.0
1.720000000001157,16.268778474505613,15.897313549280524,2779.9703589255196,0.0,75,0.23179733687455292,1.0
1.740000000001177,16.307864540257004,15.947281225502888,2797.473563338046,0.0,75,0.25029068928383613,1.0
1.760000000001197,16.346415832861844,15.996499698844088,2814.7680287663093,0.0,75,0.26956956956213063,1.0
1.780000000001217,16.384404730877883,16.0450441266004,2831.8778512700933,0.0,75,0.2896345495027102,1.0
1.800000000001237,16.42182229698405,16.092929159041105,2848.8060580970696,0.0,75,0.3104857028785332,1.0
1.820000000001257,16.45867549022757,16.14010777473039,2865.533868779036,0.0,75,0.3321226497326805,1.0
1.840000000001277,16.494974033249278,16.186569227071143,2882.0552567704312,0.0,75,0.35454459715248,1.0
1.860000000001297,16.5307286786986,16.2323553146596,2898.382949674935,0.0,75,0.3777503767402041,1.0
1.880000000001317,16.565950186462384,16.27752442385719,2914.5358150619413,0.0,75,0.40173847899199405,1.0
1.900000000001337,16.600648001620925,16.32210317839187,2930.5215738267702,0.0,75,0.4265070847927337,1.0
1.920000000001357,16.63483505356431,16.366122308993894,2946.349553762424,0.0,75,0.4520540942286559,1.0
1.940000000001377,16.668517113664635,16.409533473197424,2962.000676887854,0.0,75,0.47837715291201954,1.0
1.960000000001397,16.701694385073353,16.452157833085227,2977.408471012224,0.0,75,0.5054736760037047,1.0
1.980000000001417,16.734388618274796,16.494032951383623,2992.584353014616,0.0,75,0.5333408701103631,1.0
2.000000000001437,16.766638559779427,16.53605561047553,3007.8524866801313,0.0,75,0.5619757532231575,1.0
2.020000000001346,16.798343292929534,16.57740335465984,3022.9133218139605,0.0,75,0.5913751728552895,1.0
2.040000000001255,16.829461892294216,16.616126149465984,3037.0521303646397,0.0,75,0.621535822525728,1.0
2.060000000001164,16.86018181967314,16.6543946343082,3051.0574669880116,0.0,75,0.6524542567268118,1.0
2.080000000001073,16.890479157411637,16.694426424447254,3065.7426100541097,0.0,75,0.68412690450399,1.0
2.100000000000982,16.920300931942595,16.734290628099647,3080.4013110827404,0.0,75,0.7165500817667522,1.0
2.120000000000891,16.949869628762144,16.776023477700704,3095.7846009680175,0.0,75,0.7497200024411127,1.0
2.1400000000008,16.978671566736327,16.81262490211968,3109.307917093123,0.0,75,0.7836327885655378,1.0
2.160000000000709,17.00673735556939,16.8400017219354,3119.4422379426596,0.0,75,0.8182844794244135,1.0
2.180000000000618,17.035194104635007,16.875966067215696,3132.7805377199716,0.0,75,0.8536710398055483,1.0
2.200000000000527,17.06324369906914,16.923802221207445,3150.5658978480064,0.0,75,0.8897883674612684,1.0
2.220000000000436,17.089877529135862,16.9535150111931,3161.6383835822476,0.0,75,0.9266322998460695,1.0
2.240000000000345,17.116530345143012,16.974753755694998,3169.564915731296,0.0,75,0.9641986201976326,1.0
2.260000000000254,17.14281295202634,17.002211150876487,3179.827024208876,0.0,75,1.002483063022373,1.0
2.280000000000163,17.169079800450604,17.04047564351217,3194.155911728447,0.0,75,1.0414813190413474,1.0
2.3000000000000718,17.203845536498065,17.22080896708344,3262.118876288595,0.0,75,1.081189039647499,1.0
2.3199999999999807,17.25353719688432,17.726923483916778,3456.6819782510415,0.0,75,1.1216018409206903,1.0
2.3399999999998897,17.30285464901599,18.281902549438616,3676.507569098872,0.0,75,1.162715307242817,1.0
2.3599999999997987,17.33996601023156,18.570017771181483,3793.3011602419574,0.9292381477404182,75,1.2045249945514618,1.0
2.3799999999997077,17.39120021691552,18.91754405447481,3936.6082035829477,0.23674989481946124,75,1.2470264332670802,1.0
2.3999999999996167,17.458480234759957,19.55276801271938,4205.418106551444,0.0,75,1.2902151309254213,1.0
2.4199999999995256,17.525926234883553,20.279440347979946,4523.812709100047,1178.2103817583081,74,1.3340865745440187,1.0
2.4399999999994346,17.586733926333718,20.896847437709283,4803.460561183867,2503.551243554141,74,1.3786362327488388,1.0
2.4599999999993436,17.651289906985838,21.191146598180225,4939.711635601218,4077.561877242212,72,1.4238595576847375,1.0
2.4799999999992526,17.716820995467973,21.32857142748561,5003.987550510911,7809.707120588356,73,1.4697519867311368,1.0
2.4999999999991616,17.77887547086509,21.363634047790914,5020.453457007243,10022.08882138082,73,1.5163089440423003,1.0
2.5199999999990705,17.8484539012139,21.42003432522074,5046.996575429982,10453.369950046112,73,1.563525841929676,1.0
2.5399999999989795,17.93359204989888,21.54556256628082,5106.323929272736,8410.996867281792,72,1.6113980821021687,1.0
2.5599999999988885,18.02711296009049,21.659733491698116,5160.5846042452795,10880.755859535746,71,1.6599210567785991,1.0
2.5799999999987975,18.118981400756606,21.905947554776688,5278.575920998894,10700.0160799673,73,1.7090901496852586,1.0
2.5999999999987065,18.212982254837176,22.22914882945929,5435.485634504766,8684.943732690066,72,1.7589007369501757,1.0
2.6199999999986154,18.304374201459083,22.486155565278693,5561.899113165054,11185.11060733751,72,1.8093481879045863,1.0
2.6399999999985244,18.386339069702363,22.68142908994735,5658.919481185409,9498.190973154431,73,1.8604278658010487,1.0
2.6599999999984334,18.476085535874134,22.77285881610392,5704.634085240223,8119.977776125034,73,1.9121351284567345,1.0
2.6799999999983424,18.5766255109094,22.779119513987354,5707.771144157715,11370.497442190997,73,1.9644653288295142,1.0
2.6999999999982514,18.675905829138948,22.877641824846553,5757.251450125652,8136.074149288475,74,2.0174138155337995,1.0
2.7199999999981603,18.770006492878693,22.802212372440668,5719.349779856749,3904.2579888727396,72,2.0709759333022753,1.0
2.7399999999980693,18.869518370971125,22.874318444695096,5755.578887402501,13.710916184676451,74,2.125147023399166,1.0
2.7599999999979783,18.96482259308079,22.91974700954001,5778.462832794501,10.752312878007102,73,2.1799224239900075,1.0
2.7799999999978873,19.053999207200242,22.79748647620392,5716.979285959708,144.62727736977854,72,2.235297470472417,1.0
2.7999999999977963,19.15408104546983,22.840662393227287,5738.654444175259,2619.8050090848114,74,2.2912674957720247,1.0
2.8199999999977052,19.26049520638947,22.874985468825333,5755.914562188671,7321.100761965197,74,2.347827830607006,1.0
2.839999999997614,19.358017594536605,22.667070414401138,5651.756892885613,11553.71353304777,73,2.404973803724672,1.0
2.859999999997523,19.457457616845595,22.658507412601857,5647.4875398362665,10668.52227985761,73,2.462700742112946,1.0
2.879999999997432,19.563287231596306,22.504740231669476,5571.09666184415,8209.40737323176,72,2.521003971189364,1.0
2.899999999997341,19.65863892115207,22.15355144133933,5398.578256104748,11743.01302956959,73,2.5798788149699385,1.0
2.91999999999725,19.75069860620357,22.051158721671822,5348.789610651996,10552.225588985104,73,2.6393205962201,1.0
2.939999999997159,19.84655933181504,21.860913211675157,5256.894790932328,11721.94176438849,72,2.699324636589487,1.0
2.959999999997068,19.930055791222223,21.51625198862827,5092.44009601965,5899.755288862792,73,2.7598862567323335,1.0
2.979999999996977,20.007484847448392,21.159761600715466,4925.0906209902405,10338.978616902643,73,2.82100077641502,1.0
2.999999999996886,20.08746322040238,20.636810365375872,4684.657362621336,10892.917983980147,74,2.882663514612048,1.0
3.019999999996795,20.171776245527248,20.102711154274253,4445.308953274007,5320.404235468082,72,2.9448697895917673,1.0
3.039999999996704,20.2528593462462,19.632868914369666,4239.9449598970505,4307.5833534799995,72,3.0076149189928776,1.0
3.059999999996613,20.33512311782796,19.273666585749854,4086.216460245155,9947.657092885234,72,3.0708942198927347,1.0
3.079999999996522,20.42406784918256,19.252170542407722,4077.1067765334683,14422.338210664919,72,3.1347030088682404,1.0
3.099999999996431,20.50936737896561,19.363157905528176,4124.250724818601,13819.252573444348,69,3.1990366020502603,1.0
3.11999999999634,20.601276535254616,19.650292586679782,4247.473986163346,11807.368350469313,73,3.263890315172104,1.0
3.139999999996249,20.695577203032077,20.21710022165104,4496.042555095109,18780.58310228067,72,3.32925946361281,1.0
3.159999999996158,20.7774280486857,20.970576181341745,4837.415719152034,18920.760311720445,73,3.3951393624357076,1.0
3.179999999996067,20.86760190423512,21.73443309082532,5196.2413995751895,22722.797917457818,73,3.461525326422881,1.0
3.199999999995976,20.951460189046045,22.36666275888402,5502.943632666142,15508.342169335003,68,3.528412670105819,1.0
3.219999999995885,21.032540606003614,23.13157963800241,5885.769742041724,14656.62417514748,72,3.595796707792809,1.0
3.239999999995794,21.127372355712712,23.802409708829156,6232.10178741661,23217.672009364836,72,3.6636727535933153,1.0
3.259999999995703,21.2185321556697,24.339498107264713,6516.522849248968,15643.989621471781,70,3.732036121439723,1.0
3.2799999999956118,21.282845565527246,24.69256986926334,6706.95307423297,20524.282467055,71,3.800882125106726,1.0
3.2999999999955207,21.351711833099912,24.597868847842513,6655.606670412273,8383.969230312836,72,3.870206078228597,1.0
3.3199999999954297,21.38735555991611,24.268264705626414,6478.43539004588,13237.92094847328,71,3.9400032943145815,1.0
3.3399999999953387,21.400458789922364,23.297722814771195,5970.622771893013,8495.673743561345,72,4.010269086762612,1.0
3.3599999999952477,21.44890115080164,22.366508158726557,5502.8675593581975,9575.117768304135,69,4.080998768871515,1.0
3.3799999999951567,21.51731517940577,21.713173824893698,5186.081093050537,10684.48803480131,70,4.152187653851918,1.0
3.3999999999950656,21.59027332871253,21.151001636193584,4921.0135723569,11878.435888198592,67,4.223831054835951,1.0
3.4199999999949746,21.694506019551937,21.364747516891494,5020.9768010657335,21488.076485480167,71,4.295924284885826,1.0
3.4399999999948836,21.7463926484633,22.307135465245423,5473.691219312912,23262.99916801756,67,4.368462657001587,1.0
3.4599999999947926,21.794507233529483,22.92080754803773,5778.997605196017,23760.79446716894,63,4.441441484127946,1.0
3.4799999999947016,21.856536922306738,23.35692338242224,6001.004568815771,16347.602261228967,66,4.514856079160351,1.0
3.4999999999946105,21.865487570188506,22.63218447512431,5634.373515276636,11458.03216047713,68,4.588701754950487,1.0
3.5199999999945195,21.880159161079625,21.537627182175584,5102.5632310222745,8434.260337914875,68,4.6629738243109795,1.0
3.5399999999944285,21.93531677885262,20.692459424618384,4709.95664743426,10606.312375290261,65,4.737667600019861,1.0
3.5599999999943375,22.014936734953356,20.245215244652034,4508.556143325202,13207.413169679903,65,4.8127783948242815,1.0
3.5799999999942465,22.099377449391262,20.12329201017028,4454.415694592414,26465.934835065967,68,4.888301521443947,1.0
3.5999999999941554,22.165074508224478,21.946555288382832,5298.164179286489,36855.66642939835,65,4.964232292574174,1.0
3.6199999999940644,22.183687563815376,23.88661809723599,6276.27576535522,31259.578005004358,66,5.0405660208885745,1.0
3.6399999999939734,22.221226846475947,24.20934975945405,6447.018773531357,17594.14912801542,68,5.117298019041458,1.0
3.6599999999938824,22.202805927848313,23.34481343871661,5994.78345937332,5296.0234821119,69,5.194423599669988,1.0
3.6799999999937913,22.143755185347807,21.412377765457055,5043.389137277037,1348.371109772316,70,5.271938075396049,1.0
3.6999999999937003,22.13997903250831,19.42891513281808,4152.310175620722,926.702619421945,71,5.349836758827963,1.0
3.7199999999936093,22.18733694935648,17.474715499539467,3359.0224996882935,1491.3493774366614,74,5.428114962561971,1.0
3.7399999999935183,22.23253736186689,15.996973646532753,2814.9348243264976,5004.785409662334,72,5.5067679991836185,1.0
3.7599999999934273,22.31796472960295,15.203138232724802,2542.4895333567247,12299.134690492396,69,5.5857911812689345,1.0
3.7799999999933362,22.408090938800548,16.00360291933347,2817.268370396687,29932.24590207446,73,5.665179821385404,1.0
3.7999999999932452,22.470451911165856,17.909171263867634,3528.1225689439643,24887.79649335835,73,5.744929232093045,1.0
3.819999999993154,22.549510045189535,19.789100814841806,4307.693621659699,18251.516669427117,74,5.825034725945149,1.0
3.839999999993063,22.602731652597896,21.884342554850512,5268.168939638452,5920.127081573508,72,5.905491615489067,1.0
3.859999999992972,22.66924343496277,23.57288276233954,6112.48881899705,0.0,75,5.986295213266846,1.0
3.879999999992881,22.77840404230402,24.956073580642443,6850.861694186837,32.18442258672311,74,6.0674408318158655,1.0
3.89999999999279,22.864672393304904,26.995276513648925,8016.194494532017,0.0,75,6.148923783669301,1.0
3.919999999992699,22.947235137988027,30.308498736528804,10104.656052283848,49.60180944344482,73,6.230739381356626,1.0
3.939999999992608,22.98182205344347,33.24764761514405,12159.46679134873,563.4447395686334,73,6.312882937404019,1.0
3.959999999992517,22.992038133351205,33.995739306588845,12712.813201017048,10974.057170407796,73,6.395349764334739,1.0
3.979999999992426,23.030402543076114,32.516948599558084,11630.871408489327,3374.310704007527,72,6.47813517466941,1.0
3.999999999992335,23.064325116448938,30.561817346411676,10274.271474669726,484.740753369137,74,6.5612344809263865,1.0
4.019999999992466,23.102579974411544,28.497735752734194,8933.330373359313,1047.0293338091597,74,6.644642995621949,1.0
4.039999999992597,23.140557798333287,26.54036768628975,7748.302286157984,121.43251115619785,72,6.7283560312705575,1.0
4.059999999992728,23.16356385125816,24.66788165862376,6693.548240762531,10.070275188483564,73,6.8123689003850725,1.0
4.079999999992859,23.184226423714833,22.838465054281972,5737.550346392247,1177.5669598920692,72,6.896676915476882,1.0
4.09999999999299,23.210449296285034,20.975095059912725,4839.500740496127,2823.563280502889,72,6.981275389056113,1.0
4.119999999993121,23.203940261456772,19.234993337161782,4069.8346554872396,3478.0390757038267,70,7.066159633631757,1.0
4.139999999993252,23.228491165407664,17.77592293769366,3475.81779915506,4749.727899206538,70,7.151324961711782,1.0
4.159999999993383,23.254425712582936,16.14753020396306,2868.1700485668925,5102.5541644729865,71,7.236766685803287,1.0
4.179999999993514,23.261287603125933,14.461714907720442,2300.5531787940204,2807.5853420649796,72,7.322480118412549,1.0
4.199999999993645,23.296515190219047,12.538240612141678,1729.282254127548,1112.4476844225437,72,7.408460572045146,1.0
4.219999999993776,23.338663184413864,10.410400581267368,1192.1408428869715,2219.9807328848806,74,7.494703359206032,1.0
4.239999999993907,23.38091996604298,8.625564220195276,818.4039392838423,6376.3289026687835,74,7.5812037923995925,1.0
4.259999999994038,23.44166739440398,8.60081175453702,813.7135912068038,14448.233474267032,73,7.667957184129736,1.0
4.279999999994169,23.469791675837637,11.348602367494845,1416.6985326506058,12856.314807138822,74,7.754958846899929,1.0
4.2999999999943,23.50330287577835,16.88955215920412,3137.8266935232414,3342.426835296393,72,7.842204093213221,1.0
4.319999999994431,23.565345703090504,24.01201504325538,6342.34553081275,15416.334942335576,69,7.929688235572352,1.0
4.339999999994562,23.602171927865292,30.463329331604015,10208.158773623421,28989.285592757944,69,8.017406586479733,1.0
4.3599999999946935,23.649658765948363,34.28726095287328,12931.778900154717,39129.644745481855,72,8.105354458437516,1.0
4.3799999999948245,23.691250886203388,36.61679717527507,14748.688189127553,11262.90041294289,74,8.193527163947593,1.0
4.3999999999949555,23.729836171333606,37.37217131758969,15363.47107890401,123.1888043150619,73,8.28192001551165,1.0
4.4199999999950865,23.777050021092755,37.257229501876566,15269.112651710517,282.8527427726794,74,8.37052832563121,1.0
4.4399999999952176,23.801736064612708,37.01929963473158,15074.713999906417,3590.3965199730374,74,8.459347406807598,1.0
4.459999999995349,23.8454716827289,36.893446571138185,14972.390398871708,7185.1274715612135,74,8.54837257154198,1.0
4.47999999999548,23.90479492126204,36.75784641210103,14862.532001411695,11904.040678240819,73,8.637599132335387,1.0
4.499999999995611,23.96173449753485,36.799662625301956,14896.3668626965,16595.887675224076,74,8.727022401688801,1.0
4.519999999995742,24.069544708218725,35.7273686210255,14040.89355440901,8527.823356326518,71,8.816637692102988,1.0
4.539999999995873,24.129189655896887,34.14177029334744,12822.26526640072,2669.172991877492,72,8.906440316078728,1.0
4.559999999996004,24.212522939926536,32.07576492935123,11317.401653832982,253.5529643240099,72,8.996425586116619,1.0
4.579999999996135,24.301452831500708,30.01480541811327,9909.773987159218,626.2586284199475,71,9.086588814717285,1.0
4.599999999996266,24.332065366594396,27.89480515225505,8559.321699305023,2376.7414138158324,71,9.176925314381222,1.0
4.619999999996397,24.35453861868498,25.817934164929362,7332.222969990894,4823.213947421035,67,9.267430397608859,1.0
4.639999999996528,24.359697236457567,23.886684516294043,6276.310668990576,9761.45830813232,69,9.358099376900597,1.0
4.659999999996659,24.368347730751452,21.908544661778414,5279.827621168534,9961.437308383167,68,9.448927564756797,1.0
4.67999999999679,24.41971007179051,19.930574594713676,4369.505840429908,7895.546870755741,65,9.539910273677805,1.0
4.699999999996921,24.45792584558798,17.909949894102613,3528.429357301928,13161.246175116017,68,9.631042816163868,1.0
4.719999999997052,24.51945830002413,16.034110374768964,2828.0196506130114,10556.42134190484,69,9.722320504715238,1.0
4.739999999997183,24.564573688229196,14.146249527050449,2201.2801324973257,9405.18661811771,69,9.813738651832127,1.0
4.759999999997314,24.585387849905427,12.267710484081974,1655.4639257338026,12060.061130759745,67,9.905292570014751,1.0
4.779999999997445,24.601815495879627,10.668955166025578,1252.0926476813024,8620.867167313716,66,9.996977571763285,1.0
4.799999999997576,24.585507954027126,9.865037589650312,1070.50863309735,16174.251742701534,64,10.08878896957787,1.0
4.819999999997707,24.587491963183673,9.800893301936382,1056.6326046753557,20888.187804669087,63,10.18072207595862,1.0
4.839999999997838,24.626648432791026,10.614921556044921,1239.4421560508583,26689.745648488562,66,10.272772203405694,1.0
4.859999999997969,24.64589304589044,11.523950569534735,1460.8158040198794,25897.531964818183,66,10.36493466441917,1.0
4.8799999999981,24.67939020382756,12.488236418702447,1715.5165373434675,26043.356623289146,66,10.457204771499152,1.0
4.899999999998231,24.682802159571594,14.592368831696826,2342.3095093230468,24291.356156791993,66,10.549577837145733,1.0
4.919999999998362,24.686409469116462,17.430773314375216,3342.1504417084866,33662.69767567743,65,10.642049173858997,1.0
4.939999999998493,24.669846676649147,20.751297629703807,4736.779886482059,36539.32912213488,66,10.734614094138994,1.0
4.959999999998624,24.62451870671572,23.49586888628089,6072.6144019343255,21701.314459991238,66,10.827267910485775,1.0
4.979999999998755,24.61564312026135,25.14037426183976,6952.422598279126,25838.141127652994,67,10.920005935399397,1.0
4.999999999998886,24.618678763040435,27.005734880405495,8022.40688073825,26923.94198783393,70,11.012823481379899,1.0
5.019999999999017,24.651609320174504,28.784935085822198,9114.297366844976,11630.29778202747,70,11.10571586092734,1.0
5.039999999999148,24.710875944805963,31.19561904414807,10704.833123023753,8605.109928192585,69,11.19867838654176,1.0
5.059999999999279,24.703557964498955,33.768439256119954,12543.382387736894,26144.953136512086,70,11.291706370723148,1.0
5.07999999999941,24.73442840583164,36.37776390516673,14556.758774140566,24523.47719204021,65,11.384795125971598,1.0
5.099999999999541,24.75191500756554,38.16103221847947,16018.90817977811,11529.926196101675,68,11.47793996478708,1.0
5.119999999999672,24.77286537097934,39.37833918416067,17057.189565930843,9118.8665090211,70,11.571136199669647,1.0
5.139999999999803,24.810143492603913,39.71722674528587,17352.039103700965,9926.068600259296,69,11.664379143119287,1.0
5.159999999999934,24.84456561560096,39.88248326384875,17496.73718420293,13616.573475601055,72,11.757664107636064,1.0
5.180000000000065,24.912568670063656,39.2505548101083,16946.666581914473,10653.872109644337,73,11.850986405719972,1.0
5.2000000000001965,24.962987504380223,38.223417481865376,16071.326083922688,11745.835162644316,70,11.944341349870992,1.0
5.2200000000003275,25.009050403371372,36.508159891718314,14661.303125471968,15596.509060757497,72,12.037724252589177,1.0
5.2400000000004585,25.07984065360757,34.620401916368714,13184.294517359971,6770.613591242162,73,12.131130426374531,1.0
5.2600000000005895,25.09322959091569,32.49303831950958,11613.772931564297,12311.072306543563,69,12.224555183727045,1.0
5.280000000000721,25.1323399134815,30.30328713327032,10101.181321895692,10659.390853312512,69,12.317993837146771,1.0
5.300000000000852,25.154870062185633,28.16906865651383,8728.460718729288,4865.9896571673,69,12.411441699133665,1.0
5.320000000000983,25.155443685362744,26.00005046989716,7436.028868809196,1009.5587732910302,71,12.504894082187768,1.0
5.340000000001114,25.17117079042237,23.84397475815703,6253.886454943927,329.8087220015417,70,12.598346298809084,1.0
5.360000000001245,25.169289259385877,21.73591873693026,5196.951796722795,3971.9186125478823,73,12.691793661497584,1.0
5.380000000001376,25.197433282443722,19.763455380098996,4296.535854172804,6765.037241688228,70,12.785231482753293,1.0
5.400000000001507,25.224984124056636,17.850421491427294,3505.013021637704,11565.807880456028,72,12.878655075076232,1.0
5.420000000001638,25.258212509887684,15.973737057006424,2806.7630312301826,10595.477391174458,68,12.97205975096639,1.0
5.440000000001769,25.30335395070961,14.140741396272956,2199.566239598944,8363.48625374874,69,13.06544082292375,1.0
5.4600000000019,25.320848743287453,12.28687304977179,1660.6397427532918,12249.80626920302,71,13.158793603448348,1.0
5.480000000002031,25.34711733507676,10.473050559320448,1206.5326681989059,8558.061618567739,70,13.252113405040165,1.0
5.500000000002162,25.355771067519996,9.544933688030177,1002.1633501978271,4195.948371889812,71,13.345395540199217,1.0
5.520000000002293,25.340290326461176,9.88307592787553,1074.4270877576803,0.0,75,13.438635321425513,1.0
5.540000000002424,25.330873062163892,11.328503107717719,1411.6848092772702,0.0,75,13.531828061219015,1.0
5.560000000002555,25.314155051362203,13.02988319219133,1867.5564160236513,3.790560272267034,75,13.624969072079772,1.0
5.580000000002686,25.310126881861972,15.089996726090241,2504.7880131275565,0.0,75,13.718053666507775,1.0
5.600000000002817,25.320277818498454,17.3667794615059,3317.6553175104145,23.282245067033145,73,13.811077157003009,1.0
5.620000000002948,25.315088388192585,19.31236099166334,4102.6401577955185,12.32266415515925,74,13.90403485606547,1.0
5.640000000003079,25.287008735660486,21.11151589332438,4902.657136454967,10.560422858566321,74,13.996922076195172,1.0
5.66000000000321,25.23186849928678,22.82692750195136,5731.754810972778,0.0,75,14.089734129892117,1.0
5.680000000003341,25.212459492696503,24.048463820120155,6361.614733183908,44.38758754804665,73,14.182466329656304,1.0
5.700000000003472,25.19098427366741,25.591187036801863,7203.997393478332,0.0,75,14.275113987987723,1.0
5.720000000003603,25.20209713761721,27.20509462577952,8141.288909573795,22.917013676872877,73,14.367672417386373,1.0
5.740000000003734,25.247137833039623,29.71915968994445,9715.512979440611,12.940557650998336,74,14.460136930352263,1.0
5.760000000003865,25.249461047667573,32.78853994690536,11825.971870347894,0.0,75,14.552502839385406,1.0
5.780000000003996,25.257590903902607,35.73495449261858,14046.856698484726,7707.7207387515555,69,14.644765456985832,1.0
5.800000000004127,25.266292581129754,37.865379994158495,15771.657023122201,24084.52666454086,73,14.736920095653467,1.0
5.820000000004258,25.279446702305407,39.22369291265879,16923.478942772155,12783.207459323796,72,14.828962067888336,1.0
5.840000000004389,25.308362753126374,39.54943836197109,17205.738822220857,459.3619935026807,73,14.92088668619044,1.0
5.86000000000452,25.33126164184068,39.6937502266585,17331.53187761987,9975.21416871282,73,15.012689263059785,1.0
5.880000000004651,25.37922611062839,39.084068609461156,16803.208609759735,4349.926481151378,73,15.104365110996374,1.0
5.900000000004782,25.409184506011634,38.13433876068035,15996.505719857605,0.0,75,15.195909542500221,1.0
5.920000000004913,25.454590927266356,36.57810078449237,14717.532027005294,0.0,75,15.287317870071318,1.0
5.940000000005044,25.51111622465199,34.64468241035428,13202.794212457422,10.126426632001655,74,15.37858540620967,1.0
5.960000000005175,25.52336277864807,32.77162269490398,11813.771794628603,201.3597658409782,74,15.469707463415256,1.0
5.980000000005306,25.573645896742896,30.667389400514534,10345.376499070702,659.257121773479,69,15.560679354188066,1.0
6.000000000005437,25.599446534872186,28.485235945510265,8925.49533558529,294.9870574648775,73,15.65149639102812,1.0
6.0200000000055685,25.619381947745552,26.379531052755155,7654.676244196009,3899.028167075711,65,15.742153886435428,1.0
6.0400000000056995,25.64071957943348,24.316114685650422,6504.0077674627455,7863.4931711311665,73,15.832647152909974,1.0
6.0600000000058305,25.631746491596118,22.29774801930621,5469.085234057214,10153.734740492828,71,15.922971502951778,1.0
6.0800000000059615,25.64588993492198,20.34124186492838,4551.427326682666,7343.307705584905,68,16.013122249060807,1.0
6.1000000000060925,25.64118223729134,18.39627109892168,3722.650693795232,2322.890407950889,71,16.103094703737103,1.0
6.120000000006224,25.65871805883933,16.487913342269778,2990.3641502041755,199.56172439965312,71,16.19288417948063,1.0
6.140000000006355,25.67648208824235,14.59299855429087,2342.51167486089,15.710796958270667,72,16.28248598879139,1.0
6.160000000006486,25.68091959882676,12.829398489248495,1810.5281215552473,1401.4166228783631,74,16.37189544416941,1.0
6.180000000006617,25.697047020767396,11.328664166104172,1411.7249496721001,4924.458375728328,73,16.46110785811474,1.0
6.200000000006748,25.68415244697488,10.41453202092313,1193.0872493631653,6611.711433370342,72,16.55011854312726,1.0
6.220000000006879,25.67512917153856,10.59377720238517,1234.5092695515332,9610.60378347482,72,16.638922811706976,1.0
6.24000000000701,25.669118339786387,11.857553071994653,1546.6172134068684,4558.791435373748,72,16.727515976353953,1.0
6.260000000007141,25.654393129676706,13.587025880231888,2030.679994971002,1531.32022956315,74,16.815893349568153,1.0
6.280000000007272,25.660579670076828,16.197845047779936,2886.072026110779,0.0,75,16.904050243849642,1.0
6.300000000007403,25.650695580925117,19.11954670088125,4021.1277265189706,40.54314961249076,73,16.991981971698348,1.0
6.320000000007534,25.64172832457024,21.679515698348652,5170.015410064402,17.97505747926379,74,17.079683845614312,1.0
6.340000000007665,25.623396641776452,24.156874676115507,6419.100535293057,16.130742227687268,73,17.167151178097495,1.0
6.360000000007796,25.59999304869506,25.877562301264994,7366.130537214363,8.572520169700956,74,17.25437928164794,1.0
6.380000000007927,25.59528837276779,27.13813146063488,8101.2599709217075,24.70423110173848,73,17.3413634687656,1.0
6.400000000008058,25.58274511072201,28.401531763728197,8873.117071786679,0.0,75,17.428099051950536,1.0
6.420000000008189,25.59630663715541,29.681655211580573,9691.00721709063,3.7713830029695576,75,17.514581343702716,1.0
6.44000000000832,25.61363897897467,31.559641948311462,10956.120998961826,0.0,75,17.60080565652215,1.0
6.460000000008451,25.618945956800705,33.41744928452593,12283.985083522488,0.0,75,17.686767302908823,1.0
6.480000000008582,25.631635469183042,35.44309718746238,13818.34452063894,0.0,75,17.77246159536272,1.0
6.500000000008713,25.629602388667017,37.092100664970424,15134.063249143292,0.0,75,17.85788384638382,1.0
6.520000000008844,25.647104632846936,38.023394536320055,15903.563852711191,5.70104813145393,74,17.94302936847219,1.0
6.540000000008975,25.657314739885365,38.535219685562254,16334.594718359991,0.0,75,18.02789347412781,1.0
6.560000000009106,25.685044583229306,38.22448509517021,16072.223868699784,0.0,75,18.11247147585068,1.0
6.580000000009237,25.710681648880904,37.288678049580206,15294.900617537693,38.07381994073005,74,18.19675868614078,1.0
6.600000000009368,25.719825190307276,36.116418125719626,14348.3522405499,0.0,75,18.280750417498123,1.0
6.620000000009499,25.75705006676337,34.130381204544726,12813.71213284294,28.816402507519012,72,18.364441982422697,1.0
6.64000000000963,25.769912782286454,32.364685850961955,11522.201792546026,0.0,75,18.44782869341453,1.0
6.660000000009761,25.805785763432045,30.582634295791898,10288.272725171615,0.0,75,18.530905862973643,1.0
6.680000000009892,25.840142221990533,28.463531534670864,8911.89890167723,9.00595417274076,74,18.6136688036,1.0
6.700000000010023,25.8560432475971,26.324214368628848,7622.60688338078,4.7576765957702944,75,18.696112827793602,1.0
6.720000000010154,25.880646141860975,24.268872875705007,6478.760097228433,2.1940805210123346,75,18.778233248054388,1.0
6.740000000010285,25.874813528243866,22.250295532766557,5445.832164249966,13.733294861958598,74,18.860025376882426,1.0
6.760000000010416,25.876981951512104,20.281788244391677,4524.860278293789,13.090392930520451,73,18.941484526777714,1.0
6.780000000010547,25.867958395344488,18.336391021491295,3698.4555926232924,5.408612763041911,74,19.022606010240246,1.0
6.800000000010678,25.869057224495055,16.416805936274656,2964.626688642331,39.43398880703041,72,19.10338513977002,1.0
6.820000000010809,25.880721436835998,14.610343710813964,2348.0835768293327,1719.398577339276,74,19.183817227867003,1.0
6.84000000001094,25.87740623927841,12.952440696143839,1845.422919858354,3393.978954995002,71,19.26389758703125,1.0
6.8600000000110715,25.892479162576667,12.043312234092175,1595.455065246177,12217.209404811108,74,19.34362152976271,1.0
6.8800000000112025,25.880097092027615,12.118246437520892,1615.3708639253657,16877.025165071398,73,19.42298436856139,1.0
6.9000000000113335,25.867360797403027,13.20459118650683,1917.9735124305125,20832.801955212857,73,19.501981415927347,1.0
6.9200000000114645,25.860612999484655,15.432114574343371,2619.651762592272,15457.251620754145,74,19.580607984360576,1.0
6.940000000011596,25.835278762968244,18.212681262162928,3648.7193463285466,8105.207501717205,73,19.658859386360994,1.0
6.960000000011727,25.83621530024222,21.109458909571504,4901.701810003766,5.148514468551396,74,19.73673093442865,1.0
6.980000000011858,25.82481256418317,23.67748311040589,6166.8552708791185,0.0,75,19.814217941063593,1.0
7.000000000011989,25.81759548584137,25.18800598097159,6978.792098272065,41.312311381531245,74,19.891315718765753,1.0
7.02000000001212,25.81631090445242,26.405591079083,7669.807642593225,2.3023320894285075,75,19.96801958003521,1.0
7.040000000012251,25.808057479583503,27.25494425242513,8171.151848230818,12.29257426009367,74,20.044324837371867,1.0
7.060000000012382,25.812083299646808,28.09399907001291,8682.000621204748,10.526913041543642,73,20.120226803275777,1.0
7.080000000012513,25.814225788575488,28.61753970306162,9008.59936521939,0.0,75,20.195720790246934,1.0
7.100000000012644,25.827258076701245,29.543285957135453,9600.863196595845,0.0,75,20.270802110785286,1.0
7.120000000012775,25.824904015422995,30.91596595755136,10513.76646197322,11.878600760487057,74,20.345466077390906,1.0
7.140000000012906,25.822676537599055,32.70693924753624,11767.18262436229,23.54818601056024,74,20.419708002563773,1.0
7.160000000013037,25.838376651148113,34.41580044585946,13028.920523621422,0.0,75,20.4935231988039,1.0
7.180000000013168,25.843085016705263,35.85744433533394,14143.319456877289,0.0,75,20.56690697861122,1.0
7.200000000013299,25.853643049077135,36.308154630242065,14501.103019189251,6.942383082572599,74,20.63985465448581,1.0
7.22000000001343,25.854270199951237,36.27849125582668,14477.418205790022,0.0,75,20.71236153892758,1.0
7.240000000013561,25.870358729655003,35.24134946664451,13661.479834531816,0.0,75,20.7844229444366,1.0
7.260000000013692,25.88525322903686,33.6963791356099,12489.90563535843,0.0,75,20.856034183512907,1.0
7.280000000013823,25.87362986396941,32.39224619855719,11541.833751667367,748.519835825047,74,20.927190568656396,1.0
7.300000000013954,25.880836458332823,30.619833452483466,10313.316207236081,226.6841080656234,72,20.99788741236712,1.0
7.320000000014085,25.881916978721705,28.986560725865015,9242.427729856861,3540.9686705435092,73,21.06812002714515,1.0
7.340000000014216,25.91057077139126,27.402908662260753,8260.11343467426,35.957480142215985,73,21.13788372549035,1.0
7.360000000014347,25.94231564903367,25.399793723846038,7096.644733353214,191.44701134734885,73,21.207173819902806,1.0
7.380000000014478,25.95748108935924,23.3749074261355,6010.24926898445,167.63115565487018,71,21.275985622882533,1.0
7.400000000014609,25.977262734777337,21.32629161823881,5002.917856047792,239.3760774482782,71,21.344314446929484,1.0
7.42000000001474,25.956319536334057,19.332434462884624,4111.17324487902,3503.380873365606,70,21.412155604543663,1.0
7.440000000014871,25.93709763506549,17.310259330969664,3296.0958591596454,9154.764775612763,70,21.479504408225093,1.0
7.460000000015002,25.918985140080437,15.3122603230914,2579.1184782233104,9943.556172645367,70,21.54635617047376,1.0
7.480000000015133,25.890041748096436,13.312981101917698,1949.5901240201954,5620.575650070132,70,21.612706203789653,1.0
7.500000000015264,25.866033157579903,11.721544179408973,1511.3405774482,8578.231727501905,72,21.6785498206728,1.0
7.520000000015395,25.831199176453737,11.105587529636129,1356.6748181625044,14090.696047405008,72,21.74388233362317,1.0
7.540000000015526,25.82290571936815,11.19180943087167,1377.8225817064285,19706.89233458997,71,21.808699055140803,1.0
7.560000000015657,25.81977818901244,13.03176347934095,1868.09545319633,35389.82809355905,68,21.872995297725687,1.0
7.580000000015788,25.81260480147752,16.43000687081663,2969.3963835258987,40697.540114363735,69,21.936766373877788,1.0
7.600000000015919,25.818184233977647,21.169299424924866,4929.531619563367,39507.85194716372,68,22.0000075960971,1.0
7.62000000001605,25.79819366721504,25.803117660436826,7323.809690981814,31708.04852231075,70,22.06271427688369,1.0
7.640000000016181,25.807914588099884,29.331714755569628,9463.844395523112,30772.3923679357,71,22.124881728737517,1.0
7.660000000016312,25.8131565379267,32.255740079545035,11444.760448870848,26786.073414028706,73,22.186505264158548,1.0
7.6800000000164435,25.829415911318264,33.91374642219482,12651.564160278253,22585.330943482226,70,22.247580195646815,1.0
7.7000000000165745,25.84246735168183,35.24294482268463,13662.716757522727,17908.36234396938,73,22.308101835702345,1.0
7.7200000000167055,25.84619227966966,35.87247992586791,14155.182976349755,21375.218878627486,73,22.368065496825096,1.0
7.7400000000168365,25.869914432033646,36.59526654494248,14731.348868449253,10245.126081533639,74,22.427466491515105,1.0
7.7600000000169675,25.87339988358804,37.07203002449781,15117.689511509941,294.4775988270262,74,22.48630013227233,1.0
7.780000000017099,25.889837358436623,37.3597159883868,15353.23216606217,11750.55306537501,74,22.54456173159679,1.0
7.80000000001723,25.89879816672368,37.51834093034105,15483.884967818347,8466.791076561902,72,22.60224660198848,1.0
7.820000000017361,25.921333710839402,37.275145623550266,15283.801293825663,9188.269458488767,73,22.659350055947428,1.0
7.840000000017492,25.95601941594523,36.20509220721548,14418.895719062724,3355.954827327968,71,22.715867405973604,1.0
7.860000000017623,25.970916905539315,34.89275868535772,13392.550695420672,375.7860483747593,74,22.771793964567017,1.0
7.880000000017754,26.01239919302715,32.93483241667938,11931.735049462302,508.9164697155655,72,22.8271250442277,1.0
7.900000000017885,26.03241046822605,31.030597358054635,10591.87769637478,300.0150406999392,74,22.881855957455542,1.0
7.920000000018016,26.056556051630476,29.107203724966364,9319.522395553655,76.12386413562216,74,22.93598201675064,1.0
7.940000000018147,26.08335123427869,27.19018575953395,8132.36821801759,747.1404976794901,71,22.989498534612988,1.0
7.960000000018278,26.085328024144744,25.16868718465188,6968.090960587457,10.802662636249124,73,23.04240082354255,1.0
7.980000000018409,26.098288797333083,23.149035952551838,5894.656520857914,89.48638435989358,73,23.094684196039363,1.0
8.00000000001854,26.0918307195449,21.147659756389114,4919.458644891996,720.7907348063867,73,23.14634396460337,1.0
8.02000000001867,26.095080946219152,19.19450061743172,4052.717393478454,15.24767332602735,73,23.197375441734618,1.0
8.040000000018802,26.09057733152135,17.281446081643402,3285.132165400229,16.68737801329349,74,23.24777393993312,1.0
8.060000000018933,26.08227800750264,15.462072419304691,2629.8325184980513,29.921618104318068,73,23.297534771698878,1.0
8.080000000019064,26.082208909620196,13.630190662726402,2043.603072525014,2558.0814304648916,73,23.346653249531872,1.0
8.100000000019195,26.060157267711265,12.178050801187288,1631.3541344792816,5597.775986836905,73,23.39512468593206,1.0
8.120000000019326,26.054025469903774,11.219220426414909,1384.5799767413407,9969.625795701066,74,23.44294439339952,1.0
8.140000000019457,26.031399732397286,11.272500066671226,1397.7618352841307,19767.500035314926,73,23.49010768443422,1.0
8.160000000019588,26.009935810783407,12.257863844981305,1652.8074864630983,27550.916324748203,74,23.53660987153618,1.0
8.180000000019719,26.000636492480382,14.740845064179442,2390.2176452675776,32667.444563934,72,23.58244626720532,1.0
8.20000000001985,25.97952432696483,18.40703568857067,3727.008591243457,28329.073963565843,72,23.627612183941714,1.0
8.220000000019981,25.970141347336796,22.460344657746074,5549.137903592169,14829.75387089991,73,23.672102934245352,1.0
8.240000000020112,25.96374860192267,26.474169949873534,7709.698419882655,41.71286834726362,68,23.715913830616195,1.0
8.260000000020243,25.954936849079875,29.19379203298377,9375.052425916172,28.629920820130206,74,23.759040185554305,1.0
8.280000000020374,25.963543507934563,30.91632577701737,10514.011195057356,33.14864394332323,73,23.80147731155962,1.0
8.300000000020505,25.959365035464348,31.817733646314053,11136.04991826564,0.0,75,23.8432205211322,1.0
8.320000000020636,25.97699225583145,32.212747873945936,11414.272381494491,3377.443784829078,74,23.884265126771965,1.0
8.340000000020767,25.977510351900797,32.66335547456872,11735.84269943842,13824.278629819299,73,23.924606440979012,1.0
8.360000000020898,25.98248154988254,33.32913348459742,12219.142527175243,18315.804487258763,71,23.964239776253283,1.0
8.38000000002103,25.990322822933148,34.45969756790177,13062.178321183806,19341.035058012483,70,24.003160445094796,1.0
8.40000000002116,25.998798122489653,35.87478476530623,14157.002001527528,17994.122202758706,69,24.04136376000354,1.0
8.420000000021291,26.016448121791445,36.811171530298836,14905.685843763918,19534.9848534013,71,24.07884503347953,1.0
8.440000000021422,26.02057023787632,37.537851735519446,15499.993442096244,13934.017502658187,72,24.115599578022728,1.0
8.460000000021553,26.03877320541117,37.05978495760016,15107.704272139235,6372.008314602767,70,24.151622706133196,1.0
8.480000000021684,26.038738405047305,36.085918881748896,14324.128956941777,4760.413701494714,71,24.18690973031086,1.0
8.500000000021815,26.047691322999352,34.44820936496104,13053.470412974084,1309.98240574936,72,24.22145596305578,1.0
8.520000000021946,26.060874671777214,32.528576765840086,11639.191370522667,3007.408072053495,71,24.255256716867898,1.0
8.540000000022077,26.06191699484567,30.90403645095929,10505.654158584424,904.6000273801809,72,24.28830730424726,1.0
8.560000000022209,26.08316336496831,29.11027542846425,9321.489490731543,958.3796676186614,69,24.32060303769386,1.0
8.58000000002234,26.092899864313228,27.102900430640346,8080.239329285251,389.3331388403776,70,24.352139229707706,1.0
8.60000000002247,26.11582205258038,25.032342804961807,6892.800049356354,92.52763490181297,72,24.382911192788786,1.0
8.620000000022602,26.130354120984492,23.04078162477116,5839.653796684315,240.4334003706278,73,24.412914239437075,1.0
8.640000000022733,26.12992763021378,21.03455396592066,4866.977065997515,134.93683175219968,73,24.442143682152597,1.0
8.660000000022864,26.12985222595369,19.02992575600682,3983.518817070448,295.0541868414294,71,24.470594833435364,1.0
8.680000000022995,26.102005351418004,17.04004263970953,3193.9935847943084,7379.476961579258,73,24.498263005785343,1.0
8.700000000023126,26.093882111481093,15.073139753486807,2499.1949623095875,6825.311863267892,67,24.52514351170256,1.0
8.720000000023257,26.054945247286128,13.131916894536674,1896.919654575195,111.32148300958805,72,24.551231663687012,1.0
8.740000000023388,26.018609422923927,11.611237571962894,1483.0292174781903,2692.170085799036,72,24.57652277423869,1.0
8.760000000023519,25.99450582911804,10.789060890620354,1280.4421839166503,3333.4749383507274,71,24.601012155857617,1.0
8.78000000002365,25.971627175039895,11.220653397888698,1384.9336894310632,3285.6315872179903,74,24.624695121043793,1.0
8.80000000002378,25.972851266866428,13.094711939425292,1886.1862885418,3327.189065081692,72,24.647566982297185,1.0
8.820000000023912,25.968335131933582,17.116610281357218,3222.7618227625003,38.05511919159511,72,24.669623052117835,1.0
8.840000000024043,25.975521197375617,22.352044060437635,5495.752610477199,49.370265368643395,72,24.69085864300568,1.0
8.860000000024174,25.984341730407245,27.37165946299409,8241.285159339252,21.711679247166717,74,24.711269067460748,1.0
8.880000000024305,25.980338511276038,30.79084914703709,10428.84030315154,8.996094744649307,74,24.730849637983088,1.0
8.900000000024436,25.984189466210925,32.523280769117164,11635.401711855091,21.99764371957229,73,24.749595667072626,1.0
8.920000000024567,25.982222633350077,33.47763437722694,12328.272038448156,0.0,75,24.76750246722938,1.0
8.940000000024698,25.983311855636646,33.510169168250165,12352.245814532183,0.0,75,24.78456535095344,1.0
8.960000000024829,25.973254563053263,33.33262156605042,12221.700265120826,0.0,75,24.800779630744696,1.0
8.98000000002496,25.965300273440445,32.97839590125967,11963.320558422425,0.0,75,24.816140619103223,1.0
9.000000000025091,25.97858734945325,32.68304035173559,11749.992392964947,7.574216251665233,74,24.830643628528943,1.0
9.020000000025222,25.974575431851832,32.67899152145671,11747.081355453833,4409.558080306603,74,24.84428445578635,1.0
9.040000000025353,25.980482198259207,32.450380626648986,11583.299230958355,11009.305800330956,74,24.85706510067419,1.0
9.060000000025484,25.984018047302115,32.470685474098886,11597.799566736421,9165.459578847342,73,24.868998501331784,1.0
9.080000000025615,25.996095314054532,32.05914242609338,11305.674744061946,8248.069830263465,71,24.8801065373537,1.0
9.100000000025746,26.002612909289724,31.264311680256032,10752.029033242132,3418.076532232821,73,24.890417737093653,1.0
9.120000000025877,25.99870745139783,30.030872826746858,9920.38655009867,4541.076698705723,72,24.899965401854946,1.0
9.140000000026008,26.00453120593958,28.37111107608589,8854.119380607637,1168.978279645068,74,24.90878608046566,1.0
9.16000000002614,25.995757279900232,26.748377004924954,7870.232396373578,19.15883749224948,73,24.916918337630953,1.0
9.18000000002627,25.99613358136128,25.15541564128936,6960.744296946279,31.26050253410881,73,24.924401767940346,1.0
9.200000000026401,25.995140661275467,23.21593537876272,5928.7762106197515,1143.263266422397,73,24.9312762146782,1.0
9.220000000026532,25.99146265334705,21.56506132131557,5115.57056771311,3321.4287552241194,72,24.937581158809248,1.0
9.240000000026663,25.995480601671947,20.12869169572035,4456.806523194975,3965.8669308531876,71,24.943355248834816,1.0
9.260000000026794,25.984639396658075,18.702219111436666,3847.5029966140555,2859.1131052118317,70,24.948635946764906,1.0
9.280000000026925,25.98075795060477,17.45852133429111,3352.799638978876,2277.231332157868,73,24.953459269332797,1.0
9.300000000027056,25.96386498033011,16.629210345796157,3041.8370039720735,5685.455027338059,69,24.95785960689198,1.0
9.320000000027187,25.938481692340883,16.01801350694443,2822.3443237951965,10464.283308750564,73,24.961869605253458,1.0
9.340000000027318,25.92103957452586,15.611426202044452,2680.882908680681,12496.785726344066,74,24.96552009812139,1.0
9.36000000002745,25.886661293064055,16.02958447340973,2826.4233622919614,6042.710023325055,74,24.968840079822282,1.0
9.38000000002758,25.882184963086093,17.175994164723853,3245.162531012906,1524.5972470636812,74,24.971856709751552,1.0
9.400000000027712,25.876416571555627,19.451188325494414,4161.836000012352,15.159750234720283,74,24.974595341425598,1.0
9.420000000027843,25.879716425216504,22.47902971119332,5558.374544323832,16.1026337488062,74,24.977079570264227,1.0
9.440000000027974,25.897734604364448,25.843879959136878,7346.967444765043,34.455660404432784,74,24.979331295273823,1.0
9.460000000028105,25.904645550308892,28.854382985434835,9158.329592171665,26.94451996630712,74,24.981370790681634,1.0
9.480000000028236,25.920583207920732,31.15504914467729,10677.007959279828,12.516999162498736,72,24.983216784308613,1.0
9.500000000028367,25.913891396925248,33.198235430614666,12123.35119277171,0.0,75,24.984886540091622,1.0
9.520000000028498,25.91837019740011,34.353074671396776,12981.47113316419,239.78518928525986,74,24.986395942680033,1.0
9.540000000028629,25.932506557366395,35.20593401630257,13634.035689562756,13663.872090961137,74,24.9877595824667,1.0
9.56000000002876,25.944626972358986,35.696447239283216,14016.599800576234,17566.622279962772,73,24.98899083977051,1.0
9.58000000002889,25.9682890819242,36.116926401489636,14348.75609959681,5627.174660613079,74,24.99010196718443,1.0
9.600000000029022,25.97984991805123,36.61561597347719,14747.73666428874,4868.41279613023,73,24.991104169349246,1.0
9.620000000029153,26.00157638538801,36.60748083320295,14741.184182486535,12638.932345841155,73,24.99200767961114,1.0
9.640000000029284,26.009543240894388,36.52638484661467,14675.94468959302,7465.873993933872,72,24.99282183318816,1.0
9.660000000029415,26.038618531615946,35.520268739913355,13878.584404912326,4253.011959512604,71,24.993555136599436,1.0
9.680000000029546,26.070950968613868,33.88397706682187,12629.362920514015,2391.789443361171,73,24.994215333220897,1.0
9.700000000029677,26.0829868954613,32.29896275600627,11475.452946252679,582.8627706054962,73,24.994809464913246,1.0
9.720000000029808,26.10448217351487,30.364125107018232,10141.781028661204,1072.0529987159368,70,24.995343929735704,1.0
9.740000000029939,26.104015530115415,28.39714297422276,8870.37502008294,250.84032181812088,73,24.995824535811174,1.0
9.76000000003007,26.10510325683711,26.46975913223918,7707.129633706353,118.56860342675519,69,24.99625655144643,1.0
9.780000000030201,26.10508578299099,24.628937003395603,6672.42991708952,1984.0950602209477,69,24.996644751640833,1.0
9.800000000030332,26.10188608199356,22.712663057684708,5674.515694891072,1104.547841392143,66,24.99699346113772,1.0
9.820000000030463,26.10931225222601,20.65444837994694,4692.6686166788195,1167.0333797904468,71,24.997306594186465,1.0
9.840000000030594,26.102198008934234,18.682295443859516,3839.3097935681944,1241.742325166815,72,24.99758769119172,1.0
9.860000000030725,26.107208594005602,16.780999599739715,3097.6214232311095,714.3897784371368,65,24.997839952430567,1.0
9.880000000030856,26.094860064070268,14.892867066882712,2439.772384190236,2761.8470364720474,71,24.9980662690193,1.0
9.900000000030987,26.08219048872294,13.031873400852323,1868.1269676942652,4964.202351149264,68,24.998269251308415,1.0
9.920000000031118,26.062281314658115,11.950709210512972,1571.0139569766354,11202.833373102709,70,24.99845125488298,1.0
9.94000000003125,26.02168298965895,11.685986436710705,1502.1850689888522,18639.49653299466,70,24.998614404336163,1.0
9.96000000003138,26.008111586983702,12.23463826149085,1646.5501072848947,31423.567462311003,69,24.998760614980768,1.0
9.980000000031511,25.998164382486497,14.304724840972332,2250.8766805352398,33974.68023554136,67,24.998891612653644,1.0
10.000000000031642,25.992920259404723,17.36550027292559,3317.166597018767,36247.03188818693,68,24.999008951760732,1.0
10.020000000031773,26.002620312938515,21.43235390115724,5052.803731188949,42078.29504683116,71,24.999114031701865,1.0
10.040000000031904,25.999569278137816,25.310789882986253,7046.996929507472,34672.851807187835,69,24.999208111807263,1.0
10.060000000032035,26.005212859753556,28.334394070715167,8831.216760900366,26648.115658416136,70,24.99929232490699,1.0
10.080000000032166,25.993924424155153,30.50046293348369,10233.060630724936,23391.881617602743,69,24.99936768964905,1.0
10.100000000032297,25.990441352674367,31.38737424334169,10836.839880807482,18375.26909310236,70,24.999435121671794,1.0
10.120000000032428,25.992973054799815,32.05234535152351,11300.88126786664,16913.714691107365,71,24.999495443729725,1.0
10.14000000003256,25.99204123688149,32.28587966302318,11466.158281767352,16006.840411768653,68,24.99954939486405,1.0
10.16000000003269,25.998997963716388,32.96006262831135,11950.02301308427,17615.81700966535,69,24.99959763870251,1.0
10.180000000032821,25.98783248855909,33.61691829353055,12431.069151093001,19158.449855613388,68,24.999640770966007,1.0
10.200000000032952,26.00279036732615,34.62229112983505,13185.7334738696,19372.30504349078,66,24.999679326254007,1.0
10.220000000033084,26.010774791329762,35.5313696579598,13887.260527476448,19953.202931030974,68,24.99971378417413,1.0
10.240000000033215,26.021896567305273,36.293492447072275,14489.393534062616,14898.97407591042,66,24.99974457487614,1.0
10.260000000033346,26.03106519997118,36.36849928822666,14549.34514525517,12092.564982618816,66,24.999772084045894,1.0
10.280000000033477,26.039517729949836,35.89220245609056,14170.752168638923,5268.873920808066,67,24.99979665740925,1.0
10.300000000033608,26.06266010309263,34.46410584082054,13065.520505480083,3449.7354507486657,63,24.999818604792257,1.0
10.320000000033739,26.06989910314147,33.03225321199494,12002.427274874852,4958.1354085833,69,24.999838203779497,1.0
10.34000000003387,26.090785272710285,31.348271628264452,10809.85547487395,383.6849912980419,69,24.999855703009153,1.0
10.360000000034,26.10394647300527,29.40210665097847,9509.322630670636,1850.1035890617186,69,24.999871325139086,1.0
10.380000000034132,26.114629996783396,27.580167790249053,8367.322208721205,149.6348595529001,71,24.999885269516323,1.0
10.400000000034263,26.136265254029645,25.69219508379043,7260.977770458997,1425.450538306687,72,24.99989771457795,1.0
10.420000000034394,26.133375940539995,23.67231932851606,6164.165726303585,376.4106223997625,73,24.999908820010273,1.0
10.440000000034525,26.13486404704492,21.671721691074428,5166.298731609244,205.8367788345315,66,24.999918728689522,1.0
10.460000000034656,26.119454896599283,19.687707865176247,4263.664250829749,1054.6244731351114,74,24.999927568425456,1.0
10.480000000034787,26.10873112847577,17.676287572262233,3436.962565710435,97.93572561782247,71,24.999935453527655,1.0
10.500000000034918,26.097667431639934,15.701380336972328,2711.8667893488737,258.2419649145452,73,24.999942486212092,1.0
10.520000000035049,26.0574462464622,13.778179216761705,2088.220447821246,1070.8889149341392,69,24.999948757863564,1.0
10.54000000003518,26.029764665730056,12.042874347340955,1595.3390480042713,5541.236153500682,71,24.999954350168547,1.0
10.560000000035311,25.9940455153734,11.231973984108174,1387.7296353765114,7952.064695047044,72,24.99995933613173,1.0
10.580000000035442,25.985044018841638,11.414051797196699,1433.086362719981,12926.833986384536,73,24.999963780987432,1.0
10.600000000035573,25.98592306746935,13.64650428133923,2048.4978701067093,11210.020791565423,73,24.999967743016924,1.0
10.620000000035704,25.98856656869069,17.697565864362176,3445.24221275781,6644.289203901792,74,24.999971274281137,1.0
10.640000000035835,26.001330682298597,22.780541428963232,5708.483745763812,0.715874150254156,75,24.999974421277223,1.0
10.660000000035966,25.999097581864326,27.305972067576157,8201.777216107743,41.93660564321776,73,24.99997722552648,1.0
10.680000000036097,25.997951949717788,30.311615610221423,10106.73444992001,0.0,75,24.999979724101472,1.0
10.700000000036228,25.999327934894495,32.19739676974613,11403.395946233042,1.9661512122457894,75,24.99998195009782,1.0
10.720000000036359,25.991072955764086,32.734583526900146,11787.082545475627,0.0,75,24.999983933056495,1.0
10.74000000003649,25.993780643415146,32.83034878522267,11856.149814953085,16.12375093107176,74,24.99998569934199,1.0
10.760000000036621,25.990545571459926,32.395476966115176,11544.136206483086,190.2632629449892,74,24.999987272480517,1.0
10.780000000036752,25.998600476625825,32.2552409046264,11444.406223970323,88.3013710188087,74,24.999988673463033,1.0
10.800000000036883,25.988605845972366,32.09524567453768,11331.152743998226,125.41910554665797,74,24.99998992101562,1.0
10.820000000037014,25.98792538401859,32.25453570955861,11443.905812231107,91.66615429410973,74,24.999991031842104,1.0
10.840000000037145,25.999778237157653,32.39860861346506,11546.368240973416,277.79622289053196,73,24.99999202084033,1.0
10.860000000037276,26.004532173464526,32.72772471353069,11782.143614171122,6875.123592046525,71,24.999992901295936,1.0
10.880000000037407,26.01286472081552,32.54048861561847,11647.71739277515,11849.926577588132,73,24.999993685055305,1.0
10.900000000037538,26.012490846817037,32.146560041521276,11367.414547534456,5937.787832323326,73,24.99999438268037,1.0
10.92000000003767,26.022264633316993,30.861721864273875,10476.904640705801,8004.399184255428,74,24.99999500358667,1.0
10.9400000000378,26.02371987948707,29.378315896213056,9493.939893874533,9722.918790668027,73,24.999995556167022,1.0
10.960000000037931,26.025060204256203,27.89217330206219,8557.706646634979,6665.040273058123,71,24.999996047901547,1.0
10.980000000038062,26.034763108980677,26.154856907708712,7524.8419384899,3867.089970726675,72,24.999996485456496,1.0
11.000000000038193,26.032836832446144,24.507967476631872,6607.045168192101,2612.778192932739,71,24.999996874771934,1.0
11.020000000038324,26.041330404320476,22.992293034126888,5815.100928638758,2762.8431906223645,70,24.99999722114045,1.0
11.040000000038455,26.036860076372157,21.21559415898606,4951.115790706838,4665.565788006016,71,24.999997529277216,1.0
11.060000000038587,26.032122440596602,19.51473200507795,4189.072417530149,8822.175654703786,66,24.99999780338258,1.0
11.080000000038718,26.028412297987476,18.037039222439482,3578.682623030023,8144.836544812791,71,24.999998047197785,1.0
11.100000000038849,26.001972409025143,16.72756207234651,3077.9246617262606,9214.754603668018,69,24.999998264055076,1.0
11.12000000003898,25.97194298525307,15.161375396930277,2528.54034319307,11960.064266858582,72,24.99999845692198,1.0
11.14000000003911,25.923596845875284,13.957308828011021,2142.8711669252184,8980.609366257535,71,24.999998628441002,1.0
11.160000000039242,25.895152348727585,13.238024668590528,1927.698268388325,15108.855884440753,70,24.999998780965036,1.0
11.180000000039373,25.877717656522282,13.824935234886468,2102.417176736859,22241.926309828035,71,24.999998916588897,1.0
11.200000000039504,25.861436759121926,16.229020754589886,2897.192261182002,25385.08448995373,73,24.999999037177503,1.0
11.220000000039635,25.87856870986328,20.218844770176364,4496.818522245369,17833.840634137738,73,24.99999914439092,1.0
11.240000000039766,25.87754227766298,24.737013039358683,6731.117955203416,6174.56012321744,72,24.999999239706888,1.0
11.260000000039897,25.885653625001552,29.11640046005282,9325.412533251805,5.1319250110312735,74,24.999999324440385,1.0
11.280000000040028,25.892318055201308,32.80172566325607,11835.485271362631,23.818489710488617,73,24.999999399761922,1.0
11.300000000040159,25.898574597692182,35.008632500050716,13481.647844759678,24.809892489166042,73,24.999999466712993,1.0
11.32000000004029,25.911098878610122,36.14408344330724,14370.34244752432,4.74626813770584,75,24.99999952622037,1.0
11.34000000004042,25.906006377840423,36.68286676378931,14801.959854109104,150.26590573310716,74,24.999999579108675,1.0
11.360000000040552,25.931322717779565,37.107970897113006,15147.016545110844,72.28639190369488,74,24.99999962611146,1.0
11.380000000040683,25.947072944797316,37.24083429792121,15255.677131257471,244.07989811209112,74,24.999999667881408,1.0
11.400000000040814,25.97188467640056,37.391766231678005,15379.586001169011,8143.414307955485,74,24.999999704999045,1.0
11.420000000040945,25.997231022859257,37.13274708999021,15167.24997094094,11003.350688197426,74,24.999999737980808,1.0
11.440000000041076,26.0153594374824,36.76950824658298,14871.964103650873,3300.7971674032055,74,24.999999767285942,1.0
11.460000000041207,26.0479313325157,35.663334214310595,13990.607480097784,6.737674458967167,74,24.999999793323013,1.0
11.480000000041338,26.059453960732043,34.207124951066184,12871.401371596403,61.349150956626595,74,24.999999816455272,1.0
11.500000000041469,26.08013458558877,32.41051232000933,11554.854397300243,2.7532359663965273,75,24.999999837005742,1.0
11.5200000000416,26.096831666468233,30.430016800963582,10185.845147576183,35.48326645874829,74,24.999999855261677,1.0
11.540000000041731,26.107932476669106,28.466746892962913,8913.91246534815,87.95807226765454,71,24.999999871478444,1.0
11.560000000041862,26.124344630636234,26.47934175708241,7712.710938772049,818.2499463603748,70,24.999999885883213,1.0
11.580000000041993,26.128076419598372,24.537759103113114,6623.117839826516,208.49567677486488,72,24.99999989867771,1.0
11.600000000042124,26.1426888271109,22.634473345154635,5635.513219737672,375.86993229310497,70,24.999999910041456,1.0
11.620000000042255,26.14584890799385,20.690291476445136,4708.969775182841,754.5006856517253,72,24.999999920134016,1.0
11.640000000042386,26.150205839733346,18.766101534537054,3873.8322348500933,592.8889254383106,72,24.99999992909714,1.0
11.660000000042517,26.15180821483723,16.990516829335785,3175.454283407368,1368.4807972532233,74,24.999999937056923,1.0
11.680000000042648,26.13443976066169,15.263661171335386,2562.772875886647,1818.5653760090895,74,24.999999944125356,1.0
11.70000000004278,26.129242683032945,13.704548445452238,2065.9611290312205,4.0488564108756195,75,24.999999950401904,1.0
11.72000000004291,26.093333641284154,12.734392147927062,1783.8121771490507,15.446346937674752,73,24.999999955975074,1.0
11.740000000043041,26.064766873988397,11.933774189211436,1566.5646303899796,0.0,75,24.999999960923486,1.0
11.760000000043172,26.046142334125825,11.882000907351129,1553.0014011852238,14.613692858469982,74,24.999999965317,1.0
11.780000000043303,26.027876928280932,12.877495927972669,1824.1289151244794,10.403503718957467,74,24.999999969217647,1.0
11.800000000043434,26.031848812198426,15.569205106992456,2666.4016242995995,0.0,75,24.999999972680627,1.0
11.820000000043565,26.02769143766048,19.709046457606814,4272.9116349491405,25.48923470034668,72,24.999999975754914,1.0
11.840000000043696,26.02909367298586,24.342643415902085,6518.207173211373,20.950589306992633,73,24.99999997848402,1.0
11.860000000043827,26.027942579646748,28.252042489335665,8779.956953011504,20.89859155150278,74,24.999999980906576,1.0
11.880000000043959,26.015398439835856,30.644673516046247,10330.056163955729,8.137642022599046,74,24.999999983056984,1.0
11.90000000004409,26.018996280411937,31.756063788362336,11092.923460635915,0.0,75,24.999999984965697,1.0
11.92000000004422,26.00577641743875,32.37661451424066,11530.696841441128,0.0,75,24.999999986659837,1.0
11.940000000044352,26.01327372200797,32.43932283313592,11575.406324596546,22.293971977993543,73,24.999999988163466,1.0
11.960000000044483,26.01281038554552,32.746311161044645,11795.529841215528,0.0,75,24.999999989497965,1.0
11.980000000044614,26.017349715414127,33.05425719495812,12018.423105814845,11.083806713536239,74,24.999999990682344,1.0
12.000000000044745,26.028433893512886,33.83952616086229,12596.248838708518,6.696668163263082,74,24.999999991733407,1.0
12.020000000044876,26.033015627686144,34.86263818509124,13369.4389534704,30.842187851594108,73,24.999999992666126,1.0
12.040000000045007,26.049894466332265,35.71924158441134,14034.506413020947,3.133335327202553,75,24.999999993493837,1.0
12.060000000045138,26.06073845393634,36.4016485878858,14575.880219075214,47.38820745931902,74,24.9999999942283,1.0
12.080000000045269,26.08292557972259,36.07631592170807,14316.506275311762,0.0,75,24.99999999488,1.0
12.1000000000454,26.093098682360097,35.420862325780774,13801.012366921073,0.0,75,24.99999999545827,1.0
12.12000000004553,26.108139238487922,34.00504836896518,12719.776460332274,529.1571023099573,73,24.999999995971333,1.0
12.140000000045662,26.130905084393202,32.26464295128886,11451.079032515696,1515.2857742905733,71,24.99999999642655,1.0
12.160000000045793,26.13503296034091,30.690055647162108,10360.674671884975,1243.7055382527958,74,24.999999996830418,1.0
12.180000000045924,26.150086902430935,28.771473603409696,9105.774626428709,232.92372276560056,71,24.999999997188727,1.0
12.200000000046055,26.153974251498184,26.787211106709623,7893.101467629701,93.22481096795885,73,24.99999999750661,1.0
12.220000000046186,26.157260624438795,24.82111159883285,6776.96339101886,327.7529101664758,71,24.99999999778861,1.0
12.240000000046317,26.16058252855666,22.863303890627634,5750.037312747076,841.1034200416874,70,24.999999998038763,1.0
12.260000000046448,26.151080658069002,20.8594894047772,4786.301280508135,119.34163631726476,73,24.999999998260666,1.0
12.280000000046579,26.15176478476968,18.88884327728819,3924.672403893507,687.1559910315078,72,24.9999999984575,1.0
12.30000000004671,26.13380682125581,16.857143637988695,3125.79620794961,698.849422959636,72,24.99999999863212,1.0
12.320000000046841,26.10387533661602,14.860979826794527,2429.3359355363327,1572.5946648286485,68,24.999999998786972,1.0
12.340000000046972,26.06316176335472,13.017048152208767,1863.8789685661384,4568.237901865188,68,24.999999998924338,1.0
12.360000000047103,26.031092694584093,11.500101119720007,1454.775583401639,10840.353457547717,70,24.999999999046185,1.0
12.380000000047234,26.022371704388934,10.814189146849337,1286.4135559421738,19296.421083923935,69,24.999999999154227,1.0
12.400000000047365,26.018752017319848,11.743117533901446,1516.9089035652592,27375.88282290172,66,24.999999999250058,1.0
12.420000000047496,26.027153096118216,14.73643316528815,2388.7870867850497,32591.615509966196,70,24.999999999335042,1.0
12.440000000047627,26.02964881880315,19.412262461105318,4145.195272447226,36168.71552049451,69,24.999999999410417,1.0
12.460000000047758,26.033746277668712,24.513013446580274,6609.766110554478,36865.5602649871,67,24.999999999477293,1.0
12.48000000004789,26.037993595300307,28.668632148282658,9040.795161789005,31213.094074702494,70,24.999999999536566,1.0
12.50000000004802,26.0173770768884,31.148426729324964,10672.469364833385,24333.302455977824,71,24.999999999589097,1.0
12.520000000048151,26.012896493704705,31.96727995276502,11240.976863362974,18635.9033232425,70,24.999999999635723,1.0
12.540000000048282,26.001717012332634,32.295501901618344,11472.993873851774,11892.339034254399,71,24.999999999677026,1.0
12.560000000048413,25.994759567433785,31.990836443289243,11257.549779754114,14596.540633572731,70,24.999999999713733,1.0
12.580000000048544,25.99184183983406,31.911786481280338,11201.983280695093,13897.199767020544,73,24.99999999974618,1.0
12.600000000048675,25.993826070571853,31.679580140787543,11039.553776862385,8876.706771906924,70,24.999999999775,1.0
12.620000000048806,26.000181030435808,31.838300822564726,11150.451391949382,14946.769443458219,70,24.999999999800625,1.0
12.640000000048937,25.98692603651995,32.17815755538691,11389.77206025234,16538.465400479083,69,24.99999999982315,1.0
12.660000000049068,25.997602803359886,32.68659154048092,11752.545931876626,15197.122469955437,68,24.999999999843315,1.0
12.6800000000492,26.007245773832935,32.940781756196344,11936.046129802937,12536.474822641263,68,24.999999999861164,1.0
12.70000000004933,26.015523562933762,32.935726943931584,11932.383202577432,10178.895925898612,68,24.99999999987691,1.0
12.720000000049462,26.025107492925844,32.24576607188167,11437.683725187664,8350.137176160735,67,24.999999999890946,1.0
12.740000000049593,26.024341048768832,31.441910055599354,10874.530787388398,6671.837333343444,68,24.99999999990338,1.0
12.760000000049724,26.03568284341859,29.96656437391494,9877.94478413587,8982.135131835894,66,24.9999999999142,1.0
12.780000000049855,26.038834412685418,28.50528085382724,8938.061402111269,9136.194735350791,67,24.999999999923926,1.0
12.800000000049986,26.050277025298165,26.966280462716178,7998.98310193255,6406.923635548688,67,24.999999999932808,1.0
12.820000000050117,26.060898348684145,25.210071995322192,6991.025030102611,2913.2756003563,67,24.999999999940165,1.0
12.840000000050248,26.064297059136766,23.553268484755264,6102.321019464622,2663.447105739402,67,24.99999999994727,1.0
12.860000000050379,26.071983330613765,21.875712286874446,5264.014668639205,2709.8903859427496,68,24.999999999952998,1.0
12.88000000005051,26.059564937977367,19.991222459525186,4396.138729688467,7610.078699779326,69,24.999999999958327,1.0
12.90000000005064,26.055734001948696,18.078145034261773,3595.01260667784,7812.7637894485,70,24.999999999963656,1.0
12.920000000050772,26.02551342876634,16.320467845602693,2929.9343776928654,3571.393586460749,72,24.999999999967233,1.0
12.940000000050903,25.982648041064028,14.728648230961463,2386.2638658254464,3658.4611420059878,71,24.999999999970786,1.0
12.960000000051034,25.95249281185278,13.094689756900575,1886.1798981242453,5540.09227093113,73,24.99999999997434,1.0
12.980000000051165,25.90985046482256,12.212487554135533,1640.5933748590683,10501.39196662287,73,24.99999999997789,1.0
13.000000000051296,25.90120105020814,12.604971744247884,1747.7384394061628,22583.884249502382,72,24.99999999998009,1.0
13.020000000051427,25.89265518540009,15.236643228513083,2553.7082656029293,29678.46921999645,72,24.999999999981867,1.0
13.040000000051558,25.89467117915304,19.55957060024698,4208.344822726505,32293.84991329442,72,24.999999999983643,1.0
13.060000000051689,25.904838796525812,25.10015411313217,6930.195101532844,20056.257205023834,71,24.99999999998542,1.0
13.08000000005182,25.893374105665973,29.744552322794643,9732.12232171815,2803.0402343573287,71,24.999999999987196,1.0
13.100000000051951,25.897720448819417,32.99729918166004,11977.039286123807,22.927869370689187,74,24.999999999988972,1.0
13.120000000052082,25.89730053486337,35.00277639243064,13477.137906963497,26.434682361391005,74,24.99999999999075,1.0
13.140000000052213,25.906238743337585,35.72438713008597,14038.550194022773,0.0,75,24.999999999992525,1.0
13.160000000052344,25.913927144406895,36.11708151012522,14348.879344899316,0.0,75,24.9999999999943,1.0
13.180000000052475,25.921580764693854,36.050054565775234,14295.670776149089,11.378834581482389,74,24.999999999994454,1.0
13.200000000052606,25.948481385779576,36.199398600355266,14414.361049301431,0.0,75,24.999999999994454,1.0
13.220000000052737,25.95902442641584,36.17084083472819,14391.626993603642,235.33477137149643,74,24.999999999994454,1.0
13.240000000052868,25.98042628609544,35.94780490282512,14214.691450647353,7923.765578487964,74,24.999999999994454,1.0
13.260000000053,25.992507683193452,35.46326007045731,13834.07096307381,5010.442082269173,72,24.999999999994454,1.0
13.28000000005313,26.012638216666538,34.6781685302198,13228.329098713595,4838.940185384288,73,24.999999999994454,1.0
13.300000000053261,26.03842456205471,33.24240745825254,12155.634189825329,2466.8647913876366,69,24.999999999994454,1.0
13.320000000053392,26.047786487098836,31.753378507639805,11091.047513143858,2829.523677086942,70,24.999999999994454,1.0
13.340000000053523,26.066376632019256,29.95176019318234,9868.187325368925,290.6217336483874,71,24.999999999994454,1.0
13.360000000053654,26.07514816528527,28.016498936410418,8634.166339192747,1329.2315831257322,70,24.999999999994454,1.0
13.380000000053785,26.085367405287766,26.191280457777193,7545.814892197356,308.9951730412764,71,24.999999999994454,1.0
13.400000000053916,26.098711717867356,24.37991481401601,6538.182709725451,1664.5834528073945,72,24.999999999994454,1.0
13.420000000054047,26.101543165948318,22.51618936022925,5576.766616362711,1240.5291005627782,71,24.999999999994454,1.0
13.440000000054178,26.112334393395386,20.61727363742687,4675.791694645906,932.8412771289175,71,24.999999999994454,1.0
13.46000000005431,26.105213793896862,18.68322491404121,3839.691825075153,1599.0402907394923,70,24.999999999994454,1.0
13.48000000005444,26.10390680989857,16.961640038713337,3164.6695608317173,3456.7520882235663,60,24.999999999994454,1.0
13.500000000054571,26.094633905523214,15.447131272305265,2624.752509982144,6206.532170658061,66,24.999999999994454,1.0
13.520000000054702,26.0690602875692,14.01301296039903,2160.009854511423,8065.944597740977,63,24.999999999994454,1.0
13.540000000054834,26.0354716446067,12.80253392147242,1802.953622914972,11610.570912423424,62,24.999999999994454,1.0
13.560000000054965,25.98808343156376,12.190928707708768,1634.8061703208155,12474.576692769113,62,24.999999999994454,1.0
13.580000000055096,25.969311411491347,12.205668167890476,1638.7616896712034,21048.798404374455,61,24.999999999994454,1.0
13.600000000055227,25.95557034912414,14.18859011937692,2214.476985332484,34352.78364583909,61,24.999999999994454,1.0
13.620000000055358,25.952144136084918,17.85720503759486,3507.677489301735,35439.84956792884,63,24.999999999994454,1.0
13.640000000055489,25.966325289763347,22.807163037190747,5721.833543854999,36136.41477510735,67,24.999999999994454,1.0
13.66000000005562,25.9636969005574,27.3070911618726,8202.449504951026,35986.20361079949,64,24.999999999994454,1.0
13.68000000005575,25.968143976312337,30.793269436038877,10430.479868165346,29520.734146223316,64,24.999999999994454,1.0
13.700000000055882,25.96369224004748,32.938430395003685,11934.34216575153,26682.080977780242,66,24.999999999994454,1.0
13.720000000056013,25.962341631805415,33.73705675490332,12520.078983319245,20137.081227030347,65,24.999999999994454,1.0
13.740000000056144,25.96438467857907,34.02689721091829,12736.12707182639,17288.070401856177,66,24.999999999994454,1.0
13.760000000056275,25.96524462130895,33.890127509632954,12633.948168810983,15391.390217521457,67,24.999999999994454,1.0
13.780000000056406,25.97963311120776,34.02895970626652,12737.671085597813,14159.770596148874,65,24.999999999994454,1.0
13.800000000056537,25.982553636407662,34.09790314450549,12789.336987372848,14341.522493013837,63,24.999999999994454,1.0
13.820000000056668,25.997196584561944,34.36609830436213,12991.315839315901,13791.803290135915,62,24.999999999994454,1.0
13.840000000056799,26.009649148865744,34.50763835962684,13098.548156746687,13996.700039184518,62,24.999999999994454,1.0
13.86000000005693,26.024997343204554,34.65959277890768,13214.161087596804,11046.62341689035,63,24.999999999994454,1.0
13.880000000057061,26.04158689007455,34.23130184949154,12889.60228942103,8832.269066738476,60,24.999999999994454,1.0
13.900000000057192,26.04771520773672,33.54302925431995,12376.482927117802,4398.991747123602,65,24.999999999994454,1.0
13.920000000057323,26.06798326790039,31.95836829976685,11234.71034821897,2105.802209896443,64,24.999999999994454,1.0
13.940000000057454,26.07710188244422,30.30582545983251,10102.873624820155,2483.5442991334216,67,24.999999999994454,1.0
13.960000000057585,26.087385763242274,28.72928359810034,9079.08909666085,1654.3746667871899,65,24.999999999994454,1.0
13.980000000057716,26.097637562091883,26.827640685377432,7916.945352180904,893.7252802404815,68,24.999999999994454,1.0
14.000000000057847,26.09466897408063,25.02281182535179,6887.5522281166195,1729.861216127023,72,24.999999999994454,1.0
14.020000000057978,26.10104276271571,23.257742661337954,5950.148530711213,422.6778807908754,72,24.999999999994454,1.0
14.040000000058109,26.09417791109786,21.290613746268175,4986.1925706206175,515.8649377657248,71,24.999999999994454,1.0
14.06000000005824,26.093370254563595,19.40398713288571,4141.6618831851365,1019.7646195362986,69,24.999999999994454,1.0
14.080000000058371,26.0844462926166,17.63628052913125,3421.4222999243534,1764.470073440294,71,24.999999999994454,1.0
14.100000000058502,26.051378119553732,15.817216205833969,2752.027613523064,1915.676506884159,72,24.999999999994454,1.0
14.120000000058633,26.014593052690167,13.87994155160194,2119.1805522347468,3700.8356937097305,73,24.999999999994454,1.0
14.140000000058764,25.96475216978918,12.429678465624766,1699.4659743469765,7362.331250045522,74,24.999999999994454,1.0
14.160000000058895,25.942747707335645,11.384356434093535,1425.6392856033556,11331.895640701261,74,24.999999999994454,1.0
14.180000000059026,25.929842884690405,11.837572666229102,1541.409392910798,17344.55804645503,74,24.999999999994454,1.0
14.200000000059157,25.929335785547213,14.280439917565271,2243.2406066311078,21095.468682563518,73,24.999999999994454,1.0
14.220000000059288,25.94314864153166,18.80373406272424,3889.3845617182137,14640.839323757646,74,24.999999999994454,1.0
14.24000000005942,25.940347744894716,23.973894040055075,6322.22354988167,5188.358010224629,71,24.999999999994454,1.0
14.26000000005955,25.9460818705735,29.059697915666842,9289.12647244793,22.331005208694823,74,24.999999999994454,1.0
14.280000000059681,25.93971309175454,32.64509518043438,11722.72463273582,45.95349883358221,74,24.999999999994454,1.0
14.300000000059812,25.933540173126488,34.25346284826925,12906.296888075382,18.134028402877842,72,24.999999999994454,1.0
14.320000000059943,25.934442969494572,34.73912895228607,13274.877883999166,0.0,75,24.999999999994454,1.0
14.340000000060074,25.93487227570962,34.50916651206775,13099.7083069338,0.0,75,24.999999999994454,1.0
14.360000000060205,25.939494438854577,34.28110728971395,12927.137487097669,25.735933075734682,73,24.999999999994454,1.0
14.380000000060337,25.930531646006038,33.853779411956545,12606.862185207541,0.0,75,24.999999999994454,1.0
14.400000000060468,25.94394105503666,33.53371879178492,12369.613256071601,4306.825422660251,74,24.999999999994454,1.0
14.420000000060599,25.952696349568047,33.112504527774874,12060.817517121028,11009.174327545497,74,24.999999999994454,1.0
14.44000000006073,25.958725720161095,32.68283103267248,11749.841887412415,5254.568302501247,74,24.999999999994454,1.0
14.46000000006086,25.97329640031716,31.980153735136827,11250.032562152846,191.0085169757637,74,24.999999999994454,1.0
14.480000000060992,25.97635090421173,31.171838832985266,10688.51889852569,4229.367641263317,74,24.999999999994454,1.0
14.500000000061123,25.987744285678122,29.87942708422726,9820.581791698189,3632.1607350135055,72,24.999999999994454,1.0
14.520000000061254,25.987139491371384,28.41048549010493,8878.712543618089,2814.659307475345,73,24.999999999994454,1.0
14.540000000061385,25.98923474142509,26.918243718548197,7970.510293802754,25.144896118703116,74,24.999999999994454,1.0
14.560000000061516,25.997591611757784,25.069317668713616,6913.177572123644,10.54981960386419,74,24.999999999994454,1.0
14.580000000061647,25.992332776209604,23.32410975286832,5984.155053402318,1.36058610026904,75,24.999999999994454,1.0
14.600000000061778,26.002209196806277,21.782817808544987,5219.402668482911,97.07095408355082,73,24.999999999994454,1.0
14.620000000061909,25.996280054205545,19.976528377959713,4389.678546389727,686.2755183903831,74,24.999999999994454,1.0
14.64000000006204,25.996419402947897,18.446683553420733,3743.0814753204727,3080.1225411904943,72,24.999999999994454,1.0
14.66000000006217,25.98025215364541,17.27764814694315,3283.688380385249,8259.096113154254,72,24.999999999994454,1.0
14.680000000062302,25.9494922046247,16.535230296450433,3007.552250523175,8880.500113895983,72,24.999999999994454,1.0
14.700000000062433,25.923464137800007,15.93277997964276,2792.3882566767566,7527.034159423429,72,24.999999999994454,1.0
14.720000000062564,25.88305649989057,15.763329337082961,2733.308069682744,12710.469393962188,72,24.999999999994454,1.0
14.740000000062695,25.869442274189122,16.140951236343742,2865.833374954292,18722.424837893992,73,24.999999999994454,1.0
14.760000000062826,25.86035493432891,17.58163803329166,3400.2539552705666,22785.26073923634,73,24.999999999994454,1.0
14.780000000062957,25.86193444483607,20.225463704841875,4499.763202834636,22278.59150208828,73,24.999999999994454,1.0
14.800000000063088,25.87772328263932,23.789481345152705,6225.333649385054,11114.460838351368,73,24.999999999994454,1.0
14.820000000063219,25.87885637793131,27.28459774431508,8188.942014759918,484.32256429585834,72,24.999999999994454,1.0
14.84000000006335,25.88902955027661,30.384554126439607,10155.43242408792,24.002193901123928,73,24.999999999994454,1.0
14.860000000063481,25.8873626601175,32.63176251785172,11713.151175236197,10.297049602604439,74,24.999999999994454,1.0
14.880000000063612,25.895703571331232,33.83673803047651,12594.173245974049,0.0,75,24.999999999994454,1.0
14.900000000063743,25.90392494624631,34.551804653976255,13132.099253311886,0.0,75,24.999999999994454,1.0
14.920000000063874,25.90651082960094,34.63767084531633,13197.450657473244,0.0,75,24.999999999994454,1.0
14.940000000064005,25.929572141293406,34.80800006327323,13327.565552453118,8.59857392863092,74,24.999999999994454,1.0
14.960000000064136,25.93599955355307,34.6150729448398,13180.236024742386,182.67252600884086,73,24.999999999994454,1.0
14.980000000064267,25.950235489992988,34.462705704166304,13064.458928971744,6869.799129209044,74,24.999999999994454,1.0
15.000000000064398,25.96626975578723,33.959191122481556,12685.493278625532,8133.015853657395,73,24.999999999994454,1.0
15.02000000006453,25.987225846775058,33.3820188428323,12257.95100225532,5346.13414886298,72,24.999999999994454,1.0
15.04000000006466,26.0122028975559,32.214887267859545,11415.78857848989,3174.163778788204,72,24.999999999994454,1.0
15.060000000064791,26.01794914762795,30.927796115472326,10521.814298162475,688.1438507332673,74,24.999999999994454,1.0
15.080000000064922,26.035638623367532,29.26541851886749,9421.111931929196,85.16689447376247,73,24.999999999994454,1.0
15.100000000065053,26.0479852660843,27.397302238378558,8256.73386935169,1660.6312157468622,73,24.999999999994454,1.0
15.120000000065184,26.0562148802792,25.809158830553773,7327.23947494827,1634.0329742029628,72,24.999999999994454,1.0
15.140000000065315,26.070054892076705,24.090658633966683,6383.958167601449,1239.7010317921993,71,24.999999999994454,1.0
15.160000000065446,26.064631148839425,22.203463078600368,5422.931499510467,2210.2633072556796,72,24.999999999994454,1.0
15.180000000065577,26.069577961141416,20.564992601333774,4652.108127622042,2524.7777861161076,74,24.999999999994454,1.0
15.200000000065709,26.05827785314619,18.6815419611098,3839.0001104917687,1789.728004495085,72,24.999999999994454,1.0
15.22000000006584,26.049059789192814,16.90812241499005,3144.730639603179,2965.071772204644,68,24.999999999994454,1.0
15.24000000006597,26.016340184851575,15.46611751040553,2631.208699302398,6963.602312185659,72,24.999999999994454,1.0
15.260000000066102,25.976317065224766,14.378403579991827,2274.1233846003397,10369.653288442323,72,24.999999999994454,1.0
15.280000000066233,25.950763945654227,13.463612615862882,1993.9575113702438,15148.775703275049,71,24.999999999994454,1.0
15.300000000066364,25.913780752703193,13.309291211217419,1948.5095579948813,15121.935222832559,72,24.999999999994454,1.0
15.320000000066495,25.904229969532068,14.292958283908153,2247.1752215609254,14929.501913323918,73,24.999999999994454,1.0
15.340000000066626,25.89915148129167,17.083654121056544,3210.363619406814,22187.683331927685,73,24.999999999994454,1.0
15.360000000066757,25.89671090722261,21.03307349796387,4866.2919884782505,31625.21701370019,70,24.999999999994454,1.0
15.380000000066888,25.907730636745217,25.61846641698664,7219.364037140995,32820.311904697046,71,24.999999999994454,1.0
15.400000000067019,25.899560670500062,29.29323990316341,9439.032944267135,15523.75834986653,73,24.999999999994454,1.0
15.42000000006715,25.901058839169888,31.84568590629872,11155.624819268962,1380.3171120554632,73,24.999999999994454,1.0
15.44000000006728,25.896801985597673,33.33743496246793,12225.23026864457,19.83957403727259,73,24.999999999994454,1.0
15.460000000067412,25.902054167034443,33.908133156251864,12647.376435563177,29.632073764528798,73,24.999999999994454,1.0
15.480000000067543,25.90928496729852,34.140036684834925,12820.96315326062,0.0,75,24.999999999994454,1.0
15.500000000067674,25.91136153436015,34.07142952551313,12769.485409032088,0.0,75,24.999999999994454,1.0
15.520000000067805,25.93291058374363,34.24647128961401,12901.028753693921,0.0,75,24.999999999994454,1.0
15.540000000067936,25.9387150975903,34.291016460553635,12934.611908877565,196.3961518153442,74,24.999999999994454,1.0
15.560000000068067,25.952863815503097,34.45441046778177,13058.170407506288,6862.986657303327,74,24.999999999994454,1.0
15.580000000068198,25.969983794266415,34.264585864143115,12914.680288853599,11023.877906300726,73,24.999999999994454,1.0
15.600000000068329,25.988946079387347,34.05476149965319,12756.994588780874,6224.7735187482585,72,24.999999999994454,1.0
15.62000000006846,26.012459891134213,33.13470711327633,12076.996970308654,5282.395575592701,72,24.999999999994454,1.0
15.640000000068591,26.019515839056105,32.07943573561468,11319.992168269753,4123.468407922952,73,24.999999999994454,1.0
15.660000000068722,26.037616114285427,30.38243686345734,10154.017167381686,1748.4869637818974,72,24.999999999994454,1.0
15.680000000068853,26.05017401501748,28.581241349242777,8985.760927700316,2112.8116790037966,73,24.999999999994454,1.0
15.700000000068984,26.05633212290824,27.009338967558445,8024.548306109183,1625.7051708526571,70,24.999999999994454,1.0
15.720000000069115,26.06939383256292,25.189662097950116,6979.70984269795,755.3269538457972,72,24.999999999994454,1.0
15.740000000069246,26.062641817335287,23.271248486545808,5957.061067348166,1415.5002848695606,72,24.999999999994454,1.0
15.760000000069377,26.067333937505893,21.5114544235921,5090.169385601081,1389.547811722413,71,24.999999999994454,1.0
15.780000000069508,26.058502880291456,19.575367923128166,4215.145322584186,332.9900764393547,74,24.999999999994454,1.0
15.80000000006964,26.044607071818703,17.65473755448247,3428.58733929419,1514.6563084051108,73,24.999999999994454,1.0
15.82000000006977,26.005150869873262,15.928537098816538,2790.9012351921224,2403.298115344029,71,24.999999999994454,1.0
15.840000000069901,25.960716162188305,14.256182607354553,2235.626167876623,2898.3382485767656,73,24.999999999994454,1.0
15.860000000070032,25.9324291001118,12.673338061002493,1766.7484736929987,3154.5441281750805,72,24.999999999994454,1.0
15.880000000070163,25.899541727135343,11.713203610456029,1509.1905270200016,5191.531656673535,74,24.999999999994454,1.0
15.900000000070294,25.893826554018087,12.02958700113089,1591.8205975955502,6856.523982336236,73,24.999999999994454,1.0
15.920000000070425,25.895734177490567,14.528216943308397,2321.7599630701648,6315.253511239712,74,24.999999999994454,1.0
15.940000000070556,25.894578607605027,18.872518122464044,3917.8913431100714,3023.6719994976797,73,24.999999999994454,1.0
15.960000000070687,25.904531983747752,24.308668640932016,6500.025082040947,0.0,75,24.999999999994454,1.0
15.980000000070818,25.89039294786955,28.93744006767564,9211.129814373517,43.54195723997321,71,24.999999999994454,1.0
16.000000000070948,25.882998718028205,32.09186346380232,11328.764706372633,17.162771881293903,73,24.999999999994454,1.0
16.02000000007019,25.873567828609392,33.7108812168979,12500.658636617798,13.392382043400438,74,24.999999999994454,1.0
16.040000000069433,25.863263667302757,34.040717043586234,12746.474585256525,0.0,75,24.999999999994454,1.0
16.060000000068676,25.868468407392246,33.790515436655184,12559.788268223154,4015.352210003068,73,24.999999999994454,1.0
16.08000000006792,25.87001344755928,33.290734973981955,12191.00338618696,10169.927672660211,72,24.999999999994454,1.0
16.100000000067162,25.876279855425157,32.981421282486515,11965.515647941398,9042.18389048183,73,24.999999999994454,1.0
16.120000000066405,25.868072930331216,32.587404383341166,11681.328168877433,461.2276996313746,72,24.999999999994454,1.0
16.140000000065648,25.877735270960653,32.257244856444686,11445.8283030149,3227.589754981951,73,24.999999999994454,1.0
16.16000000006489,25.887918905801868,31.78664066805282,11114.295774559003,9861.19889654969,73,24.999999999994454,1.0
16.180000000064133,25.889005133058618,31.3380444932252,10802.803359252985,6117.49282209291,73,24.999999999994454,1.0
16.200000000063376,25.903169449858648,30.572627928003204,10281.541362665335,4347.812432876895,73,24.999999999994454,1.0
16.22000000006262,25.90318666714727,29.76078377737595,9742.746761480958,7172.381862297063,74,24.999999999994454,1.0
16.240000000061862,25.912977871204774,28.58672493523545,8989.209267750934,7640.465824337907,73,24.999999999994454,1.0
16.260000000061105,25.91612532285875,27.18892718379366,8131.615375461972,7302.899320289359,73,24.999999999994454,1.0
16.280000000060348,25.91575398445266,25.77585613481538,7308.342354309696,3059.7589994734276,74,24.999999999994454,1.0
16.30000000005959,25.92494567635749,24.123316266688363,6401.278264729385,1137.474467803787,73,24.999999999994454,1.0
16.320000000058833,25.917671430732398,22.544426902865343,5590.763028165025,101.97077178180278,73,24.999999999994454,1.0
16.340000000058076,25.92185157134953,21.129589326678158,4911.054996254787,25.219949431183043,74,24.999999999994454,1.0
16.36000000005732,25.91030338394652,19.869658292827662,4342.836527411086,0.36923167348517566,75,24.999999999994454,1.0
16.38000000005656,25.89609680274485,18.793474411414692,3885.141484977487,12.574479484280836,70,24.999999999994454,1.0
16.400000000055805,25.874240702576287,17.791737148397864,3482.0050183344865,6.521267095586134,74,24.999999999994454,1.0
16.420000000055047,25.842156256755512,17.083905485365932,3210.458092962078,2.9706931565549093,75,24.999999999994454,1.0
16.44000000005429,25.82605210354542,16.61771076299177,3037.6314210269775,19.532450837170742,74,24.999999999994454,1.0
16.460000000053533,25.804391345942605,16.860650782282953,3127.096992823086,17.340600061120437,74,24.999999999994454,1.0
16.480000000052776,25.802930157132714,17.884298256509734,3518.3293654057684,9.616771019811239,73,24.999999999994454,1.0
16.50000000005202,25.80960165028853,20.014256586627905,4406.275133869163,9.641223547220072,74,24.999999999994454,1.0
16.52000000005126,25.814264358906833,22.994851368156326,5816.395083879609,20.86433262420206,74,24.999999999994454,1.0
16.540000000050505,25.828025537244926,26.5292088342735,7741.788135097446,5.564507174391433,74,24.999999999994454,1.0
16.560000000049747,25.82414718325617,29.365351075752223,9485.562281824004,20.04059505493012,72,24.999999999994454,1.0
16.58000000004899,25.831003021404833,31.426976282669767,10864.203220986368,26.611364871499962,72,24.999999999994454,1.0
16.600000000048233,25.83226418365307,32.68644643199412,11752.441583867832,0.0,75,24.999999999994454,1.0
16.620000000047476,25.83746153630442,33.1831679305015,12112.348972942495,83.90191776414635,74,24.999999999994454,1.0
16.64000000004672,25.849217076570653,33.374555031752124,12252.47015924196,15.141991187197453,73,24.999999999994454,1.0
16.66000000004596,25.847078214163822,33.12007023380876,12066.329575216674,113.62434911167891,74,24.999999999994454,1.0
16.680000000045204,25.865900568251625,33.016415569693706,11990.920667777844,172.60078835744585,73,24.999999999994454,1.0
16.700000000044447,25.87355983926976,32.65775041493184,11731.815283803788,82.48960228203198,74,24.999999999994454,1.0
16.72000000004369,25.880397533845834,32.39409640123876,11543.152298180252,1668.323638996632,73,24.999999999994454,1.0
16.740000000042933,25.893616305231628,31.746578648758888,11086.297814920172,4726.146956031211,72,24.999999999994454,1.0
16.760000000042176,25.90057020542239,31.142111632535023,10668.142286266006,7064.960935442513,72,24.999999999994454,1.0
16.78000000004142,25.919103419958343,29.997771884550858,9898.529498413049,7635.242556005753,71,24.999999999994454,1.0
16.80000000004066,25.92320526097146,28.720805361217632,9073.731266566421,6922.000648393362,72,24.999999999994454,1.0
16.820000000039904,25.93470617350128,27.259396410969167,8173.821619593946,4032.4217391251204,72,24.999999999994454,1.0
16.840000000039147,25.943805244883556,25.483509641198108,7143.501899963406,1663.408308155168,70,24.999999999994454,1.0
16.86000000003839,25.943138214696408,23.880821783497712,6273.230139606968,2310.587585316508,66,24.999999999994454,1.0
16.880000000037633,25.952640150503427,22.27259626285492,5456.753987169527,2964.443586056224,69,24.999999999994454,1.0
16.900000000036876,25.943145015455524,20.571818005039866,4655.196656357306,3099.266186465904,69,24.999999999994454,1.0
16.92000000003612,25.941290558147106,19.154032921639473,4035.6467487957366,5149.48867789717,64,24.999999999994454,1.0
16.94000000003536,25.920906468767047,17.91175205764823,3529.139479521321,7806.6642147091825,69,24.999999999994454,1.0
16.960000000034604,25.899551078811296,17.029636129967706,3190.0935739101164,11096.56505315887,68,24.999999999994454,1.0
16.980000000033847,25.880556256214756,16.332054970035774,2934.0962149869724,13492.430504320824,69,24.999999999994454,1.0
17.00000000003309,25.851557979355903,16.10013187570699,2851.356710566719,14277.819974208285,68,24.999999999994454,1.0
17.020000000032333,25.84167202887524,16.444822255715916,2974.753969242985,17408.132435703494,67,24.999999999994454,1.0
17.040000000031576,25.830757325605756,17.80747652287054,3488.1684212384407,21922.765239017834,65,24.999999999994454,1.0
17.06000000003082,25.82929800993991,20.180500876809152,4479.778772027845,26836.671940058626,68,24.999999999994454,1.0
17.08000000003006,25.836324635422457,23.12940568448455,5884.663480492129,24937.024277832883,68,24.999999999994454,1.0
17.100000000029304,25.832245094497395,25.924365549741697,7392.800020722976,25047.38946121896,67,24.999999999994454,1.0
17.120000000028547,25.836869758782278,28.529654356819417,8953.352954915437,24672.380540755268,67,24.999999999994454,1.0
17.14000000002779,25.83050955701104,30.33461788769635,10122.07946631802,20101.975984048222,68,24.999999999994454,1.0
17.160000000027033,25.832993712319826,31.405534484960196,10849.383559146265,19050.976150379778,71,24.999999999994454,1.0
17.180000000026276,25.835450339811672,32.04095523484951,11292.850935977935,15153.923344338336,70,24.999999999994454,1.0
17.20000000002552,25.83902218838778,32.346567403896266,11509.30465096285,15098.002564897633,69,24.999999999994454,1.0
17.22000000002476,25.853063715124303,32.6830116254917,11749.971738032284,12954.784759747732,70,24.999999999994454,1.0
17.240000000024004,25.853555762053077,32.89150381039186,11900.361251999246,12830.817522974714,70,24.999999999994454,1.0
17.260000000023247,25.870862636234428,33.26643001069658,12173.209022222314,11416.950776988027,69,24.999999999994454,1.0
17.28000000002249,25.885125678228093,33.47304301200456,12324.890693318579,10832.479874064455,70,24.999999999994454,1.0
17.300000000021733,25.895409707071995,33.72092028689305,12508.105114944945,11395.83350391049,70,24.999999999994454,1.0
17.320000000020976,25.9152676048061,33.394244744829685,12266.931402853435,8284.249420611955,69,24.999999999994454,1.0
17.34000000002022,25.92532107847742,32.99831437813292,11977.77626977903,6827.75357007508,69,24.999999999994454,1.0
17.36000000001946,25.948024718623156,31.74477739091222,11085.039807584288,3261.419014989252,69,24.999999999994454,1.0
17.380000000018704,25.961396055926855,30.381231507092643,10153.211506763146,3889.1955312205396,67,24.999999999994454,1.0
17.400000000017947,25.97321796668974,28.847352511882427,9153.867216392904,2093.5536222756323,69,24.999999999994454,1.0
17.42000000001719,25.988449113378458,27.015713298436392,8028.336415256442,1622.9141815818311,70,24.999999999994454,1.0
17.440000000016433,25.98706939955998,25.340265506706725,7063.419615454298,1892.6751540773437,73,24.999999999994454,1.0
17.460000000015675,25.997443999878993,23.51813130465668,6084.127500693798,1273.5094555265403,72,24.999999999994454,1.0
17.48000000001492,25.990435859646333,21.472689543659698,5071.840358622318,1461.8155267814766,72,24.999999999994454,1.0
17.50000000001416,25.98180324694427,19.56113416982749,4209.017670109919,1889.2570335565597,72,24.999999999994454,1.0
17.520000000013404,25.95554365987497,17.706110468919196,3448.5698273132693,1950.3401456076654,70,24.999999999994454,1.0
17.540000000012647,25.92277439055313,15.767098023859832,2734.6151810340507,2624.7097184189925,67,24.999999999994454,1.0
17.56000000001189,25.89688298678293,13.800648651409915,2095.0369351962854,4007.843331309873,66,24.999999999994454,1.0
17.580000000011132,25.862986475743703,12.416742819784167,1695.9305247792781,7711.150267670811,64,24.999999999994454,1.0
17.600000000010375,25.85100258680722,11.829468965041954,1539.2996959437983,16482.20738519661,61,24.999999999994454,1.0
17.620000000009618,25.845695210001388,13.025533284869915,1866.3096909077944,27539.292681067443,61,24.999999999994454,1.0
17.64000000000886,25.84339582046986,16.096534778646536,2850.0827506819523,30801.046563306318,62,24.999999999994454,1.0
17.660000000008104,25.84857447065469,20.618344702781048,4676.277521109692,32062.7014106299,66,24.999999999994454,1.0
17.680000000007347,25.830702124242908,25.143670456050707,6954.245804027249,33630.610242216586,64,24.999999999994454,1.0
17.70000000000659,25.81935013216591,29.002912028336304,9252.857967357562,27936.414386630397,66,24.999999999994454,1.0
17.720000000005832,25.800581429293704,31.41615652591014,10856.723799465348,24706.52828336028,66,24.999999999994454,1.0
17.740000000005075,25.784368514882015,32.371421304078766,11526.99808970781,17969.54538118037,64,24.999999999994454,1.0
17.760000000004318,25.784527990202108,32.47515501287389,11600.992624212071,15611.153298485826,65,24.999999999994454,1.0
17.78000000000356,25.77889548987947,32.391084004338296,11541.005552737104,14143.916651832422,66,24.999999999994454,1.0
17.800000000002804,25.78625169238415,32.20875800298762,11411.445013045211,13206.42827338136,64,24.999999999994454,1.0
17.820000000002047,25.788460570273614,32.234425916863096,11429.640356087088,13998.850083501386,64,24.999999999994454,1.0
17.84000000000129,25.8000722912459,32.28938484424505,11468.64810981738,13298.51434154366,65,24.999999999994454,1.0
17.860000000000532,25.806973123279445,32.52117695717158,11633.896457476349,12310.975622306516,60,24.999999999994454,1.0
17.879999999999775,25.81470831536614,32.72556909061886,11780.591595353555,11721.46146047902,61,24.999999999994454,1.0
17.899999999999018,25.840258784175848,32.75040520883872,11798.479454774435,9910.132866608348,60,24.999999999994454,1.0
17.91999999999826,25.848883938104557,32.5485231564888,11653.469956353363,8263.8611431391,60,24.999999999994454,1.0
17.939999999997504,25.864369703990562,31.87926808683264,11179.165071273605,6293.861059422019,60,24.999999999994454,1.0
17.959999999996747,25.87395484682282,30.87737466381762,10487.534927427429,4320.1404732429,60,24.999999999994454,1.0
17.97999999999599,25.881445447395873,29.671234721472747,9684.20386886403,3582.187315529186,64,24.999999999994454,1.0
17.999999999995232,25.89753736269585,28.036795772593656,8646.68108913538,2282.926960817367,62,24.999999999994454,1.0
18.019999999994475,25.898068982685288,26.485090858924536,7716.060415860368,2711.146760627097,66,24.999999999994454,1.0
18.039999999993718,25.910089857485545,24.814190637908084,6773.184627158897,3132.5508477434655,65,24.999999999994454,1.0
18.05999999999296,25.910840784426636,22.89922814868941,5768.121147863023,2381.6957966338346,64,24.999999999994454,1.0
18.079999999992204,25.91451394385829,21.149887920150483,4920.4953493842,2696.3645057966614,66,24.999999999994454,1.0
18.099999999991446,25.91431199627826,19.37953551801738,4131.230365835069,4166.548049432137,64,24.999999999994454,1.0
18.11999999999069,25.889769791078567,17.501688126469087,3369.3999600380794,2547.666267248657,62,24.999999999994454,1.0
18.139999999989932,25.8639842028719,15.732665186599009,2722.684292609869,7091.948555815615,60,24.999999999994454,1.0
18.159999999989175,25.830073885703307,14.230511448718978,2227.582017013341,12143.602662467067,56,24.999999999994454,1.0
18.179999999988418,25.805925399856733,13.194974329926954,1915.1808232417438,17693.12800839043,53,24.999999999994454,1.0
18.19999999998766,25.796133600056848,13.247491549943584,1930.4563560240933,22961.937744062718,54,24.999999999994454,1.0
18.219999999986904,25.784672865561507,14.954812243693695,2460.110501685439,26677.395920499206,54,24.999999999994454,1.0
18.239999999986146,25.79129376153301,18.503708508498022,3766.2595142420832,34922.36002018923,60,24.999999999994454,1.0
18.25999999998539,25.77987255704978,22.52812931759872,5582.68271605496,33687.40744194812,59,24.999999999994454,1.0
18.279999999984632,25.77363709288301,26.624420102929527,7797.457203990058,34348.43434770104,59,24.999999999994454,1.0
18.299999999983875,25.766345791330792,29.802715433513807,9770.220319321023,29753.804898266644,58,24.999999999994454,1.0
18.319999999983118,25.75088547951849,31.521908720254043,10929.938023048308,22194.97898819609,57,24.999999999994454,1.0
18.33999999998236,25.75406258929589,32.22194819781967,11420.793402292717,20897.704075707563,59,24.999999999994454,1.0
18.359999999981603,25.747212128009085,32.52301184268472,11635.209292513515,16456.556101274848,60,24.999999999994454,1.0
18.379999999980846,25.754926060821084,32.355710990007395,11515.812370357737,14841.023664163551,61,24.999999999994454,1.0
18.39999999998009,25.759985481062266,32.37097689967448,11526.681599831849,13091.40895239586,60,24.999999999994454,1.0
18.419999999979332,25.76952202205152,32.25312841676314,11442.907219350354,12880.309041062257,58,24.999999999994454,1.0
18.439999999978575,25.783297451487684,32.39852020761523,11546.305228075775,13540.958703340366,56,24.999999999994454,1.0
18.459999999977818,25.788215629857294,32.47744240512311,11602.626916958974,12026.338016417876,54,24.999999999994454,1.0
18.47999999997706,25.81173820591644,32.59773093381126,11688.732682364713,11290.909181322328,53,24.999999999994454,1.0
18.499999999976303,25.824008918686996,32.41546123811266,11558.38340007543,9493.57731277715,52,24.999999999994454,1.0
18.519999999975546,25.83852357866762,32.072241192448665,11314.91520617261,7738.836429627804,57,24.999999999994454,1.0
18.53999999997479,25.851855473171895,31.19493488247976,10704.363585543679,7197.951429097019,56,24.999999999994454,1.0
18.559999999974032,25.857018314322143,30.222195179848455,10047.191896377408,5099.793437320111,60,24.999999999994454,1.0
18.579999999973275,25.872590081427767,28.680375427398047,9048.203281221475,3165.2972275410475,61,24.999999999994454,1.0
18.599999999972518,25.875135620610926,27.19757742351566,8136.790394789417,3754.135378341806,62,24.999999999994454,1.0
18.61999999997176,25.88652927874323,25.603071104186487,7210.689749626319,2542.116473822968,61,24.999999999994454,1.0
18.639999999971003,25.89364179901191,23.774885667560564,6217.697073561344,2782.20858827537,64,24.999999999994454,1.0
18.659999999970246,25.895653844307102,22.117473175134847,5381.008816180905,3275.464433996046,66,24.999999999994454,1.0
18.67999999996949,25.90292942806153,20.453969192263468,4602.013412898694,5553.079643417642,62,24.999999999994454,1.0
18.699999999968732,25.8843157700925,18.71742462526992,3853.7618306292693,7089.003306688948,60,24.999999999994454,1.0
18.719999999967975,25.862370736007527,17.104654574194715,3218.261289127722,8949.784282812256,57,24.999999999994454,1.0
18.739999999967218,25.832298779267997,15.54071210008839,2656.651058356171,12318.599709815731,57,24.999999999994454,1.0
18.75999999996646,25.802210933786775,14.273056777283356,2240.9216474430978,14077.253144863538,55,24.999999999994454,1.0
18.779999999965703,25.788949886555393,13.540716291341154,2016.860974508509,17689.65282771503,55,24.999999999994454,1.0
18.799999999964946,25.767307846919906,14.036408127211537,2167.2282842501513,20887.463139111223,55,24.999999999994454,1.0
18.81999999996419,25.767220748591086,16.149061773682046,2868.714157872186,31059.641597708483,65,24.999999999994454,1.0
18.83999999996343,25.757206275057822,19.391845525847124,4136.480401881488,32439.532170708084,63,24.999999999994454,1.0
18.859999999962675,25.74801547156215,23.482123489396432,6065.5113592839,32932.12878658165,62,24.999999999994454,1.0
18.879999999961917,25.744669171809754,27.30512408985818,8201.267817188089,32944.29836246279,61,24.999999999994454,1.0
18.89999999996116,25.725716240221075,29.83632576801839,9792.2696886885,25437.655188361045,60,24.999999999994454,1.0
18.919999999960403,25.722467887110305,31.37182279075632,10826.103917360793,22444.76673323701,61,24.999999999994454,1.0
18.939999999959646,25.712114895847904,32.13057684875691,11356.113654972609,18942.888930896068,61,24.999999999994454,1.0
18.95999999995889,25.713508824718826,32.292508249429346,11470.866979434088,15363.506885562605,60,24.999999999994454,1.0
18.97999999995813,25.72084382185336,32.308568015316794,11482.279239203865,14574.856846557615,60,24.999999999994454,1.0
18.999999999957375,25.727345454858142,32.276441678806705,11459.455561899518,13921.441930228237,62,24.999999999994454,1.0
19.019999999956617,25.740914572655043,32.510179916526305,11626.029780254014,13666.803367658322,58,24.999999999994454,1.0
19.03999999995586,25.74385895782911,32.78322354919135,11822.137209038796,12729.406960532067,58,24.999999999994454,1.0
19.059999999955103,25.766081201320144,33.188076116871585,12115.932359731882,11543.820420902332,56,24.999999999994454,1.0
19.079999999954346,25.784556979677912,33.30869508086675,12204.160847891722,9901.328923295108,54,24.999999999994454,1.0
19.09999999995359,25.79804594321819,33.36606333907703,12246.236010220304,9801.150369669062,60,24.999999999994454,1.0
19.11999999995283,25.81973778200316,32.747970802689025,11796.725508631502,7690.156891613394,55,24.999999999994454,1.0
19.139999999952074,25.826109085547174,32.05835866118033,11305.121960537634,4208.905972670864,61,24.999999999994454,1.0
19.159999999951317,25.84274881635065,30.61547899027969,10310.383091846828,3064.236449003699,60,24.999999999994454,1.0
19.17999999995056,25.849682924499255,29.075489505162977,9299.224989613267,3331.2762509023155,62,24.999999999994454,1.0
19.199999999949803,25.857682393321372,27.52603574018759,8334.50907927093,2282.9932781774487,61,24.999999999994454,1.0
19.219999999949046,25.86980139850396,25.66941559632002,7248.1078676225725,2468.2046600484477,62,24.999999999994454,1.0
19.23999999994829,25.871424956263134,23.887429194521832,6276.702008756233,2241.538301875751,63,24.999999999994454,1.0
19.25999999994753,25.884480181953588,22.178383075761793,5410.687434407609,2522.2731745462447,66,24.999999999994454,1.0
19.279999999946774,25.881840870210194,20.16885711158805,4474.610769064214,3112.0936479296565,63,24.999999999994454,1.0
19.299999999946017,25.8741903037227,18.26609811837843,3670.153745172508,3711.5075877085596,61,24.999999999994454,1.0
19.31999999994526,25.85226903162261,16.41558613805416,2964.186150814635,7421.278155981684,58,24.999999999994454,1.0
19.339999999944503,25.82352129491474,14.717841340468208,2382.763390955145,8966.540706305375,57,24.999999999994454,1.0
19.359999999943746,25.803800854641782,13.261832183750247,1934.6381215694923,11355.208059083876,57,24.999999999994454,1.0
19.37999999994299,25.7768041830227,12.389891226570688,1688.6034506687863,21354.29187200604,56,24.999999999994454,1.0
19.39999999994223,25.76673805392719,12.81257053657513,1805.7816013018444,26075.092264859246,53,24.999999999994454,1.0
19.419999999941474,25.760151834247182,15.029637941447538,2484.790183160993,30194.56101517591,59,24.999999999994454,1.0
19.439999999940717,25.750928882832273,18.80643019334781,3890.499982789906,30349.22062089685,58,24.999999999994454,1.0
19.45999999993996,25.749102237356343,23.188766227879988,5914.907670883943,34974.08898391353,56,24.999999999994454,1.0
19.479999999939203,25.721103015040573,26.920645839851026,7971.932896781572,29215.67097632047,57,24.999999999994454,1.0
19.499999999938446,25.702717356147573,29.519541941353967,9585.436920700917,28259.995072219604,57,24.999999999994454,1.0
19.51999999993769,25.682502507362322,31.012256017549902,10579.360256278662,21397.07384919441,56,24.999999999994454,1.0
19.53999999993693,25.668806964870686,31.51950771283228,10928.27303105223,17980.376154754278,59,24.999999999994454,1.0
19.559999999936174,25.672222312160056,31.452048022726764,10881.544573063016,15774.546153329029,58,24.999999999994454,1.0
19.579999999935417,25.671508080783138,31.51841050511199,10927.512208456292,14561.762030123331,60,24.999999999994454,1.0
19.59999999993466,25.686738009833537,31.591917648325044,10978.541867684065,14554.291133718874,57,24.999999999994454,1.0
19.619999999933903,25.692658238496584,32.040151938693285,11292.28469880006,15300.813588816802,55,24.999999999994454,1.0
19.639999999933146,25.70597823170518,32.488638377496734,11610.62785986129,14477.340176902859,52,24.999999999994454,1.0
19.65999999993239,25.724234041165275,33.175131362622366,12106.482750199752,14195.44120839329,52,24.999999999994454,1.0
19.67999999993163,25.73510917352581,33.59674826128487,12416.15643105363,12730.513089964421,50,24.999999999994454,1.0
19.699999999930874,25.76449360186961,33.7539509414845,12532.621245761564,9658.81754367562,52,24.999999999994454,1.0
19.719999999930117,25.7798580850419,33.5382598982477,12372.96364702651,7976.3463210137,56,24.999999999994454,1.0
19.73999999992936,25.79908162966037,32.89273211059463,11901.250082692774,5562.610718690054,57,24.999999999994454,1.0
19.759999999928603,25.81527075084759,31.774025545897462,11105.47569330479,4127.477844595414,56,24.999999999994454,1.0
19.779999999927846,25.82504393374722,30.526311030476542,10250.412316423332,4346.15964387579,57,24.999999999994454,1.0
19.79999999992709,25.843315301935558,28.72635585826752,9077.238729854027,3055.324122779428,54,24.999999999994454,1.0
19.81999999992633,25.84805562671383,27.018535711687242,8030.013992040907,3202.5974059218615,57,24.999999999994454,1.0
19.839999999925574,25.863525901508147,25.333214463153915,7059.4893053976575,1863.380620917576,56,24.999999999994454,1.0
19.859999999924817,25.871093371164026,23.410707771360126,6028.673621916235,3299.2626632295846,55,24.999999999994454,1.0
19.87999999992406,25.87628884265941,21.518913700744886,5093.700115461165,3315.2295128040923,56,24.999999999994454,1.0
19.899999999923303,25.881344911669935,19.685869085788617,4262.867858290888,4360.65794160019,56,24.999999999994454,1.0
19.919999999922545,25.859098964443422,17.700847257268407,3446.519929876611,5594.987791213042,52,24.999999999994454,1.0
19.93999999992179,25.834593096790414,15.756248270441034,2730.8529551575366,6904.35747554085,51,24.999999999994454,1.0
19.95999999992103,25.804843789776967,13.98068701430976,2150.0557033129853,13282.390972814645,50,24.999999999994454,1.0
19.979999999920274,25.77942388630253,12.632791773153038,1755.4617078222739,14583.252293903928,46,24.999999999994454,1.0
19.999999999919517,25.769531170407124,12.155957196861312,1625.4402490911675,19234.41097656785,50,24.999999999994454,1.0
20.01999999991876,25.754621705477895,13.308198441844231,1948.1896034425574,27867.219786688358,47,24.999999999994454,1.0
20.039999999918003,25.754343799614002,16.3729186280602,2948.7971084118885,32629.557194710895,56,24.999999999994454,1.0
20.059999999917245,25.73930289298317,20.303243010574644,4534.438444210929,32769.45653448645,54,24.999999999994454,1.0
20.079999999916488,25.72407603346437,24.497762597166474,6601.544094938416,32619.09178060902,52,24.999999999994454,1.0
20.09999999991573,25.711539376581698,27.905488322952394,8565.879063966757,30057.804427374467,51,24.999999999994454,1.0
20.119999999914974,25.683868386145317,29.867498100407662,9812.741870556409,24612.296527619492,53,24.999999999994454,1.0
20.139999999914217,25.67724889772594,30.83033130319444,10455.602610912041,19819.860726890736,55,24.999999999994454,1.0
20.15999999991346,25.662111489866312,31.153775532062507,10676.135028923502,16966.880842483573,58,24.999999999994454,1.0
20.179999999912702,25.664237588657453,31.06248959006975,10613.660854865107,14936.414994130779,58,24.999999999994454,1.0
20.199999999911945,25.667809395465245,30.973449151681606,10552.900075869866,14387.99552954288,60,24.999999999994454,1.0
20.219999999911188,25.674164952524272,31.040306464802196,10598.50687971725,13647.456288669064,58,24.999999999994454,1.0
20.23999999991043,25.691192930179742,31.40903266230889,10851.800660601853,15041.255750591605,54,24.999999999994454,1.0
20.259999999909674,25.696846929251663,32.050205975737946,11299.372733959512,14405.812490416229,54,24.999999999994454,1.0
20.279999999908917,25.71972097625843,32.772219893038105,11814.20236389407,13191.834546287151,50,24.999999999994454,1.0
20.29999999990816,25.7326219801664,33.30510812318525,12201.532498067661,12615.026991519873,50,24.999999999994454,1.0
20.319999999907402,25.74600783918386,33.584673173884646,12407.232994163116,9956.236432089268,53,24.999999999994454,1.0
20.339999999906645,25.769172370731926,33.22980420459974,12146.418762236379,8561.119670107326,56,24.999999999994454,1.0
20.359999999905888,25.77945580028341,32.76599892864225,11809.717543709634,6595.3129363412845,61,24.999999999994454,1.0
20.37999999990513,25.799085881288963,31.56033407226913,10956.601554285548,3317.027981513761,61,24.999999999994454,1.0
20.399999999904374,25.808155411787315,30.245627661637656,10062.77791911063,4033.076890701228,64,24.999999999994454,1.0
20.419999999903617,25.819815212221545,28.7463985264597,9089.909710662489,2341.975535174108,64,24.999999999994454,1.0
20.43999999990286,25.83425343246007,26.922974215969898,7973.311946971579,2305.36718254329,63,24.999999999994454,1.0
20.459999999902102,25.840015573947223,25.1823262172205,6975.645090815619,2577.327651206869,63,24.999999999994454,1.0
20.479999999901345,25.85622381220378,23.427207681115053,6037.174657075058,2135.7776558686087,62,24.999999999994454,1.0
20.499999999900588,25.855652834514462,21.419945812887498,5046.954864897403,2765.0606977599264,63,24.999999999994454,1.0
20.51999999989983,25.851427061125644,19.49903119012284,4182.334390887216,2565.754365248113,60,24.999999999994454,1.0
20.539999999899074,25.828011910656887,17.534465758898,3382.0323839496314,4910.113066551749,58,24.999999999994454,1.0
20.559999999898317,25.795261755431557,15.555670671326924,2661.767790382587,6527.358576601751,56,24.999999999994454,1.0
20.57999999989756,25.77233821108767,13.594206226642957,2032.8268722574794,8860.624423848249,52,24.999999999994454,1.0
20.599999999896802,25.74284887005185,12.154464322497102,1625.0410326354042,18076.037395755695,50,24.999999999994454,1.0
20.619999999896045,25.731500437247327,11.751255983171545,1519.0121890022751,22336.26515129664,50,24.999999999994454,1.0
20.639999999895288,25.72230961109197,13.259928763186675,1934.0828188526384,26388.60717320974,55,24.999999999994454,1.0
20.65999999989453,25.711683680699117,16.672144761889506,3057.5645205753967,29863.045639308537,56,24.999999999994454,1.0
20.679999999893774,25.708633415694642,21.160296035978106,4925.339411632538,34772.46948155994,54,24.999999999994454,1.0
20.699999999893016,25.679079392046575,25.544360088070647,7177.657655399183,29725.370432264124,49,24.999999999994454,1.0
20.71999999989226,25.65823221634175,28.753320046215627,9094.28755048116,28654.318253405145,56,24.999999999994454,1.0
20.739999999891502,25.634150515177172,30.63572188495708,10324.022009536819,22683.327357288665,57,24.999999999994454,1.0
20.759999999890745,25.614144795555408,31.280526718694272,10763.184869788409,18919.28800272299,59,24.999999999994454,1.0
20.779999999889988,25.61176815261039,31.191595783404697,10702.072122668407,15866.892595210393,59,24.999999999994454,1.0
20.79999999988923,25.60682596047408,31.085294290548394,10629.250732430006,14060.420859531074,60,24.999999999994454,1.0
20.819999999888473,25.618414189082852,30.959298078200874,10543.259512443816,14474.684081477637,58,24.999999999994454,1.0
20.839999999887716,25.621842683152792,31.199030429736535,10707.17449731189,13692.809424924159,57,24.999999999994454,1.0
20.85999999988696,25.633639698297493,31.49794229196385,10913.324054906734,13902.8834722282,55,24.999999999994454,1.0
20.879999999886202,25.647692511914045,32.14285263997363,11364.79273418566,14823.839109215474,53,24.999999999994454,1.0
20.899999999885445,25.66007265795666,32.625556875400505,11708.696575729926,13028.073904861127,52,24.999999999994454,1.0
20.919999999884688,25.686815917006783,33.047896543829836,12013.798125688481,11962.357501279153,49,24.999999999994454,1.0
20.93999999988393,25.69692148974856,32.99282618532559,11973.792376646166,10269.210516475494,53,24.999999999994454,1.0
20.959999999883173,25.71212298311997,32.71106911640404,11770.154470119785,8066.218356483104,57,24.999999999994454,1.0
20.979999999882416,25.725822336600693,31.873662255440344,11175.233801312706,6646.554253052648,59,24.999999999994454,1.0
20.99999999988166,25.733787762489115,31.012441553863223,10579.486842449605,4797.992311334541,60,24.999999999994454,1.0
21.019999999880902,25.751084166918474,29.564628748012076,9614.740003085602,2771.130817966237,60,24.999999999994454,1.0
21.039999999880145,25.75863392609463,28.126337449375235,8701.999441477405,3708.4776623349676,64,24.999999999994454,1.0
21.059999999879388,25.775623808139265,26.49111411107529,7719.570395306137,2683.874477801447,61,24.999999999994454,1.0
21.07999999987863,25.785669099033054,24.591096865857818,6651.942495726024,1515.0295938853178,63,24.999999999994454,1.0
21.099999999877873,25.79293621647728,22.7908187749805,5713.6356247740405,2104.5628224283823,63,24.999999999994454,1.0
21.119999999877116,25.802278479030523,20.974051741634195,4839.019311068232,3294.527283853478,61,24.999999999994454,1.0
21.13999999987636,25.7845159872447,18.97771715351645,3961.691231947598,3651.423648794944,61,24.999999999994454,1.0
21.159999999875602,25.761254792520706,17.03842871209182,3193.3885827473846,4361.806978063744,52,24.999999999994454,1.0
21.179999999874845,25.73069265253817,15.137448092608324,2520.565682320525,9373.38106022794,52,24.999999999994454,1.0
21.199999999874088,25.701733320105927,13.559088774121873,2022.337772229696,11630.738366826165,51,24.999999999994454,1.0
21.21999999987333,25.68751457315366,12.51995535264131,1724.2421023534496,14061.891580571024,48,24.999999999994454,1.0
21.239999999872573,25.668359866209993,12.73988963631693,1785.3526674008906,24601.735768070186,47,24.999999999994454,1.0
21.259999999871816,25.664358558446384,14.857013763304371,2428.039437593171,29245.68682557118,57,24.999999999994454,1.0
21.27999999987106,25.64860503312143,18.304444038780797,3685.579387257437,31068.011725597007,56,24.999999999994454,1.0
21.299999999870302,25.63305510525271,22.532660601885222,5584.928731797256,31059.364220887128,55,24.999999999994454,1.0
21.319999999869545,25.62184225547833,26.368720903483688,7648.403862943994,30451.536308655035,56,24.999999999994454,1.0
21.339999999868787,25.591523539504315,28.92999412248654,9206.390159198165,24904.260937669875,56,24.999999999994454,1.0
21.35999999986803,25.5801830791736,30.408718937243584,10171.592061447041,23112.00861390964,58,24.999999999994454,1.0
21.379999999867273,25.561077326059625,31.009770233239323,10577.664349101251,16853.151954497007,58,24.999999999994454,1.0
21.399999999866516,25.55733464862251,31.013118714748742,10579.948856566087,15826.83281329422,58,24.999999999994454,1.0
21.41999999986576,25.558829767000834,30.781938581946932,10422.805171490283,13019.12557889016,57,24.999999999994454,1.0
21.439999999865,25.56274303065572,30.726470512752847,10385.275891881773,13215.442452792218,59,24.999999999994454,1.0
21.459999999864245,25.579344815862548,30.83536752277181,10459.018792908517,13502.399290624779,54,24.999999999994454,1.0
21.479999999863487,25.582904079454952,31.292133665333594,10771.173922620144,13185.756886767498,50,24.999999999994454,1.0
21.49999999986273,25.600028421814336,31.79271427539249,11118.5434909642,13825.071575626687,49,24.999999999994454,1.0
21.519999999861973,25.614883289783336,32.37013632870668,11526.082985329615,11999.633082630431,49,24.999999999994454,1.0
21.539999999861216,25.62923106452096,32.68851157407643,11753.926678213815,11492.04190625982,50,24.999999999994454,1.0
21.55999999986046,25.654737593221114,32.6801766730744,11747.933421216916,9258.825690828842,51,24.999999999994454,1.0
21.5799999998597,25.663280331342346,32.365536020684864,11522.807140968744,7732.903655815407,54,24.999999999994454,1.0
21.599999999858944,25.679654730039744,31.62976658274117,11004.86347486559,5582.795288616704,57,24.999999999994454,1.0
21.619999999858187,25.690206183999234,30.507206805514656,10237.586337818837,4416.814640358251,55,24.999999999994454,1.0
21.63999999985743,25.698987895710932,29.325664029196997,9459.940278286726,4236.281188988212,58,24.999999999994454,1.0
21.659999999856673,25.714082982764214,27.72462148919095,8455.201003907996,2752.7988070905085,56,24.999999999994454,1.0
21.679999999855916,25.719700264393534,26.15218786634362,7523.306232161835,3334.0616715694405,57,24.999999999994454,1.0
21.69999999985516,25.73450560703489,24.475686327684414,6589.651433323175,3249.1462494862926,55,24.999999999994454,1.0
21.7199999998544,25.73720473680102,22.569499772367067,5603.205519723648,3990.542266535948,55,24.999999999994454,1.0
21.739999999853644,25.73819542840538,20.781671981849243,4750.656793972956,5628.258037895383,54,24.999999999994454,1.0
21.759999999852887,25.73097075440047,18.906459024205475,3931.996121173567,7309.209817494133,54,24.999999999994454,1.0
21.77999999985213,25.702835747902277,16.99262421714343,3176.242055635543,6745.811451110914,51,24.999999999994454,1.0
21.799999999851373,25.679930251418703,15.178106345938525,2534.1240347348125,8762.703284006742,49,24.999999999994454,1.0
21.819999999850616,25.650885356479055,13.622625236072382,2041.3351015472374,15466.857935063601,48,24.999999999994454,1.0
21.83999999984986,25.631416191663273,12.73973444014829,1785.309169660505,18603.461584859513,46,24.999999999994454,1.0
21.8599999998491,25.620173027200174,13.23624078628934,1927.1787716789238,21858.181648941827,50,24.999999999994454,1.0
21.879999999848344,25.605057213417176,15.459334805884087,2628.901359044611,28516.84729228792,51,24.999999999994454,1.0
21.899999999847587,25.600897764583188,19.069070436638818,3999.923920492418,32142.69718145998,54,24.999999999994454,1.0
21.91999999984683,25.576977445679443,23.027572327761543,5832.959960413181,29956.074567443553,52,24.999999999994454,1.0
21.939999999846073,25.554854868638902,26.49145058964595,7719.76649778018,28954.85872558147,52,24.999999999994454,1.0
21.959999999845316,25.535098652586072,28.885738364385798,9178.244689413244,24809.116648266398,48,24.999999999994454,1.0
21.97999999984456,25.50727752950833,29.98469353944068,9889.900313195933,20753.00344904709,52,24.999999999994454,1.0
21.9999999998438,25.502035579612983,30.334389274142026,10121.92689898701,16611.25644661829,55,24.999999999994454,1.0
22.019999999843044,25.4904479079696,30.384842996825117,10155.625523358836,15215.345458635375,58,24.999999999994454,1.0
22.039999999842287,25.49614759199476,30.389546274351435,10158.769750370418,14414.17721949017,56,24.999999999994454,1.0
22.05999999984153,25.50118878810995,30.533748602905444,10255.407841199733,15013.829868881829,58,24.999999999994454,1.0
22.079999999840773,25.510437600390116,30.97261626651843,10552.332542323022,14398.31019912755,55,24.999999999994454,1.0
22.099999999840016,25.52873080080622,31.66881293258993,11032.050838153127,14844.095809996048,51,24.999999999994454,1.0
22.11999999983926,25.539180035153958,32.5080898930785,11624.534993461195,15091.47192946091,54,24.999999999994454,1.0
22.1399999998385,25.565092525886932,33.213916822291154,12134.80697745883,11751.201402388755,50,24.999999999994454,1.0
22.159999999837744,25.58285736402824,33.55066618011082,12382.119212421549,11268.412204208404,52,24.999999999994454,1.0
22.179999999836987,25.59919647641383,33.59913335569226,12417.919384789515,7833.496309765447,57,24.999999999994454,1.0
22.19999999983623,25.623274893683963,33.04006529724849,12008.105063310883,7206.315896233406,56,24.999999999994454,1.0
22.219999999835473,25.634037390759545,32.40116038274076,11548.187135628985,4484.447583163831,59,24.999999999994454,1.0
22.239999999834716,25.65214453528369,31.108842723824793,10645.361051772334,3446.127374183585,58,24.999999999994454,1.0
22.25999999983396,25.663184779121078,29.681579605632407,9690.957846740432,3583.82595537434,61,24.999999999994454,1.0
22.2799999998332,25.677657673445417,28.116877316166853,8696.14669013616,1927.0224317022873,61,24.999999999994454,1.0
22.299999999832444,25.69585730524514,26.21660826182707,7560.416036295093,2602.4565645083276,62,24.999999999994454,1.0
22.319999999831687,25.705025209923313,24.35939432810912,6527.1810123554615,2871.2864826718323,62,24.999999999994454,1.0
22.33999999983093,25.72230200650332,22.576101766898603,5606.484080882984,2250.670248235966,61,24.999999999994454,1.0
22.359999999830173,25.723382708309767,20.627692888362642,4680.518852862674,3903.4351542077534,57,24.999999999994454,1.0
22.379999999829415,25.711449076281927,18.69325816414404,3843.8169087047163,3265.605145953777,55,24.999999999994454,1.0
22.39999999982866,25.687813912279974,16.770988954907125,3093.9267757817847,6638.59394358983,55,24.999999999994454,1.0
22.4199999998279,25.658742534149578,14.908039973402033,2444.7462143340817,8287.306624342153,55,24.999999999994454,1.0
22.439999999827144,25.641407954588658,13.23524058755061,1926.887527513817,9702.964451642809,55,24.999999999994454,1.0
22.459999999826387,25.617968158330573,12.14975029307232,1623.78075402412,18844.07607991556,56,24.999999999994454,1.0
22.47999999982563,25.60832239578616,12.412223062093455,1694.6960947748107,23050.00731509481,58,24.999999999994454,1.0
22.499999999824873,25.596423950978753,14.39375233405859,2278.981168796388,26459.427477947538,64,24.999999999994454,1.0
22.519999999824115,25.575813580659798,17.855282711648837,3506.9223278419645,30309.378594578673,63,24.999999999994454,1.0
22.539999999823358,25.56448472650757,21.85648514116908,5254.765369987593,31594.535372485454,59,24.999999999994454,1.0
22.5599999998226,25.527699118225005,25.448403099683393,7123.8334235637285,26867.898635302605,57,24.999999999994454,1.0
22.579999999821844,25.499328213653616,27.91444775304933,8571.380326934928,25467.683033169436,62,24.999999999994454,1.0
22.599999999821087,25.474798165851556,29.323112741462474,9458.294349333708,20969.664583781603,59,24.999999999994454,1.0
22.61999999982033,25.45206446427653,29.8089912160222,9774.335530485776,18561.762048210017,61,24.999999999994454,1.0
22.639999999819572,25.4489507362843,29.827520482843838,9786.490759699156,15591.307027436396,62,24.999999999994454,1.0
22.659999999818815,25.44320418386739,29.83057539436935,9788.495511950696,14820.185807855827,64,24.999999999994454,1.0
22.679999999818058,25.45425862032816,30.053315392998357,9935.219427221353,14513.173674768563,60,24.999999999994454,1.0
22.6999999998173,25.461214695052092,30.562473292911157,10274.712511578986,14409.69093115847,56,24.999999999994454,1.0
22.719999999816544,25.47345636835738,31.458809856423308,10886.223893408558,16013.136364327072,56,24.999999999994454,1.0
22.739999999815787,25.496385834231074,32.54007261698285,11647.419585103686,14267.779793737229,51,24.999999999994454,1.0
22.75999999981503,25.510953323025507,33.474671739254234,12326.090128559086,15041.081084967791,53,24.999999999994454,1.0
22.779999999814272,25.541910974236192,34.09994098687513,12790.865728392033,10823.147793306327,56,24.999999999994454,1.0
22.799999999813515,25.561782897860596,34.213230535215985,12875.99658021419,8195.00905421018,55,24.999999999994454,1.0
22.819999999812758,25.579825223788497,34.04411128777408,12749.016647117813,7858.946843305505,61,24.999999999994454,1.0
22.839999999812,25.60382134939844,33.216801066165935,12136.914603761665,6088.97026534808,61,24.999999999994454,1.0
22.859999999811244,25.617197297850108,32.349366177781995,11511.296413146483,3972.888986527996,62,24.999999999994454,1.0
22.879999999810487,25.639191146241586,30.848411892068732,10467.869678890003,2983.3867863167866,61,24.999999999994454,1.0
22.89999999980973,25.65358038417081,29.26317463622704,9419.667287693535,3627.098409403829,63,24.999999999994454,1.0
22.919999999808972,25.672340191027367,27.555940812140065,8352.62861446383,2153.452263582634,59,24.999999999994454,1.0
22.939999999808215,25.691923007254484,25.593243060478436,7205.1549938800035,2387.996456119811,60,24.999999999994454,1.0
22.959999999807458,25.701593315099217,23.66129841223685,6158.427468082143,2586.580002288552,61,24.999999999994454,1.0
22.9799999998067,25.716926057256124,21.794267658821255,5224.891130627763,1920.0988554894045,61,24.999999999994454,1.0
22.999999999805944,25.711703684728395,19.895905498822486,4354.317611798823,3249.3405121807677,58,24.999999999994454,1.0
23.019999999805187,25.694042505845857,17.953844444283533,3545.7458336248374,4204.27466173804,59,24.999999999994454,1.0
23.03999999980443,25.667840717653533,16.02373295191923,2824.3601948586434,7060.0655194526435,58,24.999999999994454,1.0
23.059999999803672,25.641196602730147,14.244578861378526,2231.9882963183513,8401.396245537906,56,24.999999999994454,1.0
23.079999999802915,25.628284856620045,12.738015254926967,1784.8273589822734,11092.811031514651,61,24.999999999994454,1.0
23.099999999802158,25.607663869866848,12.01492107997732,1587.941614138917,19832.193977500436,60,24.999999999994454,1.0
23.1199999998014,25.602570389412328,12.828445591709999,1810.2591792941007,24073.60804143904,64,24.999999999994454,1.0
23.139999999800644,25.58922107234131,15.23326966214646,2552.577550596389,26847.76298172515,66,24.999999999994454,1.0
23.159999999799886,25.566501833386997,18.773110415997984,3876.726421603772,29805.963348523015,63,24.999999999994454,1.0
23.17999999979913,25.54973661836889,22.475954835451738,5556.85400341793,29589.649496978018,62,24.999999999994454,1.0
23.199999999798372,25.5061039248018,25.550895801782566,7181.331039009049,24449.76307552476,63,24.999999999994454,1.0
23.219999999797615,25.47514998057201,27.508498562383025,8323.892424722919,23250.625507556542,65,24.999999999994454,1.0
23.239999999796858,25.44530768153741,28.517632193134006,8945.808804931603,19336.383767019488,64,24.999999999994454,1.0
23.2599999997961,25.42145525420138,28.827186387121557,9141.07342497631,18045.003175050115,66,24.999999999994454,1.0
23.279999999795344,25.415317676816844,28.837140844182734,9147.387612739552,15646.17795917263,64,24.999999999994454,1.0
23.299999999794586,25.40680287031327,28.96165759908043,9226.553719750105,15382.117208887943,65,24.999999999994454,1.0
23.31999999979383,25.416435645543586,29.455244720439154,9543.725856950547,15904.389833539239,65,24.999999999994454,1.0
23.339999999793072,25.422978233407452,30.307007063570037,10103.661448664125,15805.422924705706,61,24.999999999994454,1.0
23.359999999792315,25.43752515642923,31.686272388982825,11044.21843699697,14815.136675671554,61,24.999999999994454,1.0
23.379999999791558,25.46353470596332,33.127977544333014,12072.091857956157,14344.470918773306,59,24.999999999994454,1.0
23.3999999997908,25.480851166640935,34.25744564507291,12909.298403376377,10313.537101028143,59,24.999999999994454,1.0
23.419999999790043,25.514803031279914,34.87669642794073,13380.223490994069,11139.636426671248,63,24.999999999994454,1.0
23.439999999789286,25.535889138780842,34.9417394522431,13430.17671543286,10176.748563460455,62,24.999999999994454,1.0
23.45999999978853,25.556388603172373,34.708161424203965,13251.2211639346,5550.781645459976,69,24.999999999994454,1.0
23.479999999787772,25.583467408608442,33.80112175076113,12567.674147707552,3414.1121480684183,68,24.999999999994454,1.0
23.499999999787015,25.60148072797243,32.88220944565066,11893.63667830401,3732.1190340396834,69,24.999999999994454,1.0
23.519999999786258,25.628318715896548,31.284932399093588,10766.216947374412,2612.6072939682213,64,24.999999999994454,1.0
23.5399999997855,25.645680692719683,29.653761988963993,9672.801601079384,3341.7831374368734,64,24.999999999994454,1.0
23.559999999784743,25.66737853100636,27.91098268768112,8569.252500512386,2320.4800951519287,62,24.999999999994454,1.0
23.579999999783986,25.688438185835988,25.933496302844492,7398.008535386138,2077.0515616938424,61,24.999999999994454,1.0
23.59999999978323,25.69920416312468,23.975439531293752,6323.038707905955,2133.14627744617,61,24.999999999994454,1.0
23.619999999782472,25.71360936666543,22.048658773258374,5347.576890695418,2755.2334119058264,62,24.999999999994454,1.0
23.639999999781715,25.7066496000948,20.110955100315092,4448.955665515786,2176.96994619031,60,24.999999999994454,1.0
23.659999999780958,25.692569844440065,18.21456445474639,3649.4739410372176,4164.47402748995,59,24.999999999994454,1.0
23.6799999997802,25.66901325909788,16.27280414356272,2912.845701642272,6101.917298094898,59,24.999999999994454,1.0
23.699999999779443,25.646554714083802,14.432983113702408,2291.4210171646073,6890.746835506671,58,24.999999999994454,1.0
23.719999999778686,25.63807639405928,12.93953276653154,1841.7465903775771,11246.598316676002,60,24.999999999994454,1.0
23.73999999977793,25.61936936639823,12.191230361162102,1634.887074908127,18775.758853211173,60,24.999999999994454,1.0
23.759999999777172,25.6169401648893,12.813062999566256,1805.9204177393922,22068.51567119173,65,24.999999999994454,1.0
23.779999999776415,25.600843237404916,14.913044043840625,2446.3877091888335,23936.207815608825,67,24.999999999994454,1.0
23.799999999775657,25.574843577145604,17.981522151878828,3556.686527883599,28108.736670977985,63,24.999999999994454,1.0
23.8199999997749,25.553326308987923,21.19573108519594,4941.8491785953565,27654.296523222652,62,24.999999999994454,1.0
23.839999999774143,25.505843360696897,24.00476986549401,6338.518739248622,23158.660404635262,65,24.999999999994454,1.0
23.859999999773386,25.47233209305831,25.899679513496366,7378.727387920057,23082.741732112623,63,24.999999999994454,1.0
23.87999999977263,25.436347952972802,26.955795170244368,7992.763825861866,19584.4953141616,63,24.999999999994454,1.0
23.89999999977187,25.40525569407143,27.463261304624382,8296.537936346867,18756.649655993606,64,24.999999999994454,1.0
23.919999999771115,25.393153153479556,27.774773908917187,8485.818722606136,16547.13225323864,64,24.999999999994454,1.0
23.939999999770357,25.375207371194318,28.10936406511707,8691.499829598244,17532.847709359983,64,24.999999999994454,1.0
23.9599999997696,25.38102944679274,28.835284378493206,9146.209877074318,18683.293719015066,64,24.999999999994454,1.0
23.979999999768843,25.384848113322708,29.89192647690462,9828.799953507385,16857.810566607503,59,24.999999999994454,1.0
23.999999999768086,25.399034788190637,31.576245956331594,10967.65239564222,18513.988372949185,59,24.999999999994454,1.0
24.01999999976733,25.424694567810032,33.31854311033858,12211.378464950396,16384.869714997265,57,24.999999999994454,1.0
24.03999999976657,25.444298252762596,34.703466430319644,13247.636405083547,16749.07242246627,60,24.999999999994454,1.0
24.059999999765814,25.480616036165042,35.47780486723298,13845.421020172063,11230.631407327377,60,24.999999999994454,1.0
24.079999999765057,25.50263189824973,35.688714519191194,14010.527784355612,6097.2911196664245,61,24.999999999994454,1.0
24.0999999997643,25.527328080327365,35.54722879612576,13899.660225925234,6681.095891602257,67,24.999999999994454,1.0
24.119999999763543,25.560267246488745,34.741341777888806,13276.569113808904,3571.3957485268033,65,24.999999999994454,1.0
24.139999999762786,25.582946375241818,33.87145830981483,12620.032568368762,3398.126340383399,68,24.999999999994454,1.0
24.15999999976203,25.613509886129236,32.28838578874594,11467.938425271801,2920.0151373241524,65,24.999999999994454,1.0
24.17999999976127,25.633232774416527,30.582694247702584,10288.313061933068,3494.7252306828577,63,24.999999999994454,1.0
24.199999999760514,25.657523873103624,28.90308257487978,9189.270005633509,3498.2066945414917,61,24.999999999994454,1.0
24.219999999759757,25.68114404365495,26.966669572518946,7999.213946167611,2597.341379776822,58,24.999999999994454,1.0
24.239999999759,25.694765223650975,24.984828966040645,6866.65846308534,1810.804739329786,57,24.999999999994454,1.0
24.259999999758243,25.712077583257784,23.027573510542865,5832.96055961801,2111.779290185744,58,24.999999999994454,1.0
24.279999999757486,25.71002146467849,21.087351325357453,4891.440245109602,1603.6560429438855,55,24.999999999994454,1.0
24.29999999975673,25.70397753366026,19.197143167246015,4053.8333636211437,3211.8240440835116,56,24.999999999994454,1.0
24.31999999975597,25.68627762574671,17.233339465745438,3266.867880557812,2847.468022936792,54,24.999999999994454,1.0
24.339999999755214,25.66647366972858,15.283484724620816,2569.433958604896,5090.276008945559,50,24.999999999994454,1.0
24.359999999754457,25.65940136235988,13.559485576270093,2022.4561400238438,11371.858626403546,49,24.999999999994454,1.0
24.3799999997537,25.640725625819204,12.514821983834862,1722.8284621578398,15110.073229378047,44,24.999999999994454,1.0
24.399999999752943,25.639508187125056,12.492240387622081,1716.616768923499,18618.57453812466,46,24.999999999994454,1.0
24.419999999752186,25.624267784754277,13.817220443801679,2100.0713887187217,22942.598033280618,49,24.999999999994454,1.0
24.43999999975143,25.59797005355938,16.231240391456154,2897.984811097615,25747.213118032152,49,24.999999999994454,1.0
24.45999999975067,25.5726420904674,19.032785749637313,3984.716267307569,25451.81222537463,56,24.999999999994454,1.0
24.479999999749914,25.52076981398722,21.6477756738449,5154.8881078762215,22803.913056453464,55,24.999999999994454,1.0
24.499999999749157,25.48221335009837,23.607439433218534,6130.423162523895,23660.047507465417,53,24.999999999994454,1.0
24.5199999997484,25.437106652264625,24.944990136779357,6844.777862164214,20377.938639063683,54,24.999999999994454,1.0
24.539999999747643,25.396132751509526,25.89035354640134,7373.41447433422,19928.978394631307,58,24.999999999994454,1.0
24.559999999746886,25.3721249684768,26.655896925017124,7815.905249648511,19533.092399460034,55,24.999999999994454,1.0
24.57999999974613,25.34200721177617,27.270876191230773,8180.707570611812,19585.866858487756,55,24.999999999994454,1.0
24.59999999974537,25.339955534080417,28.191032913,8742.077703720342,19846.26422576809,56,24.999999999994454,1.0
24.619999999744614,25.33649849547143,29.350632720078956,9476.056051758664,18210.241610740402,50,24.999999999994454,1.0
24.639999999743857,25.3484167272454,31.03334218055089,10593.751595846748,19688.850038537385,48,24.999999999994454,1.0
24.6599999997431,25.367343327718206,32.90246144567296,11908.291661023952,18672.695520778845,46,24.999999999994454,1.0
24.679999999742343,25.38737856363955,34.4981734620483,13091.363694393309,17011.429145823797,49,24.999999999994454,1.0
24.699999999741586,25.423857375328332,35.59428317878566,13936.48294512742,14955.420224593541,48,24.999999999994454,1.0
24.71999999974083,25.44797378068282,36.132264639683484,14360.946027913336,12955.076091163588,50,24.999999999994454,1.0
24.73999999974007,25.477177738665674,36.24155057158783,14447.94986616254,8401.092228484818,52,24.999999999994454,1.0
24.759999999739314,25.513745252042476,35.78220960955595,14084.031769964178,7401.606546922768,55,24.999999999994454,1.0
24.779999999738557,25.537396601421968,35.209285771631365,13636.63185003243,5483.26660836402,55,24.999999999994454,1.0
24.7999999997378,25.567288770544312,33.8573344278074,12609.510040120316,3595.2805111719954,58,24.999999999994454,1.0
24.819999999737043,25.58692839915668,32.298977954227816,11475.46374576464,2776.3101436853676,57,24.999999999994454,1.0
24.839999999736285,25.612882885906163,30.6006029373804,10300.365901443354,3238.7161875541688,56,24.999999999994454,1.0
24.85999999973553,25.640555191027637,28.65221085837511,9030.441057800674,2653.770752940908,57,24.999999999994454,1.0
24.87999999973477,25.65938059586413,26.657081032401713,7816.599660848343,2033.924103716634,55,24.999999999994454,1.0
24.899999999734014,25.683005096560297,24.67576054185362,6697.8247415079,1972.211380645632,61,24.999999999994454,1.0
24.919999999733257,25.689134948043193,22.72189564035724,5679.129956404138,1401.741134146427,59,24.999999999994454,1.0
24.9399999997325,25.69551581970949,20.839549215372905,4777.154926499444,2368.034063129468,58,24.999999999994454,1.0
24.959999999731743,25.6925008965043,18.89358618106954,3926.6435865965213,2788.42127772408,56,24.999999999994454,1.0
24.979999999730985,25.68361032089339,16.97507222557289,3169.6838476975777,3533.709249524429,53,24.999999999994454,1.0
24.99999999973023,25.684605209224163,15.124820607174989,2516.3621823914773,7805.441113096359,52,24.999999999994454,1.0
25.01999999972947,25.672250330291167,13.562928384089087,2023.4832898712236,8949.118422516594,49,24.999999999994454,1.0
25.039999999728714,25.67166863670378,12.711977477651246,1777.5380853154377,12483.381435793734,46,24.999999999994454,1.0
25.059999999727957,25.659828386258887,12.857717610677634,1818.5299237152274,19356.90153267408,46,24.999999999994454,1.0
25.0799999997272,25.633593458799574,14.145800940319194,2201.1405266744896,22223.089555104736,49,24.999999999994454,1.0
25.099999999726442,25.608000111934935,16.084972011337513,2845.9895706606226,22647.23674834441,54,24.999999999994454,1.0
25.119999999725685,25.558090009392092,18.175343779950616,3633.7743367132853,23396.047047887445,53,24.999999999994454,1.0
25.139999999724928,25.519137574797778,20.147308314415742,4465.054355477383,23569.467995679446,51,24.999999999994454,1.0
25.15999999972417,25.466560093613964,21.85288466164367,5253.034248386113,21339.69513922838,52,24.999999999994454,1.0
25.179999999723414,25.413880128177787,23.39926917894444,6022.783779195691,21714.786412416506,56,24.999999999994454,1.0
25.199999999722657,25.3727398719238,24.650624057583222,6684.185930711308,21504.314646130842,55,24.999999999994454,1.0
25.2199999997219,25.32185180621248,25.81612290572205,7331.194220716814,18612.44314837476,54,24.999999999994454,1.0
25.239999999721142,25.301647288164894,26.982151391487808,8008.401430844841,20602.77107950463,56,24.999999999994454,1.0
25.259999999720385,25.28126916881851,28.159309840667753,8722.414037730005,19161.62189071269,53,24.999999999994454,1.0
25.279999999719628,25.280943614456852,29.659572680390667,9676.59276741714,20108.880173016925,51,24.999999999994454,1.0
25.29999999971887,25.29502864422233,31.501914916275133,10916.077077314616,19100.625109322616,42,24.999999999994454,1.0
25.319999999718114,25.308287976314254,33.2705452994966,12176.221029784407,17511.795180582725,46,24.999999999994454,1.0
25.339999999717357,25.342406293282753,34.85559519183765,13364.037677949816,16378.22147519972,45,24.999999999994454,1.0
25.3599999997166,25.36468635188668,35.88194252310158,14162.651791542818,15740.934553958048,49,24.999999999994454,1.0
25.379999999715842,25.39363340680901,36.495447988761356,14651.094962904237,11998.99912447305,49,24.999999999994454,1.0
25.399999999715085,25.428385754273727,36.57686125053088,14716.534568346464,8810.319730731315,47,24.999999999994454,1.0
25.419999999714328,25.449708986762786,36.37929802916005,14557.986576038928,7733.328208706312,54,24.999999999994454,1.0
25.43999999971357,25.482784802650936,35.61524134338526,13952.899575423364,4554.6863673470225,55,24.999999999994454,1.0
25.459999999712814,25.50898114102349,34.42356798250512,13034.802359107667,4031.022776529233,59,24.999999999994454,1.0
25.479999999712057,25.5396739055898,32.97729692456874,11962.52323696288,3017.075191541055,57,24.999999999994454,1.0
25.4999999997113,25.571530067678385,31.08388630560243,10628.287866455801,2432.0198552158167,59,24.999999999994454,1.0
25.519999999710542,25.59458539446312,29.243792260362177,9407.193243439408,2178.648547006426,56,24.999999999994454,1.0
25.539999999709785,25.62444544473366,27.35585560012105,8231.771191761416,2268.70453875986,57,24.999999999994454,1.0
25.559999999709028,25.638522603449537,25.416694437810587,7106.091917595348,1606.840093728789,61,24.999999999994454,1.0
25.57999999970827,25.655788874999594,23.479947253900672,6064.387153505535,2139.5831400366087,59,24.999999999994454,1.0
25.599999999707514,25.66812852273987,21.53649142730891,5102.025092984052,2268.5963982984163,58,24.999999999994454,1.0
25.619999999706756,25.672691936137976,19.600795837431566,4226.10317206742,2142.4613019630633,57,24.999999999994454,1.0
25.639999999706,25.682041362896715,17.74557064241891,3463.9580516758792,2697.981793945439,59,24.999999999994454,1.0
25.659999999705242,25.67647796563909,15.939862043285432,2794.871221548688,4733.985637546295,56,24.999999999994454,1.0
25.679999999704485,25.67751752831134,14.41537142906284,2285.832267816254,8116.940374352713,50,24.999999999994454,1.0
25.699999999703728,25.672101678038352,13.268720859728477,1936.6484857873297,12739.343203277433,49,24.999999999994454,1.0
25.71999999970297,25.658219965628028,12.909052801150603,1833.0800864518362,15628.929742441433,48,24.999999999994454,1.0
25.739999999702214,25.64601005442712,13.249609335793659,1931.0736230626553,17139.972447863787,52,24.999999999994454,1.0
25.759999999701456,25.60290921685881,14.363361195193693,2269.3675930595564,21607.059801226475,48,24.999999999994454,1.0
25.7799999997007,25.56427397018868,15.94923921069379,2798.160545399255,22648.724583582647,52,24.999999999994454,1.0
25.799999999699942,25.51081968517919,17.84993928334667,3504.82365661079,21326.242876089702,53,24.999999999994454,1.0
25.819999999699185,25.451483563809006,19.85191318943236,4335.083030088343,22779.82635739069,54,24.999999999994454,1.0
25.839999999698428,25.402546151749753,21.750650049628252,5203.998553395328,23052.752875184415,58,24.999999999994454,1.0
25.85999999969767,25.33397094284489,23.65870797795575,6157.079095048058,20348.0225885655,57,24.999999999994454,1.0
25.879999999696913,25.295063534328985,25.371061730435294,7080.598506625141,19797.33994884085,58,24.999999999994454,1.0
25.899999999696156,25.24972998663911,26.73696709885528,7863.519506097968,19454.228605163873,56,24.999999999994454,1.0
25.9199999996954,25.224880370422817,28.11466220858291,8694.776542129921,19182.21682954949,55,24.999999999994454,1.0
25.939999999694642,25.221482511275344,29.54139168980564,9599.632052675694,19041.312283576917,55,24.999999999994454,1.0
25.959999999693885,25.22169313229341,31.049230574215876,10604.60191175904,17498.94271218656,50,24.999999999994454,1.0
25.979999999693128,25.24130954013043,32.721017708496724,11777.314998677317,17149.738221753825,47,24.999999999994454,1.0
25.99999999969237,25.256922528857242,34.19562155889,12862.745871787045,16654.30688364107,49,24.999999999994454,1.0
26.019999999691613,25.28515307033964,35.44629833632948,13820.840723228812,15680.600933519452,52,24.999999999994454,1.0
26.039999999690856,25.32096017768928,36.200254588238046,14415.042754785745,13221.931064725626,51,24.999999999994454,1.0
26.0599999996901,25.344428660627162,36.59869069001321,14734.105762455853,11062.25496008156,51,24.999999999994454,1.0
26.079999999689342,25.382915464642824,36.59953509655297,14734.78566212194,8696.052428713176,52,24.999999999994454,1.0
26.099999999688585,25.412061835533102,36.09027084574659,14327.584146912806,6517.159864290913,53,24.999999999994454,1.0
26.119999999687828,25.438867466027975,35.28590965093224,13696.049618831283,3799.910749248456,57,24.999999999994454,1.0
26.13999999968707,25.467190256038894,33.75177762899865,12531.007424291114,2977.3258542963454,63,24.999999999994454,1.0
26.159999999686313,25.487603629247467,32.2111069902446,11413.10954890683,2121.77241408766,61,24.999999999994454,1.0
26.179999999685556,25.519218439486398,30.403327762880487,10167.985729628534,1656.223919884944,60,24.999999999994454,1.0
26.1999999996848,25.54119987470565,28.41343789969269,8880.557986076621,1552.474441940103,60,24.999999999994454,1.0
26.219999999684042,25.56732822882507,26.420250638655144,7678.326081902934,1865.5159871141275,63,24.999999999994454,1.0
26.239999999683285,25.59182392208543,24.437640665971646,6569.181094510662,1949.2822797156705,64,24.999999999994454,1.0
26.259999999682528,25.606424972704136,22.488939490674763,5563.276393567539,421.42171064717377,62,24.999999999994454,1.0
26.27999999968177,25.62540796993275,20.607296191111278,4671.2672193900835,1806.989040395613,66,24.999999999994454,1.0
26.299999999681013,25.62912643776089,18.683612396110895,3839.8510938491954,1898.3798039469943,65,24.999999999994454,1.0
26.319999999680256,25.63437210711906,16.818539945202094,3111.496144771943,2941.6042425607175,62,24.999999999994454,1.0
26.3399999996795,25.636379383993503,15.06307300791908,2495.857852860904,6447.585892702666,59,24.999999999994454,1.0
26.35999999967874,25.63059022393194,13.649833766200997,2049.49758029413,6902.437210035123,56,24.999999999994454,1.0
26.379999999677985,25.631422165751882,12.715645093614382,1778.5639316143547,13384.917001173153,59,24.999999999994454,1.0
26.399999999677227,25.60344139770709,12.44382423094757,1703.3363763978964,17084.49833460978,59,24.999999999994454,1.0
26.41999999967647,25.574148368868624,13.073728792354089,1880.1462298963115,18936.540048199186,60,24.999999999994454,1.0
26.439999999675713,25.528873740368713,14.330768131771823,2259.0800677126754,19323.57945145545,62,24.999999999994454,1.0
26.459999999674956,25.47358480426732,16.104328937957476,2852.84351596128,20170.173630881276,60,24.999999999994454,1.0
26.4799999996742,25.427005111779877,18.187319730411303,3638.564588738291,23095.52382572024,65,24.999999999994454,1.0
26.49999999967344,25.34902673685468,20.518520155306156,4631.106363000755,21243.072648925256,63,24.999999999994454,1.0
26.519999999672685,25.29474106421639,22.807828884917935,5722.167642880665,20012.075195835645,66,24.999999999994454,1.0
26.539999999671927,25.230510704410992,24.64886569100478,6683.232378385117,21149.87102035297,64,24.999999999994454,1.0
26.55999999967117,25.17837940665292,26.365977622535233,7646.812535912316,18223.423498022243,65,24.999999999994454,1.0
26.579999999670413,25.151135141792977,27.6670712969783,8420.135175672885,19270.82601651242,63,24.999999999994454,1.0
26.599999999669656,25.123595265077316,28.921563968080736,9201.025485957645,17516.408951532478,65,24.999999999994454,1.0
26.6199999996689,25.12665859600897,30.26717691932156,10077.12198532063,17074.62679168316,61,24.999999999994454,1.0
26.63999999966814,25.133580184244458,31.744206167100653,11084.640876973303,17072.0243487937,59,24.999999999994454,1.0
26.659999999667384,25.15017960002207,33.28176332073756,12184.433467113511,17018.88695982911,61,24.999999999994454,1.0
26.679999999666627,25.182259327660113,34.66598985542074,13219.039379217471,14050.963554819633,59,24.999999999994454,1.0
26.69999999966587,25.20339595382591,35.67908236236282,14002.966100422966,13838.914648705017,63,24.999999999994454,1.0
26.719999999665113,25.23920559290147,36.31971189980731,14510.336197335051,9463.561243993856,61,24.999999999994454,1.0
26.739999999664356,25.268579825146798,36.452791076114664,14616.865749627514,9557.844271316058,63,24.999999999994454,1.0
26.7599999996636,25.294154803272203,36.310954096099195,14503.339261059251,5564.671624717163,62,24.999999999994454,1.0
26.77999999966284,25.32918883814019,35.512960936370064,13872.874339149606,3583.670876396439,67,24.999999999994454,1.0
26.799999999662084,25.35216970061555,34.529750733072085,13115.340542569014,2269.8427420306734,68,24.999999999994454,1.0
26.819999999661327,25.383639814304125,32.974452198240954,11960.459475514854,1249.2065839672782,70,24.999999999994454,1.0
26.83999999966057,25.409185425922384,31.12933076077458,10659.38756975077,846.5881972442663,71,24.999999999994454,1.0
26.859999999659813,25.43638113811006,29.431159584134022,9528.124699134403,2239.691927977864,66,24.999999999994454,1.0
26.879999999659056,25.46938252442246,27.589740938091435,8373.131855340982,2305.528562128099,64,24.999999999994454,1.0
26.8999999996583,25.49013718699816,25.56650837433235,7190.109855002868,529.7380613163349,66,24.999999999994454,1.0
26.91999999965754,25.51753932029994,23.59373902475489,6123.309732850659,1144.6836507673165,67,24.999999999994454,1.0
26.939999999656784,25.5326740653564,21.631704126492334,5147.23685757716,794.4000663445622,65,24.999999999994454,1.0
26.959999999656027,25.544890840076203,19.713942078301827,4275.034634933033,833.5646404385445,62,24.999999999994454,1.0
26.97999999965527,25.5562710992642,17.820335311208755,3493.20785664305,3029.0207304580294,59,24.999999999994454,1.0
26.999999999654513,25.55300440143671,16.012844085750316,2820.522932860038,3099.0384396525988,56,24.999999999994454,1.0
27.019999999653756,25.557253190989403,14.354757561410626,2266.649711115631,7770.4647785685265,52,24.999999999994454,1.0
27.039999999653,25.545479624154954,13.00909310196263,1861.6015366908487,10546.438950703834,50,24.999999999994454,1.0
27.05999999965224,25.529956982659055,12.289086735908912,1661.2381808296159,12969.269125611898,49,24.999999999994454,1.0
27.079999999651484,25.50569188907424,12.25010441289774,1650.7156393958635,14954.1923625172,50,24.999999999994454,1.0
27.099999999650727,25.457040659506294,13.182694812567604,1911.617867734265,19063.55141571547,49,24.999999999994454,1.0
27.11999999964997,25.415800005384423,14.858435523194304,2428.5041681661464,21550.024860601123,55,24.999999999994454,1.0
27.139999999649213,25.347355097571945,17.064650981696023,3203.2254443980896,20859.432121091293,55,24.999999999994454,1.0
27.159999999648456,25.28671993540774,19.472068087278885,4170.775791551872,19749.800374653358,54,24.999999999994454,1.0
27.1799999996477,25.221941627779977,21.71988259459004,5189.286299150529,22158.447507356013,57,24.999999999994454,1.0
27.19999999964694,25.147708274925918,23.89997202081565,6283.29528855348,19499.025465741706,57,24.999999999994454,1.0
27.219999999646184,25.10063784478385,25.63258093286598,7227.3212580791715,19338.0582429094,58,24.999999999994454,1.0
27.239999999645427,25.044392591329295,26.918949167828277,7970.928067301349,17819.92588262455,60,24.999999999994454,1.0
27.25999999964467,25.019659954450283,28.133930340305046,8706.698400324505,15560.251716210963,59,24.999999999994454,1.0
27.279999999643913,25.0107192508963,29.26362646493685,9419.958172672876,16711.64680576308,57,24.999999999994454,1.0
27.299999999643155,25.009868923632734,30.602803864192694,10301.847647852721,16037.059519087265,56,24.999999999994454,1.0
27.3199999996424,25.02880066621451,32.15106484883426,11370.600680053405,16664.361942748932,52,24.999999999994454,1.0
27.33999999964164,25.04201645914956,33.5905483814137,12411.574346205038,15649.235411044609,57,24.999999999994454,1.0
27.359999999640884,25.07302596963104,34.822074332365794,13338.345468896896,14825.365270528982,56,24.999999999994454,1.0
27.379999999640127,25.108389467095332,35.565614172544066,13914.042026172941,12402.018735728634,56,24.999999999994454,1.0
27.39999999963937,25.134355173145856,36.00387865094326,14259.072057030324,10478.738850857653,56,24.999999999994454,1.0
27.419999999638613,25.17187488516214,35.996902625699526,14253.546985085028,8588.129955557424,57,24.999999999994454,1.0
27.439999999637855,25.194630363766645,35.55032493326922,13902.08163147126,6676.064103710542,56,24.999999999994454,1.0
27.4599999996371,25.217890925674872,34.81822761206953,13335.398714504689,4345.736896942065,57,24.999999999994454,1.0
27.47999999963634,25.243495197087583,33.36835698132958,12247.919723967914,2648.8851415909403,62,24.999999999994454,1.0
27.499999999635584,25.265794199179755,31.95775107216482,11234.27638949497,2340.607394381363,61,24.999999999994454,1.0
27.519999999634827,25.300731769696423,30.16952029173009,10012.19950096425,657.5124771156945,64,24.999999999994454,1.0
27.53999999963407,25.3248141320793,28.256465153298848,8782.706052555513,330.75380473704365,67,24.999999999994454,1.0
27.559999999633312,25.354332159521284,26.350605787613627,7637.898679116385,309.1427911818838,69,24.999999999994454,1.0
27.579999999632555,25.38091018162185,24.39563375356979,6546.616408621449,177.06889857774505,68,24.999999999994454,1.0
27.599999999631798,25.39751626604739,22.482687147899377,5560.1834352935175,879.1016247627441,70,24.999999999994454,1.0
27.61999999963104,25.418491333794673,20.582499004046372,4660.031917767269,807.8628811238364,69,24.999999999994454,1.0
27.639999999630284,25.423829276059646,18.64579233338053,3824.3212891350736,869.9722406859714,68,24.999999999994454,1.0
27.659999999629527,25.429205722807048,16.785896659727445,3099.4295933815392,2281.4609461498526,68,24.999999999994454,1.0
27.67999999962877,25.429720978400585,14.98602103213251,2470.3890901306972,4068.245863500128,66,24.999999999994454,1.0
27.699999999628012,25.417873258946678,13.505775273671022,2006.4656231719391,6877.0521375789995,63,24.999999999994454,1.0
27.719999999627255,25.410813300416436,12.480940936928809,1713.5127533821592,8781.336783098854,62,24.999999999994454,1.0
27.739999999626498,25.374544595019163,12.168388396454244,1628.7664378365853,12196.635215417575,59,24.999999999994454,1.0
27.75999999962574,25.34108301170117,12.863192997086133,1820.0790748831428,17327.86396916293,60,24.999999999994454,1.0
27.779999999624984,25.292491690929886,14.336854435132889,2260.9993460360856,19335.274926021088,60,24.999999999994454,1.0
27.799999999624227,25.229315066832577,16.34585950849754,2939.0583537869334,19143.870080920675,59,24.999999999994454,1.0
27.81999999962347,25.176541058952132,18.655278236277688,3828.2134668022954,17802.41841521619,63,24.999999999994454,1.0
27.839999999622712,25.092389901044406,21.056663107608323,4877.213673500447,16214.171471461816,63,24.999999999994454,1.0
27.859999999621955,25.03030855012624,23.313383536047706,5978.652370887463,17243.772608727002,63,24.999999999994454,1.0
27.879999999621198,24.9661093032242,24.951669584211135,6848.443965436118,15262.424665123539,64,24.999999999994454,1.0
27.89999999962044,24.911037398625645,26.387877302773305,7659.520754008404,14448.713966278916,66,24.999999999994454,1.0
27.919999999619684,24.88681998633128,27.48367511625161,8308.876376852348,14333.475518580603,64,24.999999999994454,1.0
27.939999999618927,24.86154316180962,28.560912571757854,8972.982996247554,13780.93679877421,66,24.999999999994454,1.0
27.95999999961817,24.863158049492984,29.838767703443025,9793.87263866038,13179.251582203498,65,24.999999999994454,1.0
27.979999999617412,24.871389712454604,31.262139557658934,10750.53506694798,14208.651581473334,61,24.999999999994454,1.0
27.999999999616655,24.887171316460613,32.722787078281286,11778.588735875861,14757.647355385894,62,24.999999999994454,1.0
28.019999999615898,24.92140204470654,33.99700193939077,12713.757549536338,13426.501015769658,61,24.999999999994454,1.0
28.03999999961514,24.94348232514703,34.80636714333342,13326.315130881721,12945.07684185958,64,24.999999999994454,1.0
28.059999999614384,24.97413664439546,35.316989804590435,13720.187457432992,10589.172617613713,63,24.999999999994454,1.0
28.079999999613626,25.006616672102364,35.315875336788224,13719.321558839234,8227.397743017207,62,24.999999999994454,1.0
28.09999999961287,25.028250546330185,35.0710920853904,13529.796500681263,7217.844695084174,63,24.999999999994454,1.0
28.119999999612112,25.058479628797787,34.35930926595174,12986.183465566486,4426.281395430629,60,24.999999999994454,1.0
28.139999999611355,25.079674154651137,33.31879253254721,12211.56129409616,3917.577363940326,64,24.999999999994454,1.0
28.159999999610598,25.10689394073867,32.026246414161584,11282.485053186576,2067.6996216731773,64,24.999999999994454,1.0
28.17999999960984,25.136673355144588,30.24275286850503,10060.86511172016,1303.43874706377,65,24.999999999994454,1.0
28.199999999609084,25.16075866838592,28.56926913446525,8978.234527652598,1575.5334924390659,67,24.999999999994454,1.0
28.219999999608326,25.194854659151893,26.81375116672282,7908.749767940224,983.4722468340287,63,24.999999999994454,1.0
28.23999999960757,25.214876511634746,24.891707036713786,6815.567871217453,420.26877142963536,68,24.999999999994454,1.0
28.259999999606812,25.2365524953927,22.950682454905884,5794.072076605173,595.3837177399698,71,24.999999999994454,1.0
28.279999999606055,25.254644448741814,21.032944856674433,4866.232462782983,586.901304385589,71,24.999999999994454,1.0
28.299999999605298,25.258167627653293,19.139383508183336,4029.476011806523,1027.1763079739385,70,24.999999999994454,1.0
28.31999999960454,25.26570173345526,17.304460059764313,3293.8877175597618,1847.5514145312757,70,24.999999999994454,1.0
28.339999999603783,25.25393259309539,15.494263799919466,2640.794317716443,3320.278540613032,71,24.999999999994454,1.0
28.359999999603026,25.24697914641228,13.952922757280232,2141.5245881769147,4919.487778118712,69,24.999999999994454,1.0
28.37999999960227,25.231949128397165,12.678364627196208,1768.1502258215405,7162.020237784662,68,24.999999999994454,1.0
28.399999999601512,25.199229883736095,12.168331510235811,1628.751209172975,10642.267331660492,65,24.999999999994454,1.0
28.419999999600755,25.1717737727949,12.647523376405665,1759.5583231240055,11779.05515732872,67,24.999999999994454,1.0
28.439999999599998,25.111597425807833,14.008426591296836,2158.596171201275,13167.309812174339,65,24.999999999994454,1.0
28.45999999959924,25.05889426252314,16.03598700266946,2828.6816706476234,15087.894548957365,66,24.999999999994454,1.0
28.479999999598483,24.993064190656195,18.46004116889162,3748.504319528909,16336.04738890338,66,24.999999999994454,1.0
28.499999999597726,24.913153220873504,21.018995741417683,4859.780001755082,15171.750877793636,65,24.999999999994454,1.0
28.51999999959697,24.855382136467853,23.20905001278089,5925.260027453411,14175.817717215885,68,24.999999999994454,1.0
28.539999999596212,24.78018475895542,24.87729901676047,6807.680070062426,14788.012781680802,65,24.999999999994454,1.0
28.559999999595455,24.733260953267887,26.280634564877282,7597.389284458847,12982.05634356581,68,24.999999999994454,1.0
28.579999999594698,24.70070171931584,27.22748340145934,8154.694376144184,13121.560707465842,66,24.999999999994454,1.0
28.59999999959394,24.67586595799475,28.266777532025927,8789.117832495504,12714.319990121283,69,24.999999999994454,1.0
28.619999999593183,24.679275770286186,29.400942996562254,9508.569939958134,12991.724938301577,67,24.999999999994454,1.0
28.639999999592426,24.681511698506107,30.701211335502332,10368.208152138946,13434.818879957249,65,24.999999999994454,1.0
28.65999999959167,24.700220814297403,32.088956717270825,11326.712575231686,13230.017848275906,66,24.999999999994454,1.0
28.679999999590912,24.72712485902856,33.231957550317816,12147.993028887378,12589.435243695754,65,24.999999999994454,1.0
28.699999999590155,24.749967092390477,34.02696959352824,12736.181256907852,12414.608524321786,66,24.999999999994454,1.0
28.719999999589398,24.787659256051015,34.47400056610946,13073.023865353269,10034.557645630533,65,24.999999999994454,1.0
28.73999999958864,24.81476474459225,34.50159790034759,13093.962834449963,8879.248277944085,66,24.999999999994454,1.0
28.759999999587883,24.838315506542035,34.29379440611935,12936.707682461012,7372.877821323441,65,24.999999999994454,1.0
28.779999999587126,24.865900002132374,33.63076349664358,12441.310787038918,4639.083982575503,66,24.999999999994454,1.0
28.79999999958637,24.884099683414384,32.811822867872316,11842.772919038916,4609.850558131536,64,24.999999999994454,1.0
28.81999999958561,24.911451458836304,31.56208379690617,10957.816469632196,2377.7212221787663,65,24.999999999994454,1.0
28.839999999584855,24.93667096538514,29.966441050420567,9877.86348151164,2220.489198744587,65,24.999999999994454,1.0
28.859999999584097,24.962409704068005,28.42154373221517,8885.625629344413,1500.9930399393652,68,24.999999999994454,1.0
28.87999999958334,24.994500445118902,26.584553138939338,7774.123121567984,838.3382242966057,63,24.999999999994454,1.0
28.899999999582583,25.013748492387688,24.67679925260583,6698.388634887484,866.8762639863102,66,24.999999999994454,1.0
28.919999999581826,25.03801123105394,22.878946674282354,5757.908210171212,787.2509665751421,68,24.999999999994454,1.0
28.93999999958107,25.052703746858192,21.013487376332446,4857.233168868113,1080.2842455147356,65,24.999999999994454,1.0
28.95999999958031,25.05622277915542,19.12873173180716,4024.992154341908,873.6861284850801,67,24.999999999994454,1.0
28.979999999579555,25.059622315136657,17.25795780450044,3276.2081834010937,1887.201259221894,66,24.999999999994454,1.0
28.999999999578797,25.044071516058228,15.479214825041293,2635.66700759756,3505.6719704242378,66,24.999999999994454,1.0
29.01999999957804,25.037084270753823,13.901815921962829,2125.8653452095314,4720.654036305678,62,24.999999999994454,1.0
29.039999999577283,25.012078158027194,12.657679245699754,1762.3852827572011,7553.310124329735,61,24.999999999994454,1.0
29.059999999576526,24.97923850481946,12.243901834331293,1649.0444534161534,10622.701963729809,59,24.999999999994454,1.0
29.07999999957577,24.946940789566707,12.859536303473147,1819.044413343782,14430.562329451408,61,24.999999999994454,1.0
29.09999999957501,24.883388000527873,14.42098496267721,2287.612880231384,16715.401561182643,59,24.999999999994454,1.0
29.119999999574254,24.8343545165619,16.661207826831394,3053.5543087375445,18029.270373071817,60,24.999999999994454,1.0
29.139999999573497,24.759853884097307,19.16838830153196,4041.6982108613797,15888.637025182055,62,24.999999999994454,1.0
29.15999999957274,24.682715299957106,21.59798517762023,5131.202601059735,15830.58877833291,61,24.999999999994454,1.0
29.179999999571983,24.623722613073628,23.511561240390122,6080.728631566766,16160.20852760457,64,24.999999999994454,1.0
29.199999999571226,24.549786477725437,24.95141900937359,6848.306416394627,13683.776790158232,63,24.999999999994454,1.0
29.21999999957047,24.508371694356214,26.140419125788576,7516.536632790825,13554.533130823156,66,24.999999999994454,1.0
29.23999999956971,24.476710934526746,26.93382493106744,7979.740179591291,12702.337844796166,62,24.999999999994454,1.0
29.259999999568954,24.45619858029094,27.94720186775431,8591.507014607108,12344.496859001927,66,24.999999999994454,1.0
29.279999999568197,24.460460844336044,29.060746922844178,9289.797128849572,12986.671053923912,64,24.999999999994454,1.0
29.29999999956744,24.463270908835923,30.369030997452313,10145.058480966414,13886.090073401474,62,24.999999999994454,1.0
29.319999999566683,24.48440631715246,31.693888985868046,11049.528589533806,13081.997162304127,63,24.999999999994454,1.0
29.339999999565926,24.510981260031237,32.72284812055815,11778.632680332274,12945.182207512691,63,24.999999999994454,1.0
29.35999999956517,24.533968812612823,33.3977230449102,12269.486950429784,11650.114566140292,63,24.999999999994454,1.0
29.37999999956441,24.57131676649677,33.70855821982988,12498.935869856268,10208.608045543486,63,24.999999999994454,1.0
29.399999999563654,24.596469246002282,33.64261069363051,12450.077797115002,8463.297346629519,65,24.999999999994454,1.0
29.419999999562897,24.617960483327543,33.38096798645459,12257.179260839772,6997.659991435104,63,24.999999999994454,1.0
29.43999999956214,24.64566793753173,32.70644721897663,11766.828586564743,4518.282516318825,64,24.999999999994454,1.0
29.459999999561383,24.66424496130484,31.91544398407721,11204.551211708473,4109.20215434895,64,24.999999999994454,1.0
29.479999999560626,24.692249586006916,30.773606511893792,10417.163435237593,2432.302468452122,62,24.999999999994454,1.0
29.49999999955987,24.717823937983994,29.24331943018228,9406.88904425244,2428.149331261449,66,24.999999999994454,1.0
29.51999999955911,24.74293068549215,27.819004520202878,8512.86713744575,2132.273629847897,66,24.999999999994454,1.0
29.539999999558354,24.775097487182364,26.013848865875616,7443.923660982799,811.0989368414596,63,24.999999999994454,1.0
29.559999999557597,24.793513377348727,24.179230224164453,6430.986916564625,1213.4676274081241,66,24.999999999994454,1.0
29.57999999955684,24.81542832868258,22.49854426090637,5568.029432459593,1314.5533798189863,69,24.999999999994454,1.0
29.599999999556083,24.827287292381847,20.6332083011302,4683.02213277611,1245.4716505096335,67,24.999999999994454,1.0
29.619999999555326,24.825631932928346,18.730474404804877,3859.1373857195567,1238.5240818540149,67,24.999999999994454,1.0
29.63999999955457,24.824814155846354,16.84591072377487,3121.6317892473253,2122.66244226154,67,24.999999999994454,1.0
29.65999999955381,24.802527926104435,15.001753238580298,2475.5786025437988,4475.407960290877,64,24.999999999994454,1.0
29.679999999553054,24.789268961951755,13.493999284849956,2002.9681836948423,6287.969140437604,60,24.999999999994454,1.0
29.699999999552297,24.759822621630313,12.417005972877496,1696.0024106352294,8464.63971962171,62,24.999999999994454,1.0
29.71999999955154,24.720397247316424,12.385388020550105,1687.3762006154466,11550.573573226278,60,24.999999999994454,1.0
29.739999999550783,24.68534666227456,13.46967625329743,1995.753962055092,13461.534448938619,61,24.999999999994454,1.0
29.759999999550026,24.614067865632272,15.43035583269603,2619.0546923597803,15980.309628612336,60,24.999999999994454,1.0
29.77999999954927,24.558858444191234,17.81647464928882,3491.6944582162637,17255.34794646506,61,24.999999999994454,1.0
29.79999999954851,24.4857547514356,20.225098031388217,4499.600494171899,15201.094567233164,64,24.999999999994454,1.0
29.819999999547754,24.40262656506403,22.367310054773107,5503.2621499498955,13953.338304905328,62,24.999999999994454,1.0
29.839999999546997,24.348190140758344,23.965470770263455,6317.781681643873,14614.249947437514,62,24.999999999994454,1.0
29.85999999954624,24.27972517723879,25.046080968570756,6900.367890726224,12929.164335004893,62,24.999999999994454,1.0
29.879999999545483,24.239877061024877,26.05656340130099,7468.389459146201,12410.817680775364,66,24.999999999994454,1.0
29.899999999544725,24.218219838538808,26.778867760714235,7888.185344004021,12131.299574613855,66,24.999999999994454,1.0
29.91999999954397,24.201562861704133,27.783722511135323,8491.287602333445,12249.769046385123,64,24.999999999994454,1.0
29.93999999954321,24.209992754133793,29.043631927619945,9278.858111017711,12017.938689837127,64,24.999999999994454,1.0
29.959999999542454,24.21628285426272,30.33338338847963,10121.255625717411,12995.783644528707,64,24.999999999994454,1.0
29.979999999541697,24.23656766484579,31.49653728925593,10912.350473348382,12812.242788027295,62,24.999999999994454,1.0
29.99999999954094,24.269748424711878,32.32905041006948,11496.842504584949,11170.633845356455,62,24.999999999994454,1.0
