t,omega_hub,omega_gnd,tau_gen,T_max,n_slack,backline_payout,k_mppt_scale
0.019999999999999858,9.516670588883706,9.761295316322018,1048.1117487769518,0.0,75,0.0,1.0
0.03999999999999904,9.543023198290642,9.731199932813889,1041.6587734563673,0.0,75,0.0,1.0
0.05999999999999823,9.565628956936115,9.478515660211434,988.2648503296073,0.0,75,0.0,1.0
0.07999999999999742,9.585974496790879,9.132621648337395,917.4525598884892,0.0,75,0.0,1.0
0.0999999999999966,9.605037590987106,8.771824864164516,846.3940259233232,0.0,75,0.0,1.0
0.11999999999999579,9.623674682999376,8.439868077425263,783.5451048077621,0.0,75,0.0,1.0
0.14000000000000018,9.642776149787968,8.158312483780012,732.1386884130087,0.0,75,0.0,1.0
0.1600000000000063,9.662934162549808,7.935887152452156,692.761353861007,0.0,75,0.0,1.0
0.18000000000001243,9.68428410166119,7.7738288945586,664.7565725006159,0.0,75,0.0,1.0
0.20000000000001855,9.706576627675593,7.668334767799496,646.836939221468,0.0,75,0.0,1.0
0.22000000000002468,9.7293247683439,7.611601006336267,637.301168676252,0.0,75,0.0,1.0
0.2400000000000308,9.751946174673032,7.592813808461403,634.1590368295838,0.0,75,0.0,1.0
0.26000000000003,9.773891827722096,7.599712409509831,635.311915779835,0.0,75,0.0,1.0
0.28000000000002223,9.794717171468832,7.6206324758678035,638.8144326547615,0.0,75,0.0,1.0
0.3000000000000145,9.814108543767206,7.646459479434598,643.1517682769875,0.0,75,0.0,1.0
0.3200000000000067,9.831890329979954,7.671822519187577,647.4254684250499,0.0,75,0.0,1.0
0.33999999999999897,9.848035639741271,7.69519420662564,651.3761526545329,0.0,75,0.0,1.0
0.3599999999999912,9.862674552442476,7.718025776154956,655.2471406953155,0.0,75,0.0,1.0
0.37999999999998346,9.876073311060114,7.743366890114214,659.5570387440879,0.0,75,0.0,1.0
0.3999999999999757,9.888568710424039,7.774469647867351,664.8661613617176,0.0,75,0.0,1.0
0.41999999999996795,9.900473420731675,7.813738477819828,671.5995989973833,0.0,75,0.0,1.0
0.4399999999999602,9.911994074192563,7.862168635006039,679.9506520980001,0.0,75,0.0,1.0
0.45999999999995245,9.923209052857597,7.919248475188767,689.8594605295757,0.0,75,0.0,1.0
0.4799999999999447,9.934087145659474,7.983227374443454,701.0511124326965,0.0,75,0.0,1.0
0.49999999999993694,9.944541259790988,8.051600425609584,713.1109635504406,0.0,75,0.0,1.0
0.5199999999999569,9.954480567984584,8.121667118518598,725.576244624288,0.0,75,0.0,1.0
0.5399999999999769,9.963841354482042,8.191036019150271,738.0237817371883,0.0,75,0.0,1.0
0.559999999999997,9.972599476739896,8.257965997763055,750.1340266223184,0.0,75,0.0,1.0
0.580000000000017,9.98077639538359,8.321489011909907,761.7189731287106,0.0,75,0.0,1.0
0.600000000000037,9.988439043931926,8.381330276348855,772.7136692136617,0.0,75,0.0,1.0
0.620000000000057,9.995688266759416,8.437701020755258,783.1427836721974,0.0,75,0.0,1.0
0.640000000000077,10.002633165088755,8.49105097195499,793.0774126917157,0.0,75,0.0,1.0
0.660000000000097,10.009361424676735,8.541851929967919,802.5955783284633,0.0,75,0.0,1.0
0.680000000000117,10.015918677366095,8.590451404387636,811.7544086426005,0.0,75,0.0,1.0
0.700000000000137,10.022305652848189,8.637007744723634,820.5769306065765,0.0,75,0.0,1.0
0.720000000000157,10.02849041261,8.681501502171146,829.0531516541986,0.0,75,0.0,1.0
0.740000000000177,10.034427537621442,8.723801431952168,837.1518256654376,0.0,75,0.0,1.0
0.760000000000197,10.040075489969485,8.763754572439348,844.8373362654673,0.0,75,0.0,1.0
0.780000000000217,10.04540856875912,8.801273253118017,852.0865196365568,0.0,75,0.0,1.0
0.800000000000237,10.050422654415124,8.83638964066049,858.8996006972923,0.0,75,0.0,1.0
0.820000000000257,10.055136073272074,8.869267071337358,865.3028822098006,0.0,75,0.0,1.0
0.840000000000277,10.059583680618045,8.900169427672033,871.3431742539472,0.0,75,0.0,1.0
0.860000000000297,10.063805970450543,8.929404561282826,877.076924009644,0.0,75,0.0,1.0
0.880000000000317,10.067836819281442,8.957258010076673,882.55718164991,0.0,75,0.0,1.0
0.900000000000337,10.071694943646884,8.983938541528282,887.8226688975305,0.0,75,0.0,1.0
0.920000000000357,10.075382024894118,9.009551149504128,892.8921310708428,0.0,75,0.0,1.0
0.940000000000377,10.078886234199311,9.034107882853016,897.766157629297,0.0,75,0.0,1.0
0.960000000000397,10.082189407900431,9.057568351229468,902.4349888091308,0.0,75,0.0,1.0
0.980000000000417,10.08527386255974,9.079892386233832,906.8889032014581,0.0,75,0.0,1.0
1.000000000000437,10.088128553195878,9.101084154761335,911.1270607125261,0.0,75,0.0,1.0
1.020000000000457,10.090748353288033,9.121210840647338,915.1613591949676,0.0,75,7.711001607445222e-6,1.0
1.040000000000477,10.093118997198978,9.140386565620291,919.0133322586909,0.0,75,0.0001289518069557988,1.0
1.060000000000497,10.095229171387395,9.15876910185398,922.7135660718269,0.0,75,0.0006396983412870059,1.0
1.080000000000517,10.097071541023428,9.17653348097092,926.2964340011828,0.0,75,0.0019501179931655968,1.0
1.100000000000537,10.098635973263454,9.193833430647457,929.7923046553987,0.0,75,0.004564835925361299,1.0
1.120000000000557,10.099905570811842,9.210773153102696,933.2217628570913,0.0,75,0.00905071594936478,1.0
1.140000000000577,10.100856030810581,9.227399106097842,936.5938368953678,0.0,75,0.016010935009498142,1.0
1.160000000000597,10.101458450633451,9.243715476662688,939.9090339484263,0.0,75,0.02606431393300764,1.0
1.180000000000617,10.101683100334778,9.259719072321921,943.1663702815458,0.0,75,0.0398290243703751,1.0
1.200000000000637,10.101503161733344,9.275444310232038,946.3725386743746,0.0,75,0.057909926435505785,1.0
1.220000000000657,10.100896282227373,9.290991965022583,949.5478486352561,0.0,75,0.08088890662312526,1.0
1.240000000000677,10.099844730460216,9.306531274643127,952.726768025017,0.0,75,0.1093176838641215,1.0
1.260000000000697,10.098333660933259,9.322279036242833,955.9537507252986,0.0,75,0.1437126354386682,1.0
1.280000000000717,10.09634826070491,9.338463707938654,959.275948669361,0.0,75,0.1845512659383585,1.0
1.300000000000737,10.09386995742137,9.355292067264957,962.7363863021368,0.0,75,0.23227000330893333,1.0
1.320000000000757,10.090872266231347,9.372929135846887,966.3698064416822,0.0,75,0.28726305772898253,1.0
1.340000000000777,10.087319242858714,9.39149931053565,970.2028522977075,0.0,75,0.34988212299225313,1.0
1.360000000000797,10.083164812045542,9.411103039974858,974.2574647192641,0.0,75,0.4204367372857411,1.0
1.380000000000817,10.078352968843234,9.43184709963717,978.5571368202752,0.0,75,0.49919515175997664,1.0
1.400000000000837,10.072817346782022,9.453877987515174,983.1338990310635,0.0,75,0.5863855819038923,1.0
1.420000000000857,10.066478116225642,9.477407853566376,988.0338558512578,0.0,75,0.6821977391797365,1.0
1.440000000000877,10.059220005750172,9.501634553069756,993.0916509809801,0.0,75,0.7867845592581546,1.0
1.460000000000897,10.050971197269803,9.525659364454782,998.1200496038759,0.0,75,0.9002640590474633,1.0
1.480000000000917,10.041854214653238,9.554431189403008,1004.1587088834068,0.0,75,1.0227212679866924,1.0
1.500000000000937,10.03220983260433,9.5882538847876,1011.2807381505895,0.0,75,1.1542101901572608,1.0
1.520000000000957,10.02607681998058,9.69133537774262,1033.1417954427427,0.0,75,1.2947557629953417,1.0
1.540000000000977,10.028617420183782,10.072119568139705,1115.9235185439304,0.5676223570114528,75,1.4443557860403882,1.0
1.560000000000997,10.037602088315886,10.677896119070052,1254.192120826164,164.34747986933638,74,1.6029827994780508,1.0
1.580000000001017,10.040948725227532,11.499615174167515,1454.6526406933813,195.50476201819825,74,1.770585897435334,1.0
1.600000000001037,10.04657324264343,12.915039452571285,1834.780684676201,269.6487182451181,74,1.947092465239513,1.0
1.620000000001057,10.071686472683272,15.07932843008405,2501.2476049257525,239.18104866831624,73,2.132409833310979,1.0
1.640000000001077,10.111863100896798,17.864532015955948,3510.5565456402664,151.79315785304783,74,2.3264268431522317,1.0
1.660000000001097,10.179966653885046,20.705934602577347,4716.093005428309,2442.508386354652,74,2.529015323130018,1.0
1.680000000001117,10.247702894466297,22.41119429680141,5524.877927898824,10205.730279175543,73,2.740031473517684,1.0
1.700000000001137,10.228181522408127,22.51676053276821,5577.049553790309,16055.991005536174,73,2.959317161648952,1.0
1.720000000001157,10.1159806708958,21.75542685628519,5206.284574690924,11429.0888006669,73,3.186701129098946,1.0
1.740000000001177,10.069846734410541,20.2932177681501,4529.961561241193,3015.1412843646062,70,3.4220001136092777,1.0
1.760000000001197,10.113377149302597,18.091741118505947,3600.4220636894274,23.863233217814994,74,3.6650198890595225,1.0
1.780000000001217,10.145131047312024,15.934188040992748,2792.8818337828793,1412.7429562363006,71,3.91555622719626,1.0
1.800000000001237,10.031651710031065,14.20088253725328,2218.3157132055167,1427.2103637994999,67,4.173395785097353,1.0
1.820000000001257,9.887266960934609,12.814819451765915,1806.4155733949387,2890.929968983075,72,4.438316922500783,1.0
1.840000000001277,9.818538148762098,11.737919294288073,1515.5662429514223,2621.3372505854836,71,4.710090453187765,1.0
1.860000000001297,9.718474841063331,10.845239742644596,1293.8114758298161,1040.6834308750915,68,4.988480334598238,1.0
1.880000000001317,9.618376562529305,10.158991524009828,1135.2561966339388,498.05375091008545,66,5.273244299790079,1.0
1.900000000001337,9.52767480046828,9.577541815006366,1009.0223794001499,351.9926913692521,67,5.5641344357429565,1.0
1.920000000001357,9.412028463208305,9.080608119271092,907.0318819734929,492.1719130251289,67,5.860897711867634,1.0
1.940000000001377,9.310167056076502,8.513972630120852,797.3650294109167,8248.71201383964,69,6.163276462417257,1.0
1.960000000001397,9.292150308114802,7.908718250243008,688.0260679789951,4196.077963993955,70,6.471008826318719,1.0
1.980000000001417,9.343724880537206,7.611709322630152,637.3193069343624,2259.55868488541,71,6.783829147754112,1.0
2.000000000001437,9.317967164610796,7.476565796018973,614.889397124209,3222.86976760214,67,7.101468340629415,1.0
2.020000000001346,9.319203946175861,7.459859122270775,612.1444793653915,1536.9400435838704,66,7.423654219874134,1.0
2.040000000001255,9.367487634363679,7.3547838084212875,595.0212935547754,1552.1838068694692,65,7.7501118023235644,1.0
2.060000000001164,9.373440716531434,7.310336521051722,587.8512205612486,1847.3072479128587,57,8.080563579748443,1.0
2.080000000001073,9.340811696914663,7.274636546540303,582.1237057268581,1571.7781854080592,59,8.41472976641478,1.0
2.100000000000982,9.321514980984915,7.254956767561049,578.9783746909786,2168.8533899464005,60,8.752328523382278,1.0
2.120000000000891,9.29913751856624,7.160600176880361,564.0161438245295,1154.735046598189,65,9.093076161583538,1.0
2.1400000000008,9.263408615357404,7.191258675836579,568.8562147707435,3180.2053933855245,58,9.43668732556812,1.0
2.160000000000709,9.278894695326956,7.312720587443207,588.2347062901729,2393.6116008240842,56,9.782875159646437,1.0
2.180000000000618,9.300601642060789,7.232821920591186,575.4508422848281,1758.200569679538,47,10.131351458028211,1.0
2.200000000000527,9.251598376146635,7.060912708480689,548.4213710446252,2917.6909906719993,53,10.481826800419146,1.0
2.220000000000436,9.17990065721714,7.094578056920545,553.6634158631235,5615.134511428817,45,10.834010674416954,1.0
2.240000000000345,9.173696722386115,7.356275576235189,595.262693888658,10764.931083859487,45,11.187611585933665,1.0
2.260000000000254,9.19160918080331,7.496227403235971,618.127678091285,12412.173088987493,50,11.542337158765697,1.0
2.280000000000163,9.190123815249445,7.611275758339889,637.2467053644169,9913.749340672794,40,11.897894224335053,1.0
2.3000000000000718,9.180648397353815,7.567419219840199,629.9241701368752,4907.567830275074,38,12.253988902534777,1.0
2.3199999999999807,9.156619321504946,7.451719738691091,610.8093977039827,2824.2268085792875,43,12.61032667452846,1.0
2.3399999999998897,9.096080693323717,7.390648793866581,600.8385855370971,5284.789690489286,52,12.966612448276543,1.0
2.3599999999997987,9.042396700938665,7.546028566025256,626.368018311961,5109.138757653093,57,13.322550617492602,1.0
2.3799999999997077,8.990748516944356,7.66587465310312,646.4219761679776,3699.0377327073575,44,13.677845114667353,1.0
2.3999999999996167,8.926452911503976,7.657919989625106,645.0811242424976,3743.5160383903967,54,14.032199458739552,1.0
2.4199999999995256,8.873753021636805,7.801147415352071,669.4369109565973,8376.11647950524,43,14.385316797938764,1.0
2.4399999999994346,8.907534558690474,8.345530969439045,766.1267587805282,12392.88656749627,43,14.736899948275626,1.0
2.4599999999993436,8.944741846231825,9.585302856694563,1010.6583394001265,21260.316488691282,39,15.086651428110217,1.0
2.4799999999992526,8.96478491546912,11.478905746434943,1449.4180484909089,24347.24513818269,31,15.434273489188303,1.0
2.4999999999991616,8.986302348070511,13.912236323822377,2129.0535148287104,24170.949157549443,28,15.77946814449717,1.0
2.5199999999990705,9.036019793950972,16.429680855871776,2969.278543283795,19268.614559221343,23,16.121937193260255,1.0
2.5399999999989795,9.023870147106452,18.25835721127031,3667.0436885978124,15982.234093153806,36,16.461382243357246,1.0
2.5599999999988885,8.97936154315049,19.581801865555374,4217.916607320547,13179.199360092527,39,16.797504731429473,1.0
2.5799999999987975,9.032633431923314,20.481584161949367,4614.448187613167,5791.263990677584,38,17.13000594090487,1.0
2.5999999999987065,9.124787424216567,20.531749438786505,4637.0800851882095,4731.236484376816,32,17.458587018153203,1.0
2.6199999999986154,9.180351633722895,20.279054552703446,4523.640589066746,4086.0685267142276,46,17.782948986961834,1.0
2.6399999999985244,9.189097485140397,20.38450890952255,4570.810238306445,7596.204285639645,38,18.102792761503977,1.0
2.6599999999984334,9.155416080909513,20.90467664763772,4807.060563165189,12738.43530248594,36,18.417819157952813,1.0
2.6799999999983424,9.092932730645366,20.984479229279007,4843.832053764462,8603.664657425354,50,18.727728904881097,1.0
2.6999999999982514,9.072472112048855,20.737870499606935,4730.6520014431435,5301.420134600221,46,19.032222652571132,1.0
2.7199999999981603,9.108073860877049,20.300396399996227,4533.167033966778,2767.123865263333,51,19.331000981346953,1.0
2.7399999999980693,9.13116282647403,19.785963148254197,4306.327714744804,3850.975104415479,41,19.623764409030578,1.0
2.7599999999979783,9.107679148286657,19.338902340235073,4113.924580976645,4248.337741717148,57,19.910213397612264,1.0
2.7799999999978873,9.06543434251249,18.92212427958177,3938.5146597713165,4329.825997451177,48,20.190048359217272,1.0
2.7999999999977963,9.07415845487682,18.61819661835203,3813.0096985157647,1944.9039193608585,46,20.462969661441385,1.0
2.8199999999977052,9.113608495016996,18.29030941156928,3679.889602080337,3192.740777470382,54,20.72867763212191,1.0
2.839999999997614,9.153641946955018,18.01700090327522,3570.7355370348214,4572.395507618901,61,20.986872563602418,1.0
2.859999999997523,9.205798937724241,17.784372325794077,3479.1228892471727,5211.833205397229,52,21.2372547165449,1.0
2.879999999997432,9.224865253301115,17.482282744373315,3361.9323094963424,6477.669512328101,47,21.47952432333624,1.0
2.899999999997341,9.190600312312988,17.129470530577635,3227.606367237204,8429.025629136186,56,21.71338159113184,1.0
2.91999999999725,9.144272284806181,16.274448258354997,2913.4343272526144,14163.007197733667,55,21.938526704574812,1.0
2.939999999997159,9.145474085336586,14.482687065901436,2307.230471137116,19591.24781450697,41,22.154659828224524,1.0
2.959999999997068,9.126733416472145,11.012918523364172,1334.1281184248346,24116.614363543078,38,22.361481108725616,1.0
2.979999999996977,9.168911884543553,7.635011009155858,641.2273242092426,17729.99330016688,44,22.558690676744863,1.0
2.999999999996886,9.310235224584229,6.264504382978579,431.6841668079361,5239.409211752491,48,22.745988648699907,1.0
3.019999999996795,9.394877960221933,6.206701183987649,423.75453546045054,7235.049104936053,45,22.923082898871865,1.0
3.039999999996704,9.4058775794535,6.366431412758053,445.8459382668775,5725.526983113339,54,23.089781223212203,1.0
3.059999999996613,9.411854139328383,6.537876237354025,470.1820826445427,7837.892177827372,48,23.24606933481702,1.0
3.079999999996522,9.405835921023009,6.649019224532818,486.30402313027696,5763.619514261992,45,23.392081324159868,1.0
3.099999999996431,9.354682314206343,6.682148413276919,491.16218158765173,4227.78961356073,44,23.528064807258758,1.0
3.11999999999634,9.338231320754627,6.712102582181829,495.57553181105175,2264.1871859000507,51,23.654352237303115,1.0
3.139999999996249,9.362231426619712,6.729278208419642,498.1150372694262,4308.762589238576,37,23.771337409865758,1.0
3.159999999996158,9.331972132738594,6.567216768571482,474.4116969394711,6946.260332746971,36,23.87945633496648,1.0
3.179999999996067,9.271719366036184,5.97255926936038,392.38610648624854,9140.814779951128,47,23.979171772114746,1.0
3.199999999995976,9.25499778435799,5.33148255050267,312.67176804945905,9658.710401069047,47,24.070960829823285,1.0
3.219999999995885,9.223811073925656,4.453611096779572,218.1811698149396,8207.021683009318,48,24.155305121380515,1.0
3.239999999995794,9.18578227064651,3.924867806047281,169.45046024441035,6455.21746763222,35,24.23268304597927,1.0
3.259999999995703,9.23710348507302,3.5777182098142766,140.80074347720338,4571.494088042754,56,24.303563830437927,1.0
3.2799999999956118,9.301166926126522,3.2336250441599943,115.01964018840597,3843.3242629370166,47,24.36840302327277,1.0
3.2999999999955207,9.318638503809161,3.0608597930293397,103.05748939841973,1773.9764983728912,44,24.427639181139487,1.0
3.3199999999954297,9.264624652627276,3.1678814131148205,110.39019912314187,1105.7150262452824,54,24.481691528819905,1.0
3.3399999999953387,9.192660807006636,3.3112798438991495,120.61031625074052,2973.9996216062204,53,24.53095840899105,1.0
3.3599999999952477,9.122785407111861,3.435947324659817,129.86307419620647,2036.6482051924627,39,24.57581636784581,1.0
3.3799999999951567,9.090692984970994,3.571628506204399,140.3218320496505,2893.237843293775,45,24.61661974798026,1.0
3.3999999999950656,9.113665622265753,3.6608443127196924,147.41959190169328,2171.1436904440657,44,24.65370068147046,1.0
3.4199999999949746,9.137773193841808,3.6663578812502777,147.86398124746628,3125.3333493189734,41,24.68736939428092,1.0
3.4399999999948836,9.109207832321847,3.724864630493347,152.62078167050373,3948.0425736953075,54,24.717914748554353,1.0
3.4599999999947926,9.046720797009982,3.7997984946287584,158.82315459761276,3561.308527706028,44,24.745604962344,1.0
3.4799999999947016,9.045214498603382,3.904122078304691,167.66386122536753,1894.6014273917644,58,24.770688457306033,1.0
3.4999999999946105,9.01702552108152,3.9947856197774643,175.54143362778902,894.3282102634341,53,24.79339479408585,1.0
3.5199999999945195,8.972654476114984,4.090295035550481,184.035648256338,1243.2607584757134,51,24.813935662859166,1.0
3.5399999999944285,8.956068466356259,4.171570060883852,191.42196450148754,2691.957870667208,60,24.832505902950967,1.0
3.5599999999943375,8.974946057724466,4.23117516923307,196.93127644007947,3458.332778473074,56,24.849284530848227,1.0
3.5799999999942465,8.955254076226268,4.27934652931325,201.440873897399,4596.861654839885,56,24.864435760401,1.0
3.5999999999941554,8.917946229976641,4.331983736631062,206.4269140387962,3504.213320447871,56,24.878110002719502,1.0
3.6199999999940644,8.915996304006454,4.397992997681847,212.76576648424412,3615.3849953807594,60,24.890444836332563,1.0
3.6399999999939734,8.886403522853866,4.440506924314076,216.89911919369382,5330.066948412201,57,24.901565940687192,1.0
3.6599999999938824,8.877340796955869,4.505661091586366,223.31080059458768,5652.416792525372,51,24.91158798811685,1.0
3.6799999999937913,8.942448207030242,4.601341893022534,232.89581938132613,4582.80059198968,59,24.920615491068617,1.0
3.6999999999937003,8.98122664421518,4.684481107166122,241.38799567735973,6219.692562859029,50,24.928743602718082,1.0
3.7199999999936093,8.963658319044434,4.767551428982754,250.02501290795055,3046.928511000224,51,24.936058870165088,1.0
3.7399999999935183,8.896444452665076,4.984228166536711,273.267834577077,2882.3846022057714,55,24.942639940245705,1.0
3.7599999999934273,8.848163742068717,5.095275910574353,285.5802026536723,3418.2288643112565,56,24.948558218648337,1.0
3.7799999999933362,8.780412531987304,5.169161153673247,293.9224973590899,3883.831061166951,58,24.95387848352001,1.0
3.7999999999932452,8.72181870750834,5.373346220708734,317.60134568365316,3950.919799525439,60,24.958659455120035,1.0
3.819999999993154,8.697638182823116,5.497071371468705,332.3957302932291,5409.5793446593425,54,24.96295432334611,1.0
3.839999999993063,8.693232206832764,5.525402371226223,335.830785003476,6555.508655438179,56,24.966811235138284,1.0
3.859999999992972,8.665628876728702,5.700579377848977,357.4626576747274,9569.237350188852,49,24.97027374388139,1.0
3.879999999992881,8.655433955230134,6.369541296859788,446.281619656425,13534.477621446511,50,24.973381222984546,1.0
3.89999999999279,8.71537227381632,7.65037527028293,643.8106595377227,12763.062595144711,53,24.976169245831898,1.0
3.919999999992699,8.715438867869704,8.754687961153607,843.0901742688469,12663.5843674543,56,24.978669934280095,1.0
3.939999999992608,8.675029760283067,9.814067167117141,1059.4750579675533,12441.162350272427,59,24.980912277833202,1.0
3.959999999992517,8.656632020604242,10.928067537074677,1313.6492610435193,11702.609171454873,52,24.98292242556089,1.0
3.979999999992426,8.688614571954437,11.908427715978755,1559.9171573336007,13862.60009978514,50,24.98472395274709,1.0
3.999999999992335,8.697707359234261,12.938377441594675,1841.4177190328255,7954.391565741179,57,24.986338104166816,1.0
4.019999999992466,8.65328314603921,13.459632217761609,1992.7786938114689,4179.964786917676,59,24.98778401579293,1.0
4.039999999992597,8.613873145810857,13.64664288923115,2048.539483608234,2817.9970240050397,64,24.989078916635197,1.0
4.059999999992728,8.590304289548936,13.581223834788357,2028.9460493568572,3993.5308416128673,60,24.99023831231242,1.0
4.079999999992859,8.537207869088046,13.828436917339081,2103.48234334509,3373.9931990693817,55,24.991276151858212,1.0
4.09999999999299,8.537394176909112,13.99981220019412,2155.942158047745,2798.414014998775,62,24.992204979159624,1.0
4.119999999993121,8.580001001275999,13.829380445060817,2103.7693984365355,3652.9209982743173,59,24.993036070333055,1.0
4.139999999993252,8.598645676188292,13.64488377202513,2048.0113846728223,2681.3620381021096,63,24.993779558246956,1.0
4.159999999993383,8.566638451253926,13.482265194841535,1999.4862226243902,2352.165388154038,59,24.99444454531141,1.0
4.179999999993514,8.561164180324807,13.401618316999992,1975.6371086600468,2370.3510223575868,62,24.99503920556941,1.0
4.199999999993645,8.604812953269558,13.331629753501518,1955.0558707289165,4067.6765499390153,60,24.995570877044127,1.0
4.219999999993776,8.585554808554102,13.185191771383796,1912.3421025298364,634.4734725994371,65,24.99604614521983,1.0
4.239999999993907,8.54021936716244,13.095811704277803,1886.5031261328947,1633.8484904457077,62,24.996470918463096,1.0
4.259999999994038,8.519933342813578,12.996364026738723,1857.960257070592,3052.2994230156064,65,24.99685049612344,1.0
4.279999999994169,8.53859422951788,12.845859516646254,1815.1771739355222,3265.6041369464833,60,24.99718962999132,1.0
4.2999999999943,8.53367223863091,12.758811450874159,1790.659966028533,2451.7652328097447,68,24.997492579732384,1.0
4.319999999994431,8.515914338935518,12.67726745777484,1767.8442121555267,2716.9520003296616,69,24.997763162863816,1.0
4.339999999994562,8.547435206406645,12.557181060719758,1734.510758108689,3133.1989348341253,63,24.99800479978897,1.0
4.3599999999946935,8.533377194611846,12.330307946111423,1672.4014345053236,2689.692928856492,68,24.998220554360667,1.0
4.3799999999948245,8.464530572923481,12.200124366918258,1637.2733802509988,3099.535077856757,66,24.998413170401253,1.0
4.3999999999949555,8.455102600963928,12.089672512801052,1607.7619961345501,2097.569760892447,69,24.998585104568388,1.0
4.4199999999950865,8.481566530036744,11.915385329868732,1561.7404831517608,915.3536955831354,64,24.99873855592109,1.0
4.4399999999952176,8.491070900438492,11.718461969046707,1510.5458601199343,1749.1466206467724,68,24.99887549250668,1.0
4.459999999995349,8.467330148221297,11.555915780910984,1468.9310848905827,2784.3817867690004,63,24.998997675260036,1.0
4.47999999999548,8.476275769412913,11.317668732157783,1408.9858808394815,4785.239888864246,70,24.99910667947936,1.0
4.499999999995611,8.517731737245327,10.68566638049251,1256.018125947067,8485.593836413413,68,24.99920391411744,1.0
4.519999999995742,8.455787764753936,10.067489438228863,1114.8977794773468,7030.7946608196535,68,24.99929063910507,1.0
4.539999999995873,8.369506593120024,9.567557252294847,1006.919669535337,6898.206833910172,66,24.99936798090252,1.0
4.559999999996004,8.332902483776303,8.977759113933837,886.6017457860428,7130.094306924535,68,24.99943694645549,1.0
4.579999999996135,8.329249263320191,8.198891001440307,739.4399501884873,7407.551754545046,65,24.999498435716184,1.0
4.599999999996266,8.345996027850642,7.416547372269214,605.0569241762472,5360.781698914081,67,24.999553252873557,1.0
4.619999999996397,8.390133180072763,6.980601853403603,536.01682459316,4228.126495919107,70,24.999602116422615,1.0
4.639999999996528,8.460166360704571,6.756298529807433,502.1232680626589,2542.2569520108696,66,24.999645668191317,1.0
4.659999999996659,8.461844600168696,6.696611863901348,493.2907150131871,2437.9165644594354,67,24.999684481429778,1.0
4.67999999999679,8.409345890284246,6.759808507700876,502.64512166863653,4606.874928057147,60,24.999719068058347,1.0
4.699999999996921,8.386621101767819,6.817020237175286,511.18941405463124,4086.572018088135,57,24.999749885159687,1.0
4.719999999997052,8.384796712474934,6.819520914861157,511.56452059051634,3403.967753874559,54,24.9997773407929,1.0
4.739999999997183,8.37482281200384,6.780377774029298,505.7087503440555,1605.264596948939,67,24.999801799198753,1.0
4.759999999997314,8.338382276719736,6.775214666022709,504.9388714775813,2119.9400701333034,56,24.99982358545949,1.0
4.779999999997445,8.378552229656938,6.77203357771514,504.4648265547145,2960.119964587266,51,24.999842989668608,1.0
4.799999999997576,8.427318894498306,6.620308021759927,482.1132613327672,2648.4754649885076,50,24.99986027066207,1.0
4.819999999997707,8.372863814472,6.40860078988923,451.7718049258575,3311.029079802653,56,24.99987565935607,1.0
4.839999999997838,8.302712790509105,6.229977319962285,426.938791479689,3755.9736321154023,53,24.99988936173217,1.0
4.859999999997969,8.2637929454924,6.101131466433546,409.461856877761,3196.3203798293653,65,24.99990156150677,1.0
4.8799999999981,8.249860332860212,6.050692518401556,402.7196794746462,3972.9031779474976,59,24.99991242251788,1.0
4.899999999998231,8.247059845884069,6.041608358229456,401.51134709650825,3624.1664833729346,57,24.999922090858426,1.0
4.919999999998362,8.277119329274795,6.0798743901747105,406.6135986033254,3076.021157414126,53,24.999930696782915,1.0
4.939999999998493,8.342961871578305,6.088128592707227,407.71840737473207,2096.3914314030494,48,24.999938356411285,1.0
4.959999999998624,8.349795676239879,6.031154031031526,400.12300840630604,2361.9937778571352,64,24.99994517325113,1.0
4.979999999998755,8.287929041093808,6.013622005972798,397.8001459379233,3549.0076720747516,52,24.999951239557397,1.0
4.999999999998886,8.239566858061595,6.039968435282158,401.29340569125276,5401.8575661961,63,24.999956637546987,1.0
5.019999999999017,8.22637093002839,6.0738620105049375,405.80979694920586,5306.817034930092,52,24.999961440483155,1.0
5.039999999999148,8.199998494554311,6.0947425647933775,408.60475624214575,3639.1510370601313,61,24.999965713643828,1.0
5.059999999999279,8.163649556675963,6.155707157381142,416.82003668176765,3465.7433212753485,51,24.999969515186233,1.0
5.07999999999941,8.196526741339207,6.229821864715728,426.9174851269916,4870.076096493917,60,24.999972896918468,1.0
5.099999999999541,8.25727243628252,6.120498391911139,412.0655062192552,7779.57848590412,53,24.99997590498814,1.0
5.119999999999672,8.190114695615524,5.698712820385446,357.2286059014799,8769.336849700503,55,24.999978580496936,1.0
5.139999999999803,8.088858054363204,5.505092962003864,333.36653372334933,5078.091977846647,52,24.999980960049015,1.0
5.159999999999934,8.046595466775367,5.646122848017782,350.6657353639928,3969.229162200205,63,24.999983076240067,1.0
5.180000000000065,8.009164923746894,5.862857823285975,378.10412041672123,5508.077609522173,57,24.99998495809369,1.0
5.2000000000001965,7.987155822301018,6.115618974625251,411.4087498707605,5732.036475954305,56,24.999986631450636,1.0
5.2200000000003275,8.036643023207825,6.309832539591965,437.95385345462944,5495.115502348953,55,24.999988119315915,1.0
5.2400000000004585,8.125349067565374,6.4077457806406155,451.6512658824937,8417.652888925883,54,24.99998944216813,1.0
5.2600000000005895,8.143195888225726,6.257441437895807,430.71130683565093,9917.556422574655,56,24.99999061823542,1.0
5.280000000000721,8.051188556127409,6.32270707455441,439.7428722568243,9623.49188003753,52,24.99999166374166,1.0
5.300000000000852,7.964845395956373,6.970622633526058,534.4853788892833,9434.418380534404,55,24.999992593125416,1.0
5.320000000000983,7.93283618153353,7.694340246221834,651.2315900709199,8488.845740991535,57,24.999993419235434,1.0
5.340000000001114,7.896254962809392,7.952284331382662,695.6270869586962,4593.886841251003,55,24.999994153505053,1.0
5.360000000001245,7.868622082608256,7.872916513277594,681.8109586754292,6317.499021532451,50,24.99999480610705,1.0
5.380000000001376,7.9015286982300195,7.841388247734396,676.361066168778,6503.3409373799905,54,24.99999538609218,1.0
5.400000000001507,8.022688361641503,7.6357495483044735,641.3513828087517,9319.813786592256,48,24.99999590151213,1.0
5.420000000001638,8.013418062537273,7.290733125668415,584.702684606906,8851.446615640998,56,24.9999963595295,1.0
5.440000000001769,7.935504992240901,7.387457677514349,600.3198403077228,7887.145011871536,56,24.999996766515427,1.0
5.4600000000019,7.835629964784847,7.919479812491528,689.8997655050694,8699.99107131671,56,24.99999712813652,1.0
5.480000000002031,7.783308746060329,8.681601972191512,829.0723408391551,7146.89394798356,48,24.99999744943271,1.0
5.500000000002162,7.750749441678061,9.551336028327734,1003.5082191863455,8559.50280830863,50,24.99999773488608,1.0
5.520000000002293,7.745496709233739,9.98109424706993,1095.844666057817,4433.440857308002,53,24.99999798848225,1.0
5.540000000002424,7.810117734406349,9.97536944205231,1094.587950559741,4205.340770049326,56,24.999998213765302,1.0
5.560000000002555,7.9039110919006,9.827861968870149,1062.4555796708066,5006.829603609836,54,24.999998413886555,1.0
5.580000000002686,7.885101213595254,9.660018242014626,1026.4754767966087,6009.036648292557,57,24.999998591647703,1.0
5.600000000002817,7.761657285823412,9.308454993646542,953.1206780561757,5945.417493333609,49,24.999998749539518,1.0
5.620000000002948,7.65911932269575,9.19455485791918,929.938229388137,3484.6742301794566,50,24.999998889776357,1.0
5.640000000003079,7.614167298826165,9.166061579589716,924.1835336891378,3207.7196412403105,50,24.999999014326562,1.0
5.66000000000321,7.562631580538189,9.158379699884344,922.6351059997901,1983.472003334906,55,24.999999124939695,1.0
5.680000000003341,7.52954100273229,9.166956735434429,924.3640536825931,3627.815253097476,36,24.999999223170924,1.0
5.700000000003472,7.5606677169322865,9.442479073952642,980.764521682369,5830.697394728894,51,24.999999310402377,1.0
5.720000000003603,7.708332546769009,9.496410615358192,991.9999603303652,2881.0680350246084,43,24.99999938786242,1.0
5.740000000003734,7.695697199432666,9.326066948931222,956.7307720954204,4110.246193260534,52,24.9999994566426,1.0
5.760000000003865,7.620404919123548,9.005498133523673,892.088962961882,5254.151005679271,47,24.999999517713004,1.0
5.780000000003996,7.475317147328999,8.860373147576032,863.5683354571504,4574.751657008338,42,24.999999571935565,1.0
5.800000000004127,7.433595153745643,8.837147406149265,859.0469170581175,5379.815772771596,52,24.99999962007607,1.0
5.820000000004258,7.392266492271219,8.859408513486905,863.3803112972867,8652.003862290223,52,24.99999966281499,1.0
5.840000000004389,7.365446287369339,8.763480378882166,844.7844718615798,6799.286360694282,47,24.999999700756902,1.0
5.86000000000452,7.3858049687256795,8.635458343411308,820.2825488087118,5058.960811490276,46,24.999999734438866,1.0
5.880000000004651,7.505325331129029,8.483509769250736,791.6693180546995,2302.7219207497924,40,24.999999764338025,1.0
5.900000000004782,7.542098093308374,8.057883645505573,714.224377289568,5892.52556009671,42,24.999999790878167,1.0
5.920000000004913,7.454113744476159,6.891177614645146,522.37161808245,9193.122185445669,45,24.999999814435736,1.0
5.940000000005044,7.2043877394996585,6.354087882337656,444.1187609811726,5521.580360881245,46,24.999999835345182,1.0
5.960000000005175,7.156944143541238,6.246679247593107,429.23101784541427,9007.881379764254,50,24.999999853903407,1.0
5.980000000005306,7.125423209084403,5.863355284239609,378.16828708142606,12122.82605599082,53,24.99999987037428,1.0
6.000000000005437,7.110029897684983,5.303108271989999,309.35253078893635,11539.145185657444,41,24.999999884992,1.0
6.0200000000055685,7.141795842823052,5.040560079352053,279.4797050491333,4960.414798548177,41,24.999999897964578,1.0
6.0400000000056995,7.312294724857955,5.118042653738096,288.13796666030737,2667.2801268590993,42,24.9999999094768,1.0
6.0600000000058305,7.3942062756641755,5.199441546884154,297.37611639411597,4683.482463181855,39,24.99999991969267,1.0
6.0800000000059615,7.320221692569982,5.2201675201594915,299.75163832380906,2070.4449995153195,48,24.99999992875788,1.0
6.1000000000060925,7.136656594917892,5.177177316578007,294.83481464018837,9172.618790095925,41,24.999999936801753,1.0
6.120000000006224,6.8731505851360595,4.967642214863846,271.4521609238712,11376.63396767389,48,24.999999943939134,1.0
6.140000000006355,6.8717735667679865,2.964839661948112,96.69301643166654,18866.146018071075,40,24.999999950271913,1.0
6.160000000006486,6.8064356409336835,0.6507024660164688,4.657550692079051,14060.095596016376,47,24.999999955890637,1.0
6.180000000006617,6.813643166078418,0.6751663306426418,5.014345314367939,4875.656733430612,44,24.999999960875666,1.0
6.200000000006748,6.867902324718053,1.1981987792335522,15.792483460124524,7171.348740574647,50,24.999999965298322,1.0
6.220000000006879,6.9849253036134495,4.343351501912614,207.51172496083217,22610.37991889395,37,24.999999969221907,1.0
6.24000000000701,6.9851795620938555,5.548331689502946,338.6238299041688,4465.111264899159,35,24.999999972702653,1.0
6.260000000007141,5.980008811621648,4.795170128533884,252.9302221774203,16437.825528840076,35,24.999999975790434,1.0
6.280000000007272,5.980903133400716,-1.4812449958204978,24.134954114075935,25414.663190857398,29,24.99999997852954,1.0
6.300000000007403,6.0849705989154,-1.9279583314397513,40.88725660544745,5552.647622375239,40,24.999999980959263,1.0
6.320000000007534,6.1427009160834904,-1.2816734617038448,18.069555486795085,8007.37439224998,40,24.9999999831145,1.0
6.340000000007665,6.177798080454621,0.20464361065031358,0.4606690811799685,18952.96120886742,43,24.99999998502616,1.0
6.360000000007796,6.224535100180321,4.265526549566296,200.14188419560446,29108.678307691203,36,24.999999986721765,1.0
6.380000000007927,6.26604290546296,9.816809413893472,1060.0672177557824,27339.6343681154,38,24.99999998822568,1.0
6.400000000008058,6.3244903048947085,13.532135617328358,2014.305638023434,16070.06116584121,42,24.999999989559527,1.0
6.420000000008189,6.356513879983635,13.482191566428254,1999.4643837725603,4595.346048978663,40,24.999999990742506,1.0
6.44000000000832,6.09172168674031,12.488172917960979,1715.4990911178345,966.3684916566618,56,24.99999999179164,1.0
6.460000000008451,5.126951145787736,11.886851245341777,1554.269557817717,8342.990720825987,52,24.99999999272207,1.0
6.480000000008582,5.059955319078607,10.672172696344083,1252.8479706665134,10839.304112891139,49,24.999999993547203,1.0
6.500000000008713,5.02749687693721,7.0287007034772,543.4289693696697,14048.305637926454,43,24.999999994278934,1.0
6.520000000008844,5.003230617875925,6.197022458803361,422.43396090404576,2037.3369771481996,46,24.9999999949278,1.0
6.540000000008975,5.105904199480473,6.392040537578081,449.44000457445634,2823.375420728968,44,24.99999999550319,1.0
6.560000000009106,5.300729878736563,6.6381900080906,484.7212324186527,4069.251223020591,42,24.999999996013404,1.0
6.580000000009237,5.4539960658940485,7.067218873285897,549.4014086322123,3421.0436279774217,45,24.99999999646581,1.0
6.600000000009368,5.480314776237201,7.342773069874983,593.0794799124942,2129.909375245111,39,24.999999996866947,1.0
6.620000000009499,5.590667828244452,7.334229854433993,591.7002031343795,2856.182332928584,29,24.999999997222613,1.0
6.64000000000963,5.042997992257526,6.75235404485484,501.53713661774276,37478.743268814265,38,24.99999999753796,1.0
6.660000000009761,4.191283888168039,-1.630220567608099,29.233810089577197,48630.325434686405,28,24.999999997817554,1.0
6.680000000009892,4.22678696340947,-6.590163529046992,477.7328087353922,6649.718242331054,40,24.999999998065455,1.0
6.700000000010023,4.131876672523942,-5.47550748880019,329.7930048589766,4618.015466193478,37,24.99999999828523,1.0
6.720000000010154,4.09894681322213,-4.922812844713466,266.57494934483475,2147.009729226251,56,24.999999998480053,1.0
6.740000000010285,4.095438686482119,-4.348693405689548,208.0224777035653,4725.95247075227,39,24.999999998652793,1.0
6.760000000010416,4.095268084749346,-3.760044294846111,155.51726409125266,3358.2143634192903,31,24.999999998805897,1.0
6.780000000010547,4.053959470417171,-3.5123373427486344,135.70164970193193,337.8047229749112,55,24.99999999894164,1.0
6.800000000010678,3.994665911900613,-3.261112889889755,116.9834300866562,1067.7276845738488,44,24.999999999061973,1.0
6.820000000010809,3.9357951484493845,-2.9957628581351567,98.72054612400335,1914.617787696764,46,24.999999999168665,1.0
6.84000000001094,3.840907333907852,-2.5911276583015677,73.85336795776902,4150.0551456041685,44,24.999999999263185,1.0
6.8600000000110715,3.7856074636363988,-1.7863612668899926,35.10195233429302,7052.370893203859,43,24.999999999347022,1.0
6.8800000000112025,3.8210964497386057,-0.8154079523549346,7.31379141640034,5206.178580617762,42,24.99999999942131,1.0
6.9000000000113335,3.8459760923964676,-0.34791723978449857,1.331510463131907,2300.198303995373,31,24.99999999948714,1.0
6.9200000000114645,3.847220568754474,-0.24465068660336275,0.658393543010465,982.5041747936765,54,24.9999999995455,1.0
6.940000000011596,3.837723492266258,-0.2264992475491729,0.5643210005437566,3314.305610418761,43,24.99999999959727,1.0
6.960000000011727,3.6996090807250392,0.04383521052777026,0.021136782502153346,6805.125737486757,37,24.999999999643098,1.0
6.980000000011858,3.5007273553111404,0.6504199460407388,4.653507168284014,8306.82706411087,37,24.999999999683784,1.0
7.000000000011989,3.423521719834318,1.2016519225432079,15.883640772469665,8467.342108836354,47,24.99999999971972,1.0
7.02000000001212,3.428344001486037,1.6573261664961212,30.214030243680018,10921.733596703312,41,24.999999999751637,1.0
7.040000000012251,3.490740101110379,2.431793796693738,65.0498317660196,16468.71031261566,38,24.999999999779913,1.0
7.060000000012382,3.5898478884521943,4.1665078812050895,190.95766716558538,24191.723793811994,39,24.999999999805016,1.0
7.080000000012513,3.6541830314815393,6.767086008699643,503.7279835405231,24592.975850958428,46,24.99999999982722,1.0
7.100000000012644,3.71605258669578,8.98146544220062,887.3339363838837,14901.788877803647,38,24.999999999846995,1.0
7.120000000012775,3.7426602608998887,9.814238138610701,1059.5119726549692,1681.5867528479152,31,24.99999999986435,1.0
7.140000000012906,3.75849256542367,9.658427312817972,1026.1373997268702,1731.8305131772686,47,24.999999999879787,1.0
7.160000000013037,3.712340476902263,9.43841793320583,979.9210639004755,3529.4770968071684,49,24.99999999989351,1.0
7.180000000013168,3.6418168898184358,9.225904396876226,936.290431343301,1941.0396282553588,53,24.999999999905786,1.0
7.200000000013299,3.5882576036840526,9.03026876356881,897.0032933651521,2546.4896187201616,42,24.999999999916444,1.0
7.22000000001343,3.5348419197817362,8.84654328797309,860.8746096057989,2636.2556189773645,45,24.99999999992584,1.0
7.240000000013561,3.4537823535374383,8.674091517966264,827.6385002825972,3295.3072475879767,35,24.999999999934634,1.0
7.260000000013692,3.39582002419799,8.52632291284272,799.6800065547343,1602.0096217140829,33,24.99999999994174,1.0
7.280000000013823,3.3539692726804495,8.365015199455451,769.7082721583279,2996.949142629011,43,24.999999999948844,1.0
7.300000000013954,3.243521768431634,8.129245997358593,726.9310453412777,4621.740895474495,41,24.99999999995422,1.0
7.320000000014085,3.139149566568099,7.904358690755488,687.2677494333399,2388.574154792369,41,24.99999999995955,1.0
7.340000000014216,3.03151095777189,7.719750987563157,655.5401084098057,3705.8653987047023,38,24.99999999996453,1.0
7.360000000014347,2.9285568993367725,7.536472270074812,624.7825570536725,5274.106474283609,33,24.999999999968082,1.0
7.380000000014478,2.8858551652862188,7.390848856653079,600.8711150407914,3310.7159590424326,36,24.999999999971635,1.0
7.400000000014609,2.809572598514708,7.269559571490057,581.3114599978697,4455.685496151848,32,24.999999999975188,1.0
7.42000000001474,2.7738473581634335,7.134681877246719,559.9405403846405,1858.6280157381818,35,24.99999999997874,1.0
7.440000000014871,2.756349062964545,6.963336076445184,533.3685424487531,2473.3472811007427,43,24.999999999980545,1.0
7.460000000015002,2.735716650215131,6.819932200026346,511.6262273425182,3847.4686194849296,32,24.99999999998232,1.0
7.480000000015133,2.7575743570586915,6.690656395410942,492.4137130159868,1710.4036777242766,37,24.999999999984098,1.0
7.500000000015264,2.758821497447268,6.575396006860521,475.5941591174101,2100.3740031616494,49,24.999999999985874,1.0
7.520000000015395,2.7607248529407107,6.507039702647188,465.7572226100949,2492.0511610489684,37,24.99999999998765,1.0
7.540000000015526,2.7953642978167252,6.471541894632692,460.68939943384703,1408.972585141151,51,24.999999999989427,1.0
7.560000000015657,2.8355565088123034,6.444062195380049,456.7853133571897,2018.7012756838083,43,24.999999999991203,1.0
7.580000000015788,2.8847150741689385,6.4209752441967956,453.51815395246905,3176.3492906889874,47,24.99999999999298,1.0
7.600000000015919,2.9458427514090606,6.3915497778569295,449.3709941910526,2613.315646951897,39,24.99999999999447,1.0
7.62000000001605,2.984531305331088,6.348913375077837,443.3957114866647,1927.4611437618526,38,24.99999999999447,1.0
7.640000000016181,3.0032739232590093,6.280528771546421,433.89545815244634,1320.7696378151868,42,24.99999999999447,1.0
7.660000000016312,2.9998605982612676,6.182204741636574,420.41621014265115,1374.9609105788838,35,24.99999999999447,1.0
7.6800000000164435,2.9200400008428726,6.0184750669578255,398.442463447523,4396.393451791946,30,24.99999999999447,1.0
7.7000000000165745,2.757576015584996,5.835589335876647,374.5951318669697,3378.757171993237,48,24.99999999999447,1.0
7.7200000000167055,2.6404556818223206,5.641211099336024,350.0558893399915,2932.2308759429375,39,24.99999999999447,1.0
7.7400000000168365,2.5555967468799152,5.422412288728631,323.42810531850796,2654.5261290266585,39,24.99999999999447,1.0
7.7600000000169675,2.4615230953776677,5.054873636515649,281.0692222925503,5089.4833872480785,26,24.99999999999447,1.0
7.780000000017099,2.3753567595760123,3.2896968353505254,119.04315795366789,16270.844211106592,26,24.99999999999447,1.0
7.80000000001723,2.3349682229925333,0.6689206596299734,4.922003337677785,18365.086626912154,27,24.99999999999447,1.0
7.820000000017361,2.312850369615055,-0.9661643027430422,10.268208058844438,7683.186480882128,23,24.99999999999447,1.0
7.840000000017492,2.311573005531757,-1.1096423642033857,13.54436794078367,1193.9888452269645,49,24.99999999999447,1.0
7.860000000017623,2.2818417078560356,-0.923752039279244,9.38649613079818,2163.3998544859255,31,24.99999999999447,1.0
7.880000000017754,2.242694703227758,-0.7695054508826938,6.5135250283199575,1402.6503164288204,34,24.99999999999447,1.0
7.900000000017885,2.2295404641927075,-0.6136126012738715,4.14172466886296,2680.615688556813,40,24.99999999999447,1.0
7.920000000018016,2.2170541909213815,-0.4670165179290597,2.399148708204421,2375.3693694687677,35,24.99999999999447,1.0
7.940000000018147,2.211821058969871,-0.35351219496348024,1.3746795918668744,2308.70748300589,48,24.99999999999447,1.0
7.960000000018278,2.181422243030397,-0.25813404517736815,0.7329650380759469,2769.2872125268386,34,24.99999999999447,1.0
7.980000000018409,2.176461678818031,-0.07701523576437436,0.06524481193826384,3296.5694662512456,30,24.99999999999447,1.0
8.00000000001854,2.2291918155886177,0.1311331444239249,0.1891549172315654,2162.413850609414,36,24.99999999999447,1.0
8.02000000001867,2.292508270350281,0.26904742006761695,0.7962516566954481,1639.4641300167607,25,24.99999999999447,1.0
8.040000000018802,2.330153081268761,0.40600854133091563,1.813272291970236,2070.707530893068,34,24.99999999999447,1.0
8.060000000018933,2.386515053670476,0.5212846671343526,2.989114746083101,1914.0036247516502,41,24.99999999999447,1.0
8.080000000019064,2.433752567836625,0.6056567780400951,4.035021460644999,1744.0353200813104,36,24.99999999999447,1.0
8.100000000019195,2.471361528175346,0.678238413343931,5.060080798688222,2452.519650143746,36,24.99999999999447,1.0
8.120000000019326,2.4981114358808885,0.7649957023336508,6.4374026704785114,2556.7047895180435,24,24.99999999999447,1.0
8.140000000019457,2.5120839416809893,0.8226265132396386,7.443858183132859,1379.5289912670653,38,24.99999999999447,1.0
8.160000000019588,2.502259442653284,0.8614404922339638,8.162876938263231,1076.1595523996502,36,24.99999999999447,1.0
8.180000000019719,2.4478281136592672,0.8887986904273542,8.689594233159177,3469.8786943419873,26,24.99999999999447,1.0
8.20000000001985,2.3281794929945394,0.9061828874476452,9.032841680532467,4784.574396821165,39,24.99999999999447,1.0
8.220000000019981,2.186268506216061,0.9126328541721783,9.161885991659021,4948.327519595645,29,24.99999999999447,1.0
8.240000000020112,2.0937560389225602,0.902027797035188,8.950195612865697,4082.749057860595,42,24.99999999999447,1.0
8.260000000020243,2.0121784932838254,0.8641206110911769,8.213748735638479,4401.361639352886,33,24.99999999999447,1.0
8.280000000020374,1.8956252120198285,0.7740046215523533,6.589914696028417,5105.261092165276,32,24.99999999999447,1.0
8.300000000020505,1.8352664177558473,0.6186168408444285,4.20955475353975,5076.992956736514,33,24.99999999999447,1.0
8.320000000020636,1.7876644440288583,0.3782616310113129,1.5739004764487248,4193.323122028616,34,24.99999999999447,1.0
8.340000000020767,1.7469582828930355,0.22262107600051656,0.5451615782759055,2874.6657567772795,37,24.99999999999447,1.0
8.360000000020898,1.715839894640295,0.13280405183318414,0.19400607801642167,2489.1236490908473,42,24.99999999999447,1.0
8.38000000002103,1.6557815754579506,0.07479541203375288,0.06153789027428752,2736.407376366498,34,24.99999999999447,1.0
8.40000000002116,1.6235940494364274,0.155157013813082,0.26481068828932214,2471.5122622716262,46,24.99999999999447,1.0
8.420000000021291,1.5940184191047024,0.25392962636611144,0.7092828066107626,2972.166394872908,34,24.99999999999447,1.0
8.440000000021422,1.580613830263036,0.33193383574958435,1.2119807844697525,1888.4853133110944,50,24.99999999999447,1.0
8.460000000021553,1.5437167437804085,0.3855101201075594,1.6347985797587938,3528.2870468821266,35,24.99999999999447,1.0
8.480000000021684,1.5043157353602827,0.44202550048826744,2.1492519739009364,2541.3390293691805,34,24.99999999999447,1.0
8.500000000021815,1.4894571438798894,0.503993896056379,2.7941083198829704,2045.5488526591926,47,24.99999999999447,1.0
8.520000000021946,1.4657413863375726,0.5631500291461032,3.488517508599826,2087.061912041115,40,24.99999999999447,1.0
8.540000000022077,1.4595326085464295,0.6149989965991605,4.160461423997716,1281.584092147495,41,24.99999999999447,1.0
8.560000000022209,1.4534219190470832,0.6644398503382088,4.856283461892075,1290.2381758753081,41,24.99999999999447,1.0
8.58000000002234,1.4667799577805545,0.6998829230706265,5.38819716606473,2617.88456541943,34,24.99999999999447,1.0
8.60000000002247,1.5075804518961513,0.7534067751053273,6.243839456520702,2291.2983165999162,43,24.99999999999447,1.0
8.620000000022602,1.5600903866127271,0.9383200344542739,9.684889357640968,2073.644653188894,27,24.99999999999447,1.0
8.640000000022733,1.591154034111476,1.1018413105494598,13.354597009966861,1326.7032224570223,25,24.99999999999447,1.0
8.660000000022864,1.6265851721396472,1.2120263740258943,16.159087244677927,1930.0078765416467,41,24.99999999999447,1.0
8.680000000022995,1.6551308028057998,1.4700777326631351,23.772413940791825,4571.8688242425105,28,24.99999999999447,1.0
8.700000000023126,1.6881668393279423,1.8903276516341498,39.30672493585948,5868.197210134565,43,24.99999999999447,1.0
8.720000000023257,1.7257625676842039,2.28257907964894,57.31183980336102,5296.94009412217,34,24.99999999999447,1.0
8.740000000023388,1.7519674067148219,2.5529202766662538,71.69142132915073,3382.8926009871857,27,24.99999999999447,1.0
8.760000000023519,1.7793361626380375,2.7299077894707575,81.9763619291443,3413.091212999287,43,24.99999999999447,1.0
8.78000000002365,1.7897989627023698,3.0008097265525864,99.05344916469869,5017.111572356306,31,24.99999999999447,1.0
8.80000000002378,1.796015720911064,3.3456200755092973,123.12491058615919,4708.269680390691,42,24.99999999999447,1.0
8.820000000023912,1.8111027993954039,3.5374423015464855,137.64847840447547,3010.3742991258873,26,24.99999999999447,1.0
8.840000000024043,1.8175999611985918,3.5174839394560307,136.0996259076423,2453.0183299625287,25,24.99999999999447,1.0
8.860000000024174,1.8037776374567847,3.442478678426077,130.35725396559965,1473.5452726212952,43,24.99999999999447,1.0
8.880000000024305,1.767515743577274,3.360698094670928,124.23720851877289,3123.301550364796,32,24.99999999999447,1.0
8.900000000024436,1.7198451926012313,3.2829691005242383,118.55674726496619,3290.161809995875,31,24.99999999999447,1.0
8.920000000024567,1.6585950137298395,3.192220810834169,112.09301075635035,3814.7328077266666,21,24.99999999999447,1.0
8.940000000024698,1.5492448028816115,3.0915795755161817,105.13650698923695,4748.874083961193,30,24.99999999999447,1.0
8.960000000024829,1.4031024678904769,3.002387895676974,99.15766383718369,5757.957454485064,28,24.99999999999447,1.0
8.98000000002496,1.2712921507153774,2.8676371635988893,90.45677192258832,5561.829419349479,26,24.99999999999447,1.0
9.000000000025091,1.1927256754373798,2.2364159145125675,55.01711756953591,8405.691044776113,28,24.99999999999447,1.0
9.020000000025222,1.1376443527469613,-0.06161629096656107,0.041762240437235074,12852.309261293138,26,24.99999999999447,1.0
9.040000000025353,1.1096983275870176,-1.4509361367372346,23.157372401789683,6275.7514726129475,31,24.99999999999447,1.0
9.060000000025484,1.1112200683513214,-1.305452578729709,18.746270788432522,1199.690261324989,45,24.99999999999447,1.0
9.080000000025615,1.0806182999113036,-1.150977167550826,14.572232842456545,2810.3826978630927,43,24.99999999999447,1.0
9.100000000025746,1.016347769784161,-1.0405240610496573,11.909593537855981,3187.939021757947,42,24.99999999999447,1.0
9.120000000025877,0.9786219830447476,0.0,0.0,2462.7548388696437,43,24.99999999999447,1.0
9.140000000026008,0.9602765335238275,0.0,0.0,2034.2745907511592,45,24.99999999999447,1.0
9.16000000002614,0.9285300929360797,0.0,0.0,2383.589977742485,36,24.99999999999447,1.0
9.18000000002627,0.885332563465675,0.0,0.0,2265.3700629678415,33,24.99999999999447,1.0
9.200000000026401,0.8581054563647498,0.0,0.0,1755.8837378395654,35,24.99999999999447,1.0
9.220000000026532,0.8315942014015124,0.0,0.0,1897.7775627811159,44,24.99999999999447,1.0
9.240000000026663,0.8092087378039308,0.0,0.0,1695.3585994531204,32,24.99999999999447,1.0
9.260000000026794,0.784039554789478,0.0,0.0,1772.8580736907445,25,24.99999999999447,1.0
9.280000000026925,0.7573351813049753,0.0,0.0,2104.140119454475,29,24.99999999999447,1.0
9.300000000027056,0.7327329053615101,0.0,0.0,1997.50206032399,30,24.99999999999447,1.0
9.320000000027187,0.7138326971017394,0.0,0.0,1665.2107248234786,29,24.99999999999447,1.0
9.340000000027318,0.7026619160069406,0.0,0.0,1290.5241073669122,28,24.99999999999447,1.0
9.36000000002745,0.6991676704331327,0.0,0.0,1681.2081198460903,42,24.99999999999447,1.0
9.38000000002758,0.6974769182087905,0.0,0.0,3517.9170362831373,32,24.99999999999447,1.0
9.400000000027712,0.7189039497068602,0.0,0.0,4789.441833822135,27,24.99999999999447,1.0
9.420000000027843,0.769826734398742,0.0,0.0,5704.153810716818,38,24.99999999999447,1.0
9.440000000027974,0.8303835407675841,0.0,0.0,6976.544659030834,33,24.99999999999447,1.0
9.460000000028105,0.885526932500294,0.0,0.0,8343.606308738079,32,24.99999999999447,1.0
9.480000000028236,0.9428082415611844,0.0,0.0,10290.377302372965,29,24.99999999999447,1.0
9.500000000028367,0.9873740716764235,0.0,0.0,11629.641453376813,28,24.99999999999447,1.0
9.520000000028498,1.0137876068791396,0.0,0.0,10818.482531671896,29,24.99999999999447,1.0
9.540000000028629,1.024661776138509,0.0,0.0,8626.051080307147,29,24.99999999999447,1.0
9.56000000002876,1.0251155294068752,0.0,0.0,6397.405352878018,30,24.99999999999447,1.0
9.58000000002889,1.0068590548620513,0.0,0.0,4986.2040769807745,31,24.99999999999447,1.0
9.600000000029022,0.9736876536835609,0.0,0.0,4828.086902063,28,24.99999999999447,1.0
9.620000000029153,0.9382273957021882,0.0,0.0,4231.555990021265,37,24.99999999999447,1.0
9.640000000029284,0.9209291915352809,0.0,0.0,4114.66156455234,30,24.99999999999447,1.0
9.660000000029415,0.9244897264664619,0.0,0.0,4982.551427094771,33,24.99999999999447,1.0
9.680000000029546,0.9364803778077312,0.0,0.0,6764.647933886173,28,24.99999999999447,1.0
9.700000000029677,0.9725622883889148,0.0,0.0,9134.008279802447,29,24.99999999999447,1.0
9.720000000029808,1.0190481838746326,0.0,0.0,10431.803700374921,32,24.99999999999447,1.0
9.740000000029939,1.0558116299023987,0.0,0.0,11104.982818977944,30,24.99999999999447,1.0
9.76000000003007,1.0778726875604576,0.0,0.0,10991.789585058728,28,24.99999999999447,1.0
9.780000000030201,1.0999343539068263,0.0,0.0,10820.655519155926,30,24.99999999999447,1.0
9.800000000030332,1.1160607728163805,0.0,0.0,10523.708637500124,26,24.99999999999447,1.0
9.820000000030463,1.1019995839997918,0.0,0.0,9283.002916662981,26,24.99999999999447,1.0
9.840000000030594,1.0601915992025426,0.0,0.0,6343.100312692392,26,24.99999999999447,1.0
9.860000000030725,1.0123503564038083,0.0,0.0,3891.7895341937706,31,24.99999999999447,1.0
9.880000000030856,0.9522011442053688,0.0,0.0,4106.248764114733,28,24.99999999999447,1.0
9.900000000030987,0.9022611879942661,0.0,0.0,5052.8576268309735,27,24.99999999999447,1.0
9.920000000031118,0.8705679778692269,0.0,0.0,4919.907155475297,28,24.99999999999447,1.0
9.94000000003125,0.8474054227452223,0.0,0.0,4436.4825184644515,26,24.99999999999447,1.0
9.96000000003138,0.8332219098622973,0.0,0.0,3733.068504547402,22,24.99999999999447,1.0
9.980000000031511,0.8097922451133318,0.0,0.0,3096.638436736302,26,24.99999999999447,1.0
10.000000000031642,0.7763058720632409,0.0,0.0,2735.45311708817,22,24.99999999999447,1.0
10.020000000031773,0.7406566589961227,0.0,0.0,2862.686881712831,24,24.99999999999447,1.0
10.040000000031904,0.7091621009420225,0.0,0.0,3045.0729323037544,19,24.99999999999447,1.0
10.060000000032035,0.6680215103391346,0.0,0.0,3180.183058603094,28,24.99999999999447,1.0
10.080000000032166,0.6144796137845564,0.0,0.0,2639.975263160489,43,24.99999999999447,1.0
10.100000000032297,0.5541221212159757,0.0,0.0,2476.2100095546202,31,24.99999999999447,1.0
10.120000000032428,0.5031129978667096,0.0,0.0,2590.79113041657,32,24.99999999999447,1.0
10.14000000003256,0.45335081158857343,0.0,0.0,2747.9825216847858,39,24.99999999999447,1.0
10.16000000003269,0.40581161088757967,0.0,0.0,2771.9857147124917,38,24.99999999999447,1.0
10.180000000032821,0.361044603197584,0.0,0.0,2600.2027656213154,34,24.99999999999447,1.0
10.200000000032952,0.318142402219349,0.0,0.0,2995.2098510740257,32,24.99999999999447,1.0
10.220000000033084,0.28243364681379457,0.0,0.0,3086.955084475454,37,24.99999999999447,1.0
10.240000000033215,0.2507998518477367,0.0,0.0,3438.9410085697737,24,24.99999999999447,1.0
10.260000000033346,0.22126776480551402,0.0,0.0,3497.802295608449,25,24.99999999999447,1.0
10.280000000033477,0.17670093109849871,0.0,0.0,3160.402951847176,38,24.99999999999447,1.0
10.300000000033608,0.12788822215531592,0.0,0.0,2438.0189012707765,36,24.99999999999447,1.0
10.320000000033739,0.06885487431624895,0.0,0.0,2881.4278024682117,30,24.99999999999447,1.0
10.34000000003387,0.0129394446861964,0.0,0.0,2918.49702244029,31,24.99999999999447,1.0
10.360000000034,-0.037767630619091844,0.0,0.0,2718.864151762123,30,24.99999999999447,1.0
10.380000000034132,-0.07892637771799768,0.0,0.0,2336.2259867996727,32,24.99999999999447,1.0
10.400000000034263,-0.11841313799981988,0.0,0.0,3142.3533213685473,29,24.99999999999447,1.0
10.420000000034394,-0.13937493898168735,0.0,0.0,3323.41715209778,42,24.99999999999447,1.0
10.440000000034525,-0.15869117711284986,0.0,0.0,3568.3623693285244,40,24.99999999999447,1.0
10.460000000034656,-0.16488670551222645,0.0,0.0,3009.846899407801,28,24.99999999999447,1.0
10.480000000034787,-0.1667584945137041,0.0,0.0,2820.175067148087,32,24.99999999999447,1.0
10.500000000034918,-0.17198968945949622,0.0,0.0,3317.906673506564,40,24.99999999999447,1.0
10.520000000035049,-0.17444995540182068,0.0,0.0,3799.4840621300636,36,24.99999999999447,1.0
10.54000000003518,-0.17260977620455026,0.0,0.0,3428.40293978012,37,24.99999999999447,1.0
10.560000000035311,-0.17533792562575387,0.0,0.0,3061.204284296679,36,24.99999999999447,1.0
10.580000000035442,-0.18709463320216466,0.0,0.0,3445.255794213338,37,24.99999999999447,1.0
10.600000000035573,-0.19491964942832954,0.0,0.0,5142.845300432793,32,24.99999999999447,1.0
10.620000000035704,-0.1676097332358677,0.0,0.0,7418.507608763692,35,24.99999999999447,1.0
10.640000000035835,-0.10839918657840335,0.0,0.0,9009.590738862984,37,24.99999999999447,1.0
10.660000000035966,-0.060916707876339224,0.0,0.0,8320.128697799404,32,24.99999999999447,1.0
10.680000000036097,-0.0204218700856158,0.0,0.0,6934.207997469281,33,24.99999999999447,1.0
10.700000000036228,0.015451600148947975,0.0,0.0,6264.417594787883,36,24.99999999999447,1.0
10.720000000036359,0.05450046003544895,0.0,0.0,5799.554566636517,32,24.99999999999447,1.0
10.74000000003649,0.08451384557266889,0.0,0.0,4228.512796384341,31,24.99999999999447,1.0
10.760000000036621,0.10368567469450674,0.0,0.0,2693.9976676818846,31,24.99999999999447,1.0
10.780000000036752,0.07022681354087931,0.0,0.0,6649.931720092221,39,24.99999999999447,1.0
10.800000000036883,-0.025093066495319404,0.0,0.0,4132.876737821905,35,24.99999999999447,1.0
10.820000000037014,-0.08779652659445905,0.0,0.0,2717.8891125806563,33,24.99999999999447,1.0
10.840000000037145,-0.13462353562339957,0.0,0.0,3178.466764872372,33,24.99999999999447,1.0
10.860000000037276,-0.18073986447201776,0.0,0.0,2791.679032282009,30,24.99999999999447,1.0
10.880000000037407,-0.221868001713001,0.0,0.0,2923.016670344093,24,24.99999999999447,1.0
10.900000000037538,-0.25362707177389643,0.0,0.0,3086.60973133824,30,24.99999999999447,1.0
10.92000000003767,-0.27174754367904014,0.0,0.0,2928.8974834149885,29,24.99999999999447,1.0
10.9400000000378,-0.28060608759003147,0.0,0.0,3059.7660394617974,34,24.99999999999447,1.0
10.960000000037931,-0.2930793773334264,0.0,0.0,3400.0400637245143,27,24.99999999999447,1.0
10.980000000038062,-0.29793335670154064,0.0,0.0,2262.629171759854,32,24.99999999999447,1.0
11.000000000038193,-0.2996455041081908,0.0,0.0,2635.0183733233753,40,24.99999999999447,1.0
11.020000000038324,-0.30120224413299246,0.0,0.0,2219.232118930869,28,24.99999999999447,1.0
11.040000000038455,-0.296031807726284,0.0,0.0,2000.7946290689513,33,24.99999999999447,1.0
11.060000000038587,-0.27435179379386804,0.0,0.0,2319.296775555602,37,24.99999999999447,1.0
11.080000000038718,-0.2504835818783449,0.0,0.0,2828.855529730958,32,24.99999999999447,1.0
11.100000000038849,-0.21969274552739348,0.0,0.0,4760.225006760405,24,24.99999999999447,1.0
11.12000000003898,-0.17118558960095792,0.0,0.0,7697.093578355094,25,24.99999999999447,1.0
11.14000000003911,-0.10876106884490233,0.0,0.0,9337.597151889218,32,24.99999999999447,1.0
11.160000000039242,-0.06464623675845069,0.0,0.0,10340.25825182191,27,24.99999999999447,1.0
11.180000000039373,-0.03368086760359419,0.0,0.0,11995.870160607588,26,24.99999999999447,1.0
11.200000000039504,-0.0011830248364825614,0.0,0.0,13731.09619186598,23,24.99999999999447,1.0
11.220000000039635,0.02839794131516223,0.0,0.0,13529.438784533362,24,24.99999999999447,1.0
11.240000000039766,0.04964674642165641,0.0,0.0,9933.744411123886,25,24.99999999999447,1.0
11.260000000039897,0.06016630602841094,0.0,0.0,4058.197942114266,26,24.99999999999447,1.0
11.280000000040028,0.006281106338821377,0.0,0.0,5589.1125545302575,36,24.99999999999447,1.0
11.300000000040159,-0.06975901086960784,0.0,0.0,3393.9681694869987,34,24.99999999999447,1.0
11.32000000004029,-0.129453155290565,0.0,0.0,2524.9363495135817,22,24.99999999999447,1.0
11.34000000004042,-0.1718953499395757,0.0,0.0,2741.750191225144,29,24.99999999999447,1.0
11.360000000040552,-0.20754738351465893,0.0,0.0,3006.6032704840513,29,24.99999999999447,1.0
11.380000000040683,-0.25072606606360076,0.0,0.0,3366.0200534712535,25,24.99999999999447,1.0
11.400000000040814,-0.2874065876322157,0.0,0.0,2869.5500949168327,29,24.99999999999447,1.0
11.420000000040945,-0.31651259365335516,0.0,0.0,2643.2240876635615,25,24.99999999999447,1.0
11.440000000041076,-0.33512277629591275,0.0,0.0,2965.4768743169334,30,24.99999999999447,1.0
11.460000000041207,-0.35638204150611885,0.0,0.0,3469.564873967839,23,24.99999999999447,1.0
11.480000000041338,-0.3736888017347917,0.0,0.0,2948.0186111457606,24,24.99999999999447,1.0
11.500000000041469,-0.39270739666760246,0.0,0.0,3173.141905566766,33,24.99999999999447,1.0
11.5200000000416,-0.415592029161929,0.0,0.0,2479.93201494787,27,24.99999999999447,1.0
11.540000000041731,-0.42627847330211444,0.0,0.0,2554.7233106746003,21,24.99999999999447,1.0
11.560000000041862,-0.4137636843195531,0.0,0.0,2766.6644402667184,28,24.99999999999447,1.0
11.580000000041993,-0.37762273480757347,0.0,0.0,2927.679132094475,23,24.99999999999447,1.0
11.600000000042124,-0.3440270043334052,0.0,0.0,3194.036020836281,21,24.99999999999447,1.0
11.620000000042255,-0.29964336586181656,0.0,0.0,3858.946910930651,21,24.99999999999447,1.0
11.640000000042386,-0.25517763991255377,0.0,0.0,4677.140451898931,38,24.99999999999447,1.0
11.660000000042517,-0.21128279629265623,0.0,0.0,4642.4057052873795,28,24.99999999999447,1.0
11.680000000042648,-0.1813555768696737,0.0,0.0,3848.708657641742,22,24.99999999999447,1.0
11.70000000004278,-0.15251352924662495,0.0,0.0,3415.831468432579,34,24.99999999999447,1.0
11.72000000004291,-0.1301975855527585,0.0,0.0,4051.6482007192435,32,24.99999999999447,1.0
11.740000000043041,-0.12592923840144207,0.0,0.0,4441.259258279543,30,24.99999999999447,1.0
11.760000000043172,-0.1598258281509142,0.0,0.0,3963.260121912311,29,24.99999999999447,1.0
11.780000000043303,-0.1670762774273683,0.0,0.0,2972.0776632576412,24,24.99999999999447,1.0
11.800000000043434,-0.17767524531089018,0.0,0.0,2759.3029912255092,33,24.99999999999447,1.0
11.820000000043565,-0.19921734385998766,0.0,0.0,3464.042641444334,27,24.99999999999447,1.0
11.840000000043696,-0.2053717051846957,0.0,0.0,3875.899835977743,27,24.99999999999447,1.0
11.860000000043827,-0.18666301240640534,0.0,0.0,3408.8686471801734,36,24.99999999999447,1.0
11.880000000043959,-0.1732989129388335,0.0,0.0,2463.868391290301,26,24.99999999999447,1.0
11.90000000004409,-0.17816580610359584,0.0,0.0,1687.0957184992728,34,24.99999999999447,1.0
11.92000000004422,-0.21355218761014597,0.0,0.0,3358.7865226848876,38,24.99999999999447,1.0
11.940000000044352,-0.25982150972817303,0.0,0.0,2959.5963870124388,34,24.99999999999447,1.0
11.960000000044483,-0.30327022560216993,0.0,0.0,3108.3747195436945,34,24.99999999999447,1.0
11.980000000044614,-0.3432955109017315,0.0,0.0,3234.5240778896223,30,24.99999999999447,1.0
12.000000000044745,-0.3871124393987041,0.0,0.0,3341.8031571920524,38,24.99999999999447,1.0
12.020000000044876,-0.4306783605773097,0.0,0.0,2957.003960435775,32,24.99999999999447,1.0
12.040000000045007,-0.45647524745684315,0.0,0.0,3215.0014025562527,25,24.99999999999447,1.0
12.060000000045138,-0.4691208778623107,0.0,0.0,3351.8199925935032,30,24.99999999999447,1.0
12.080000000045269,-0.4746953737758521,0.0,0.0,3154.5412334685902,18,24.99999999999447,1.0
12.1000000000454,-0.4742255329792379,0.0,0.0,2773.34386058153,14,24.99999999999447,1.0
12.12000000004553,-0.4783636738088039,0.0,0.0,2729.7634564266245,19,24.99999999999447,1.0
12.140000000045662,-0.4693151470297647,0.0,0.0,2852.846896223862,17,24.99999999999447,1.0
12.160000000045793,-0.4490602242322495,0.0,0.0,2700.032624318803,21,24.99999999999447,1.0
12.180000000045924,-0.4350347535335536,0.0,0.0,2038.5148839120511,18,24.99999999999447,1.0
12.200000000046055,-0.4347197164008805,0.0,0.0,1984.2950441598282,31,24.99999999999447,1.0
12.220000000046186,-0.451345633701927,0.0,0.0,2648.6974690464313,30,24.99999999999447,1.0
12.240000000046317,-0.47207875036248326,0.0,0.0,2570.07480073043,24,24.99999999999447,1.0
12.260000000046448,-0.4638130124455997,0.0,0.0,2351.94444648564,29,24.99999999999447,1.0
12.280000000046579,-0.438809202630586,0.0,0.0,2603.9673029805476,30,24.99999999999447,1.0
12.30000000004671,-0.41789016103547605,0.0,0.0,2443.5443838758647,32,24.99999999999447,1.0
12.320000000046841,-0.4114114414582087,0.0,0.0,2250.2053998013016,24,24.99999999999447,1.0
12.340000000046972,-0.39784587249403974,0.0,0.0,2527.9001794459855,26,24.99999999999447,1.0
12.360000000047103,-0.3713247582884233,0.0,0.0,2740.132757705119,34,24.99999999999447,1.0
12.380000000047234,-0.3550702144420451,0.0,0.0,2345.418175243532,19,24.99999999999447,1.0
12.400000000047365,-0.36124855687317486,0.0,0.0,1588.376456598554,24,24.99999999999447,1.0
12.420000000047496,-0.3834202586969942,0.0,0.0,2426.103838618405,32,24.99999999999447,1.0
12.440000000047627,-0.41641543931767194,0.0,0.0,3167.701157589862,32,24.99999999999447,1.0
12.460000000047758,-0.44855951500005964,0.0,0.0,2924.441063519467,34,24.99999999999447,1.0
12.48000000004789,-0.47375906704522863,0.0,0.0,2720.9271622483443,29,24.99999999999447,1.0
12.50000000004802,-0.49398138380474055,0.0,0.0,2755.526940437159,27,24.99999999999447,1.0
12.520000000048151,-0.5145013910161987,0.0,0.0,2624.994123719965,28,24.99999999999447,1.0
12.540000000048282,-0.5173742528271571,0.0,0.0,3145.858325203402,23,24.99999999999447,1.0
12.560000000048413,-0.49502857627041513,0.0,0.0,3087.5741032644014,38,24.99999999999447,1.0
12.580000000048544,-0.461281919697864,0.0,0.0,2871.9814712192974,25,24.99999999999447,1.0
12.600000000048675,-0.4323499833963445,0.0,0.0,2559.8661196900607,23,24.99999999999447,1.0
12.620000000048806,-0.4100237237117678,0.0,0.0,2923.4616621212185,31,24.99999999999447,1.0
12.640000000048937,-0.4005717283290409,0.0,0.0,2909.38670887499,26,24.99999999999447,1.0
12.660000000049068,-0.40033641394274433,0.0,0.0,2359.372180422749,27,24.99999999999447,1.0
12.6800000000492,-0.40080442802295196,0.0,0.0,2119.8251288450033,20,24.99999999999447,1.0
12.70000000004933,-0.4102631882011015,0.0,0.0,1700.8179185016252,24,24.99999999999447,1.0
12.720000000049462,-0.4280651135957481,0.0,0.0,2258.7595549975567,30,24.99999999999447,1.0
12.740000000049593,-0.44967196069652593,0.0,0.0,2550.8242899682746,23,24.99999999999447,1.0
12.760000000049724,-0.4618862252512868,0.0,0.0,2773.5859797818266,32,24.99999999999447,1.0
12.780000000049855,-0.4569716309408307,0.0,0.0,2535.6411606858155,29,24.99999999999447,1.0
12.800000000049986,-0.4434842941460627,0.0,0.0,2821.210155024823,23,24.99999999999447,1.0
12.820000000050117,-0.4400737842745192,0.0,0.0,2277.835598037183,28,24.99999999999447,1.0
12.840000000050248,-0.45127075954158735,0.0,0.0,2159.335530952158,29,24.99999999999447,1.0
12.860000000050379,-0.462450170713378,0.0,0.0,1816.0417169531067,29,24.99999999999447,1.0
12.88000000005051,-0.46884868402145474,0.0,0.0,1892.077459517314,17,24.99999999999447,1.0
12.90000000005064,-0.4752563903647786,0.0,0.0,1976.0296248595032,19,24.99999999999447,1.0
12.920000000050772,-0.48937147089329314,0.0,0.0,2028.296477502692,33,24.99999999999447,1.0
12.940000000050903,-0.5086766717240749,0.0,0.0,2267.3217119372393,26,24.99999999999447,1.0
12.960000000051034,-0.5242200971734827,0.0,0.0,2383.921135938986,28,24.99999999999447,1.0
12.980000000051165,-0.5264732333495693,0.0,0.0,2063.1986159216276,25,24.99999999999447,1.0
13.000000000051296,-0.5110006997072123,0.0,0.0,2846.487859434267,23,24.99999999999447,1.0
13.020000000051427,-0.49051294366692566,0.0,0.0,2859.437170476102,28,24.99999999999447,1.0
13.040000000051558,-0.4709977349190104,0.0,0.0,2812.0025020664716,25,24.99999999999447,1.0
13.060000000051689,-0.44830630887017964,0.0,0.0,2999.3654160658384,29,24.99999999999447,1.0
13.08000000005182,-0.42355039386633253,0.0,0.0,2680.165264758368,16,24.99999999999447,1.0
13.100000000051951,-0.40475730122405335,0.0,0.0,2850.941884729318,10,24.99999999999447,1.0
13.120000000052082,-0.3940148946073625,0.0,0.0,3031.0007017275334,25,24.99999999999447,1.0
13.140000000052213,-0.39613924631702657,0.0,0.0,3176.216656139492,26,24.99999999999447,1.0
13.160000000052344,-0.414463899654092,0.0,0.0,2041.4761346886748,27,24.99999999999447,1.0
13.180000000052475,-0.433405835995071,0.0,0.0,1731.7170431819395,29,24.99999999999447,1.0
13.200000000052606,-0.45097194118004913,0.0,0.0,1640.5800104348389,25,24.99999999999447,1.0
13.220000000052737,-0.4660486732032952,0.0,0.0,2070.7841181175195,27,24.99999999999447,1.0
13.240000000052868,-0.477100106412487,0.0,0.0,2588.229146294704,22,24.99999999999447,1.0
13.260000000053,-0.4783357791159024,0.0,0.0,2621.9887796993294,22,24.99999999999447,1.0
13.28000000005313,-0.46738824850296223,0.0,0.0,3042.723713960055,18,24.99999999999447,1.0
13.300000000053261,-0.4478817655130825,0.0,0.0,2746.1402418731814,13,24.99999999999447,1.0
13.320000000053392,-0.42310437777989646,0.0,0.0,2281.397224318793,22,24.99999999999447,1.0
13.340000000053523,-0.40010076785735793,0.0,0.0,2724.832626314145,26,24.99999999999447,1.0
13.360000000053654,-0.39003994142066656,0.0,0.0,3169.535094127122,23,24.99999999999447,1.0
13.380000000053785,-0.3872550448988106,0.0,0.0,3126.2882129332193,20,24.99999999999447,1.0
13.400000000053916,-0.3857640344792531,0.0,0.0,3082.8148676908827,16,24.99999999999447,1.0
13.420000000054047,-0.3850916513521017,0.0,0.0,3069.5870152451243,26,24.99999999999447,1.0
13.440000000054178,-0.38510573929877734,0.0,0.0,3194.2303065418046,20,24.99999999999447,1.0
13.46000000005431,-0.3843894591717902,0.0,0.0,2983.914338278456,16,24.99999999999447,1.0
13.48000000005444,-0.3752836348330039,0.0,0.0,2718.735796402162,26,24.99999999999447,1.0
13.500000000054571,-0.3536013848388679,0.0,0.0,2982.628684888036,16,24.99999999999447,1.0
13.520000000054702,-0.3233255968691159,0.0,0.0,2944.4063527635144,16,24.99999999999447,1.0
13.540000000054834,-0.2916574555577587,0.0,0.0,2891.3028179362173,26,24.99999999999447,1.0
13.560000000054965,-0.26678404431082525,0.0,0.0,2807.04506947863,25,24.99999999999447,1.0
13.580000000055096,-0.2503762864278783,0.0,0.0,2609.153645632924,17,24.99999999999447,1.0
13.600000000055227,-0.23944580811070584,0.0,0.0,2626.1006517465466,4,24.99999999999447,1.0
13.620000000055358,-0.22825337604458784,0.0,0.0,2545.1170676613087,24,24.99999999999447,1.0
13.640000000055489,-0.22298337538337842,0.0,0.0,2878.906079226088,22,24.99999999999447,1.0
13.66000000005562,-0.2257527114144744,0.0,0.0,3171.898991398928,13,24.99999999999447,1.0
13.68000000005575,-0.2274884706309523,0.0,0.0,2674.184906185089,25,24.99999999999447,1.0
13.700000000055882,-0.21619396910517644,0.0,0.0,2710.486584486575,24,24.99999999999447,1.0
13.720000000056013,-0.1968416340191204,0.0,0.0,2761.451083516274,27,24.99999999999447,1.0
13.740000000056144,-0.1735378650132263,0.0,0.0,2630.917528857507,25,24.99999999999447,1.0
13.760000000056275,-0.15553726294785106,0.0,0.0,2581.2649618057653,21,24.99999999999447,1.0
13.780000000056406,-0.14373673775811158,0.0,0.0,2424.030227355701,21,24.99999999999447,1.0
13.800000000056537,-0.13708034387828996,0.0,0.0,2397.933864291863,14,24.99999999999447,1.0
13.820000000056668,-0.1290677410407208,0.0,0.0,2426.8227450840814,14,24.99999999999447,1.0
13.840000000056799,-0.12505631503612458,0.0,0.0,2647.0271931718526,21,24.99999999999447,1.0
13.86000000005693,-0.12920700621013517,0.0,0.0,3073.163749632241,17,24.99999999999447,1.0
13.880000000057061,-0.13983127501158046,0.0,0.0,3054.2191152929504,23,24.99999999999447,1.0
13.900000000057192,-0.14238354622651464,0.0,0.0,2607.794786561388,23,24.99999999999447,1.0
13.920000000057323,-0.1339913057470309,0.0,0.0,2442.197062769098,24,24.99999999999447,1.0
13.940000000057454,-0.12412014157947822,0.0,0.0,2386.1442260563967,21,24.99999999999447,1.0
13.960000000057585,-0.11721338397450158,0.0,0.0,2762.643953166482,13,24.99999999999447,1.0
13.980000000057716,-0.10883031638266541,0.0,0.0,2547.3860137987267,21,24.99999999999447,1.0
14.000000000057847,-0.1010704419964101,0.0,0.0,2552.550494540201,18,24.99999999999447,1.0
14.020000000057978,-0.09173525987101427,0.0,0.0,2415.6823297362344,9,24.99999999999447,1.0
14.040000000058109,-0.08158604130507591,0.0,0.0,2320.4661627185583,21,24.99999999999447,1.0
14.06000000005824,-0.09033941672684911,0.0,0.0,2848.7937706531266,19,24.99999999999447,1.0
14.080000000058371,-0.10786065938482264,0.0,0.0,2909.6172696598715,24,24.99999999999447,1.0
14.100000000058502,-0.12200500809912102,0.0,0.0,2868.8174236446944,20,24.99999999999447,1.0
14.120000000058633,-0.12598746433763405,0.0,0.0,2754.2759122471866,22,24.99999999999447,1.0
14.140000000058764,-0.1306599429926093,0.0,0.0,2565.9372977001535,19,24.99999999999447,1.0
14.160000000058895,-0.1329826690142854,0.0,0.0,2587.3899824336213,15,24.99999999999447,1.0
14.180000000059026,-0.12672716731612674,0.0,0.0,2648.8977409997706,25,24.99999999999447,1.0
14.200000000059157,-0.11490250054241244,0.0,0.0,2857.283252217708,21,24.99999999999447,1.0
14.220000000059288,-0.10304866903549605,0.0,0.0,2674.610913462496,9,24.99999999999447,1.0
14.24000000005942,-0.08662628673930739,0.0,0.0,2473.2117975751444,21,24.99999999999447,1.0
14.26000000005955,-0.07719473317926465,0.0,0.0,2324.7187992721674,19,24.99999999999447,1.0
14.280000000059681,-0.08152233239222777,0.0,0.0,2448.238592666362,19,24.99999999999447,1.0
14.300000000059812,-0.08521558409067334,0.0,0.0,2603.0951509510624,14,24.99999999999447,1.0
14.320000000059943,-0.08826877777742335,0.0,0.0,2559.548546243092,21,24.99999999999447,1.0
14.340000000060074,-0.09539783416193963,0.0,0.0,2548.1554762891415,19,24.99999999999447,1.0
14.360000000060205,-0.10588105548691935,0.0,0.0,2677.3927481437445,15,24.99999999999447,1.0
14.380000000060337,-0.11456175339501647,0.0,0.0,2515.4171062716664,23,24.99999999999447,1.0
14.400000000060468,-0.11471013903914143,0.0,0.0,2691.098913321984,23,24.99999999999447,1.0
14.420000000060599,-0.10480539060117049,0.0,0.0,2806.563867766051,20,24.99999999999447,1.0
14.44000000006073,-0.09069682845360455,0.0,0.0,2716.3917114351925,23,24.99999999999447,1.0
14.46000000006086,-0.08072129382750245,0.0,0.0,2589.3079944429796,20,24.99999999999447,1.0
14.480000000060992,-0.0790744444171038,0.0,0.0,2467.9696103383067,19,24.99999999999447,1.0
14.500000000061123,-0.07765352000110447,0.0,0.0,2329.5383957636186,20,24.99999999999447,1.0
14.520000000061254,-0.0770147711866751,0.0,0.0,2468.435795802144,5,24.99999999999447,1.0
14.540000000061385,-0.0761039231351162,0.0,0.0,2412.232701793538,19,24.99999999999447,1.0
14.560000000061516,-0.08509758880538701,0.0,0.0,2559.064218510081,18,24.99999999999447,1.0
14.580000000061647,-0.09805239182171503,0.0,0.0,2638.8066288123205,17,24.99999999999447,1.0
14.600000000061778,-0.10868071295053211,0.0,0.0,2503.782086221076,22,24.99999999999447,1.0
14.620000000061909,-0.10501435091908497,0.0,0.0,2618.8611796394894,22,24.99999999999447,1.0
14.64000000006204,-0.09432372810512038,0.0,0.0,2648.6255124013524,22,24.99999999999447,1.0
14.66000000006217,-0.08492996891408423,0.0,0.0,2646.341586873091,17,24.99999999999447,1.0
14.680000000062302,-0.08471768531996873,0.0,0.0,2622.6025969325374,20,24.99999999999447,1.0
14.700000000062433,-0.08719702221463037,0.0,0.0,2605.0322573073727,21,24.99999999999447,1.0
14.720000000062564,-0.08700540226217086,0.0,0.0,2424.06021013872,7,24.99999999999447,1.0
14.740000000062695,-0.08332290116579501,0.0,0.0,2417.770546343981,21,24.99999999999447,1.0
14.760000000062826,-0.08481185689449473,0.0,0.0,2416.3044382689322,19,24.99999999999447,1.0
14.780000000062957,-0.09821349382032865,0.0,0.0,2748.219229511832,18,24.99999999999447,1.0
14.800000000063088,-0.11218328582263279,0.0,0.0,2677.9079207792934,20,24.99999999999447,1.0
14.820000000063219,-0.11299962350667545,0.0,0.0,2463.2238849024466,21,24.99999999999447,1.0
14.84000000006335,-0.10508850373432106,0.0,0.0,2499.8786892296703,21,24.99999999999447,1.0
14.860000000063481,-0.09644897578988536,0.0,0.0,2600.4357073751103,15,24.99999999999447,1.0
14.880000000063612,-0.09203846350873165,0.0,0.0,2733.5305919672933,17,24.99999999999447,1.0
14.900000000063743,-0.09049156513374106,0.0,0.0,2871.352665176986,21,24.99999999999447,1.0
14.920000000063874,-0.0878562409885621,0.0,0.0,2773.2013695533765,17,24.99999999999447,1.0
14.940000000064005,-0.08035937972478498,0.0,0.0,2506.9981051766817,16,24.99999999999447,1.0
14.960000000064136,-0.07383239024886629,0.0,0.0,2309.2243998332237,19,24.99999999999447,1.0
14.980000000064267,-0.08092757775106993,0.0,0.0,2455.382971592852,19,24.99999999999447,1.0
15.000000000064398,-0.09105931018811245,0.0,0.0,2506.6049313795725,18,24.99999999999447,1.0
15.02000000006453,-0.09329502266789624,0.0,0.0,2477.0121472032256,10,24.99999999999447,1.0
15.04000000006466,-0.08917501547505703,0.0,0.0,2415.0583676811334,20,24.99999999999447,1.0
15.060000000064791,-0.08691543574445267,0.0,0.0,2526.139272419714,18,24.99999999999447,1.0
15.080000000064922,-0.0866743874054662,0.0,0.0,2778.8016487597424,12,24.99999999999447,1.0
15.100000000065053,-0.09007887147152291,0.0,0.0,2803.423947954547,23,24.99999999999447,1.0
15.120000000065184,-0.0896429436073614,0.0,0.0,2893.965028120993,18,24.99999999999447,1.0
15.140000000065315,-0.08326484167125037,0.0,0.0,2745.8081909183074,17,24.99999999999447,1.0
15.160000000065446,-0.07634701162738566,0.0,0.0,2576.008021825806,19,24.99999999999447,1.0
15.180000000065577,-0.08001671274308518,0.0,0.0,2459.0595498258012,20,24.99999999999447,1.0
15.200000000065709,-0.08514926866674849,0.0,0.0,2419.384716144873,17,24.99999999999447,1.0
15.22000000006584,-0.08576916131265423,0.0,0.0,2423.846784171395,7,24.99999999999447,1.0
15.24000000006597,-0.08026715184878098,0.0,0.0,2438.537495543236,23,24.99999999999447,1.0
15.260000000066102,-0.0713928719774391,0.0,0.0,2489.831831994557,18,24.99999999999447,1.0
15.280000000066233,-0.07093684882112966,0.0,0.0,2750.3943774030577,15,24.99999999999447,1.0
15.300000000066364,-0.07654248103873763,0.0,0.0,2665.159861294221,23,24.99999999999447,1.0
15.320000000066495,-0.08015058140676681,0.0,0.0,2814.9114500538026,19,24.99999999999447,1.0
15.340000000066626,-0.07628918556382415,0.0,0.0,2776.4100824077104,19,24.99999999999447,1.0
15.360000000066757,-0.07309920630575412,0.0,0.0,2641.103118623113,17,24.99999999999447,1.0
15.380000000066888,-0.07803704162760723,0.0,0.0,2558.0191368251208,16,24.99999999999447,1.0
15.400000000067019,-0.08955896554497635,0.0,0.0,2548.6793493572336,18,24.99999999999447,1.0
15.42000000006715,-0.0990700747465646,0.0,0.0,2620.638556451917,16,24.99999999999447,1.0
15.44000000006728,-0.0995116543955253,0.0,0.0,2568.415705798735,6,24.99999999999447,1.0
15.460000000067412,-0.09301587044458749,0.0,0.0,2457.3924418770184,19,24.99999999999447,1.0
15.480000000067543,-0.08943096764388937,0.0,0.0,2547.9685653218057,16,24.99999999999447,1.0
15.500000000067674,-0.09515138326505376,0.0,0.0,2598.1487028878596,18,24.99999999999447,1.0
15.520000000067805,-0.09377552198379871,0.0,0.0,2842.324243320151,20,24.99999999999447,1.0
15.540000000067936,-0.08297563470828295,0.0,0.0,2893.9732427974236,21,24.99999999999447,1.0
15.560000000068067,-0.0675041647121457,0.0,0.0,2855.681051923525,16,24.99999999999447,1.0
15.580000000068198,-0.059220440193411,0.0,0.0,2870.4269846248826,10,24.99999999999447,1.0
15.600000000068329,-0.06304325963443423,0.0,0.0,2774.6023711508215,19,24.99999999999447,1.0
15.62000000006846,-0.07206993583544023,0.0,0.0,2734.812691152066,19,24.99999999999447,1.0
15.640000000068591,-0.08219807138326309,0.0,0.0,2530.569363569182,13,24.99999999999447,1.0
15.660000000068722,-0.08577877963659167,0.0,0.0,2454.421666373118,21,24.99999999999447,1.0
15.680000000068853,-0.08997767934511507,0.0,0.0,2537.982977286753,19,24.99999999999447,1.0
15.700000000068984,-0.09886483589730544,0.0,0.0,2564.858666530026,16,24.99999999999447,1.0
15.720000000069115,-0.10137132806863444,0.0,0.0,2514.8012947381,12,24.99999999999447,1.0
15.740000000069246,-0.09564102760362062,0.0,0.0,2590.5276219280495,21,24.99999999999447,1.0
15.760000000069377,-0.0828893256163656,0.0,0.0,2710.7162152465066,20,24.99999999999447,1.0
15.780000000069508,-0.07123727135709701,0.0,0.0,2870.5449741638636,14,24.99999999999447,1.0
15.80000000006964,-0.0688814942764435,0.0,0.0,3000.9552651141153,19,24.99999999999447,1.0
15.82000000006977,-0.07152778591803745,0.0,0.0,3033.2932086059527,19,24.99999999999447,1.0
15.840000000069901,-0.0740644165959552,0.0,0.0,2888.7722100322267,17,24.99999999999447,1.0
15.860000000070032,-0.06990095202081513,0.0,0.0,2662.5657243706473,17,24.99999999999447,1.0
15.880000000070163,-0.06836112409159248,0.0,0.0,2664.097377024249,18,24.99999999999447,1.0
15.900000000070294,-0.07371311879016587,0.0,0.0,2697.696461836286,17,24.99999999999447,1.0
15.920000000070425,-0.07678541192740569,0.0,0.0,2536.6151684599354,16,24.99999999999447,1.0
15.940000000070556,-0.07389725657058453,0.0,0.0,2477.162012144005,19,24.99999999999447,1.0
15.960000000070687,-0.06828740945189256,0.0,0.0,2529.1461992424065,18,24.99999999999447,1.0
15.980000000070818,-0.06914474789523871,0.0,0.0,2723.883767266319,17,24.99999999999447,1.0
16.000000000070948,-0.07511260854277862,0.0,0.0,2771.8600027363755,17,24.99999999999447,1.0
16.02000000007019,-0.08563121048738212,0.0,0.0,2851.056751373554,19,24.99999999999447,1.0
16.040000000069433,-0.09553301098598121,0.0,0.0,2802.4236394721693,17,24.99999999999447,1.0
16.060000000068676,-0.09946378845329795,0.0,0.0,2701.4021097202126,19,24.99999999999447,1.0
16.08000000006792,-0.09984300412493124,0.0,0.0,2624.3379385919798,17,24.99999999999447,1.0
16.100000000067162,-0.09898324840737995,0.0,0.0,2629.7081012837557,15,24.99999999999447,1.0
16.120000000066405,-0.09505076045209783,0.0,0.0,2591.5091180814566,10,24.99999999999447,1.0
16.140000000065648,-0.08647784763310784,0.0,0.0,2654.18013415741,17,24.99999999999447,1.0
16.16000000006489,-0.07688057203060994,0.0,0.0,2806.9050399144635,20,24.99999999999447,1.0
16.180000000064133,-0.0698153244535229,0.0,0.0,2902.9905350477216,18,24.99999999999447,1.0
16.200000000063376,-0.06088029084164682,0.0,0.0,2987.328495644687,16,24.99999999999447,1.0
16.22000000006262,-0.05781906639475254,0.0,0.0,3016.090389995591,15,24.99999999999447,1.0
16.240000000061862,-0.05995546742263715,0.0,0.0,2962.806458120785,18,24.99999999999447,1.0
16.260000000061105,-0.06659720247659992,0.0,0.0,2858.8065266207946,17,24.99999999999447,1.0
16.280000000060348,-0.07351201032709508,0.0,0.0,2696.5765510349133,17,24.99999999999447,1.0
16.30000000005959,-0.08055011190625766,0.0,0.0,2552.9575971892673,17,24.99999999999447,1.0
16.320000000058833,-0.08829402009413831,0.0,0.0,2558.0619147277175,16,24.99999999999447,1.0
16.340000000058076,-0.09815104345544874,0.0,0.0,2528.706271989419,15,24.99999999999447,1.0
16.36000000005732,-0.10554911131412041,0.0,0.0,2545.0998095077157,16,24.99999999999447,1.0
16.38000000005656,-0.11134129098079934,0.0,0.0,2592.5651553942757,16,24.99999999999447,1.0
16.400000000055805,-0.11254680752066486,0.0,0.0,2677.8743102614226,17,24.99999999999447,1.0
16.420000000055047,-0.11008822215283035,0.0,0.0,2812.0952957611776,20,24.99999999999447,1.0
16.44000000005429,-0.10455454039936024,0.0,0.0,2953.511710170585,13,24.99999999999447,1.0
16.460000000053533,-0.09619972861669025,0.0,0.0,3062.306091494151,18,24.99999999999447,1.0
16.480000000052776,-0.08565670911541162,0.0,0.0,3081.095468635403,17,24.99999999999447,1.0
16.50000000005202,-0.07611032132342307,0.0,0.0,3093.1842091967733,18,24.99999999999447,1.0
16.52000000005126,-0.07032145661832225,0.0,0.0,3057.4001948593764,18,24.99999999999447,1.0
16.540000000050505,-0.06635303245052505,0.0,0.0,3001.401976944389,16,24.99999999999447,1.0
16.560000000049747,-0.0688239096186799,0.0,0.0,2957.440532287741,15,24.99999999999447,1.0
16.58000000004899,-0.07401958372081485,0.0,0.0,2896.109309927572,15,24.99999999999447,1.0
16.600000000048233,-0.08153683344556586,0.0,0.0,2824.0111763175487,16,24.99999999999447,1.0
16.620000000047476,-0.09004481616136922,0.0,0.0,2746.0211499660777,17,24.99999999999447,1.0
16.64000000004672,-0.10203962588327489,0.0,0.0,2676.672668294359,18,24.99999999999447,1.0
16.66000000004596,-0.11692514665588385,0.0,0.0,2618.4376704774536,23,24.99999999999447,1.0
16.680000000045204,-0.13374727086054353,0.0,0.0,2721.9421006598027,20,24.99999999999447,1.0
16.700000000044447,-0.14905993577481427,0.0,0.0,2721.204158829646,17,24.99999999999447,1.0
16.72000000004369,-0.16119039241028352,0.0,0.0,2690.1068189605962,17,24.99999999999447,1.0
16.740000000042933,-0.16651098748981444,0.0,0.0,2674.1980153170584,16,24.99999999999447,1.0
16.760000000042176,-0.1643215583385097,0.0,0.0,2803.7171655985867,16,24.99999999999447,1.0
16.78000000004142,-0.15330272079106602,0.0,0.0,2884.144063614596,21,24.99999999999447,1.0
16.80000000004066,-0.13470130977047454,0.0,0.0,3265.187731353975,27,24.99999999999447,1.0
16.820000000039904,-0.10941023106052589,0.0,0.0,3712.608740636987,26,24.99999999999447,1.0
16.840000000039147,-0.08312307763596517,0.0,0.0,4069.4108286909427,21,24.99999999999447,1.0
16.86000000003839,-0.056557301241768554,0.0,0.0,4067.348227595297,17,24.99999999999447,1.0
16.880000000037633,-0.033585614926574116,0.0,0.0,3863.737836202216,12,24.99999999999447,1.0
16.900000000036876,-0.01926107560119021,0.0,0.0,3406.491703452562,8,24.99999999999447,1.0
16.92000000003612,-0.013766935904363162,0.0,0.0,3063.467943626081,15,24.99999999999447,1.0
16.94000000003536,-0.022964172253349215,0.0,0.0,2767.329953253527,24,24.99999999999447,1.0
16.960000000034604,-0.046985417551861655,0.0,0.0,3099.729446500337,23,24.99999999999447,1.0
16.980000000033847,-0.07934897591955928,0.0,0.0,3233.3932778052226,22,24.99999999999447,1.0
17.00000000003309,-0.11280349826920168,0.0,0.0,3130.647315304539,20,24.99999999999447,1.0
17.020000000032333,-0.14628901259062202,0.0,0.0,3067.121641225016,17,24.99999999999447,1.0
17.040000000031576,-0.1789826809869427,0.0,0.0,3039.0139303795204,10,24.99999999999447,1.0
17.06000000003082,-0.20929491809235862,0.0,0.0,2990.8555372969245,16,24.99999999999447,1.0
17.08000000003006,-0.23415931079486005,0.0,0.0,2965.84540654373,17,24.99999999999447,1.0
17.100000000029304,-0.25341143079491596,0.0,0.0,2838.515486259391,30,24.99999999999447,1.0
17.120000000028547,-0.2668162191807932,0.0,0.0,2682.9008899423334,31,24.99999999999447,1.0
17.14000000002779,-0.25940216227156015,0.0,0.0,2517.417781783736,26,24.99999999999447,1.0
17.160000000027033,-0.23338104139014043,0.0,0.0,2915.461826039081,27,24.99999999999447,1.0
17.180000000026276,-0.20015590527090021,0.0,0.0,3635.5174118655327,28,24.99999999999447,1.0
17.20000000002552,-0.16162103424102955,0.0,0.0,4651.4103760054895,24,24.99999999999447,1.0
17.22000000002476,-0.12007369583662955,0.0,0.0,5104.941986745131,24,24.99999999999447,1.0
17.240000000024004,-0.07965933069201829,0.0,0.0,5093.22542537471,12,24.99999999999447,1.0
17.260000000023247,-0.04410623329527703,0.0,0.0,4655.447334061662,6,24.99999999999447,1.0
17.28000000002249,-0.010950703277953248,0.0,0.0,4357.205005351745,6,24.99999999999447,1.0
17.300000000021733,0.014919315782792483,0.0,0.0,3346.4055059875477,10,24.99999999999447,1.0
17.320000000020976,0.03434870294916235,0.0,0.0,2960.882956524118,22,24.99999999999447,1.0
17.34000000002022,0.048292904409519194,0.0,0.0,2729.394437492622,24,24.99999999999447,1.0
17.36000000001946,0.040653751362646894,0.0,0.0,3585.565252817089,22,24.99999999999447,1.0
17.380000000018704,0.012029691290919858,0.0,0.0,3183.1664750556783,25,24.99999999999447,1.0
17.400000000017947,-0.01980935582110375,0.0,0.0,3547.829912348357,18,24.99999999999447,1.0
17.42000000001719,-0.0558070237457131,0.0,0.0,3385.4605675143325,17,24.99999999999447,1.0
17.440000000016433,-0.09158683033403182,0.0,0.0,3230.6713938655903,17,24.99999999999447,1.0
17.460000000015675,-0.1293412831759055,0.0,0.0,3214.6825375224234,14,24.99999999999447,1.0
17.48000000001492,-0.16579518081538638,0.0,0.0,3043.198458176717,24,24.99999999999447,1.0
17.50000000001416,-0.1994786002231069,0.0,0.0,3004.7920493842385,26,24.99999999999447,1.0
17.520000000013404,-0.22840843497966146,0.0,0.0,2728.4994922829605,28,24.99999999999447,1.0
17.540000000012647,-0.2487263467751748,0.0,0.0,2521.9509409955817,28,24.99999999999447,1.0
17.56000000001189,-0.26035761792464024,0.0,0.0,2338.761438399991,32,24.99999999999447,1.0
17.580000000011132,-0.24909019017152842,0.0,0.0,2201.2114793060814,29,24.99999999999447,1.0
17.600000000010375,-0.21933565560564824,0.0,0.0,2810.383366186194,29,24.99999999999447,1.0
17.620000000009618,-0.18500814795802173,0.0,0.0,3340.49122032348,24,24.99999999999447,1.0
17.64000000000886,-0.143528564930748,0.0,0.0,4376.526902359218,26,24.99999999999447,1.0
17.660000000008104,-0.10145422798746899,0.0,0.0,4970.802173869042,25,24.99999999999447,1.0
17.680000000007347,-0.06076830759371414,0.0,0.0,5112.254334194827,18,24.99999999999447,1.0
17.70000000000659,-0.026555363139039445,0.0,0.0,4794.665243202553,10,24.99999999999447,1.0
17.720000000005832,0.003011053144375037,0.0,0.0,3963.1127504073224,6,24.99999999999447,1.0
17.740000000005075,0.026706281188977676,0.0,0.0,3039.738193185902,10,24.99999999999447,1.0
17.760000000004318,0.044767618697614815,0.0,0.0,2760.1924984267566,25,24.99999999999447,1.0
17.78000000000356,0.05609114293002594,0.0,0.0,2111.087146350949,27,24.99999999999447,1.0
17.800000000002804,0.043585706752825686,0.0,0.0,2894.9049714329303,23,24.99999999999447,1.0
17.820000000002047,0.01591356016296356,0.0,0.0,3072.4661427989417,22,24.99999999999447,1.0
17.84000000000129,-0.015447419320768199,0.0,0.0,3152.075530463037,18,24.99999999999447,1.0
17.860000000000532,-0.05041667978572683,0.0,0.0,3209.829003737119,18,24.99999999999447,1.0
17.879999999999775,-0.08548431272428857,0.0,0.0,3179.280354615571,19,24.99999999999447,1.0
17.899999999999018,-0.12144555105726232,0.0,0.0,3109.7557167089117,19,24.99999999999447,1.0
17.91999999999826,-0.15699768612347692,0.0,0.0,3035.2335645112917,32,24.99999999999447,1.0
17.939999999997504,-0.19119204069004375,0.0,0.0,2896.572083177721,34,24.99999999999447,1.0
17.959999999996747,-0.21997986790593763,0.0,0.0,2587.7176731335658,25,24.99999999999447,1.0
17.97999999999599,-0.23658043520818983,0.0,0.0,2243.4173670372697,27,24.99999999999447,1.0
17.999999999995232,-0.2403561917926898,0.0,0.0,2111.7442083322703,30,24.99999999999447,1.0
18.019999999994475,-0.2264937558155521,0.0,0.0,2439.0030688511356,29,24.99999999999447,1.0
18.039999999993718,-0.20035337650700386,0.0,0.0,3153.693464140785,35,24.99999999999447,1.0
18.05999999999296,-0.16268263138117206,0.0,0.0,3647.1072122773876,31,24.99999999999447,1.0
18.079999999992204,-0.1185373955956766,0.0,0.0,4759.638639388878,29,24.99999999999447,1.0
18.099999999991446,-0.07696747587423863,0.0,0.0,5292.640176439313,24,24.99999999999447,1.0
18.11999999999069,-0.03971218874045126,0.0,0.0,5257.246873145661,18,24.99999999999447,1.0
18.139999999989932,-0.007538897701355669,0.0,0.0,4627.001378191756,12,24.99999999999447,1.0
18.159999999989175,0.01768091538853427,0.0,0.0,3524.3123382401627,8,24.99999999999447,1.0
18.179999999988418,0.038314235153191045,0.0,0.0,2954.1082352745116,16,24.99999999999447,1.0
18.19999999998766,0.05264763463888618,0.0,0.0,2223.330582292086,30,24.99999999999447,1.0
18.219999999986904,0.047203194343899094,0.0,0.0,2268.938884232778,23,24.99999999999447,1.0
18.239999999986146,0.013421876749789655,0.0,0.0,3347.236701363808,26,24.99999999999447,1.0
18.25999999998539,-0.017934397259249734,0.0,0.0,3004.723595784924,24,24.99999999999447,1.0
18.279999999984632,-0.05421961142202233,0.0,0.0,3222.0642842090733,23,24.99999999999447,1.0
18.299999999983875,-0.08983725188588217,0.0,0.0,3158.780518875061,19,24.99999999999447,1.0
18.319999999983118,-0.12493465205304875,0.0,0.0,3103.823457968356,25,24.99999999999447,1.0
18.33999999998236,-0.15884549478992635,0.0,0.0,3334.7362280907455,34,24.99999999999447,1.0
18.359999999981603,-0.19133278732506886,0.0,0.0,3026.6402610766245,36,24.99999999999447,1.0
18.379999999980846,-0.21936624073015934,0.0,0.0,2570.442392886041,35,24.99999999999447,1.0
18.39999999998009,-0.23967294065330697,0.0,0.0,2290.7123988220465,35,24.99999999999447,1.0
18.419999999979332,-0.2474539041696782,0.0,0.0,2119.770420142737,35,24.99999999999447,1.0
18.439999999978575,-0.2362283885867615,0.0,0.0,1840.8435263041245,34,24.99999999999447,1.0
18.459999999977818,-0.21510357040130973,0.0,0.0,2572.8626834198067,38,24.99999999999447,1.0
18.47999999997706,-0.1852156037403488,0.0,0.0,3519.1628323217974,33,24.99999999999447,1.0
18.499999999976303,-0.13896162626848182,0.0,0.0,4757.946485133508,32,24.99999999999447,1.0
18.519999999975546,-0.09550113946189155,0.0,0.0,5445.691925370122,28,24.99999999999447,1.0
18.53999999997479,-0.05631219710821312,0.0,0.0,5572.250956697156,22,24.99999999999447,1.0
18.559999999974032,-0.02139380544818448,0.0,0.0,5042.006295277831,15,24.99999999999447,1.0
18.579999999973275,0.005962480409367995,0.0,0.0,3879.0624717943374,12,24.99999999999447,1.0
18.599999999972518,0.028053644444646544,0.0,0.0,3183.1437678762236,19,24.99999999999447,1.0
18.61999999997176,0.04688509636866886,0.0,0.0,2333.4390661087305,28,24.99999999999447,1.0
18.639999999971003,0.055825816162222236,0.0,0.0,1836.573501347557,27,24.99999999999447,1.0
18.659999999970246,0.027133543758150663,0.0,0.0,2132.7012782282673,26,24.99999999999447,1.0
18.67999999996949,-0.009471589243397008,0.0,0.0,2908.4781078408387,27,24.99999999999447,1.0
18.699999999968732,-0.045909761969159545,0.0,0.0,2947.5494358571837,25,24.99999999999447,1.0
18.719999999967975,-0.08425063575038629,0.0,0.0,3111.7824591584917,25,24.99999999999447,1.0
18.739999999967218,-0.12010360338822078,0.0,0.0,3050.7824973148563,29,24.99999999999447,1.0
18.75999999996646,-0.15414232768683478,0.0,0.0,3644.7077501103445,36,24.99999999999447,1.0
18.779999999965703,-0.18571654946111874,0.0,0.0,3497.537602057095,36,24.99999999999447,1.0
18.799999999964946,-0.21286376229794127,0.0,0.0,2890.3279822559207,36,24.99999999999447,1.0
18.81999999996419,-0.23269646600052266,0.0,0.0,2191.335863218889,39,24.99999999999447,1.0
18.83999999996343,-0.23863055716068943,0.0,0.0,2156.5362780673845,35,24.99999999999447,1.0
18.859999999962675,-0.22747866499495584,0.0,0.0,1618.6055840023728,39,24.99999999999447,1.0
18.879999999961917,-0.2105751719096018,0.0,0.0,2250.932155509523,40,24.99999999999447,1.0
18.89999999996116,-0.18749347482866072,0.0,0.0,3107.5858252332596,38,24.99999999999447,1.0
18.919999999960403,-0.15052387500729117,0.0,0.0,3984.613538685797,37,24.99999999999447,1.0
18.939999999959646,-0.10897476938236005,0.0,0.0,4716.388067867948,32,24.99999999999447,1.0
18.95999999995889,-0.06941089732343841,0.0,0.0,5067.72901167595,27,24.99999999999447,1.0
18.97999999995813,-0.03435853723446815,0.0,0.0,4780.316795455286,24,24.99999999999447,1.0
18.999999999957375,-0.005943123477007555,0.0,0.0,3928.2668462672414,21,24.99999999999447,1.0
19.019999999956617,0.015964830641771365,0.0,0.0,3240.6116080283446,26,24.99999999999447,1.0
19.03999999995586,0.0341184159986584,0.0,0.0,2495.830058925312,32,24.99999999999447,1.0
19.059999999955103,0.04589945226490322,0.0,0.0,2033.4370235911379,31,24.99999999999447,1.0
19.079999999954346,0.027555171227008967,0.0,0.0,1772.7678910908514,28,24.99999999999447,1.0
19.09999999995359,-0.01125687861145159,0.0,0.0,2697.8328013776077,28,24.99999999999447,1.0
19.11999999995283,-0.047568592734812294,0.0,0.0,2889.9425781186446,29,24.99999999999447,1.0
19.139999999952074,-0.08614233189204533,0.0,0.0,3125.0428907356345,26,24.99999999999447,1.0
19.159999999951317,-0.12225042695993242,0.0,0.0,3079.9620848456852,29,24.99999999999447,1.0
19.17999999995056,-0.1568291955407084,0.0,0.0,3672.6650578492886,36,24.99999999999447,1.0
19.199999999949803,-0.1881358175246754,0.0,0.0,3721.0572137153017,33,24.99999999999447,1.0
19.219999999949046,-0.21529655311606694,0.0,0.0,3240.877296801963,30,24.99999999999447,1.0
19.23999999994829,-0.2310350072685386,0.0,0.0,2403.5316054232608,38,24.99999999999447,1.0
19.25999999994753,-0.23285998735327945,0.0,0.0,2683.5735835388755,35,24.99999999999447,1.0
19.279999999946774,-0.2206308277112043,0.0,0.0,3075.170858251082,37,24.99999999999447,1.0
19.299999999946017,-0.20350997582685956,0.0,0.0,3342.0615887919503,36,24.99999999999447,1.0
19.31999999994526,-0.17852570350451535,0.0,0.0,3370.490965847341,35,24.99999999999447,1.0
19.339999999944503,-0.1376828881324367,0.0,0.0,4042.5207704581057,35,24.99999999999447,1.0
19.359999999943746,-0.10067497967110862,0.0,0.0,4541.416690040585,29,24.99999999999447,1.0
19.37999999994299,-0.06256255619652597,0.0,0.0,4685.957562879709,24,24.99999999999447,1.0
19.39999999994223,-0.0319027431207614,0.0,0.0,4288.564187988221,21,24.99999999999447,1.0
19.419999999941474,-0.006883937313957734,0.0,0.0,3611.2214167173165,18,24.99999999999447,1.0
19.439999999940717,0.011604240388551098,0.0,0.0,3149.472667786957,32,24.99999999999447,1.0
19.45999999993996,0.027406981793028848,0.0,0.0,3038.5654694149835,31,24.99999999999447,1.0
19.479999999939203,0.030762986184231785,0.0,0.0,2497.0200397310637,29,24.99999999999447,1.0
19.499999999938446,-0.003999835937108993,0.0,0.0,1939.7858077786454,26,24.99999999999447,1.0
19.51999999993769,-0.03891400403145238,0.0,0.0,2739.691106362603,28,24.99999999999447,1.0
19.53999999993693,-0.0758516401892457,0.0,0.0,3022.1515989974396,25,24.99999999999447,1.0
19.559999999936174,-0.11218449708544882,0.0,0.0,3205.103732230488,26,24.99999999999447,1.0
19.579999999935417,-0.1464623093526881,0.0,0.0,3702.546637113805,34,24.99999999999447,1.0
19.59999999993466,-0.1788843674701455,0.0,0.0,4175.706893943883,29,24.99999999999447,1.0
19.619999999933903,-0.2077708483316238,0.0,0.0,3780.0878280793,27,24.99999999999447,1.0
19.639999999933146,-0.22898198974439576,0.0,0.0,2816.4872266482625,35,24.99999999999447,1.0
19.65999999993239,-0.23444415338408084,0.0,0.0,2045.8802530070816,36,24.99999999999447,1.0
19.67999999993163,-0.22648374348060057,0.0,0.0,1940.2702006673721,35,24.99999999999447,1.0
19.699999999930874,-0.21127927497422477,0.0,0.0,2321.884929797529,33,24.99999999999447,1.0
19.719999999930117,-0.1891586068501632,0.0,0.0,2999.536035982974,29,24.99999999999447,1.0
19.73999999992936,-0.14973614142176606,0.0,0.0,3656.7648133884622,31,24.99999999999447,1.0
19.759999999928603,-0.11334299051305433,0.0,0.0,4304.722463977064,29,24.99999999999447,1.0
19.779999999927846,-0.07591340190795451,0.0,0.0,4538.104845462495,25,24.99999999999447,1.0
19.79999999992709,-0.04477653053897159,0.0,0.0,4333.915922703333,21,24.99999999999447,1.0
19.81999999992633,-0.019595201112155042,0.0,0.0,3807.6276484547625,19,24.99999999999447,1.0
19.839999999925574,-0.0010246806075053926,0.0,0.0,3419.7262597463887,28,24.99999999999447,1.0
19.859999999924817,0.014484203554992713,0.0,0.0,2641.986313118067,30,24.99999999999447,1.0
19.87999999992406,0.02081043113707705,0.0,0.0,2137.994691542105,28,24.99999999999447,1.0
19.899999999923303,-0.0075236851479224005,0.0,0.0,2577.7643202328222,27,24.99999999999447,1.0
19.919999999922545,-0.04101018820156165,0.0,0.0,2357.5685019634816,26,24.99999999999447,1.0
19.93999999992179,-0.07509117290479048,0.0,0.0,2864.489769419559,24,24.99999999999447,1.0
19.95999999992103,-0.11098025297149998,0.0,0.0,3206.9433047597113,25,24.99999999999447,1.0
19.979999999920274,-0.1445818768937491,0.0,0.0,3886.503512091403,31,24.99999999999447,1.0
19.999999999919517,-0.17577297201817468,0.0,0.0,4245.550972938074,25,24.99999999999447,1.0
20.01999999991876,-0.20209724103173968,0.0,0.0,3893.982345547445,24,24.99999999999447,1.0
20.039999999918003,-0.21958051165319076,0.0,0.0,2969.477284722621,32,24.99999999999447,1.0
20.059999999917245,-0.22537074773777088,0.0,0.0,2178.868365046582,32,24.99999999999447,1.0
20.079999999916488,-0.22042855572603628,0.0,0.0,2476.4050969327263,32,24.99999999999447,1.0
20.09999999991573,-0.20737242371401468,0.0,0.0,2881.393468402217,30,24.99999999999447,1.0
20.119999999914974,-0.1892227667981177,0.0,0.0,2790.341880047444,28,24.99999999999447,1.0
20.139999999914217,-0.15838839924292547,0.0,0.0,3183.4165105791853,28,24.99999999999447,1.0
20.15999999991346,-0.12196436263075265,0.0,0.0,3638.3315350250664,32,24.99999999999447,1.0
20.179999999912702,-0.08708929619367163,0.0,0.0,4073.648958544427,28,24.99999999999447,1.0
20.199999999911945,-0.05592483334209094,0.0,0.0,4251.4624999484,23,24.99999999999447,1.0
20.219999999911188,-0.0304446375217889,0.0,0.0,3987.365813445116,19,24.99999999999447,1.0
20.23999999991043,-0.010461668951921771,0.0,0.0,3567.108922160856,24,24.99999999999447,1.0
20.259999999909674,0.0038510210359481677,0.0,0.0,3095.9383313826083,29,24.99999999999447,1.0
20.279999999908917,0.01014012927271532,0.0,0.0,2572.9762460216757,27,24.99999999999447,1.0
20.29999999990816,-0.010036428659669833,0.0,0.0,2654.696353944202,22,24.99999999999447,1.0
20.319999999907402,-0.04096636572125454,0.0,0.0,1949.7531863954334,23,24.99999999999447,1.0
20.339999999906645,-0.0725827174467664,0.0,0.0,2498.478624239598,24,24.99999999999447,1.0
20.359999999905888,-0.1069806587120086,0.0,0.0,3147.105862414848,27,24.99999999999447,1.0
20.37999999990513,-0.13905820358076598,0.0,0.0,4132.371598979525,27,24.99999999999447,1.0
20.399999999904374,-0.16832147593093286,0.0,0.0,4449.931973817054,23,24.99999999999447,1.0
20.419999999903617,-0.19289447780797456,0.0,0.0,4069.3129251300093,21,24.99999999999447,1.0
20.43999999990286,-0.21129235917156475,0.0,0.0,3413.4151870277788,31,24.99999999999447,1.0
20.459999999902102,-0.21931808386500293,0.0,0.0,2506.0120866646175,31,24.99999999999447,1.0
20.479999999901345,-0.2172311398700049,0.0,0.0,2456.307435210982,29,24.99999999999447,1.0
20.499999999900588,-0.206681830916199,0.0,0.0,2868.583761338288,31,24.99999999999447,1.0
20.51999999989983,-0.19097670222262034,0.0,0.0,2780.994363020434,30,24.99999999999447,1.0
20.539999999899074,-0.16640734117375253,0.0,0.0,2923.9246807975646,30,24.99999999999447,1.0
20.559999999898317,-0.13122163445128904,0.0,0.0,3240.016369181506,35,24.99999999999447,1.0
20.57999999989756,-0.09745482560164108,0.0,0.0,3588.2633258313795,31,24.99999999999447,1.0
20.599999999896802,-0.06609564418087532,0.0,0.0,3812.5221348882887,27,24.99999999999447,1.0
20.619999999896045,-0.03992519082310317,0.0,0.0,3873.3192312108354,24,24.99999999999447,1.0
20.639999999895288,-0.018245693549805583,0.0,0.0,3697.4398698964055,23,24.99999999999447,1.0
20.65999999989453,-0.0033626512707777504,0.0,0.0,3357.2171609469724,28,24.99999999999447,1.0
20.679999999893774,0.0035783773780340518,0.0,0.0,2840.129424012278,29,24.99999999999447,1.0
20.699999999893016,-0.0033045150325210697,0.0,0.0,2838.0324056573463,22,24.99999999999447,1.0
20.71999999989226,-0.031181458143256235,0.0,0.0,2116.6242771021493,22,24.99999999999447,1.0
20.739999999891502,-0.05876571098939589,0.0,0.0,2377.566647555118,24,24.99999999999447,1.0
20.759999999890745,-0.09106401249186948,0.0,0.0,3108.427428292858,28,24.99999999999447,1.0
20.779999999889988,-0.1220097318015352,0.0,0.0,4005.8650204454016,28,24.99999999999447,1.0
20.79999999988923,-0.15105665455950276,0.0,0.0,4693.173851339982,22,24.99999999999447,1.0
20.819999999888473,-0.17680643915217448,0.0,0.0,4482.365774010122,18,24.99999999999447,1.0
20.839999999887716,-0.19757266527847167,0.0,0.0,4056.517467197303,20,24.99999999999447,1.0
20.85999999988696,-0.21089987270552193,0.0,0.0,3013.1547504713826,34,24.99999999999447,1.0
20.879999999886202,-0.2130725104156963,0.0,0.0,2347.5553751684633,30,24.99999999999447,1.0
20.899999999885445,-0.20562177381605842,0.0,0.0,2879.512436943746,28,24.99999999999447,1.0
20.919999999884688,-0.1921807150711428,0.0,0.0,2818.545408056231,28,24.99999999999447,1.0
20.93999999988393,-0.16999537498607936,0.0,0.0,2814.2086591040934,26,24.99999999999447,1.0
20.959999999883173,-0.134652696081693,0.0,0.0,3131.5528818392645,29,24.99999999999447,1.0
20.979999999882416,-0.10095482331057702,0.0,0.0,3410.72138398484,31,24.99999999999447,1.0
20.99999999988166,-0.06847436992262623,0.0,0.0,3715.9031792616966,29,24.99999999999447,1.0
21.019999999880902,-0.04048694112752016,0.0,0.0,3881.8794216829724,24,24.99999999999447,1.0
21.039999999880145,-0.016729985028168505,0.0,0.0,3818.075410485436,22,24.99999999999447,1.0
21.059999999879388,0.001734874896154149,0.0,0.0,3528.6136362670372,23,24.99999999999447,1.0
21.07999999987863,0.012726600260285513,0.0,0.0,3034.561457378902,29,24.99999999999447,1.0
21.099999999877873,0.0139437892639284,0.0,0.0,2941.0336729042765,25,24.99999999999447,1.0
21.119999999877116,0.0003995192286729196,0.0,0.0,2822.507065333662,23,24.99999999999447,1.0
21.13999999987636,-0.027281581175171106,0.0,0.0,2110.3759963061357,23,24.99999999999447,1.0
21.159999999875602,-0.05520493334022371,0.0,0.0,2741.4320395660943,29,24.99999999999447,1.0
21.179999999874845,-0.08614232047462125,0.0,0.0,3478.854389422159,32,24.99999999999447,1.0
21.199999999874088,-0.11500302755792485,0.0,0.0,4292.956160845357,28,24.99999999999447,1.0
21.21999999987333,-0.14199940773752975,0.0,0.0,4721.398749413591,20,24.99999999999447,1.0
21.239999999872573,-0.16536784888031178,0.0,0.0,4499.496434073893,18,24.99999999999447,1.0
21.259999999871816,-0.18418619493172333,0.0,0.0,3955.901863074058,25,24.99999999999447,1.0
21.27999999987106,-0.19543308510151222,0.0,0.0,2798.5649775305747,38,24.99999999999447,1.0
21.299999999870302,-0.19510117946296632,0.0,0.0,2563.478264870414,32,24.99999999999447,1.0
21.319999999869545,-0.1863468745319762,0.0,0.0,2920.2606295437217,25,24.99999999999447,1.0
21.339999999868787,-0.17085654032632105,0.0,0.0,2765.4911053821697,26,24.99999999999447,1.0
21.35999999986803,-0.14021122604658695,0.0,0.0,2798.461143326427,27,24.99999999999447,1.0
21.379999999867273,-0.10586956883141842,0.0,0.0,3201.3827745831127,31,24.99999999999447,1.0
21.399999999866516,-0.07253065433758392,0.0,0.0,3588.067387833649,29,24.99999999999447,1.0
21.41999999986576,-0.04166714453910391,0.0,0.0,3881.2076617738335,26,24.99999999999447,1.0
21.439999999865,-0.014829103213366595,0.0,0.0,4115.6322098720075,23,24.99999999999447,1.0
21.459999999864245,0.007483444946031171,0.0,0.0,3864.6738947908957,21,24.99999999999447,1.0
21.479999999863487,0.025253969186025595,0.0,0.0,3461.031053975267,27,24.99999999999447,1.0
21.49999999986273,0.03528270260673636,0.0,0.0,2954.028253854586,31,24.99999999999447,1.0
21.519999999861973,0.035147491393180776,0.0,0.0,2943.631036163551,26,24.99999999999447,1.0
21.539999999861216,0.02073328094491887,0.0,0.0,2792.6230712248484,22,24.99999999999447,1.0
21.55999999986046,-0.006990748650519909,0.0,0.0,2385.1306646384046,22,24.99999999999447,1.0
21.5799999998597,-0.03535698335309456,0.0,0.0,2900.574996671429,30,24.99999999999447,1.0
21.599999999858944,-0.06599249814735476,0.0,0.0,3535.024826477089,30,24.99999999999447,1.0
21.619999999858187,-0.09394040158667825,0.0,0.0,4248.859415081746,26,24.99999999999447,1.0
21.63999999985743,-0.1196423992166298,0.0,0.0,4682.785132873822,20,24.99999999999447,1.0
21.659999999856673,-0.14167228869959586,0.0,0.0,4349.345943819102,19,24.99999999999447,1.0
21.679999999855916,-0.15971982472298993,0.0,0.0,3819.5799258465004,26,24.99999999999447,1.0
21.69999999985516,-0.1709689716205509,0.0,0.0,2708.9001084037345,37,24.99999999999447,1.0
21.7199999998544,-0.17021939626889315,0.0,0.0,2741.6825854679355,31,24.99999999999447,1.0
21.739999999853644,-0.16171395193096968,0.0,0.0,2902.959599376532,26,24.99999999999447,1.0
21.759999999852887,-0.14513827678607186,0.0,0.0,2755.7641642855997,28,24.99999999999447,1.0
21.77999999985213,-0.11272835122159651,0.0,0.0,2787.347094271203,30,24.99999999999447,1.0
21.799999999851373,-0.08043906429399278,0.0,0.0,3204.988651324982,33,24.99999999999447,1.0
21.819999999850616,-0.04788882426587575,0.0,0.0,3620.135032149901,31,24.99999999999447,1.0
21.83999999984986,-0.017966743108683677,0.0,0.0,3992.0522400179516,26,24.99999999999447,1.0
21.8599999998491,0.008032872426111143,0.0,0.0,4246.948837306412,22,24.99999999999447,1.0
21.879999999848344,0.03070294598108597,0.0,0.0,3868.932902790735,22,24.99999999999447,1.0
21.899999999847587,0.049316306379825495,0.0,0.0,3477.5797671238015,26,24.99999999999447,1.0
21.91999999984683,0.06003355933674177,0.0,0.0,2858.053905319118,32,24.99999999999447,1.0
21.939999999846073,0.060255712286105614,0.0,0.0,2963.8137831013537,28,24.99999999999447,1.0
21.959999999845316,0.04847291250900233,0.0,0.0,2930.2189518780933,23,24.99999999999447,1.0
21.97999999984456,0.021235224606798914,0.0,0.0,2428.59523650949,24,24.99999999999447,1.0
21.9999999998438,-0.0070151120660783975,0.0,0.0,2993.4922659008007,31,24.99999999999447,1.0
22.019999999843044,-0.03830835329899323,0.0,0.0,3509.1253951470267,32,24.99999999999447,1.0
22.039999999842287,-0.06657093722406984,0.0,0.0,4157.461311696014,24,24.99999999999447,1.0
22.05999999984153,-0.09238723419635587,0.0,0.0,4684.940645618755,21,24.99999999999447,1.0
22.079999999840773,-0.11455210837195895,0.0,0.0,4240.337815871372,19,24.99999999999447,1.0
22.099999999840016,-0.1329324279521818,0.0,0.0,3880.3758069293162,24,24.99999999999447,1.0
22.11999999983926,-0.14572498375059093,0.0,0.0,2806.0033849514384,36,24.99999999999447,1.0
22.1399999998385,-0.14618969432837375,0.0,0.0,2772.970700907153,31,24.99999999999447,1.0
22.159999999837744,-0.13874702994014518,0.0,0.0,2916.369804293632,23,24.99999999999447,1.0
22.179999999836987,-0.12288279933125609,0.0,0.0,2783.249924773679,24,24.99999999999447,1.0
22.19999999983623,-0.09164635838947884,0.0,0.0,2765.251020139227,26,24.99999999999447,1.0
22.219999999835473,-0.0608362338790318,0.0,0.0,3202.1309855283916,31,24.99999999999447,1.0
22.239999999834716,-0.028777652819793782,0.0,0.0,3620.367832359679,31,24.99999999999447,1.0
22.25999999983396,0.000528753299182703,0.0,0.0,4041.5032268469654,25,24.99999999999447,1.0
22.2799999998332,0.02676758924112835,0.0,0.0,4258.635447190022,21,24.99999999999447,1.0
22.299999999832444,0.05056005781323574,0.0,0.0,3905.344415068368,21,24.99999999999447,1.0
22.319999999831687,0.07047087358959835,0.0,0.0,3552.9511646487017,22,24.99999999999447,1.0
22.33999999983093,0.08407733612110195,0.0,0.0,2836.1497900917443,29,24.99999999999447,1.0
22.359999999830173,0.08642726443435443,0.0,0.0,3001.8982853513294,26,24.99999999999447,1.0
22.379999999829415,0.07906069644928758,0.0,0.0,2864.5234470890186,21,24.99999999999447,1.0
22.39999999982866,0.053935969108243796,0.0,0.0,2518.432594327856,22,24.99999999999447,1.0
22.4199999998279,0.02697895694119541,0.0,0.0,2850.623570902428,30,24.99999999999447,1.0
22.439999999827144,-0.004585809273634447,0.0,0.0,3380.2984197635647,33,24.99999999999447,1.0
22.459999999826387,-0.03417256419174691,0.0,0.0,3965.9668106890012,25,24.99999999999447,1.0
22.47999999982563,-0.06125404477059986,0.0,0.0,4653.701447787693,23,24.99999999999447,1.0
22.499999999824873,-0.08492151252076766,0.0,0.0,4343.045553920473,20,24.99999999999447,1.0
22.519999999824115,-0.10474737013051175,0.0,0.0,3867.594240616772,22,24.99999999999447,1.0
22.539999999823358,-0.11990730735716944,0.0,0.0,3068.6929623515957,33,24.99999999999447,1.0
22.5599999998226,-0.12430732793840857,0.0,0.0,2626.5620354084913,31,24.99999999999447,1.0
22.579999999821844,-0.118968406028433,0.0,0.0,2963.2472174302875,22,24.99999999999447,1.0
22.599999999821087,-0.10614565868336953,0.0,0.0,2857.0861744012896,24,24.99999999999447,1.0
22.61999999982033,-0.07768416068714502,0.0,0.0,2764.706321228617,29,24.99999999999447,1.0
22.639999999819572,-0.04774633369253417,0.0,0.0,3181.4221506431604,33,24.99999999999447,1.0
22.659999999818815,-0.016205015104866844,0.0,0.0,3605.059564200462,31,24.99999999999447,1.0
22.679999999818058,0.013546105671662206,0.0,0.0,4080.1037971429996,26,24.99999999999447,1.0
22.6999999998173,0.04091379301944759,0.0,0.0,4292.5447436004815,21,24.99999999999447,1.0
22.719999999816544,0.06615082574322596,0.0,0.0,4031.208811968372,18,24.99999999999447,1.0
22.739999999815787,0.08793715053756938,0.0,0.0,3636.7991973939656,21,24.99999999999447,1.0
22.75999999981503,0.10495103011982021,0.0,0.0,2954.2617327282933,27,24.99999999999447,1.0
22.779999999814272,0.11175284919798444,0.0,0.0,2919.125250531624,23,24.99999999999447,1.0
22.799999999813515,0.10850849569321941,0.0,0.0,2893.2363411783886,19,24.99999999999447,1.0
22.819999999812758,0.08897413593820767,0.0,0.0,2820.9670789184506,20,24.99999999999447,1.0
22.839999999812,0.06269504472576179,0.0,0.0,2718.519704219377,27,24.99999999999447,1.0
22.859999999811244,0.03293487745273272,0.0,0.0,3176.741891674821,32,24.99999999999447,1.0
22.879999999810487,0.001953930698988256,0.0,0.0,3672.4441088177327,32,24.99999999999447,1.0
22.89999999980973,-0.026912925278452505,0.0,0.0,4269.3705304762625,23,24.99999999999447,1.0
22.919999999808972,-0.0530135244544938,0.0,0.0,4461.888370149382,20,24.99999999999447,1.0
22.939999999808215,-0.07510885192021248,0.0,0.0,4180.143388988971,19,24.99999999999447,1.0
22.959999999807458,-0.09291284236565761,0.0,0.0,3465.346085868974,28,24.99999999999447,1.0
22.9799999998067,-0.10322266523458236,0.0,0.0,2462.4074381271744,34,24.99999999999447,1.0
22.999999999805944,-0.10177411550059162,0.0,0.0,2941.2874393182387,23,24.99999999999447,1.0
23.019999999805187,-0.09278143725117731,0.0,0.0,2866.4115660147254,22,24.99999999999447,1.0
23.03999999980443,-0.07047961747311865,0.0,0.0,2882.12374651692,23,24.99999999999447,1.0
23.059999999803672,-0.03981004749365587,0.0,0.0,3121.6344966055494,27,24.99999999999447,1.0
23.079999999802915,-0.009648007115015584,0.0,0.0,3572.0275518219205,31,24.99999999999447,1.0
23.099999999802158,0.02130706466558891,0.0,0.0,4114.674145436021,24,24.99999999999447,1.0
23.1199999998014,0.04990590415136387,0.0,0.0,4319.958243262913,19,24.99999999999447,1.0
23.139999999800644,0.07686845184075322,0.0,0.0,4181.851980618703,15,24.99999999999447,1.0
23.159999999799886,0.10051711875119941,0.0,0.0,4145.152610777893,17,24.99999999999447,1.0
23.17999999979913,0.12026619378709068,0.0,0.0,3189.068051553659,28,24.99999999999447,1.0
23.199999999798372,0.1325957992361316,0.0,0.0,2759.3487114084896,25,24.99999999999447,1.0
23.219999999797615,0.13454436455125407,0.0,0.0,2983.9198022104683,21,24.99999999999447,1.0
23.239999999796858,0.12443411832726903,0.0,0.0,2884.951791577469,19,24.99999999999447,1.0
23.2599999997961,0.09746382723281612,0.0,0.0,2289.0554707150604,22,24.99999999999447,1.0
23.279999999795344,0.07004294521223813,0.0,0.0,2808.0997568224366,31,24.99999999999447,1.0
23.299999999794586,0.038544065165449885,0.0,0.0,3397.255976277177,34,24.99999999999447,1.0
23.31999999979383,0.008528266838683208,0.0,0.0,3997.485708148197,26,24.99999999999447,1.0
23.339999999793072,-0.020197090372876956,0.0,0.0,4497.732164991285,22,24.99999999999447,1.0
23.359999999792315,-0.045039585212002735,0.0,0.0,4161.083660351373,20,24.99999999999447,1.0
23.379999999791558,-0.06568493536242445,0.0,0.0,3729.2215741768214,24,24.99999999999447,1.0
23.3999999997908,-0.08137255354374319,0.0,0.0,2789.0046596180573,34,24.99999999999447,1.0
23.419999999790043,-0.08581843807177528,0.0,0.0,2696.4848453221534,33,24.99999999999447,1.0
23.439999999789286,-0.08113370372439396,0.0,0.0,2924.937391061198,23,24.99999999999447,1.0
23.45999999978853,-0.06834101684727814,0.0,0.0,2796.7773211539525,25,24.99999999999447,1.0
23.479999999787772,-0.03769604965906517,0.0,0.0,2989.6073713580804,29,24.99999999999447,1.0
23.499999999787015,-0.00883826054264452,0.0,0.0,3476.715823298675,34,24.99999999999447,1.0
23.519999999786258,0.022626463947592372,0.0,0.0,4055.7558498392373,26,24.99999999999447,1.0
23.5399999997855,0.05272397517547506,0.0,0.0,4326.302414058367,22,24.99999999999447,1.0
23.559999999784743,0.08104715852221893,0.0,0.0,4312.8370694105615,18,24.99999999999447,1.0
23.579999999783986,0.1066974657406832,0.0,0.0,4099.506048052957,16,24.99999999999447,1.0
23.59999999978323,0.12901064104716062,0.0,0.0,3610.175157177152,27,24.99999999999447,1.0
23.619999999782472,0.14651272931325188,0.0,0.0,2699.5784653458686,32,24.99999999999447,1.0
23.639999999781715,0.1545423353307063,0.0,0.0,2886.752281776015,24,24.99999999999447,1.0
23.659999999780958,0.15245585362471334,0.0,0.0,2874.686414687692,22,24.99999999999447,1.0
23.6799999997802,0.12990876564889284,0.0,0.0,2698.3415848279833,23,24.99999999999447,1.0
23.699999999779443,0.1032390399022751,0.0,0.0,2436.109398601283,28,24.99999999999447,1.0
23.719999999778686,0.07249584788674296,0.0,0.0,3004.334571891588,32,24.99999999999447,1.0
23.73999999977793,0.04137929453548618,0.0,0.0,3639.0977898548754,34,24.99999999999447,1.0
23.759999999777172,0.011421246309421398,0.0,0.0,4281.584101282906,27,24.99999999999447,1.0
23.779999999776415,-0.01635110574688428,0.0,0.0,4288.135149061391,23,24.99999999999447,1.0
23.799999999775657,-0.04012193415844786,0.0,0.0,3958.6588116737057,23,24.99999999999447,1.0
23.8199999997749,-0.0593841831360961,0.0,0.0,3228.3872116324287,33,24.99999999999447,1.0
23.839999999774143,-0.07230607454876815,0.0,0.0,2297.793338210123,36,24.99999999999447,1.0
23.859999999773386,-0.07276471314323059,0.0,0.0,2820.4310831602925,27,24.99999999999447,1.0
23.87999999977263,-0.06602280923544691,0.0,0.0,2887.0134211967375,25,24.99999999999447,1.0
23.89999999977187,-0.048279444206577316,0.0,0.0,2834.874833958282,27,24.99999999999447,1.0
23.919999999771115,-0.015105620378303902,0.0,0.0,3297.715828197482,28,24.99999999999447,1.0
23.939999999770357,0.013982576181378863,0.0,0.0,3849.5428308557844,27,24.99999999999447,1.0
23.9599999997696,0.04609917119320654,0.0,0.0,4229.078545462921,21,24.99999999999447,1.0
23.979999999768843,0.07549397108247569,0.0,0.0,4400.8627062190835,17,24.99999999999447,1.0
23.999999999768086,0.10321123384737763,0.0,0.0,4175.931249719424,14,24.99999999999447,1.0
24.01999999976733,0.12769069895926569,0.0,0.0,3911.869686575046,15,24.99999999999447,1.0
24.03999999976657,0.14882520320838138,0.0,0.0,3068.815415053687,28,24.99999999999447,1.0
24.059999999765814,0.1638253187248221,0.0,0.0,2742.0568712533313,28,24.99999999999447,1.0
24.079999999765057,0.16882395555226254,0.0,0.0,2888.041116778031,19,24.99999999999447,1.0
24.0999999997643,0.1593641072342279,0.0,0.0,2821.2211469728168,17,24.99999999999447,1.0
24.119999999763543,0.13055799023992729,0.0,0.0,2131.9232487851,20,24.99999999999447,1.0
24.139999999762786,0.10242927097300487,0.0,0.0,2524.767392224921,25,24.99999999999447,1.0
24.15999999976203,0.07025010178667167,0.0,0.0,3205.918724923371,28,24.99999999999447,1.0
24.17999999976127,0.039444080134646536,0.0,0.0,3906.4965719972593,25,24.99999999999447,1.0
24.199999999760514,0.009749234640546764,0.0,0.0,4347.380451842084,21,24.99999999999447,1.0
24.219999999759757,-0.017142594152092242,0.0,0.0,4090.9618234170443,17,24.99999999999447,1.0
24.239999999759,-0.0399493758599675,0.0,0.0,3633.8294034711976,22,24.99999999999447,1.0
24.259999999758243,-0.05796196526365317,0.0,0.0,2704.0985019052573,30,24.99999999999447,1.0
24.279999999757486,-0.06727336694694769,0.0,0.0,2308.470831815027,26,24.99999999999447,1.0
24.29999999975673,-0.066029801789998,0.0,0.0,2828.4245606059603,18,24.99999999999447,1.0
24.31999999975597,-0.05775425585510609,0.0,0.0,2914.926962666038,25,24.99999999999447,1.0
24.339999999755214,-0.03650777967549202,0.0,0.0,2978.363608236654,25,24.99999999999447,1.0
24.359999999754457,-0.0038161206629674736,0.0,0.0,3489.4056327574413,28,24.99999999999447,1.0
24.3799999997537,0.02588587563909482,0.0,0.0,4127.836637794534,23,24.99999999999447,1.0
24.399999999752943,0.05775671088474931,0.0,0.0,4302.93858436757,18,24.99999999999447,1.0
24.419999999752186,0.08678886748880843,0.0,0.0,4306.538179865469,15,24.99999999999447,1.0
24.43999999975143,0.11381513206189664,0.0,0.0,4062.657133794404,13,24.99999999999447,1.0
24.45999999975067,0.13748754285388737,0.0,0.0,3697.9598094392986,19,24.99999999999447,1.0
24.479999999749914,0.15744387454189235,0.0,0.0,2783.321996888764,27,24.99999999999447,1.0
24.499999999749157,0.17055375300778122,0.0,0.0,2724.7962002732966,24,24.99999999999447,1.0
24.5199999997484,0.17274006162008315,0.0,0.0,2820.100075613216,20,24.99999999999447,1.0
24.539999999747643,0.1538922959932199,0.0,0.0,2844.191274584303,19,24.99999999999447,1.0
24.559999999746886,0.1257296796502206,0.0,0.0,1963.706643713478,23,24.99999999999447,1.0
24.57999999974613,0.09562344093909037,0.0,0.0,2599.1026179861233,25,24.99999999999447,1.0
24.59999999974537,0.06340230174815713,0.0,0.0,3338.036773996513,31,24.99999999999447,1.0
24.619999999744614,0.032558887768832416,0.0,0.0,4103.5863810833935,26,24.99999999999447,1.0
24.639999999743857,0.002972875940576858,0.0,0.0,4301.222398145828,21,24.99999999999447,1.0
24.6599999997431,-0.02334333008027602,0.0,0.0,4088.1494984518345,20,24.99999999999447,1.0
24.679999999742343,-0.04528306484147855,0.0,0.0,3431.051355367125,28,24.99999999999447,1.0
24.699999999741586,-0.062094630700080276,0.0,0.0,2334.5556438585645,32,24.99999999999447,1.0
24.71999999974083,-0.06953008647398165,0.0,0.0,2370.625699990864,29,24.99999999999447,1.0
24.73999999974007,-0.06740394268410523,0.0,0.0,2806.8189092977427,25,24.99999999999447,1.0
24.759999999739314,-0.058769450653250385,0.0,0.0,2961.7445520666706,29,24.99999999999447,1.0
24.779999999738557,-0.03898353051723161,0.0,0.0,3064.7895921048494,26,24.99999999999447,1.0
24.7999999997378,-0.005981888375964918,0.0,0.0,3565.6548484551636,27,24.99999999999447,1.0
24.819999999737043,0.023346289925711177,0.0,0.0,4098.96333826586,26,24.99999999999447,1.0
24.839999999736285,0.05507342392716165,0.0,0.0,4277.997380770094,21,24.99999999999447,1.0
24.85999999973553,0.08415796857369569,0.0,0.0,4226.45951329931,18,24.99999999999447,1.0
24.87999999973477,0.11073716667992219,0.0,0.0,3929.7403929569396,16,24.99999999999447,1.0
24.899999999734014,0.13389723933914804,0.0,0.0,3544.439939088946,20,24.99999999999447,1.0
24.919999999733257,0.15305998131875773,0.0,0.0,2776.842746592148,29,24.99999999999447,1.0
24.9399999997325,0.16542147250949946,0.0,0.0,2724.2963681232723,22,24.99999999999447,1.0
24.959999999731743,0.16629587081399338,0.0,0.0,2801.1300975890217,18,24.99999999999447,1.0
24.979999999730985,0.1439191126207606,0.0,0.0,2773.428698819707,19,24.99999999999447,1.0
24.99999999973023,0.11631020021364112,0.0,0.0,2364.6201606111354,21,24.99999999999447,1.0
25.01999999972947,0.08552120047626445,0.0,0.0,2706.008295159019,22,24.99999999999447,1.0
25.039999999728714,0.053136117538131016,0.0,0.0,3362.830833866138,26,24.99999999999447,1.0
25.059999999727957,0.02186607717451928,0.0,0.0,4177.027467929506,22,24.99999999999447,1.0
25.0799999997272,-0.007922902406481963,0.0,0.0,4303.243871218757,16,24.99999999999447,1.0
25.099999999726442,-0.0339711215676602,0.0,0.0,4019.5564873809885,15,24.99999999999447,1.0
25.119999999725685,-0.05571430547877388,0.0,0.0,3338.4398945476455,27,24.99999999999447,1.0
25.139999999724928,-0.07237439192131015,0.0,0.0,2290.322424657903,28,24.99999999999447,1.0
25.15999999972417,-0.08015880286446513,0.0,0.0,2268.887029418028,25,24.99999999999447,1.0
25.179999999723414,-0.07852238389749952,0.0,0.0,2734.6822947947467,23,24.99999999999447,1.0
25.199999999722657,-0.07037190117309865,0.0,0.0,2954.521996131272,27,24.99999999999447,1.0
25.2199999997219,-0.054350682657342636,0.0,0.0,3011.7452190365675,24,24.99999999999447,1.0
25.239999999721142,-0.022040522773774326,0.0,0.0,3468.479942917703,28,24.99999999999447,1.0
25.259999999720385,0.00757910991610064,0.0,0.0,4068.683033236072,24,24.99999999999447,1.0
25.279999999719628,0.03858605875704679,0.0,0.0,4220.189112020926,19,24.99999999999447,1.0
25.29999999971887,0.06841043697561729,0.0,0.0,4182.137177803597,16,24.99999999999447,1.0
25.319999999718114,0.09491974219561515,0.0,0.0,3886.421653458414,13,24.99999999999447,1.0
25.339999999717357,0.11841729427408246,0.0,0.0,3684.098688945054,15,24.99999999999447,1.0
25.3599999997166,0.13770380738298885,0.0,0.0,2975.108472062802,26,24.99999999999447,1.0
25.379999999715842,0.15107021517727726,0.0,0.0,2759.301995271935,26,24.99999999999447,1.0
25.399999999715085,0.15335884514216958,0.0,0.0,2784.2579479131505,19,24.99999999999447,1.0
25.419999999714328,0.1331914828794835,0.0,0.0,2855.0253147428957,18,24.99999999999447,1.0
25.43999999971357,0.10539071484702978,0.0,0.0,2363.348813964746,19,24.99999999999447,1.0
25.459999999712814,0.07515831862335197,0.0,0.0,2615.593818898686,20,24.99999999999447,1.0
25.479999999712057,0.0425218219180884,0.0,0.0,3195.979622996953,28,24.99999999999447,1.0
25.4999999997113,0.010976266729688162,0.0,0.0,4105.390393929829,24,24.99999999999447,1.0
25.519999999710542,-0.0191349947939987,0.0,0.0,4351.777188735689,17,24.99999999999447,1.0
25.539999999709785,-0.045585152534414135,0.0,0.0,4092.74187965713,16,24.99999999999447,1.0
25.559999999709028,-0.0680813639365815,0.0,0.0,3566.5309595988842,25,24.99999999999447,1.0
25.57999999970827,-0.08551867900043139,0.0,0.0,2425.349234319368,30,24.99999999999447,1.0
25.599999999707514,-0.09536748004768636,0.0,0.0,2072.220819286314,27,24.99999999999447,1.0
25.619999999706756,-0.09532768752624204,0.0,0.0,2674.251841802937,24,24.99999999999447,1.0
25.639999999706,-0.08827389726660223,0.0,0.0,2913.513632833904,28,24.99999999999447,1.0
25.659999999705242,-0.07511793555073659,0.0,0.0,3053.9908490768626,24,24.99999999999447,1.0
25.679999999704485,-0.04770559008460069,0.0,0.0,3291.07551478207,26,24.99999999999447,1.0
25.699999999703728,-0.015611863350860783,0.0,0.0,3846.7629006115912,23,24.99999999999447,1.0
25.71999999970297,0.014398982576597793,0.0,0.0,4109.72337901562,19,24.99999999999447,1.0
25.739999999702214,0.044963362342583364,0.0,0.0,4178.878400275964,15,24.99999999999447,1.0
25.759999999701456,0.07238816767915308,0.0,0.0,3979.3803631412948,12,24.99999999999447,1.0
25.7799999997007,0.09680558647002174,0.0,0.0,3709.33937843282,11,24.99999999999447,1.0
25.799999999699942,0.11716056432887093,0.0,0.0,3256.508637993722,22,24.99999999999447,1.0
25.819999999699185,0.13254744013866912,0.0,0.0,2897.0448517067925,25,24.99999999999447,1.0
25.839999999698428,0.13945815246448173,0.0,0.0,2742.8334800373373,18,24.99999999999447,1.0
25.85999999969767,0.1276971804316984,0.0,0.0,2803.2297494932413,17,24.99999999999447,1.0
25.879999999696913,0.09867466152025653,0.0,0.0,2268.3316441596585,20,24.99999999999447,1.0
25.899999999696156,0.07049381241401749,0.0,0.0,2541.711093127904,21,24.99999999999447,1.0
25.9199999996954,0.038064080295754185,0.0,0.0,2964.8773432635057,28,24.99999999999447,1.0
25.939999999694642,0.006134099033299045,0.0,0.0,3863.0423348292743,26,24.99999999999447,1.0
25.959999999693885,-0.024603605002312928,0.0,0.0,4418.062658551426,21,24.99999999999447,1.0
25.979999999693128,-0.05208136069790706,0.0,0.0,4174.734171861063,17,24.99999999999447,1.0
25.99999999969237,-0.07585365804128025,0.0,0.0,3753.861168069801,22,24.99999999999447,1.0
26.019999999691613,-0.09466496030308363,0.0,0.0,2760.537005284672,34,24.99999999999447,1.0
26.039999999690856,-0.10789302122590277,0.0,0.0,2081.6074637903066,31,24.99999999999447,1.0
26.0599999996901,-0.11125155087877223,0.0,0.0,2466.6519075622214,20,24.99999999999447,1.0
26.079999999689342,-0.10615145465934236,0.0,0.0,2835.8722523803335,26,24.99999999999447,1.0
26.099999999688585,-0.09564293172712691,0.0,0.0,3041.6547001230665,29,24.99999999999447,1.0
26.119999999687828,-0.07620714126520071,0.0,0.0,3100.2446351171093,27,24.99999999999447,1.0
26.13999999968707,-0.04169183820817175,0.0,0.0,3568.8145719127047,29,24.99999999999447,1.0
26.159999999686313,-0.011289887167825328,0.0,0.0,4033.7307918850925,26,24.99999999999447,1.0
26.179999999685556,0.019782250392675334,0.0,0.0,4197.412563303806,21,24.99999999999447,1.0
26.1999999996848,0.04873986776027673,0.0,0.0,4074.250018401676,19,24.99999999999447,1.0
26.219999999684042,0.07438285984619185,0.0,0.0,3729.347762357077,16,24.99999999999447,1.0
26.239999999683285,0.09660919183264054,0.0,0.0,3505.4284696649224,20,24.99999999999447,1.0
26.259999999682528,0.11446378238241241,0.0,0.0,2854.983457711649,28,24.99999999999447,1.0
26.27999999968177,0.1260719403805045,0.0,0.0,2795.2875049685254,23,24.99999999999447,1.0
26.299999999681013,0.12576134840474218,0.0,0.0,2810.649085944967,21,24.99999999999447,1.0
26.319999999680256,0.10131624064253003,0.0,0.0,2652.8322740622275,21,24.99999999999447,1.0
26.3399999996795,0.07429086512878433,0.0,0.0,2445.004546580042,22,24.99999999999447,1.0
26.35999999967874,0.04337561025932854,0.0,0.0,2712.2414208538585,22,24.99999999999447,1.0
26.379999999677985,0.01098001246546688,0.0,0.0,3446.088740737351,26,24.99999999999447,1.0
26.399999999677227,-0.020266530037971305,0.0,0.0,4338.479153958895,24,24.99999999999447,1.0
26.41999999967647,-0.04907467145505529,0.0,0.0,4340.41594335927,16,24.99999999999447,1.0
26.439999999675713,-0.07444857335956057,0.0,0.0,4042.7258835763773,14,24.99999999999447,1.0
26.459999999674956,-0.09566711613424747,0.0,0.0,3403.2118668321036,26,24.99999999999447,1.0
26.4799999996742,-0.11188111726288896,0.0,0.0,2301.4579138337567,31,24.99999999999447,1.0
26.49999999967344,-0.12034701470900322,0.0,0.0,2089.7908888450816,28,24.99999999999447,1.0
26.519999999672685,-0.1194188855812216,0.0,0.0,2679.8915927059843,25,24.99999999999447,1.0
26.539999999671927,-0.11142183038329391,0.0,0.0,2920.7295959232297,24,24.99999999999447,1.0
26.55999999967117,-0.09744043132245926,0.0,0.0,3055.2615370144454,26,24.99999999999447,1.0
26.579999999670413,-0.06885878845310378,0.0,0.0,3283.0355263996753,28,24.99999999999447,1.0
26.599999999669656,-0.03546925341424176,0.0,0.0,3828.242868874947,25,24.99999999999447,1.0
26.6199999996689,-0.004412042499174598,0.0,0.0,4068.600489856952,22,24.99999999999447,1.0
26.63999999966814,0.025919122671291372,0.0,0.0,4120.79599638376,18,24.99999999999447,1.0
26.659999999667384,0.05353346402280071,0.0,0.0,3939.7084830188173,14,24.99999999999447,1.0
26.679999999666627,0.07784369978057795,0.0,0.0,3652.1120020787075,13,24.99999999999447,1.0
26.69999999966587,0.0985006048400411,0.0,0.0,3237.6510596458397,24,24.99999999999447,1.0
26.719999999665113,0.114383613642722,0.0,0.0,2952.8343034622576,27,24.99999999999447,1.0
26.739999999664356,0.12254692609426994,0.0,0.0,2732.1042372552656,21,24.99999999999447,1.0
26.7599999996636,0.11465151150059932,0.0,0.0,2881.4384236025844,19,24.99999999999447,1.0
26.77999999966284,0.08533264447845017,0.0,0.0,2252.1455900620053,19,24.99999999999447,1.0
26.799999999662084,0.05794055375585802,0.0,0.0,2546.927880989678,22,24.99999999999447,1.0
26.819999999661327,0.025953398477928404,0.0,0.0,2950.866298177815,30,24.99999999999447,1.0
26.83999999966057,-0.005863142085375713,0.0,0.0,3865.6198982493875,28,24.99999999999447,1.0
26.859999999659813,-0.036099735045994084,0.0,0.0,4431.128085303922,21,24.99999999999447,1.0
26.879999999659056,-0.06350108836684383,0.0,0.0,4257.86466341102,17,24.99999999999447,1.0
26.8999999996583,-0.08742141756911173,0.0,0.0,3785.246193204967,19,24.99999999999447,1.0
26.91999999965754,-0.10661478299776514,0.0,0.0,2920.7119101746903,34,24.99999999999447,1.0
26.939999999656784,-0.12065024353909864,0.0,0.0,2051.07198339965,30,24.99999999999447,1.0
26.959999999656027,-0.125470030187504,0.0,0.0,2355.1444957240496,20,24.99999999999447,1.0
26.97999999965527,-0.12164095379329173,0.0,0.0,2760.9870974112614,25,24.99999999999447,1.0
26.999999999654513,-0.1116629318324109,0.0,0.0,2981.23217923658,27,24.99999999999447,1.0
27.019999999653756,-0.09411678378411041,0.0,0.0,3005.1194013845407,26,24.99999999999447,1.0
27.039999999653,-0.05990260907682786,0.0,0.0,3426.859725326651,26,24.99999999999447,1.0
27.05999999965224,-0.028060207390007762,0.0,0.0,3978.509415141673,25,24.99999999999447,1.0
27.079999999651484,0.003360550521249284,0.0,0.0,4120.655087445205,21,24.99999999999447,1.0
27.099999999650727,0.0329462302502597,0.0,0.0,4061.1054976184364,17,24.99999999999447,1.0
27.11999999964997,0.05960129534266457,0.0,0.0,3787.1870284082997,14,24.99999999999447,1.0
27.139999999649213,0.0827486967000474,0.0,0.0,3536.9041093067544,15,24.99999999999447,1.0
27.159999999648456,0.10221948726145207,0.0,0.0,2940.641264828579,24,24.99999999999447,1.0
27.1799999996477,0.11673358341511436,0.0,0.0,2809.0909997042945,24,24.99999999999447,1.0
27.19999999964694,0.12168043955649716,0.0,0.0,2717.8443321576174,21,24.99999999999447,1.0
27.219999999646184,0.10520088897903133,0.0,0.0,2879.423317508047,18,24.99999999999447,1.0
27.239999999645427,0.07675883251726928,0.0,0.0,2381.6065056620023,21,24.99999999999447,1.0
27.25999999964467,0.04822173918155567,0.0,0.0,2617.3114560555814,23,24.99999999999447,1.0
27.279999999643913,0.016058499752608885,0.0,0.0,3209.6472190901018,28,24.99999999999447,1.0
27.299999999643155,-0.015297822512147393,0.0,0.0,4169.718359822486,25,24.99999999999447,1.0
27.3199999996424,-0.044744907577291375,0.0,0.0,4413.983972352297,18,24.99999999999447,1.0
27.33999999964164,-0.07106013928206484,0.0,0.0,4159.788461359616,14,24.99999999999447,1.0
27.359999999640884,-0.09363420547306965,0.0,0.0,3723.351995830721,21,24.99999999999447,1.0
27.379999999640127,-0.11141995565828448,0.0,0.0,2565.94888586819,34,24.99999999999447,1.0
27.39999999963937,-0.12357296494067173,0.0,0.0,1951.3940071690372,30,24.99999999999447,1.0
27.419999999638613,-0.12597405982683582,0.0,0.0,2542.469109740853,19,24.99999999999447,1.0
27.439999999637855,-0.1201816955896537,0.0,0.0,2841.4505322718223,24,24.99999999999447,1.0
27.4599999996371,-0.10892040630023539,0.0,0.0,3045.866011075324,25,24.99999999999447,1.0
27.47999999963634,-0.08670107127496289,0.0,0.0,3106.7997282063247,24,24.99999999999447,1.0
27.499999999635584,-0.051384974382526295,0.0,0.0,3615.367043625042,25,24.99999999999447,1.0
27.519999999634827,-0.01985685425528629,0.0,0.0,3930.643823344826,21,24.99999999999447,1.0
27.53999999963407,0.011258827299263868,0.0,0.0,4095.5195971389508,16,24.99999999999447,1.0
27.559999999633312,0.04019583594734476,0.0,0.0,4009.7113817483482,14,24.99999999999447,1.0
27.579999999632555,0.0661850597722216,0.0,0.0,3660.2380335482985,13,24.99999999999447,1.0
27.599999999631798,0.08866959934944293,0.0,0.0,3380.240792052184,16,24.99999999999447,1.0
27.61999999963104,0.10742521509196441,0.0,0.0,2698.1700011558632,26,24.99999999999447,1.0
27.639999999630284,0.12064179017818417,0.0,0.0,2732.2333926139568,22,24.99999999999447,1.0
27.659999999629527,0.12264663896846573,0.0,0.0,2658.1646396534525,21,24.99999999999447,1.0
27.67999999962877,0.10084150066497607,0.0,0.0,2849.287624233148,19,24.99999999999447,1.0
27.699999999628012,0.07308889765180251,0.0,0.0,2481.639722086131,23,24.99999999999447,1.0
27.719999999627255,0.043462850719963426,0.0,0.0,2697.600787408561,23,24.99999999999447,1.0
27.739999999626498,0.011553033074238378,0.0,0.0,3442.760007131417,27,24.99999999999447,1.0
27.75999999962574,-0.019284535835494266,0.0,0.0,4342.701988508899,25,24.99999999999447,1.0
27.779999999624984,-0.04817859549708044,0.0,0.0,4391.632108424341,17,24.99999999999447,1.0
27.799999999624227,-0.07393649965468597,0.0,0.0,4146.147097877319,14,24.99999999999447,1.0
27.81999999962347,-0.0956616659883218,0.0,0.0,3597.781014718087,25,24.99999999999447,1.0
27.839999999622712,-0.11250539419931965,0.0,0.0,2370.8265750526225,33,24.99999999999447,1.0
27.859999999621955,-0.12300809285152156,0.0,0.0,1998.5971292357149,28,24.99999999999447,1.0
27.879999999621198,-0.12385197659616869,0.0,0.0,2636.491966173197,20,24.99999999999447,1.0
27.89999999962044,-0.11720296991567189,0.0,0.0,2871.9336621884677,26,24.99999999999447,1.0
27.919999999619684,-0.1048448177357413,0.0,0.0,3093.6397465540285,28,24.99999999999447,1.0
27.939999999618927,-0.07883295631097277,0.0,0.0,3176.214275649661,26,24.99999999999447,1.0
27.95999999961817,-0.044217914999404466,0.0,0.0,3731.6109202053644,28,24.99999999999447,1.0
27.979999999617412,-0.012734461819607242,0.0,0.0,3947.573044443503,23,24.99999999999447,1.0
27.999999999616655,0.018182643041887048,0.0,0.0,4075.745772391283,19,24.99999999999447,1.0
28.019999999615898,0.04686440861287377,0.0,0.0,3955.1094726267484,15,24.99999999999447,1.0
28.03999999961514,0.07235135953740009,0.0,0.0,3607.4879783259053,15,24.99999999999447,1.0
28.059999999614384,0.0942961842752078,0.0,0.0,3216.3261663079834,20,24.99999999999447,1.0
28.079999999613626,0.1125548116875487,0.0,0.0,2741.139927340749,26,24.99999999999447,1.0
28.09999999961287,0.12473753402010364,0.0,0.0,2734.804343751021,23,24.99999999999447,1.0
28.119999999612112,0.12471906811523886,0.0,0.0,2671.936204134472,19,24.99999999999447,1.0
28.139999999611355,0.09978238824962925,0.0,0.0,2691.704030205983,18,24.99999999999447,1.0
28.159999999610598,0.07243175437198693,0.0,0.0,2544.7777067724346,19,24.99999999999447,1.0
28.17999999960984,0.04227777093515536,0.0,0.0,2770.4772392305053,20,24.99999999999447,1.0
28.199999999609084,0.010526636849375279,0.0,0.0,3618.6766054553814,27,24.99999999999447,1.0
28.219999999608326,-0.020140505021097786,0.0,0.0,4371.170968243279,20,24.99999999999447,1.0
28.23999999960757,-0.048647518413331876,0.0,0.0,4383.274283427445,13,24.99999999999447,1.0
28.259999999606812,-0.07391179808629422,0.0,0.0,4076.377342975079,12,24.99999999999447,1.0
28.279999999606055,-0.09500654351926799,0.0,0.0,3363.022539092591,24,24.99999999999447,1.0
28.299999999605298,-0.11136183106529458,0.0,0.0,2224.7462367021017,27,24.99999999999447,1.0
28.31999999960454,-0.12078024404618001,0.0,0.0,2069.7663953744636,23,24.99999999999447,1.0
28.339999999603783,-0.12082177336151749,0.0,0.0,2679.133837183598,17,24.99999999999447,1.0
28.359999999603026,-0.11377630961450964,0.0,0.0,2887.673214504212,23,24.99999999999447,1.0
28.37999999960227,-0.10059267367625958,0.0,0.0,3104.978215128874,23,24.99999999999447,1.0
28.399999999601512,-0.07220671629274746,0.0,0.0,3235.3101211902986,22,24.99999999999447,1.0
28.419999999600755,-0.03828979916167481,0.0,0.0,3826.413174027126,23,24.99999999999447,1.0
28.439999999599998,-0.006871222972733079,0.0,0.0,3968.6304490733705,17,24.99999999999447,1.0
28.45999999959924,0.023728084816586073,0.0,0.0,4052.978429982208,12,24.99999999999447,1.0
28.479999999598483,0.05229310296297265,0.0,0.0,3875.8151732059805,10,24.99999999999447,1.0
28.499999999597726,0.07759715795746014,0.0,0.0,3555.669069670056,11,24.99999999999447,1.0
28.51999999959697,0.0993809403015005,0.0,0.0,3136.4459295932556,21,24.99999999999447,1.0
28.539999999596212,0.11737615301582865,0.0,0.0,2782.6688158030056,23,24.99999999999447,1.0
28.559999999595455,0.12873066997710866,0.0,0.0,2732.0006024689346,17,24.99999999999447,1.0
28.579999999594698,0.12749960747372355,0.0,0.0,2661.237895533892,15,24.99999999999447,1.0
28.59999999959394,0.10032484808084104,0.0,0.0,2543.1284159047427,15,24.99999999999447,1.0
28.619999999593183,0.0731087854410523,0.0,0.0,2591.1761115556774,18,24.99999999999447,1.0
28.639999999592426,0.04273430447983578,0.0,0.0,2815.233616245169,21,24.99999999999447,1.0
28.65999999959167,0.011326771902653068,0.0,0.0,3737.5323593875946,24,24.99999999999447,1.0
28.679999999590912,-0.019158186716297133,0.0,0.0,4384.310312332239,18,24.99999999999447,1.0
28.699999999590155,-0.04752169591444848,0.0,0.0,4364.079405430362,12,24.99999999999447,1.0
28.719999999589398,-0.0726380679237043,0.0,0.0,4005.40455654063,10,24.99999999999447,1.0
28.73999999958864,-0.09338216533727166,0.0,0.0,3208.858120144508,25,24.99999999999447,1.0
28.759999999587883,-0.10935660782307698,0.0,0.0,2113.49748357051,26,24.99999999999447,1.0
28.779999999587126,-0.11824519710440777,0.0,0.0,2119.2928960462154,18,24.99999999999447,1.0
28.79999999958637,-0.11791453742475203,0.0,0.0,2689.6993575816673,17,24.99999999999447,1.0
28.81999999958561,-0.1107708908608107,0.0,0.0,2893.4410277865563,22,24.99999999999447,1.0
28.839999999584855,-0.09730202541198704,0.0,0.0,3084.8513242746976,21,24.99999999999447,1.0
28.859999999584097,-0.06812187995432704,0.0,0.0,3244.8031957795583,21,24.99999999999447,1.0
28.87999999958334,-0.03452097908996312,0.0,0.0,3810.3799462274624,24,24.99999999999447,1.0
28.899999999582583,-0.0031874261389769664,0.0,0.0,3964.8233177219113,17,24.99999999999447,1.0
28.919999999581826,0.027454889405961365,0.0,0.0,4037.1863753747,12,24.99999999999447,1.0
28.93999999958107,0.056046207789359793,0.0,0.0,3824.12282253879,10,24.99999999999447,1.0
28.95999999958031,0.08119003678129158,0.0,0.0,3505.552332308569,11,24.99999999999447,1.0
28.979999999579555,0.10283477425606026,0.0,0.0,3080.200778272073,23,24.99999999999447,1.0
28.999999999578797,0.12073957737751075,0.0,0.0,2797.1046019587034,23,24.99999999999447,1.0
29.01999999957804,0.13176632912523373,0.0,0.0,2717.218609386718,19,24.99999999999447,1.0
29.039999999577283,0.13013311518381257,0.0,0.0,2639.9921716217823,18,24.99999999999447,1.0
29.059999999576526,0.10213640288566186,0.0,0.0,2430.6096088733875,17,24.99999999999447,1.0
29.07999999957577,0.07505804411667805,0.0,0.0,2615.249287527653,20,24.99999999999447,1.0
29.09999999957501,0.04469395975011264,0.0,0.0,2854.64999679377,25,24.99999999999447,1.0
29.119999999574254,0.013391542008411332,0.0,0.0,3802.6096542769333,27,24.99999999999447,1.0
29.139999999573497,-0.017057246395000537,0.0,0.0,4387.448741682617,19,24.99999999999447,1.0
29.15999999957274,-0.045329537565267884,0.0,0.0,4348.711113623512,13,24.99999999999447,1.0
29.179999999571983,-0.07034548319860527,0.0,0.0,3962.258833180698,12,24.99999999999447,1.0
29.199999999571226,-0.09101683282122625,0.0,0.0,3150.9784860187647,27,24.99999999999447,1.0
29.21999999957047,-0.10699832414873038,0.0,0.0,2081.8709294883306,27,24.99999999999447,1.0
29.23999999956971,-0.115911160626678,0.0,0.0,2121.619039646627,21,24.99999999999447,1.0
29.259999999568954,-0.1156721017625828,0.0,0.0,2687.4146979767092,20,24.99999999999447,1.0
29.279999999568197,-0.10872448804328246,0.0,0.0,2888.5306660884703,24,24.99999999999447,1.0
29.29999999956744,-0.09549661355641735,0.0,0.0,3116.026024523292,23,24.99999999999447,1.0
29.319999999566683,-0.06682949229337137,0.0,0.0,3256.1718884288202,22,24.99999999999447,1.0
29.339999999565926,-0.03312127856358135,0.0,0.0,3774.020183082292,25,24.99999999999447,1.0
29.35999999956517,-0.0018784231068752705,0.0,0.0,3943.922095987647,19,24.99999999999447,1.0
29.37999999956441,0.02871529465954458,0.0,0.0,4015.349909039427,14,24.99999999999447,1.0
29.399999999563654,0.05756684285968851,0.0,0.0,3796.1450230016676,13,24.99999999999447,1.0
29.419999999562897,0.08288652985399346,0.0,0.0,3468.8613123057785,13,24.99999999999447,1.0
29.43999999956214,0.1046954147877442,0.0,0.0,3038.2172502769627,23,24.99999999999447,1.0
29.459999999561383,0.12273626417736466,0.0,0.0,2777.72357233874,24,24.99999999999447,1.0
29.479999999560626,0.13421280392299936,0.0,0.0,2708.8641752489243,20,24.99999999999447,1.0
29.49999999955987,0.13301175355621564,0.0,0.0,2615.187187566897,19,24.99999999999447,1.0
29.51999999955911,0.1055438550356432,0.0,0.0,2486.162227124279,19,24.99999999999447,1.0
29.539999999558354,0.07847251342355052,0.0,0.0,2622.42668117646,22,24.99999999999447,1.0
29.559999999557597,0.04850067770989545,0.0,0.0,2837.7373137110512,23,24.99999999999447,1.0
29.57999999955684,0.017402129824526845,0.0,0.0,3770.909257584914,28,24.99999999999447,1.0
29.599999999556083,-0.013067480157308417,0.0,0.0,4098.765607033558,20,24.99999999999447,1.0
29.619999999555326,-0.041595801139456545,0.0,0.0,4131.518811117663,14,24.99999999999447,1.0
29.63999999955457,-0.06690802114972023,0.0,0.0,3962.45636790415,13,24.99999999999447,1.0
29.65999999955381,-0.08780762785634891,0.0,0.0,3192.0653210987316,28,24.99999999999447,1.0
29.679999999553054,-0.10400800824726547,0.0,0.0,2112.5029892505113,29,24.99999999999447,1.0
29.699999999552297,-0.11363796738528173,0.0,0.0,2090.2152118965946,23,24.99999999999447,1.0
29.71999999955154,-0.11406795054084527,0.0,0.0,2661.5181690841573,20,24.99999999999447,1.0
29.739999999550783,-0.10772851660044333,0.0,0.0,2865.6462261191205,25,24.99999999999447,1.0
29.759999999550026,-0.09544163171836907,0.0,0.0,3125.9229472761617,26,24.99999999999447,1.0
29.77999999954927,-0.0686257274409267,0.0,0.0,3221.9443806609615,22,24.99999999999447,1.0
29.79999999954851,-0.03450235658518328,0.0,0.0,3746.9532385467082,27,24.99999999999447,1.0
29.819999999547754,-0.00316967662291505,0.0,0.0,3765.0415540604317,20,24.99999999999447,1.0
29.839999999546997,0.027625562319208676,0.0,0.0,3764.625054867766,15,24.99999999999447,1.0
29.85999999954624,0.05678451256193842,0.0,0.0,3641.68466957536,15,24.99999999999447,1.0
29.879999999545483,0.08242971214536496,0.0,0.0,3443.5652378948043,16,24.99999999999447,1.0
29.899999999544725,0.10454501970859342,0.0,0.0,3051.3958385053834,26,24.99999999999447,1.0
29.91999999954397,0.12303512805754524,0.0,0.0,2720.9890913692675,26,24.99999999999447,1.0
29.93999999954321,0.13544601151893768,0.0,0.0,2697.9547659057907,21,24.99999999999447,1.0
29.959999999542454,0.13550755440111623,0.0,0.0,2587.190624313172,18,24.99999999999447,1.0
29.979999999541697,0.10997298009216254,0.0,0.0,2634.384845268065,18,24.99999999999447,1.0
29.99999999954094,0.082774854885372,0.0,0.0,2611.4223780517696,20,24.99999999999447,1.0
