t,omega_hub,omega_gnd,tau_gen,T_max,n_slack,backline_payout,k_mppt_scale
0.019999999999999858,9.519763386849425,9.757847888705935,1047.3715496103516,0.0,75,0.0,1.0
0.03999999999999904,9.551057722770372,9.71146444994344,1037.4379593876677,0.0,75,0.0,1.0
0.05999999999999823,9.577819483708597,9.43387729483611,978.978448954267,0.0,75,0.0,1.0
0.07999999999999742,9.601923337184692,9.062241729357591,903.3664767744107,0.0,75,0.0,1.0
0.0999999999999966,9.623939858459405,8.677203933804092,828.2325491970773,0.0,75,0.0,1.0
0.11999999999999579,9.644853930057561,8.323127728179859,762.0190069755606,0.0,75,0.0,1.0
0.14000000000000018,9.665344585325368,8.02102156330406,707.7046561088757,0.0,75,0.0,1.0
0.1600000000000063,9.68587228969497,7.778961621451066,665.6346829880947,0.0,75,0.0,1.0
0.18000000000001243,9.707214741025826,7.597877388275644,635.0051488799736,0.0,75,0.0,1.0
0.20000000000001855,9.729552771597941,7.47416039089647,614.4938090373024,0.0,75,0.0,1.0
0.22000000000002468,9.752739311714654,7.401205504339448,602.5562720921099,0.0,75,0.0,1.0
0.2400000000000308,9.77643366821338,7.369921883903539,597.4732343232433,0.0,75,0.0,1.0
0.26000000000003,9.80014450405631,7.36969426802077,597.4363296450801,0.0,75,0.0,1.0
0.28000000000002223,9.823364773680304,7.389806575936165,600.7016535272431,0.0,75,0.0,1.0
0.3000000000000145,9.845665809130814,7.4209770557815835,605.7799050868036,0.0,75,0.0,1.0
0.3200000000000067,9.866764985616008,7.456598755464801,611.6095149999915,0.0,75,0.0,1.0
0.33999999999999897,9.886531878775696,7.493227357768464,617.6330185873073,0.0,75,0.0,1.0
0.3599999999999912,9.90495054517823,7.530257558337905,623.7525678439567,0.0,75,0.0,1.0
0.37999999999998346,9.922079066946504,7.568985073767406,630.1848855160516,0.0,75,0.0,1.0
0.3999999999999757,9.938044889342954,7.611399728812365,637.2674641494143,0.0,75,0.0,1.0
0.41999999999996795,9.953037572169839,7.659134030837164,645.2856751256073,0.0,75,0.0,1.0
0.4399999999999602,9.967289442408704,7.7128232707126045,654.3640708577046,0.0,75,0.0,1.0
0.45999999999995245,9.98102576171719,7.771970464080682,664.4387738399674,0.0,75,0.0,1.0
0.4799999999999447,9.994412256848815,7.835226780580636,675.298565734408,0.0,75,0.0,1.0
0.49999999999993694,10.007530453787426,7.900875953963834,686.6622492391632,0.0,75,0.0,1.0
0.5199999999999569,10.02038793956725,7.967303004692074,698.2570888543288,0.0,75,0.0,1.0
0.5399999999999769,10.03295101736197,8.033311297883758,709.8749944957751,0.0,75,0.0,1.0
0.559999999999997,10.045177075056996,8.098236717352897,721.3958172331089,0.0,75,0.0,1.0
0.580000000000017,10.057033873288546,8.16187377627477,732.7780189382596,0.0,75,0.0,1.0
0.600000000000037,10.068505413732224,8.22428259151768,744.0270655965484,0.0,75,0.0,1.0
0.620000000000057,10.079590861059256,8.285555910204556,755.1548041523821,0.0,75,0.0,1.0
0.640000000000077,10.090303600905179,8.345625688175662,766.1441493985125,0.0,75,0.0,1.0
0.660000000000097,10.100673152670982,8.404177419605762,776.9321791023251,0.0,75,0.0,1.0
0.680000000000117,10.110741272355073,8.46069332173256,787.4166463285094,0.0,75,0.0,1.0
0.700000000000137,10.12054787709371,8.514595696093696,797.4817385473103,0.0,75,0.0,1.0
0.720000000000157,10.130126867653152,8.565426921524955,807.031921827829,0.0,75,0.0,1.0
0.740000000000177,10.139494551251575,8.612991761880604,816.0198979924547,0.0,75,0.0,1.0
0.760000000000197,10.14864771236171,8.657401707096229,824.4566474983598,0.0,75,0.0,1.0
0.780000000000217,10.15757131964626,8.699020552432284,832.402544288032,0.0,75,0.0,1.0
0.800000000000237,10.166247771137416,8.738351082245227,839.9465760023396,0.0,75,0.0,1.0
0.820000000000257,10.174662625345125,8.775901574079501,847.1809328172418,0.0,75,0.0,1.0
0.840000000000277,10.1828070819827,8.812074567054877,854.1792399286893,0.0,75,0.0,1.0
0.860000000000297,10.190677700867974,8.847099616616617,860.982887889717,0.0,75,0.0,1.0
0.880000000000317,10.198275836914982,8.881013634595638,867.5964349566099,0.0,75,0.0,1.0
0.900000000000337,10.205608817205173,8.913693722951182,873.9932936523724,0.0,75,0.0,1.0
0.920000000000357,10.212690556672232,8.944938348844545,880.1311427109275,0.0,75,0.0,1.0
0.940000000000377,10.219537815643232,8.974567377922547,885.9714558295874,0.0,75,0.0,1.0
0.960000000000397,10.226165690657433,9.002510273409717,891.4971034513225,0.0,75,0.0,1.0
0.980000000000417,10.232583166669647,9.02884997791797,896.7214511612425,0.0,75,0.0,1.0
1.000000000000437,10.23879121796731,9.053804435918883,901.6851224025088,0.0,75,0.0,1.0
1.020000000000457,10.244785492794135,9.077660076269098,906.4430370631886,0.0,75,1.375433612623494e-7,1.0
1.040000000000477,10.250561103211645,9.100697033164096,911.0495513838596,0.0,75,2.3083729031952617e-6,1.0
1.060000000000497,10.256115296472558,9.123127498547829,915.5460089023552,0.0,75,1.1493105669529806e-5,1.0
1.080000000000517,10.261448766546991,9.14506932961915,919.9552234789493,0.0,75,3.516733814257671e-5,1.0
1.100000000000537,10.26656481713803,9.166549065176914,924.2818394072534,0.0,75,8.263287038081182e-5,1.0
1.120000000000557,10.271467622553573,9.187520870185947,928.5159371411258,0.0,75,0.00016447211471239709,1.0
1.140000000000577,10.276162818772494,9.207895216733455,932.6386775457712,0.0,75,0.00029210591728078624,1.0
1.160000000000597,10.280658508865933,9.227580381561197,936.6306366799038,0.0,75,0.0004774379731881219,1.0
1.180000000000617,10.284963973067509,9.246520688946003,940.479593362171,0.0,75,0.0007325715467829595,1.0
1.200000000000637,10.289087930992645,9.264725163051152,944.186455815605,0.0,75,0.0010695863761848957,1.0
1.220000000000657,10.293036331134738,9.282273776732728,947.7666711284206,0.0,75,0.0015003654959419221,1.0
1.240000000000677,10.296810473529623,9.299290402454096,951.2448218809235,0.0,75,0.002036463297422764,1.0
1.260000000000697,10.30040919504549,9.315896095723616,954.6451207295036,0.0,75,0.0026890075008539484,1.0
1.280000000000717,10.303831680995017,9.33217425775166,957.9842401474701,0.0,75,0.0034686288683658363,1.0
1.300000000000737,10.307079293881346,9.348154499113969,961.267917932352,0.0,75,0.004385413472098038,1.0
1.320000000000757,10.310155704021541,9.363821772783824,964.4927401170644,0.0,75,0.005448873169557156,1.0
1.340000000000777,10.313065752201036,9.37913983184469,967.650903838252,0.0,75,0.006667930650901933,1.0
1.360000000000797,10.315813248504368,9.394069521609172,970.7339639450902,0.0,75,0.008050916027646933,1.0
1.380000000000817,10.318401202266598,9.408574762417219,973.7340696599365,0.0,75,0.009605572444922163,1.0
1.400000000000837,10.320832335690136,9.422631039370067,976.6457327451026,0.0,75,0.011339068633239432,1.0
1.420000000000857,10.323111535624463,9.43623264731844,979.467352317502,0.0,75,0.013258016682169955,1.0
1.440000000000877,10.325243699512642,9.449401174737792,982.2030081724956,0.0,75,0.01536849362729162,1.0
1.460000000000897,10.327232542044015,9.462185301259893,984.8624574291665,0.0,75,0.01767606570169202,1.0
1.480000000000917,10.329079053767856,9.474645663142486,987.4580148631518,0.0,75,0.020185814321485942,1.0
1.500000000000937,10.330782929269104,9.486828201359465,989.9990025432019,0.0,75,0.022902363057461985,1.0
1.520000000000957,10.332344335859803,9.498749314258495,992.4886238863885,0.0,75,0.02582990499745935,1.0
1.540000000000977,10.333765735713403,9.510398390084955,994.9244529194356,0.0,75,0.028972230030972705,1.0
1.560000000000997,10.335051202250693,9.521754313603477,997.3018572948907,0.0,75,0.0323327516927061,1.0
1.580000000001017,10.336205425123298,9.53280543010558,999.6181730507545,0.0,75,0.035914533288699486,1.0
1.600000000001037,10.337231675000725,9.543555540996378,1001.8739760049093,0.0,75,0.03972031310009237,1.0
1.620000000001057,10.338132204093775,9.554015908913158,1004.0714198654229,0.0,75,0.043752528518004916,1.0
1.640000000001077,10.338909148669705,9.564197109654415,1006.2125298755407,0.0,75,0.04801333901049751,1.0
1.660000000001097,10.339565779626765,9.574107812477902,1008.2989444544544,0.0,75,0.0525046478608719,1.0
1.680000000001117,10.340105701843864,9.583760110757584,1010.3330364660304,0.0,75,0.05722812264721687,1.0
1.700000000001137,10.340532161770305,9.593175342711751,1012.3191447161399,0.0,75,0.06218521445734648,1.0
1.720000000001157,10.34084657519053,9.602376865165905,1014.2620560674073,0.0,75,0.06737717585222112,1.0
1.740000000001177,10.341049279428749,9.61137618817849,1016.1640745375292,0.0,75,0.07280507760548587,1.0
1.760000000001197,10.34114092148807,9.620166267839641,1018.0235892296765,0.0,75,0.07846982425768892,1.0
1.780000000001217,10.341123844999732,9.628726512376726,1019.8361167516113,0.0,75,0.0843721685317059,1.0
1.800000000001237,10.34100149169555,9.637038675491093,1021.5976587620223,0.0,75,0.0905127246614352,1.0
1.820000000001257,10.340777423469982,9.645101783140925,1023.3078724786307,0.0,75,0.09689198068941615,1.0
1.840000000001277,10.340453799617503,9.652930880432315,1024.9698204064416,0.0,75,0.10351030979103168,1.0
1.860000000001297,10.34003135282464,9.660543080211212,1026.587018650784,0.0,75,0.11036798068371846,1.0
1.880000000001317,10.339510961086654,9.667948357501032,1028.161479876376,0.0,75,0.11746516717938126,1.0
1.900000000001337,10.338894409885254,9.675147877159205,1029.693350893881,0.0,75,0.12480195693722654,1.0
1.920000000001357,10.338184401522852,9.682143022701775,1031.1828286325792,0.0,75,0.1323783594726593,1.0
1.940000000001377,10.337383601033325,9.688945526443913,1032.6323195583727,0.0,75,0.14019431347590353,1.0
1.960000000001397,10.33649361911628,9.695574494403653,1034.045812541837,0.0,75,0.14824969349169473,1.0
1.980000000001417,10.335514861456744,9.702042925273721,1035.4260061623925,0.0,75,0.15654431600890686,1.0
2.000000000001437,10.334448373151222,9.708352101355286,1036.7731057627857,0.0,75,0.16507794500632614,1.0
2.020000000001346,10.333296172962747,9.714494095685517,1038.0853508861965,0.0,75,0.1738502969981171,1.0
2.040000000001255,10.33206147564853,9.720463198771993,1039.361452785487,0.0,75,0.182861045619809,1.0
2.060000000001164,10.330747414766664,9.726267677618733,1040.6031123036,0.0,75,0.19210982579297542,1.0
2.080000000001073,10.329356054810999,9.731926443609556,1041.8143153420963,0.0,75,0.2015962375041641,1.0
2.100000000000982,10.327887915926437,9.73745395177555,1042.998104092442,0.0,75,0.2113198492311157,1.0
2.120000000000891,10.32634383013034,9.742851328534764,1044.1546721092477,0.0,75,0.22128020104688184,1.0
2.1400000000008,10.324725135492832,9.748107932047393,1045.2816908032985,0.0,75,0.2314768074301427,1.0
2.160000000000709,10.323034248862964,9.75321199350491,1046.3765860927283,0.0,75,0.2419091598078358,1.0
2.180000000000618,10.32127349003989,9.758162916734324,1047.4391786048184,0.0,75,0.2525767288541293,1.0
2.200000000000527,10.319444353604002,9.762970610466711,1048.4715465492043,0.0,75,0.2634789665678374,1.0
2.220000000000436,10.317546945521165,9.767643094903233,1049.475367923519,0.0,75,0.27461530814854695,1.0
2.240000000000345,10.315581785167131,9.772178179027984,1050.4501299893775,0.0,75,0.28598517369003146,1.0
2.260000000000254,10.313549945860316,9.776566180547357,1051.3937091088458,0.0,75,0.29758796970795137,1.0
2.280000000000163,10.311453573064874,9.78080073365646,1052.3046929064421,0.0,75,0.30942309051735367,1.0
2.3000000000000718,10.309294842056735,9.78488863564355,1053.1845017314095,0.0,75,0.32148991947416083,1.0
2.3199999999999807,10.307075217409876,9.788848746705657,1054.03715764469,0.0,75,0.3337878300935544,1.0
2.3399999999998897,10.304794606341627,9.792698178454932,1054.8663137574601,0.0,75,0.34631618705702044,1.0
2.3599999999997987,10.302452560572995,9.796442101563342,1055.6730563421106,0.0,75,0.35907434711876113,1.0
2.3799999999997077,10.300050062472444,9.800074099276618,1056.4559758644364,0.0,75,0.37206165992119933,1.0
2.3999999999996167,10.297589131496368,9.803589175500006,1057.2139679417899,0.0,75,0.3852774687284038,1.0
2.4199999999995256,10.29507210750194,9.806992812824008,1057.9481883385993,0.0,75,0.39872111108545233,1.0
2.4399999999994346,10.292500698039476,9.810301396309386,1058.6621483507288,0.0,75,0.41239191941100384,1.0
2.4599999999993436,10.289875421055886,9.813529258491304,1059.3589215799136,0.0,75,0.42628922152965093,1.0
2.4799999999992526,10.287196847730876,9.81667900275264,1060.0390530739303,0.0,75,0.44041234115002126,1.0
2.4999999999991616,10.284466224036564,9.819740442082335,1060.700325848541,0.0,75,0.4547605982940126,1.0
2.5199999999990705,10.281685091041618,9.822701679846444,1061.3401512038397,0.0,75,0.4693333096820448,1.0
2.5399999999989795,10.278852040317048,9.825522071818735,1061.9497238217684,0.0,75,0.48412978907872023,1.0
2.5599999999988885,10.275968163106281,9.828183956002038,1062.5251986031744,0.0,75,0.49914934760288154,1.0
2.5799999999987975,10.273046887030914,9.830816085930925,1063.0943940693805,0.0,75,0.5143912940056519,1.0
2.5999999999987065,10.270089488965779,9.833488935376483,1063.672551063889,0.0,75,0.5298549349196947,1.0
2.6199999999986154,10.267086505850964,9.836120703334569,1064.2419753962363,0.0,75,0.5455395750826215,1.0
2.6399999999985244,10.26402006800554,9.838447767080108,1064.7455991211991,0.0,75,0.5614445175371636,1.0
2.6599999999984334,10.260880786324776,9.840188169157493,1065.122335248698,0.0,75,0.5775690638105011,1.0
2.6799999999983424,10.257705561610123,9.841706538659741,1065.451063524077,0.0,75,0.5939125140748585,1.0
2.6999999999982514,10.254521617256941,9.843685126631051,1065.8795055948312,0.0,75,0.6104741672913053,1.0
2.7199999999981603,10.251328263869471,9.846405799486144,1066.468778849698,0.0,75,0.6272533213384924,1.0
2.7399999999980693,10.248063977501301,9.848971870827153,1067.0247160357897,0.0,75,0.6442492731278557,1.0
2.7599999999979783,10.2447316019985,9.850635051550352,1067.3851201071566,0.0,75,0.6614613187067204,1.0
2.7799999999978873,10.241389144728906,9.851374755689944,1067.5454303474962,0.0,75,0.6788887533505248,1.0
2.7999999999977963,10.238028964289498,9.852050883507166,1067.6919727233576,0.0,75,0.6965308716453212,1.0
2.8199999999977052,10.234638906999718,9.853670220428679,1068.0429849425927,0.0,75,0.7143869675615436,1.0
2.839999999997614,10.231094886720097,9.854698753789215,1068.2659628072818,0.0,75,0.7324563345199786,1.0
2.859999999997523,10.227402112024139,9.853892255215289,1068.0911183513106,0.0,75,0.7507382654507258,1.0
2.879999999997432,10.223844417238526,9.853865264831413,1068.0852672319616,0.0,75,0.7692320528459005,1.0
2.899999999997341,10.220501351946508,9.85755557904311,1068.8854219331633,0.0,75,0.787936988806737,1.0
2.91999999999725,10.217211487615046,9.863933706587114,1070.2690698473994,0.0,75,0.8068523650856642,1.0
2.939999999997159,10.21369893826047,9.867736509911316,1071.0944621194044,0.0,75,0.8259774731238982,1.0
2.959999999997068,10.20978557687523,9.864239322440378,1070.335391514169,0.0,75,0.845311604085021,1.0
2.979999999996977,10.2057323199412,9.856410086739508,1068.6370177777835,0.0,75,0.8648540488849659,1.0
2.999999999996886,10.20197173066529,9.853110049066832,1067.9215540292396,0.0,75,0.88460409821879,1.0
3.019999999996795,10.198504515867059,9.859276791343987,1069.258727331676,0.0,75,0.9045610425845793,1.0
3.039999999996704,10.19496640791199,9.86823172967955,1071.2019721771967,0.0,75,0.9247241723047879,1.0
3.059999999996613,10.191895134617802,9.882893298944655,1074.3873795415768,0.0,75,0.9450927775452815,1.0
3.079999999996522,10.191561926603404,9.945502033424555,1088.0431176653715,0.3204564496874756,75,0.965666148332332,1.0
3.099999999996431,10.196829725435597,10.145217041102592,1132.1797169218628,0.0,75,0.9864435745677835,1.0
3.11999999999634,10.207167973728007,10.467636175007547,1205.2854780155928,13.946103245033981,74,1.0074243460425825,1.0
3.139999999996249,10.220111138859515,10.74123490750472,1269.1154007201774,532.3763071170486,74,1.0286077524488448,1.0
3.159999999996158,10.22866659369667,10.807511445163543,1284.8253400107508,763.6833375674925,74,1.049993083390618,1.0
3.179999999996067,10.234270713123735,10.818014860499819,1287.323900741944,415.71398227292326,74,1.0715796283934897,1.0
3.199999999995976,10.246171857755277,11.01280755824292,1334.1012334638165,514.1355110015637,74,1.0933666769131387,1.0
3.219999999995885,10.261037019345308,11.468826431083396,1446.8737767694884,730.0589932977047,74,1.1153535183429732,1.0
3.239999999995794,10.280584054172364,12.088255387823711,1607.3851015337386,1450.1254687327698,74,1.1375394420209355,1.0
3.259999999995703,10.305472957432015,12.65945948039575,1762.8810576936,2593.105403026555,72,1.1599237372355689,1.0
3.2799999999956118,10.33299314069783,12.945812317548972,1843.5346221732295,4567.004017805615,72,1.1825056932314197,1.0
3.2999999999955207,10.357978380221095,12.94535736759046,1843.405051120915,5329.8665411605925,72,1.2052845992138572,1.0
3.3199999999954297,10.376450757073867,12.729695303222348,1782.4965676416923,5363.194553883117,73,1.22825974435337,1.0
3.3399999999953387,10.395746892250228,12.499505575741168,1718.61403601783,5298.167711372895,73,1.2514304177893933,1.0
3.3599999999952477,10.41571702845655,12.334182938393095,1673.4527563352208,5316.209822116513,73,1.2747959086337086,1.0
3.3799999999951567,10.436935539546536,12.223364193951765,1643.516954397803,4799.574414200788,72,1.2983555059734908,1.0
3.3999999999950656,10.457749463878775,12.140373330282,1621.275310584847,4269.269206789539,70,1.3221084988740095,1.0
3.4199999999949746,10.476584559841546,12.19195820403511,1635.0822933383295,5585.135644975424,70,1.3460541763810332,1.0
3.4399999999948836,10.494903877923724,12.300388567759452,1664.2951480965417,5828.54374452605,70,1.3701918275229825,1.0
3.4599999999947926,10.5117194804833,12.421002808178082,1697.094418368446,5690.6388442990765,70,1.3945207413128344,1.0
3.4799999999947016,10.531608681987112,12.585025054991917,1742.2114119825173,5024.595518949046,71,1.419040206749833,1.0
3.4999999999946105,10.553318724932584,12.766458004320182,1792.8069497367792,5768.44333363677,71,1.4437495128209876,1.0
3.5199999999945195,10.575477828623548,13.007108962306871,1861.033719130561,6878.6757663725275,70,1.4686479485024424,1.0
3.5399999999944285,10.596787414616339,13.335054958167838,1956.060598110923,7327.836988977085,70,1.4937348027606565,1.0
3.5599999999943375,10.62006642223724,13.699727773575772,2064.5079517709173,8284.59918785312,71,1.519009364553493,1.0
3.5799999999942465,10.647945364220355,14.181170430425581,2212.1615425445452,9223.102393243173,69,1.5444709228311524,1.0
3.5999999999941554,10.680043942880223,14.76011695159428,2396.4715766721492,10013.047979869889,71,1.5701187665370258,1.0
3.6199999999940644,10.716438347899627,15.316149761970411,2580.4288788421695,8639.324591340057,69,1.5959521846084486,1.0
3.6399999999939734,10.757021404897035,15.689383102923747,2707.724163653401,9414.56666758068,70,1.6219704659773693,1.0
3.6599999999938824,10.791309502629497,15.88104601954194,2774.2838494228977,9200.798552694197,69,1.6481728995709608,1.0
3.6799999999937913,10.819501796169407,15.631220392071988,2687.6855604007987,5127.839819651751,70,1.6745587743121222,1.0
3.6999999999937003,10.845405880502879,14.999489124036955,2474.831413803132,4495.440633998403,71,1.7011273791199661,1.0
3.7199999999936093,10.872525620501422,14.110721237450422,2190.236992251378,3569.316545535749,70,1.727878002910253,1.0
3.7399999999935183,10.896723964431096,13.135820582104035,1898.0476060175079,2299.937320717225,70,1.7548099345957369,1.0
3.7599999999934273,10.912270054400464,12.254311040944915,1651.8495299704687,2339.5087635946297,69,1.7819224630865163,1.0
3.7799999999933362,10.924707133471992,11.590259632030259,1477.6753017165722,2844.248051575139,69,1.8092148772903307,1.0
3.7999999999932452,10.941180459765178,11.159014839399191,1369.7597340452448,3717.056155805719,68,1.8366864661128075,1.0
3.819999999993154,10.967921350813576,11.00259636088138,1331.6283934852822,5023.452492549515,68,1.8643365184577119,1.0
3.839999999993063,11.000425104109006,11.188944908588587,1377.117369841735,5923.88367412525,70,1.8921643232271435,1.0
3.859999999992972,11.034992221297365,11.483593880175553,1450.6022124528595,4173.258332035505,70,1.9201691693217309,1.0
3.879999999992881,11.070546215643809,11.55072939802585,1467.6128458906046,5481.968797408381,71,1.9483503456407874,1.0
3.89999999999279,11.093962528927921,11.91739069360938,1562.2662103854022,8292.543806976286,70,1.976707141082469,1.0
3.919999999992699,11.112273097921955,12.350990009806411,1678.0164964457156,6777.37460381945,66,2.005238844543884,1.0
3.939999999992608,11.121222761012366,12.295909393215927,1663.0832658679326,4659.763504615177,66,2.033944744921229,1.0
3.959999999992517,11.111684080651827,11.85993066035401,1547.2375079524559,3233.7201028450295,64,2.062824131109885,1.0
3.979999999992426,11.078438197623102,11.251349451286238,1392.5215092245503,1925.931010251054,69,2.0918762920045015,1.0
3.999999999992335,11.05848502235548,10.598412139782809,1235.589738731652,1167.8077073587524,69,2.121100516499088,1.0
4.019999999992466,11.053925843530147,10.141841416029761,1131.426420386862,2099.354936418772,67,2.150496093487071,1.0
4.039999999992597,11.074159027226818,10.007314320145824,1101.6097389241522,3115.506435509,66,2.180062311861386,1.0
4.059999999992728,11.113538767377236,10.007472472332296,1101.6445581293754,4111.582176169189,66,2.209798460514498,1.0
4.079999999992859,11.162157944561727,10.371400247057812,1183.2253739313794,7106.274210726308,68,2.2397038283384876,1.0
4.09999999999299,11.204281252551977,11.200949441726857,1380.0739523573332,10971.033806602702,68,2.2697777042250684,1.0
4.119999999993121,11.23328105671734,12.072816863482032,1603.2819772109374,13489.10188849217,66,2.3000193770656407,1.0
4.139999999993252,11.242813685660117,12.802234720350352,1802.8693521843848,9324.03084044107,65,2.3304281357513137,1.0
4.159999999993383,11.231637674214596,12.315457312747512,1668.3753770431679,3423.918106706631,65,2.3610032691729548,1.0
4.179999999993514,11.147630276300315,11.133302689457505,1363.454716525899,3208.536078553203,65,2.3917440662212175,1.0
4.199999999993645,10.98781311256898,10.061557035183862,1113.5842296948365,6996.208708244537,68,2.422649815786533,1.0
4.219999999993776,10.896840715213957,8.96163440358106,883.4198030179243,1458.2072527515816,71,2.453719806759176,1.0
4.239999999993907,10.923221121487332,7.948672173049779,694.9952824607749,929.5669815539695,70,2.4849533280292726,1.0
4.259999999994038,10.972998968202454,7.444371863976843,609.6053969408706,422.659795533755,71,2.516349668486789,1.0
4.279999999994169,11.005705780987444,7.33268868431933,591.4515567525923,1027.6062734793486,66,2.547908117021587,1.0
4.2999999999943,11.04397278143207,7.450183856482074,610.5576344492472,4012.5620909105864,71,2.5796279625234115,1.0
4.319999999994431,11.074405361489552,8.399077089257196,775.9894554641364,8871.990567280005,72,2.6115084938819004,1.0
4.339999999994562,11.09718183452343,9.351434884763085,961.9426784436037,10511.18672747437,71,2.643548999986626,1.0
4.3599999999946935,11.116607552756658,9.793317578537453,1054.9997611349975,3429.444970693558,72,2.6757487697270723,1.0
4.3799999999948245,11.074015271149234,9.302506221393408,951.9028419896937,113.67772512095458,74,2.7081070919926704,1.0
4.3999999999949555,10.956590763938346,8.529370783701676,800.2518256245012,0.0,75,2.740623255672774,1.0
4.4199999999950865,10.755393103754786,7.8409788563706195,676.2904436865622,11.169267635143482,74,2.773296549656686,1.0
4.4399999999952176,10.586727933790023,7.0754035976625005,550.67469676797,109.74937887314947,74,2.806126262833669,1.0
4.459999999995349,10.533494303010277,6.189513348326902,421.41083038028586,87.97002174853438,72,2.839111684092939,1.0
4.47999999999548,10.622472737298349,5.880849156303113,380.4282547911014,8.70352433140955,74,2.872252102323679,1.0
4.499999999995611,10.691879051865305,6.128948269876368,413.20407584302575,225.67031773060688,70,2.905546806415036,1.0
4.519999999995742,10.727740538497553,8.324712619930278,762.3092422486907,260.2556313437276,73,2.9389950852561353,1.0
4.539999999995873,10.77580264195832,11.085185010780224,1351.694593955492,3114.6065113208087,73,2.972596227736062,1.0
4.559999999996004,10.810686100602142,13.596793091765967,2033.600606183242,5613.676976543329,73,3.0063495227438812,1.0
4.579999999996135,10.834330741816588,14.312251549950812,2253.2459887197633,2059.2127810087986,74,3.040254259168654,1.0
4.599999999996266,10.773088225067074,13.07349021406671,1880.0776101502786,0.0,75,3.0743097258994005,1.0
4.619999999996397,10.64617082119666,11.624719516403474,1486.47514218557,64.21074181722206,73,3.1085152118251487,1.0
4.639999999996528,10.477860815490478,10.432535647218405,1197.2158003353102,23.241811969396846,70,3.142870005834888,1.0
4.659999999996659,10.286711695949705,9.463241519090296,985.0823405349786,1168.3368312398989,72,3.177373396817607,1.0
4.67999999999679,10.205447360519058,8.306993308317816,759.0675160688068,217.84239828107246,74,3.212024673662292,1.0
4.699999999996921,10.224705324549427,7.738667120593508,658.7566568369052,267.0774617718275,73,3.2468231252579054,1.0
4.719999999997052,10.328929151011637,7.607509517235304,636.616211603083,2010.410134062674,72,3.281768040493398,1.0
4.739999999997183,10.41149607467258,8.212946852737916,741.9774560648741,0.0,75,3.3168587082577297,1.0
4.759999999997314,10.471391106817416,10.208438725856825,1146.3344334153064,2458.0613410611672,74,3.3520944174398397,1.0
4.779999999997445,10.538535065652402,12.43061954322166,1699.7233245115667,3511.9334840783126,70,3.387474456928668,1.0
4.799999999997576,10.592731215303383,13.431493991002567,1984.4553391337188,2493.1926020853953,69,3.422998115613143,1.0
4.819999999997707,10.640479526945178,13.183204898890034,1911.7658054673002,4829.266022083833,71,3.4586646823821834,1.0
4.839999999997838,10.630528605226537,12.264426372125309,1654.5776966101105,5393.849758638271,71,3.4944734461247204,1.0
4.859999999997969,10.61799819498313,11.22977188268912,1387.1855419095864,2045.7913235914114,69,3.530423695729677,1.0
4.8799999999981,10.609330967969827,10.365460469956448,1181.8704782965272,1777.2898098486635,66,3.566514720085964,1.0
4.899999999998231,10.572109911316794,9.649776615962681,1024.3000761177818,3620.683542123949,66,3.602745808082495,1.0
4.919999999998362,10.539430081773219,9.028145284388366,896.5814800362627,3569.0767801242473,69,3.6391162486081825,1.0
4.939999999998493,10.531138709181613,8.512071207599124,797.0089186756181,3349.972701873605,70,3.675625330551926,1.0
4.959999999998624,10.551212481844574,8.118550233049046,725.0194367519479,3201.091706348417,69,3.712272342802633,1.0
4.979999999998755,10.604339969275014,8.469888152001754,789.1290583816166,9078.116508943973,67,3.7490565742492086,1.0
4.999999999998886,10.680841460423656,9.794426770031263,1055.2387532885555,13764.782442852895,67,3.7859773137805597,1.0
5.019999999999017,10.769069115301091,12.568900406649439,1737.7498317549969,36841.346443369715,66,3.8230338502855745,1.0
5.039999999999148,10.827255629106226,18.503123793459626,3766.021491277009,51586.2284905507,66,3.860225472653158,1.0
5.059999999999279,10.897159614367274,24.433692642978215,6567.058697886806,31192.4615321286,67,3.8975514697722096,1.0
5.07999999999941,10.964892423813557,28.322056082932725,8823.527468412653,34995.3566109975,63,3.9350111305316275,1.0
5.099999999999541,11.026982516283777,29.912877132282585,9842.582401641377,16854.82394447836,61,3.9726037438203026,1.0
5.119999999999672,11.096676345141814,29.719701595502446,9715.867292182818,8899.43949469027,53,4.010328598527131,1.0
5.139999999999803,11.198777274178507,28.66402496382637,9037.889598395475,4232.270595091526,59,4.048184983541013,1.0
5.159999999999934,11.305671136764362,27.39211826488329,8253.60957341088,6828.734950184751,58,4.086172187750829,1.0
5.180000000000065,11.423164526181658,26.509828994397616,7730.481366434249,6759.42206100604,65,4.124289500045483,1.0
5.2000000000001965,11.556482643208357,25.387289373413502,7089.659079023776,6328.312734713515,63,4.162536209313868,1.0
5.2200000000003275,11.730632012502257,24.45310711761461,6577.498924760877,7947.005878716158,67,4.200911604444878,1.0
5.2400000000004585,11.863815554291913,23.969147839782305,6319.720529818748,7986.388767701988,68,4.239414974327408,1.0
5.2600000000005895,11.91217895818191,23.103942151498227,5871.713572337542,3587.014811495032,72,4.2780456078503475,1.0
5.280000000000721,11.865027390658746,21.089912413669108,4892.628461778578,110.88878882509424,64,4.316802793902561,1.0
5.300000000000852,11.852361710544761,18.68172727653981,3839.0762743851274,1804.7481282092356,60,4.355685821372972,1.0
5.320000000000983,11.863453656442651,16.41529076845764,2964.0794811431174,2577.196443626223,67,4.394693979150462,1.0
5.340000000001114,11.860223345952088,14.48326134244858,2307.4134502503202,2345.5448354688197,63,4.433826556123923,1.0
5.360000000001245,11.855359004427616,13.05084018097277,1873.5687237222269,929.6166557028221,66,4.473082841182242,1.0
5.380000000001376,11.848426066632449,11.87918848898985,1552.2663107264386,2124.5361950218635,72,4.5124621232143065,1.0
5.400000000001507,11.849436947527614,10.902983297522459,1307.6254926465908,2188.0095209871306,71,4.551963691109007,1.0
5.420000000001638,11.85888820915736,10.139349078124523,1130.8703970087108,1087.7636221916364,68,4.591586833755243,1.0
5.440000000001769,11.867290965587744,9.480826879350339,988.7468614783306,448.4216906212048,69,4.631330840041903,1.0
5.4600000000019,11.892069637481615,8.913880360319382,874.0298938589635,799.6826075677216,68,4.671194998857859,1.0
5.480000000002031,11.875275284575965,8.32946586054473,763.1800167417816,478.8706423443393,66,4.7111785990920305,1.0
5.500000000002162,11.840139494577796,7.718513516127361,655.3299598850483,946.0225237878591,66,4.751280929633273,1.0
5.520000000002293,11.807005445804217,7.1680620670179795,565.1922517628427,3223.8114760445596,68,4.791501279370492,1.0
5.540000000002424,11.695119793659108,6.765772815051556,503.5324996337972,4174.4466581113165,72,4.831838937192584,1.0
5.560000000002555,11.613160430587097,6.484024267218205,462.4682776766203,11747.293872642951,70,4.872293191988427,1.0
5.580000000002686,11.537044659455447,6.262043880189395,431.3451291315921,9508.029117496884,70,4.9128633326469195,1.0
5.600000000002817,11.51008682601732,6.070813553181357,405.40254917239497,5927.04762930503,68,4.953548648056945,1.0
5.620000000002948,11.47738139627954,5.951500561680859,389.62394829256345,5552.503470423957,66,4.994348427107401,1.0
5.640000000003079,11.455734457591147,5.876727212220685,379.89514999540614,1391.7362673782202,62,5.0352619586871565,1.0
5.66000000000321,11.471382840967516,5.825772381598868,373.3358622642016,2208.9598958414113,66,5.076288531685115,1.0
5.680000000003341,11.48748346379851,5.814194784778866,371.8534709488475,5445.147491697762,68,5.117427434990164,1.0
5.700000000003472,11.533233851139132,5.80322463631217,370.4515779745057,4026.9326255097844,61,5.158677957491189,1.0
5.720000000003603,11.59100337077179,5.734010685189413,361.66766391653,3507.192661537346,61,5.200039388077089,1.0
5.740000000003734,11.612070577133338,5.689396288188572,356.0615313645929,5143.092159098405,61,5.241511015636755,1.0
5.760000000003865,11.629231200388386,5.70679792673949,358.2429683430196,4000.4373448155034,58,5.28309212905906,1.0
5.780000000003996,11.628841139450705,5.723447313775386,360.33634068918957,3252.879046074782,67,5.324782017232889,1.0
5.800000000004127,11.596821119055896,5.723345561719641,360.323528607415,1467.3930987868691,68,5.366579969047149,1.0
5.820000000004258,11.533281212877844,5.754930096788689,364.311424608167,2746.2693873951516,66,5.408485273390717,1.0
5.840000000004389,11.471516037143013,5.859134227756326,377.6239928875229,2460.0592681609332,62,5.450497219152492,1.0
5.86000000000452,11.467172749773813,5.915556288818157,384.9318682679366,2296.6625120556405,55,5.492615095221356,1.0
5.880000000004651,11.463332996904795,6.029399655367834,399.89026224564736,4199.115029263327,63,5.534838190486209,1.0
5.900000000004782,11.441056768460387,6.03993275638638,401.2886647183609,3899.3920697221693,59,5.577165793835926,1.0
5.920000000004913,11.450229820781004,5.978830415417976,393.2105444995979,1671.8200621755036,54,5.619597194159401,1.0
5.940000000005044,11.464000698861634,5.911198912924448,384.36499846975084,3005.8102131905416,61,5.662131680345522,1.0
5.960000000005175,11.448359465738575,5.914910924865793,384.84788374006376,3629.6457362366573,57,5.704768541283182,1.0
5.980000000005306,11.426881446662602,6.098981990776431,409.1733945619676,2658.5580608915043,57,5.747507065861268,1.0
6.000000000005437,11.406349534261736,6.288928807708326,435.0568810326603,2360.181932219156,52,5.79034654296867,1.0
6.0200000000055685,11.402163288855487,6.352049191909528,443.8338183008234,1358.9448200441357,54,5.833286261494264,1.0
6.0400000000056995,11.388391953042747,6.268690614619232,432.2613022399678,1269.8517627679505,49,5.876325510326969,1.0
6.0600000000058305,11.380530011565103,6.186668748958154,421.02357230269,1535.7051711438605,50,5.919463578355637,1.0
6.0800000000059615,11.365374545244428,6.056791669129499,403.5319785556015,3853.197648802237,54,5.962699754469186,1.0
6.1000000000060925,11.359913021047,5.906476741664722,383.7511424980894,7606.203374192888,56,6.006033327556478,1.0
6.120000000006224,11.35618554789417,6.009425715585421,397.2451717425329,13225.648373807746,43,6.049463586506429,1.0
6.140000000006355,11.350624265886132,6.750329018112295,501.2363603804578,18428.770656559722,49,6.092989820207909,1.0
6.160000000006486,11.33069411519572,8.12302116940695,725.818202104968,20237.448440455813,48,6.136611317549814,1.0
6.180000000006617,11.348117481860553,10.262568661439266,1158.5234708383086,26972.11464993148,49,6.180327367421016,1.0
6.200000000006748,11.388309034122384,12.926638178502888,1838.0777205772129,30425.772200640153,50,6.224137258710439,1.0
6.220000000006879,11.43108597090798,15.343277056035028,2589.57765900076,22359.14343239765,46,6.268040280306951,1.0
6.24000000000701,11.439390102773611,16.806803205998982,3107.154974056954,13202.896776131203,49,6.312035721099441,1.0
6.260000000007141,11.430941275428525,16.857206697787518,3125.819594171256,2866.9058351535086,54,6.356122869976802,1.0
6.280000000007272,11.431598831912,16.660807071191257,3053.407414898023,2549.311635566876,61,6.400301015827924,1.0
6.300000000007403,11.429331728375981,16.880964417901748,3134.6365564631137,2667.96731423295,56,6.444569447541687,1.0
6.320000000007534,11.448826530376385,17.63074000273419,3419.272923484127,2561.51656420416,56,6.488927454006994,1.0
6.340000000007665,11.475975675118784,19.329795460770757,4110.050918107571,2165.3347997827764,54,6.533374324112724,1.0
6.360000000007796,11.488671307971561,21.41042601782532,5042.469764912485,4751.4441070153025,58,6.57790934674776,1.0
6.380000000007927,11.528804784105512,22.37039654995515,5504.781059824698,2611.6756198016233,54,6.622531810801012,1.0
6.400000000008058,11.570392126976788,22.001077446852516,5324.521497046427,3890.7856624119713,56,6.667241005161345,1.0
6.420000000008189,11.61777255508229,21.0830690981511,4889.453828571553,3340.9089964439527,55,6.712036218717653,1.0
6.44000000000832,11.663253451974114,19.515244382416974,4189.29239636003,3705.650663275854,55,6.7569167403588395,1.0
6.460000000008451,11.714587211459207,17.887062752779684,3519.417153140662,5731.414327547048,52,6.801881858973782,1.0
6.480000000008582,11.732958359347503,16.577965845889292,3023.1184674621904,1866.814014598621,53,6.846930863451375,1.0
6.500000000008713,11.741824532304507,15.416300588758459,2614.2855622724983,2663.147972734762,55,6.892063042680501,1.0
6.520000000008844,11.758087290762196,14.418948797449966,2286.966928658322,3672.572104101952,59,6.93727768555005,1.0
6.540000000008975,11.774493747113688,13.653658397583031,2050.646264016786,4656.303503157704,52,6.982574080948929,1.0
6.560000000009106,11.773231950600588,13.414612052729625,1979.4699817776284,4712.399831819455,51,7.027951517766012,1.0
6.580000000009237,11.747018476667254,13.731445946854057,2074.078685705122,3778.0917603268936,58,7.073409284890175,1.0
6.600000000009368,11.726611880665427,14.130771257190137,2196.46565955334,3683.33090958333,54,7.118946671210307,1.0
6.620000000009499,11.738653665089345,14.195955042936708,2216.7765353918817,3214.723819458854,54,7.164562965615311,1.0
6.64000000000963,11.772045804554567,13.877742668140932,2118.5091571945336,3192.0219421168626,56,7.210257456994077,1.0
6.660000000009761,11.803473922356098,13.097375069822704,1886.953570915746,3003.049178160136,54,7.256029434235497,1.0
6.680000000009892,11.82901178533375,12.206503212184723,1638.9859273598356,4556.829789131627,53,7.301878186228452,1.0
6.700000000010023,11.836759110729558,11.555230663603055,1468.7569125797954,4696.240592847394,58,7.347803001861835,1.0
6.720000000010154,11.851132790968501,11.08430230966808,1351.4793346132446,5178.139925343025,56,7.393803170024531,1.0
6.740000000010285,11.857132868980235,10.907589378498422,1308.7305665492474,4122.426730919804,53,7.439877979605431,1.0
6.760000000010416,11.864141286700901,10.874832113730944,1300.8817085201722,4303.746370087812,54,7.486026719493398,1.0
6.780000000010547,11.866898386903824,10.667253833602272,1251.693347855526,4723.363287614774,50,7.532248678577357,1.0
6.800000000010678,11.861632203635144,10.181357821890925,1140.2605180711748,3424.7789890242384,61,7.5785431457461945,1.0
6.820000000010809,11.861849287080204,9.766145011494213,1049.1534722408664,3217.475795710975,56,7.624909409888785,1.0
6.84000000001094,11.87193550666902,9.389937806674732,969.8802521454144,2928.8532140396487,56,7.671346759894014,1.0
6.8600000000110715,11.89428040701795,9.022409760463882,895.4426567428532,3454.7261550946823,49,7.717854484650788,1.0
6.8800000000112025,11.889266548208987,8.654122235482573,823.8321483334128,3124.5019898317623,45,7.764431873047985,1.0
6.9000000000113335,11.85235617606918,8.253942113381664,749.4031645216089,2093.467672559057,46,7.811078213974491,1.0
6.9200000000114645,11.803119874974923,7.831329745227811,674.6269813633888,4346.607242669645,49,7.857792796319209,1.0
6.940000000011596,11.769200013488122,7.456826328686218,611.6468478580679,8506.081210243217,42,7.904574908971007,1.0
6.960000000011727,11.717363641256322,7.14166092533605,561.0365284971895,10878.294451391104,41,7.951423840818789,1.0
6.980000000011858,11.669498758542616,6.7675074252540535,503.7907242595562,10006.747684181133,47,7.998338880751449,1.0
7.000000000011989,11.644788466692443,6.426027867212011,454.2321756520388,8786.278972187545,50,8.045319317657857,1.0
7.02000000001212,11.631731005327783,6.192441544480252,421.8096550998546,8203.31784813152,51,8.09236444042694,1.0
7.040000000012251,11.628988386482536,6.078588398789003,406.44160614081477,6195.754150808931,51,8.139473537947518,1.0
7.060000000012382,11.62848027085654,6.076216650949309,406.12449668201,3696.673292530578,45,8.186645899108525,1.0
7.080000000012513,11.626569211330981,6.087388162601516,407.6192410639917,4398.134685696189,50,8.23388081279887,1.0
7.100000000012644,11.625116811964132,6.060824261351616,404.069497996872,3449.6981457284182,46,8.281177567907402,1.0
7.120000000012775,11.646799278719334,6.011831991848239,397.5633628803096,4679.470323236315,55,8.328535453323044,1.0
7.140000000012906,11.656048887440662,5.964545615851788,391.3338484393447,5842.991281532481,50,8.37595375793467,1.0
7.160000000013037,11.674359491529264,6.1876712511589105,421.1600306366032,6716.26854409886,44,8.42343177063115,1.0
7.180000000013168,11.705405928489828,7.435109304890727,608.0893541323993,13358.215925231832,47,8.470968780301371,1.0
7.200000000013299,11.732134753559077,9.417171774472932,975.5143665292262,19352.702633300545,52,8.518564075834261,1.0
7.22000000001343,11.721679185386188,11.975523990569158,1577.544923335672,17019.283053206324,48,8.566216946118674,1.0
7.240000000013561,11.736295688145363,15.076403560285064,2500.2773874383374,19905.061046390652,49,8.613926680043487,1.0
7.260000000013692,11.76297706066657,17.669505452976967,3434.32565248061,24610.374820857964,47,8.661692566497644,1.0
7.280000000013823,11.790757836880037,19.422253214474814,4149.463119198949,23912.180260488483,48,8.709513894369989,1.0
7.300000000013954,11.834023430772485,20.484084663814677,4615.574969657604,14999.586321400795,44,8.757389952549447,1.0
7.320000000014085,11.843024921414381,20.390611513743348,4573.5474169484305,7095.641118567424,47,8.805320029924864,1.0
7.340000000014216,11.842317747956681,19.149573131185313,4033.767662172759,3753.6916479591187,54,8.853303415385144,1.0
7.360000000014347,11.845779372222948,18.08922932220312,3599.422392183785,3862.435760832719,48,8.901339397819203,1.0
7.380000000014478,11.859755335495816,17.291798175980652,3289.069125747326,4256.494860702459,45,8.949427266115901,1.0
7.400000000014609,11.882090976341395,16.367778314466733,2946.9458364668017,2904.837905885517,51,8.997566309164128,1.0
7.42000000001474,11.908728119699903,15.473660777307991,2633.775956363197,5696.621260855223,49,9.04575581585276,1.0
7.440000000014871,11.928942153960975,14.759352871285692,2396.2234689704214,5355.650304534843,47,9.093995075070703,1.0
7.460000000015002,11.94007539813994,14.334183352099881,2260.156936087791,3599.6223294305873,46,9.142283375706892,1.0
7.480000000015133,11.969670275152955,13.853347149165863,2111.0674995883214,4041.621806559387,40,9.190620006650146,1.0
7.500000000015264,12.013003664866567,13.288625240490346,1942.463168604168,5221.238525236394,43,9.23900425678939,1.0
7.520000000015395,12.059902912586795,12.891725536061859,1828.1624602686436,6334.651268695165,48,9.287435415013515,1.0
7.540000000015526,12.06709603083348,12.786261482964044,1798.3733098180285,4156.178169554926,49,9.33591277021138,1.0
7.560000000015657,12.06531448981071,12.872283555005428,1822.652523125095,4466.144429009377,52,9.384435611271886,1.0
7.580000000015788,12.070986725819358,12.677833534660367,1768.0020944581486,3876.4204617385853,50,9.433003227083935,1.0
7.600000000015919,12.076833166234557,12.410985505303326,1694.3581733413419,2644.306647292109,51,9.481614906536395,1.0
7.62000000001605,12.06272578413351,12.055207774812555,1598.6083794329118,2649.351657078815,46,9.530269938518186,1.0
7.640000000016181,12.030633965755527,11.587335959095906,1476.9299009185274,3081.6962104246077,59,9.57896761191816,1.0
7.660000000016312,12.010239218168248,11.218222707248565,1384.3337278037004,3278.4384559160562,52,9.627707215625222,1.0
7.6800000000164435,12.000924123299193,10.931983295956492,1314.5908466137894,3746.4625033238444,49,9.676488038528271,1.0
7.7000000000165745,11.992686753705394,10.603869714086617,1236.8625820465572,4335.091535699522,54,9.725309369516186,1.0
7.7200000000167055,11.983713482078718,10.256392123855752,1157.1293733811933,3282.5213432078344,52,9.77417049747785,1.0
7.7400000000168365,11.952295372694524,9.88450982750045,1074.7388798294828,3849.4032661868964,53,9.823070711302185,1.0
7.7600000000169675,11.918479645600076,9.619053640256686,1017.7881222754893,5128.140579755743,56,9.872009299878053,1.0
7.780000000017099,11.900257958639727,9.455587255783584,983.4894338691063,6072.238457450907,51,9.920985552094319,1.0
7.80000000001723,11.898093489976883,9.276215001410161,946.5298122762562,6295.176686994453,47,9.9699987568399,1.0
7.820000000017361,11.90289917013891,9.08267905981643,907.4456479399065,4483.570384010036,52,10.0190482030037,1.0
7.840000000017492,11.897624553474394,8.85245554753844,862.0256614325853,3795.3728350240635,53,10.0681331794746,1.0
7.860000000017623,11.889589928640659,8.636518851844938,820.4840366610031,3360.750934131684,48,10.117252975141495,1.0
7.880000000017754,11.884213264285043,8.44252221034214,784.0379939933238,3122.30066238653,40,10.166406878893213,1.0
7.900000000017885,11.882595223798337,8.296682831873952,757.1844061398316,2722.6069001242968,36,10.215594179618721,1.0
7.920000000018016,11.892921432945203,8.1522126272168,731.0442779128833,2992.8459617501567,45,10.264814166206847,1.0
7.940000000018147,11.895539217844005,8.002097100539512,704.3691380710916,3479.2556995860914,39,10.314066127546518,1.0
7.960000000018278,11.881581807481313,7.878625804561594,682.800190251342,5317.099461658241,47,10.36334935252663,1.0
7.980000000018409,11.878540663777361,7.755581079228462,661.6394166413517,5488.455244878369,46,10.412663130036044,1.0
8.00000000001854,11.879613035148678,7.954859974129631,696.0777692881064,7106.624614183361,46,10.462006748963653,1.0
8.02000000001867,11.883597905528248,9.070764808998009,905.0665164217235,9676.010037992728,46,10.51137949819837,1.0
8.040000000018802,11.879488192490461,10.305544228095915,1168.2466602096513,11264.739722999273,39,10.560780666629038,1.0
8.060000000018933,11.850574886304763,11.582193305688028,1475.6192194735702,11208.537826648133,46,10.610209543144586,1.0
8.080000000019064,11.832243336619964,12.453930937071947,1706.104353638935,8618.670031805063,54,10.659665416633871,1.0
8.100000000019195,11.82678571038112,12.97431151720297,1851.6603527996822,7493.077684689267,51,10.709147575985813,1.0
8.120000000019326,11.829910372906228,13.410337523512181,1978.2086774397071,7576.572332977966,54,10.75865531008933,1.0
8.140000000019457,11.835697571425499,13.865881185177448,2114.8892714560375,6925.248293300348,53,10.808187907833236,1.0
8.160000000019588,11.823331690590408,14.52651018780748,2321.2144806012197,10060.8209104793,46,10.85774465810645,1.0
8.180000000019719,11.812833877220982,15.271499407266957,2565.405635607705,9710.374708073105,43,10.907324849797863,1.0
8.20000000001985,11.803559247357704,15.850279854290742,2763.5450860526844,11799.263228515285,45,10.956927771796382,1.0
8.220000000019981,11.802062655315774,16.68261972806869,3061.4078109048132,10541.545720697515,42,11.006552712990892,1.0
8.240000000020112,11.808212291722272,17.356643182267273,3313.7836881219955,5221.759947567342,53,11.05619896227027,1.0
8.260000000020243,11.812701935453607,17.579923787573623,3399.590924145866,5928.896924930895,48,11.10586580852339,1.0
8.280000000020374,11.798714079975733,16.98806280842288,3174.5370578121283,1756.1945386191333,49,11.155552540639155,1.0
8.300000000020505,11.786639781689297,16.328058384279103,2932.6603966046982,2379.43643890015,39,11.20525844750645,1.0
8.320000000020636,11.773655942843105,15.774880738398485,2737.315485417651,2485.0704309669627,34,11.25498281801418,1.0
8.340000000020767,11.771867836822247,15.166768192320296,2530.339431395365,3413.9853998260096,44,11.304724941051212,1.0
8.360000000020898,11.77233551673574,14.580829244217965,2338.60639593946,4678.77999095356,39,11.354484105506456,1.0
8.38000000002103,11.746017211226311,14.074364173841117,2178.964995876926,4173.230451142928,46,11.404259600268793,1.0
8.40000000002116,11.731939899428296,13.682773366081552,2059.401156863057,4644.744551514876,54,11.454050714227087,1.0
8.420000000021291,11.72294752618596,13.529092311041548,2013.399726367519,3794.613363081065,43,11.503856736270249,1.0
8.440000000021422,11.719934285614297,13.337542919727028,1956.7905624911664,3323.8533132068155,51,11.553676955287187,1.0
8.460000000021553,11.722225392517032,12.971446211765457,1850.8425850719689,4087.8149422088795,37,11.603510660166753,1.0
8.480000000021684,11.715898916928436,12.588577306875937,1743.1950647231101,3810.284824521477,41,11.65335713979785,1.0
8.500000000021815,11.707458227945851,12.217167308297372,1641.8509474282305,2799.325038343979,44,11.7032156830694,1.0
8.520000000021946,11.70650669260315,11.90609201846067,1559.3052986725818,3271.4188204646534,38,11.753085578870234,1.0
8.540000000022077,11.713702241378451,11.686894209916323,1502.4184590115324,3323.6433090115906,44,11.80296611608928,1.0
8.560000000022209,11.729820032929906,11.461673655720464,1445.0695928926016,3363.413728520621,49,11.85285658361542,1.0
8.58000000002234,11.753570254078463,11.236294970992997,1388.7975714267877,5177.992323113871,40,11.902756270337532,1.0
8.60000000002247,11.744082318224622,10.970895579885434,1323.9660480722475,5222.174639020606,41,11.952664465144519,1.0
8.620000000022602,11.724874795675698,10.804328415815114,1284.0686376846893,3955.2797527137855,41,12.00258045692525,1.0
8.640000000022733,11.703626203658146,11.168093438270102,1371.9894215052489,4723.169620915744,34,12.052503534568624,1.0
8.660000000022864,11.693724761622539,11.485592871065455,1451.1072795985656,5156.351121072505,54,12.102432986963551,1.0
8.680000000022995,11.696808861873313,11.56772833123008,1471.9357261965736,5031.491750342711,48,12.152368102998887,1.0
8.700000000023126,11.682586440285577,11.235296243032096,1388.5506983556024,4566.564294885858,42,12.202308171563539,1.0
8.720000000023257,11.66265071216968,10.89904954893816,1306.6820917723003,2540.997546304657,43,12.25225248154639,1.0
8.740000000023388,11.643421491069251,10.622743576876237,1241.269492100719,3210.328292893853,39,12.302200321836333,1.0
8.760000000023519,11.622705613462514,10.3934281441942,1188.256834473809,3948.673886713967,41,12.352150981322263,1.0
8.78000000002365,11.602605796113902,10.137907515824987,1130.5488567936281,5043.63245391182,45,12.40210374889308,1.0
8.80000000002378,11.561078132493588,9.864202725290335,1070.3274494618781,3789.163649861541,39,12.452057913437628,1.0
8.820000000023912,11.522056810155311,9.63883452854888,1021.9784417562072,2768.9645843436692,47,12.502012763844828,1.0
8.840000000024043,11.494827905940227,9.460242244532276,984.4580165775639,4988.149800120096,37,12.551967589003551,1.0
8.860000000024174,11.458070142608145,9.322054746593336,955.9077516833169,7098.206156250605,42,12.601921677802679,1.0
8.880000000024305,11.429199565690928,9.197638727068053,930.5621396902825,4793.518774097506,40,12.651874319131148,1.0
8.900000000024436,11.403859225701112,9.054555331621122,901.8346947872734,4884.856827211938,35,12.701824801877818,1.0
8.920000000024567,11.36419299769492,8.893949714759689,870.1257568154134,4435.440631394482,36,12.751772414931581,1.0
8.940000000024698,11.320711117216185,8.69206390672492,831.0717245444908,6289.979161666131,39,12.801716447181319,1.0
8.960000000024829,11.292065218241664,8.52927368768772,800.2336060343029,6958.620812037328,41,12.851656187515934,1.0
8.98000000002496,11.281891559937707,8.453412676382067,786.0620446493872,4542.024355421321,41,12.901590924824292,1.0
9.000000000025091,11.27593901356716,8.40588745788474,777.2483835008637,4827.030144358723,52,12.951519947995312,1.0
9.020000000025222,11.260314210637416,8.362302441567289,769.2091233666647,4069.5857488790025,44,13.001442545917849,1.0
9.040000000025353,11.260386786545501,8.315637701802197,760.6481342639754,2703.4957860606332,40,13.051358007480806,1.0
9.060000000025484,11.258578816327159,8.367348590777063,770.1377468353679,3346.438872293554,40,13.101265621573082,1.0
9.080000000025615,11.251290847519945,8.503243638129913,795.3566760633652,4095.608038978818,44,13.151164677083566,1.0
9.100000000025746,11.256918528632784,8.701578048742897,832.8920659220067,3322.7414119678483,50,13.201054462901121,1.0
9.120000000025877,11.268222139390097,8.795007457277013,850.873717909141,5634.95868833876,42,13.250934267914658,1.0
9.140000000026008,11.249204676773546,9.057222922458182,902.3661577381213,5658.366935212071,50,13.300803381013049,1.0
9.16000000002614,11.240719659293857,9.664768374255507,1027.485225008104,6773.893028392518,54,13.350661091085206,1.0
9.18000000002627,11.2354582448812,10.427710020722902,1196.1084990391332,8481.369973207014,39,13.400506687020023,1.0
9.200000000026401,11.237848595883367,11.228216543666022,1386.8013142660088,10387.13185148984,45,13.450339457706361,1.0
9.220000000026532,11.248560472827641,12.111785157763334,1613.6487367859781,10556.501287309626,41,13.500158692033127,1.0
9.240000000026663,11.251986626624772,13.325010814790817,1953.1150453572145,11766.706994360487,38,13.54996367888921,1.0
9.260000000026794,11.252438880807627,14.69992343597345,2376.965239258296,10368.3966474022,47,13.599753707163492,1.0
9.280000000026925,11.254887546898294,15.5347783894703,2654.622735709488,8339.323169290876,52,13.64952806574485,1.0
9.300000000027056,11.251922572724496,16.041517270103817,2830.633039597429,4890.682617064021,42,13.699286043522212,1.0
9.320000000027187,11.25913356739921,16.275248965691404,2913.7210178476303,2308.900467396435,36,13.749026929384412,1.0
9.340000000027318,11.278570167344018,16.237977630182172,2900.391092701263,3761.8167778624925,48,13.798750012220378,1.0
9.36000000002745,11.279784479888297,15.82705484892649,2755.452317100203,2671.7689977326145,35,13.848454580919006,1.0
9.38000000002758,11.279045422114544,15.482493243654067,2636.7835674377325,4458.889470852689,42,13.898139924369167,1.0
9.400000000027712,11.288367530335846,15.2229090000031,2549.1065426461287,4144.434679997005,46,13.947805331459714,1.0
9.420000000027843,11.29929282967827,14.972585852548812,2465.961598231393,4744.8630987717925,45,13.997450091079598,1.0
9.440000000027974,11.311426942266179,14.698734002152353,2376.5805939263273,4275.19603681953,48,14.047073492117676,1.0
9.460000000028105,11.313209336861382,14.4420283240675,2294.2940032448473,3893.1051973955973,40,14.09667482346285,1.0
9.480000000028236,11.298063455507481,14.213698663952629,2222.3215268061363,3585.026829926682,47,14.146253374003992,1.0
9.500000000028367,11.282431974827619,14.004098881934048,2157.262640444851,3863.1524622166503,46,14.195808432630006,1.0
9.520000000028498,11.270587331433473,13.820843044328614,2101.172727015633,3212.600455508133,38,14.245339288229784,1.0
9.540000000028629,11.26762124730877,13.661583488576413,2053.0274975687803,2670.0824879484753,44,14.294845229692202,1.0
9.56000000002876,11.26564803067973,13.504391254540241,2006.0544147127325,3063.720521864599,44,14.344325545906145,1.0
9.58000000002889,11.23205689307597,13.338108085465093,1956.9564002950422,3000.6487638504777,49,14.393779525760541,1.0
9.600000000029022,11.201074375931903,13.182085147984273,1911.441057335783,3731.7365362956107,53,14.443206458144218,1.0
9.620000000029153,11.18509377521483,13.078191186496904,1881.429931816218,4442.222950358834,36,14.492605631946075,1.0
9.640000000029284,11.173015800832113,12.981709854250276,1853.7726981393262,4006.6101466344894,33,14.541976336055052,1.0
9.660000000029415,11.181385826475486,12.941181818919114,1842.2160555735488,3645.0027152770144,46,14.591317859360018,1.0
9.680000000029546,11.196825030356017,12.879024947875315,1824.5621196879424,4283.011605770048,46,14.640629490749843,1.0
9.700000000029677,11.188611027623901,12.812664620112523,1805.808121342315,3396.159399881379,50,14.689910519113434,1.0
9.720000000029808,11.181362369452058,12.73174790868752,1783.0714529140596,3713.3199426598226,47,14.739160233339643,1.0
9.740000000029939,11.17818058882623,12.649416635080819,1760.0851532864526,3939.7078082853654,35,14.78837792231742,1.0
9.76000000003007,11.179199483918504,12.583105733139444,1741.6800488050342,3524.606512830652,34,14.837562874935589,1.0
9.780000000030201,11.188268032820377,12.515061364212414,1722.8943704500255,3404.8240600559184,42,14.886714380083054,1.0
9.800000000030332,11.198233942830985,12.420188831487986,1696.8719967080078,3491.7154026598087,35,14.935831726648747,1.0
9.820000000030463,11.182888660545657,12.281083085655757,1659.0750193245792,4087.1676390131724,42,14.98491420352152,1.0
9.840000000030594,11.166363798700731,12.144573581573043,1622.397342260661,4262.043066079027,51,15.03396109959028,1.0
9.860000000030725,11.151193871643624,12.026471365075075,1590.996148444678,3702.8288415319184,41,15.082971703743908,1.0
9.880000000030856,11.14077731631865,11.936616581912325,1567.3109696594272,2920.7570180346765,40,15.131945304871294,1.0
9.900000000030987,11.128813593113264,11.833025007098549,1540.2252890048157,4268.726865289904,32,15.1808811918613,1.0
9.920000000031118,11.089825023409652,11.679574180421307,1500.5369833956045,2450.040251299836,40,15.229778653602859,1.0
9.94000000003125,11.006922433776268,11.520182367089157,1459.8606194809115,5302.045765974315,42,15.278636978984835,1.0
9.96000000003138,10.939683367093906,11.398292229362962,1429.1317232055167,6855.331016667182,40,15.327455456896116,1.0
9.980000000031511,10.9073955250421,11.323430969614526,1410.4209781598788,4959.481572018853,42,15.376233376225613,1.0
10.000000000031642,10.901437732444172,11.257769681261179,1394.1111601595576,3754.742302583191,56,15.424970025862201,1.0
10.020000000031773,10.889383008619156,11.188392695577953,1376.981442215083,3947.197121481522,39,15.473664694694746,1.0
10.040000000031904,10.88743008425574,11.091707267835853,1353.2856712689893,2964.8321046672604,39,15.52231667161216,1.0
10.060000000032035,10.884311495422732,10.977360085714572,1325.526778965834,3550.194688502467,42,15.570925245503336,1.0
10.080000000032166,10.876375440968651,10.922837300418378,1312.3921216055214,3585.791985606383,31,15.619489705257147,1.0
10.100000000032297,10.885590073913486,10.934508071383458,1315.19813439465,2592.7680823826245,28,15.668009339762499,1.0
10.120000000032428,10.904693072935839,10.98175083070818,1326.5873643853577,2284.2167776880397,57,15.716483437908277,1.0
10.14000000003256,10.925716017023834,11.002292143154023,1331.554756436396,3665.282185222856,45,15.764911288583379,1.0
10.16000000003269,10.921866196493783,10.996760248703929,1330.2160956422238,2631.5508352086986,44,15.813292180676676,1.0
10.180000000032821,10.920046155609814,10.9761371641046,1325.2314574976199,3557.843969900935,44,15.86162540307706,1.0
10.200000000032952,10.910941015678405,10.960736373390771,1321.5151603166862,4913.620831866118,41,15.90991024467341,1.0
10.220000000033084,10.905329860433547,10.941208048303444,1316.8103691188608,4791.681022235077,45,15.958145994354624,1.0
10.240000000033215,10.891257492465673,10.904577195826244,1308.0078420170712,3323.0887158779224,32,16.0063319410096,1.0
10.260000000033346,10.846619556588314,10.830944757668295,1290.4030077802856,3238.2172076553666,49,16.05446737352724,1.0
10.280000000033477,10.8112686615217,10.733746568613679,1267.346469391485,5864.137579168651,48,16.102551580796433,1.0
10.300000000033608,10.76461411838843,10.63916148544824,1245.109328247897,7002.9414103209665,35,16.150583851706024,1.0
10.320000000033739,10.742007999245509,10.561678180356857,1227.0395058396875,5047.956958288748,34,16.19856347514492,1.0
10.34000000003387,10.729791276953236,10.481418914905342,1208.4615671670904,2759.8114081925964,36,16.246489740002016,1.0
10.360000000034,10.717450059004598,10.377318139786317,1184.5760495177194,2449.84903041859,36,16.29436193516621,1.0
10.380000000034132,10.691909708554096,10.218321952723615,1148.555138824647,1348.8464823857553,29,16.34217934952637,1.0
10.400000000034263,10.653812532243334,10.076482160647256,1116.8904200722664,2092.1639940783875,45,16.389941271971427,1.0
10.420000000034394,10.617780750583936,9.990732376368737,1097.9620675784474,4112.692268504382,38,16.43764699139023,1.0
10.440000000034525,10.606183413232296,9.924572140570897,1083.4684539073558,3826.0494866491485,35,16.485295796671632,1.0
10.460000000034656,10.619511870802405,9.877002452266508,1073.1069518628647,3412.035046202421,43,16.53288697670459,1.0
10.480000000034787,10.637824973741203,9.85240632744802,1067.7690148525155,3712.2424898916543,48,16.58041982037796,1.0
10.500000000034918,10.642321489969138,9.815216565278186,1059.7232384564245,2655.2364473564407,47,16.62789361658065,1.0
10.520000000035049,10.64696450205908,9.753182857258642,1046.3703343183622,3516.6733716938015,49,16.675307654201525,1.0
10.54000000003518,10.635777584189919,9.697814695625944,1034.5237085776837,4081.8681135835996,41,16.72266122212947,1.0
10.560000000035311,10.621937771145895,9.699568754007084,1034.8979741508158,3709.16590490286,35,16.769953609253434,1.0
10.580000000035442,10.60345166437256,9.703722304039484,1035.784492093047,3239.50836769663,47,16.817184104462257,1.0
10.600000000035573,10.577942311234994,9.684801067177055,1031.7490888187322,3876.3732826064543,33,16.864351996644814,1.0
10.620000000035704,10.557698432397459,9.657725538485915,1025.9882883439534,3585.7653979713277,46,16.911456574690042,1.0
10.640000000035835,10.530031190368991,9.59580990857966,1012.8752458175514,4890.9958218353795,33,16.958497127486766,1.0
10.660000000035966,10.508848207386805,9.595665225547776,1012.8447023286553,4014.752995485558,19,17.005472943923934,1.0
10.680000000036097,10.509345672373692,9.719648024102792,1039.1871348368984,1937.4944813335255,17,17.052383312890395,1.0
10.700000000036228,10.519266468080787,10.152472494648144,1133.7996753004581,5719.980287433877,44,17.099227523275054,1.0
10.720000000036359,10.539689629838348,10.852597184925875,1295.5675222408713,10135.604501616717,39,17.146004863966805,1.0
10.74000000003649,10.548958788301968,11.393501625878704,1427.9306722879073,6355.61769250684,31,17.19271462385456,1.0
10.760000000036621,10.530962951187119,11.439275598360759,1439.4272883677709,3303.296960583088,38,17.239356091827204,1.0
10.780000000036752,10.51063004994881,11.301734041521367,1405.0211157981119,2794.653292203287,30,17.285928556773563,1.0
10.800000000036883,10.489796700369622,11.186986519257093,1376.6353412024393,3145.1750603487203,21,17.3324313075826,1.0
10.820000000037014,10.478265333790091,11.07227119416999,1348.5470833697116,3534.8069913731083,35,17.378863633143165,1.0
10.840000000037145,10.466828514963462,10.955714634482355,1320.3045146743193,4209.483570845351,38,17.425224822344134,1.0
10.860000000037276,10.433764003263422,10.834010660483031,1291.1336569060595,4153.817080820561,40,17.471514164074403,1.0
10.880000000037407,10.409106942119065,10.729286735828707,1266.293532455928,5185.493773164248,36,17.517730947222883,1.0
10.900000000037538,10.380204540397502,10.642044929175944,1245.7843230205935,5949.355880871254,33,17.56387446067851,1.0
10.92000000003767,10.362410881512055,10.561538296292804,1227.0070030246545,5526.00188933594,24,17.60994399333008,1.0
10.9400000000378,10.353559870818286,10.478231592807902,1207.7267104376938,5243.853117237689,31,17.655938834066482,1.0
10.960000000037931,10.343557676915104,10.339689587839208,1176.0009885015759,6426.395556682336,26,17.701858271776644,1.0
10.980000000038062,10.315941071737543,10.192070079421093,1142.6612175421374,6893.0320195501245,36,17.74770159534947,1.0
11.000000000038193,10.283760707894672,9.992476538670656,1098.3454611347186,8022.984127946587,39,17.793468093673823,1.0
11.020000000038324,10.250690444952479,9.876773019669285,1073.0570981027383,6705.7718718029555,27,17.839157055638587,1.0
11.040000000038455,10.255086026610238,9.898006624611693,1077.6758865494264,2725.1820775555816,25,17.884767770132644,1.0
11.060000000038587,10.280604405583656,9.982578291605291,1096.1705628283212,1809.5376470964716,41,17.930299526044923,1.0
11.080000000038718,10.31283689547017,10.02498282176862,1105.5030863443153,2358.224232699053,37,17.975751612264283,1.0
11.100000000038849,10.311335922422138,10.02683687186528,1105.9120342049682,4854.866313210484,29,18.021123317679614,1.0
11.12000000003898,10.3298070943696,10.170557117126906,1137.8425528001483,3469.787079506168,40,18.066413931179813,1.0
11.14000000003911,10.340802804539393,10.26434245816431,1158.92398708322,2993.954794201737,47,18.111622741653772,1.0
11.160000000039242,10.348767334755621,10.354598400774533,1179.3947884545476,3267.192280759708,39,18.15674903799035,1.0
11.180000000039373,10.355352941870821,10.442773769180352,1199.5667639370936,3851.4275641919403,39,18.201792109078507,1.0
11.200000000039504,10.362996354673971,10.62568427694954,1241.9568298875395,4579.4247295678915,43,18.246751243807072,1.0
11.220000000039635,10.349695640190523,10.655035770282481,1248.8276599259912,4344.165035141066,34,18.29162573106493,1.0
11.240000000039766,10.326656685525482,10.62708188174223,1242.2835625337937,4159.3675065141315,43,18.33641485974098,1.0
11.260000000039897,10.306231034200374,10.56280311387537,1227.3009058474474,6243.893406232637,40,18.381117918724133,1.0
11.280000000040028,10.296926791867298,10.49916941771642,1212.5581430810294,5664.466852143965,36,18.4257341969033,1.0
11.300000000040159,10.296003389094357,10.429588233736036,1196.5394179781367,4456.092075871412,37,18.470262983167302,1.0
11.32000000004029,10.271877582755444,10.345677541313421,1177.363481677206,5158.518036929561,26,18.51470356640506,1.0
11.34000000004042,10.222041797010771,10.248689560287117,1155.3920147345195,5108.712660469559,34,18.559055235505433,1.0
11.360000000040552,10.181797239808082,10.15118534932779,1133.5122039604787,7265.003203363104,39,18.60331727935739,1.0
11.380000000040683,10.135860245122055,10.014524799055694,1103.1977764599164,7965.792083420481,24,18.647488986849748,1.0
11.400000000040814,10.114409261721434,10.030056067552866,1106.6222719007949,2454.212756494517,22,18.691569646871432,1.0
11.420000000040945,10.12666112659101,10.151719252929173,1133.6314416932212,1484.889952788398,27,18.735558548311307,1.0
11.440000000041076,10.159606082822199,10.237750300990633,1152.9268434797718,2404.2142171249548,46,18.7794549800583,1.0
11.460000000041207,10.181654038658317,10.412723578274619,1192.672935493118,5313.724285757152,23,18.82325823100121,1.0
11.480000000041338,10.172373642475215,10.876946482311743,1301.3876125698118,8688.930451700933,19,18.866967590028977,1.0
11.500000000041469,10.19266118464522,11.038820498657842,1340.4111380174743,3139.952356706008,23,18.910582346030477,1.0
11.5200000000416,10.19312701197114,10.939619264693706,1316.4279662210342,4161.943338666614,35,18.95410178789462,1.0
11.540000000041731,10.193745886787264,10.814665200962175,1286.5268174979246,4133.864760058938,29,18.997525204510364,1.0
11.560000000041862,10.19703623913713,10.710074311427903,1261.7626093193865,4218.792863725246,48,19.040851884766518,1.0
11.580000000041993,10.185451242325472,10.602534967762004,1236.5512251687765,4583.9930835342575,40,19.084081117551996,1.0
11.600000000042124,10.158848153222442,10.490717601368532,1210.6067137082987,3566.17809726321,45,19.127212191755618,1.0
11.620000000042255,10.144906289738236,10.427955943430366,1196.1649167393716,3646.5294506557143,37,19.17024439626637,1.0
11.640000000042386,10.144344920148761,10.343879205418583,1176.9542071792007,4619.410623178907,26,19.213177019973056,1.0
11.660000000042517,10.114920919017903,10.24143026976211,1153.755833674396,5945.575230247799,32,19.256009351764682,1.0
11.680000000042648,10.074951445600313,10.12583247161862,1127.8573156761468,6520.907513267747,36,19.298740680530035,1.0
11.70000000004278,10.043416975435653,9.919258425966932,1082.3085649322759,9909.806983574239,25,19.341370295158015,1.0
11.72000000004291,10.013748592364424,9.58622498860027,1010.8528048527066,13677.25720644842,29,19.38389748453754,1.0
11.740000000043041,9.996036323907129,9.363261747185843,964.3773760094507,11471.4733326319,29,19.42632153755747,1.0
11.760000000043172,9.991997449340529,9.35284121659935,962.2320270521157,3466.1616715939126,22,19.468641743106687,1.0
11.780000000043303,10.018494415583765,9.514641239745869,995.8123771318008,4218.357791619993,16,19.51085739007414,1.0
11.800000000043434,10.081422360974214,10.124588822176664,1127.5802869995912,7663.5954418530755,30,19.55296776734868,1.0
11.820000000043565,10.209231242567625,12.019515520517423,1589.1562868275514,20366.527479017164,24,19.594972163819197,1.0
11.840000000043696,10.28551475501116,13.86410573382346,2114.347705785002,17674.223191486042,16,19.636869868374582,1.0
11.860000000043827,10.282071440042944,13.892982552789908,2123.164606333373,4027.4854007202375,20,19.678660169903694,1.0
11.880000000043959,10.214620718025413,13.54011270292459,2016.6811720868984,6417.105278680221,22,19.720342357295465,1.0
11.90000000004409,10.138138926633324,13.137412298838544,1898.5076210064167,6119.724279491341,23,19.761915719438733,1.0
11.92000000004422,9.85573863401138,12.77568879190108,1795.4004651825758,12066.123198591706,26,19.80337954522248,1.0
11.940000000044352,9.734806350915512,12.255559019384979,1652.1859956539136,18640.669586054206,17,19.844733123535487,1.0
11.960000000044483,9.643079423966682,11.08727004858259,1352.2031284321627,24239.327404433807,24,19.885975743266734,1.0
11.980000000044614,9.652903752740247,5.836953120961903,374.7702390993759,38259.41791202811,14,19.927106693305056,1.0
12.000000000044745,9.70211264506221,4.062787327986031,181.56864959688264,9450.801218597731,29,19.968125262539345,1.0
12.020000000044876,9.727547502117938,4.344088641866932,207.58216741237015,5131.727904791064,30,20.009030739858503,1.0
12.040000000045007,9.68623164454912,4.716889846847749,244.7395481002492,4304.812540640187,29,20.049822414151457,1.0
12.060000000045138,9.655134682615676,4.797811570065527,253.20895448040096,3862.982604721017,16,20.09049957430701,1.0
12.080000000045269,9.548301776815443,4.69220936619201,242.18511609798026,9876.946781599485,28,20.1310615092141,1.0
12.1000000000454,9.440167602072115,4.558780400594885,228.60726614932867,19222.647186531496,23,20.171507507761607,1.0
12.12000000004553,9.405958836546105,4.588788709079048,231.6267999822849,17182.911486702396,16,20.21183685883841,1.0
12.140000000045662,9.466241373559658,4.704358246223819,243.44085159695453,10151.191562133408,13,20.25204885133343,1.0
12.160000000045793,9.550585481622404,5.415124294049915,322.55928232010547,5262.838357046294,11,20.29214277413553,1.0
12.180000000045924,9.654146014935348,7.8253264576142225,673.5930758506088,27718.02550443442,26,20.33211791613364,1.0
12.200000000046055,9.753424169842775,14.438993613398443,2293.3299022453716,32177.36457090739,15,20.37197356621661,1.0
12.220000000046186,9.910762235932108,16.32829120152719,2932.744029180573,11935.014325794753,17,20.41170901327334,1.0
12.240000000046317,9.936454080380683,15.560279528516887,2663.345289061399,12204.834347164171,14,20.451323546192675,1.0
12.260000000046448,9.761745415687454,14.391568325612921,2278.289627578636,17987.182637955193,11,20.490816453863523,1.0
12.280000000046579,8.903955708406427,10.263221540520577,1158.6708802878613,34913.81192784682,16,20.530187025174804,1.0
12.30000000004671,8.648890170563453,2.541874030737448,71.07235946951185,35120.785178327256,18,20.56943454901536,1.0
12.320000000046841,8.715799241123591,1.567922360622334,27.042185818334637,6382.783726568333,38,20.60855831427414,1.0
12.340000000046972,8.713652559282623,1.9677849031272259,42.59395167472968,5154.007537480908,35,20.64755760984004,1.0
12.360000000047103,8.654514951619086,2.352419026936012,60.8726280611963,2097.5559854900657,39,20.686431724601913,1.0
12.380000000047234,8.624296308704269,2.5614182577957365,72.16949840506281,2111.3488756139814,40,20.72517994744864,1.0
12.400000000047365,8.609034427888162,2.6321328522945797,76.20935687341239,1482.8071017936509,37,20.763801567269116,1.0
12.420000000047496,8.582217399376683,2.6603975792268364,77.85486807511613,2338.3757313937713,32,20.802295872952243,1.0
12.440000000047627,8.531509020837415,2.494782478905796,68.46333578760884,8493.35864677766,28,20.840662153386916,1.0
12.460000000047758,8.434381570200346,1.8222648367116736,36.52714048627405,17766.14278380409,26,20.87889969746206,1.0
12.48000000004789,8.224990335719859,0.9098758752972479,9.106615192927263,29409.34355762404,27,20.91700779406644,1.0
12.50000000004802,8.007494336530614,0.16841347131714815,0.3119940705320107,32330.471566915476,28,20.95498573208902,1.0
12.520000000048151,8.053471243803578,0.870298318605486,8.331610797042895,14394.586700043074,29,20.992832800418693,1.0
12.540000000048282,8.140451401296557,3.1996204419044347,112.61328069478003,32936.15365092509,25,21.030548287944374,1.0
12.560000000048413,8.290836069440624,12.440826549413396,1702.5158175584816,60845.34878781898,14,21.068131483554914,1.0
12.580000000048544,8.434699778008426,20.87525756969934,4793.540164614185,32923.86529351251,16,21.10558167613919,1.0
12.600000000048675,8.51447992920758,24.398725030339463,6548.275614167248,20129.428153492925,29,21.142898154586135,1.0
12.620000000048806,8.535655727980698,24.43074082667669,6565.4720707427205,2590.731641682846,27,21.180080207784602,1.0
12.640000000048937,8.5172127314612,23.49115739011654,6070.179230799497,3353.85706213754,19,21.217127124623435,1.0
12.660000000049068,8.341652277406665,22.24359615755454,5442.553270224125,10433.97883741527,17,21.254038193991605,1.0
12.6800000000492,6.747205149974248,16.85489862702303,3124.963684999451,45384.916537104844,20,21.290812704777974,1.0
12.70000000004933,6.334176852336146,-0.17535911439059737,0.3382590089984008,22617.75357763407,23,21.327449945871418,1.0
12.720000000049462,6.3427509053897175,1.1611493680801361,14.830946404921894,5063.969766781603,21,21.363949206160868,1.0
12.740000000049593,6.28398314607803,2.1503099323086903,50.862160854839445,4517.285628120418,25,21.40030977453518,1.0
12.760000000049724,6.28343394562297,2.814843485682287,87.15678233776809,2092.7146002662103,29,21.43653093988323,1.0
12.780000000049855,6.276446149148612,3.0974065529872448,105.53320089937158,1922.139593511271,36,21.472611991093952,1.0
12.800000000049986,6.232512195031168,3.094617000286642,105.34319816309404,1104.910117865289,29,21.50855221705614,1.0
12.820000000050117,6.1381714354006025,2.8284373814297723,88.00063822736237,1049.237912903272,33,21.54435090665887,1.0
12.840000000050248,5.99404581897914,2.3833052176370373,62.481581364575185,1204.9813111802248,38,21.58000734879078,1.0
12.860000000050379,5.80226026404488,1.9669579081592263,42.55815753717131,5541.706141633445,35,21.61552083234091,1.0
12.88000000005051,5.742631183040178,1.4825069203402859,24.176094457425226,16946.285596687725,32,21.650890646198103,1.0
12.90000000005064,5.923928854480526,1.6120573922957695,28.5860193966098,8361.843579103153,27,21.686116079251292,1.0
12.920000000050772,6.203583220515683,2.997694373521868,98.84788712749132,7907.294611337013,23,21.721196420389333,1.0
12.940000000050903,6.498066106931296,4.885811904883783,262.58273766894513,9128.953789811938,28,21.75613095850119,1.0
12.960000000051034,6.705395628780351,7.533522301427003,624.2935409270781,18951.405734667256,35,21.790918982475656,1.0
12.980000000051165,6.796365628342349,11.063003487200973,1346.29050773603,13186.212501907163,42,21.8255597812017,1.0
13.000000000051296,6.768993460587846,10.713788758897751,1262.637965273122,2659.468614643848,37,21.860052643568128,1.0
13.020000000051427,6.648023046069661,9.913328865778212,1081.0149812117868,5907.561145501665,28,21.894396858463868,1.0
13.040000000051558,5.770555876086377,8.02685454990551,708.7343336187266,52541.184590255245,25,21.92859171477781,1.0
13.060000000051689,3.708472244688385,-5.539055276849724,337.4924669599645,39433.45953748141,28,21.962636501398816,1.0
13.08000000005182,3.4098671219680106,-5.473697137239612,329.57496385247634,6033.453873387666,29,21.996530507215834,1.0
13.100000000051951,3.120231789762754,-4.414845792222153,214.3994970601182,3783.4406819110004,29,22.03027302111767,1.0
13.120000000052082,2.903185780888288,-3.8367140591048203,161.92412248465845,1441.6357047370846,28,22.063863331993282,1.0
13.140000000052213,2.715462526127781,-3.675412617823485,148.5952370238169,1964.700006271581,28,22.09730072873156,1.0
13.160000000052344,2.4891132649760936,-3.6293232174557364,144.89185718439586,2691.3462712052224,29,22.130584500221367,1.0
13.180000000052475,2.199861408517426,-3.668036505850313,147.9994098907563,2880.55953261486,30,22.163713935351584,1.0
13.200000000052606,1.8142102395805682,-4.083137122089266,183.3920963356175,4770.216471903658,31,22.196688323011095,1.0
13.220000000052737,1.3755394832441004,-4.617791741084031,234.56400620426277,10298.59091240421,25,22.22950695208883,1.0
13.240000000052868,1.2018899851880598,-5.044719143684777,279.94110362525635,15600.36881143066,19,22.262169111473654,1.0
13.260000000053,1.243111093050723,-5.542666146451828,337.9326281212547,6850.888790706807,33,22.294674090054496,1.0
13.28000000005313,1.2838854062216174,-5.069700075996921,282.720447466195,3275.53603098153,31,22.32702117672012,1.0
13.300000000053261,1.302236273044707,-4.337668648670849,206.9690623622819,2733.9898465199126,24,22.35920966035952,1.0
13.320000000053392,1.4212961819302752,-3.2416943212563702,115.59440279712379,6098.278108874645,18,22.39123882986156,1.0
13.340000000053523,1.6994695944652534,-1.6593537608211668,30.288003939064854,15293.33703978261,14,22.423107974115123,1.0
13.360000000053654,1.9890890718354468,5.747132694603594,363.32487630319724,44708.77354730625,13,22.454816382009103,1.0
13.380000000053785,2.17020822997306,11.965765781807118,1574.9750581957271,30324.34969132021,19,22.48636334243244,1.0
13.400000000053916,2.2247765486017266,13.693863257737519,2062.74080013775,11881.116424487504,39,22.517748144273984,1.0
13.420000000054047,2.217070488052438,13.369558739801159,1966.196109866929,747.6187306315015,44,22.54897007642261,1.0
13.440000000054178,2.183160185583128,12.658583480871396,1762.6370931640922,2060.65114525537,38,22.58002842776717,1.0
13.46000000005431,2.0808840001260958,11.57062992523692,1472.6742455346696,7487.956449240367,30,22.610922487196607,1.0
13.48000000005444,1.7537015494130979,10.283976353970791,1163.361866139334,13878.573974775003,28,22.641651543599764,1.0
13.500000000054571,0.8033434131888146,0.0,0.0,14797.12826038799,25,22.672214885865586,1.0
13.520000000054702,0.17522854648927233,0.0,0.0,12621.882342724524,24,22.70261180288295,1.0
13.540000000054834,0.13783955681907226,0.0,0.0,642.6712462696651,48,22.732841583540715,1.0
13.560000000054965,0.023768180104315906,0.0,0.0,732.5919381836801,49,22.76290351672778,1.0
13.580000000055096,-0.10112086225540569,0.0,0.0,664.8287377545901,44,22.79279689133307,1.0
13.600000000055227,-0.2180370920893567,0.0,0.0,796.8758349531264,40,22.82252099624543,1.0
13.620000000055358,-0.2849555232849778,0.0,0.0,1242.49602809761,38,22.852075120353746,1.0
13.640000000055489,-0.32218003864717004,0.0,0.0,1486.574839547839,37,22.88145855254694,1.0
13.66000000005562,-0.334737504665656,0.0,0.0,697.9692729045618,40,22.910670581713934,1.0
13.68000000005575,-0.32887707064078425,0.0,0.0,615.4476548335556,40,22.939710496743505,1.0
13.700000000055882,-0.31274034620455315,0.0,0.0,1787.977905412956,38,22.968577586524663,1.0
13.720000000056013,-0.2865118499206611,0.0,0.0,3253.252060046437,36,22.997271139946225,1.0
13.740000000056144,-0.2433372164255182,0.0,0.0,4431.0076428226785,34,23.025790445897087,1.0
13.760000000056275,-0.14449961290371305,0.0,0.0,3465.272605273641,30,23.054134793266126,1.0
13.780000000056406,0.0060003447003196386,0.0,0.0,2864.8641167694677,30,23.082303470942243,1.0
13.800000000056537,0.17730142870869248,0.0,0.0,3301.564990151579,27,23.110295767814353,1.0
13.820000000056668,0.30016583838473293,0.0,0.0,2490.8459814145795,42,23.138110972771344,1.0
13.840000000056799,0.35364754778757074,0.0,0.0,1929.5514224118915,59,23.165748374702048,1.0
13.86000000005693,0.37550396385622664,0.0,0.0,1106.3369884958124,53,23.193207262495434,1.0
13.880000000057061,0.38344423968593344,0.0,0.0,1436.1621985450631,42,23.220486925040333,1.0
13.900000000057192,0.3246491686963771,0.0,0.0,3446.1088901192497,43,23.247586651225607,1.0
13.920000000057323,0.07981301862846195,0.0,0.0,9384.05331455164,44,23.274505729940223,1.0
13.940000000057454,-0.20958020844830533,0.0,0.0,12329.597653821495,43,23.30124345007307,1.0
13.960000000057585,-0.29797676944902335,0.0,0.0,726.2881639813766,45,23.327799100513012,1.0
13.980000000057716,-0.34665485323682393,0.0,0.0,452.75582787287595,44,23.35417197014892,1.0
14.000000000057847,-0.3665734549112145,0.0,0.0,576.4657618212431,63,23.380361347869723,1.0
14.020000000057978,-0.3838083459866654,0.0,0.0,677.8044203858236,56,23.406366522564223,1.0
14.040000000058109,-0.40347934332715696,0.0,0.0,294.73964084631257,56,23.432186783121363,1.0
14.06000000005824,-0.4023685116230492,0.0,0.0,448.5334510179719,54,23.45782141843006,1.0
14.080000000058371,-0.40319304927498084,0.0,0.0,517.812149413064,43,23.48326971737916,1.0
14.100000000058502,-0.38844645462337096,0.0,0.0,422.5618340967099,41,23.508530968857553,1.0
14.120000000058633,-0.35737229654085534,0.0,0.0,203.174318632332,44,23.533604461754148,1.0
14.140000000058764,-0.35102156957368197,0.0,0.0,153.26274553441715,56,23.558489484957907,1.0
14.160000000058895,-0.382978014863597,0.0,0.0,293.9515414671839,57,23.583185327357587,1.0
14.180000000059026,-0.41843666745311775,0.0,0.0,322.32184840288,53,23.607691277842104,1.0
14.200000000059157,-0.4499821582607733,0.0,0.0,606.4456648403687,39,23.632006625300374,1.0
14.220000000059288,-0.49964374598655753,0.0,0.0,1086.7911853582696,32,23.656130658621283,1.0
14.24000000005942,-0.5786948411737498,0.0,0.0,3395.8377084011113,32,23.680062666693726,1.0
14.26000000005955,-0.6689704424699825,0.0,0.0,10021.07547137537,33,23.703801938406567,1.0
14.280000000059681,-0.6777561267642402,0.0,0.0,10996.947498444953,38,23.727347762648762,1.0
14.300000000059812,-0.6752003336066895,0.0,0.0,2455.0278573670544,51,23.750699428309172,1.0
14.320000000059943,-0.6849000726853486,0.0,0.0,456.72159204887635,45,23.773856224276628,1.0
14.340000000060074,-0.7098222048881951,0.0,0.0,647.5436489147197,46,23.796817439440073,1.0
14.360000000060205,-0.7204823036400028,0.0,0.0,385.21721121695646,47,23.819582362688358,1.0
14.380000000060337,-0.7159913966563456,0.0,0.0,240.10767130841816,52,23.842150282910392,1.0
14.400000000060468,-0.7016621048078979,0.0,0.0,147.8598087753588,52,23.864520488995066,1.0
14.420000000060599,-0.6770447844617716,0.0,0.0,291.5810770340127,43,23.88669226983133,1.0
14.44000000006073,-0.6475618947727743,0.0,0.0,343.7697513209131,42,23.90866491430798,1.0
14.46000000006086,-0.6118827605634586,0.0,0.0,734.1142685001034,37,23.930437711313942,1.0
14.480000000060992,-0.5287772578769856,0.0,0.0,834.6996080335514,29,23.95200994973811,1.0
14.500000000061123,-0.3986206389466844,0.0,0.0,723.1257948266883,26,23.973380918469342,1.0
14.520000000061254,-0.2695262655546509,0.0,0.0,1142.5855791806507,22,23.994549906396593,1.0
14.540000000061385,-0.1794206252195943,0.0,0.0,719.9777312785839,28,24.015516202408712,1.0
14.560000000061516,-0.13501905648902718,0.0,0.0,495.3577998856979,49,24.036279095394615,1.0
14.580000000061647,-0.1218624855659606,0.0,0.0,514.3841756193049,55,24.05683787424308,1.0
14.600000000061778,-0.11999519804648938,0.0,0.0,546.1056750555815,53,24.077191827843134,1.0
14.620000000061909,-0.1364910204550375,0.0,0.0,517.2061281492697,46,24.097340245083558,1.0
14.64000000006204,-0.17133875199979,0.0,0.0,304.359514159028,46,24.117282414853292,1.0
14.66000000006217,-0.20378694217930077,0.0,0.0,173.76774323300856,50,24.137017626041235,1.0
14.680000000062302,-0.2238267856058724,0.0,0.0,115.60564038840228,51,24.15654516753627,1.0
14.700000000062433,-0.2334123512110593,0.0,0.0,111.44466900609606,53,24.175864328227288,1.0
14.720000000062564,-0.24326142841318443,0.0,0.0,130.5541132168983,52,24.19497439700315,1.0
14.740000000062695,-0.25270613157823457,0.0,0.0,184.81147228173313,45,24.213874662752755,1.0
14.760000000062826,-0.26495412217130143,0.0,0.0,195.4847657894461,41,24.232564414365022,1.0
14.780000000062957,-0.2759662358799236,0.0,0.0,408.8476861042912,39,24.25104294072882,1.0
14.800000000063088,-0.2872237759388326,0.0,0.0,459.1493574960545,37,24.26930953073302,1.0
14.820000000063219,-0.3028483016560553,0.0,0.0,500.01517715113783,47,24.287363473266492,1.0
14.84000000006335,-0.3040771598599911,0.0,0.0,116.9518101686254,66,24.305204057218173,1.0
14.860000000063481,-0.2960875081790918,0.0,0.0,161.18765718487666,70,24.322830571476977,1.0
14.880000000063612,-0.2859060970854245,0.0,0.0,405.89695112392707,58,24.34024230493176,1.0
14.900000000063743,-0.27893152982486336,0.0,0.0,665.5128315862008,48,24.357438546471403,1.0
14.920000000063874,-0.2360734549256034,0.0,0.0,763.0089856239922,42,24.374418584984753,1.0
14.940000000064005,-0.16138951525152118,0.0,0.0,550.1173438095881,39,24.391181709360747,1.0
14.960000000064136,-0.07331036553719775,0.0,0.0,255.76907747291156,35,24.407727208488275,1.0
14.980000000064267,-0.025259104972629724,0.0,0.0,91.95383407820906,43,24.42405437125624,1.0
15.000000000064398,-0.006553833168031256,0.0,0.0,44.356026655120175,70,24.44016248655351,1.0
15.02000000006453,0.00567610493268831,0.0,0.0,134.77705158056216,66,24.456050843269,1.0
15.04000000006466,0.011793749585808337,0.0,0.0,222.6122269489728,55,24.471718730291585,1.0
15.060000000064791,0.009299775852208784,0.0,0.0,308.38821744319506,58,24.48716543651014,1.0
15.080000000064922,-0.004429464826713305,0.0,0.0,52.75720702522796,57,24.5023902508135,1.0
15.100000000065053,-0.02049708282583668,0.0,0.0,24.207113587507752,71,24.517392462090644,1.0
15.120000000065184,-0.03487852217297272,0.0,0.0,120.02892796709594,67,24.532171359230425,1.0
15.140000000065315,-0.04432217009535448,0.0,0.0,128.28990544226946,67,24.54672623112176,1.0
15.160000000065446,-0.05324313648400953,0.0,0.0,281.46855133949146,64,24.56105636665352,1.0
15.180000000065577,-0.061990291704496416,0.0,0.0,339.04569095256716,62,24.575161054714535,1.0
15.200000000065709,-0.07134476405501242,0.0,0.0,345.99268323210975,57,24.589039584193788,1.0
15.22000000006584,-0.08310310895090847,0.0,0.0,235.3862177577821,59,24.602691243980104,1.0
15.24000000006597,-0.09876146083169396,0.0,0.0,265.4223037577223,55,24.616115322962393,1.0
15.260000000066102,-0.1625735978265633,0.0,0.0,189.00560135663952,58,24.629311110029512,1.0
15.280000000066233,-0.19659601533421547,0.0,0.0,258.8332339645559,70,24.64227789407042,1.0
15.300000000066364,-0.2139771601026392,0.0,0.0,214.65573797922275,64,24.655014963973965,1.0
15.320000000066495,-0.22912758190579813,0.0,0.0,282.74832196496527,59,24.66752160862905,1.0
15.340000000066626,-0.24381820794685202,0.0,0.0,528.9805333106984,53,24.679797116924505,1.0
15.360000000066757,-0.23474168146190877,0.0,0.0,239.24486457212578,55,24.691840777749313,1.0
15.380000000066888,-0.2042313195986888,0.0,0.0,177.6957307954999,51,24.70365187999232,1.0
15.400000000067019,-0.17920272820435398,0.0,0.0,171.30430582116904,50,24.71522971254241,1.0
15.42000000006715,-0.1601340929745649,0.0,0.0,104.71334891087663,59,24.726573564288454,1.0
15.44000000006728,-0.1451957518224934,0.0,0.0,92.76224578629028,59,24.737682724119413,1.0
15.460000000067412,-0.12903729156278984,0.0,0.0,119.1828077159141,56,24.748556480924076,1.0
15.480000000067543,-0.10478643099991046,0.0,0.0,145.7473826756914,55,24.75919412359137,1.0
15.500000000067674,-0.07118871237431963,0.0,0.0,434.6551584495785,52,24.769594941010237,1.0
15.520000000067805,-0.028956294098384648,0.0,0.0,172.65417096302198,52,24.779758222069514,1.0
15.540000000067936,0.0019858462160669763,0.0,0.0,141.42545267490144,58,24.789683255658126,1.0
15.560000000068067,0.01724060457896239,0.0,0.0,123.95856208670479,67,24.799369330664938,1.0
15.580000000068198,0.022851237580365433,0.0,0.0,152.35228720870788,66,24.80881573597878,1.0
15.600000000068329,0.025163105899890733,0.0,0.0,286.3247285198632,59,24.81802176048859,1.0
15.62000000006846,0.023439143745710274,0.0,0.0,409.22351421722004,48,24.826986693083285,1.0
15.640000000068591,0.015558007097080438,0.0,0.0,437.74836840241693,41,24.835709822651733,1.0
15.660000000068722,0.0008766389802474232,0.0,0.0,536.320033032899,42,24.844190438082805,1.0
15.680000000068853,-0.011902023932981237,0.0,0.0,272.5374695482054,41,24.852427828265437,1.0
15.700000000068984,-0.029300938604586726,0.0,0.0,282.7838577313318,48,24.860421282088506,1.0
15.720000000069115,-0.05097817145953309,0.0,0.0,240.29237153730952,56,24.868170088440813,1.0
15.740000000069246,-0.06663037164533996,0.0,0.0,157.75184752487027,50,24.875673536211355,1.0
15.760000000069377,-0.07406346917528542,0.0,0.0,177.31732553242577,51,24.882930914288995,1.0
15.780000000069508,-0.07768194379261838,0.0,0.0,98.24317904054672,51,24.889941511562583,1.0
15.80000000006964,-0.08247537190328265,0.0,0.0,105.517545002345,56,24.89670461692098,1.0
15.82000000006977,-0.09019802363210445,0.0,0.0,155.74095306807246,57,24.9032195192532,1.0
15.840000000069901,-0.10222831590201448,0.0,0.0,135.73842427083474,58,24.909485507448068,1.0
15.860000000070032,-0.11169482540232538,0.0,0.0,485.18666242137726,58,24.915501870394444,1.0
15.880000000070163,-0.11450761295903841,0.0,0.0,436.774468429756,57,24.921267896981256,1.0
15.900000000070294,-0.11268542406121711,0.0,0.0,559.016692894872,53,24.92678287609737,1.0
15.920000000070425,-0.09119469187705144,0.0,0.0,500.72464690467166,44,24.93204609663168,1.0
15.940000000070556,-0.04306079266583567,0.0,0.0,499.8335709226605,39,24.93705684747307,1.0
15.960000000070687,0.020125815585677647,0.0,0.0,270.14004069346265,38,24.941814417510454,1.0
15.980000000070818,0.0636987576995505,0.0,0.0,137.15489229713884,44,24.946318095632666,1.0
16.000000000070948,0.08269488319971573,0.0,0.0,120.4996794404634,67,24.950567170728608,1.0
16.02000000007019,0.09407186896497474,0.0,0.0,276.18994687676104,64,24.954561069371746,1.0
16.040000000069433,0.09868445405910473,0.0,0.0,271.9098867676531,58,24.958300980661473,1.0
16.060000000068676,0.0989331797095458,0.0,0.0,301.8897744960752,52,24.961791196989225,1.0
16.08000000006792,0.1036282506549788,0.0,0.0,193.00409517286602,47,24.965038539373356,1.0
16.100000000067162,0.1004626620942619,0.0,0.0,169.8193268505391,42,24.968051700252357,1.0
16.120000000066405,0.09446558224107784,0.0,0.0,101.2240286949675,52,24.970840706260837,1.0
16.140000000065648,0.08268786708991935,0.0,0.0,129.7922238929044,52,24.97341648181084,1.0
16.16000000006489,0.06385375592762953,0.0,0.0,141.91197376206895,53,24.975790497158993,1.0
16.180000000064133,0.05212924234805648,0.0,0.0,130.2305166541909,51,24.97797448708808,1.0
16.200000000063376,0.043976159611584305,0.0,0.0,160.8699114839138,53,24.979980228431135,1.0
16.22000000006262,0.037758434446923526,0.0,0.0,155.20447941044893,57,24.981819366460996,1.0
16.240000000061862,0.015521335495851786,0.0,0.0,129.48618588002654,55,24.983503281705598,1.0
16.260000000061105,-0.010519069969866731,0.0,0.0,218.51125499716068,60,24.98504299006007,1.0
16.280000000060348,-0.025800991182735756,0.0,0.0,99.12904816837093,66,24.986449070188318,1.0
16.30000000005959,-0.038645974072297425,0.0,0.0,49.85764416879412,67,24.987731613159912,1.0
16.320000000058833,-0.05377011244451438,0.0,0.0,131.31681507706594,65,24.98890019008335,1.0
16.340000000058076,-0.07419360929136136,0.0,0.0,237.7891532942488,57,24.989963834185648,1.0
16.36000000005732,-0.08402382809931803,0.0,0.0,557.1788931753556,51,24.99093103437812,1.0
16.38000000005656,-0.06663491762840076,0.0,0.0,485.12942806442226,42,24.991809737844232,1.0
16.400000000055805,-0.03672132188662075,0.0,0.0,146.21097601462793,44,24.992607359608407,1.0
16.420000000055047,-0.01758372409461652,0.0,0.0,36.24810240065724,58,24.993330797400294,1.0
16.44000000005429,-0.01144206223823458,0.0,0.0,40.502096612078454,67,24.993986450430278,1.0
16.460000000053533,-0.010615731153533939,0.0,0.0,175.60653261854148,62,24.99458024094483,1.0
16.480000000052776,-0.014943635781778474,0.0,0.0,176.7166765608824,60,24.995117637643304,1.0
16.50000000005202,-0.021477029438192363,0.0,0.0,117.25763792798725,63,24.99560368021562,1.0
16.52000000005126,-0.02466902839259083,0.0,0.0,82.3490073153919,67,24.996043004409458,1.0
16.540000000050505,-0.029358237755533777,0.0,0.0,71.4726014832983,70,24.996439867159765,1.0
16.560000000049747,-0.03039941122517848,0.0,0.0,77.57581443415825,64,24.996798171416042,1.0
16.58000000004899,-0.031044696023685144,0.0,0.0,147.94208763527345,61,24.997121490388405,1.0
16.600000000048233,-0.02522447287638137,0.0,0.0,162.73064147678178,58,24.99741309100334,1.0
16.620000000047476,-0.016530736920311578,0.0,0.0,159.84085538737398,55,24.997675956417922,1.0
16.64000000004672,-0.0075923855038569155,0.0,0.0,275.7125359452202,46,24.9979128074873,1.0
16.66000000004596,-0.005448240769745602,0.0,0.0,218.19762151050872,44,24.99812612311905,1.0
16.680000000045204,-0.01579558763359292,0.0,0.0,300.1771463350593,49,24.998318159477936,1.0
16.700000000044447,-0.045641567368612954,0.0,0.0,451.17809661993886,56,24.99849096802833,1.0
16.72000000004369,-0.07230048645073385,0.0,0.0,85.5935042039744,70,24.998646412421767,1.0
16.740000000042933,-0.09751641238283366,0.0,0.0,258.6916682523727,64,24.998786184249784,1.0
16.760000000042176,-0.12820302208016562,0.0,0.0,683.811647416246,56,24.998911817695426,1.0
16.78000000004142,-0.1453867258373845,0.0,0.0,642.4992240013936,53,24.999024703123535,1.0
16.80000000004066,-0.14000705198256821,0.0,0.0,455.0676724253209,49,24.999126099655985,1.0
16.820000000039904,-0.12360724898249634,0.0,0.0,107.23901826504057,51,24.999217146782307,1.0
16.840000000039147,-0.10964113803767235,0.0,0.0,74.41891451518897,54,24.999298875058148,1.0
16.86000000003839,-0.1007939519938071,0.0,0.0,73.1612139885434,57,24.999372215945144,1.0
16.880000000037633,-0.09343076493455466,0.0,0.0,84.32595195027146,59,24.999438010845495,1.0
16.900000000036876,-0.08534334712640354,0.0,0.0,139.33254727306237,54,24.999497019384773,1.0
16.92000000003612,-0.0743492697830636,0.0,0.0,91.76595499444596,55,24.999549926994092,1.0
16.94000000003536,-0.06271982381845724,0.0,0.0,93.07770267302273,59,24.999597351841604,1.0
16.960000000034604,-0.05286408966746535,0.0,0.0,321.0695953416196,57,24.999639851161785,1.0
16.980000000033847,-0.04469559060765313,0.0,0.0,228.44501265622944,55,24.999677927027477,1.0
17.00000000003309,-0.038652123960357394,0.0,0.0,114.95707939268684,63,24.99971203160841,1.0
17.020000000032333,-0.0345884310082892,0.0,0.0,115.11633666004536,66,24.999742571956805,1.0
17.040000000031576,-0.030187918236572277,0.0,0.0,160.1690817099769,60,24.999769914358644,1.0
17.06000000003082,-0.020620659989796706,0.0,0.0,245.20980263504282,52,24.99979438828631,1.0
17.08000000003006,-0.01273942557760975,0.0,0.0,287.99360994351093,52,24.999816289986036,1.0
17.100000000029304,-0.0051915146823972086,0.0,0.0,194.52657857797547,45,24.999835885731486,1.0
17.120000000028547,-0.005402342626478586,0.0,0.0,186.87768368224224,46,24.999853414772094,1.0
17.14000000002779,-0.016093570509932077,0.0,0.0,47.24123116543482,61,24.999869092002864,1.0
17.160000000027033,-0.03292024907467755,0.0,0.0,552.0805102906747,58,24.99988311038078,1.0
17.180000000026276,-0.05582979497134075,0.0,0.0,424.5319657080768,53,24.99989564310978,1.0
17.20000000002552,-0.07509853154054419,0.0,0.0,429.84847993127937,53,24.99990684561552,1.0
17.22000000002476,-0.08535725418908183,0.0,0.0,247.49787979829463,57,24.999916857329374,1.0
17.240000000024004,-0.08899172131731406,0.0,0.0,160.2392574255895,62,24.999925803298954,1.0
17.260000000023247,-0.0947999373727592,0.0,0.0,108.67937192554204,60,24.999933795641006,1.0
17.28000000002249,-0.11168951260561293,0.0,0.0,580.2042610702158,55,24.999940934852116,1.0
17.300000000021733,-0.12347549370817457,0.0,0.0,543.3388459815335,51,24.999947310989683,1.0
17.320000000020976,-0.12597930934781393,0.0,0.0,452.0326340694893,47,24.99995300473649,1.0
17.34000000002022,-0.1207380332816471,0.0,0.0,630.732081324512,47,24.999958088358945,1.0
17.36000000001946,-0.10535781060255602,0.0,0.0,337.3051837004444,45,24.99996262657001,1.0
17.380000000018704,-0.07400867336277167,0.0,0.0,352.1469501050237,42,24.999966677305487,1.0
17.400000000017947,-0.04140846285338757,0.0,0.0,165.3966762336313,41,24.999970292422564,1.0
17.42000000001719,-0.022591973704739324,0.0,0.0,38.52939394829063,59,24.999973518327465,1.0
17.440000000016433,-0.015046800142146323,0.0,0.0,40.107165660819206,67,24.99997639653996,1.0
17.460000000015675,-0.010666994219773714,0.0,0.0,164.89281774601665,61,24.999978964200235,1.0
17.48000000001492,-0.002545384343282441,0.0,0.0,188.53268860748003,58,24.999981254524602,1.0
17.50000000001416,0.011938721296110578,0.0,0.0,211.3626659804738,53,24.999983297214246,1.0
17.520000000013404,0.02208757928521682,0.0,0.0,218.59916662493902,47,24.999985118822334,1.0
17.540000000012647,0.025062059461560524,0.0,0.0,339.74460757616157,55,24.999986743083408,1.0
17.56000000001189,0.026775118492829354,0.0,0.0,132.1639845906639,57,24.999988191208836,1.0
17.580000000011132,0.022499167267635577,0.0,0.0,277.93880904005056,60,24.99998948215188,1.0
17.600000000010375,0.014447821531303034,0.0,0.0,234.6917990415872,56,24.999990632845144,1.0
17.620000000009618,0.009743575099977288,0.0,0.0,167.70783732966348,56,24.999991658413713,1.0
17.64000000000886,0.008119080353791467,0.0,0.0,97.10439468826148,57,24.999992572365898,1.0
17.660000000008104,0.0038267227247410587,0.0,0.0,195.46166642915526,58,24.999993386764068,1.0
17.680000000007347,-0.003708697353553136,0.0,0.0,130.71690568212105,58,24.999994112378072,1.0
17.70000000000659,-0.019063606872433907,0.0,0.0,189.05981795474955,66,24.999994758822098,1.0
17.720000000005832,-0.028700141850105994,0.0,0.0,77.2131209834997,70,24.999995334677568,1.0
17.740000000005075,-0.04078733369814067,0.0,0.0,49.70497011631403,68,24.999995847602943,1.0
17.760000000004318,-0.05555724351025129,0.0,0.0,125.49790947070842,66,24.999996304432166,1.0
17.78000000000356,-0.07097499147603256,0.0,0.0,224.2195439145411,61,24.999996711262497,1.0
17.800000000002804,-0.07569839428754216,0.0,0.0,439.00584852525407,58,24.999997073533343,1.0
17.820000000002047,-0.06060537047498082,0.0,0.0,253.72679310083058,50,24.99999739609643,1.0
17.84000000000129,-0.04332532892495197,0.0,0.0,73.57336917422387,53,24.999997683278963,1.0
17.860000000000532,-0.03586324564128137,0.0,0.0,116.042415214156,68,24.999997938939735,1.0
17.879999999999775,-0.03422295980771306,0.0,0.0,148.56318899019334,68,24.999998166519568,1.0
17.899999999999018,-0.03412690646621844,0.0,0.0,132.7222413984128,62,24.99999836908603,1.0
17.91999999999826,-0.03245964865972843,0.0,0.0,199.30854127927932,61,24.999998549373665,1.0
17.939999999997504,-0.024326458528820098,0.0,0.0,172.6048237918201,70,24.99999870982008,1.0
17.959999999996747,-0.02021353833623765,0.0,0.0,97.92804723275545,70,24.999998852597678,1.0
17.97999999999599,-0.019091176052617644,0.0,0.0,92.29003140405675,65,24.99999897964238,1.0
17.999999999995232,-0.018772939074107965,0.0,0.0,329.8427390563576,62,24.999999092679353,1.0
18.019999999994475,-0.014289737079704013,0.0,0.0,192.99763539242417,60,24.99999919324563,1.0
18.039999999993718,-0.007291197916447121,0.0,0.0,128.32368842963226,59,24.99999928271049,1.0
18.05999999999296,0.003839345673959581,0.0,0.0,130.54032477150506,56,24.99999936229372,1.0
18.079999999992204,0.01217203087635166,0.0,0.0,391.1333033210067,48,24.999999433081815,1.0
18.099999999991446,0.006570208367718811,0.0,0.0,491.71630728039935,43,24.99999949604238,1.0
18.11999999999069,-0.0057475871942027044,0.0,0.0,240.05448443023002,48,24.9999995520372,1.0
18.139999999989932,-0.019089348420914993,0.0,0.0,188.47178552184818,61,24.999999601833572,1.0
18.159999999989175,-0.035223682170043055,0.0,0.0,151.5657991914526,66,24.99999964611479,1.0
18.179999999988418,-0.055880865676944655,0.0,0.0,259.36049178347673,63,24.999999685489062,1.0
18.19999999998766,-0.08295372026304891,0.0,0.0,778.7467844382215,66,24.999999720497982,1.0
18.219999999986904,-0.09989008518421388,0.0,0.0,760.5514581330693,59,24.999999751623605,1.0
18.239999999986146,-0.1023631623857619,0.0,0.0,376.15815357249346,59,24.999999779294928,1.0
18.25999999998539,-0.09694708867723947,0.0,0.0,248.01116774973272,56,24.999999803893807,1.0
18.279999999984632,-0.09387644957499264,0.0,0.0,248.6915279849133,61,24.999999825760167,1.0
18.299999999983875,-0.09233621360961522,0.0,0.0,310.7142640728317,60,24.99999984519631,1.0
18.319999999983118,-0.0892499948252702,0.0,0.0,353.4515468146905,59,24.999999862471334,1.0
18.33999999998236,-0.08139248170818655,0.0,0.0,262.42844473972093,61,24.99999987782474,1.0
18.359999999981603,-0.07518190292073108,0.0,0.0,227.9622271263228,59,24.999999891469432,1.0
18.379999999980846,-0.07376225453894923,0.0,0.0,192.2331010892968,64,24.999999903594958,1.0
18.39999999998009,-0.07356828855982354,0.0,0.0,87.40129802749894,63,24.99999991436984,1.0
18.419999999979332,-0.06627874693315242,0.0,0.0,36.1139910659726,64,24.999999923944028,1.0
18.439999999978575,-0.058782724868692064,0.0,0.0,83.75676699083115,62,24.999999932450905,1.0
18.459999999977818,-0.04651650170733426,0.0,0.0,102.51787154124462,66,24.999999940009047,1.0
18.47999999997706,-0.03478483514604278,0.0,0.0,90.5625460102097,60,24.9999999467239,1.0
18.499999999976303,-0.020179162470781626,0.0,0.0,157.96685996351775,55,24.999999952689254,1.0
18.519999999975546,-0.005036532149369084,0.0,0.0,223.38196553201445,53,24.999999957988507,1.0
18.53999999997479,0.00437562375562971,0.0,0.0,140.63950355771192,47,24.999999962695803,1.0
18.559999999974032,0.009519576684374743,0.0,0.0,86.81911439285838,54,24.99999996687707,1.0
18.579999999973275,0.0042539403988388624,0.0,0.0,27.888018931956914,67,24.999999970590927,1.0
18.599999999972518,-0.00994241638212523,0.0,0.0,46.470876420848874,63,24.999999973889476,1.0
18.61999999997176,-0.025834194380244202,0.0,0.0,100.67157721067645,62,24.999999976818984,1.0
18.639999999971003,-0.037906144603472844,0.0,0.0,282.98776569251095,61,24.999999979420632,1.0
18.659999999970246,-0.04560958127414358,0.0,0.0,47.14183133932764,64,24.999999981731047,1.0
18.67999999996949,-0.053803538391358395,0.0,0.0,172.39488581041422,67,24.999999983782708,1.0
18.699999999968732,-0.0641090278230096,0.0,0.0,88.04193534303487,65,24.999999985604557,1.0
18.719999999967975,-0.07560268216897763,0.0,0.0,319.2903568829631,65,24.999999987222207,1.0
18.739999999967218,-0.0770391771344377,0.0,0.0,403.2062585312941,54,24.999999988658516,1.0
18.75999999996646,-0.07584116155958735,0.0,0.0,341.27445771119454,39,24.99999998993376,1.0
18.779999999965703,-0.07626719484110075,0.0,0.0,438.1751722359094,40,24.999999991065934,1.0
18.799999999964946,-0.07600889607957421,0.0,0.0,399.9598784286446,38,24.99999999207106,1.0
18.81999999996419,-0.06508530550571602,0.0,0.0,341.4722974549978,36,24.999999992963346,1.0
18.83999999996343,-0.05229308259738379,0.0,0.0,125.11494660610592,38,24.999999993755438,1.0
18.859999999962675,-0.03745958089271518,0.0,0.0,23.02599823351116,63,24.999999994458566,1.0
18.879999999961917,-0.02322217391211102,0.0,0.0,126.66380949434081,68,24.999999995082696,1.0
18.89999999996116,-0.0070278341230707786,0.0,0.0,125.27823128413273,62,24.999999995636678,1.0
18.919999999960403,0.011980080016548511,0.0,0.0,174.71299810293786,58,24.999999996128388,1.0
18.939999999959646,0.030483901227900824,0.0,0.0,273.8159215187592,54,24.999999996564807,1.0
18.95999999995889,0.04227095502488874,0.0,0.0,143.79805427788625,52,24.999999996952134,1.0
18.97999999995813,0.05291153291153371,0.0,0.0,228.82452709221542,55,24.99999999729587,1.0
18.999999999957375,0.06065534165871782,0.0,0.0,242.81822403533607,56,24.99999999760092,1.0
19.019999999956617,0.06633018173632971,0.0,0.0,354.6649562794051,56,24.999999997871637,1.0
19.03999999995586,0.06595347978958879,0.0,0.0,341.4349419600081,51,24.999999998111846,1.0
19.059999999955103,0.06440665680234434,0.0,0.0,341.0585211002828,50,24.99999999832499,1.0
19.079999999954346,0.06314617725551355,0.0,0.0,205.7915989829831,56,24.999999998514134,1.0
19.09999999995359,0.06247490417746494,0.0,0.0,266.620871763248,54,24.99999999868195,1.0
19.11999999995283,0.0644115050579752,0.0,0.0,341.28827432480284,62,24.999999998830855,1.0
19.139999999952074,0.06383025995237998,0.0,0.0,697.1165635207103,59,24.999999998962966,1.0
19.159999999951317,0.05219091943428835,0.0,0.0,385.3560163865778,66,24.999999999080178,1.0
19.17999999995056,0.03594871673921215,0.0,0.0,471.8118435706047,66,24.99999999918416,1.0
19.199999999949803,0.01669943671126818,0.0,0.0,529.1551695115478,63,24.999999999276405,1.0
19.219999999949046,-0.0016688014774651706,0.0,0.0,581.7244984537549,52,24.999999999358263,1.0
19.23999999994829,-0.014501363323721905,0.0,0.0,340.12108532478305,46,24.99999999943088,1.0
19.25999999994753,-0.019918487395806015,0.0,0.0,141.48871916397076,43,24.999999999495234,1.0
19.279999999946774,-0.022072400104893787,0.0,0.0,58.004954809425506,68,24.99999999955237,1.0
19.299999999946017,-0.0253608405107879,0.0,0.0,83.49824545350813,67,24.999999999603023,1.0
19.31999999994526,-0.029241897218142594,0.0,0.0,159.86069529593885,68,24.999999999647972,1.0
19.339999999944503,-0.02780368360106126,0.0,0.0,821.0594894906678,59,24.999999999687827,1.0
19.359999999943746,-0.01793954250155904,0.0,0.0,441.7585093191608,57,24.999999999723205,1.0
19.37999999994299,-0.015763225820965746,0.0,0.0,202.00430788840384,61,24.999999999754596,1.0
19.39999999994223,-0.015231931576224062,0.0,0.0,174.16951452078993,64,24.99999999978237,1.0
19.419999999941474,-0.011240849531058075,0.0,0.0,390.86926273125005,61,24.999999999807,1.0
19.439999999940717,-0.008079032428914324,0.0,0.0,405.6742019132482,63,24.999999999828972,1.0
19.45999999993996,-0.004933857164251615,0.0,0.0,391.01277188289066,61,24.99999999984831,1.0
19.479999999939203,-0.0012382761218661963,0.0,0.0,205.54229223540221,62,24.99999999986546,1.0
19.499999999938446,-0.0014004150539947613,0.0,0.0,774.4071283594135,55,24.9999999998807,1.0
19.51999999993769,-0.01346345204481625,0.0,0.0,814.7312743165372,50,24.99999999989424,1.0
19.53999999993693,-0.02587495506437472,0.0,0.0,620.0119649737545,48,24.99999999990634,1.0
19.559999999936174,-0.038573349366846435,0.0,0.0,389.597288543081,56,24.999999999916998,1.0
19.579999999935417,-0.05044554104402698,0.0,0.0,226.01845413314464,68,24.999999999926235,1.0
19.59999999993466,-0.06573416514654912,0.0,0.0,343.7189540112143,66,24.999999999934882,1.0
19.619999999933903,-0.08561442079058668,0.0,0.0,756.9908980102998,64,24.999999999941988,1.0
19.639999999933146,-0.10499381337774537,0.0,0.0,709.5302841409455,64,24.999999999949015,1.0
19.65999999993239,-0.1179970132427319,0.0,0.0,667.1180316437333,59,24.999999999954344,1.0
19.67999999993163,-0.12724336585288426,0.0,0.0,361.2016506940341,56,24.999999999959673,1.0
19.699999999930874,-0.13161652509412058,0.0,0.0,207.7382186792086,58,24.999999999964558,1.0
19.719999999930117,-0.13710160088570308,0.0,0.0,344.66490260670184,62,24.99999999996811,1.0
19.73999999992936,-0.14164472901647285,0.0,0.0,375.0836256394433,58,24.999999999971664,1.0
19.759999999928603,-0.14332833226074215,0.0,0.0,354.74850933484174,58,24.999999999975216,1.0
19.779999999927846,-0.13913683120882653,0.0,0.0,314.5076519336472,55,24.999999999978733,1.0
19.79999999992709,-0.13780443207281695,0.0,0.0,146.34447497045832,61,24.99999999998051,1.0
19.81999999992633,-0.13872622427022135,0.0,0.0,154.1653170306754,59,24.999999999982286,1.0
19.839999999925574,-0.13706927515416073,0.0,0.0,103.67651096075218,60,24.999999999984063,1.0
19.859999999924817,-0.13099952983451363,0.0,0.0,321.2090101814586,59,24.99999999998584,1.0
19.87999999992406,-0.1229530488999926,0.0,0.0,210.1480783172026,67,24.999999999987615,1.0
19.899999999923303,-0.11282070727393974,0.0,0.0,258.761214042522,65,24.99999999998939,1.0
19.919999999922545,-0.09738339279048293,0.0,0.0,184.958138887865,61,24.999999999991168,1.0
19.93999999992179,-0.08522709833167255,0.0,0.0,412.6821130383052,52,24.999999999992944,1.0
19.95999999992103,-0.07959132269480888,0.0,0.0,304.17006402761587,58,24.999999999994444,1.0
19.979999999920274,-0.07648137150442932,0.0,0.0,243.09733714837122,60,24.999999999994444,1.0
19.999999999919517,-0.07530999699643781,0.0,0.0,149.67301346711338,67,24.999999999994444,1.0
20.01999999991876,-0.07760580737921538,0.0,0.0,211.93305045532284,64,24.999999999994444,1.0
20.039999999918003,-0.08200454877612845,0.0,0.0,363.7304572983411,65,24.999999999994444,1.0
20.059999999917245,-0.09116594417466263,0.0,0.0,691.9982408331449,58,24.999999999994444,1.0
20.079999999916488,-0.1006463920919696,0.0,0.0,380.5816921033157,58,24.999999999994444,1.0
20.09999999991573,-0.10762834628532411,0.0,0.0,247.31026052205365,63,24.999999999994444,1.0
20.119999999914974,-0.11460937407731549,0.0,0.0,363.23457140276116,64,24.999999999994444,1.0
20.139999999914217,-0.12426822455626682,0.0,0.0,573.11736418184,61,24.999999999994444,1.0
20.15999999991346,-0.1347940900704761,0.0,0.0,528.2330657228624,54,24.999999999994444,1.0
20.179999999912702,-0.13997919329449027,0.0,0.0,604.466045070285,47,24.999999999994444,1.0
20.199999999911945,-0.14419474565240684,0.0,0.0,384.74690526473023,44,24.999999999994444,1.0
20.219999999911188,-0.14805563523399462,0.0,0.0,562.1752170857465,44,24.999999999994444,1.0
20.23999999991043,-0.15173206341141368,0.0,0.0,425.65015880262564,41,24.999999999994444,1.0
20.259999999909674,-0.1479983994267274,0.0,0.0,506.75449187219533,40,24.999999999994444,1.0
20.279999999908917,-0.13440400724132057,0.0,0.0,305.7375174807085,56,24.999999999994444,1.0
20.29999999990816,-0.11757665828108278,0.0,0.0,168.45520520913948,65,24.999999999994444,1.0
20.319999999907402,-0.1005182997216053,0.0,0.0,278.111697592504,60,24.999999999994444,1.0
20.339999999906645,-0.08311566841583352,0.0,0.0,299.2587195787357,58,24.999999999994444,1.0
20.359999999905888,-0.07087099190905738,0.0,0.0,351.60147948571876,58,24.999999999994444,1.0
20.37999999990513,-0.06327477721562116,0.0,0.0,321.0225748548069,52,24.999999999994444,1.0
20.399999999904374,-0.05826146047225592,0.0,0.0,281.27160780107823,57,24.999999999994444,1.0
20.419999999903617,-0.05596877660980515,0.0,0.0,271.97554122398657,63,24.999999999994444,1.0
20.43999999990286,-0.05422464071498902,0.0,0.0,413.5169567777644,62,24.999999999994444,1.0
20.459999999902102,-0.057386643340542096,0.0,0.0,454.0235140530531,59,24.999999999994444,1.0
20.479999999901345,-0.0613037632305531,0.0,0.0,484.16141616069433,64,24.999999999994444,1.0
20.499999999900588,-0.06462252870096623,0.0,0.0,260.4958870514534,61,24.999999999994444,1.0
20.51999999989983,-0.06693258576428207,0.0,0.0,250.39854714200473,59,24.999999999994444,1.0
20.539999999899074,-0.07000264562691148,0.0,0.0,283.14935195278883,54,24.999999999994444,1.0
20.559999999898317,-0.07427501735713032,0.0,0.0,272.73267369535995,58,24.999999999994444,1.0
20.57999999989756,-0.08095614955524877,0.0,0.0,283.24702845447234,63,24.999999999994444,1.0
20.599999999896802,-0.09631495561056176,0.0,0.0,407.40054066000835,64,24.999999999994444,1.0
20.619999999896045,-0.10993131971085307,0.0,0.0,446.0468677763089,58,24.999999999994444,1.0
20.639999999895288,-0.12205912337266542,0.0,0.0,485.794274932811,57,24.999999999994444,1.0
20.65999999989453,-0.1223062217067106,0.0,0.0,73.11041997432876,69,24.999999999994444,1.0
20.679999999893774,-0.12299475640237874,0.0,0.0,102.17902192718715,66,24.999999999994444,1.0
20.699999999893016,-0.11977447744272741,0.0,0.0,190.3677629788713,67,24.999999999994444,1.0
20.71999999989226,-0.11221014675127916,0.0,0.0,307.36848253530883,64,24.999999999994444,1.0
20.739999999891502,-0.10657500123061583,0.0,0.0,237.41302025466987,59,24.999999999994444,1.0
20.759999999890745,-0.11096628532687737,0.0,0.0,420.82852862117124,61,24.999999999994444,1.0
20.779999999889988,-0.1153754975756017,0.0,0.0,282.4761251178294,57,24.999999999994444,1.0
20.79999999988923,-0.1143258891685807,0.0,0.0,284.1370165806884,58,24.999999999994444,1.0
20.819999999888473,-0.11280239469532125,0.0,0.0,249.803720567128,59,24.999999999994444,1.0
20.839999999887716,-0.11048931723185,0.0,0.0,263.0374107595264,60,24.999999999994444,1.0
20.85999999988696,-0.10788675735535283,0.0,0.0,432.9581268043385,60,24.999999999994444,1.0
20.879999999886202,-0.10887692305551949,0.0,0.0,350.6138991828308,58,24.999999999994444,1.0
20.899999999885445,-0.11163812957001812,0.0,0.0,240.99206391667695,60,24.999999999994444,1.0
20.919999999884688,-0.11509469487430157,0.0,0.0,319.65711807808685,59,24.999999999994444,1.0
20.93999999988393,-0.12670126094719847,0.0,0.0,704.5297416269603,54,24.999999999994444,1.0
20.959999999883173,-0.14230364899781384,0.0,0.0,742.19434779585,50,24.999999999994444,1.0
20.979999999882416,-0.14952230257027915,0.0,0.0,257.1121502700562,54,24.999999999994444,1.0
20.99999999988166,-0.1552024160995638,0.0,0.0,459.9206807605104,55,24.999999999994444,1.0
21.019999999880902,-0.159617558667147,0.0,0.0,304.29615910565195,62,24.999999999994444,1.0
21.039999999880145,-0.1659347202762135,0.0,0.0,543.9491145849505,54,24.999999999994444,1.0
21.059999999879388,-0.1707115329789859,0.0,0.0,566.7466133821827,49,24.999999999994444,1.0
21.07999999987863,-0.17169272754291154,0.0,0.0,317.8353988048084,47,24.999999999994444,1.0
21.099999999877873,-0.16530879305081772,0.0,0.0,386.83857353466493,51,24.999999999994444,1.0
21.119999999877116,-0.16010248842504698,0.0,0.0,359.5783139962711,55,24.999999999994444,1.0
21.13999999987636,-0.15503826840011398,0.0,0.0,381.8528053138137,54,24.999999999994444,1.0
21.159999999875602,-0.15512196152803692,0.0,0.0,651.0117422441235,50,24.999999999994444,1.0
21.179999999874845,-0.1625702280081136,0.0,0.0,661.0949006094717,43,24.999999999994444,1.0
21.199999999874088,-0.15949268670737798,0.0,0.0,584.9912339256074,43,24.999999999994444,1.0
21.21999999987333,-0.15266573574145254,0.0,0.0,371.6540353604743,55,24.999999999994444,1.0
21.239999999872573,-0.14746806935745513,0.0,0.0,235.49793986123385,63,24.999999999994444,1.0
21.259999999871816,-0.14323258465208777,0.0,0.0,302.21249777778473,57,24.999999999994444,1.0
21.27999999987106,-0.14010158195881126,0.0,0.0,440.1445006266386,54,24.999999999994444,1.0
21.299999999870302,-0.1381937823726471,0.0,0.0,427.14908610037935,56,24.999999999994444,1.0
21.319999999869545,-0.13733685961627765,0.0,0.0,317.8184308561819,55,24.999999999994444,1.0
21.339999999868787,-0.14212522227266694,0.0,0.0,662.534682930169,53,24.999999999994444,1.0
21.35999999986803,-0.1509850456286351,0.0,0.0,609.390479145627,54,24.999999999994444,1.0
21.379999999867273,-0.15883777520544423,0.0,0.0,595.0174986430837,52,24.999999999994444,1.0
21.399999999866516,-0.16495768503911468,0.0,0.0,474.9770970508534,49,24.999999999994444,1.0
21.41999999986576,-0.16856902243994157,0.0,0.0,381.42958245837525,59,24.999999999994444,1.0
21.439999999865,-0.1714345776254071,0.0,0.0,421.6413038224101,56,24.999999999994444,1.0
21.459999999864245,-0.17218700320326807,0.0,0.0,374.8505520847243,54,24.999999999994444,1.0
21.479999999863487,-0.16783476555829904,0.0,0.0,506.03287477622456,53,24.999999999994444,1.0
21.49999999986273,-0.1645719441475995,0.0,0.0,419.9160653838975,54,24.999999999994444,1.0
21.519999999861973,-0.16211806495727515,0.0,0.0,342.65303378272966,59,24.999999999994444,1.0
21.539999999861216,-0.16323997587156766,0.0,0.0,592.669501435174,53,24.999999999994444,1.0
21.55999999986046,-0.17065883934337162,0.0,0.0,679.3609033515436,49,24.999999999994444,1.0
21.5799999998597,-0.1782605983084526,0.0,0.0,623.7854884453182,48,24.999999999994444,1.0
21.599999999858944,-0.18363491832457088,0.0,0.0,639.6661119405939,46,24.999999999994444,1.0
21.619999999858187,-0.18593960081597022,0.0,0.0,623.4840803587978,51,24.999999999994444,1.0
21.63999999985743,-0.18614190978947667,0.0,0.0,394.36083707483255,56,24.999999999994444,1.0
21.659999999856673,-0.17982998622699994,0.0,0.0,336.291151734599,62,24.999999999994444,1.0
21.679999999855916,-0.17452423733347588,0.0,0.0,419.3811573601636,56,24.999999999994444,1.0
21.69999999985516,-0.17048333256576653,0.0,0.0,448.8466225309959,51,24.999999999994444,1.0
21.7199999998544,-0.16753971754140626,0.0,0.0,390.0489777035894,54,24.999999999994444,1.0
21.739999999853644,-0.17288652175600935,0.0,0.0,648.2140125590829,47,24.999999999994444,1.0
21.759999999852887,-0.18075646026783668,0.0,0.0,626.3087046436046,42,24.999999999994444,1.0
21.77999999985213,-0.18895012512891862,0.0,0.0,700.1811168702852,40,24.999999999994444,1.0
21.799999999851373,-0.19487606859043707,0.0,0.0,801.8512323206576,39,24.999999999994444,1.0
21.819999999850616,-0.19543862246160687,0.0,0.0,626.2625292346735,45,24.999999999994444,1.0
21.83999999984986,-0.193103935968728,0.0,0.0,568.9678279974945,54,24.999999999994444,1.0
21.8599999998491,-0.18727200809425074,0.0,0.0,288.75546876120984,53,24.999999999994444,1.0
21.879999999848344,-0.18205800500318955,0.0,0.0,504.81772223514173,54,24.999999999994444,1.0
21.899999999847587,-0.1777904758754468,0.0,0.0,437.59810247050683,49,24.999999999994444,1.0
21.91999999984683,-0.1748050964955041,0.0,0.0,329.1447900208066,50,24.999999999994444,1.0
21.939999999846073,-0.1793953512684706,0.0,0.0,519.1052008277303,55,24.999999999994444,1.0
21.959999999845316,-0.18449220971593644,0.0,0.0,659.1759289080077,52,24.999999999994444,1.0
21.97999999984456,-0.19215682247576826,0.0,0.0,699.657921208896,50,24.999999999994444,1.0
21.9999999998438,-0.19991609014365272,0.0,0.0,637.0975666042043,47,24.999999999994444,1.0
22.019999999843044,-0.20583195165091145,0.0,0.0,553.7277094379152,50,24.999999999994444,1.0
22.039999999842287,-0.20881077309262325,0.0,0.0,438.74472144697626,54,24.999999999994444,1.0
22.05999999984153,-0.21036086316413083,0.0,0.0,467.91311127086556,52,24.999999999994444,1.0
22.079999999840773,-0.21088809551831245,0.0,0.0,489.25943252197914,51,24.999999999994444,1.0
22.099999999840016,-0.21082941521801815,0.0,0.0,334.8267200526449,50,24.999999999994444,1.0
22.11999999983926,-0.21112169069547454,0.0,0.0,427.8364761729843,46,24.999999999994444,1.0
22.1399999998385,-0.21495711908752674,0.0,0.0,611.8485684476975,49,24.999999999994444,1.0
22.159999999837744,-0.21919380328276777,0.0,0.0,683.3546166013302,46,24.999999999994444,1.0
22.179999999836987,-0.22563492782091282,0.0,0.0,751.5067223066551,43,24.999999999994444,1.0
22.19999999983623,-0.23034693072104107,0.0,0.0,913.7719284439768,39,24.999999999994444,1.0
22.219999999835473,-0.228298207397935,0.0,0.0,679.9505605829697,42,24.999999999994444,1.0
22.239999999834716,-0.22563217891469692,0.0,0.0,552.0781129340597,48,24.999999999994444,1.0
22.25999999983396,-0.21998476717630627,0.0,0.0,338.41986068758723,54,24.999999999994444,1.0
22.2799999998332,-0.2152605245121808,0.0,0.0,477.61167543423153,51,24.999999999994444,1.0
22.299999999832444,-0.2145284095437608,0.0,0.0,327.74086158269904,51,24.999999999994444,1.0
22.319999999831687,-0.21561776960005918,0.0,0.0,354.39644887441824,48,24.999999999994444,1.0
22.33999999983093,-0.21805452709128076,0.0,0.0,504.12114745456404,46,24.999999999994444,1.0
22.359999999830173,-0.2214833429976064,0.0,0.0,630.8930674194111,49,24.999999999994444,1.0
22.379999999829415,-0.22758885720567865,0.0,0.0,756.3567281736247,41,24.999999999994444,1.0
22.39999999982866,-0.23518002453980763,0.0,0.0,732.5521315104212,39,24.999999999994444,1.0
22.4199999998279,-0.2413385431074362,0.0,0.0,604.3210472728002,43,24.999999999994444,1.0
22.439999999827144,-0.24435526261416043,0.0,0.0,532.1995048305895,44,24.999999999994444,1.0
22.459999999826387,-0.24604182163575022,0.0,0.0,575.3343878333399,44,24.999999999994444,1.0
22.47999999982563,-0.24729734319868193,0.0,0.0,556.7569614160416,43,24.999999999994444,1.0
22.499999999824873,-0.24854099676778743,0.0,0.0,595.7917640906352,38,24.999999999994444,1.0
22.519999999824115,-0.25052018194754044,0.0,0.0,580.8151448176054,37,24.999999999994444,1.0
22.539999999823358,-0.2520371360530415,0.0,0.0,569.5511762761221,44,24.999999999994444,1.0
22.5599999998226,-0.25396782105240334,0.0,0.0,663.8386845121349,44,24.999999999994444,1.0
22.579999999821844,-0.2585811509375929,0.0,0.0,763.4650226994033,41,24.999999999994444,1.0
22.599999999821087,-0.2640679498465431,0.0,0.0,823.1570237580241,39,24.999999999994444,1.0
22.61999999982033,-0.26639946076300863,0.0,0.0,754.7866934430666,35,24.999999999994444,1.0
22.639999999819572,-0.2654525631305963,0.0,0.0,534.353016173378,40,24.999999999994444,1.0
22.659999999818815,-0.26305222514697424,0.0,0.0,296.36020730447245,45,24.999999999994444,1.0
22.679999999818058,-0.2612505183834739,0.0,0.0,249.18974457265247,47,24.999999999994444,1.0
22.6999999998173,-0.2607568770444435,0.0,0.0,345.00762142607675,46,24.999999999994444,1.0
22.719999999816544,-0.2613877748273327,0.0,0.0,422.60554251036285,38,24.999999999994444,1.0
22.739999999815787,-0.26277037863968766,0.0,0.0,513.909855760017,37,24.999999999994444,1.0
22.75999999981503,-0.26428224594419863,0.0,0.0,609.1987454455083,41,24.999999999994444,1.0
22.779999999814272,-0.2670534474762058,0.0,0.0,730.0485276229664,40,24.999999999994444,1.0
22.799999999813515,-0.2717992730692586,0.0,0.0,753.9229714417803,40,24.999999999994444,1.0
22.819999999812758,-0.2762364208933325,0.0,0.0,666.8605544491711,40,24.999999999994444,1.0
22.839999999812,-0.27809370502127484,0.0,0.0,504.3671892117104,40,24.999999999994444,1.0
22.859999999811244,-0.2777962809316187,0.0,0.0,373.17985554662135,42,24.999999999994444,1.0
22.879999999810487,-0.27770013382192654,0.0,0.0,386.9631391087019,41,24.999999999994444,1.0
22.89999999980973,-0.27897623166951674,0.0,0.0,452.7858514337979,41,24.999999999994444,1.0
22.919999999808972,-0.2812160775433884,0.0,0.0,511.3872571731406,38,24.999999999994444,1.0
22.939999999808215,-0.28279042405839844,0.0,0.0,537.5358145879197,39,24.999999999994444,1.0
22.959999999807458,-0.28360305206487246,0.0,0.0,549.4523529495956,45,24.999999999994444,1.0
22.9799999998067,-0.28524506961536367,0.0,0.0,615.2242187427349,40,24.999999999994444,1.0
22.999999999805944,-0.2899676586303805,0.0,0.0,639.9792461861933,33,24.999999999994444,1.0
23.019999999805187,-0.29379176751145714,0.0,0.0,701.5286994992072,31,24.999999999994444,1.0
23.03999999980443,-0.29459397385731767,0.0,0.0,546.4480884133983,29,24.999999999994444,1.0
23.059999999803672,-0.2924452343587906,0.0,0.0,387.0029043201715,37,24.999999999994444,1.0
23.079999999802915,-0.29044406208792534,0.0,0.0,359.3961961312155,42,24.999999999994444,1.0
23.099999999802158,-0.28971014974227277,0.0,0.0,331.37162510923275,42,24.999999999994444,1.0
23.1199999998014,-0.29042600122622625,0.0,0.0,428.03273964905435,38,24.999999999994444,1.0
23.139999999800644,-0.29126294038367845,0.0,0.0,468.2921285918759,36,24.999999999994444,1.0
23.159999999799886,-0.29119034784376746,0.0,0.0,506.81617880434163,38,24.999999999994444,1.0
23.17999999979913,-0.29186910941745636,0.0,0.0,558.5969919425831,38,24.999999999994444,1.0
23.199999999798372,-0.29622310982670197,0.0,0.0,553.9128333460823,36,24.999999999994444,1.0
23.219999999797615,-0.3003906971949058,0.0,0.0,624.1267660401021,33,24.999999999994444,1.0
23.239999999796858,-0.30135298347490597,0.0,0.0,516.6900918651702,30,24.999999999994444,1.0
23.2599999997961,-0.2995744408748298,0.0,0.0,533.4673650915973,41,24.999999999994444,1.0
23.279999999795344,-0.29783664046694425,0.0,0.0,463.3134896711626,40,24.999999999994444,1.0
23.299999999794586,-0.29760545284308254,0.0,0.0,392.2379067155035,39,24.999999999994444,1.0
23.31999999979383,-0.29776823386588835,0.0,0.0,420.82896209469345,36,24.999999999994444,1.0
23.339999999793072,-0.2967646071888222,0.0,0.0,409.5116829274389,36,24.999999999994444,1.0
23.359999999792315,-0.29427300526581324,0.0,0.0,446.92351515399355,38,24.999999999994444,1.0
23.379999999791558,-0.2932374592874958,0.0,0.0,414.6511471538118,39,24.999999999994444,1.0
23.3999999997908,-0.29400952343755393,0.0,0.0,398.2023155080999,39,24.999999999994444,1.0
23.419999999790043,-0.2954485114899952,0.0,0.0,482.97670332825686,35,24.999999999994444,1.0
23.439999999789286,-0.2956698963214206,0.0,0.0,683.3023097846595,30,24.999999999994444,1.0
23.45999999978853,-0.2931411355526519,0.0,0.0,606.8666185886389,35,24.999999999994444,1.0
23.479999999787772,-0.2884686627829741,0.0,0.0,598.5772860778337,41,24.999999999994444,1.0
23.499999999787015,-0.2838502039231928,0.0,0.0,622.0753492568423,42,24.999999999994444,1.0
23.519999999786258,-0.280067817195706,0.0,0.0,552.2792905281702,39,24.999999999994444,1.0
23.5399999997855,-0.2778166904469053,0.0,0.0,432.0760329144002,38,24.999999999994444,1.0
23.559999999784743,-0.2763558155398868,0.0,0.0,356.04924500248194,36,24.999999999994444,1.0
23.579999999783986,-0.27596108415549575,0.0,0.0,347.44867472216686,37,24.999999999994444,1.0
23.59999999978323,-0.2765451507458702,0.0,0.0,381.6216030772245,33,24.999999999994444,1.0
23.619999999782472,-0.2777292293032256,0.0,0.0,512.6645598047437,28,24.999999999994444,1.0
23.639999999781715,-0.2766552330067772,0.0,0.0,657.3248454387041,29,24.999999999994444,1.0
23.659999999780958,-0.2723434473270048,0.0,0.0,620.8257511285656,33,24.999999999994444,1.0
23.6799999997802,-0.26638815868266086,0.0,0.0,601.4185463236929,42,24.999999999994444,1.0
23.699999999779443,-0.2604164461658923,0.0,0.0,622.4718089122524,41,24.999999999994444,1.0
23.719999999778686,-0.2554157463486738,0.0,0.0,533.5911223696805,37,24.999999999994444,1.0
23.73999999977793,-0.2499521842498816,0.0,0.0,455.8848096268841,36,24.999999999994444,1.0
23.759999999777172,-0.24315527651567773,0.0,0.0,378.13447755034275,37,24.999999999994444,1.0
23.779999999776415,-0.23861760788676584,0.0,0.0,323.1478085365404,44,24.999999999994444,1.0
23.799999999775657,-0.2369899175155952,0.0,0.0,370.03645028798513,43,24.999999999994444,1.0
23.8199999997749,-0.238429912472617,0.0,0.0,466.02266201906286,40,24.999999999994444,1.0
23.839999999774143,-0.23854149396933272,0.0,0.0,530.0289818892802,38,24.999999999994444,1.0
23.859999999773386,-0.2350763248437861,0.0,0.0,586.4710126286117,43,24.999999999994444,1.0
23.87999999977263,-0.22932837801736916,0.0,0.0,457.0064976575164,49,24.999999999994444,1.0
23.89999999977187,-0.22396158392972765,0.0,0.0,495.57772362274886,48,24.999999999994444,1.0
23.919999999771115,-0.22053449370289854,0.0,0.0,416.2718423952153,46,24.999999999994444,1.0
23.939999999770357,-0.21608831477079168,0.0,0.0,314.3327232886984,47,24.999999999994444,1.0
23.9599999997696,-0.21091384203526092,0.0,0.0,235.67007187906012,46,24.999999999994444,1.0
23.979999999768843,-0.20646874172911267,0.0,0.0,249.31774206313838,48,24.999999999994444,1.0
23.999999999768086,-0.20427547014186417,0.0,0.0,345.3424246818021,44,24.999999999994444,1.0
24.01999999976733,-0.20307118821417172,0.0,0.0,376.2411590191517,44,24.999999999994444,1.0
24.03999999976657,-0.20265753636309775,0.0,0.0,416.3602571304309,45,24.999999999994444,1.0
24.059999999765814,-0.20190978450627903,0.0,0.0,288.6053412745114,48,24.999999999994444,1.0
24.079999999765057,-0.19959457666668667,0.0,0.0,401.9289946054903,50,24.999999999994444,1.0
24.0999999997643,-0.1966427582398602,0.0,0.0,559.9265803820059,49,24.999999999994444,1.0
24.119999999763543,-0.1920001803662074,0.0,0.0,559.4690535464894,48,24.999999999994444,1.0
24.139999999762786,-0.1856295502429802,0.0,0.0,482.616328770156,47,24.999999999994444,1.0
24.15999999976203,-0.17833808933213097,0.0,0.0,443.4366410324958,44,24.999999999994444,1.0
24.17999999976127,-0.17065055873494794,0.0,0.0,413.0127157270872,56,24.999999999994444,1.0
24.199999999760514,-0.16356800184580098,0.0,0.0,429.90610608021484,55,24.999999999994444,1.0
24.219999999759757,-0.1581399012863321,0.0,0.0,508.2223728047304,50,24.999999999994444,1.0
24.239999999759,-0.15489169269793088,0.0,0.0,692.2105019256064,48,24.999999999994444,1.0
24.259999999758243,-0.15375743400813502,0.0,0.0,636.6413559420142,48,24.999999999994444,1.0
24.279999999757486,-0.15253589132149128,0.0,0.0,572.0754131670074,48,24.999999999994444,1.0
24.29999999975673,-0.15064486379333084,0.0,0.0,550.0617055180378,51,24.999999999994444,1.0
24.31999999975597,-0.1484936051843217,0.0,0.0,568.6224246861622,53,24.999999999994444,1.0
24.339999999755214,-0.144843914663622,0.0,0.0,479.9903233585125,55,24.999999999994444,1.0
24.359999999754457,-0.1389329628867378,0.0,0.0,356.3736905088134,54,24.999999999994444,1.0
24.3799999997537,-0.1343088066749733,0.0,0.0,184.43571931559,60,24.999999999994444,1.0
24.399999999752943,-0.13261139033998554,0.0,0.0,365.7110127559239,54,24.999999999994444,1.0
24.419999999752186,-0.13256075992873828,0.0,0.0,339.87148634821415,51,24.999999999994444,1.0
24.43999999975143,-0.13432549471370378,0.0,0.0,355.8235684020215,52,24.999999999994444,1.0
24.45999999975067,-0.13421710045534804,0.0,0.0,401.7101412424525,52,24.999999999994444,1.0
24.479999999749914,-0.13322919553448098,0.0,0.0,385.2631599208578,55,24.999999999994444,1.0
24.499999999749157,-0.13218171206016754,0.0,0.0,340.39628683892363,53,24.999999999994444,1.0
24.5199999997484,-0.13016616910977155,0.0,0.0,403.30121009587816,55,24.999999999994444,1.0
24.539999999747643,-0.12680869221032856,0.0,0.0,387.4890416832759,51,24.999999999994444,1.0
24.559999999746886,-0.12218100771196949,0.0,0.0,301.14257194721944,50,24.999999999994444,1.0
24.57999999974613,-0.11670972308399971,0.0,0.0,289.3148868263369,51,24.999999999994444,1.0
24.59999999974537,-0.11218688906331964,0.0,0.0,260.4037290744512,51,24.999999999994444,1.0
24.619999999744614,-0.10857232798803904,0.0,0.0,237.8221017352115,48,24.999999999994444,1.0
24.639999999743857,-0.10430431863520796,0.0,0.0,210.98902737982263,50,24.999999999994444,1.0
24.6599999997431,-0.09993612608042267,0.0,0.0,317.7060258422452,44,24.999999999994444,1.0
24.679999999742343,-0.09684047584296454,0.0,0.0,460.48021603565576,50,24.999999999994444,1.0
24.699999999741586,-0.0951440539798492,0.0,0.0,541.2390782289577,50,24.999999999994444,1.0
24.71999999974083,-0.09421683299335816,0.0,0.0,569.6012228218185,50,24.999999999994444,1.0
24.73999999974007,-0.0919428175941577,0.0,0.0,477.53291588643015,49,24.999999999994444,1.0
24.759999999739314,-0.08715041198168065,0.0,0.0,379.5025358988461,55,24.999999999994444,1.0
24.779999999738557,-0.08177084781848185,0.0,0.0,302.0128003253583,59,24.999999999994444,1.0
24.7999999997378,-0.07734957251508293,0.0,0.0,352.37308174004403,56,24.999999999994444,1.0
24.819999999737043,-0.07382057621967521,0.0,0.0,287.95694894781326,51,24.999999999994444,1.0
24.839999999736285,-0.07014728624331026,0.0,0.0,291.5541488698611,53,24.999999999994444,1.0
24.85999999973553,-0.0669793221546823,0.0,0.0,194.9886867617914,51,24.999999999994444,1.0
24.87999999973477,-0.06396373457410026,0.0,0.0,261.3296879796228,48,24.999999999994444,1.0
24.899999999734014,-0.062164591457760834,0.0,0.0,361.6141809554,51,24.999999999994444,1.0
24.919999999733257,-0.06223587147016183,0.0,0.0,453.3832854516393,52,24.999999999994444,1.0
24.9399999997325,-0.06320988908278816,0.0,0.0,480.56862355026385,54,24.999999999994444,1.0
24.959999999731743,-0.06300990413415541,0.0,0.0,407.49691929788787,52,24.999999999994444,1.0
24.979999999730985,-0.06118931301508742,0.0,0.0,314.73512039625547,53,24.999999999994444,1.0
24.99999999973023,-0.05774422080918415,0.0,0.0,286.73721553874213,54,24.999999999994444,1.0
25.01999999972947,-0.05365479992039286,0.0,0.0,349.7299304810142,56,24.999999999994444,1.0
25.039999999728714,-0.04926157981233403,0.0,0.0,155.78532260605465,52,24.999999999994444,1.0
25.059999999727957,-0.043724633511450756,0.0,0.0,317.97821035081733,50,24.999999999994444,1.0
25.0799999997272,-0.039373352116531424,0.0,0.0,360.2107211573628,56,24.999999999994444,1.0
25.099999999726442,-0.03633591283430181,0.0,0.0,397.40038790728045,54,24.999999999994444,1.0
25.119999999725685,-0.03565770110258006,0.0,0.0,546.5340444549943,55,24.999999999994444,1.0
25.139999999724928,-0.03581176892004359,0.0,0.0,579.9180651872513,57,24.999999999994444,1.0
25.15999999972417,-0.03298457962899368,0.0,0.0,355.36475632501924,55,24.999999999994444,1.0
25.179999999723414,-0.028305000903573137,0.0,0.0,310.31535954444587,58,24.999999999994444,1.0
25.199999999722657,-0.022049921810507134,0.0,0.0,222.4738893251625,59,24.999999999994444,1.0
25.2199999997219,-0.015109636533498075,0.0,0.0,249.11603303931244,60,24.999999999994444,1.0
25.239999999721142,-0.008181463955699242,0.0,0.0,227.01674527851503,54,24.999999999994444,1.0
25.259999999720385,-0.0016657022579933344,0.0,0.0,301.03494356457895,50,24.999999999994444,1.0
25.279999999719628,0.003274854428063523,0.0,0.0,312.4757191783308,54,24.999999999994444,1.0
25.29999999971887,0.007910731527941407,0.0,0.0,221.72786943355163,54,24.999999999994444,1.0
25.319999999718114,0.011563983330518134,0.0,0.0,245.9275710100422,53,24.999999999994444,1.0
25.339999999717357,0.01361732823389177,0.0,0.0,316.8271049144472,53,24.999999999994444,1.0
25.3599999997166,0.014056691528142505,0.0,0.0,348.56916573663125,52,24.999999999994444,1.0
25.379999999715842,0.013968834108547573,0.0,0.0,333.8304541640018,54,24.999999999994444,1.0
25.399999999715085,0.014202036753027178,0.0,0.0,313.4987157567662,50,24.999999999994444,1.0
25.419999999714328,0.015812603503440277,0.0,0.0,338.7464121168212,48,24.999999999994444,1.0
25.43999999971357,0.018457007728294506,0.0,0.0,368.3430908931868,43,24.999999999994444,1.0
25.459999999712814,0.02200719091907277,0.0,0.0,331.1725099384998,44,24.999999999994444,1.0
25.479999999712057,0.027684292323356233,0.0,0.0,209.82641649818132,46,24.999999999994444,1.0
25.4999999997113,0.03377462493421769,0.0,0.0,220.12906137261922,53,24.999999999994444,1.0
25.519999999710542,0.038826674473140664,0.0,0.0,239.37401991298003,54,24.999999999994444,1.0
25.539999999709785,0.04186678367912532,0.0,0.0,332.8206747903954,52,24.999999999994444,1.0
25.559999999709028,0.04274771112034663,0.0,0.0,448.053246420176,51,24.999999999994444,1.0
25.57999999970827,0.04344923002641063,0.0,0.0,348.05766042782517,49,24.999999999994444,1.0
25.599999999707514,0.04611528867447823,0.0,0.0,278.8276588336582,51,24.999999999994444,1.0
25.619999999706756,0.05108627597305504,0.0,0.0,248.0016639119872,52,24.999999999994444,1.0
25.639999999706,0.05813612178286838,0.0,0.0,263.13162295043395,45,24.999999999994444,1.0
25.659999999705242,0.06440196803042114,0.0,0.0,325.85755642292844,46,24.999999999994444,1.0
25.679999999704485,0.0702351204991962,0.0,0.0,283.5287081564726,46,24.999999999994444,1.0
25.699999999703728,0.07568385200808123,0.0,0.0,257.5465683115537,51,24.999999999994444,1.0
25.71999999970297,0.07965299433951617,0.0,0.0,333.29757586728596,47,24.999999999994444,1.0
25.739999999702214,0.0810554061573186,0.0,0.0,452.9633701862171,46,24.999999999994444,1.0
25.759999999701456,0.08093901382872545,0.0,0.0,460.89064490867355,50,24.999999999994444,1.0
25.7799999997007,0.0814913201527368,0.0,0.0,378.76017360690463,50,24.999999999994444,1.0
25.799999999699942,0.08369304317648661,0.0,0.0,325.2338544176529,50,24.999999999994444,1.0
25.819999999699185,0.08689752583772707,0.0,0.0,385.96143385343595,45,24.999999999994444,1.0
25.839999999698428,0.08940494585377139,0.0,0.0,432.7498547738822,45,24.999999999994444,1.0
25.85999999969767,0.09229676351454019,0.0,0.0,421.65209804992054,40,24.999999999994444,1.0
25.879999999696913,0.0976310853777109,0.0,0.0,268.6906022122063,44,24.999999999994444,1.0
25.899999999696156,0.10428288691125681,0.0,0.0,247.18801502104117,45,24.999999999994444,1.0
25.9199999996954,0.10988733273915671,0.0,0.0,278.19416148445015,49,24.999999999994444,1.0
25.939999999694642,0.1133056969082542,0.0,0.0,408.9459078102177,53,24.999999999994444,1.0
25.959999999693885,0.11375844743283735,0.0,0.0,580.449122590528,49,24.999999999994444,1.0
25.979999999693128,0.11321109805348935,0.0,0.0,556.9752455488479,51,24.999999999994444,1.0
25.99999999969237,0.11409542685350087,0.0,0.0,447.274943574199,48,24.999999999994444,1.0
26.019999999691613,0.11739546970350127,0.0,0.0,413.3692713070592,46,24.999999999994444,1.0
26.039999999690856,0.1219576268136321,0.0,0.0,435.8336890291468,44,24.999999999994444,1.0
26.0599999996901,0.12681312245032725,0.0,0.0,409.0253817076479,41,24.999999999994444,1.0
26.079999999689342,0.1346250891750802,0.0,0.0,384.1183592341557,44,24.999999999994444,1.0
26.099999999688585,0.14329663321210045,0.0,0.0,336.5786187993745,47,24.999999999994444,1.0
26.119999999687828,0.15162839842102646,0.0,0.0,282.52235633139577,52,24.999999999994444,1.0
26.13999999968707,0.15908725180568448,0.0,0.0,384.50245106521584,50,24.999999999994444,1.0
26.159999999686313,0.16332902138208732,0.0,0.0,553.6610695979294,46,24.999999999994444,1.0
26.179999999685556,0.1655452798380389,0.0,0.0,546.9580135939561,48,24.999999999994444,1.0
26.1999999996848,0.16837141533525954,0.0,0.0,469.88392980807015,50,24.999999999994444,1.0
26.219999999684042,0.17274650870354555,0.0,0.0,438.40047140543385,47,24.999999999994444,1.0
26.239999999683285,0.17714425690958038,0.0,0.0,536.0011807675819,41,24.999999999994444,1.0
26.259999999682528,0.18055936021499358,0.0,0.0,666.2920928418007,43,24.999999999994444,1.0
26.27999999968177,0.1841167437299678,0.0,0.0,619.5771986790154,41,24.999999999994444,1.0
26.299999999681013,0.18854580089625056,0.0,0.0,652.848006857274,41,24.999999999994444,1.0
26.319999999680256,0.19428059120492727,0.0,0.0,604.876126265578,45,24.999999999994444,1.0
26.3399999996795,0.20417283178610945,0.0,0.0,421.0626246407421,51,24.999999999994444,1.0
26.35999999967874,0.21270749000556918,0.0,0.0,387.966214850856,49,24.999999999994444,1.0
26.379999999677985,0.21838003414591103,0.0,0.0,577.3649698392785,46,24.999999999994444,1.0
26.399999999677227,0.2215555770388135,0.0,0.0,650.556383834387,43,24.999999999994444,1.0
26.41999999967647,0.2240831627650197,0.0,0.0,679.5078397775528,40,24.999999999994444,1.0
26.439999999675713,0.22624664134050726,0.0,0.0,780.4716956070986,37,24.999999999994444,1.0
26.459999999674956,0.2274715027049243,0.0,0.0,856.1747203689234,36,24.999999999994444,1.0
26.4799999996742,0.22975905053460186,0.0,0.0,994.6963334548844,35,24.999999999994444,1.0
26.49999999967344,0.2334399546351528,0.0,0.0,1009.7435046987922,37,24.999999999994444,1.0
26.519999999672685,0.2382345425660709,0.0,0.0,885.5008361271003,41,24.999999999994444,1.0
26.539999999671927,0.24340333295977032,0.0,0.0,664.5700056089374,44,24.999999999994444,1.0
26.55999999967117,0.24835479249380898,0.0,0.0,626.5306422371428,47,24.999999999994444,1.0
26.579999999670413,0.2533726960391884,0.0,0.0,628.1887500539334,46,24.999999999994444,1.0
26.599999999669656,0.2579926676610156,0.0,0.0,644.4643227833375,45,24.999999999994444,1.0
26.6199999996689,0.262252726870418,0.0,0.0,694.3577458068958,42,24.999999999994444,1.0
26.63999999966814,0.26352713846720804,0.0,0.0,675.4611343385743,43,24.999999999994444,1.0
26.659999999667384,0.26354602311232206,0.0,0.0,805.8116890550291,40,24.999999999994444,1.0
26.679999999666627,0.261804488942373,0.0,0.0,952.083376227117,37,24.999999999994444,1.0
26.69999999966587,0.26046092156869105,0.0,0.0,818.530764161006,38,24.999999999994444,1.0
26.719999999665113,0.26161962135503475,0.0,0.0,675.7280389296318,36,24.999999999994444,1.0
26.739999999664356,0.261010521871993,0.0,0.0,622.6128591249933,40,24.999999999994444,1.0
26.7599999996636,0.26134654564814286,0.0,0.0,552.7531472137429,44,24.999999999994444,1.0
26.77999999966284,0.26231055104209144,0.0,0.0,563.740498004843,44,24.999999999994444,1.0
26.799999999662084,0.2631118022787749,0.0,0.0,577.9842057051967,41,24.999999999994444,1.0
26.819999999661327,0.2635884112740347,0.0,0.0,582.7645524298097,35,24.999999999994444,1.0
26.83999999966057,0.26393235311357693,0.0,0.0,729.6698880644342,37,24.999999999994444,1.0
26.859999999659813,0.26432793345917127,0.0,0.0,892.0108171917,33,24.999999999994444,1.0
26.879999999659056,0.26577772865161453,0.0,0.0,942.0437657686185,30,24.999999999994444,1.0
26.8999999996583,0.2683833075721219,0.0,0.0,873.7741676335432,33,24.999999999994444,1.0
26.91999999965754,0.2734809249786449,0.0,0.0,671.0070525859401,38,24.999999999994444,1.0
26.939999999656784,0.27908879303864315,0.0,0.0,504.8014269326582,42,24.999999999994444,1.0
26.959999999656027,0.2834344469718188,0.0,0.0,546.3714532221321,47,24.999999999994444,1.0
26.97999999965527,0.28652011682411443,0.0,0.0,556.0833235894047,49,24.999999999994444,1.0
26.999999999654513,0.28908508772184627,0.0,0.0,606.2556729040552,43,24.999999999994444,1.0
27.019999999653756,0.2917034149440695,0.0,0.0,521.5829582241236,39,24.999999999994444,1.0
27.039999999653,0.293905670711552,0.0,0.0,461.90625373023767,38,24.999999999994444,1.0
27.05999999965224,0.29515341972035036,0.0,0.0,501.9491216356524,38,24.999999999994444,1.0
27.079999999651484,0.2946711975924788,0.0,0.0,526.9041323925724,36,24.999999999994444,1.0
27.099999999650727,0.295760609763995,0.0,0.0,664.6397038970081,35,24.999999999994444,1.0
27.11999999964997,0.2992531388327109,0.0,0.0,561.397659562939,35,24.999999999994444,1.0
27.139999999649213,0.3035523650231519,0.0,0.0,384.192219077247,35,24.999999999994444,1.0
27.159999999648456,0.30702662587729784,0.0,0.0,409.501361752295,38,24.999999999994444,1.0
27.1799999996477,0.30945587816567877,0.0,0.0,463.30619999182295,38,24.999999999994444,1.0
27.19999999964694,0.31197013074500346,0.0,0.0,464.3724028607054,38,24.999999999994444,1.0
27.219999999646184,0.31403206782381116,0.0,0.0,353.9208179876867,37,24.999999999994444,1.0
27.239999999645427,0.315302205760451,0.0,0.0,401.8304698325082,35,24.999999999994444,1.0
27.25999999964467,0.31685304756954735,0.0,0.0,554.364131995856,36,24.999999999994444,1.0
27.279999999643913,0.3203708027956673,0.0,0.0,651.860690314534,35,24.999999999994444,1.0
27.299999999643155,0.32619554565806336,0.0,0.0,645.1645235376421,33,24.999999999994444,1.0
27.3199999996424,0.3331583865638441,0.0,0.0,502.5430278419432,31,24.999999999994444,1.0
27.33999999964164,0.339638389353742,0.0,0.0,364.8539340088203,34,24.999999999994444,1.0
27.359999999640884,0.34467805068238205,0.0,0.0,421.0824152025546,44,24.999999999994444,1.0
27.379999999640127,0.3482034364785445,0.0,0.0,511.9712784432144,41,24.999999999994444,1.0
27.39999999963937,0.35137385354096806,0.0,0.0,544.8731678473699,37,24.999999999994444,1.0
27.419999999638613,0.3544660133846748,0.0,0.0,460.64085196259197,36,24.999999999994444,1.0
27.439999999637855,0.3570051477844165,0.0,0.0,355.1363674863496,34,24.999999999994444,1.0
27.4599999996371,0.35923580477827666,0.0,0.0,326.17300725284156,33,24.999999999994444,1.0
27.47999999963634,0.36280599266288127,0.0,0.0,265.0188394753834,34,24.999999999994444,1.0
27.499999999635584,0.3675644871667005,0.0,0.0,344.6269242525492,30,24.999999999994444,1.0
27.519999999634827,0.37328015207525866,0.0,0.0,345.4389406349297,30,24.999999999994444,1.0
27.53999999963407,0.3795069490203565,0.0,0.0,404.9023347125376,31,24.999999999994444,1.0
27.559999999633312,0.38585106248193807,0.0,0.0,460.3287137502046,35,24.999999999994444,1.0
27.579999999632555,0.39213256617902803,0.0,0.0,472.11525487479156,34,24.999999999994444,1.0
27.599999999631798,0.398772210936357,0.0,0.0,467.3352819243923,32,24.999999999994444,1.0
27.61999999963104,0.40588762953879687,0.0,0.0,444.36179979670266,29,24.999999999994444,1.0
27.639999999630284,0.4139726083595196,0.0,0.0,417.2253690577513,28,24.999999999994444,1.0
27.659999999629527,0.42397178599463825,0.0,0.0,320.18345843471604,32,24.999999999994444,1.0
27.67999999962877,0.435846056669161,0.0,0.0,309.5623117478866,32,24.999999999994444,1.0
27.699999999628012,0.450086234088479,0.0,0.0,348.0187920126632,31,24.999999999994444,1.0
27.719999999627255,0.46534346242721597,0.0,0.0,365.47330742818446,28,24.999999999994444,1.0
27.739999999626498,0.48019184515496754,0.0,0.0,311.23626961210226,29,24.999999999994444,1.0
27.75999999962574,0.49427984665675495,0.0,0.0,270.8835347778926,26,24.999999999994444,1.0
27.779999999624984,0.5086524284627942,0.0,0.0,271.14753016896645,26,24.999999999994444,1.0
27.799999999624227,0.5235763480923299,0.0,0.0,293.03942146906064,25,24.999999999994444,1.0
27.81999999962347,0.5387021980597815,0.0,0.0,308.01109986585686,28,24.999999999994444,1.0
27.839999999622712,0.5539394482076836,0.0,0.0,313.72623332731877,28,24.999999999994444,1.0
27.859999999621955,0.569249173972462,0.0,0.0,317.5035753511168,28,24.999999999994444,1.0
27.879999999621198,0.5846955620151967,0.0,0.0,354.3845643224784,29,24.999999999994444,1.0
27.89999999962044,0.6009638286574712,0.0,0.0,400.555381977006,26,24.999999999994444,1.0
27.919999999619684,0.6187030484606683,0.0,0.0,406.7534276761931,25,24.999999999994444,1.0
27.939999999618927,0.6370073766031655,0.0,0.0,437.60093948155014,25,24.999999999994444,1.0
27.95999999961817,0.6549346009051753,0.0,0.0,481.21329397309256,26,24.999999999994444,1.0
27.979999999617412,0.6725485177107184,0.0,0.0,489.7556898932283,26,24.999999999994444,1.0
27.999999999616655,0.6895276908999938,0.0,0.0,475.4756266293173,26,24.999999999994444,1.0
28.019999999615898,0.7060437333896383,0.0,0.0,439.2279200018037,24,24.999999999994444,1.0
28.03999999961514,0.7221723238196869,0.0,0.0,395.018266323879,24,24.999999999994444,1.0
28.059999999614384,0.7380466583576876,0.0,0.0,368.9023913381568,24,24.999999999994444,1.0
28.079999999613626,0.7554823744848077,0.0,0.0,498.7880811446485,25,24.999999999994444,1.0
28.09999999961287,0.7750016297673301,0.0,0.0,805.7540212501126,25,24.999999999994444,1.0
28.119999999612112,0.7955182067149211,0.0,0.0,1085.0014952352708,25,24.999999999994444,1.0
28.139999999611355,0.8167599105634044,0.0,0.0,1324.2574273569178,25,24.999999999994444,1.0
28.159999999610598,0.8377932668295633,0.0,0.0,1380.0070524122025,23,24.999999999994444,1.0
28.17999999960984,0.8578016680200741,0.0,0.0,1263.558523990758,23,24.999999999994444,1.0
28.199999999609084,0.8774045706504571,0.0,0.0,1176.442746191927,23,24.999999999994444,1.0
28.219999999608326,0.8966296635191947,0.0,0.0,1053.3054715153964,22,24.999999999994444,1.0
28.23999999960757,0.9151116629125703,0.0,0.0,908.6432352606232,25,24.999999999994444,1.0
28.259999999606812,0.9330589947805926,0.0,0.0,792.5452955433271,32,24.999999999994444,1.0
28.279999999606055,0.9508405609159412,0.0,0.0,754.9744397187666,39,24.999999999994444,1.0
28.299999999605298,0.9688463357002253,0.0,0.0,802.3668826178628,38,24.999999999994444,1.0
28.31999999960454,0.9875286683138376,0.0,0.0,908.7218002088784,39,24.999999999994444,1.0
28.339999999603783,1.0056022419189248,0.0,0.0,1003.7312827008398,38,24.999999999994444,1.0
28.359999999603026,1.021571901121444,0.0,0.0,1055.5428059027859,38,24.999999999994444,1.0
28.37999999960227,1.0347815862257568,0.0,0.0,1042.2835360074578,34,24.999999999994444,1.0
28.399999999601512,1.0444811308121857,0.0,0.0,980.7577367063674,34,24.999999999994444,1.0
28.419999999600755,1.049894078230665,0.0,0.0,981.9429412871483,34,24.999999999994444,1.0
28.439999999599998,1.0507096234406836,0.0,0.0,991.1984099286528,32,24.999999999994444,1.0
28.45999999959924,1.0477499958354726,0.0,0.0,1179.0944043284514,30,24.999999999994444,1.0
28.479999999598483,1.0424099454355276,0.0,0.0,1320.502386316263,28,24.999999999994444,1.0
28.499999999597726,1.0180275926765507,0.0,0.0,1400.8757470981627,27,24.999999999994444,1.0
28.51999999959697,0.9870433968940969,0.0,0.0,1531.2217360866564,29,24.999999999994444,1.0
28.539999999596212,0.9165507142318564,0.0,0.0,1916.797688951711,30,24.999999999994444,1.0
28.559999999595455,0.8099778207956652,0.0,0.0,2532.846814121171,35,24.999999999994444,1.0
28.579999999594698,0.7298775528076141,0.0,0.0,3503.5426411981957,36,24.999999999994444,1.0
28.59999999959394,0.6718642633062111,0.0,0.0,4540.841723666083,36,24.999999999994444,1.0
28.619999999593183,0.633559770526921,0.0,0.0,5154.822130984282,34,24.999999999994444,1.0
28.639999999592426,0.6099435475907824,0.0,0.0,4445.326544810562,36,24.999999999994444,1.0
28.65999999959167,0.5928251537284488,0.0,0.0,2934.1626250713043,37,24.999999999994444,1.0
28.679999999590912,0.5976603910284519,0.0,0.0,1259.1629639703733,41,24.999999999994444,1.0
28.699999999590155,0.5910133070256836,0.0,0.0,668.0774189230111,41,24.999999999994444,1.0
28.719999999589398,0.5785807476935771,0.0,0.0,811.4661111107007,41,24.999999999994444,1.0
28.73999999958864,0.5627842929043493,0.0,0.0,834.519597111077,37,24.999999999994444,1.0
28.759999999587883,0.5499536003137402,0.0,0.0,775.2408510167635,37,24.999999999994444,1.0
28.779999999587126,0.5378607477540385,0.0,0.0,739.7906245347522,37,24.999999999994444,1.0
28.79999999958637,0.5242674115477338,0.0,0.0,735.4632062060166,40,24.999999999994444,1.0
28.81999999958561,0.508637574535213,0.0,0.0,870.754557432409,40,24.999999999994444,1.0
28.839999999584855,0.48969110086373163,0.0,0.0,948.153003405509,38,24.999999999994444,1.0
28.859999999584097,0.46538243984665706,0.0,0.0,1273.865617785736,34,24.999999999994444,1.0
28.87999999958334,0.4321373529952664,0.0,0.0,1921.4229815782376,33,24.999999999994444,1.0
28.899999999582583,0.3949054508015759,0.0,0.0,2051.0055882519823,32,24.999999999994444,1.0
28.919999999581826,0.3534305410792744,0.0,0.0,1990.5733352280793,32,24.999999999994444,1.0
28.93999999958107,0.3107876700429738,0.0,0.0,1826.1560909326372,31,24.999999999994444,1.0
28.95999999958031,0.27669238628902443,0.0,0.0,1663.5120624649442,34,24.999999999994444,1.0
28.979999999579555,0.25194305736408673,0.0,0.0,1556.8812154114776,34,24.999999999994444,1.0
28.999999999578797,0.23630212708525866,0.0,0.0,1386.1675450888538,35,24.999999999994444,1.0
29.01999999957804,0.22786262807112204,0.0,0.0,1122.9936534427566,36,24.999999999994444,1.0
29.039999999577283,0.22410753024725866,0.0,0.0,683.3459258213132,41,24.999999999994444,1.0
29.059999999576526,0.22353919238564876,0.0,0.0,431.089895049711,44,24.999999999994444,1.0
29.07999999957577,0.21989604505180121,0.0,0.0,482.2369799335176,42,24.999999999994444,1.0
29.09999999957501,0.2055948890240533,0.0,0.0,766.2510244141531,42,24.999999999994444,1.0
29.119999999574254,0.18589524400346116,0.0,0.0,754.9674803481512,39,24.999999999994444,1.0
29.139999999573497,0.17065814854313657,0.0,0.0,743.2033341961585,39,24.999999999994444,1.0
29.15999999957274,0.15703990035809492,0.0,0.0,686.5026629126938,40,24.999999999994444,1.0
29.179999999571983,0.14483759179496947,0.0,0.0,625.426039296095,40,24.999999999994444,1.0
29.199999999571226,0.128899341368523,0.0,0.0,662.8813247004033,41,24.999999999994444,1.0
29.21999999957047,0.11290650205929159,0.0,0.0,656.6561182697368,40,24.999999999994444,1.0
29.23999999956971,0.09864794641164398,0.0,0.0,818.9895418108812,37,24.999999999994444,1.0
29.259999999568954,0.08523688980009399,0.0,0.0,1049.195371786745,36,24.999999999994444,1.0
29.279999999568197,0.07256441041943076,0.0,0.0,1255.4167655909728,36,24.999999999994444,1.0
29.29999999956744,0.060006185242685986,0.0,0.0,1446.7321874440277,34,24.999999999994444,1.0
29.319999999566683,0.06248940594400168,0.0,0.0,1190.2272574173392,38,24.999999999994444,1.0
29.339999999565926,0.05844895499376447,0.0,0.0,812.2778253662549,41,24.999999999994444,1.0
29.35999999956517,0.0473441860289289,0.0,0.0,520.1009499346139,54,24.999999999994444,1.0
29.37999999956441,0.04094228340695758,0.0,0.0,352.33616851383755,56,24.999999999994444,1.0
29.399999999563654,0.03406057887424341,0.0,0.0,363.1496919185567,56,24.999999999994444,1.0
29.419999999562897,0.025967566026443165,0.0,0.0,381.0996920511641,54,24.999999999994444,1.0
29.43999999956214,0.017438040413799132,0.0,0.0,404.03390906140413,52,24.999999999994444,1.0
29.459999999561383,0.009591119990942386,0.0,0.0,387.8894165495142,51,24.999999999994444,1.0
29.479999999560626,0.00198551611621687,0.0,0.0,287.0443749560739,52,24.999999999994444,1.0
29.49999999955987,-0.0050723095880504665,0.0,0.0,255.406949977221,50,24.999999999994444,1.0
29.51999999955911,-0.012190526845420796,0.0,0.0,218.94767352367467,51,24.999999999994444,1.0
29.539999999558354,-0.019651040813686352,0.0,0.0,230.16172780715368,51,24.999999999994444,1.0
29.559999999557597,-0.02737852453750318,0.0,0.0,313.26651062194156,48,24.999999999994444,1.0
29.57999999955684,-0.03441745174683534,0.0,0.0,426.94120846570684,50,24.999999999994444,1.0
29.599999999556083,-0.04086229896202738,0.0,0.0,647.2325955595901,53,24.999999999994444,1.0
29.619999999555326,-0.045991126603188055,0.0,0.0,771.9011136700587,44,24.999999999994444,1.0
29.63999999955457,-0.04983192502056325,0.0,0.0,756.5321391320549,40,24.999999999994444,1.0
29.65999999955381,-0.04589692356637352,0.0,0.0,339.4263008528306,52,24.999999999994444,1.0
29.679999999553054,-0.04666199226937756,0.0,0.0,580.4857012392584,45,24.999999999994444,1.0
29.699999999552297,-0.05595675130148213,0.0,0.0,888.3710450653226,46,24.999999999994444,1.0
29.71999999955154,-0.06284477530766922,0.0,0.0,920.6687536332847,43,24.999999999994444,1.0
29.739999999550783,-0.06654526420855257,0.0,0.0,816.9473910617859,40,24.999999999994444,1.0
29.759999999550026,-0.06941016632689312,0.0,0.0,624.0787908319975,42,24.999999999994444,1.0
29.77999999954927,-0.07122846596156125,0.0,0.0,448.2110463214415,44,24.999999999994444,1.0
29.79999999954851,-0.07275580949652515,0.0,0.0,315.008296341004,53,24.999999999994444,1.0
29.819999999547754,-0.07513034603963838,0.0,0.0,288.3198257579919,54,24.999999999994444,1.0
29.839999999546997,-0.0791573594603574,0.0,0.0,290.81460006084507,52,24.999999999994444,1.0
29.85999999954624,-0.08393728172704178,0.0,0.0,289.874773666803,51,24.999999999994444,1.0
29.879999999545483,-0.08820569688772628,0.0,0.0,304.38348793672793,48,24.999999999994444,1.0
29.899999999544725,-0.09223674675944367,0.0,0.0,317.48070874437855,49,24.999999999994444,1.0
29.91999999954397,-0.09686330300297591,0.0,0.0,426.31350610859107,50,24.999999999994444,1.0
29.93999999954321,-0.10141927556232279,0.0,0.0,572.8365739049292,47,24.999999999994444,1.0
29.959999999542454,-0.10249516772561683,0.0,0.0,600.1945011490412,45,24.999999999994444,1.0
29.979999999541697,-0.10243708475708774,0.0,0.0,532.4536735743067,45,24.999999999994444,1.0
29.99999999954094,-0.10186743040730466,0.0,0.0,425.2559558901426,46,24.999999999994444,1.0
