t,omega_hub,omega_gnd,tau_gen,T_max,n_slack,backline_payout,k_mppt_scale
0.019999999999999858,9.809163160573084,9.991027213784342,1098.0268726523725,0.0,75,0.0,1.0
0.03999999999999904,9.933916374897583,9.96551056065147,1092.4254080790158,0.0,75,0.0,1.0
0.05999999999999823,10.05523735974605,9.698161360172856,1034.597671447448,0.0,75,0.0,1.0
0.07999999999999742,10.174846417692347,9.335526361795251,958.6725769695149,0.0,75,0.0,1.0
0.0999999999999966,10.294607651750908,8.962693409075733,883.6286045959855,0.0,75,0.0,1.0
0.11999999999999579,10.415857127401027,8.626683031322255,818.6162613519366,0.0,75,0.0,1.0
0.14000000000000018,10.539500467063036,8.353120706616883,767.520880932429,0.0,75,0.0,1.0
0.1600000000000063,10.66585696383945,8.156506141305531,731.8145167647033,0.0,75,0.0,1.0
0.18000000000001243,10.794725634000153,8.042995119642915,711.5874754405974,0.0,75,0.0,1.0
0.20000000000001855,10.92548720825551,8.009331224647772,705.6432533272955,0.0,75,0.0,1.0
0.22000000000002468,11.057340577337351,8.042649637343716,711.5263450797152,0.0,75,0.0,1.0
0.2400000000000308,11.189445709966298,8.123312021487457,725.8701801828691,0.0,75,0.0,1.0
0.26000000000003,11.320819597179756,8.230093717060358,745.0788685075602,0.0,75,0.0,1.0
0.28000000000002223,11.450486922053074,8.345685243681558,766.1550840526452,0.0,75,0.0,1.0
0.3000000000000145,11.577776170343755,8.460448208163426,787.3710227131729,0.0,75,0.0,1.0
0.3200000000000067,11.702377125042554,8.573222052590335,808.5014999932337,0.0,75,0.0,1.0
0.33999999999999897,11.82439729686068,8.689298487006933,830.5429901593109,0.0,75,0.0,1.0
0.3599999999999912,11.94431571296201,8.816865930634084,855.1083732265363,0.0,75,0.0,1.0
0.37999999999998346,12.062615361724069,8.963383089103472,883.764600422287,0.0,75,0.0,1.0
0.3999999999999757,12.179554909318655,9.132807592037885,917.4899196450332,0.0,75,0.0,1.0
0.41999999999996795,12.295298752169968,9.324279344010396,956.3640381365283,0.0,75,0.0,1.0
0.4399999999999602,12.409865937612892,9.532519478352734,999.558203656917,0.0,75,0.0,1.0
0.45999999999995245,12.523090217823624,9.749588724708055,1045.5992833104988,0.0,75,0.0,1.0
0.4799999999999447,12.634826584245076,9.967232655656824,1092.8029949319096,0.0,75,0.0,1.0
0.49999999999993694,12.74501297411307,10.17895367946684,1139.7220780960467,0.0,75,0.0,1.0
0.5199999999999569,12.853632849899785,10.381122228797379,1185.4446860215417,0.0,75,0.0,1.0
0.5399999999999769,12.960659933121098,10.572906497579124,1229.6498698720595,0.0,75,0.0,1.0
0.559999999999997,13.066201651896503,10.7553625945737,1272.4560699483063,0.0,75,0.0,1.0
0.580000000000017,13.170367575471364,10.93028989037483,1314.1836079639324,0.0,75,0.0,1.0
0.600000000000037,13.273177971630394,11.099263052129404,1355.1300433040142,0.0,75,0.0,1.0
0.620000000000057,13.374575723812452,11.26310468800458,1395.432799342458,0.0,75,0.0,1.0
0.640000000000077,13.474566017580782,11.421864262622664,1435.0488155715448,0.0,75,0.0,1.0
0.660000000000097,13.573147852044864,11.575208920662883,1473.8400771269294,0.0,75,0.0,1.0
0.680000000000117,13.670273732601451,11.722838032421329,1511.6742468782236,0.0,75,0.0,1.0
0.700000000000137,13.76588456675776,11.86472804625209,1548.4894877267302,0.0,75,0.0,1.0
0.720000000000157,13.86000646982873,12.001157310403896,1584.3055446796693,0.0,75,0.0,1.0
0.740000000000177,13.95266943389647,12.132651487191305,1619.2135532060993,0.0,75,0.0,1.0
0.760000000000197,14.043865791725425,12.259802609462708,1653.330360252875,0.0,75,0.0,1.0
0.780000000000217,14.133515666078159,12.383103227975077,1686.7537011015545,0.0,75,0.0,1.0
0.800000000000237,14.221621242332047,12.50285517713477,1719.5352633844627,0.0,75,0.0,1.0
0.820000000000257,14.308190537008125,12.619259683442538,1751.7028645397409,0.0,75,0.0,1.0
0.840000000000277,14.393233329492018,12.732504643589145,1783.2834194892107,0.0,75,0.0,1.0
0.860000000000297,14.476687883803525,12.842816331370436,1814.317244534467,0.0,75,0.0,1.0
0.880000000000317,14.558539942047032,12.950384452470791,1844.837032134769,0.0,75,0.0,1.0
0.900000000000337,14.638815076431179,13.05535140108434,1874.8642022637432,0.0,75,0.0,1.0
0.920000000000357,14.717540697218674,13.157873790022908,1904.4260694158897,0.0,75,0.0,1.0
0.940000000000377,14.794738105333465,13.258089291970041,1933.5462484123573,0.0,75,0.0,1.0
0.960000000000397,14.870352119959534,13.356095677717164,1962.2382092756864,0.0,75,0.0,1.0
0.980000000000417,14.944373861827803,13.451886627062528,1990.4857921007804,0.0,75,0.0,1.0
1.000000000000437,15.016824300533516,13.54541788981871,2018.2618039080282,0.0,75,0.0,1.0
1.020000000000457,15.087728786690025,13.636721893967428,2045.5620241475165,0.0,75,2.3787362012755566e-11,1.0
1.040000000000477,15.157115675780146,13.725916443915937,2072.408604478981,0.0,75,1.4506318660397041e-9,1.0
1.060000000000497,15.22498562693177,13.813161834438752,2098.837838508349,0.0,75,1.5785105530771202e-8,1.0
1.080000000000517,15.291301630367188,13.898573661823578,2124.873848164497,0.0,75,8.480126278332597e-8,1.0
1.100000000000537,15.356089712981015,13.982151509820532,2150.506169279343,0.0,75,3.094684090803498e-7,1.0
1.120000000000557,15.419378776858517,14.063870355874736,2175.7169432553737,0.0,75,8.843820504035471e-7,1.0
1.140000000000577,15.481196373890647,14.143724472607655,2200.494361527448,0.0,75,2.1350959486003653e-6,1.0
1.160000000000597,15.541569355722336,14.221732759626349,2224.834509548522,0.0,75,4.556329208427611e-6,1.0
1.180000000000617,15.600513510754798,14.29794584359445,2248.7438088099575,0.0,75,8.849498874093692e-6,1.0
1.200000000000637,15.657996114201017,14.372431602346643,2272.2346918054573,0.0,75,1.5958419531620952e-5,1.0
1.220000000000657,15.714038101175058,14.445205102224765,2295.3034548987443,0.0,75,2.7102330471414413e-5,1.0
1.240000000000677,15.768669874109861,14.516274987554995,2317.9446346574623,0.0,75,4.380566962454029e-5,1.0
1.260000000000697,15.821921664400186,14.585677263962147,2340.1617937330852,0.0,75,6.792422158207826e-5,1.0
1.280000000000717,15.87382294177577,14.65346719038089,2361.9651076952614,0.0,75,0.00010166743289559596,1.0
1.300000000000737,15.924401918631537,14.719699775687955,2383.3651763502685,0.0,75,0.00014761681862693297,1.0
1.320000000000757,15.97368472749219,14.78441213134854,2404.367262765225,0.0,75,0.0002087404857709145,1.0
1.340000000000777,16.021653935966732,14.847626618447912,2424.9721782092724,0.0,75,0.0002884038767916264,1.0
1.360000000000797,16.068314070237037,14.90934483653258,2445.1741980010474,0.0,75,0.0003903768943754397,1.0
1.380000000000817,16.113693588209056,14.969565065045543,2464.966660602952,0.0,75,0.0005188376102199148,1.0
1.400000000000837,16.157821984064096,15.028324727863577,2484.3559853872744,0.0,75,0.0006783727892786549,1.0
1.420000000000857,16.200727937815888,15.085674631680327,2503.353370022157,0.0,75,0.0008739754789090841,1.0
1.440000000000877,16.242439396639632,15.142376873385425,2522.2073511320154,0.0,75,0.0011110399219470815,1.0
1.460000000000897,16.282984292937822,15.208114862274343,2544.1543343054273,0.0,75,0.0013953540556290792,1.0
1.480000000000917,16.322405801815645,15.283440906547906,2569.4192253833603,0.0,75,0.0017330898559685677,1.0
1.500000000000937,16.360773955629107,15.365002618950179,2596.9163602838044,0.0,75,0.00213079178088553,1.0
1.520000000000957,16.398165098210086,15.450069171657935,2625.751011499164,0.0,75,0.002595363556085344,1.0
1.540000000000977,16.434677106284166,15.536840902124295,2655.327677397147,0.0,75,0.0031340535362083945,1.0
1.560000000000997,16.470433265460038,15.624182172311766,2685.265754089433,0.0,75,0.003754438860791146,1.0
1.580000000001017,16.505542260296295,15.71120792321934,2715.2625984729316,0.0,75,0.004464408610633862,1.0
1.600000000001037,16.540090479280842,15.796989509990434,2744.9936533662258,0.0,75,0.005272146155693372,1.0
1.620000000001057,16.57414341595379,15.88051466277023,2774.0982054990627,0.0,75,0.0061861108709549495,1.0
1.640000000001077,16.607750894755206,15.960839174222139,2802.2322585992247,0.0,75,0.007215019382155732,1.0
1.660000000001097,16.640952346504132,16.03727326785228,2829.135472545463,0.0,75,0.008367826488941743,1.0
1.680000000001117,16.673778670805724,16.109485355812385,2854.6707027204707,0.0,75,0.009653705899198674,1.0
1.700000000001137,16.706251156072092,16.17744778440792,2878.807984989692,0.0,75,0.011082030895019397,1.0
1.720000000001157,16.73838095717991,16.241307670323756,2901.5808232632903,0.0,75,0.012662355038140694,1.0
1.740000000001177,16.770166716872602,16.301279896360153,2923.0489888542324,0.0,75,0.014404393010751481,1.0
1.760000000001197,16.801572351534507,16.35760824037283,2943.2848208006444,0.0,75,0.016318001676377335,1.0
1.780000000001217,16.832581362869995,16.41052637630749,2962.3591354223227,0.0,75,0.018413161435095513,1.0
1.800000000001237,16.86318247711291,16.460295689000937,2980.3546758627713,0.0,75,0.020699957937630863,1.0
1.820000000001257,16.893365409669627,16.50725741380978,2997.385020583557,0.0,75,0.023188564213913836,1.0
1.840000000001277,16.923120541746073,16.55182513283151,3013.5920675061616,0.0,75,0.025889223263431602,1.0
1.860000000001297,16.95243829786807,16.594415739428307,3029.120971062845,0.0,75,0.028812231147142896,1.0
1.880000000001317,16.981309684747117,16.635389212563613,3044.097916788256,0.0,75,0.031967920613827014,1.0
1.900000000001337,17.00972695161412,16.675035750591892,3058.6249901186948,0.0,75,0.03536664528746917,1.0
1.920000000001357,17.03768359086695,16.713586008313023,3072.783529830045,0.0,75,0.03901876443660562,1.0
1.940000000001377,17.065174969186202,16.751221120834366,3086.637499429961,0.0,75,0.042934628341432884,1.0
1.960000000001397,17.092199642746515,16.788093795562297,3100.2410261745704,0.0,75,0.047124564269887884,1.0
1.980000000001417,17.118759199327553,16.824353818668325,3113.647695573134,0.0,75,0.05159886306979214,1.0
2.000000000001437,17.144856870501812,16.86013273301875,3126.904833525114,0.0,75,0.05636776638049093,1.0
2.020000000001346,17.17048936263663,16.8955157219065,3140.0429666010864,0.0,75,0.06144145446417141,1.0
2.040000000001255,17.195639456051673,16.930523543664922,3153.0689020885143,0.0,75,0.06683003465418097,1.0
2.060000000001164,17.22031164186024,16.965104055537328,3165.9623117673,0.0,75,0.07254353041515524,1.0
2.080000000001073,17.244513060096196,16.99918898405808,3178.6966872729377,0.0,75,0.07859187100757653,1.0
2.100000000000982,17.26825206009528,17.032736054396544,3191.2550724861394,0.0,75,0.08498488174748692,1.0
2.120000000000891,17.291538331712637,17.065742108801302,3203.6350909652533,0.0,75,0.09173227485045607,1.0
2.1400000000008,17.314381528015353,17.098230814814737,3215.8444669634823,0.0,75,0.09884364084751619,1.0
2.160000000000709,17.33679041547949,17.13021237441571,3227.885935918436,0.0,75,0.1063284405596151,1.0
2.180000000000618,17.358773326018945,17.16166690797053,3239.750921661439,0.0,75,0.11419599761617504,1.0
2.200000000000527,17.380337965764898,17.192560266608204,3251.425413730507,0.0,75,0.12245549150255029,1.0
2.220000000000436,17.401490848078975,17.22285197094581,3262.8929301442317,0.0,75,0.1311159511205652,1.0
2.240000000000345,17.42223799176136,17.252502973911096,3274.1374475129232,0.0,75,0.14018624884581962,1.0
2.260000000000254,17.442585949534646,17.281494187949924,3285.150455049617,0.0,75,0.14967509506510265,1.0
2.280000000000163,17.462541205370368,17.309842409296557,3295.937086581498,0.0,75,0.15959103317701787,1.0
2.3000000000000718,17.48210943595479,17.337575651891445,3306.50682433565,0.0,75,0.1699424350387776,1.0
2.3199999999999807,17.501295960860645,17.364713967172307,3316.8662027787987,0.0,75,0.1807374968420925,1.0
2.3399999999998897,17.520105760710162,17.391268834328944,3327.0185483469136,0.0,75,0.19198423540108903,1.0
2.3599999999997987,17.53854266012104,17.41724481980751,3336.9645882442273,0.0,75,0.2036904848353118,1.0
2.3799999999997077,17.556608601014798,17.442634123583158,3346.7003368610635,0.0,75,0.21586389363101027,1.0
2.3999999999996167,17.574291667286946,17.46743075122425,3356.22250753696,0.0,75,0.2285119220641298,1.0
2.4199999999995256,17.591591351782803,17.491638758263957,3365.53169094562,0.0,75,0.2416418399686758,1.0
2.4399999999994346,17.608511589284326,17.515271577500688,3374.6321227696376,0.0,75,0.25526072483442236,1.0
2.4599999999993436,17.6250567326082,17.53835767656692,3383.533889903132,0.0,75,0.2693754602182551,1.0
2.4799999999992526,17.641231341423037,17.56093269145507,3392.2499269319687,0.0,75,0.2839927344537935,1.0
2.4999999999991616,17.657039087874907,17.58302993483228,3400.792358581288,0.0,75,0.29911903964431896,1.0
2.5199999999990705,17.67248262399412,17.604658679283098,3409.164079354635,0.0,75,0.31476067092441273,1.0
2.5399999999989795,17.68756487020823,17.625813423361524,3417.3622871866646,0.0,75,0.330923725976132,1.0
2.5599999999988885,17.702289202929176,17.64650300869417,3425.389752794377,0.0,75,0.347614104785959,1.0
2.5799999999987975,17.716658823580993,17.666753146381968,3433.2558340871688,0.0,75,0.3648375096291827,1.0
2.5999999999987065,17.730677104070633,17.686593556393415,3440.9715079196276,0.0,75,0.3825994452688041,1.0
2.6199999999986154,17.74434791874278,17.706052425265305,3448.5472173486773,0.0,75,0.4009052193564996,1.0
2.6399999999985244,17.7576745416859,17.725154970791838,3455.992306124452,0.0,75,0.4197599430235814,1.0
2.6599999999984334,17.770659260599405,17.74390378035805,3463.3073350326513,0.0,75,0.4391685316503563,1.0
2.6799999999983424,17.78330452553602,17.762285262027262,3470.4865550259397,0.0,75,0.45913570580269686,1.0
2.6999999999982514,17.79561309926707,17.780295649304357,3477.5280471433857,0.0,75,0.4796659923250588,1.0
2.7199999999981603,17.80757318517073,17.797759365865456,3484.3626228977673,0.0,75,0.5007637255796181,1.0
2.7399999999980693,17.819328164443572,17.816295144774124,3491.6240995427224,0.0,75,0.5224330488215777,1.0
2.7599999999979783,17.830675816271455,17.83499020876069,3498.955633212486,0.0,75,0.5446779157011398,1.0
2.7799999999978873,17.841536854778013,17.850098856937034,3504.8863212266733,0.0,75,0.5675020918830115,1.0
2.7999999999977963,17.852195303906168,17.863452056936186,3510.1321132950343,0.0,75,0.5909091567747048,1.0
2.8199999999977052,17.86302053623635,17.885492931930184,3518.79943159937,0.0,75,0.6149025053552628,1.0
2.839999999997614,17.872994296897538,17.906552620269835,3527.0908941674174,0.0,75,0.6394853500964426,1.0
2.859999999997523,17.882279579368692,17.913675317145696,3529.897397049265,0.0,75,0.664660722968707,1.0
2.879999999997432,17.892148181857007,17.926417353140778,3534.9208303088553,0.0,75,0.6904314775247562,1.0
2.899999999997341,17.90193642001306,17.95553646242089,3546.414186186588,0.0,75,0.7168002910536524,1.0
2.91999999999725,17.91140949941968,17.98649037321564,3558.652195403569,0.0,75,0.7437696667989403,1.0
2.939999999997159,17.919839577802197,18.00089261792145,3564.353485461329,0.0,75,0.7713419362344454,1.0
2.959999999997068,17.928393657354306,18.00994680220513,3567.940022000846,0.0,75,0.7995192613917933,1.0
2.979999999996977,17.937883983939116,18.03497435588475,3577.863300191626,0.0,75,0.8283036372339588,1.0
2.999999999996886,17.94884478602209,18.100826966796845,3604.039305701119,0.0,75,0.8576968940694311,1.0
3.019999999996795,17.955877470798786,18.12498681126853,3613.66661599524,0.0,75,0.8877007000018985,1.0
3.039999999996704,17.963133010064304,18.10612633149981,3606.149918054538,0.0,75,0.9183165634105899,1.0
3.059999999996613,17.97598807741893,18.15757894285961,3626.6744037279664,0.0,75,0.9495458354566776,1.0
3.079999999996522,17.986128845258392,18.246774277779025,3662.392486986401,0.0,75,0.9813897126114068,1.0
3.099999999996431,17.99048082079441,18.221229622348883,3652.1452984540083,0.0,75,1.013849239201825,1.0
3.11999999999634,18.00150785973385,18.213619297759934,3649.0952071610636,0.0,75,1.0469253099702653,1.0
3.139999999996249,18.01688312877191,18.338928860149746,3699.479429113966,0.0,75,1.0806186726438938,1.0
3.159999999996158,18.026002506842463,18.447907076567496,3743.57803056236,0.0,75,1.1149299305109062,1.0
3.179999999996067,18.03576212649954,18.518550932163542,3772.3040148984874,0.0,75,1.1498595450000972,1.0
3.199999999995976,18.051497842481464,18.58035527852273,3797.5256250374027,18.9074250677035,74,1.1854078382608078,1.0
3.219999999995885,18.06964352157989,18.807186029736727,3890.812709928367,26.57059507779618,74,1.2215749957403064,1.0
3.239999999995794,18.105191930350856,19.507450973556054,4185.947078342623,2.6750272638136687,75,1.2583610687560125,1.0
3.259999999995703,18.153646829433857,20.21639869797222,4495.730539469102,90.78877701450433,74,1.2957659770599783,1.0
3.2799999999956118,18.165979245595622,20.214164097077397,4494.736731579302,0.0,75,1.3337895113933254,1.0
3.2999999999955207,18.18577802883263,20.14557965084365,4464.288174153344,0.0,75,1.3724313360283944,1.0
3.3199999999954297,18.24447775052377,20.628424894760155,4680.851050026366,0.0,75,1.4116909912966376,1.0
3.3399999999953387,18.297153919993068,20.897461125907192,4803.742696596825,8.654710095159578,73,1.4515678961002498,1.0
3.3599999999952477,18.315330102374528,20.862123418352528,4787.510128748302,0.0,75,1.492061350405849,1.0
3.3799999999951567,18.371066810056888,21.150360078723423,4920.7150460562325,5.749267525805052,74,1.5331705377185538,1.0
3.3999999999950656,18.449132372450983,21.489859743600316,5079.954789795748,0.0,75,1.574894527534902,1.0
3.4199999999949746,18.47612838208597,21.325567225755012,5002.57799250216,2.8605587842501947,75,1.6172322777732695,1.0
3.4399999999948836,18.51994743193515,21.626433465282236,5144.728868711074,108.85668870291423,74,1.6601826371804487,1.0
3.4599999999947926,18.6166333626692,22.527632837327516,5582.436653787807,23.536076802872017,74,1.7037443477132472,1.0
3.4799999999947016,18.695967382833935,22.617986452646033,5627.306422892874,9.658099034764962,74,1.7479160468939916,1.0
3.4999999999946105,18.715317602558553,22.63968489631898,5638.108654250751,10.982985564469422,74,1.7926962701389957,1.0
3.5199999999945195,18.79730519090341,22.994981767234126,5816.4610512297295,8.018194509223033,74,1.838083453059053,1.0
3.5399999999944285,18.90341931931405,22.817737855286392,5727.140769158266,0.0,75,1.8840759337311763,1.0
3.5599999999943375,18.926622509458202,22.296404772847637,5468.426323741292,0.0,75,1.930671954940857,1.0
3.5799999999942465,18.984737429775063,22.314376867229686,5477.245564700309,9.890269723584519,74,1.9778696663941788,1.0
3.5999999999941554,19.101734174758086,22.284080247212504,5462.382557106272,0.0,75,2.02566712689925,1.0
3.6199999999940644,19.167722326843286,21.473400071032945,5072.176016717014,0.0,75,2.074062306516392,1.0
3.6399999999939734,19.17098524728981,21.275010460940294,4978.886771244308,6.605583611452515,74,2.123053088676712,1.0
3.6599999999938824,19.275334506555634,21.456630547684,5064.256939057868,12.029835191958965,74,2.1726372722686276,1.0
3.6799999999937913,19.38240681523932,20.885574332939704,4798.279367384248,12.430924043422152,73,2.2228125736920648,1.0
3.6999999999937003,19.34554207961742,20.40490774459055,4579.962860717765,1.9583514856607322,75,2.2735766288800563,1.0
3.7199999999936093,19.410706765750653,20.257097958687453,4513.850194786453,0.0,75,2.3249269952874903,1.0
3.7399999999935183,19.53309149387245,19.51903426812004,4190.919686360489,0.0,75,2.3768611538469537,1.0
3.7599999999934273,19.52095795313759,18.676824483998733,3837.0615008670393,14.459452951071949,74,2.429376510891399,1.0
3.7799999999933362,19.505908286243354,18.52820522284688,3776.2382765792336,24.873237285355895,73,2.4824704000437396,1.0
3.7999999999932452,19.594717175425586,18.30398189726162,3685.393286248093,0.0,75,2.536140084073204,1.0
3.819999999993154,19.59811000252018,17.463567294699285,3354.7380092213953,0.0,75,2.5903827567184985,1.0
3.839999999993063,19.58410053016082,17.199048784217247,3253.8800699007325,9.91690270667412,74,2.6451955444778883,1.0
3.859999999992972,19.653432726512445,17.126033589162486,3226.311291468339,0.0,75,2.700575508366182,1.0
3.879999999992881,19.661126695938183,16.64942069681116,3049.2353049334415,0.0,75,2.7565196456387606,1.0
3.89999999999279,19.668074498120703,17.59006676317195,3403.514936061312,0.0,75,2.8130248914828124,1.0
3.919999999992699,19.781235499294144,20.09395905135665,4441.439093933575,0.0,75,2.870088120675932,1.0
3.939999999992608,19.883167043738244,22.381814902955718,5510.402021851877,0.0,75,2.9277061492122396,1.0
3.959999999992517,19.797328249810583,24.223462966359676,6454.537738908586,0.0,75,2.9858757358962715,1.0
3.979999999992426,19.852726958897254,25.919735515617067,7390.159581194948,0.0,75,3.044593583904907,1.0
3.999999999992335,19.941722629330382,25.91675125939299,7388.4579542537285,0.0,75,3.103856342317476,1.0
4.019999999992466,19.879517009413036,25.03311864437531,6893.227319697079,26.696659684481048,74,3.163660607614455,1.0
4.039999999992597,19.867149258181467,23.446229916609756,6046.9826703277895,0.0,75,3.2240029251449753,1.0
4.059999999992728,19.915903880278854,21.31428221518809,4997.284889835516,0.0,75,3.284866171452648,1.0
4.079999999992859,19.891100191558305,19.313172472822856,4102.984940615028,19.78510400455716,74,3.345885350413123,1.0
4.09999999999299,19.934308546467236,18.7088881960293,3850.2474728467687,22.732708025004186,72,3.4067480334396163,1.0
4.119999999993121,20.03662759386906,18.630717888347302,3818.1401393870256,0.0,75,3.46760183445057,1.0
4.139999999993252,20.046126125350483,19.353432007999533,4120.108635370869,2.006131572810816,75,3.5285951217095297,1.0
4.159999999993383,20.072631132792843,21.46446009439477,5067.953518582521,22.5102662382033,71,3.589847635081416,1.0
4.179999999993514,20.282907782894505,24.277226821908158,6483.221163786146,0.0,75,3.651455117748209,1.0
4.199999999993645,20.312899226274187,25.13336612250746,6948.547019128063,27.417282020046688,73,3.7134932528529627,1.0
4.219999999993776,20.142740089404608,24.367754842122494,6531.662236503627,0.0,75,3.776021004673425,1.0
4.239999999993907,20.157134224549157,23.108982578880713,5874.2758341411345,26.069454033406117,74,3.8390834500925077,1.0
4.259999999994038,20.171005979167457,21.290811704871732,4986.285293575334,8.939689355848705,74,3.902714174177442,1.0
4.279999999994169,20.15848281750468,19.346035081655867,4116.959807187254,11.588002503015414,73,3.9669372933520557,1.0
4.2999999999943,20.225500527692642,17.494093470002003,3366.4763697088338,0.0,75,4.0317691607293655,1.0
4.319999999994431,20.250432880793163,16.089626714403646,2847.6369658973663,3.7390697452367543,75,4.097219800475332,1.0
4.339999999994562,20.25082791545919,16.876214424800946,3132.8727464304548,0.0,75,4.163294111435485,1.0
4.3599999999946935,20.415829874475403,19.80322802255161,4313.846241244907,0.0,75,4.229992874531387,1.0
4.3799999999948245,20.514954804450312,22.052532477556067,5349.456075410316,207.0459217008089,74,4.297313593500646,1.0
4.3999999999949555,20.333187372060163,22.62542860226987,5631.010213800528,12.701306621706683,73,4.365251194304501,1.0
4.4199999999950865,20.30158510872375,22.884591669305834,5760.749894579481,0.0,75,4.433798604869471,1.0
4.4399999999952176,20.332665958182023,21.610842900061304,5137.31383936243,1.9089068506657616,75,4.502947233682247,1.0
4.459999999995349,20.25906407003204,19.262879921662655,4081.643971640337,16.431714553965545,74,4.572669690163012,1.0
4.47999999999548,20.263203095305037,17.107796793446077,3219.4438223842826,15.802150160190886,71,4.6425467671808684,1.0
4.499999999995611,20.292369424890303,15.356781600405945,2594.1381523482323,0.0,75,4.712341940310394,1.0
4.519999999995742,20.26324038089174,14.884740947876983,2437.1106439394634,0.0,75,4.781906493647654,1.0
4.539999999995873,20.34171260138225,16.204676604871636,2888.506982553216,0.0,75,4.851364526260302,1.0
4.559999999996004,20.47511459471877,18.11910952858801,3611.323431198656,0.0,75,4.920902722444329,1.0
4.579999999996135,20.387629765726118,20.193123506559786,4485.3846064629515,20.330697122327074,74,4.990669915125294,1.0
4.599999999996266,20.370584841210086,22.839149516716237,5737.894257116114,0.0,75,5.06078335820058,1.0
4.619999999996397,20.471056467184496,24.693865360348674,6707.65685078531,36.30700949721055,74,5.131334045123591,1.0
4.639999999996528,20.403911761824162,24.135283810461647,6407.631170726853,0.0,75,5.202391211548965,1.0
4.659999999996659,20.32481375673046,22.410815871424855,5524.69134825199,11.070135863581777,74,5.274006140603831,1.0
4.67999999999679,20.359805629222958,20.330281977340615,4546.524018059987,0.0,75,5.346212555639215,1.0
4.699999999996921,20.32219969075869,18.577662240025365,3796.4248773491067,3522.980118359784,74,5.418849349499828,1.0
4.719999999997052,20.34881457661013,18.34604747901601,3702.352039125407,5663.778899197593,72,5.491821976247316,1.0
4.739999999997183,20.439251581996,18.933284823000214,3943.1620160773527,16570.610583522113,74,5.56521456595759,1.0
4.759999999997314,20.427600025986553,20.290920211570413,4528.935873355484,21285.561558288715,73,5.639092117838605,1.0
4.779999999997445,20.435497022306055,22.88946750768976,5763.204950641437,29375.150489016367,72,5.713502460183025,1.0
4.799999999997576,20.68305965590935,26.333808675785125,7628.164273101415,8489.087597673853,73,5.788479334818531,1.0
4.819999999997707,20.683630527345198,27.124351877588328,8093.035112571524,18.42202541673005,74,5.864044992450122,1.0
4.839999999997838,20.39901458323621,25.849658917558482,7350.2535276952185,35.46678568173582,74,5.940212371412839,1.0
4.859999999997969,20.364150889493857,23.858111853613224,6261.304513414718,230.5832191012653,74,6.016986211107397,1.0
4.8799999999981,20.300827362473623,21.600475195187425,5132.385815236979,47.19462364644772,73,6.0941363027402815,1.0
4.899999999998231,20.258823033173016,19.48415815745752,4175.956610153004,10.244532226412723,74,6.1711083159075075,1.0
4.919999999998362,20.294311805949864,17.687233735627053,3441.220609405741,0.0,75,6.247875211761683,1.0
4.939999999998493,20.25989944814425,16.226493283469193,2896.289927063179,3380.9898234203097,74,6.32432801205212,1.0
4.959999999998624,20.290898444603943,16.722872268348556,3076.199025938513,10048.10668027862,73,6.400057253366166,1.0
4.979999999998755,20.489940293136065,19.34802338802733,4117.806099260178,23182.10271970139,74,6.475295632569761,1.0
4.999999999998886,20.54251158602034,21.38983262219773,5032.774335661977,13460.173369489186,74,6.550364181855995,1.0
5.019999999999017,20.239237915554973,21.355383896046327,5016.5766348226625,8368.810286719763,73,6.625517736851045,1.0
5.039999999999148,20.170142202959443,20.73615218511904,4729.868081888588,796.3368331369044,73,6.700956033749205,1.0
5.059999999999279,20.098799820358668,18.8490752000433,3908.1639948657603,0.9667564749467714,75,6.7768312848785675,1.0
5.07999999999941,19.94748011014112,16.775563106828415,3095.6146930630084,36.2835607364369,73,6.853032204310217,1.0
5.099999999999541,19.903256227661238,15.348771691956873,2591.432716969983,1055.841111790234,71,6.928967789997217,1.0
5.119999999999672,19.859889167992822,14.14216577075833,2200.009379563694,2506.313519328314,74,7.003933749262692,1.0
5.139999999999803,19.829591372769773,13.90942725262329,2128.1938314562144,16965.63708726818,74,7.077398331607053,1.0
5.159999999999934,19.93494829651338,16.244392256422906,2902.683077585857,26742.069720630057,74,7.149610418325644,1.0
5.180000000000065,20.058960063243365,19.47257793545623,4170.994205976584,14011.8083820569,73,7.22117112905615,1.0
5.2000000000001965,19.930113211366848,21.922848191425945,5286.724001067386,2921.4522141634716,74,7.292569638812595,1.0
5.2200000000003275,19.894976095808225,24.295085756738782,6492.763111200208,558.2941736486099,74,7.364190057793989,1.0
5.2400000000004585,19.988306368080494,25.366067130087448,7077.810978129131,304.8282596489976,74,7.436329370252589,1.0
5.2600000000005895,19.79281209774712,24.17082484255033,6426.516509261731,27.89238105598841,74,7.509212601474465,1.0
5.280000000000721,19.548291957732488,22.04145989830692,5344.085498935392,15.13200451511711,73,7.58299274573247,1.0
5.300000000000852,19.5069989576167,19.999120150850743,4399.612874889807,0.0,75,7.657300438459628,1.0
5.320000000000983,19.464504000164915,18.333768367808315,3697.3976882089364,403.22551913849276,74,7.731242019061626,1.0
5.340000000001114,19.475995240031416,17.875209592705037,3514.7542978144756,3039.076921857799,72,7.804524074286919,1.0
5.360000000001245,19.58043945577927,18.796394614007923,3886.3489553405666,14003.436081743052,74,7.877602182126502,1.0
5.380000000001376,19.591969770380842,20.765998308431577,4743.4935432036145,20557.48496310599,73,7.950896586379711,1.0
5.400000000001507,19.613021433004697,22.926587884225764,5781.912752144404,26892.799469849597,73,8.024731424164399,1.0
5.420000000001638,19.952508599067922,26.313725557265933,7616.533679734213,18134.229397620344,74,8.09935151573101,1.0
5.440000000001769,20.004829135445956,27.91247715256045,8570.170188714299,284.5896784777752,74,8.174936528918213,1.0
5.4600000000019,19.57158769196279,26.889038765300715,7953.22446294029,15.600817533415992,73,8.251612904224162,1.0
5.480000000002031,19.411397189449772,24.729521489207276,6727.041563936809,9.90851345024702,74,8.329463871909356,1.0
5.500000000002162,19.37616804755712,22.20862100152466,5425.451314682983,5205.445685028328,71,8.408444519348777,1.0
5.520000000002293,19.167154516895312,19.87190902703103,4343.820452164571,4308.973425867154,73,8.487798292501637,1.0
5.540000000002424,19.098644075494423,18.280972996623685,3676.1337107361283,3955.0963486942646,73,8.566638805588264,1.0
5.560000000002555,19.11962139789512,17.091380134016177,3213.2680237398713,2928.5836145990766,73,8.64421110051411,1.0
5.580000000002686,19.079939932658313,16.12845982490679,2861.3993795599563,5542.324507955432,72,8.719983625951961,1.0
5.600000000002817,19.136663879509303,15.936027072210805,2793.526547308593,5995.797100927724,67,8.794143789526839,1.0
5.620000000002948,19.265997798832863,16.300272903852292,2922.6878641406734,2201.9550228902376,72,8.867466028144799,1.0
5.640000000003079,19.287640810740978,16.995466076475086,3177.30453872277,1872.1223343931122,74,8.940596166522928,1.0
5.66000000000321,19.225021791344936,17.643733701020714,3424.3147280378753,5088.165273097116,74,9.014037523329037,1.0
5.680000000003341,19.424279831838835,18.910083326919572,3933.5037657414578,3431.7964397370615,74,9.088175527784967,1.0
5.700000000003472,19.482739636288027,18.82382540108214,3897.7004300346766,2931.607240085877,74,9.163298509294451,1.0
5.720000000003603,18.8941215297989,17.911374336118147,3528.99063669407,6779.172834562139,72,9.239615220742563,1.0
5.740000000003734,18.753983712369408,17.005631194652125,3181.10641561378,40.77444373751149,72,9.317269577053686,1.0
5.760000000003865,18.74293057003803,15.935167772710564,2793.225291388767,6271.269093056973,74,9.396351923676749,1.0
5.780000000003996,18.616095966354834,14.861199476672288,2429.4077487398918,5778.656622584649,73,9.476706475456972,1.0
5.800000000004127,18.604697085327903,14.280328254077288,2243.205525486179,2818.178463030472,71,9.558106214324189,1.0
5.820000000004258,18.67604040226708,14.468200261713179,2302.61700694341,2424.034299814664,72,9.640645106710593,1.0
5.840000000004389,18.633825084699843,14.95762992325827,2461.0376221326633,3595.773234094813,73,9.724392437137924,1.0
5.86000000000452,18.673574941644965,17.386379041528226,3325.147937932611,4594.126374239864,73,9.809383078532854,1.0
5.880000000004651,18.903537365887367,21.894748690310173,5273.180222330229,2088.712051267746,74,9.895624619971919,1.0
5.900000000004782,18.987959310998903,25.663174507462603,7244.583783805263,3180.4367033817216,72,9.98310329080654,1.0
5.920000000004913,18.689721448871943,26.35738516615125,7641.82928076535,6863.413374115906,73,10.07178886605103,1.0
5.940000000005044,18.70751733481364,25.93516066591153,7398.9581464330895,5160.0542910460335,71,10.161638711030783,1.0
5.960000000005175,18.72818198032336,23.925382736997967,6296.663330230243,5586.311973662004,70,10.252569341690995,1.0
5.980000000005306,18.39967657391884,22.049955327490267,5348.20582938748,7158.072239274763,72,10.343943260356756,1.0
6.000000000005437,18.26149205914203,20.59064349027774,4663.720592780887,4164.655880515671,70,10.434735444319351,1.0
6.0200000000055685,18.3192941444196,19.56728156502968,4211.663586296654,3721.8116142106705,72,10.524161476490269,1.0
6.0400000000056995,18.280085186929856,18.412944520270948,3729.4017849723355,3849.4693862283516,71,10.6114522802678,1.0
6.0600000000058305,18.23960439218372,17.748340436830883,3465.0394708781087,5219.098577598143,72,10.6959865445328,1.0
6.0800000000059615,18.341017026305824,17.786864968945295,3480.0982196584264,3051.254446413122,72,10.778283612864099,1.0
6.1000000000060925,18.43407381423761,18.004533901867593,3565.795651258494,3291.9873519291336,72,10.859245817612234,1.0
6.120000000006224,18.35492290601539,18.36519552197412,3710.0844721637204,4726.943858060205,73,10.93959276316336,1.0
6.140000000006355,18.434499229986677,19.72236455048185,4278.688298083134,5244.9717980414125,72,11.019888205602877,1.0
6.160000000006486,18.74195354833737,21.19201725274396,4940.117547646573,6143.905971024698,73,11.100566816403639,1.0
6.180000000006617,18.683764795057613,21.918878858228588,5284.809754418702,7888.481802152227,74,11.181956797680003,1.0
6.200000000006748,18.3828205861053,22.250643531648354,5446.002513297332,2371.7099936389122,74,11.264298955645001,1.0
6.220000000006879,18.47782609053147,21.78437518268733,5220.14902310092,3255.9145390520175,74,11.34776275346773,1.0
6.24000000000701,18.38994566640421,20.44784363430812,4599.257402224267,1365.2417007882186,71,11.4324286853785,1.0
6.260000000007141,18.148983978428635,19.258474123065795,4079.7770810367433,234.73115870378305,73,11.51803434551553,1.0
6.280000000007272,18.14056911553768,18.474509555496006,3754.3825364772456,1.6842718644256724,75,11.603998571368964,1.0
6.300000000007403,18.201723751806856,17.764286600159192,3471.2686625385495,760.955102946535,74,11.690408159912872,1.0
6.320000000007534,18.067977582506742,17.072205567274235,3206.0622322439635,130.03809903546838,74,11.777489346772708,1.0
6.340000000007665,18.028238651692774,16.533119489398214,3006.78444055791,292.80631070294464,74,11.865404279637644,1.0
6.360000000007796,18.139381217725035,16.37258066125931,2948.6753726038655,1224.3830575344673,74,11.954262384484906,1.0
6.380000000007927,18.171224536866486,16.28694157045249,2917.9091229126684,8584.786319060166,73,12.04413054764372,1.0
6.400000000008058,18.070606290742777,16.55865694887701,3016.0803194565224,13179.230195706099,73,12.135041627748766,1.0
6.420000000008189,18.203949827763118,18.349709300579896,3703.8301455736714,20469.99778880973,73,12.22700155006373,1.0
6.44000000000832,18.43187998218519,20.738419914458085,4730.902666032308,18790.792438056887,72,12.319995199308416,1.0
6.460000000008451,18.243444296850342,21.83476328140126,5244.325763103116,19030.55124388794,73,12.413991295840797,1.0
6.480000000008582,18.13348894314165,22.610638274101102,5623.650594784703,14402.213958823842,71,12.508930500109907,1.0
6.500000000008713,18.248793603260804,22.356783565420596,5498.083485301665,2577.882580254384,71,12.604336786458154,1.0
6.520000000008844,18.081282012866744,21.26235568571459,4972.965462364235,5227.071688415966,72,12.699333850046472,1.0
6.540000000008975,17.830497265978245,20.38005603925378,4568.8135257943695,2920.8135055548346,73,12.793761758075766,1.0
6.560000000009106,17.883482549211806,19.798602699530377,4311.831357392367,1342.9645169876414,73,12.887837559491839,1.0
6.580000000009237,17.92139759677652,19.217429035148033,4062.4053659304573,3389.7263510663256,73,12.981830374471082,1.0
6.600000000009368,17.7298793521885,18.487274294500114,3759.5724192409316,3418.7291179170306,73,13.075944773907086,1.0
6.620000000009499,17.69379457835259,17.965872526696227,3550.4983321004806,6150.591224976783,73,13.170332269195516,1.0
6.64000000000963,17.81566596935301,17.905469150255556,3526.6640803982878,4046.1951318477554,73,13.265100987703129,1.0
6.660000000009761,17.76875128200284,17.74060114875897,3462.0182203128284,717.3803642157751,73,13.360323802236458,1.0
6.680000000009892,17.63632070606751,17.618450047459437,3414.5076028230574,5801.038420035026,73,13.456045144749135,1.0
6.700000000010023,17.761293850037788,18.519319759180274,3772.6172477704145,3610.6142336652883,73,13.55228670170292,1.0
6.720000000010154,17.95602815221982,19.87363030909274,4344.572998287385,3812.742290708762,73,13.649052160215708,1.0
6.740000000010285,17.730792227638034,20.335939826240327,4549.054934781142,5735.21050104341,73,13.746331149775003,1.0
6.760000000010416,17.651947209524465,20.810158362467025,4763.689601780518,3160.2685620877987,73,13.84410250333591,1.0
6.780000000010547,17.78151822207479,21.126725474091685,4909.72382183398,4425.296715357524,72,13.94233694359404,1.0
6.800000000010678,17.63425861152052,20.39783340056617,4576.787681809781,6226.551422950021,71,14.040999284726956,1.0
6.820000000010809,17.336421023600238,18.38497741357105,3718.0813394726947,7031.284969748366,70,14.140050226586926,1.0
6.84000000001094,17.423647443730868,18.29207807643771,3680.601323899425,3925.4134190221835,71,14.23944780690105,1.0
6.8600000000110715,17.506920561242467,18.414925555926242,3730.20431553336,4239.365756918226,70,14.339148567234009,1.0
6.8800000000112025,17.300629505483528,18.18231822682515,3636.5636571169184,5777.077648911441,70,14.439108480068734,1.0
6.9000000000113335,17.227770076896267,17.92524599046247,3534.4588820045,5720.503489014368,70,14.539283677166663,1.0
6.9200000000114645,17.371436383077743,18.044278641835003,3581.555908746012,3739.8756347349963,70,14.63963101321479,1.0
6.940000000011596,17.357678509409844,17.93911118937201,3539.9288129111724,6006.716943666586,70,14.740108493505444,1.0
6.960000000011727,17.018407818230873,17.137723287308706,3230.717154195994,10375.758026571762,71,14.840675589902562,1.0
6.980000000011858,17.103339731205217,16.947441467667407,3159.3734953001403,3504.348356828824,70,14.941293465515487,1.0
7.000000000011989,17.212607364551236,17.420742642079148,3338.3050162171025,4859.156501066918,73,15.041925125236464,1.0
7.02000000001212,17.006742657901903,16.598055644304022,3030.4499628855383,5264.662310594195,73,15.142535506518776,1.0
7.040000000012251,16.889694651582648,15.880570285052142,2774.117638363292,1169.4400309507316,73,15.243091522411396,1.0
7.060000000012382,17.0200713906236,16.347429599640186,2939.6229996671136,954.6789969636286,73,15.343562066860615,1.0
7.080000000012513,17.0432311761839,16.528316907675734,3005.037857806155,6627.923405283272,74,15.443917990592,1.0
7.100000000012644,16.77700524250876,15.517044828267927,2648.565482227241,3424.1539874336745,73,15.544132054447756,1.0
7.120000000012775,16.824317691501893,15.307433920110485,2577.4928654040395,273.2624451114055,71,15.6441788658422,1.0
7.140000000012906,16.94770629481749,15.84404619101278,2761.3717967324123,7774.983126792322,73,15.744034802974447,1.0
7.160000000013037,16.902855719174898,15.713531564497284,2716.065816512977,2895.8894904251433,72,15.843677930578234,1.0
7.180000000013168,16.732940367239372,15.127631797456779,2517.2976817936797,2756.9422438221286,72,15.943087910266149,1.0
7.200000000013299,16.835768832509235,15.580668896966884,2670.329676046024,10605.002481050871,74,16.042245907922194,1.0
7.22000000001343,16.93633200213358,16.20419493521007,2888.3352684811643,5332.577743259469,74,16.14113450009269,1.0
7.240000000013561,16.76493189281444,16.010878439479473,2819.830512441675,5760.519342575347,74,16.23973758090598,1.0
7.260000000013692,16.70863354532009,15.752775946813847,2729.6494503356857,6399.19986080201,74,16.33804027070467,1.0
7.280000000013823,16.829728807576846,16.364193531370738,2945.655129253715,1095.2256335212874,74,16.436028827286712,1.0
7.300000000013954,16.915563465449903,16.767910613032996,3092.79108959331,458.2184085841696,73,16.533690560416886,1.0
7.320000000014085,16.722985995179517,16.52146399329035,3002.5464972974846,6545.293773107494,74,16.631013750077642,1.0
7.340000000014216,16.741740271494567,16.853837470751184,3124.5702123954634,19.016433710958808,74,16.727987568771567,1.0
7.360000000014347,16.858124550561215,17.80723535595919,3488.073941247753,0.0,75,16.824602008063057,1.0
7.380000000014478,16.862309223461168,18.075471616364954,3593.9494156941655,0.0,75,16.920847809445064,1.0
7.400000000014609,16.658212700697963,17.905556749702235,3526.69858768488,0.0,75,17.01671639953837,1.0
7.42000000001474,16.733875486901354,17.96738709752917,3551.0969902370343,42.04538449180253,72,17.11219982956826,1.0
7.440000000014871,16.847928590138807,18.417232684683878,3731.139057379669,0.0,75,17.207290719016882,1.0
7.460000000015002,16.792700366112477,18.15971219791386,3627.526618221675,0.0,75,17.30198220331363,1.0
7.480000000015133,16.668374781906778,17.812530048215937,3490.1484939045517,14.196588211775252,74,17.396267885400295,1.0
7.500000000015264,16.771240968807668,18.388079871901613,3719.3362951297654,0.0,75,17.490141790990158,1.0
7.520000000015395,16.881937960859347,19.00925387918286,3974.8690634755153,0.0,75,17.583598327329447,1.0
7.540000000015526,16.733087456668724,18.851214284925398,3909.051080177929,0.0,75,17.67663224526264,1.0
7.560000000015657,16.686512583918596,18.564108385975057,3790.887321828524,11.553121758150438,74,17.769238604401398,1.0
7.580000000015788,16.79776045837701,18.881079503659357,3921.4467954585602,0.0,75,17.861412741199075,1.0
7.600000000015919,16.882689812851464,18.991464180881902,3967.432829070923,0.0,75,17.953150239735,1.0
7.62000000001605,16.70923052520458,18.148110183371752,3622.8929355058162,0.0,75,18.0444469050195,1.0
7.640000000016181,16.741146681392493,17.866635985007424,3511.383495628384,10.543934311814631,74,18.135298738637026,1.0
7.660000000016312,16.86383436973636,18.620674488261844,3814.0247023758607,498.12521640765283,74,18.225701916553348,1.0
7.6800000000164435,16.90499138310861,18.702033906388735,3847.4267945928523,1033.8062434493847,74,18.315652768920415,1.0
7.7000000000165745,16.73578706218168,18.175314756806724,3633.762731598959,8171.074251441723,74,18.405147761722677,1.0
7.7200000000167055,16.813772862680672,18.011786006115127,3568.6687864309315,14.714776070787405,74,18.494183480116924,1.0
7.7400000000168365,16.94753709922585,18.427228921039543,3735.190422792358,236.87063288358792,74,18.58275661332747,1.0
7.7600000000169675,16.891399173449937,17.90952907550175,3528.2635487686684,368.1827864132016,73,18.67086394096738,1.0
7.780000000017099,16.782056317926973,16.89024579621304,3138.084433621415,183.8502009187551,74,18.758502320665247,1.0
7.80000000001723,16.88397990546873,17.0142412673351,3184.3284649339753,11.675377173270732,74,18.845668676885545,1.0
7.820000000017361,17.00916589935147,17.5406784595349,3384.4294090287076,128.7993720011988,74,18.932359990839448,1.0
7.840000000017492,16.892877060544908,17.060356726640876,3201.6134880426466,0.0,75,19.01857329138971,1.0
7.860000000017623,16.86004019189075,16.54134204533895,3009.77596326988,0.0,75,19.104305646861697,1.0
7.880000000017754,16.964327004958438,16.944903852039282,3158.4274321034127,0.0,75,19.189554157678522,1.0
7.900000000017885,17.04395530264726,17.00175081269493,3179.654837666699,435.22107946644917,73,19.274315949746708,1.0
7.920000000018016,16.860456751212627,15.996643340946404,2814.818579951894,455.0392916527258,73,19.358588168522363,1.0
7.940000000018147,16.90560484238924,15.462335648591075,2629.9220608065943,333.8724456550219,72,19.442367973695827,1.0
7.960000000018278,17.035586819923086,16.047335756667213,2832.686833759311,10310.327206190726,73,19.525652534437224,1.0
7.980000000018409,17.046535562493737,16.011488687955893,2820.045470049935,2241.2942844595173,73,19.608439025149746,1.0
8.00000000001854,16.89760301872153,15.410459570822269,2612.3049060234243,429.6061467785088,73,19.690724621683202,1.0
8.02000000001867,16.97982977063531,15.590315029391121,2673.637149872245,8851.230915922319,73,19.772506497612937,1.0
8.040000000018802,17.096682458512614,16.160847286518717,2872.902835199973,8110.772479007559,72,19.853655856547757,1.0
8.060000000018933,16.97987583910489,15.762054592273497,2732.8660146679103,7310.076914413706,72,19.934001156712768,1.0
8.080000000019064,16.90869972033004,15.031414843736439,2485.377754249502,7384.552058754544,72,20.01361249571349,1.0
8.100000000019195,17.00613123432148,15.391645151846173,2605.930145283848,9477.78344730113,73,20.092553900524095,1.0
8.120000000019326,17.095591669172542,15.818560272465357,2752.495340029812,3652.758180983916,73,20.170876481163404,1.0
8.140000000019457,16.933619184873322,15.388229783074628,2604.773774423755,8284.901336299212,73,20.248620548161718,1.0
8.160000000019588,16.94758608459521,15.324707206719413,2583.313160688457,4722.591132042162,74,20.325817409550197,1.0
8.180000000019719,17.055322120039186,16.180661368884202,2879.9518256795172,482.2168345185405,73,20.402490893550777,1.0
8.20000000001985,17.06461161508759,16.392156386809397,2955.730701105777,0.0,75,20.47865863670635,1.0
8.220000000019981,16.880136435711606,15.947154973989408,2797.4292694087862,0.0,75,20.554333171628546,1.0
8.240000000020112,16.948270729599095,15.973973797956722,2806.846227875887,14.55282560033818,74,20.629522843738833,1.0
8.260000000020243,17.056184548612638,16.634207599948088,3043.665487259878,0.0,75,20.70423258223432,1.0
8.280000000020374,16.96992650482696,16.468662209773246,2983.3851847757473,0.0,75,20.778464546933378,1.0
8.300000000020505,16.86358501924475,16.134734585545576,2863.6262616060067,0.0,75,20.852218669575024,1.0
8.320000000020636,16.9553181040308,16.768237543171065,3092.9116933463274,13.397971892422168,74,20.92549310548893,1.0
8.340000000020767,17.04047139077177,17.397741662078204,3329.4955643445287,311.16525444238295,74,20.998284609264893,1.0
8.360000000020898,16.86318419921107,17.251141654274466,3273.620772134279,0.0,75,21.07058884608135,1.0
8.38000000002103,16.84342433026254,17.09769485470159,3215.6428627893815,9.872510101964862,74,21.142400648657876,1.0
8.40000000002116,16.938242412659186,17.635631493794307,3421.170480034006,146.78539841958332,74,21.213714228340905,1.0
8.420000000021291,16.977552406602076,17.793116980423644,3482.545130669442,98.20684828126561,74,21.28452334757885,1.0
8.440000000021422,16.7910282132023,17.296323815860003,3290.790992973945,0.0,75,21.354821459968992,1.0
8.460000000021553,16.838737103022652,17.447031250604265,3348.3878940551804,10.276402314584269,74,21.42460182313712,1.0
8.480000000021684,16.94700689850093,18.23589478330496,3658.0264440254596,374.20667242944336,74,21.4938575889188,1.0
8.500000000021815,16.904414485887404,18.290923931465066,3680.136880933056,0.0,75,21.562581874636614,1.0
8.520000000021946,16.767520622986385,17.98463498688251,3557.918051725384,0.0,75,21.63076781868497,1.0
8.540000000022077,16.847634962117837,18.219508430338617,3651.4553618749796,2.795975635657958,75,21.698408623142118,1.0
8.560000000022209,16.950343225403692,18.648501126180633,3825.4325367847637,327.5311640539883,74,21.765497585703233,1.0
8.58000000002234,16.827943687857566,18.242121040633133,3660.5247806722105,0.0,75,21.832028122867627,1.0
8.60000000002247,16.77091678841001,17.714993573897793,3452.030970555641,0.0,75,21.8979937860071,1.0
8.620000000022602,16.862754045482482,18.258852872997938,3667.242790615636,0.0,75,21.963388271677548,1.0
8.640000000022733,16.94755224187564,18.60310623456193,3806.831177318367,99.40448076237325,74,22.028205427315097,1.0
8.660000000022864,16.788824460292147,18.16901652493798,3631.2447763181635,0.0,75,22.092439253268637,1.0
8.680000000022995,16.801780956311344,17.884148791356242,3518.2705579050585,5.7015152729657235,74,22.15608390195886,1.0
8.700000000023126,16.909842569991216,18.397254612123312,3723.048749896217,0.0,75,22.219133674819613,1.0
8.720000000023257,16.936258829062545,18.300685488473487,3684.065982828265,0.0,75,22.28158301756147,1.0
8.740000000023388,16.77172690316481,17.47276900718791,3358.2742245640106,398.3183048302686,74,22.343426514202076,1.0
8.760000000023519,16.833769338782812,17.25479109868878,3275.0059744532855,5284.153290377015,74,22.404658880224424,1.0
8.78000000002365,16.95577898694333,17.853148274671707,3506.083936491547,8821.044299612284,74,22.465274955157,1.0
8.80000000002378,16.90899041247381,17.52851681972199,3379.737920892044,766.365155900274,73,22.525269694813062,1.0
8.820000000023912,16.804229455345403,16.903634992552963,3143.061635576071,1585.7603387188024,73,22.584638163376624,1.0
8.840000000024043,16.885150724615922,17.116637272522826,3222.771986710294,8933.67886104125,73,22.64337527372118,1.0
8.860000000024174,16.991150334542496,17.468160680499395,3356.5030131571957,5848.582178424335,72,22.701440011759896,1.0
8.880000000024305,16.864089556801947,16.840929930481497,3119.7861301572625,8514.520870116256,72,22.758812133325186,1.0
8.900000000024436,16.834028271209522,16.154137632270942,2870.5177890658747,7725.442754428633,73,22.81550196091747,1.0
8.920000000024567,16.92978076302323,16.548526988196002,3012.391200269566,9925.810939961055,73,22.871517041372268,1.0
8.940000000024698,17.004148585452302,16.710286606652968,3071.5704632413413,3874.528219599424,73,22.92686260486623,1.0
8.960000000024829,16.852609367164614,16.071263968345615,2841.1407809426846,8575.136417108233,72,22.98154195395822,1.0
8.98000000002496,16.884788508064265,15.851742732581865,2764.055224259582,7436.532089017269,73,23.035556792794832,1.0
9.000000000025091,17.000278487658104,16.499130310091687,2994.434310883248,9954.702785855228,73,23.08888030499143,1.0
9.020000000025222,16.988731146340466,16.378082116286944,2950.6573118862207,6442.246481971648,72,23.141427618158126,1.0
9.040000000025353,16.849561103414615,15.661386757179317,2698.0693867374684,8862.541990695981,72,23.193213447888677,1.0
9.060000000025484,16.91832232462543,15.67175963680319,2701.64455125107,7004.8243350970215,73,23.244247663866627,1.0
9.080000000025615,17.03061674447747,16.24566084301861,2903.1364584902694,8016.31003548154,73,23.294527847147283,1.0
9.100000000025746,16.94242644161575,15.914741124672927,2786.068835718913,7011.788756683409,73,23.344042774763448,1.0
9.120000000025877,16.86889873218068,15.4222349890059,2616.2986526172963,5264.532843406525,73,23.39277522948328,1.0
9.140000000026008,16.94972247151745,15.955310075737113,2800.2911157421004,9056.732598531291,74,23.440704246141323,1.0
9.16000000002614,17.034019269933584,16.393200421504307,2956.107220655699,3505.3823841443505,74,23.48780688905053,1.0
9.18000000002627,16.873837372523337,15.985956549380846,2811.0588747856164,7339.076449625369,74,23.534059640527552,1.0
9.200000000026401,16.874293782696835,15.651002162085836,2694.492555453771,5912.14680890731,74,23.579439468191744,1.0
9.220000000026532,16.970305836249825,16.30580922969963,2924.6735609889342,466.2160336402963,74,23.62392462813018,1.0
9.240000000026663,16.9952048692913,16.443742339476817,2974.3632833981274,2878.3620441987805,74,23.6674952520055,1.0
9.260000000026794,16.828239573512995,15.935287974382636,2793.267431091542,7795.043183677732,74,23.710133758501566,1.0
9.280000000026925,16.87939799490222,16.05878747530311,2836.7312069464724,11.974206627749375,74,23.75182512296303,1.0
9.300000000027056,16.98516061819733,16.814516098199817,3110.0074677828293,0.0,75,23.79255703352701,1.0
9.320000000027187,16.91657938048614,16.78402609760574,3098.7388524962157,0.0,75,23.83231995732826,1.0
9.340000000027318,16.80267838530528,16.393139998935702,2956.0854292717618,0.0,75,23.871107136360944,1.0
9.36000000002745,16.87754618344304,16.746375857190085,3084.8521478530683,16.09715164525052,74,23.908914529197762,1.0
9.38000000002758,16.964133816611803,17.247757914524062,3272.3366838583015,256.59048163525557,74,23.945740711909863,1.0
9.400000000027712,16.82487704542325,16.95895422132013,3163.6674110891504,0.0,75,23.981586749124343,1.0
9.420000000027843,16.78907817009844,16.67554350984869,3058.8112648374245,0.0,75,24.016456044128827,1.0
9.440000000027974,16.873186399200108,17.33588182135255,3305.86078376292,0.0,75,24.050354175235025,1.0
9.460000000028105,16.935312475712458,17.675464707099007,3436.6425787309286,53.953046090081195,74,24.083288724189558,1.0
9.480000000028236,16.766393223888798,17.363053657292706,3316.2319553662815,0.0,75,24.115269101234333,1.0
9.500000000028367,16.790731649092653,17.307201883875226,3294.9316075413562,0.9948507954705044,75,24.146306370431077,1.0
9.520000000028498,16.892301557132786,17.941103490596625,3540.7151390632825,0.0,75,24.176413078046263,1.0
9.540000000028629,16.87905063144837,17.95538702068762,3546.355153689452,0.5151705368601173,75,24.20560308611884,1.0
9.56000000002876,16.736832417457634,17.43261173996034,3342.8554728382337,0.0,75,24.233891412776423,1.0
9.58000000002889,16.799480312479705,17.571226308739078,3396.2279339221673,5.248099853717246,74,24.261294080414718,1.0
9.600000000029022,16.90611719307082,18.170879706367877,3631.9895623362117,251.94796821560809,74,24.28782797248578,1.0
9.620000000029153,16.827230895488178,17.949766850466563,3544.135429847192,0.0,75,24.31351069934464,1.0
9.640000000029284,16.742970568266998,17.492880735006324,3366.0096405007093,0.0,75,24.338360473368212,1.0
9.660000000029415,16.819933051759467,17.853361997779935,3506.1678808615006,11.670348841373213,74,24.36239599337225,1.0
9.680000000029546,16.910377350611267,18.20499245726677,3645.6392540605393,88.52744038969685,74,24.38563633820768,1.0
9.700000000029677,16.775010166523277,17.717306072997392,3452.9322793269725,409.4126458827899,74,24.408100869305763,1.0
9.720000000029808,16.759748278731863,17.221924016763825,3262.541335231053,395.66410953480676,74,24.429809141859128,1.0
9.740000000029939,16.85408295069091,17.73931968296902,3461.5180909602923,10011.65568936962,74,24.450780824264083,1.0
9.76000000003007,16.91191263009986,17.841105515344395,3501.3555061061743,3698.058068590648,74,24.471035625410625,1.0
9.780000000030201,16.76264474418206,17.232518858998997,3266.5567684833172,710.089348442089,73,24.49059322937757,1.0
9.800000000030332,16.79780052970562,17.037178478622256,3192.919955636723,7563.883124395506,71,24.50947323707879,1.0
9.820000000030463,16.910648479944346,17.61596098651199,3413.5428962614374,9217.88811895923,73,24.527693218341252,1.0
9.840000000030594,16.894265191900143,17.411505749567713,3334.765857139525,6743.597343711287,72,24.545267635781563,1.0
9.860000000030725,16.773988186825296,16.710470766643702,3071.6381656713916,8958.28297437578,72,24.562217083062816,1.0
9.880000000030856,16.838777366736807,16.743881862803512,3083.933378190725,8369.806207775335,72,24.57856121402778,1.0
9.900000000030987,16.95103029692066,17.221420770019225,3262.3506667185457,7221.398461257244,68,24.594292741316316,1.0
9.920000000031118,16.871775503666314,16.80384939086939,3106.062897861238,7661.050656184603,71,24.609420419877726,1.0
9.94000000003125,16.809665124369765,16.232889760899933,2898.5738098848287,7675.653123985791,71,24.6239301014439,1.0
9.96000000003138,16.888029020285686,16.623646278362365,3039.8017714692196,9869.932265701518,72,24.637783955847517,1.0
9.980000000031511,16.977240133355753,16.93601831902216,3155.1158815247964,5423.775020245412,71,24.65097786364598,1.0
10.000000000031642,16.844659343666397,16.388781066293955,2954.5135932280673,8266.64367089229,71,24.66356166896449,1.0
10.020000000031773,16.847398673810964,15.959767504124457,2801.855966642777,5895.967049403072,71,24.675543883095642,1.0
10.040000000031904,16.950602447655566,16.52717347234751,3004.6220928357397,9967.329231391703,72,24.686919684563602,1.0
10.060000000032035,16.985174337415188,16.569220985687963,3019.929924798186,5778.317158437576,72,24.697715088679647,1.0
10.080000000032166,16.841002825470216,15.963310034391368,2803.0999397951014,8560.16818278219,72,24.70799540731904,1.0
10.100000000032297,16.887138750784136,15.915298921001574,2786.2641371931722,8308.473616677848,73,24.717813851660473,1.0
10.120000000032428,16.997964623683295,16.568003414363247,3019.4861085218745,4566.06640555772,73,24.72721649991909,1.0
10.14000000003256,16.95009310039975,16.40402830400862,2960.0135905858747,6601.492507601121,73,24.73624798461649,1.0
10.16000000003269,16.849594389380897,15.842664649887736,2760.8902552968275,8192.714320124442,73,24.74494546913783,1.0
10.180000000032821,16.91786293602293,16.119540785387333,2858.2355464494226,138.50086808297036,74,24.753339422238,1.0
10.200000000032952,17.013509930299126,16.61277069615075,3035.825652231736,578.7396009813588,73,24.761454798326728,1.0
10.220000000033084,16.896783325972017,16.271098494288818,2912.235108319326,6886.553682962395,74,24.769312027958765,1.0
10.240000000033215,16.862202172978737,15.859425247687566,2766.7350610568883,3121.3045665259374,74,24.776927847057973,1.0
10.260000000033346,16.945150063877705,16.45614451504238,2978.851615299553,0.0,75,24.78431598930744,1.0
10.280000000033477,17.00681852989716,16.766360354660808,3092.2192349657585,20.067166875439842,72,24.791487762609805,1.0
10.300000000033608,16.85406945314062,16.362129640597416,2944.912150132882,0.0,75,24.79845252748718,1.0
10.320000000033739,16.877022055135203,16.233685169878743,2898.857876142152,0.0,75,24.805218092681848,1.0
10.34000000003387,16.97854227372876,16.91552306529681,3147.4841262984723,113.6328963191782,74,24.811791040975347,1.0
10.360000000034,16.961591305504662,16.959720871378693,3163.9534523858583,0.0,75,24.818176996320684,1.0
10.380000000034132,16.83275754220293,16.493324423048843,2992.327255763334,0.0,75,24.82438084172815,1.0
10.400000000034263,16.891494121494222,16.691615399180733,3064.7102709758415,22.872828500123475,74,24.830406895931695,1.0
10.420000000034394,16.99073992501905,17.313754582055157,3297.4270750039955,0.0,75,24.8362590556475,1.0
10.440000000034525,16.903248162502635,17.1601680219493,3239.185031956845,0.0,75,24.841940909199316,1.0
10.460000000034656,16.833581159414745,16.775743848059268,3095.681398212682,0.0,75,24.847455826396676,1.0
10.480000000034787,16.90633287409584,17.248034924067337,3272.4417961603117,0.0,75,24.852807028793606,1.0
10.500000000034918,16.9854096886037,17.65344495013957,3428.085304683691,76.77846382741063,74,24.857997643807582,1.0
10.520000000035049,16.84764752018768,17.325874086725086,3302.04504155957,0.0,75,24.863030745627313,1.0
10.54000000003518,16.844080774265763,17.043540672315277,3195.305065137516,0.0,75,24.867909385367483,1.0
10.560000000035311,16.93771486715815,17.66019535940474,3430.7075014557477,0.0,75,24.872636612528407,1.0
10.580000000035442,16.96924923559448,17.81012841536097,3489.2074158881314,0.0,75,24.87721548948048,1.0
10.600000000035573,16.825373217041722,17.347296734352316,3310.2157438863755,0.0,75,24.88164910040348,1.0
10.620000000035704,16.867623658991235,17.318615753545018,3299.278967808314,2.41172922685823,75,24.88594055586935,1.0
10.640000000035835,16.973261923869554,17.92732961086703,3535.2806167433682,93.32172565745894,74,24.89009299404856,1.0
10.660000000035966,16.92859256075559,17.79410092922729,3482.9303066748025,0.0,75,24.894109579348754,1.0
10.680000000036097,16.830122708659093,17.248917174274045,3272.776580534627,0.0,75,24.897993499146303,1.0
10.700000000036228,16.895984063545804,17.459858928528746,3353.3134118453745,19.96265122574217,74,24.901747959148864,1.0
10.720000000036359,16.99381021958474,17.902939113205704,3525.667517802657,0.0,75,24.905376177824465,1.0
10.74000000003649,16.8922390754606,17.53535630441571,3382.37592795093,0.0,75,24.90888138024642,1.0
10.760000000036621,16.856659727579647,17.05151741357467,3198.2967071598414,0.0,75,24.912266791630824,1.0
10.780000000036752,16.94069302747874,17.519777702831302,3376.368718322873,0.1711872242078938,75,24.915535630784632,1.0
10.800000000036883,17.00754147000711,17.739594283532387,3461.6252587876843,0.0,75,24.918691103632913,1.0
10.820000000037014,16.87429677714371,17.199938973313163,3254.2169075426673,0.0,75,24.92173639695283,1.0
10.840000000037145,16.895266507965253,16.89413646644871,3139.530316416913,5.418457751242519,74,24.92467467240875,1.0
10.860000000037276,17.002043777107158,17.45801908391377,3352.6067336772703,4.159886655066264,75,24.927509060956126,1.0
10.880000000037407,17.003890736592417,17.375183312070394,3320.8669464085447,0.0,75,24.930242657659264,1.0
10.900000000037538,16.886965550474542,16.756645223128235,3088.636750471649,0.0,75,24.932878516950726,1.0
10.92000000003767,16.941945098890514,16.785021822459978,3099.1065333850343,0.0,75,24.93541964834604,1.0
10.9400000000378,17.050376621730603,17.310813759794712,3296.3070032892774,0.0,75,24.937869012616044,1.0
10.960000000037931,16.981716621916497,17.004954792247016,3180.8533623500125,0.0,75,24.940229518411385,1.0
10.980000000038062,16.918206659767822,16.432603941466017,2970.3351952679295,0.0,75,24.942504019326044,1.0
11.000000000038193,16.99044693424589,16.76319499530063,3091.051770955193,5.794714310998911,74,24.944695311382592,1.0
11.020000000038324,17.076083908975352,17.095789478091536,3214.926196671478,0.0,75,24.946806130918763,1.0
11.040000000038455,16.95661447080833,16.6212078361382,3038.9100492531215,0.0,75,24.94883915285151,1.0
11.060000000038587,16.95666188087448,16.2287942512937,2897.1113913590575,0.0,75,24.950796989294336,1.0
11.080000000038718,17.055911580537465,16.80315476290614,3105.806109847928,7.207190202001671,74,24.952682188502035,1.0
11.100000000038849,17.084031172672187,16.8931787600247,3139.174374799646,0.0,75,24.954497234117746,1.0
11.12000000003898,16.95366557034577,16.342004912165454,2937.672370041638,0.0,75,24.956244544696467,1.0
11.14000000003911,16.99687193494623,16.28179878005297,2916.0666866554784,3.539791947700279,75,24.95792647348069,1.0
11.160000000039242,17.10225702648693,16.879430121540434,3134.0667735076318,0.0,75,24.959545308403932,1.0
11.180000000039373,17.050540201026905,16.717876715656725,3074.36142067887,0.0,75,24.961103272299685,1.0
11.200000000039504,16.96702223651541,16.186350832365505,2881.9774859526146,0.0,75,24.962602523293945,1.0
11.220000000039635,17.03112531943671,16.49334257048943,2992.333840622707,0.0,75,24.964045155360626,1.0
11.240000000039766,17.120554666957414,16.951898028362127,3161.0353144038654,0.0,75,24.965433199021344,1.0
11.260000000039897,17.007077756069503,16.634824706606608,3043.8913232148257,0.0,75,24.966768622171205,1.0
11.280000000040028,16.989347679842783,16.260992123296592,2908.618513173052,0.0,75,24.9680533310144,1.0
11.300000000040159,17.077289176859914,16.845197796648524,3121.3675768903354,0.0,75,24.96928917109392,1.0
11.32000000004029,17.11849194765832,17.070357705283428,3205.3682340496225,0.0,75,24.970477928402193,1.0
11.34000000004042,16.98178411372779,16.631517866122163,3042.6812518425477,0.0,75,24.971621330558992,1.0
11.360000000040552,17.015185204164457,16.554528682761912,3014.5766189922556,1.6617418903047312,75,24.972721048045084,1.0
11.380000000040683,17.11619774766106,17.201188949831554,3254.6899141658787,94.60651081787282,74,24.973778695481833,1.0
11.400000000040814,17.07649323620025,17.167208670262497,3241.843588811694,0.0,75,24.974795832945556,1.0
11.420000000040945,16.981026348727088,16.7047805039798,3069.54660854758,0.0,75,24.97577396730985,1.0
11.440000000041076,17.04119350212908,16.97836804563846,3170.9147964247286,0.0,75,24.976714553606367,1.0
11.460000000041207,17.130986671006816,17.488309354019606,3364.2506046807857,0.0,75,24.97761899639836,1.0
11.480000000041338,17.026461685114086,17.2510894701903,3273.600966993618,0.0,75,24.97848865116014,1.0
11.500000000041469,16.995579742016258,16.86485845381407,3128.6579573390227,0.0,75,24.979324825656867,1.0
11.5200000000416,17.07647492478848,17.39716224987493,3329.2737978332075,0.0,75,24.98012878132042,1.0
11.540000000041731,17.12979173126257,17.664947406144247,3432.554035480266,0.0,75,24.980901734616594,1.0
11.560000000041862,16.99620237563547,17.26300009232491,3278.122894063708,0.0,75,24.981644858399676,1.0
11.580000000041993,17.020991925447937,17.106427175528687,3218.92835782833,0.0,75,24.982359283251856,1.0
11.600000000042124,17.121140178113134,17.721568989987343,3454.5940821356917,0.0,75,24.983046098804337,1.0
11.620000000042255,17.09721623502482,17.706909092350994,3448.8809256526056,0.0,75,24.983706355036993,1.0
11.640000000042386,16.995773175260098,17.208897349889757,3257.6076279894696,0.0,75,24.98434106355634,1.0
11.660000000042517,17.05195771086983,17.3563971349194,3313.6897365554223,6.504040129967284,74,24.984951198847945,1.0
11.680000000042648,17.14691861038965,17.848649196314216,3504.317059463969,74.41957437480905,74,24.985537699503944,1.0
11.70000000004278,17.058530382364843,17.588118966630574,3402.761216627852,0.0,75,24.986101469422675,1.0
11.72000000004291,17.017812423338608,17.118599715624526,3223.5110184615814,0.0,75,24.986643378981107,1.0
11.740000000043041,17.095746064037442,17.55280926563487,3389.112244273331,0.0,75,24.987164266178144,1.0
11.760000000043172,17.158742021683036,17.819478417893755,3492.8719219435948,0.0,75,24.98766493774928,1.0
11.780000000043303,17.03540408704593,17.368100198801365,3318.159949671644,0.0,75,24.988146170251444,1.0
11.800000000043434,17.053632691971288,17.09059101400617,3212.971313288312,1.3640232618895518,75,24.988608711118612,1.0
11.820000000043565,17.154845185878624,17.65294493732482,3427.8911145624415,0.0,75,24.989053279687532,1.0
11.840000000043696,17.146954898167937,17.61977663052186,3415.0218136043263,0.0,75,24.98948056819382,1.0
11.860000000043827,17.043926867561687,17.061370290073743,3201.993917925121,0.0,75,24.98989124273885,1.0
11.880000000043959,17.09619569737882,17.117152192743937,3222.9658910851444,1.5076080537369345,75,24.990285944227434,1.0
11.90000000004409,17.196017322583945,17.608063324502115,3410.4828344364414,0.0,75,24.990665289276546,1.0
11.92000000004422,17.119433834645154,17.326797138477655,3302.3968898575317,0.0,75,24.99102987109547,1.0
11.940000000044352,17.07358267405733,16.806080524081278,3106.8877684009444,0.0,75,24.99138026033847,1.0
11.960000000044483,17.14957889584971,17.180935739896114,3247.030081882836,0.0,75,24.991717005929143,1.0
11.980000000044614,17.216060588024746,17.45681304145491,3352.143537207413,0.0,75,24.9920406358586,1.0
12.000000000044745,17.098873914329268,16.99109121400222,3175.668987067978,0.0,75,24.992351657956593,1.0
12.020000000044876,17.11356430945376,16.68239613732722,3061.3257497098116,0.0,75,24.99265056063727,1.0
12.040000000045007,17.21353142891624,17.240719714098937,3269.6665788613172,0.0,75,24.99293781361909,1.0
12.060000000045138,17.208855568494037,17.231489811989814,3266.1666525477967,0.0,75,24.99321386862079,1.0
12.080000000045269,17.105944646743865,16.685759383857846,3062.5602283760018,0.0,75,24.993479160032955,1.0
12.1000000000454,17.155957635051912,16.739880414759796,3082.459559305045,0.0,75,24.993734105566258,1.0
12.12000000004553,17.253362376036648,17.246356449804946,3271.804918731015,0.0,75,24.993979106877166,1.0
12.140000000045662,17.17613457001343,17.000679135965903,3179.2540019247303,0.0,75,24.9942145501714,1.0
12.160000000045793,17.13075702149394,16.513894453620576,2999.795810278525,0.0,75,24.994440806785857,1.0
12.180000000045924,17.20509405368704,16.92265414898967,3150.1384579094893,0.0,75,24.994658233750283,1.0
12.200000000046055,17.267326620726806,17.22492626018098,3263.678931355395,0.0,75,24.99486717432813,1.0
12.220000000046186,17.14841891314189,16.815064428739927,3110.210309169423,0.0,75,24.995067958538144,1.0
12.240000000046317,17.163891226808786,16.566553082750897,3018.957491479636,0.0,75,24.995260903657165,1.0
12.260000000046448,17.26089806712556,17.160225462112596,3239.206717015912,0.0,75,24.99544631470442,1.0
12.280000000046579,17.246871861088945,17.186214128675353,3249.0255168434837,0.0,75,24.995624484908113,1.0
12.30000000004671,17.147664111558793,16.698939272976045,3067.4003012679586,0.0,75,24.995795696155017,1.0
12.320000000046841,17.19794007110117,16.825866057630616,3114.2074544825864,2.782429114079742,75,24.995960219423246,1.0
12.340000000046972,17.289175602917776,17.345932294491117,3309.695038815769,0.0,75,24.996118315199247,1.0
12.360000000047103,17.20411127427761,17.140852370535843,3231.8970198735465,0.0,75,24.99627023387909,1.0
12.380000000047234,17.165314370491867,16.716870554138936,3073.9913723622117,0.0,75,24.996416216155197,1.0
12.400000000047365,17.240510330697774,17.186458197522132,3249.1177991269324,0.0,75,24.996556493388244,1.0
12.420000000047496,17.29407952937562,17.479478690487838,3360.8539282034026,0.0,75,24.996691287965138,1.0
12.440000000047627,17.172721382495705,17.103711654184398,3217.9064758443155,0.0,75,24.996820813644078,1.0
12.460000000047758,17.19274594606945,16.921429335776722,3149.6824784225355,0.0,75,24.99694527588602,1.0
12.48000000004789,17.28789877770544,17.519972922900205,3376.44396341072,0.0,75,24.997064872174086,1.0
12.50000000004802,17.261817696564357,17.52939399303551,3380.0761913937636,0.0,75,24.99717979232074,1.0
12.520000000048151,17.171062042804014,17.067907650542256,3204.4481872418282,0.0,75,24.997290218763204,1.0
12.540000000048282,17.22288031415963,17.24359910533186,3270.7588111594187,2.3714757550892656,75,24.99739632684808,1.0
12.560000000048413,17.309417725397005,17.723634145433575,3455.3992805329685,0.0,75,24.997498285104903,1.0
12.580000000048544,17.218038738615,17.498239312671867,3368.0721694788876,0.0,75,24.997596255509237,1.0
12.600000000048675,17.190284035727178,17.0944429523359,3214.419778357332,0.0,75,24.99769039373597,1.0
12.620000000048806,17.270082518992492,17.57361433907128,3397.151130322529,0.0,75,24.997780849402726,1.0
12.640000000048937,17.31290904076914,17.804796280470537,3487.118476479632,0.0,75,24.9978677663043,1.0
12.660000000049068,17.195190017752825,17.39379487314202,3327.9851009783583,0.0,75,24.997951282637885,1.0
12.6800000000492,17.222059631688186,17.23688662113278,3268.2128642876482,2.928408343227679,75,24.998031531219613,1.0
12.70000000004933,17.317821563771354,17.798724253394873,3484.7404355322556,7.309187348541081,74,24.998108639693214,1.0
12.720000000049462,17.281500087457765,17.735369463519348,3459.97663008288,0.0,75,24.998182730730278,1.0
12.740000000049593,17.203413878448423,17.244572462400797,3271.1280735209107,0.0,75,24.998253922222915,1.0
12.760000000049724,17.258029498293407,17.441369019246203,3346.2148859207336,0.0,75,24.998322327469204,1.0
12.780000000049855,17.341134669956315,17.850960261821367,3505.2246049603814,0.0,75,24.998388055351366,1.0
12.800000000049986,17.24608813848156,17.553193549834482,3389.2606417774596,0.0,75,24.998451210507167,1.0
12.820000000050117,17.231912436086485,17.143372698979665,3232.8475024573345,0.0,75,24.998511893494413,1.0
12.840000000050248,17.318350725456348,17.621854172063472,3415.8271890761785,7.493742854159818,74,24.998570200949835,1.0
12.860000000050379,17.346577029646287,17.766212361404992,3472.0213183759347,0.0,75,24.998626225740924,1.0
12.88000000005051,17.236598687213128,17.29204433014512,3289.1627682727444,0.0,75,24.9986800571126,1.0
12.90000000005064,17.270965495797956,17.17299435181255,3244.029085081244,0.0,75,24.9987317808281,1.0
12.920000000050772,17.36689339850137,17.69346406446942,3443.645376607378,0.0,75,24.998781479304125,1.0
12.940000000050903,17.317369217864265,17.548046930470594,3387.273461813983,0.0,75,24.998829231741084,1.0
12.960000000051034,17.2548312169316,17.04065084197005,3194.2215922972796,0.0,75,24.998875114248143,1.0
12.980000000051165,17.316011248004557,17.296463861893393,3290.844283383625,0.0,75,24.99891919996354,1.0
13.000000000051296,17.388536750718277,17.63961258213113,3422.7152525244674,0.0,75,24.99896155917014,1.0
13.020000000051427,17.287946204735018,17.28041311620278,3284.7394521329643,0.0,75,24.999002259406577,1.0
13.040000000051558,17.289073659541224,16.9242691553767,3150.7397508799863,0.0,75,24.999041365574115,1.0
13.060000000051689,17.38016833141951,17.43449711577162,3343.578586478338,1.3007472868771213,75,24.999078940039343,1.0
13.08000000005182,17.385005858585167,17.498359905253416,3368.118593111584,0.0,75,24.999115042732807,1.0
13.100000000051951,17.28718917278352,17.009582052872894,3182.5846977475717,0.0,75,24.999149731244145,1.0
13.120000000052082,17.328933455868434,17.009584424639144,3182.585585288192,0.0,75,24.999183060912937,1.0
13.140000000052213,17.420134511635684,17.500500323743612,3368.942627394853,0.0,75,24.99921508491669,1.0
13.160000000052344,17.351233743867976,17.305097522139643,3294.1304027584,0.0,75,24.99924585435502,1.0
13.180000000052475,17.309037461646163,16.8448119606467,3121.224589885008,0.0,75,24.999275418330438,1.0
13.200000000052606,17.380341646115905,17.222647039949113,3262.8152816893476,2.5038440704334786,75,24.999303824026505,1.0
13.220000000052737,17.433485050431514,17.4988559997087,3368.3095742839528,0.0,75,24.999331116782606,1.0
13.240000000052868,17.32533425079639,17.116245381765157,3222.624415656768,0.0,75,24.999357340165705,1.0
13.260000000053,17.342381829944088,16.89197923969258,3138.728588976257,8.093177595464685,74,24.999382536039597,1.0
13.28000000005313,17.434370852347477,17.441491930214948,3346.2620482692846,7.557034529745751,74,24.99940674463135,1.0
13.300000000053261,17.408287678571714,17.431872507290475,3342.5719702147244,0.0,75,24.999430004595208,1.0
13.320000000053392,17.328569344906704,16.971494959869162,3168.348052901508,0.0,75,24.999452353073924,1.0
13.340000000053523,17.37736394894905,17.140507473698907,3231.766961015209,5.688162251038471,74,24.999473825757637,1.0
13.360000000053654,17.457314175609156,17.573174860803555,3396.9812215721586,0.0,75,24.99949445694068,1.0
13.380000000053785,17.368263484752344,17.336960325458303,3306.272126591668,0.0,75,24.999514279576132,1.0
13.400000000053916,17.351052609056374,16.96816050770549,3167.103181167819,0.0,75,24.999533325328095,1.0
13.420000000054047,17.432366464423072,17.456976035874025,3352.2061354878797,0.36080024230232033,75,24.99955162462193,1.0
13.440000000054178,17.45538471036335,17.635167279224447,3420.9903746285145,0.0,75,24.9995692066929,1.0
13.46000000005431,17.350869403581026,17.234883205522035,3267.4531901878404,0.0,75,24.999586099632353,1.0
13.48000000005444,17.382968010622758,17.173744514972228,3244.3125073209253,0.0,75,24.999602330432626,1.0
13.500000000054571,17.471596778155106,17.70062899881378,3446.434936490121,23.727657809255206,74,24.999617925029874,1.0
13.520000000054702,17.416743852444803,17.602393089397637,3408.286667210411,0.0,75,24.999632908345305,1.0
13.540000000054834,17.361436477586686,17.17256526735776,3243.8669764782835,0.0,75,24.99964730432487,1.0
13.560000000054965,17.422375558770796,17.49291398181846,3366.022435328298,4.374452061949128,75,24.999661135977423,1.0
13.580000000055096,17.483439037389697,17.819703397778834,3492.9601210329156,0.0,75,24.999674425411285,1.0
13.600000000055227,17.38217828142724,17.51174607469586,3373.2737564308845,0.0,75,24.999687193869384,1.0
13.620000000055358,17.38913051836459,17.246491782029178,3271.8562666636,0.0,75,24.99969946176321,1.0
13.640000000055489,17.476967900850127,17.770619684114507,3473.7441635318182,0.0,75,24.999711248705246,1.0
13.66000000005562,17.463621408018312,17.81326185323853,3490.4352763724723,0.0,75,24.999722573540136,1.0
13.68000000005575,17.379725107767264,17.37502122151328,3320.8049869284046,0.0,75,24.999733454374894,1.0
13.700000000055882,17.423086692105173,17.46456234802919,3355.1203180901875,4.392274789612237,75,24.99974390860746,1.0
13.720000000056013,17.504614963545997,17.899648151015153,3524.371443231542,0.0,75,24.999753952954798,1.0
13.740000000056144,17.426308269942822,17.68969931871238,3442.180081850985,0.0,75,24.999763603479128,1.0
13.760000000056275,17.401729110010663,17.287426586295762,3287.4062977422213,0.0,75,24.999772875613925,1.0
13.780000000056406,17.478814172879233,17.706658471424685,3448.7832964604313,6.9961042933711415,74,24.999781784188073,1.0
13.800000000056537,17.510396430099252,17.892363854917072,3521.503527484172,0.0,75,24.99979034344989,1.0
13.820000000056668,17.40976337842014,17.490845545094082,3365.2264567057127,0.0,75,24.999798567089673,1.0
13.840000000056799,17.436960133752432,17.354281537463873,3312.8819644971536,0.0,75,24.999806468261532,1.0
13.86000000005693,17.52563516185568,17.846665712898687,3503.5382477474895,0.0,75,24.999814059604468,1.0
13.880000000057061,17.479901795038106,17.74461856039081,3463.586366391426,0.0,75,24.999821353262288,1.0
13.900000000057192,17.423543339678133,17.287719964385463,3287.5178772371287,0.0,75,24.99982836090326,1.0
13.920000000057323,17.48199126645293,17.53487285136355,3382.1894250483506,1.5538133468396342,75,24.99983509373852,1.0
13.940000000057454,17.544370375553445,17.847310507213983,3503.791415750017,0.0,75,24.999841562540077,1.0
13.960000000057585,17.45103066907113,17.523450889037,3377.7846416654083,0.0,75,24.99984777765793,1.0
13.980000000057716,17.455793767268723,17.21630096954522,3260.4112098136,0.0,75,24.99985374903673,1.0
14.000000000057847,17.542559297591158,17.697277188808705,3445.1298188728183,0.0,75,24.99985948623137,1.0
14.020000000057978,17.532362567086665,17.72666657233688,3456.581785434864,0.0,75,24.999864998422446,1.0
14.040000000058109,17.452574530544528,17.275025600171734,3282.6916043524766,0.0,75,24.99987029443086,1.0
14.06000000005824,17.49412123441044,17.33420525891586,3305.2213915404886,0.0,75,24.99987538273199,1.0
14.080000000058371,17.574034964281406,17.747686981969423,3464.784325309636,0.0,75,24.999880271468996,1.0
14.100000000058502,17.49910766500987,17.528273556487672,3379.644112581715,0.0,75,24.999884968466027,1.0
14.120000000058633,17.477100620625915,17.127223910018596,3226.7597875030397,0.0,75,24.999889481240626,1.0
14.140000000058764,17.553845304800717,17.533767405815496,3381.7629938536165,0.0,75,24.999893817015767,1.0
14.160000000058895,17.579803395590993,17.702813890072985,3447.285815892171,0.0,75,24.999897982731344,1.0
14.180000000059026,17.484733310411873,17.306147431905185,3294.5301282832224,0.0,75,24.99990198505528,1.0
14.200000000059157,17.51254427915032,17.199413418937986,3254.0180415109844,0.0,75,24.999905830394297,1.0
14.220000000059288,17.59762321317011,17.677083372443466,3437.27204211949,0.0,75,24.999909524903835,1.0
14.24000000005942,17.54697017551695,17.571975051116855,3396.5173791678053,0.0,75,24.99991307449817,1.0
14.26000000005955,17.49811537732073,17.145173595771716,3233.526753920624,0.0,75,24.999916484859828,1.0
14.280000000059681,17.55886710427011,17.437670935300595,3344.7960441260984,4.173841119246857,75,24.9999197614486,1.0
14.300000000059812,17.611547383994786,17.726210425338703,3456.4038964772517,0.0,75,24.999922909510197,1.0
14.320000000059943,17.517551839833356,17.414762809914087,3336.013600981235,0.0,75,24.99992593408477,1.0
14.340000000060074,17.52775549434264,17.18109032726178,3247.088513168812,0.0,75,24.99992884001498,1.0
14.360000000060205,17.611824311880948,17.67287916724668,3435.6372386611188,0.0,75,24.999931631953523,1.0
14.380000000060337,17.587881895827113,17.684323197184863,3440.088156367397,0.0,75,24.999934314370748,1.0
14.400000000060468,17.51825947226819,17.27033868568262,3280.910581500043,0.0,75,24.999936891561802,1.0
14.420000000060599,17.56290502582376,17.42406139001336,3339.577068552497,0.0,75,24.99993936765348,1.0
14.44000000006073,17.632461823787743,17.801373221671156,3485.77777434954,0.0,75,24.999941746610723,1.0
14.46000000006086,17.550840071765034,17.58122512844431,3400.0942471874578,0.0,75,24.999944032243064,1.0
14.480000000060992,17.540600938435187,17.25773770956609,3276.124619373974,0.0,75,24.99994622821069,1.0
14.500000000061123,17.618917441732073,17.709611413014432,3449.9337003996816,4.439492971819824,75,24.99994833803019,1.0
14.520000000061254,17.623878871593725,17.827991809313264,3496.210211482349,0.0,75,24.99995036508048,1.0
14.540000000061385,17.539207318639054,17.44752079385411,3348.575800371687,0.0,75,24.999952312607892,1.0
14.560000000061516,17.572208291112,17.4517145451057,3350.185746202392,0.0,75,24.999954183731482,1.0
14.580000000061647,17.650159071042268,17.88853846776388,3519.997893639349,0.0,75,24.999955981447954,1.0
14.600000000061778,17.586282835164823,17.749260877612684,3465.398878717074,0.0,75,24.99995770863656,1.0
14.620000000061909,17.554457534016258,17.36996099453911,3318.8709944699112,0.0,75,24.99995936806368,1.0
14.64000000006204,17.622736240981123,17.7338970194463,3459.40213845959,4.406684934966731,75,24.999960962387185,1.0
14.66000000006217,17.655625468021007,17.94410942792387,3541.9016947743694,0.0,75,24.999962494160727,1.0
14.680000000062302,17.564016897930237,17.607725840229538,3410.3521019115565,0.0,75,24.999963965837793,1.0
14.700000000062433,17.585012755211668,17.470836792746436,3357.531520626608,0.0,75,24.99996537977577,1.0
14.720000000062564,17.666125876459414,17.931291890780113,3536.843517595923,0.0,75,24.99996673823949,1.0
14.740000000062695,17.623627144758398,17.867012033315202,3511.531308984933,0.0,75,24.999968043405094,1.0
14.760000000062826,17.572484768303973,17.45998864869589,3353.363239738483,0.0,75,24.999969297363215,1.0
14.780000000062957,17.627798074448435,17.70325598398594,3447.4579967798745,4.906343992336991,75,24.99997050212259,1.0
14.800000000063088,17.68080118030747,17.987928514130562,3559.221294524185,0.0,75,24.999971659613227,1.0
14.820000000063219,17.594153518047698,17.70228558670514,3447.0800649259545,0.0,75,24.99997277168933,1.0
14.84000000006335,17.600775485504908,17.448334700071765,3348.8882218630133,0.0,75,24.99997384013247,1.0
14.860000000063481,17.681332991873308,17.89573924984563,3522.8323162831193,0.0,75,24.999974866654366,1.0
14.880000000063612,17.660872906332237,17.90729119692304,3527.3818581253718,0.0,75,24.999975852899546,1.0
14.900000000063743,17.59532560254824,17.4980022690268,3367.9809174755364,0.0,75,24.99997680044807,1.0
14.920000000063874,17.637851206859843,17.610154764943896,3411.2930592980388,0.0,75,24.99997771081801,1.0
14.940000000064005,17.704178249400815,17.95525763623063,3546.3040446176024,0.0,75,24.999978585467883,1.0
14.960000000064136,17.62863588268877,17.7287435070966,3457.3918097446176,0.0,75,24.99997942579904,1.0
14.980000000064267,17.619686060315885,17.395946952553242,3328.808674136511,0.0,75,24.99998023315781,1.0
15.000000000064398,17.69607108448445,17.801927061962118,3485.9946783136115,0.0,75,24.999981008837825,1.0
15.02000000006453,17.697867723773104,17.892094630368113,3521.397552882522,0.0,75,24.99998175408185,1.0
15.04000000006466,17.621516697372737,17.504568569925933,3370.509129011627,0.0,75,24.999982470083967,1.0
15.060000000064791,17.653898984102764,17.49880270037219,3368.289055412084,0.0,75,24.99998315799143,1.0
15.080000000064922,17.727642123390932,17.890633325034738,3520.822368479279,0.0,75,24.999983818906475,1.0
15.100000000065053,17.66490990490106,17.729665810583665,3457.751547304773,0.0,75,24.999984453888125,1.0
15.120000000065184,17.6401083782182,17.356394017762266,3313.6885462979517,0.0,75,24.999985063953734,1.0
15.140000000065315,17.70924283775786,17.704401217185154,3447.904047049739,0.0,75,24.999985650080937,1.0
15.160000000065446,17.7315458146161,17.87074889208461,3513.000325603376,0.0,75,24.999986213208977,1.0
15.180000000065577,17.64842860976879,17.52406416214109,3378.0210723472146,0.0,75,24.99998675424017,1.0
15.200000000065709,17.671870040678794,17.423087802118303,3339.2038741635597,0.0,75,24.999987274041448,1.0
15.22000000006584,17.748077061786297,17.84434089598568,3502.6255221336173,0.0,75,24.999987773445838,1.0
15.24000000006597,17.699115673645412,17.751387506572623,3466.2293424935287,0.0,75,24.999988253253626,1.0
15.260000000066102,17.659749268849364,17.366407019208392,3317.513020324916,0.0,75,24.99998871423361,1.0
15.280000000066233,17.719493611953574,17.64850799182198,3426.1681777114472,0.0,75,24.9999891571246,1.0
15.300000000066364,17.758035071855225,17.88041511284013,3516.8016906822986,0.0,75,24.99998958263631,1.0
15.320000000066495,17.673918629332746,17.58495455290618,3401.536892905533,0.0,75,24.999989991450615,1.0
15.340000000066626,17.68779283312144,17.411275447918612,3334.677639956228,0.0,75,24.999990384222716,1.0
15.360000000066757,17.763924853952958,17.84267282777235,3501.9707100281835,0.0,75,24.999990761581987,1.0
15.380000000066888,17.728891871128447,17.814375953631888,3490.871896790719,0.0,75,24.999991124133253,1.0
15.400000000067019,17.677745509082033,17.43592262620758,3344.125376098072,0.0,75,24.999991472457538,1.0
15.42000000006715,17.727422811881734,17.646611993979363,3425.432063526619,0.0,75,24.99999180711301,1.0
15.44000000006728,17.777556529712665,17.92976902816273,3536.2427914358987,0.0,75,24.999992128636055,1.0
15.460000000067412,17.697813929444088,17.686406224348403,3440.8986164593694,0.0,75,24.99999243754198,1.0
15.480000000067543,17.70164068903663,17.45527760912164,3351.5538805265364,1.7626761422291009,75,24.999992734325797,1.0
15.500000000067674,17.77617692233983,17.878407771834517,3516.0121090159214,0.0,75,24.999993019463226,1.0
15.520000000067805,17.754937388819418,17.906394848816152,3527.028741298806,0.0,75,24.99999329341122,1.0
15.540000000067936,17.694985409354842,17.54166936906138,3384.811806788129,0.0,75,24.999993556608846,1.0
15.560000000068067,17.735425194754768,17.67416276371106,3436.136323379656,0.0,75,24.999993809477942,1.0
15.580000000068198,17.79382369146401,17.995256529891353,3562.1218333425713,0.0,75,24.99999405242378,1.0
15.600000000068329,17.7212678684869,17.797450629300563,3484.241737926301,0.0,75,24.99999428583578,1.0
15.62000000006846,17.71507970603633,17.518516211863144,3375.8825129184297,0.0,75,24.999994510087966,1.0
15.640000000068591,17.786882120977836,17.915098591596358,3530.4583330127957,0.0,75,24.999994725539878,1.0
15.660000000068722,17.779397988512695,17.99048702134714,3560.233855917859,0.0,75,24.999994932536776,1.0
15.680000000068853,17.713000722359883,17.641262321770103,3423.3554993605608,0.0,75,24.999995131410465,1.0
15.700000000068984,17.745790710183552,17.692322598425324,3443.2010681942656,0.0,75,24.999995322479677,1.0
15.720000000069115,17.809903292886933,18.039453199697835,3579.6405891849727,0.0,75,24.999995506050652,1.0
15.740000000069246,17.745705526260547,17.880243987726875,3516.7343756670734,0.0,75,24.999995682417612,1.0
15.760000000069377,17.72992610946438,17.56387319249726,3393.386056743364,0.0,75,24.999995851863332,1.0
15.780000000069508,17.79807727356755,17.920315086049026,3532.5146206160393,0.0,75,24.999996014659327,1.0
15.80000000006964,17.80400462062267,18.03657367000068,3578.4978872869806,0.0,75,24.99999617106662,1.0
15.82000000006977,17.73304335396787,17.70483055071708,3448.0712731256535,0.0,75,24.99999632133583,1.0
15.840000000069901,17.759607226705732,17.678975861481558,3438.0080626193235,0.0,75,24.999996465707852,1.0
15.860000000070032,17.827062014227288,18.04260217810279,3580.890426930075,0.0,75,24.999996604414147,1.0
15.880000000070163,17.771644831639623,17.918261945141097,3531.7052224816075,0.0,75,24.999996737676994,1.0
15.900000000070294,17.747005747795,17.57676724541926,3398.3702147960767,0.0,75,24.99999686571002,1.0
15.920000000070425,17.81058209481708,17.886397018881546,3519.155181487601,0.0,75,24.99999698871844,1.0
15.940000000070556,17.82853013727168,18.039297398457574,3579.5787569299805,0.0,75,24.999997106899457,1.0
15.960000000070687,17.75497271891492,17.72910496817528,3457.532792698352,0.0,75,24.99999722044253,1.0
15.980000000070818,17.775834057114274,17.638420791697456,3422.252768274836,0.0,75,24.999997329529613,1.0
16.000000000070948,17.844844904277423,18.010650666530914,3568.218911749915,0.0,75,24.999997434335604,1.0
16.02000000007019,17.797946867891334,17.920764723725224,3532.6918911142584,0.0,75,24.999997535028502,1.0
16.040000000069433,17.765582920995975,17.568432524809758,3395.148035166727,0.0,75,24.999997631769688,1.0
16.060000000068676,17.823847026625554,17.832076821269734,3497.812601356318,0.0,75,24.99999772471425,1.0
16.08000000006792,17.85159799595927,18.01801535530122,3571.1376507825757,0.0,75,24.999997814011177,1.0
16.100000000067162,17.777464068023686,17.735142251380342,3459.887977443658,0.0,75,24.999997899803653,1.0
16.120000000066405,17.792997503376053,17.59666207458302,3406.067677837752,0.0,75,24.9999979822292,1.0
16.140000000065648,17.86210267964614,17.97171500578936,3552.807942742459,0.0,75,24.999998061419895,1.0
16.16000000006489,17.82296302648539,17.916483520686086,3531.004199217177,0.0,75,24.999998137502697,1.0
16.180000000064133,17.784283962021902,17.566364651931696,3394.3488379309892,0.0,75,24.999998210599625,1.0
16.200000000063376,17.83701248906349,17.789537284309908,3481.144004688376,0.0,75,24.999998280827793,1.0
16.22000000006262,17.872126326904805,18.00405522788203,3565.606051134889,0.0,75,24.999998348299762,1.0
16.240000000061862,17.799044365445884,17.752152074203572,3466.527935922152,0.0,75,24.99999841312381,1.0
16.260000000061105,17.809438711784356,17.58076881301545,3399.9177526236635,0.0,75,24.999998475403785,1.0
16.280000000060348,17.877783814616567,17.954321227579214,3545.934158174118,0.0,75,24.99999853523952,1.0
16.30000000005959,17.845470600287825,17.93148685854642,3536.9204305404533,0.0,75,24.99999859272695,1.0
16.320000000058833,17.80188149680468,17.59171512934714,3404.1528531131116,0.0,75,24.999998647958222,1.0
16.340000000058076,17.849242713818747,17.779146296804306,3477.078473474873,0.0,75,24.99999870102189,1.0
16.36000000005732,17.889661500260658,18.016206188186366,3570.420539567692,0.0,75,24.999998752003016,1.0
16.38000000005656,17.818792186882717,17.794313435527048,3483.0134970595623,0.0,75,24.99999880098332,1.0
16.400000000055805,17.82444014824594,17.60048652339064,3407.5483844606106,0.0,75,24.999998848041344,1.0
16.420000000055047,17.891540761525896,17.967646362720476,3551.199473973606,0.0,75,24.999998893252574,1.0
16.44000000005429,17.865263117275596,17.97215550347878,3552.982107853449,0.0,75,24.999998936689376,1.0
16.460000000053533,17.818090419862568,17.64559595854051,3425.037624052673,0.0,75,24.999998978421445,1.0
16.480000000052776,17.860624835980705,17.799731430163618,3485.1348288455,0.0,75,24.999999018515677,1.0
16.50000000005202,17.904848554380372,18.052407300148662,3584.7835026350676,0.0,75,24.999999057036366,1.0
16.52000000005126,17.83697531000099,17.856033485075535,3507.217250021526,0.0,75,24.999999094045233,1.0
16.540000000050505,17.838420779871434,17.644963845385206,3424.7922401544615,0.0,75,24.99999912960163,1.0
16.560000000049747,17.904136772886357,18.00086225668985,3564.341461827533,0.0,75,24.999999163762553,1.0
16.58000000004899,17.883287370837063,18.026418951743363,3574.469582461495,0.0,75,24.999999196582774,1.0
16.600000000048233,17.83366963695605,17.71147412019823,3450.659470614968,0.0,75,24.999999228114905,1.0
16.620000000047476,17.872075985281043,17.832816760265377,3498.1028896572193,0.0,75,24.9999992584095,1.0
16.64000000004672,17.919134990924835,18.094766970801157,3601.626509003561,0.0,75,24.999999287515134,1.0
16.66000000004596,17.854570727056586,17.917678068356356,3531.4750609738417,0.0,75,24.99999931547847,1.0
16.680000000045204,17.85240108059028,17.690777367367104,3442.59964247923,0.0,75,24.99999934234432,1.0
16.700000000044447,17.916710859201487,18.031146145290183,3576.3445444409435,0.0,75,24.999999368155756,1.0
16.72000000004369,17.900698947233785,18.071939681019575,3592.545042178509,0.0,75,24.999999392954173,1.0
16.740000000042933,17.849563772876948,17.76565905323899,3471.805057555258,0.0,75,24.999999416779332,1.0
16.760000000042176,17.884525397844772,17.85493963173268,3506.787561781002,0.0,75,24.999999439669445,1.0
16.78000000004142,17.933587085577535,18.12146354929273,3612.261852851796,0.0,75,24.99999946166118,1.0
16.80000000004066,17.87242126836029,17.958717742993677,3547.670972697675,0.0,75,24.999999482789796,1.0
16.820000000039904,17.867254006216456,17.718206137334377,3453.28311597581,0.0,75,24.99999950308917,1.0
16.840000000039147,17.930161981603494,18.041124715674588,3580.303991071769,0.0,75,24.999999522591853,1.0
16.86000000003839,17.91829549716677,18.093365442345743,3601.0686033329825,0.0,75,24.999999541329107,1.0
16.880000000037633,17.86637452543631,17.794487355083685,3483.081582532565,0.0,75,24.99999955933096,1.0
16.900000000036876,17.898503876919495,17.855695533792456,3507.0844929504547,0.0,75,24.999999576626283,1.0
16.92000000003612,17.948793952289904,18.12394045154719,3613.2493924035134,0.0,75,24.999999593242848,1.0
16.94000000003536,17.890802527191646,17.973102492888543,3553.35654541864,0.0,75,24.999999609207237,1.0
16.960000000034604,17.883236063363334,17.723579430087227,3455.377945960722,0.0,75,24.999999624545048,1.0
16.980000000033847,17.944685650039478,18.02993864374006,3575.8655624673424,0.0,75,24.9999996392809,1.0
17.00000000003309,17.936057510202204,18.09142245590802,3600.295231259463,0.0,75,24.99999965343841,1.0
17.020000000032333,17.883872860857633,17.801064525493114,3485.6568806484634,0.0,75,24.99999966704026,1.0
17.040000000031576,17.913681055162215,17.8411996895217,3501.3924699752815,0.0,75,24.999999680108285,1.0
17.06000000003082,17.96443398612899,18.109343711899747,3607.431626432952,0.0,75,24.99999969266344,1.0
17.08000000003006,17.909113438194108,17.969782779434848,3552.0440245408054,0.0,75,24.999999704725816,1.0
17.100000000029304,17.899740139549685,17.7181861618394,3453.27532952157,0.0,75,24.999999716314772,1.0
17.120000000028547,17.959656697689073,18.010834607066467,3568.2917956741344,0.0,75,24.999999727448834,1.0
17.14000000002779,17.953237582764295,18.079922209380484,3595.7194580697465,0.0,75,24.99999973814596,1.0
17.160000000027033,17.90122423896806,17.800804858431306,3485.555189687467,0.0,75,24.999999748423264,1.0
17.180000000026276,17.929202527095324,17.828597141172004,3496.4476362442724,0.0,75,24.99999975829719,1.0
17.20000000002552,17.979748862731117,18.09523991056751,3601.8147816309483,0.0,75,24.999999767783613,1.0
17.22000000002476,17.926502444802185,17.966745889540235,3550.8435364524203,0.0,75,24.9999997768977,1.0
17.240000000024004,17.915925214726798,17.71979137731813,3453.901071012458,0.0,75,24.999999785654058,1.0
17.260000000023247,17.974310689932835,18.002207717981033,3564.8743099346943,0.0,75,24.999999794066767,1.0
17.28000000002249,17.969111423301896,18.076838772171396,3594.4930999458693,0.0,75,24.999999802149286,1.0
17.300000000021733,17.91764726385825,17.810465055884723,3489.339320575799,0.0,75,24.999999809914584,1.0
17.320000000020976,17.944276943416366,17.833229720388918,3498.264904861788,0.0,75,24.999999817375112,1.0
17.34000000002022,17.994089622575583,18.09668433962886,3602.3898249698536,0.0,75,24.999999824542833,1.0
17.36000000001946,17.9423742734163,17.97781425369121,3555.2198587424514,0.0,75,24.999999831429243,1.0
17.380000000018704,17.931177268042084,17.739308886437126,3461.5138774526995,0.0,75,24.99999983804537,1.0
17.400000000017947,17.988126675868145,18.013646024160956,3569.405873921468,0.0,75,24.99999984440183,1.0
17.42000000001719,17.98333846404691,18.090936662116427,3600.1018824397906,0.0,75,24.99999985050881,1.0
17.440000000016433,17.932793266007515,17.836564609146116,3499.573407618681,0.0,75,24.999999856376093,1.0
17.460000000015675,17.958557298368074,17.85833188491794,3508.1201948306443,0.0,75,24.999999862013095,1.0
17.48000000001492,18.007284894544433,18.116308211678334,3610.206855425762,0.0,75,24.99999986742886,1.0
17.50000000001416,17.95673718112351,18.004223919010954,3565.6728681847476,0.0,75,24.999999872632067,1.0
17.520000000013404,17.94548246824636,17.774922071283118,3475.426401042065,0.0,75,24.999999877631076,1.0
17.540000000012647,18.001189458186253,18.041563892116425,3580.478304406511,0.0,75,24.999999882433865,1.0
17.56000000001189,17.996241959557903,18.11808920883845,3610.916722373712,0.0,75,24.99999988704816,1.0
17.580000000011132,17.94698683693977,17.873266851533522,3513.9903474073976,0.0,75,24.99999989148133,1.0
17.600000000010375,17.972367360224883,17.895439533030945,3522.714316884035,0.0,75,24.999999895740515,1.0
17.620000000009618,18.019792419081043,18.145419937060876,3621.81891161515,0.0,75,24.99999989983253,1.0
17.64000000000886,17.970207259909955,18.036756236868346,3578.5703310303006,0.0,75,24.99999990376395,1.0
17.660000000008104,17.959395916374167,17.815267399221018,3491.2212775632197,0.0,75,24.999999907541063,1.0
17.680000000007347,18.014074972071644,18.07359881658518,3593.204716011561,0.0,75,24.999999911169915,1.0
17.70000000000659,18.00853944405582,18.145966657679484,3622.037165357771,0.0,75,24.999999914656375,1.0
17.720000000005832,17.960887363902803,17.907269983905433,3527.373501041285,0.0,75,24.99999991800599,1.0
17.740000000005075,17.986322459683112,17.93006904366674,3536.3611350172196,0.0,75,24.999999921224145,1.0
17.760000000004318,18.032221591307845,18.169707495753833,3631.520975293783,0.0,75,24.99999992431598,1.0
17.78000000000356,17.98342926188628,18.061041226340965,3588.2133119754676,0.0,75,24.999999927286474,1.0
17.800000000002804,17.973490195579476,17.84602731720037,3503.2876010688806,0.0,75,24.99999993014038,1.0
17.820000000002047,18.02729164653713,18.095910657302234,3602.08180768771,0.0,75,24.99999993288227,1.0
17.84000000000129,18.0207606001028,18.161404887308635,3628.2029022883376,0.0,75,24.99999993551656,1.0
17.860000000000532,17.974976842828948,17.926388260254612,3534.909356631338,0.0,75,24.99999993804744,1.0
17.879999999999775,18.000876604593945,17.951454113435624,3544.8017526546323,0.0,75,24.99999994047899,1.0
17.899999999999018,18.044953689609958,18.179461371279128,3635.4209732481304,0.0,75,24.99999994281511,1.0
17.91999999999826,17.996760147323105,18.068645743535956,3591.2355490594005,0.0,75,24.999999945059535,1.0
17.939999999997504,17.988060195357857,17.860800154173795,3509.0900036206813,0.0,75,24.999999947215876,1.0
17.959999999996747,18.04103667887924,18.103446989843196,3605.0827220546894,0.0,75,24.99999994928758,1.0
17.97999999999599,18.033063454166737,18.160453932938598,3627.822957554235,0.0,75,24.99999995127797,1.0
17.999999999995232,17.989328210325194,17.928749941511644,3535.8408191177914,0.0,75,24.999999953190244,1.0
18.019999999994475,18.016045471052283,17.95949467564895,3547.9779390512936,0.0,75,24.999999955027462,1.0
18.039999999993718,18.057877604208574,18.175268280358885,3633.744147693218,0.0,75,24.99999995679258,1.0
18.05999999999296,18.010030056785983,18.061754416566394,3588.496698647912,0.0,75,24.99999995848841,1.0
18.079999999992204,18.00286972699126,17.864017679269526,3510.3544040977963,0.0,75,24.999999960117684,1.0
18.099999999991446,18.054950067958735,18.101416573568816,3604.27410166859,0.0,75,24.999999961683006,1.0
18.11999999999069,18.045053044252576,18.149361032226395,3623.3923646590774,0.0,75,24.999999963186895,1.0
18.139999999989932,18.003516780440727,17.9223809268315,3533.329118950989,0.0,75,24.99999996463175,1.0
18.159999999989175,18.031359102554983,17.96327940623685,3549.4734772918623,0.0,75,24.99999996601992,1.0
18.179999999988418,18.070436139443167,18.16678374242976,3630.352346986313,0.0,75,24.9999999673536,1.0
18.19999999998766,18.02272335981342,18.051071603884758,3584.2530465343207,0.0,75,24.999999968634924,1.0
18.219999999986904,18.01737224036256,17.867328200538502,3511.655587283343,0.0,75,24.999999969865964,1.0
18.239999999986146,18.068424511280043,18.101321817072538,3604.236366777489,0.0,75,24.999999971048684,1.0
18.25999999998539,18.05618344772374,18.14024894817181,3619.7549509181326,0.0,75,24.999999972184973,1.0
18.279999999984632,18.017020606058463,17.91970524529938,3532.274196862511,0.0,75,24.999999973276676,1.0
18.299999999983875,18.046259813872208,17.974621703402804,3553.9572791848304,0.0,75,24.999999974325533,1.0
18.319999999983118,18.082063326974538,18.165537391609245,3629.8542359854896,0.0,75,24.999999975333225,1.0
18.33999999998236,18.034401968723984,18.04783680036232,3582.968544897636,0.0,75,24.999999976301364,1.0
18.359999999981603,18.031094645698577,17.88118469801666,3517.104428250437,0.0,75,24.999999977231504,1.0
18.379999999980846,18.080969012819423,18.11233089422856,3608.6218346422897,0.0,75,24.999999978125135,1.0
18.39999999998009,18.06609590681286,18.141786508606046,3620.3685949622436,0.0,75,24.999999978983702,1.0
18.419999999979332,18.029520720594483,17.928401292765592,3535.7033020588283,0.0,75,24.999999979808567,1.0
18.439999999978575,18.06038729095422,17.99911612636424,3563.649994633797,0.0,75,24.999999980601064,1.0
18.459999999977818,18.092414061787792,18.17638060012671,3634.188928927288,0.0,75,24.99999998136245,1.0
18.47999999997706,18.044946466588254,18.0560201652716,3586.2185062956414,0.0,75,24.999999982093968,1.0
18.499999999976303,18.04387763589372,17.90783221629628,3527.595001557209,0.0,75,24.999999982796744,1.0
18.519999999975546,18.09244551461341,18.135080524942236,3617.6926021075305,0.0,75,24.999999983471955,1.0
18.53999999997479,18.074825840523257,18.15402478787926,3625.25477598828,0.0,75,24.99999998412065,1.0
18.559999999974032,18.041101460000935,17.947276373861683,3543.152021637512,0.0,75,24.99999998474389,1.0
18.579999999973275,18.07377232017595,18.033435801005115,3577.2528746787034,1.6756075805913384,75,24.999999985342686,1.0
18.599999999972518,18.1014792436424,18.195570483786494,3641.866637534865,0.0,75,24.999999985917963,1.0
18.61999999997176,18.054657779742143,18.07109331621097,3592.2085500752523,0.0,75,24.999999986470655,1.0
18.639999999971003,18.05598099701639,17.941348591350284,3540.811882039815,0.0,75,24.999999987001665,1.0
18.659999999970246,18.103140297487553,18.162744970214767,3628.73835338368,0.0,75,24.99999998751185,1.0
18.67999999996949,18.082801974271543,18.169990612800152,3631.6341475617023,0.0,75,24.999999988001992,1.0
18.699999999968732,18.0521979848751,17.968629732672202,3551.5881991685865,0.0,75,24.999999988472887,1.0
18.719999999967975,18.086684678845977,18.068624214311196,3591.2269909779216,0.0,75,24.999999988925325,1.0
18.739999999967218,18.10969924240133,18.21431348086486,3649.373371371369,0.0,75,24.999999989359978,1.0
18.75999999996646,18.06404037255608,18.08418524145055,3597.4153143180774,0.0,75,24.999999989777606,1.0
18.779999999965703,18.067849409350607,17.9724382046243,3553.0938852094305,0.0,75,24.99999999017882,1.0
18.799999999964946,18.113472884486974,18.185971546939758,3638.0251721671266,0.0,75,24.999999990564287,1.0
18.81999999996419,18.09050333314937,18.180697240787083,3635.9152737727936,0.0,75,24.99999999093463,1.0
18.83999999996343,18.06325803948499,17.983977319306952,3557.657842434816,0.0,75,24.999999991290434,1.0
18.859999999962675,18.099434185881783,18.09618669514161,3602.191701959623,0.0,75,24.99999999163228,1.0
18.879999999961917,18.11748895372291,18.224712324040496,3653.541532234369,0.0,75,24.99999999196069,1.0
18.89999999996116,18.07347695835799,18.08820632140172,3599.015287181569,0.0,75,24.999999992276216,1.0
18.919999999960403,18.079827823412742,17.994936102971845,3561.994978850435,0.0,75,24.999999992579372,1.0
18.939999999959646,18.12372681452669,18.199183948801128,3643.313260425307,0.0,75,24.999999992870624,1.0
18.95999999995889,18.098214786173664,18.181271520358937,3636.144975067165,0.0,75,24.999999993150457,1.0
18.97999999995813,18.074517846254203,17.989961979158846,3560.026052127389,0.0,75,24.999999993419287,1.0
18.999999999957375,18.11212500524334,18.1134185014779,3609.0552279065,0.0,75,24.999999993677594,1.0
19.019999999956617,18.125037951103597,18.2247196148031,3653.544455420077,0.0,75,24.999999993925705,1.0
19.03999999995586,18.083055485828037,18.082212365817668,3596.6304444678235,0.0,75,24.99999999416415,1.0
19.059999999955103,18.09210909095849,18.009204750342523,3567.6460131373565,0.0,75,24.999999994393185,1.0
19.079999999954346,18.13388206183278,18.203273049521396,3644.9506468697523,0.0,75,24.99999999461325,1.0
19.09999999995359,18.10588719442955,18.173166316522146,3632.9037136477255,0.0,75,24.999999994824666,1.0
19.11999999995283,18.08587308068252,17.98957118322804,3559.871384920716,0.0,75,24.99999999502777,1.0
19.139999999952074,18.12452288504836,18.12372438067187,3613.1632396921596,0.0,75,24.999999995222943,1.0
19.159999999951317,18.132218845825133,18.218246150016352,3650.949420608442,0.0,75,24.99999999541046,1.0
19.17999999995056,18.092553763778714,18.071011904064356,3592.176183605192,0.0,75,24.99999999559058,1.0
19.199999999949803,18.10446422013924,18.020789687529973,3572.237470584053,3.4629956975280716,75,24.99999999576367,1.0
19.219999999949046,18.143664376181494,18.203996044299036,3645.2401917894044,0.0,75,24.9999999959299,1.0
19.23999999994829,18.113253294713665,18.162383462541328,3628.593903444342,0.0,75,24.999999996089635,1.0
19.25999999994753,18.097017771901637,17.989771766582066,3559.9507703508457,0.0,75,24.999999996243133,1.0
19.279999999946774,18.136243554073815,18.133918394414916,3617.2289596882965,0.0,75,24.999999996390596,1.0
19.299999999946017,18.138795094359548,18.212127531951946,3648.497481640903,0.0,75,24.999999996532235,1.0
19.31999999994526,18.101669445770522,18.06181990905203,3588.522722697311,0.0,75,24.999999996668336,1.0
19.339999999944503,18.11656591435926,18.036482863646356,3578.461854996695,3.8224469475839875,75,24.999999996799104,1.0
19.359999999943746,18.1525820632822,18.207869695097916,3646.791707170316,0.0,75,24.99999999692476,1.0
19.37999999994299,18.120068886575652,18.155277040900124,3625.754928750187,0.0,75,24.99999999704548,1.0
19.39999999994223,18.107668515402302,17.996852765350727,3562.7538040348336,0.0,75,24.999999997161385,1.0
19.419999999941474,18.14697103293361,18.149245119569063,3623.346082512216,0.0,75,24.999999997272877,1.0
19.439999999940717,18.144602022976,18.211335011002642,3648.179951712677,0.0,75,24.999999997379835,1.0
19.45999999993996,18.110210719374795,18.059362433978283,3587.546286739646,0.0,75,24.999999997482696,1.0
19.479999999939203,18.128263512488505,18.05963105558598,3587.6530125027416,1.6040382302056784,75,24.999999997581565,1.0
19.499999999938446,18.160339877406223,18.21767485608658,3650.720448782982,0.0,75,24.99999999767645,1.0
19.51999999993769,18.12626283934009,18.154277126636835,3625.355557898023,0.0,75,24.99999999776763,1.0
19.53999999993693,18.11771884228666,18.012561603758208,3568.976130821029,0.0,75,24.99999999785526,1.0
19.559999999936174,18.156605637167953,18.170240066653584,3631.7338648780556,0.0,75,24.99999999793948,1.0
19.579999999935417,18.149641499305666,18.21620337801899,3650.130720602854,0.0,75,24.99999999802033,1.0
19.59999999993466,18.11822483265011,18.06363201622885,3589.2428177950082,0.0,75,24.999999998097966,1.0
19.619999999933903,18.139580510840407,18.08861194878932,3599.1767045727215,0.0,75,24.999999998172626,1.0
19.639999999933146,18.166963017231016,18.231549944668846,3656.2835472345005,0.0,75,24.99999999824443,1.0
19.65999999993239,18.132003159215717,18.157316532971485,3626.5695804637157,0.0,75,24.999999998313232,1.0
19.67999999993163,18.1272939607775,18.034062004185415,3577.501316078845,0.0,75,24.999999998379568,1.0
19.699999999930874,18.16530278115045,18.19334144609687,3640.9744027169277,0.0,75,24.999999998443037,1.0
19.719999999930117,18.154113755056738,18.223160147068725,3652.919223202852,0.0,75,24.99999999850419,1.0
19.73999999992936,18.125964228570254,18.070929550885808,3592.1434431638572,0.0,75,24.99999999856295,1.0
19.759999999928603,18.150433262309743,18.118365929960277,3611.0270236913984,0.0,75,24.999999998619256,1.0
19.779999999927846,18.17246647748824,18.244610046542896,3661.5237532545534,0.0,75,24.99999999867344,1.0
19.79999999992709,18.13757600325556,18.15972312867136,3627.5309852100168,0.0,75,24.999999998725553,1.0
19.81999999992633,18.13662709195862,18.056255888793046,3586.3121439373094,0.0,75,24.999999998775642,1.0
19.839999999925574,18.173330683157463,18.21341757441405,3649.0143771397197,0.0,75,24.999999998823764,1.0
19.859999999924817,18.158292421656387,18.22724785369534,3654.5582075204547,0.0,75,24.99999999886993,1.0
19.87999999992406,18.13370166099502,18.076705189438997,3594.4399755647983,0.0,75,24.999999998914294,1.0
19.899999999923303,18.16085633713726,18.143725699886275,3621.142604999851,0.0,75,24.999999998956927,1.0
19.919999999922545,18.1771833650595,18.252345555685714,3664.6293011257603,0.0,75,24.99999999899781,1.0
19.93999999992179,18.143213686384588,18.157427092308783,3626.613744737599,0.0,75,24.999999999037072,1.0
19.95999999992103,18.145893854152952,18.075218007999442,3593.8485664037803,0.0,75,24.9999999990748,1.0
19.979999999920274,18.180908783941113,18.227029195555076,3654.470526251788,0.0,75,24.999999999111083,1.0
19.999999999919517,18.162384506718684,18.225383981998984,3653.8108342043565,0.0,75,24.999999999146034,1.0
20.01999999991876,18.14159111183705,18.07878102099029,3595.2655552541064,0.0,75,24.999999999179767,1.0
20.039999999918003,18.170830725080908,18.16247027152195,3628.6285900031053,0.0,75,24.99999999921174,1.0
20.059999999917245,18.181419079135384,18.253309225940903,3665.016274676012,0.0,75,24.99999999924261,1.0
20.079999999916488,18.14899351669055,18.149591861169903,3623.484531997492,0.0,75,24.99999999927254,1.0
20.09999999991573,18.155271484145842,18.090301062743222,3599.848917947574,0.0,75,24.99999999930096,1.0
20.119999999914974,18.188054228708527,18.234185812765375,3657.3408547989948,0.0,75,24.999999999328335,1.0
20.139999999914217,18.166436335438288,18.21793117805417,3650.8231804914994,0.0,75,24.99999999935498,1.0
20.15999999991346,18.149597680214942,18.078438189409344,3595.129201051236,0.0,75,24.99999999937998,1.0
20.179999999912702,18.18018999725915,18.17589729104748,3633.9956656817785,0.0,75,24.9999999994046,1.0
20.199999999911945,18.18528187353284,18.2494441069978,3663.4643123588035,0.0,75,24.999999999427693,1.0
20.219999999911188,18.15482332361638,18.138744967770403,3619.154759063977,0.0,75,24.9999999994504,1.0
20.23999999991043,18.164735328771105,18.103833116686225,3605.2365086850737,0.0,75,24.999999999471715,1.0
20.259999999909674,18.194430603436878,18.237730154049558,3658.7628128912133,0.0,75,24.99999999949279,1.0
20.279999999908917,18.170354048495337,18.207946774948038,3646.8225833527476,0.0,75,24.99999999951233,1.0
20.29999999990816,18.157549280686926,18.079284096602667,3595.465647902371,0.0,75,24.99999999953187,1.0
20.319999999907402,18.18871173186097,18.187388519428143,3638.592112722893,0.0,75,24.999999999549875,1.0
20.339999999906645,18.18872746164704,18.244455567819017,3661.461748627346,0.0,75,24.99999999956764,1.0
20.359999999905888,18.160542101931664,18.128979906353496,3615.259036894657,0.0,75,24.999999999584755,1.0
20.37999999990513,18.17404650077495,18.119067435320048,3611.3066519824297,0.0,75,24.999999999600742,1.0
20.399999999904374,18.199839499596305,18.24129592656975,3660.1936478875923,0.0,75,24.99999999961673,1.0
20.419999999903617,18.17401917578261,18.199058258700244,3643.262936539221,0.0,75,24.999999999631672,1.0
20.43999999990286,18.165257669342996,18.084881703813263,3597.6924086501167,0.0,75,24.999999999645883,1.0
20.459999999902102,18.196240422396947,18.200001097917877,3643.6404396063313,0.0,75,24.999999999660094,1.0
20.479999999901345,18.191642809134112,18.241389012403264,3660.231004120092,0.0,75,24.999999999673484,1.0
20.499999999900588,18.166030990579358,18.12347803797577,3613.0650181228903,0.0,75,24.99999999968592,1.0
20.51999999989983,18.182877528365278,18.13770551109391,3618.73997327883,0.0,75,24.999999999698353,1.0
20.539999999899074,18.204096818715765,18.246738656759394,3662.378187688854,0.0,75,24.999999999710788,1.0
20.559999999898317,18.17737761362617,18.19315412416453,3640.8994268416527,0.0,75,24.999999999721645,1.0
20.57999999989756,18.17260954224403,18.096585241647944,3602.350371490532,0.0,75,24.999999999732303,1.0
20.599999999896802,18.202752862099523,18.214627693877862,3649.499282292406,0.0,75,24.99999999974296,1.0
20.619999999896045,18.194005620194027,18.241002107634223,3660.075736797878,0.0,75,24.99999999975362,1.0
20.639999999895288,18.17130129915475,18.12305290882192,3612.895514095545,0.0,75,24.999999999763002,1.0
20.65999999989453,18.191095921335414,18.15911939894016,3627.289790794613,0.0,75,24.999999999771884,1.0
20.679999999893774,18.20717449794862,18.2536747188258,3665.1630481477014,0.0,75,24.999999999780766,1.0
20.699999999893016,18.180501532043763,18.189784588980256,3639.55089732854,0.0,75,24.999999999789647,1.0
20.71999999989226,18.179617214024137,18.11307577941249,3608.9186560981334,0.0,75,24.99999999979853,1.0
20.739999999891502,18.208366993738252,18.229739453251796,3655.557405867896,0.0,75,24.999999999806153,1.0
20.759999999890745,18.195935278420443,18.241674629268033,3660.3456260808916,0.0,75,24.99999999981326,1.0
20.779999999889988,18.176467742209958,18.126156359357203,3614.1329880025214,0.0,75,24.999999999820364,1.0
20.79999999988923,18.198601687349544,18.18051410912573,3635.8420259933177,0.0,75,24.99999999982747,1.0
20.819999999888473,18.209429761789576,18.25988509187538,3667.6574392534203,0.0,75,24.999999999834575,1.0
20.839999999887716,18.183534461820656,18.18679705034638,3638.3554564553665,0.0,75,24.99999999984168,1.0
20.85999999988696,18.186366958359812,18.131320623107214,3616.192662917043,0.0,75,24.999999999848008,1.0
20.879999999886202,18.21309367209753,18.242693067817907,3660.7543540327265,0.0,75,24.999999999853337,1.0
20.899999999885445,18.197635764265172,18.24084295920454,3660.01187048598,0.0,75,24.999999999858666,1.0
20.919999999884688,18.181668644141464,18.130470990039,3615.8537615271034,0.0,75,24.999999999863995,1.0
20.93999999988393,18.205381959456744,18.198884587073756,3643.193402349938,0.0,75,24.999999999869324,1.0
20.959999999883173,18.211221340329214,18.263084395302986,3668.9427679295536,0.0,75,24.999999999874653,1.0
20.979999999882416,18.186624851702124,18.182174056103804,3636.505987470997,0.0,75,24.999999999879982,1.0
20.99999999988166,18.19310797647108,18.148446971698267,3623.027402329984,0.0,75,24.99999999988531,1.0
21.019999999880902,18.21701722829637,18.251454164275945,3664.2713702173232,0.0,75,24.999999999890523,1.0
21.039999999880145,18.199275333152894,18.236604819321297,3658.31130869702,0.0,75,24.999999999894076,1.0
21.059999999879388,18.186975697845643,18.134428931367363,3617.43263933495,0.0,75,24.99999999989763,1.0
21.07999999987863,18.211446349930203,18.2125546788304,3648.6686272232587,0.0,75,24.99999999990118,1.0
21.099999999877873,18.21276101999076,18.262168999554433,3668.5749822511566,0.0,75,24.999999999904734,1.0
21.119999999877116,18.189848233251077,18.17532168499724,3633.76550188444,0.0,75,24.999999999908287,1.0
21.13999999987636,18.19981218560431,18.162980964592013,3628.83265272145,0.0,75,24.99999999991184,1.0
21.159999999875602,18.220220247343075,18.255595973378906,3665.934627775729,0.0,75,24.999999999915392,1.0
21.179999999874845,18.200923049580314,18.22885382289442,3655.2022286609767,0.0,75,24.999999999918945,1.0
21.199999999874088,18.192359100218557,18.13819718159555,3618.9361669828486,0.0,75,24.999999999922498,1.0
21.21999999987333,18.21679105004334,18.22182868108454,3652.3854453107456,0.0,75,24.99999999992605,1.0
21.239999999872573,18.214070914140166,18.257856318329388,3666.842490748364,0.0,75,24.999999999929603,1.0
21.259999999871816,18.193187717253288,18.16749454506419,3630.636438494308,0.0,75,24.999999999933156,1.0
21.27999999987106,18.206187606747555,18.175187844046057,3633.7119848299553,0.0,75,24.99999999993586,1.0
21.299999999870302,18.222599174195977,18.256396762452603,3666.2562502289884,0.0,75,24.999999999937636,1.0
21.319999999869545,18.202544715621123,18.219120170720647,3651.299737746759,0.0,75,24.999999999939412,1.0
21.339999999868787,18.19769455651065,18.143207739465506,3620.935857851411,0.0,75,24.99999999994119,1.0
21.35999999986803,18.221344390902093,18.228450764798932,3655.0405901316863,0.0,75,24.999999999942965,1.0
21.379999999867273,18.215079431956283,18.25199893498508,3664.490116349662,0.0,75,24.99999999994474,1.0
21.399999999866516,18.19656329519952,18.161010188491193,3628.0452017312905,0.0,75,24.999999999946517,1.0
21.41999999986576,18.212049283776217,18.18638619560651,3638.1910714132173,0.0,75,24.999999999948294,1.0
21.439999999865,18.224169200363672,18.255959096659925,3666.0804679281227,0.0,75,24.99999999995007,1.0
21.459999999864245,18.204066011727907,18.209615218478906,3647.4909504556445,0.0,75,24.999999999951847,1.0
21.479999999863487,18.202825232503262,18.150990664142984,3624.0430829878637,0.0,75,24.999999999953623,1.0
21.49999999986273,18.22492952664219,18.234377202503808,3657.4176315950963,0.0,75,24.9999999999554,1.0
21.519999999861973,18.21572720704926,18.246449853161288,3662.2622546832254,0.0,75,24.999999999957176,1.0
21.539999999861216,18.199891968901568,18.157955603999522,3626.8248688849944,0.0,75,24.999999999958952,1.0
21.55999999986046,18.217199628337656,18.197729633300664,3642.7310018738,0.0,75,24.99999999996073,1.0
21.5799999998597,18.225054898869253,18.255905977728148,3666.0591337441533,0.0,75,24.999999999962505,1.0
21.599999999858944,18.205438010641355,18.201992622136476,3644.437889579418,0.0,75,24.99999999996428,1.0
21.619999999858187,18.207619528960002,18.162022947458734,3628.449852984194,0.0,75,24.999999999966057,1.0
21.63999999985743,18.227526520505684,18.24060579915123,3659.9166991203238,0.0,75,24.999999999967834,1.0
21.659999999856673,18.21602798259691,18.242058050905662,3660.4995012587333,0.0,75,24.99999999996961,1.0
21.679999999855916,18.203134950839377,18.159168946923504,3627.30958527202,0.0,75,24.999999999971386,1.0
21.69999999985516,18.22151277171954,18.20938735223221,3647.3996651799775,0.0,75,24.999999999973163,1.0
21.7199999998544,18.22540432539233,18.25666427465426,3666.3636948118083,0.0,75,24.99999999997494,1.0
21.739999999853644,18.206690120299108,18.196746325353022,3642.3373451217353,0.0,75,24.999999999976716,1.0
21.759999999852887,18.212058192788067,18.17525535394154,3633.7389789907875,0.0,75,24.999999999978492,1.0
21.77999999985213,18.229221978950495,18.246827617860447,3662.4138992750622,0.0,75,24.99999999997928,1.0
21.799999999851373,18.216066773148125,18.238415411514982,3659.0377639528597,0.0,75,24.99999999997928,1.0
21.819999999850616,18.206293119243263,18.163976059108073,3629.2302890343635,0.0,75,24.99999999997928,1.0
21.83999999984986,18.224949609828705,18.220369549731455,3651.8005318165933,0.0,75,24.99999999997928,1.0
21.8599999998491,18.225347454742614,18.25734659914708,3666.637753255262,0.0,75,24.99999999997928,1.0
21.879999999848344,18.207903258730596,18.19319591443423,3640.91615339085,0.0,75,24.99999999997928,1.0
21.899999999847587,18.216046983354605,18.188571887542423,3639.065620391284,0.0,75,24.99999999997928,1.0
21.91999999984683,18.230103460928778,18.251878997937936,3664.4419565090475,0.0,75,24.99999999997928,1.0
21.939999999846073,18.215959894686357,18.234336560947924,3657.4013279971437,0.0,75,24.99999999997928,1.0
21.959999999845316,18.209391099405476,18.170799828511615,3631.9576304862153,0.0,75,24.99999999997928,1.0
21.97999999984456,18.227551549455082,18.229319936788404,3655.389158935703,0.0,75,24.99999999997928,1.0
21.9999999998438,18.225001608857095,18.256660416756734,3666.3621453004935,0.0,75,24.99999999997928,1.0
22.019999999843044,18.209179184009898,18.1903793773386,3639.7889208065603,0.0,75,24.99999999997928,1.0
22.039999999842287,18.219590474746536,18.200015178257708,3643.64607737692,0.0,75,24.99999999997928,1.0
22.05999999984153,18.23032793952161,18.254666540388598,3665.561355508614,0.0,75,24.99999999997928,1.0
22.079999999840773,18.215813529903564,18.22882640031907,3655.191231262664,0.0,75,24.99999999997928,1.0
22.099999999840016,18.21243084131699,18.178039758306113,3634.852424000135,0.0,75,24.99999999997928,1.0
22.11999999983926,18.22938759231486,18.235274015134188,3657.777402477309,0.0,75,24.99999999997928,1.0
22.1399999998385,18.22445056371804,18.253657408015577,3665.1560964612218,0.0,75,24.99999999998037,1.0
22.159999999837744,18.210572775114514,18.187714960983296,3638.7227305217316,0.0,75,24.999999999981423,1.0
22.179999999836987,18.222642340478373,18.208449620580645,3647.0240134374576,0.0,75,24.999999999981423,1.0
22.19999999983623,18.2301144385496,18.25475625256491,3665.5973842461344,0.0,75,24.999999999981423,1.0
22.219999999835473,18.21568429141851,18.221706455452026,3652.3364476352817,0.0,75,24.999999999981423,1.0
22.239999999834716,18.215362213862285,18.184718797833956,3637.523975319252,0.0,75,24.999999999981423,1.0
22.25999999983396,18.230522528203082,18.238238196083064,3658.966657467695,0.0,75,24.999999999981423,1.0
22.2799999998332,18.22374097287571,18.24835798708571,3663.0282614731836,0.0,75,24.999999999981423,1.0
22.299999999832444,18.21207897984661,18.185501334643167,3637.8370467153923,0.0,75,24.99999999998172,1.0
22.319999999831687,18.225117639230454,18.21399325768898,3649.2450543025357,0.0,75,24.999999999982382,1.0
22.33999999983093,18.22958864779445,18.25268249405311,3664.7646005158417,0.0,75,24.999999999982382,1.0
22.359999999830173,18.215581654338777,18.21384152345496,3649.184253456853,0.0,75,24.999999999982382,1.0
22.379999999829415,18.217993511679943,18.190600544094966,3639.877429703109,0.0,75,24.999999999982382,1.0
22.39999999982866,18.23099962069313,18.239087121967515,3659.307289469934,0.0,75,24.999999999982382,1.0
22.4199999998279,18.222871784242145,18.241607775686923,3660.3187966620176,0.0,75,24.999999999982954,1.0
22.439999999827144,18.213627499956505,18.184572521520998,3637.4654556950222,0.0,75,24.999999999982954,1.0
22.459999999826387,18.226910054122037,18.217560976391837,3650.6748072141017,0.0,75,24.999999999982954,1.0
22.47999999982563,18.228773535978014,18.249463330223122,3663.4720302527426,0.0,75,24.999999999982954,1.0
22.499999999824873,18.215480930204187,18.206610350258348,3646.287264907478,0.0,75,24.999999999983334,1.0
22.519999999824115,18.220151992193937,18.195988947516152,3642.0341515594296,0.0,75,24.999999999983334,1.0
22.539999999823358,18.230802368721147,18.239047870280935,3659.2915393583944,0.0,75,24.999999999983334,1.0
22.5599999998226,18.221827905831404,18.234619144458655,3657.5146887780393,0.0,75,24.9999999999836,1.0
22.579999999821844,18.21512139244512,18.185763270436766,3637.941843012036,0.0,75,24.9999999999836,1.0
22.599999999821087,18.227948800585814,18.220294357747388,3651.7703913125742,0.0,75,24.9999999999836,1.0
22.61999999982033,18.227653547156002,18.246111635714353,3662.1264880524577,0.0,75,24.99999999998381,1.0
22.639999999819572,18.215360288558422,18.201282271633108,3644.153439648322,0.0,75,24.99999999998381,1.0
22.659999999818815,18.22180986034784,18.201232982230486,3644.1337028077833,0.0,75,24.99999999998397,1.0
22.679999999818058,18.230020877211558,18.239052747930877,3659.293496559854,0.0,75,24.99999999998397,1.0
22.6999999998173,18.22060922176038,18.22833444482705,3654.9939429571505,0.0,75,24.99999999998411,1.0
22.719999999816544,18.21646226523522,18.18923118260666,3639.3294411574157,0.0,75,24.99999999998411,1.0
22.739999999815787,18.228227782650084,18.222874768037794,3652.804812927473,0.0,75,24.99999999998424,1.0
22.75999999981503,18.22623025032146,18.243082308468942,3660.9105732492976,0.0,75,24.99999999998424,1.0
22.779999999814272,18.21521710186203,18.198424881459626,3643.009349827417,0.0,75,24.999999999984354,1.0
22.799999999813515,18.22289238853182,18.20625964268206,3646.1467919442885,0.0,75,24.999999999984453,1.0
22.819999999812758,18.22879787390113,18.23932410938637,3659.4023836396723,0.0,75,24.999999999984453,1.0
22.839999999812,18.21925182516004,18.223079801518004,3652.8870119774283,0.0,75,24.999999999984546,1.0
22.859999999811244,18.217561928638506,18.194211376092742,3641.3226035773678,0.0,75,24.999999999984546,1.0
22.879999999810487,18.227819065043747,18.22532177429549,3653.7858915427028,0.0,75,24.99999999998463,1.0
22.89999999980973,18.224548978432612,18.24018965884534,3659.7497066971328,0.0,75,24.99999999998469,1.0
22.919999999808972,18.215070913174905,18.197797842315396,3642.7583094075676,0.0,75,24.999999999984716,1.0
22.939999999808215,18.2233750220561,18.210582077272047,3647.878295523681,0.0,75,24.999999999984794,1.0
22.959999999807458,18.227266386633133,18.23944875357238,3659.452399176123,0.0,75,24.999999999984794,1.0
22.9799999998067,18.21782561248008,18.21864403558575,3651.108895449227,0.0,75,24.99999999998486,1.0
22.999999999805944,18.21824798926185,18.199321565596314,3643.3683599277697,0.0,75,24.999999999984915,1.0
23.019999999805187,18.226820441149155,18.227164700628844,3654.524863262352,0.0,75,24.999999999984915,1.0
23.03999999980443,18.222682854636858,18.23686130504184,3658.414212852657,0.0,75,24.999999999984958,1.0
23.059999999803672,18.21494010563183,18.198587903610488,3643.0746185398175,0.0,75,24.999999999984993,1.0
23.079999999802915,18.223275584113207,18.213557187255464,3649.0703195476767,0.0,75,24.999999999985036,1.0
23.099999999802158,18.225523290468736,18.238738638581232,3659.167458391236,0.0,75,24.999999999985096,1.0
23.1199999998014,18.21640820617076,18.214604505233368,3649.4899901027443,0.0,75,24.999999999985096,1.0
23.139999999800644,18.218511811491865,18.203292053309276,3644.958257358799,0.0,75,24.999999999985157,1.0
23.159999999799886,18.225382582914076,18.22785774939589,3654.8027794543304,0.0,75,24.999999999985157,1.0
23.17999999979913,18.220703883054124,18.23258693327492,3656.699489073701,0.0,75,24.999999999985203,1.0
23.199999999798372,18.214815377264237,18.19985467099228,3643.5818104976347,0.0,75,24.99999999998522,1.0
23.219999999797615,18.222639372174534,18.214774366465917,3649.5580574339024,0.0,75,24.99999999998522,1.0
23.239999999796858,18.223624322838088,18.236675335189258,3658.339600092103,0.0,75,24.999999999985267,1.0
23.2599999997961,18.21505323588969,18.210703257085775,3647.9268442939792,0.0,75,24.999999999985295,1.0
23.279999999795344,18.218367037962366,18.205382242755714,3645.795368653296,0.0,75,24.999999999985313,1.0
23.299999999794586,18.223670618754443,18.227169178416055,3654.526658844602,0.0,75,24.999999999985334,1.0
23.31999999979383,18.218661556483276,18.22729530808484,3654.5772367294485,0.0,75,24.99999999998534,1.0
23.339999999793072,18.214643015371962,18.200884804036907,3643.994284148038,0.0,75,24.999999999985377,1.0
23.359999999792315,18.2215130064872,18.21432650242694,3649.378589307136,0.0,75,24.999999999985377,1.0
23.379999999791558,18.2215937556856,18.233238647421068,3656.960907311902,0.0,75,24.99999999998542,1.0
23.3999999997908,18.213775095583124,18.207081349156326,3646.4759238027577,0.0,75,24.99999999998542,1.0
23.419999999790043,18.21780131013547,18.20558490904031,3645.8765406830394,0.0,75,24.999999999985462,1.0
23.439999999789286,18.221792375080103,18.22540966309721,3653.821131264889,0.0,75,24.999999999985462,1.0
23.45999999978853,18.216597719577713,18.2215703009418,3652.281866553806,0.0,75,24.999999999985462,1.0
23.479999999787772,18.214264722055294,18.201400514785693,3644.2007876960497,0.0,75,24.99999999998549,1.0
23.499999999787015,18.21996954551633,18.21298490859793,3648.841012088976,0.0,75,24.99999999998553,1.0
23.519999999786258,18.21948247271296,18.22922876758686,3655.35259607118,0.0,75,24.99999999998553,1.0
23.5399999997855,18.21258225355259,18.204461464435628,3645.4265893113393,0.0,75,24.99999999998553,1.0
23.559999999784743,18.216800590501986,18.204682223351284,3645.515003385225,0.0,75,24.99999999998553,1.0
23.579999999783986,18.219814833643795,18.223440867190615,3653.0317674399234,0.0,75,24.999999999985576,1.0
23.59999999978323,18.214546954687716,18.216457377805607,3650.232513371492,0.0,75,24.999999999985576,1.0
23.619999999782472,18.213508875565694,18.201383976583088,3644.1941652931714,0.0,75,24.999999999985576,1.0
23.639999999781715,18.218084941998896,18.211295682959246,3648.164194973871,0.0,75,24.999999999985576,1.0
23.659999999780958,18.217251313386846,18.225007276330828,3653.659792445428,0.0,75,24.99999999998562,1.0
23.6799999997802,18.211355532872364,18.20273156344936,3644.733800080951,0.0,75,24.99999999998562,1.0
23.699999999779443,18.215270880315764,18.202721378130704,3644.7297212684216,0.0,75,24.99999999998562,1.0
23.719999999778686,18.217652036162466,18.221010084873217,3652.0572936435665,0.0,75,24.99999999998562,1.0
23.73999999977793,18.21241715911979,18.21190068994667,3648.4065941452805,0.0,75,24.999999999985654,1.0
23.759999999777172,18.212249982730537,18.200294833735718,3643.758052383978,0.0,75,24.999999999985654,1.0
23.779999999776415,18.215878676469515,18.20923002033206,3647.3366372669857,0.0,75,24.999999999985654,1.0
23.799999999775657,18.2148388121259,18.22064894685563,3651.912528490063,0.0,75,24.999999999985675,1.0
23.8199999997749,18.209977486966427,18.201584858674956,3644.274605042999,0.0,75,24.999999999985675,1.0
23.839999999774143,18.21322597690406,18.20020959873588,3643.723923817095,0.0,75,24.999999999985675,1.0
23.859999999773386,18.21530076011949,18.218490086048536,3651.047191169937,0.0,75,24.999999999985715,1.0
23.87999999977263,18.210192652697703,18.208363334265645,3646.9894484389247,0.0,75,24.999999999985715,1.0
23.89999999977187,18.210464121550885,18.198384905170727,3642.9933447242033,0.0,75,24.999999999985715,1.0
23.919999999771115,18.213429501722366,18.207280562483632,3646.555720290937,0.0,75,24.999999999985715,1.0
23.939999999770357,18.21223456187171,18.216612617890917,3650.294727973328,0.0,75,24.999999999985715,1.0
23.9599999997696,18.208305543441316,18.200524210147666,3643.8498967658848,0.0,75,24.999999999985715,1.0
23.979999999768843,18.210713169080407,18.19740387496729,3642.60058567542,0.0,75,24.999999999985715,1.0
23.999999999768086,18.212724659860182,18.215847257683123,3649.988004467659,0.0,75,24.999999999985757,1.0
24.01999999976733,18.207808678056313,18.20560869692226,3645.886068279965,0.0,75,24.999999999985757,1.0
24.03999999976657,18.208115105496365,18.19546537452054,3641.824562149135,0.0,75,24.999999999985757,1.0
24.059999999765814,18.2107050500684,18.204891394394153,3645.598777498549,0.0,75,24.999999999985757,1.0
24.079999999765057,18.209224756573377,18.21194195891623,3648.4231290642692,0.0,75,24.999999999985757,1.0
24.0999999997643,18.20615119663896,18.198683805847963,3643.1130149175624,0.0,75,24.999999999985757,1.0
24.119999999763543,18.20809297485091,18.194835230206692,3641.572319598077,0.0,75,24.999999999985757,1.0
24.139999999762786,18.209924376688175,18.212367140111553,3648.593485308366,0.0,75,24.999999999985757,1.0
24.15999999976203,18.20539568134679,18.204231953425605,3645.33467115534,0.0,75,24.999999999985757,1.0
24.17999999976127,18.206115647258912,18.196273149062854,3642.1479216683642,0.0,75,24.99999999998577,1.0
24.199999999760514,18.208771342444706,18.207778248421274,3646.7550761805114,0.0,75,24.999999999985793,1.0
24.219999999759757,18.206788651140258,18.212980864393252,3648.8393916343025,0.0,75,24.999999999985793,1.0
24.239999999759,18.204706690140146,18.203513822538174,3645.0470703607216,0.0,75,24.999999999985793,1.0
24.259999999758243,18.206663070746302,18.201575954487414,3644.2710394967185,0.0,75,24.999999999985793,1.0
24.279999999757486,18.207943207457355,18.216746221009245,3650.3482716872004,0.0,75,24.999999999985793,1.0
24.29999999975673,18.203611477616324,18.207646385708514,3646.702255977048,0.0,75,24.999999999985793,1.0
24.31999999975597,18.204467781827656,18.198750125792653,3643.1395675514195,0.0,75,24.999999999985793,1.0
24.339999999755214,18.20692110730681,18.210407338180815,3647.8082896471665,0.0,75,24.999999999985793,1.0
24.359999999754457,18.20414561352193,18.210901880576106,3648.006420343674,0.0,75,24.999999999985793,1.0
24.3799999997537,18.20260600710192,18.200188068048273,3643.7153028355947,0.0,75,24.999999999985818,1.0
24.399999999752943,18.204528246228108,18.199462417693066,3643.4247552232455,0.0,75,24.999999999985818,1.0
24.419999999752186,18.205263185939454,18.212460508347665,3648.630895449356,0.0,75,24.999999999985818,1.0
24.43999999975143,18.201440287990508,18.202805316429256,3644.763335266077,0.0,75,24.999999999985818,1.0
24.45999999975067,18.202252511235965,18.193307796655287,3640.9609344222185,0.0,75,24.999999999985818,1.0
24.479999999749914,18.204627209151095,18.206514491364914,3646.2488691670865,0.0,75,24.999999999985818,1.0
24.499999999749157,18.201545724700313,18.20509994795827,3645.6823052666527,0.0,75,24.999999999985818,1.0
24.5199999997484,18.200448819457918,18.19373304457701,3641.1311430706673,0.0,75,24.999999999985818,1.0
24.539999999747643,18.202299635587146,18.194565376598838,3641.4643016766217,0.0,75,24.999999999985818,1.0
24.559999999746886,18.20248848300672,18.20539234996711,3645.7994167786505,0.0,75,24.999999999985818,1.0
24.57999999974613,18.199228991447487,18.195601374647303,3641.8790032357356,0.0,75,24.999999999985835,1.0
24.59999999974537,18.199783138689405,18.185419004080902,3637.8041078938554,0.0,75,24.999999999985835,1.0
24.619999999744614,18.20192197656532,18.19896447190962,3643.225386348114,0.0,75,24.999999999985835,1.0
24.639999999743857,18.19870529964451,18.196212807874,3642.123766043817,0.0,75,24.999999999985835,1.0
24.6599999997431,18.197870275869477,18.18439413306305,3637.394089852357,0.0,75,24.999999999985835,1.0
24.679999999742343,18.199642584643968,18.18744685525972,3638.6154542418626,0.0,75,24.999999999985835,1.0
24.699999999741586,18.199380108299746,18.196842855649365,3642.3759890451706,0.0,75,24.999999999985835,1.0
24.71999999974083,18.196647596271877,18.18779075035894,3638.753056167264,0.0,75,24.999999999985835,1.0
24.73999999974007,18.197000920498862,18.178417764213947,3635.003596513181,0.0,75,24.999999999985835,1.0
24.759999999739314,18.198938893410414,18.192641680756424,3640.694324568355,0.0,75,24.999999999985835,1.0
24.779999999738557,18.19578901787122,18.189633631913434,3639.4904882955993,0.0,75,24.999999999985835,1.0
24.7999999997378,18.19493061413698,18.177096464288248,3634.475194592443,0.0,75,24.999999999985835,1.0
24.819999999737043,18.19659764223921,18.182289731125973,3636.5522585326994,0.0,75,24.999999999985835,1.0
24.839999999736285,18.19592661853226,18.190311163023022,3639.7616222835995,0.0,75,24.999999999985853,1.0
24.85999999973553,18.19353630908772,18.18146298197153,3636.2215578128125,0.0,75,24.999999999985853,1.0
24.87999999973477,18.193702994092597,18.173433065319323,3633.0103631760585,0.0,75,24.999999999985853,1.0
24.899999999734014,18.195480462579013,18.188261850406178,3638.9415605283484,0.0,75,24.999999999985853,1.0
24.919999999733257,18.192594225860933,18.186022612474236,3638.045603075667,0.0,75,24.999999999985853,1.0
24.9399999997325,18.19155856888473,18.173275308383893,3632.9472897774726,0.0,75,24.999999999985853,1.0
24.959999999731743,18.1932789747175,18.181207208855252,3636.119251284632,0.0,75,24.999999999985853,1.0
24.979999999730985,18.192362211652245,18.188702657221256,3639.117947880883,0.0,75,24.999999999985853,1.0
24.99999999973023,18.190194410046217,18.17992072292674,3635.6046924109132,0.0,75,24.999999999985853,1.0
25.01999999972947,18.190279048506042,18.173710162009197,3633.12115157988,0.0,75,24.999999999985853,1.0
25.039999999728714,18.19188884216397,18.188496326035825,3639.035384624406,0.0,75,24.999999999985853,1.0
25.059999999727957,18.189285021567297,18.186535910905192,3638.2509728250852,0.0,75,24.999999999985853,1.0
25.0799999997272,18.187915519029165,18.17299548030986,3632.835412000989,0.0,75,24.999999999985853,1.0
25.099999999726442,18.189740547669363,18.182838047650822,3636.771594138082,0.0,75,24.999999999985853,1.0
25.119999999725685,18.188642690455552,18.18951062397242,3639.441264135661,0.0,75,24.999999999985853,1.0
25.139999999724928,18.18651617395251,18.17966270845235,3635.5014981240242,0.0,75,24.999999999985853,1.0
25.15999999972417,18.18665915609537,18.17540869839869,3633.800294892095,0.0,75,24.999999999985853,1.0
25.179999999723414,18.188153316740173,18.18987129309516,3639.5855942530407,0.0,75,24.999999999985853,1.0
25.199999999722657,18.1857683711647,18.18766355165028,3638.7021601483098,0.0,75,24.999999999985853,1.0
25.2199999997219,18.184155983385562,18.173558239247658,3633.0604098285908,0.0,75,24.999999999985853,1.0
25.239999999721142,18.18619519888037,18.184980486657704,3637.6286683013363,0.0,75,24.999999999985853,1.0
25.259999999720385,18.18503454450023,18.19091893742812,3640.004849668891,0.0,75,24.999999999985853,1.0
25.279999999719628,18.18277292715332,18.179024124006805,3635.246099113435,0.0,75,24.999999999985853,1.0
25.29999999971887,18.183090501141297,18.176489610896343,3634.23252032525,0.0,75,24.999999999985853,1.0
25.319999999718114,18.184470382735956,18.19007175604908,3639.6658153923586,0.0,75,24.999999999985853,1.0
25.339999999717357,18.18214853474421,18.18651438811795,3638.2423614814334,0.0,75,24.99999999998586,1.0
25.3599999997166,18.18039797179712,18.171920758603182,3632.4057446264856,0.0,75,24.99999999998586,1.0
25.379999999715842,18.182688393786293,18.184373308527853,3637.3857588629025,0.0,75,24.99999999998586,1.0
25.399999999715085,18.181545146325938,18.18961269379151,3639.4821094515532,0.0,75,24.99999999998586,1.0
25.419999999714328,18.179016072898023,18.175287629146442,3633.751884424241,0.0,75,24.99999999998586,1.0
25.43999999971357,18.179657747733113,18.17472777051386,3633.5280248551653,0.0,75,24.99999999998586,1.0
25.459999999712814,18.180961206769638,18.187582277118377,3638.6696399564557,0.0,75,24.99999999998586,1.0
25.479999999712057,18.17857017877721,18.18210884033188,3636.4799006984213,0.0,75,24.99999999998586,1.0
25.4999999997113,18.176817703542664,18.167643284695203,3630.6958877192374,0.0,75,24.99999999998586,1.0
25.519999999710542,18.179356750341057,18.180875677095578,3635.9866442460616,0.0,75,24.99999999998586,1.0
25.539999999709785,18.178236214302316,18.185313443234,3637.76187531534,0.0,75,24.99999999998586,1.0
25.559999999709028,18.175317172095987,18.168464413244603,3631.024090488691,0.0,75,24.99999999998586,1.0
25.57999999970827,18.176370565815517,18.169991907523645,3631.634665114222,0.0,75,24.99999999998586,1.0
25.599999999707514,18.177585264396484,18.18228220619511,3636.5492484829133,0.0,75,24.99999999998586,1.0
25.619999999706756,18.17495973595345,18.174408404497118,3633.4003293880105,0.0,75,24.99999999998586,1.0
25.639999999706,18.173344250457646,18.16089127640193,3627.9976914862086,0.0,75,24.99999999998586,1.0
25.659999999705242,18.17610930162438,18.175026790668877,3633.647587256846,0.0,75,24.99999999998586,1.0
25.679999999704485,18.174931740772237,18.17860776943809,3635.0795847858244,0.0,75,24.99999999998586,1.0
25.699999999703728,18.171634120769298,18.15993140261361,3627.6141940239504,0.0,75,24.99999999998587,1.0
25.71999999970297,18.17317854206154,18.163983571696296,3629.2332911213825,0.0,75,24.99999999998587,1.0
25.739999999702214,18.17429279195751,18.176151487886504,3634.0973120165863,0.0,75,24.99999999998587,1.0
25.759999999701456,18.171270781970758,18.165658110851833,3629.902480603927,0.0,75,24.99999999998587,1.0
25.7799999997007,18.169924365757986,18.153886748301368,3625.199644771672,0.0,75,24.99999999998587,1.0
25.799999999699942,18.172855045510328,18.169018070727535,3631.2453941986614,0.0,75,24.99999999998587,1.0
25.819999999699185,18.171423948538536,18.171311974760126,3632.1623677246685,0.0,75,24.99999999998587,1.0
25.839999999698428,18.167859920973214,18.1516168244167,3624.293126744921,0.0,75,24.99999999998587,1.0
25.85999999969767,18.1699308861056,18.1584455949125,3627.020610657369,0.0,75,24.99999999998587,1.0
25.879999999696913,18.170914265217863,18.170758744144713,3631.941206717027,0.0,75,24.99999999998587,1.0
25.899999999696156,18.167369126259846,18.157597493557486,3626.681814118496,0.0,75,24.99999999998587,1.0
25.9199999996954,18.16644009766965,18.14836062725799,3622.9929280270885,0.0,75,24.99999999998587,1.0
25.939999999694642,18.16948887881858,18.164692547719582,3629.516608884973,0.0,75,24.99999999998587,1.0
25.959999999693885,18.1676383121919,18.165233090434082,3629.7326255278153,0.0,75,24.99999999998587,1.0
25.979999999693128,18.163964232266824,18.14540687384668,3621.8136967918667,0.0,75,24.99999999998587,1.0
25.99999999969237,18.166567802032446,18.155082931228876,3625.6773986377784,0.0,75,24.99999999998587,1.0
26.019999999691613,18.16736868966913,18.167412307151427,3630.6035693184085,0.0,75,24.99999999998587,1.0
26.039999999690856,18.163220704547346,18.15152924684443,3624.2581539895355,0.0,75,24.99999999998587,1.0
26.0599999996901,18.162837833683227,18.145227477467397,3621.7420822994163,0.0,75,24.99999999998587,1.0
26.079999999689342,18.16594704742352,18.16267655446464,3628.711015843094,0.0,75,24.99999999998587,1.0
26.099999999688585,18.163528306210324,18.160770050380858,3627.9492570509137,0.0,75,24.99999999998587,1.0
26.119999999687828,18.159929396403864,18.14151489716744,3620.2601904056296,0.0,75,24.99999999998587,1.0
26.13999999968707,18.16305117399262,18.153904862179797,3625.206879195828,0.0,75,24.99999999998587,1.0
26.159999999686313,18.163590575449284,18.165716391583533,3629.9257722139137,0.0,75,24.99999999998587,1.0
26.179999999685556,18.158861622992884,18.147299723095742,3622.5693596385786,0.0,75,24.99999999998587,1.0
26.1999999996848,18.159146048382944,18.144149744677332,3621.3118695300195,0.0,75,24.99999999998587,1.0
26.219999999684042,18.162267009998445,18.162498200446617,3628.639749693493,0.0,75,24.99999999998587,1.0
26.239999999683285,18.159163742099683,18.157449084287848,3626.6225297335614,0.0,75,24.99999999998587,1.0
26.259999999682528,18.155836937386045,18.139271499278784,3619.3648757700234,0.0,75,24.99999999998587,1.0
26.27999999968177,18.159439731554187,18.154027112124254,3625.255704265167,0.0,75,24.99999999998587,1.0
26.299999999681013,18.15954040430212,18.16435743118114,3629.3826897647614,0.0,75,24.99999999998587,1.0
26.319999999680256,18.1543883265258,18.143744439254267,3621.150085046672,0.0,75,24.99999999998587,1.0
26.3399999996795,18.155426472573705,18.143727168436893,3621.1431911894256,0.0,75,24.99999999998587,1.0
26.35999999967874,18.158499837691163,18.162575275998268,3628.670547219339,0.0,75,24.99999999998587,1.0
26.379999999677985,18.154634122659104,18.15385114933865,3625.1854270757867,0.0,75,24.99999999998587,1.0
26.399999999677227,18.151777518107934,18.137202756892343,3618.539362290855,0.0,75,24.99999999998587,1.0
26.41999999967647,18.155813837535405,18.154007687190084,3625.2479461721236,0.0,75,24.99999999998587,1.0
26.439999999675713,18.15530513273896,18.161911147850326,3628.405181966509,0.0,75,24.99999999998587,1.0
26.459999999674956,18.1499321050204,18.139642279537714,3619.512842325514,0.0,75,24.99999999998587,1.0
26.4799999996742,18.151772642146227,18.142698313315886,3620.7325229679464,0.0,75,24.99999999998587,1.0
26.49999999967344,18.154714710482228,18.1615294362787,3628.252666112994,0.0,75,24.99999999998587,1.0
26.519999999672685,18.150053413109116,18.148905500189866,3623.2104794030415,0.0,75,24.99999999998587,1.0
26.539999999671927,18.147836514812813,18.134188546282576,3617.336736553388,0.0,75,24.99999999998587,1.0
26.55999999967117,18.152234486676505,18.15275628751331,3624.7481691723933,0.0,75,24.99999999998587,1.0
26.579999999670413,18.150962485272178,18.157445031516964,3626.620910798161,0.0,75,24.99999999998587,1.0
26.599999999669656,18.145580658735554,18.134208923682074,3617.344866165256,0.0,75,24.99999999998587,1.0
26.6199999996689,18.148227612181522,18.140326138336025,3619.785756457169,0.0,75,24.99999999998587,1.0
26.63999999966814,18.150914455577762,18.158531790615413,3627.0550446986963,0.0,75,24.99999999998587,1.0
26.659999999667384,18.145498448433294,18.142280965995653,3620.5659451404094,0.0,75,24.99999999998587,1.0
26.679999999666627,18.144056082544736,18.129972841045376,3615.6550673874726,0.0,75,24.99999999998587,1.0
26.69999999966587,18.148724396306566,18.150129466369208,3623.699196105602,0.0,75,24.99999999998587,1.0
26.719999999665113,18.146562444227353,18.15112971164354,3624.0986078979986,0.0,75,24.99999999998587,1.0
26.739999999664356,18.141385870295316,18.127724465615376,3614.7583373139732,0.0,75,24.99999999998587,1.0
26.7599999996636,18.144795949551547,18.13693259754192,3618.431564525566,0.0,75,24.99999999998587,1.0
26.77999999966284,18.147008645385256,18.15376581965462,3625.1513477834637,0.0,75,24.99999999998587,1.0
26.799999999662084,18.141004346156848,18.134581178477703,3617.493379706775,0.0,75,24.99999999998587,1.0
26.819999999661327,18.140423206888197,18.12514932269312,3613.731417669151,0.0,75,24.99999999998587,1.0
26.83999999966057,18.145245585899094,18.146700072627347,3622.3299587848264,0.0,75,24.99999999998587,1.0
26.859999999659813,18.142113006254036,18.143879894726183,3621.204153976739,0.0,75,24.99999999998587,1.0
26.879999999659056,18.137342578892248,18.12113037313131,3612.129026000244,0.0,75,24.99999999998587,1.0
26.8999999996583,18.14144320582334,18.133488448898344,3617.057436589627,0.0,75,24.99999999998587,1.0
26.91999999965754,18.14296584846454,18.148271950158417,3622.957522545975,0.0,75,24.99999999998587,1.0
26.939999999656784,18.13659191392866,18.127039272352416,3614.485080595475,0.0,75,24.99999999998587,1.0
26.959999999656027,18.136910867528954,18.12087771427921,3612.02830049447,0.0,75,24.99999999998587,1.0
26.97999999965527,18.14174416232029,18.14344015218765,3621.0286261161655,0.0,75,24.99999999998587,1.0
26.999999999654513,18.13763687493821,18.137015377989893,3618.4645950358604,0.0,75,24.99999999998587,1.0
27.019999999653756,18.133440808053418,18.115612513019197,3609.9295839404354,0.0,75,24.99999999998587,1.0
27.039999999653,18.138131837103685,18.131047653341355,3616.0837790850856,0.0,75,24.99999999998587,1.0
27.05999999965224,18.138800545609282,18.14325503865643,3620.954737375052,0.0,75,24.99999999998587,1.0
27.079999999651484,18.132287574629753,18.120811265795282,3612.0018102363056,0.0,75,24.99999999998587,1.0
27.099999999650727,18.133496695027734,18.118121693636994,3610.9296707598337,0.0,75,24.99999999998587,1.0
27.11999999964997,18.138146502318328,18.14096716243945,3620.0415854757703,0.0,75,24.99999999998587,1.0
27.139999999649213,18.133197881304895,18.131565017985583,3616.2901500158237,0.0,75,24.99999999998587,1.0
27.159999999648456,18.12969590826502,18.111976692961772,3608.480696990295,0.0,75,24.99999999998587,1.0
27.1799999996477,18.134850607538304,18.13016920678164,3615.733390131866,0.0,75,24.99999999998587,1.0
27.19999999964694,18.134587347290424,18.13956622301772,3619.482490351699,0.0,75,24.99999999998587,1.0
27.219999999646184,18.128156204215355,18.1165471874164,3610.302101932736,0.0,75,24.99999999998587,1.0
27.239999999645427,18.13019023056512,18.11722084040149,3610.570600778659,0.0,75,24.99999999998587,1.0
27.25999999964467,18.134426219760144,18.139427553883,3619.4271518082674,0.0,75,24.99999999998587,1.0
27.279999999643913,18.128900667950614,18.127837017549883,3614.8032242833697,0.0,75,24.99999999998587,1.0
27.299999999643155,18.126138466791044,18.110188852390202,3607.768342961622,0.0,75,24.99999999998587,1.0
27.3199999996424,18.131588063462413,18.130397690785035,3615.824524686257,0.0,75,24.99999999998587,1.0
27.33999999964164,18.130432321594306,18.137142849485734,3618.515458169167,0.0,75,24.99999999998587,1.0
27.359999999640884,18.12425379602589,18.113863576960263,3609.232590532004,0.0,75,24.99999999998587,1.0
27.379999999640127,18.126978348032047,18.117399749812616,3610.641910639613,0.0,75,24.99999999998587,1.0
27.39999999963937,18.130652211669872,18.138253447365546,3618.958619329549,0.0,75,24.99999999998587,1.0
27.419999999638613,18.12479501751184,18.124986118563907,3613.6663397794773,0.0,75,24.99999999998587,1.0
27.439999999637855,18.122729849148556,18.10905344535947,3607.3159835557435,0.0,75,24.99999999998587,1.0
27.4599999996371,18.128229918995277,18.13005706821368,3615.688662263533,0.0,75,24.99999999998587,1.0
27.47999999963634,18.12634184530099,18.13456452424735,3617.486735324995,0.0,75,24.99999999998587,1.0
27.499999999635584,18.120499490493827,18.111030324321916,3608.103613493588,0.0,75,24.99999999998587,1.0
27.519999999634827,18.123718367134174,18.116570569874785,3610.311421345785,0.0,75,24.99999999998587,1.0
27.53999999963407,18.126754072268586,18.13562488039591,3617.9097878267867,0.0,75,24.99999999998587,1.0
27.559999999633312,18.120714384593324,18.120743636350966,3611.974849277894,0.0,75,24.99999999998587,1.0
27.579999999632555,18.119263940519854,18.10623997778578,3606.195187464848,0.0,75,24.99999999998587,1.0
27.599999999631798,18.12457312668323,18.126923829763484,3614.43904283052,0.0,75,24.99999999998587,1.0
27.61999999963104,18.12210356907148,18.129354899025284,3615.4085996029326,0.0,75,24.99999999998587,1.0
27.639999999630284,18.116640333728743,18.105717607634215,3605.9871109613523,0.0,75,24.99999999998587,1.0
27.659999999629527,18.120181614151342,18.11263486040009,3608.742957447986,0.0,75,24.99999999998587,1.0
27.67999999962877,18.122553327865464,18.12974302600357,3615.563404078176,0.0,75,24.99999999998587,1.0
27.699999999628012,18.116415915509204,18.113363115221716,3609.03315678262,0.0,75,24.99999999998587,1.0
27.719999999627255,18.11553821779574,18.10055870010404,3603.9324778150335,0.0,75,24.99999999998587,1.0
27.739999999626498,18.12054687293595,18.120648657769415,3611.9369855615255,0.0,75,24.99999999998587,1.0
27.75999999962574,18.11756599151187,18.12109131823004,3612.113456199953,0.0,75,24.99999999998587,1.0
27.779999999624984,18.112538002116473,18.098013036849043,3602.918834701537,0.0,75,24.99999999998587,1.0
27.799999999624227,18.11631453210837,18.10639705097181,3606.2577558418475,0.0,75,24.99999999998587,1.0
27.81999999962347,18.118043519778073,18.12183507849291,3612.4099727330577,0.0,75,24.99999999998587,1.0
27.839999999622712,18.11187891796485,18.104415603788382,3605.468507901659,0.0,75,24.99999999998587,1.0
27.859999999621955,18.11156013077546,18.09392442665028,3601.291112730648,0.0,75,24.99999999998587,1.0
27.879999999621198,18.116235202170543,18.113712296546794,3609.1723047827754,0.0,75,24.99999999998587,1.0
27.89999999962044,18.11278859068432,18.112406446365277,3608.651940061679,0.0,75,24.99999999998587,1.0
27.919999999619684,18.108232551080295,18.09053167384311,3599.9406986655285,0.0,75,24.99999999998587,1.0
27.939999999618927,18.11217485460111,18.100575729883932,3603.9392592858953,0.0,75,24.99999999998587,1.0
27.95999999961817,18.113298230228168,18.11466136028939,3609.5505181775757,0.0,75,24.99999999998587,1.0
27.979999999617412,18.10716384229666,18.09662634263082,3602.366734832797,0.0,75,24.99999999998587,1.0
27.999999999616655,18.10736876938399,18.08873939024102,3599.2274200086276,0.0,75,24.99999999998587,1.0
28.019999999615898,18.11168336765924,18.108386962255068,3607.0504621224627,0.0,75,24.99999999998587,1.0
28.03999999961514,18.107819585114626,18.105520327947033,3605.9085298027358,0.0,75,24.99999999998587,1.0
28.059999999614384,18.103753494922525,18.085199255868904,3597.818753369293,0.0,75,24.99999999998587,1.0
28.079999999613626,18.10779687676982,18.096825846725128,3602.446162993685,0.0,75,24.99999999998587,1.0
28.09999999961287,18.10834884423267,18.109654582656027,3607.555480134259,0.0,75,24.99999999998587,1.0
28.119999999612112,18.102306410842523,18.09127702122072,3600.2373468440373,0.0,75,24.99999999998587,1.0
28.139999999611355,18.102993436587013,18.085953843316748,3598.1189906484224,0.0,75,24.99999999998587,1.0
28.159999999610598,18.106927446986763,18.105357505896276,3605.8436745794606,0.0,75,24.99999999998587,1.0
28.17999999960984,18.102707101773966,18.10096669119336,3604.0949467126065,0.0,75,24.99999999998587,1.0
28.199999999609084,18.09914546309373,18.0822912010794,3596.6618058869685,0.0,75,24.99999999998587,1.0
28.219999999608326,18.10323710500022,18.095179937004342,3601.790906478209,0.0,75,24.99999999998587,1.0
28.23999999960757,18.103256088077295,18.1066156449262,3606.3448312439486,0.0,75,24.99999999998587,1.0
28.259999999606812,18.097370418651334,18.087987674684793,3598.9282793150387,0.0,75,24.99999999998587,1.0
28.279999999606055,18.098500194355978,18.084941413665675,3597.716165292918,0.0,75,24.99999999998587,1.0
28.299999999605298,18.102047673304078,18.10382459987932,3605.233116575152,0.0,75,24.99999999998587,1.0
28.31999999960454,18.097540968664635,18.09783639150959,3602.8485025923364,0.0,75,24.99999999998587,1.0
28.339999999603783,18.094495578838067,18.080719886004275,3596.036747557655,0.0,75,24.99999999998587,1.0
28.359999999603026,18.098596168054065,18.09444209595557,3601.4971824027793,0.0,75,24.99999999998587,1.0
28.37999999960227,18.098127813026302,18.104260297375898,3605.406650066554,0.0,75,24.99999999998587,1.0
28.399999999601512,18.09246141921867,18.085387997128592,3597.8938490735127,0.0,75,24.99999999998587,1.0
28.419999999600755,18.093994978749606,18.084219265761185,3597.4288509734083,0.0,75,24.99999999998587,1.0
28.439999999599998,18.0971598644318,18.10227394968138,3604.615543642444,0.0,75,24.99999999998587,1.0
28.45999999959924,18.092437826282637,18.094614293173063,3601.565730605732,0.0,75,24.99999999998587,1.0
28.479999999598483,18.08991152384336,18.078909629161362,3595.3167071732178,0.0,75,24.99999999998587,1.0
28.499999999597726,18.093986920275704,18.093056130894002,3600.9454817124915,0.0,75,24.99999999998587,1.0
28.51999999959697,18.093075963914476,18.10107169633209,3604.136762113302,0.0,75,24.99999999998587,1.0
28.539999999596212,18.087680899117913,18.081989245560163,3596.541685842087,0.0,75,24.99999999998587,1.0
28.559999999595455,18.08957348728851,18.08233604953532,3596.679647091571,0.0,75,24.99999999998587,1.0
28.579999999594698,18.092364263928655,18.09935674659175,3603.4538610443583,0.0,75,24.99999999998587,1.0
28.59999999959394,18.08749097063729,18.09006160898419,3599.75361918528,0.0,75,24.99999999998587,1.0
28.619999999593183,18.085474720496197,18.075695291291286,3594.0383628997097,0.0,75,24.99999999998587,1.0
28.639999999592426,18.08949069233462,18.08999983258946,3599.729033373953,0.0,75,24.99999999998587,1.0
28.65999999959167,18.088174964822375,18.09616410839774,3602.182709818688,0.0,75,24.99999999998587,1.0
28.679999999590912,18.08308756018913,18.07701488735764,3594.5631396152476,0.0,75,24.99999999998587,1.0
28.699999999590155,18.08528472149009,18.07865231975096,3595.2143666828056,0.0,75,24.99999999998587,1.0
28.719999999589398,18.08770876424688,18.094584366492814,3601.5538173573873,0.0,75,24.99999999998587,1.0
28.73999999958864,18.082735536041593,18.083832422050378,3597.2749457568048,0.0,75,24.99999999998587,1.0
28.759999999587883,18.081206946516616,18.070850316514957,3592.1119427807757,0.0,75,24.99999999998587,1.0
28.779999999587126,18.085126169573698,18.085217435873542,3597.825986731068,0.0,75,24.99999999998587,1.0
28.79999999958637,18.08343462162757,18.089630633726838,3599.582101111353,0.0,75,24.99999999998587,1.0
28.81999999958561,18.078675826055004,18.0706757688611,3592.042550176341,0.0,75,24.99999999998587,1.0
28.839999999584855,18.08112063443374,18.073534487495312,3593.1791375775065,0.0,75,24.99999999998587,1.0
28.859999999584097,18.08317893548793,18.088453293728136,3599.113568153227,0.0,75,24.99999999998587,1.0
28.87999999958334,18.078146005620766,18.076538029445206,3594.373498429767,0.0,75,24.99999999998587,1.0
28.899999999582583,18.07707288823317,18.06507777832886,3589.8173865077824,0.0,75,24.99999999998587,1.0
28.919999999581826,18.080857015706812,18.079531574238928,3595.5640813829255,0.0,75,24.99999999998587,1.0
28.93999999958107,18.07881257570313,18.08238258097322,3596.698157851521,0.0,75,24.99999999998587,1.0
28.95999999958031,18.074391607072286,18.063932746895183,3589.362329127874,0.0,75,24.99999999998587,1.0
28.979999999579555,18.0770280435858,18.068021677560804,3590.9874807488786,0.0,75,24.99999999998587,1.0
28.999999999578797,18.078718638945237,18.082046851192658,3596.564601615989,0.0,75,24.99999999998587,1.0
29.01999999957804,18.07365969312375,18.069289683975704,3591.4915265177383,0.0,75,24.99999999998587,1.0
29.039999999577283,18.073005621969877,18.059493497637835,3587.5983593034557,0.0,75,24.99999999998587,1.0
29.059999999576526,18.076620342255232,18.074082959798602,3593.3972232145043,0.0,75,24.99999999998587,1.0
29.07999999957577,18.07424626792408,18.07556429432803,3593.9862701422494,0.0,75,24.99999999998587,1.0
29.09999999957501,18.070167040608506,18.05789247371836,3586.9622865161164,0.0,75,24.99999999998587,1.0
29.119999999574254,18.07294515338117,18.063204971779925,3589.073112377885,0.0,75,24.99999999998587,1.0
29.139999999573497,18.07426938153138,18.076414943546258,3594.324549323887,0.0,75,24.99999999998587,1.0
29.15999999957274,18.06921710033769,18.063080099867545,3589.02348963654,0.0,75,24.99999999998587,1.0
29.179999999571983,18.068946595103746,18.055005959163847,3585.8156420398623,0.0,75,24.99999999998587,1.0
29.199999999571226,18.07236597976494,18.069716664557603,3591.6612637112985,0.0,75,24.99999999998587,1.0
29.21999999957047,18.069690439673884,18.06995088422428,3591.754374541056,0.0,75,24.99999999998587,1.0
29.23999999956971,18.06595580213847,18.053218938665623,3585.105854521346,0.0,75,24.99999999998587,1.0
29.259999999568954,18.0688347502872,18.05966108790116,3587.6649447083637,0.0,75,24.99999999998587,1.0
29.279999999568197,18.06980121043292,18.072041587516907,3592.5855585503464,0.0,75,24.99999999998587,1.0
29.29999999956744,18.064790451255767,18.05828989600608,3587.1201736501484,0.0,75,24.99999999998587,1.0
29.319999999566683,18.064872283223064,18.051872125120816,3584.5709594388536,0.0,75,24.99999999998587,1.0
29.339999999565926,18.068081278033773,18.066596641370882,3590.42105622193,0.0,75,24.99999999998587,1.0
29.35999999956517,18.06513924210066,18.065619578119424,3590.0327181546504,0.0,75,24.99999999998587,1.0
29.37999999956441,18.06175276711223,18.0498651300063,3583.773943325591,0.0,75,24.99999999998587,1.0
29.399999999563654,18.064701309924526,18.057248266435757,3586.7063645126686,0.0,75,24.99999999998587,1.0
29.419999999562897,18.0653260936371,18.068699240386636,3591.256814635034,0.0,75,24.99999999998587,1.0
29.43999999956214,18.06039309259291,18.054595556009087,3585.6526276016934,0.0,75,24.99999999998587,1.0
29.459999999561383,18.060799960507914,18.049662276388524,3583.6933912085124,0.0,75,24.99999999998587,1.0
29.479999999560626,18.063792556406575,18.0642246340228,3589.478327912798,0.0,75,24.99999999998587,1.0
29.49999999955987,18.060623245996545,18.062015146474153,3588.6003026660787,0.0,75,24.99999999998587,1.0
29.51999999955911,18.057587754829846,18.047190266360893,3582.711841612545,0.0,75,24.99999999998587,1.0
29.539999999558354,18.0605819640841,18.05527897997357,3585.924089491429,0.0,75,24.99999999998587,1.0
29.559999999557597,18.06088649851223,18.06567237055416,3590.053700202244,0.0,75,24.99999999998587,1.0
29.57999999955684,18.056066303349414,18.051242115366254,3584.3207609832957,0.0,75,24.99999999998587,1.0
29.599999999556083,18.056772818840717,18.0475841520038,3582.868230960246,0.0,75,24.99999999998587,1.0
29.619999999555326,18.05955049876946,18.061820515812,3588.5229637994794,0.0,75,24.99999999998587,1.0
29.63999999955457,18.05619660991036,18.058380678015098,3587.1562398331994,0.0,75,24.99999999998587,1.0
29.65999999955381,18.05351225561367,18.04442949977193,3581.615795694634,0.0,75,24.99999999998587,1.0
29.679999999553054,18.056531465013776,18.053017038329735,3585.025666048461,0.0,75,24.99999999998587,1.0
29.699999999552297,18.056543139186545,18.062289993973803,3588.7095180904676,0.0,75,24.99999999998587,1.0
29.71999999955154,18.05186724528811,18.047591871935353,3582.871296135417,0.0,75,24.99999999998587,1.0
29.739999999550783,18.052842685210983,18.04501770041827,3581.8493018924955,0.0,75,24.99999999998587,1.0
29.759999999550026,18.055410020391008,18.058817672270763,3587.3298529235067,0.0,75,24.99999999998587,1.0
29.77999999954927,18.051911595305405,18.054206364446447,3585.4980419502044,0.0,75,24.99999999998587,1.0
29.79999999954851,18.049570309933515,18.041093430769838,3580.2915739554323,0.0,75,24.99999999998587,1.0
29.819999999547754,18.052589015731176,18.050003465218143,3583.828876038257,0.0,75,24.99999999998587,1.0
29.839999999546997,18.052330901482428,18.058140839193,3587.060956249431,0.0,75,24.99999999998587,1.0
29.85999999954624,18.047821083744363,18.043269761680662,3581.155420620577,0.0,75,24.99999999998587,1.0
29.879999999545483,18.04902934713996,18.041635608131763,3580.5067695826874,0.0,75,24.99999999998587,1.0
29.899999999544725,18.05138806633157,18.054947769217684,3585.792528440965,0.0,75,24.99999999998587,1.0
29.91999999954397,18.047778190173144,18.049284798812288,3583.543499234999,0.0,75,24.99999999998587,1.0
29.93999999954321,18.04576597136864,18.03703750271559,3578.6819406180557,0.0,75,24.99999999998587,1.0
29.959999999542454,18.048758044498765,18.046180010875748,3582.3107428342455,0.0,75,24.99999999998587,1.0
29.979999999541697,18.048249127983247,18.053238512027523,3585.113628493691,0.0,75,24.99999999998587,1.0
29.99999999954094,18.043918863914108,18.03834420862387,3579.200479676737,0.0,75,24.99999999998587,1.0
