t,omega_hub,omega_gnd,tau_gen,T_max,n_slack,backline_payout,k_mppt_scale
0.019999999999999858,9.516670596812395,9.762871602886815,1048.4502812789915,0.0,75,0.0,1.0
0.03999999999999904,9.543023488796553,9.735010165786942,1042.4746522077262,0.0,75,0.0,1.0
0.05999999999999823,9.56563015339597,9.482117393601238,989.0160529263865,0.0,75,0.0,1.0
0.07999999999999742,9.585977125794779,9.132511731153908,917.4304757163012,0.0,75,0.0,1.0
0.0999999999999966,9.605042172610375,8.764667596017441,845.0133787554597,0.0,75,0.0,1.0
0.11999999999999579,9.623681713895822,8.423062488374491,780.4277985136762,0.0,75,0.0,1.0
0.14000000000000018,9.642785452278261,8.1301975617103,727.1012363168412,0.0,75,0.0,1.0
0.1600000000000063,9.662943476755098,7.895774455686916,685.7757968058581,0.0,75,0.0,1.0
0.18000000000001243,9.684287194453498,7.721939795313338,655.9118962268817,0.0,75,0.0,1.0
0.20000000000001855,9.70656094512037,7.605654679385003,636.305814122561,0.0,75,0.0,1.0
0.22000000000002468,9.729268932289532,7.5396497788478145,625.3095066644789,0.0,75,0.0,1.0
0.2400000000000308,9.75181775029008,7.513359393298657,620.9562631015608,0.0,75,0.0,1.0
0.26000000000003,9.773646080297004,7.514493261346001,621.143698722959,0.0,75,0.0,1.0
0.28000000000002223,9.794297929102203,7.531165075443362,623.9029213293561,0.0,75,0.0,1.0
0.3000000000000145,9.813451726724507,7.553976390684262,627.6881524211676,0.0,75,0.0,1.0
0.3200000000000067,9.830929780192768,7.577331424251248,631.5754666424,0.0,75,0.0,1.0
0.33999999999999897,9.846709912998424,7.599602560293923,635.2935498186855,0.0,75,0.0,1.0
0.3599999999999912,9.860932692211431,7.622261731803128,639.0876129892147,0.0,75,0.0,1.0
0.37999999999998346,9.873877679324861,7.6484459885052605,643.4859864299044,0.0,75,0.0,1.0
0.3999999999999757,9.885893653613293,7.681489076471343,649.0580187514342,0.0,75,0.0,1.0
0.41999999999996795,9.897301613680579,7.723810586945034,656.229749813046,0.0,75,0.0,1.0
0.4399999999999602,9.908309310909004,7.776322234902607,665.1830625114475,0.0,75,0.0,1.0
0.45999999999995245,9.91899156028672,7.838329490588047,675.8335012332451,0.0,75,0.0,1.0
0.4799999999999447,9.929313730204816,7.907826441478602,687.8709093140295,0.0,75,0.0,1.0
0.49999999999993694,9.93918791378934,7.982026899120951,700.8402876011947,0.0,75,0.0,1.0
0.5199999999999569,9.94852611611987,8.05797151793507,714.2399548223808,0.0,75,0.0,1.0
0.5399999999999769,9.957270301378445,8.133070066553648,727.6151157821805,0.0,75,0.0,1.0
0.559999999999997,9.965404148900667,8.20545854709973,740.625049649892,0.0,75,0.0,1.0
0.580000000000017,9.972958719851189,8.274115203517539,753.070806411881,0.0,75,0.0,1.0
0.600000000000037,9.980011360509742,8.338759091390488,764.8839350267226,0.0,75,0.0,1.0
0.620000000000057,9.986671660573702,8.399616968964848,776.0892174785444,0.0,75,0.0,1.0
0.640000000000077,9.993053279914706,8.45715438086877,786.7580624403263,0.0,75,0.0,1.0
0.660000000000097,9.999243256177705,8.511847069382585,796.9669458581258,0.0,75,0.0,1.0
0.680000000000117,10.005282786155108,8.564030760185082,806.7688514753589,0.0,75,0.0,1.0
0.700000000000137,10.011167295662867,8.613840253873757,816.180683111815,0.0,75,0.0,1.0
0.720000000000157,10.01686113297611,8.66123018405108,825.1859913122926,0.0,75,0.0,1.0
0.740000000000177,10.022317661695864,8.706052168453603,833.7487879581925,0.0,75,0.0,1.0
0.760000000000197,10.027496485949612,8.74815392718682,841.8321684712961,0.0,75,0.0,1.0
0.780000000000217,10.032374565765021,8.787468946181106,849.41571528107,0.0,75,0.0,1.0
0.800000000000237,10.036951204783755,8.824067118861374,856.5057656998752,0.0,75,0.0,1.0
0.820000000000257,10.041247981377358,8.858157769527006,863.1365497681483,0.0,75,0.0,1.0
0.840000000000277,10.045301737051103,8.890049971298673,869.362873414063,0.0,75,0.0,1.0
0.860000000000297,10.049152586863396,8.920089214546152,875.2479075500885,0.0,75,0.0,1.0
0.880000000000317,10.052831576167435,8.94858762012054,880.8494243447204,0.0,75,0.0,1.0
0.900000000000337,10.056352997516393,8.975769946197396,886.2089073976643,0.0,75,0.0,1.0
0.920000000000357,10.059713978022902,9.001749569950377,891.3464485211198,0.0,75,0.0,1.0
0.940000000000377,10.062899271578555,9.026544927702853,896.2636466502191,0.0,75,0.0,1.0
0.960000000000397,10.065889186476966,9.050125660421408,900.9525191635981,0.0,75,0.0,1.0
0.980000000000417,10.06866625397226,9.072468435419717,905.4065186285579,0.0,75,0.0,1.0
1.000000000000437,10.071220969250176,9.09360108503407,909.6293876310609,0.0,75,0.0,1.0
1.020000000000457,10.073554606058371,9.113621567792684,913.6390788902958,0.0,75,7.711001607445222e-6,1.0
1.040000000000477,10.075678776795916,9.132687332936028,917.4657571328719,0.0,75,0.0001289518069557988,1.0
1.060000000000497,10.0776121135208,9.150986923325485,921.1461783796143,0.0,75,0.0006396983412870059,1.0
1.080000000000517,10.079375041849161,9.168702695150527,924.716200232666,0.0,75,0.0019501179931655968,1.0
1.100000000000537,10.08098306258118,9.18597237321428,928.202972856016,0.0,75,0.004564835925361299,1.0
1.120000000000557,10.082443286461421,9.202865174168284,931.6200015531139,0.0,75,0.00905071594936478,1.0
1.140000000000577,10.083754479433432,9.21938068941934,934.9667832608206,0.0,75,0.016010935009498142,1.0
1.160000000000597,10.084910363369065,9.235471437457154,938.2332593929559,0.0,75,0.02606431393300764,1.0
1.180000000000617,10.085903761910686,9.25108331138809,941.4079667766755,0.0,75,0.0398290243703751,1.0
1.200000000000637,10.086730045538966,9.266202749190178,944.4876472800958,0.0,75,0.057909926435505785,1.0
1.220000000000657,10.087388487136069,9.280886006608034,947.483295744181,0.0,75,0.08088890662312526,1.0
1.240000000000677,10.0878817018073,9.295259170790084,950.4202735737288,0.0,75,0.1093176838641215,1.0
1.260000000000697,10.088213363814804,9.309494512130255,953.3335687852168,0.0,75,0.1437126354386682,1.0
1.280000000000717,10.08838494940275,9.323772727965977,956.2601167103834,0.0,75,0.1845512659383585,1.0
1.300000000000737,10.088391790593114,9.338249291595986,959.2318981519223,0.0,75,0.23227000330893333,1.0
1.320000000000757,10.088219298241652,9.353035861913307,962.2720781766003,0.0,75,0.28726305772898253,1.0
1.340000000000777,10.087841817750773,9.36820558611166,965.3960349401909,0.0,75,0.34988212299225313,1.0
1.360000000000797,10.087222369383856,9.383814839672038,968.6157903977406,0.0,75,0.4204367372857411,1.0
1.380000000000817,10.086313130709406,9.399937541808958,971.9470836890038,0.0,75,0.49919515175997664,1.0
1.400000000000837,10.085054886439744,9.416700379863304,975.4167064852946,0.0,75,0.5863855819038923,1.0
1.420000000000857,10.083373811285258,9.43430823031404,979.0678896302834,0.0,75,0.6821977391797365,1.0
1.440000000000877,10.081157103910966,9.451935621518105,982.7299569265514,0.0,75,0.7867845592581546,1.0
1.460000000000897,10.078347095567334,9.468671420139856,986.2131230883065,0.0,75,0.9002640590474633,1.0
1.480000000000917,10.075084543026914,9.489805602378112,990.6205140801972,0.0,75,1.0227212679866924,1.0
1.500000000000937,10.07164088735929,9.515310416460803,995.9524555376821,0.0,75,1.1542101901572608,1.0
1.520000000000957,10.072501208347305,9.612614929748698,1016.4260236639033,0.0,75,1.2947557629953417,1.0
1.540000000000977,10.083324102776347,10.012133226010267,1102.6709290891663,0.11888196975545166,75,1.4443557860403882,1.0
1.560000000000997,10.101973376117035,10.66799945652409,1251.868336448381,167.67072909921444,74,1.6029827994780508,1.0
1.580000000001017,10.114257539228934,11.49205123023,1452.7396562605395,176.71814441963136,74,1.770585897435334,1.0
1.600000000001037,10.128399329298318,12.8669276210436,1821.1360904569217,252.42443543124384,74,1.947092465239513,1.0
1.620000000001057,10.163172619085994,14.999453170994267,2474.8195497173497,228.55119592403773,73,2.132409833310979,1.0
1.640000000001077,10.214542081695871,17.95601518557308,3546.603294789841,146.54811260966434,73,2.3264268431522317,1.0
1.660000000001097,10.292903957824683,21.00229534248942,4852.06050618468,0.0,75,2.529015323130018,1.0
1.680000000001117,10.372829469124067,22.836358794800294,5736.49211305338,18.084484483280555,74,2.740031473517684,1.0
1.700000000001137,10.363499137006945,22.979204539510143,5808.482253955079,0.0,75,2.959317161648952,1.0
1.720000000001157,10.264126304147526,22.280807225043045,5460.778076594834,0.0,75,3.186701129098946,1.0
1.740000000001177,10.237380061957108,20.92868409561446,4818.107997714283,29.38365590161391,73,3.4220001136092777,1.0
1.760000000001197,10.29686302673042,18.787517098985774,3882.6787861915113,1.5097867011304968,75,3.6650198890595225,1.0
1.780000000001217,10.342806992154683,16.580695318194213,3024.1140295826626,1227.4346064904978,72,3.91555622719626,1.0
1.800000000001237,10.239370008904041,14.438899421187275,2293.2999814467844,1646.3368853722052,72,4.173395785097353,1.0
1.820000000001257,10.097489342793398,12.683799076522504,1769.6663491495246,2827.3443021639846,73,4.438316922500783,1.0
1.840000000001277,10.030959939199208,11.361934997631598,1420.0292357944634,4016.4365748381347,71,4.710090453187765,1.0
1.860000000001297,9.96112590083386,10.276224114855314,1161.6086026460725,445.4377574113257,70,4.988480334598238,1.0
1.880000000001317,9.895644789857768,9.436833272181792,979.5920442765304,578.8781383469266,71,5.273244299790079,1.0
1.900000000001337,9.831529684108455,8.740818919631627,840.4210692436923,417.7671456701015,69,5.5641344357429565,1.0
1.920000000001357,9.727483309264823,8.140124891307096,728.8779657068509,438.951652070475,70,5.860897711867634,1.0
1.940000000001377,9.61821360765338,7.543950578709939,626.0230936741983,7796.318344917227,70,6.163276462417257,1.0
1.960000000001397,9.604853556466484,6.912071316794475,525.5440287729821,4219.489666220478,67,6.471008826318719,1.0
1.980000000001417,9.673297768173223,6.501538492138954,464.970030412409,1647.5606097135308,71,6.783829147754112,1.0
2.000000000001437,9.673960177532374,6.295891452735238,436.0207410308709,2543.246541221598,67,7.101468340629415,1.0
2.020000000001346,9.711252771594536,6.159847541212563,417.380939040807,1543.6515816495087,67,7.423654219874134,1.0
2.040000000001255,9.769249913413244,5.980293163489785,393.4029695341093,1137.7944177948477,69,7.7501118023235644,1.0
2.060000000001164,9.767853635158893,5.941358043379942,388.2970893959909,2224.131555386616,65,8.080563579748443,1.0
2.080000000001073,9.748339611047207,6.094565667364075,408.5810374119421,3336.7531950451194,67,8.41472976641478,1.0
2.100000000000982,9.732893234931197,6.087600616737993,407.6476939579968,838.2853097930956,62,8.752328523382278,1.0
2.120000000000891,9.705045004527108,5.908970610829044,384.07527047605504,1085.489082220449,67,9.093076161583538,1.0
2.1400000000008,9.692217613503637,5.8872405682367015,381.255616591212,1726.482633345682,70,9.43668732556812,1.0
2.160000000000709,9.746202247537559,5.857219710833294,377.3772501507146,3628.1570077770743,69,9.782875159646437,1.0
2.180000000000618,9.773229948921477,5.925935542573235,386.2838326020602,4822.830658525858,69,10.131351458028211,1.0
2.200000000000527,9.737959165550679,6.011466305061744,397.5149985058197,7825.309481130864,72,10.481826800419146,1.0
2.220000000000436,9.716371480783462,6.359399235236696,444.86154496441975,13126.298352561307,71,10.834010674416954,1.0
2.240000000000345,9.740701403274445,6.947131462495174,530.8889911290938,18074.521069957147,71,11.187611585933665,1.0
2.260000000000254,9.78950922888596,8.526427785456836,799.699678586714,26685.311602043625,70,11.542337158765697,1.0
2.280000000000163,9.854128616421342,11.357229751839862,1418.8533439968419,22047.073929297483,68,11.897894224335053,1.0
2.3000000000000718,9.967941619737292,12.807483292742432,1804.347911232642,4761.914567311715,67,12.253988902534777,1.0
2.3199999999999807,9.987647375454753,12.779601774316323,1796.500436611198,4178.375936985863,66,12.61032667452846,1.0
2.3399999999998897,9.898025842818486,12.609779633743976,1749.0719665274278,3503.93423629138,68,12.966612448276543,1.0
2.3599999999997987,9.83247371530974,12.473963205648861,1711.5973386146977,3429.360485097462,69,13.322550617492602,1.0
2.3799999999997077,9.796254672414138,11.961655839118809,1573.893314548776,4082.507674361047,68,13.677845114667353,1.0
2.3999999999996167,9.79547834120456,10.984063222971228,1327.14609374852,4002.189687667675,66,14.032199458739552,1.0
2.4199999999995256,9.807485431649056,10.006699005445666,1101.47427484146,3521.429188229447,66,14.385316797938764,1.0
2.4399999999994346,9.769600182079177,9.362799223431116,964.2821022811055,6770.89554182164,67,14.736899948275626,1.0
2.4599999999993436,9.746862778769243,8.877790269079455,866.9667606793804,8201.524125886097,69,15.086651428110217,1.0
2.4799999999992526,9.768608246784446,8.737035307290311,839.6936455692124,6423.512318948684,71,15.434273489188303,1.0
2.4999999999991616,9.77525561597956,8.43308780220767,782.2866686771815,5138.726704593052,70,15.77946814449717,1.0
2.5199999999990705,9.767906981022142,8.26978652331241,752.2830605527552,5174.156585272627,71,16.121937193260255,1.0
2.5399999999989795,9.8211672297647,8.415878700818343,779.0971573757663,6696.380661928479,71,16.461382243357246,1.0
2.5599999999988885,9.89244007506673,8.273755961835308,753.0054148760582,4321.232817429609,69,16.797504731429473,1.0
2.5799999999987975,9.970747505155696,8.49912161421206,794.5857503448326,384.6600234353387,73,17.13000594090487,1.0
2.5999999999987065,9.962191173515185,9.069987694329253,904.9114445281248,143.20475793377062,74,17.458587018153203,1.0
2.6199999999986154,9.942097669803934,9.858449316381796,1069.0792521603555,510.17809600246215,73,17.782948986961834,1.0
2.6399999999985244,9.976589426650111,11.424789056571313,1435.783854858668,192.2150429522932,74,18.102792761503977,1.0
2.6599999999984334,10.089133290299175,13.981472771252271,2150.2973893859553,0.0,75,18.417819157952813,1.0
2.6799999999983424,10.172867257820975,16.483253481331573,2988.6740986281234,13.481088086871903,74,18.727728904881097,1.0
2.6999999999982514,10.178991326381531,17.511470172723822,3373.167463712157,103.98926045310145,73,19.032222652571132,1.0
2.7199999999981603,10.09242377139517,16.391509994610082,2955.4975989374243,4.986961953437557,75,19.331000981346953,1.0
2.7399999999980693,10.048587625269322,14.809023173141941,2412.3788407692055,90.00672815219454,74,19.623764409030578,1.0
2.7599999999979783,10.063426046397641,13.345410201750452,1959.0997079828355,12.584104239989628,74,19.910213397612264,1.0
2.7799999999978873,10.091617450111176,11.966225987953257,1575.096208342447,909.5433455386935,71,20.190048359217272,1.0
2.7999999999977963,10.13794737616466,10.827346587473645,1289.545775378049,598.1856138314217,71,20.462969661441385,1.0
2.8199999999977052,10.145657385597223,9.828361436829574,1062.5635738625456,288.79041439977084,69,20.72867763212191,1.0
2.839999999997614,10.087586345474953,9.002374869306593,891.4702861627518,1334.1849906411596,67,20.986872563602418,1.0
2.859999999997523,10.054759386718004,8.38853276602221,774.0423016329107,531.8813277613846,66,21.2372547165449,1.0
2.879999999997432,10.066491323148174,8.028404707023823,709.0081035373851,305.02319856423117,67,21.47952432333624,1.0
2.899999999997341,10.097442103686818,7.714910725061058,654.7183224522836,718.8206165335547,69,21.71338159113184,1.0
2.91999999999725,10.174443168287405,7.277436276227211,582.5718663000255,1105.3633166852335,70,21.938526704574812,1.0
2.939999999997159,10.235014378918628,7.026798126426829,543.1348110051116,2705.8823850878616,67,22.154659828224524,1.0
2.959999999997068,10.20039793446702,7.476481890101277,614.875595983136,7997.7336595414035,69,22.361481108725616,1.0
2.979999999996977,10.164459716783153,7.938019936911786,693.133765706899,6682.177285336108,69,22.558690676744863,1.0
2.999999999996886,10.142020306295812,8.030407051086245,709.3618114674925,1971.771479274364,67,22.745988648699907,1.0
3.019999999996795,10.145349903537218,7.655397913182781,644.6562893007961,1009.4338835348265,67,22.923082898871865,1.0
3.039999999996704,10.174718551385023,7.182213113403626,567.4260372698171,2329.744970836604,71,23.089781223212203,1.0
3.059999999996613,10.218584547768243,6.85999271957647,517.6545012390638,6350.998550285056,69,23.24606933481702,1.0
3.079999999996522,10.177368860779108,7.171087125692306,565.6693962069694,6333.193282154732,70,23.392081324159868,1.0
3.099999999996431,10.136605551330414,7.946156533601778,694.5554402215245,6583.558413841649,69,23.528064807258758,1.0
3.11999999999634,10.127566073878786,8.80020839347903,851.8803454552465,5133.430813393099,72,23.654352237303115,1.0
3.139999999996249,10.157170549203059,10.04289701028338,1109.4575839507472,10945.767330891154,70,23.771337409865758,1.0
3.159999999996158,10.255939875296374,11.745157636606624,1517.4360069961278,19222.116989976465,70,23.87945633496648,1.0
3.179999999996067,10.355068671851933,13.144963827367066,1900.6908142506747,23076.228621554776,72,23.979171772114746,1.0
3.199999999995976,10.398991019806733,14.342572664018636,2262.803296849201,13518.389061695449,69,24.070960829823285,1.0
3.219999999995885,10.34391926379276,14.519086538983148,2318.842613191298,10763.911909148199,67,24.155305121380515,1.0
3.239999999995794,10.264968468457608,14.10593778257843,2188.75228798571,7794.868131774718,68,24.23268304597927,1.0
3.259999999995703,10.267917240018585,13.249082303372816,1930.920000697014,3821.0176734206443,70,24.303563830437927,1.0
3.2799999999956118,10.305994941133166,12.040426245495564,1594.6905059054022,1196.5884444524195,69,24.36840302327277,1.0
3.2999999999955207,10.358245205500255,10.887847595874536,1303.9974779809,730.1437963870051,64,24.427639181139487,1.0
3.3199999999954297,10.32936009816047,9.797889590443873,1055.9850446918126,1904.6855127974475,70,24.481691528819905,1.0
3.3399999999953387,10.271066813004687,8.949326979208978,880.9949871887746,3076.41616256281,69,24.53095840899105,1.0
3.3599999999952477,10.256021413297015,8.43271042430547,782.2166561020914,1163.6380619027157,69,24.57581636784581,1.0
3.3799999999951567,10.271069246239787,8.09755309128097,721.2740267272538,1742.4939012022921,67,24.61661974798026,1.0
3.3999999999950656,10.307966760004154,7.8761640037531695,682.3735535541887,3469.246736019321,66,24.65370068147046,1.0
3.4199999999949746,10.39097003286242,7.676966375484518,648.2939400335189,4059.756073227993,64,24.68736939428092,1.0
3.4399999999948836,10.429031952914556,7.4794485407746025,615.3636552150487,6800.68148540611,64,24.717914748554353,1.0
3.4599999999947926,10.356409539516465,8.029483576091291,709.1986714859177,13608.18945932021,63,24.745604962344,1.0
3.4799999999947016,10.306745785933192,9.067252806880166,904.3658081026388,12132.505405487054,66,24.770688457306033,1.0
3.4999999999946105,10.305527405448746,9.486090385309648,989.8450187809055,5217.068909165831,64,24.79339479408585,1.0
3.5199999999945195,10.32406328421326,9.070189178422948,904.9516490561883,1839.6984054711213,61,24.813935662859166,1.0
3.5399999999944285,10.370354297078324,8.461628787025711,787.5907790236442,3930.472580121807,65,24.832505902950967,1.0
3.5599999999943375,10.363732061669321,8.56137863194095,806.2692448740061,12003.075820291433,64,24.849284530848227,1.0
3.5799999999942465,10.293610926957607,9.674029929800495,1029.4554059094335,16735.326664036584,64,24.864435760401,1.0
3.5999999999941554,10.252108162943342,10.765283460335006,1274.8046077949869,13250.714479862734,65,24.878110002719502,1.0
3.6199999999940644,10.257468638241981,11.248327358880411,1391.7735520979134,8786.906932202084,66,24.890444836332563,1.0
3.6399999999939734,10.28846042176287,11.330529542114832,1412.1898967521065,7408.261151013537,69,24.901565940687192,1.0
3.6599999999938824,10.361816628518154,11.07770715901048,1349.8715549087124,8957.96154435513,69,24.91158798811685,1.0
3.6799999999937913,10.424113802527154,11.049469319801316,1342.9984947415362,11876.634229944544,67,24.920615491068617,1.0
3.6999999999937003,10.415421528576074,11.39711724463017,1428.8370963663103,8725.082341762147,68,24.928743602718082,1.0
3.7199999999936093,10.367943218243411,11.787624448365342,1528.4289914927037,7266.896075334426,67,24.936058870165088,1.0
3.7399999999935183,10.356930598858128,11.726939273601095,1512.7321519940058,3582.3102915714403,67,24.942639940245705,1.0
3.7599999999934273,10.39614662111569,11.449519998858271,1442.0065902468107,4898.144549266248,70,24.948558218648337,1.0
3.7799999999933362,10.502441577953292,10.940541999659205,1316.6500517093775,5982.169107944025,71,24.95387848352001,1.0
3.7999999999932452,10.568419467856502,10.770303533300538,1275.9938201936866,8338.964261696998,69,24.958659455120035,1.0
3.819999999993154,10.509444009011263,11.126543879050411,1361.7997656167759,11458.101147172527,70,24.96295432334611,1.0
3.839999999993063,10.447171722888175,11.94116144680203,1568.5047036845026,13336.95907036772,69,24.966811235138284,1.0
3.859999999992972,10.456436291985835,12.592824010549483,1744.3713821673873,11112.236921041413,69,24.97027374388139,1.0
3.879999999992881,10.495732216305711,12.730352734465976,1782.6806881831787,7571.289279595782,68,24.973381222984546,1.0
3.89999999999279,10.610815645487662,11.995850559600347,1582.9047371309039,3741.1953419775177,69,24.976169245831898,1.0
3.919999999992699,10.688234543063935,11.153518067191303,1368.410618026791,3293.1848957643115,69,24.978669934280095,1.0
3.939999999992608,10.631903486831389,10.873428039883239,1300.5458107237096,7452.252489231019,71,24.980912277833202,1.0
3.959999999992517,10.546385073229013,11.371942666787243,1422.5318801836577,8929.751172672268,71,24.98292242556089,1.0
3.979999999992426,10.537397330074109,11.451408952726364,1442.4824370283968,5606.525421572659,70,24.98472395274709,1.0
3.999999999992335,10.555040728293664,10.887655370585687,1303.951434155077,1226.3972714964113,66,24.986338104166816,1.0
4.019999999992466,10.595977916352645,9.977557762421364,1095.068247927003,402.81117925147333,70,24.98778401579293,1.0
4.039999999992597,10.626313461299787,9.21361788706519,933.798300257324,196.3778771873381,69,24.989078916635197,1.0
4.059999999992728,10.546221181020776,8.706725131158262,833.8776876049712,1240.1064169303186,74,24.99023831231242,1.0
4.079999999992859,10.50450418419822,8.869506732469091,865.3496464504599,2963.2652718870145,73,24.991276151858212,1.0
4.09999999999299,10.508448263504373,8.86614919662008,864.6946173439959,1655.3414842572647,74,24.992204979159624,1.0
4.119999999993121,10.537060068487973,8.501160057495168,794.9669455546639,95.53841744200517,74,24.993036070333055,1.0
4.139999999993252,10.602978085121501,7.983795085067396,701.1508235638095,0.0,75,24.993779558246956,1.0
4.159999999993383,10.64346334241036,7.76941858305364,664.0025163056915,0.0,75,24.99444454531141,1.0
4.179999999993514,10.566805698507075,8.524723819659789,799.3800782162248,15.69610422800441,74,24.99503920556941,1.0
4.199999999993645,10.498341783699095,9.590623936858718,1011.7807424807215,6.015539577305425,74,24.995570877044127,1.0
4.219999999993776,10.494889700281652,9.803928672285586,1057.2871915238975,0.0,75,24.99604614521983,1.0
4.239999999993907,10.504015896334838,9.277715382941578,946.8360299955787,159.6588229684132,74,24.996470918463096,1.0
4.259999999994038,10.549128689954145,8.743448652770846,840.9268377800436,2003.342931045357,74,24.99685049612344,1.0
4.279999999994169,10.58960759598475,8.944894554466742,880.1225244958166,321.16536394262096,71,24.99718962999132,1.0
4.2999999999943,10.530660088417823,9.930934433131583,1084.8580458667436,0.9592466278619411,75,24.997492579732384,1.0
4.319999999994431,10.476841386432708,10.968237366879515,1323.324540298333,0.0,75,24.997763162863816,1.0
4.339999999994562,10.47922716396799,11.265339183426322,1395.9865360940448,1.013982794386282,75,24.99800479978897,1.0
4.3599999999946935,10.512257677553846,11.145093261558866,1366.3441418972934,0.0,75,24.998220554360667,1.0
4.3799999999948245,10.593494038299795,10.771312570086929,1276.2329193076393,0.0,75,24.998413170401253,1.0
4.3999999999949555,10.642705308189187,10.647509104933391,1247.0639515360342,236.35978763373703,73,24.998585104568388,1.0
4.4199999999950865,10.606009528542954,11.085261067543527,1351.7131422915588,0.0,75,24.99873855592109,1.0
4.4399999999952176,10.555453981430032,11.707047830011405,1507.6046578359224,0.0,75,24.99887549250668,1.0
4.459999999995349,10.555763490521294,11.970547640988952,1576.234119077048,0.0,75,24.998997675260036,1.0
4.47999999999548,10.608865032543953,11.972814975268788,1576.8312827522261,7.495705087187304,74,24.99910667947936,1.0
4.499999999995611,10.720075782358434,11.543658532606079,1465.8165754915005,0.0,75,24.99920391411744,1.0
4.519999999995742,10.766560794172984,11.563474472202826,1470.8533605621503,7.8949903014463905,74,24.99929063910507,1.0
4.539999999995873,10.675552152920865,12.20372261324242,1638.2393018306084,9.544625359885703,74,24.99936798090252,1.0
4.559999999996004,10.621801145674397,12.951311906359088,1845.1012810537854,26.35535687357806,74,24.99943694645549,1.0
4.579999999996135,10.629216881734793,13.067624697841312,1878.3909676799547,29.39929702506342,74,24.999498435716184,1.0
4.599999999996266,10.665660854788351,12.326044940575878,1671.2452226480582,3.9191394029179127,75,24.999553252873557,1.0
4.619999999996397,10.737887327843266,11.150330082526015,1367.6284704421307,3.441275154299416,75,24.999602116422615,1.0
4.639999999996528,10.756692408750936,10.191811698184399,1142.603282603732,0.0,75,24.999645668191317,1.0
4.659999999996659,10.669252012547917,9.670925348447222,1028.7947680476293,0.0,75,24.999684481429778,1.0
4.67999999999679,10.635495632909857,9.741936348979436,1043.9585621032347,0.0,75,24.999719068058347,1.0
4.699999999996921,10.64130326631544,9.52340624393331,997.6479313568676,214.6667873886005,74,24.999749885159687,1.0
4.719999999997052,10.6792236454781,8.980689784082356,887.1806789771333,37.583593792462736,74,24.9997773407929,1.0
4.739999999997183,10.758206830219182,8.341566686127802,765.3990825702887,0.0,75,24.999801799198753,1.0
4.759999999997314,10.757425412981716,8.255738636413847,749.72942476054,0.0,75,24.99982358545949,1.0
4.779999999997445,10.647383738758611,9.452615712873833,982.8713819679621,8.683326812928948,74,24.999842989668608,1.0
4.799999999997576,10.618492229073214,10.57381402525735,1229.8609734480196,0.0,75,24.99986027066207,1.0
4.819999999997707,10.622869473107574,10.60738633701076,1237.6830939286283,2.348661522101718,75,24.99987565935607,1.0
4.839999999997838,10.64940947997982,9.898867382674117,1077.8633300574647,6.445254764933055,73,24.99988936173217,1.0
4.859999999997969,10.690996495100608,9.165402579634872,924.0506489145532,230.98144925382195,74,24.99990156150677,1.0
4.8799999999981,10.679484750006896,9.178312041339183,926.6555312101102,160.07780988283693,74,24.99991242251788,1.0
4.899999999998231,10.610448441879461,10.052884779220344,1111.6654162270806,1884.876391756343,73,24.999922090858426,1.0
4.919999999998362,10.592181689892143,10.676180412813611,1253.7891102763951,794.2089845724854,74,24.999930696782915,1.0
4.939999999998493,10.594566472141318,10.41480227320718,1193.1491702900157,99.03866715004804,74,24.999938356411285,1.0
4.959999999998624,10.62813012887652,9.87791741333003,1073.3057766702548,0.0,75,24.99994517325113,1.0
4.979999999998755,10.69861128048197,9.627789172247772,1019.6375677977658,225.58279038411814,74,24.999951239557397,1.0
4.999999999998886,10.691292439101666,10.26459085504257,1158.9800796356592,9.536381317093847,74,24.999956637546987,1.0
5.019999999999017,10.612385273577566,11.348248476530609,1416.6101783358722,0.0,75,24.999961440483155,1.0
5.039999999999148,10.599033489324173,11.85164865888514,1545.0773352701933,0.0,75,24.999965713643828,1.0
5.059999999999279,10.610309092216488,11.629230170670914,1487.628937986869,10.789158755140274,74,24.999969515186233,1.0
5.07999999999941,10.671743328887725,11.126566817442916,1361.8053805732393,0.0,75,24.999972896918468,1.0
5.099999999999541,10.750645683801793,10.634669237870611,1244.0580877880263,3.652932096645445,75,24.99997590498814,1.0
5.119999999999672,10.740794088495123,10.90094524320215,1307.1366791482073,4.656195862933005,75,24.999978580496936,1.0
5.139999999999803,10.663739709720387,11.514664399135334,1458.4624584718617,0.0,75,24.999980960049015,1.0
5.159999999999934,10.650104494244868,11.817868089948814,1536.2820681057344,0.0,75,24.999983076240067,1.0
5.180000000000065,10.664044649454828,11.727689249727593,1512.9256465199378,1.1932034655794317,75,24.99998495809369,1.0
5.2000000000001965,10.737474976820886,11.256180998030201,1393.717717264578,3.9722096391100097,75,24.999986631450636,1.0
5.2200000000003275,10.816450096169191,10.842875353622508,1293.2474052761388,311.49854111252455,74,24.999988119315915,1.0
5.2400000000004585,10.777555572160878,11.375171976910101,1423.3399125470894,2.6968094022997504,75,24.99998944216813,1.0
5.2600000000005895,10.698139862194767,12.325357036621975,1671.058686882275,2.328908599983048,75,24.99999061823542,1.0
5.280000000000721,10.696725028052834,12.789212450625595,1799.203506179604,0.0,75,24.99999166374166,1.0
5.300000000000852,10.724137088870988,12.517229615871349,1723.4914098209147,21.860195044800736,74,24.999992593125416,1.0
5.320000000000983,10.7988170899337,11.508346026757362,1456.8623109874015,0.0,75,24.999993419235434,1.0
5.340000000001114,10.866580215769607,10.522404697560834,1217.9310068117534,292.5063189225965,73,24.999994153505053,1.0
5.360000000001245,10.800172079221054,10.16915296327219,1137.528391894703,14.148085526979948,74,24.99999480610705,1.0
5.380000000001376,10.726530990841127,10.782149803636525,1278.8022982686507,0.0,75,24.99999538609218,1.0
5.400000000001507,10.720485258938721,10.866727331662778,1298.9433919077753,0.0,75,24.99999590151213,1.0
5.420000000001638,10.739463682075355,10.25936690191025,1157.8007015081266,283.82937304087176,72,24.9999963595295,1.0
5.440000000001769,10.786004716140907,9.443290231614617,980.9330343835884,1354.8293113643435,74,24.999996766515427,1.0
5.4600000000019,10.818771252665803,8.749385593468466,842.0692308951288,217.0408791151464,74,24.99999712813652,1.0
5.480000000002031,10.730777685279929,8.912191590227009,873.6987483500432,707.9137947984676,74,24.99999744943271,1.0
5.500000000002162,10.68596254555468,9.737336910930523,1042.9730312866698,2.6222209119259627,75,24.99999773488608,1.0
5.520000000002293,10.691829364420261,9.859165713551011,1069.234634239858,0.0,75,24.99999798848225,1.0
5.540000000002424,10.715218833467782,9.338560659794672,959.2958671633115,0.0,75,24.999998213765302,1.0
5.560000000002555,10.773413651527163,8.682256691862904,829.1973938973799,0.0,75,24.999998413886555,1.0
5.580000000002686,10.796119319568273,8.757907214728313,843.7103265996925,4.679618560529433,75,24.999998591647703,1.0
5.600000000002817,10.705677656773005,9.924998541881132,1083.5615566197687,8.04266052265793,74,24.999998749539518,1.0
5.620000000002948,10.667675269603729,10.997010493941474,1330.2766378424478,0.0,75,24.999998889776357,1.0
5.640000000003079,10.66756168759155,10.953070838575409,1319.667368743361,0.0,75,24.999999014326562,1.0
5.66000000000321,10.685667475688284,10.272479999279648,1160.7622986916044,138.74493909827072,74,24.999999124939695,1.0
5.680000000003341,10.73969569410706,9.70445416548148,1035.940737149239,975.8553558180129,74,24.999999223170924,1.0
5.700000000003472,10.750788656777646,9.930279458236003,1084.7149513053032,43.55935510270586,73,24.999999310402377,1.0
5.720000000003603,10.67535429748806,10.947339458437716,1318.2866534009413,800.6200276676158,74,24.99999938786242,1.0
5.740000000003734,10.65295242159496,11.587204536894461,1476.8963987781033,1565.1037226741887,74,24.9999994566426,1.0
5.760000000003865,10.65649575177753,11.356014653129844,1418.549756823097,2322.0055182090023,73,24.999999517713004,1.0
5.780000000003996,10.694719688519292,10.778757826867617,1277.997823192859,475.5423404580335,73,24.999999571935565,1.0
5.800000000004127,10.776030109998565,10.292711267237324,1165.338957537856,171.13720174658957,74,24.99999962007607,1.0
5.820000000004258,10.786764448453404,10.571627341581621,1229.352351142037,3.099719872596557,75,24.99999966281499,1.0
5.840000000004389,10.704635399018818,11.448319186386376,1441.7041341272065,0.0,75,24.999999700756902,1.0
5.86000000000452,10.685825046360064,11.955872242011512,1572.3716917403153,0.0,75,24.999999734438866,1.0
5.880000000004651,10.690968043750832,11.810376103933665,1534.3348208800408,0.0,75,24.999999764338025,1.0
5.900000000004782,10.746296872155446,11.363565035431343,1420.436713459255,0.0,75,24.999999790878167,1.0
5.920000000004913,10.832340086915849,10.874624380306228,1300.8320095402569,1.4350204844622212,75,24.999999814435736,1.0
5.940000000005044,10.815888190925216,11.29488088632904,1403.3176765999717,2.208241609621711,75,24.999999835345182,1.0
5.960000000005175,10.730758372996652,12.145804763402287,1622.7263068575426,0.0,75,24.999999853903407,1.0
5.980000000005306,10.720452732707667,12.562394465129557,1735.951301672695,20.899127195282013,74,24.99999987037428,1.0
6.000000000005437,10.736959916542864,12.303794641701158,1665.2169884366954,0.0,75,24.999999884992,1.0
6.0200000000055685,10.794136800975853,11.459568049372535,1444.5386986601984,3.0615334405517425,75,24.999999897964578,1.0
6.0400000000056995,10.86936098339804,10.558676532971944,1226.3421514072568,0.0,75,24.9999999094768,1.0
6.0600000000058305,10.82704744234776,10.384067497024711,1186.1174356104154,14.478827993717095,74,24.99999991969267,1.0
6.0800000000059615,10.752098354332137,11.105269794441787,1356.5971892807524,133.46334191082173,74,24.99999992875788,1.0
6.1000000000060925,10.746071369163149,11.379424174499494,1424.4042399750185,193.51462237584948,73,24.999999936801753,1.0
6.120000000006224,10.763923277757618,10.916367159371836,1310.8377915403312,97.25350515869238,73,24.999999943939134,1.0
6.140000000006355,10.819271003839548,10.056231068326431,1112.4056162953113,0.0,75,24.999999950271913,1.0
6.160000000006486,10.876750962637521,9.378042159622282,967.4244222241825,0.0,75,24.999999955890637,1.0
6.180000000006617,10.79924436745604,9.600259529672062,1013.8148134076516,8.55620750268954,74,24.999999960875666,1.0
6.200000000006748,10.735841996799687,10.51905087682811,1217.1547448422807,296.99549131473344,74,24.999999965298322,1.0
6.220000000006879,10.73718068148986,10.677841017758585,1254.1791768058047,228.29858168710487,74,24.999999969221907,1.0
6.24000000000701,10.755140582219648,10.068646209115986,1115.154001327803,37.08220609568262,74,24.999999972702653,1.0
6.260000000007141,10.80217710222204,9.276388136814603,946.5651455131817,115.613130928576,74,24.999999975790434,1.0
6.280000000007272,10.834427274381975,8.86404649379808,864.2845226863544,179.9156212832311,74,24.99999997852954,1.0
6.300000000007403,10.752101101613228,9.656862848080353,1025.8050007329803,164.51991308177267,74,24.999999980959263,1.0
6.320000000007534,10.711445929543547,10.688432263925312,1256.6684268657154,1102.0088740017077,73,24.9999999831145,1.0
6.340000000007665,10.714853037126247,10.705975280131746,1260.7969736867121,1894.3722249850575,74,24.99999998502616,1.0
6.360000000007796,10.733454494130934,10.060954334471967,1113.450823323633,1677.5863017396523,73,24.999999986721765,1.0
6.380000000007927,10.790825321069642,9.439029137764978,980.0479816993388,412.9865669713339,74,24.99999998822568,1.0
6.400000000008058,10.811944227949335,9.636426951658182,1021.4679683410861,133.9039885674687,72,24.999999989559527,1.0
6.420000000008189,10.726474024381892,10.791896176859368,1281.1152540132302,669.1547196941608,74,24.999999990742506,1.0
6.44000000000832,10.697199928935888,11.61226345789125,1483.2912887702412,1227.1561597325963,74,24.99999999179164,1.0
6.460000000008451,10.698649908204743,11.366111430982802,1421.073379676697,2192.389071674455,73,24.99999999272207,1.0
6.480000000008582,10.724108097650305,10.644848166525835,1246.4407173722727,1280.481710980418,74,24.999999993547203,1.0
6.500000000008713,10.791010520772016,10.056630331872416,1112.4939499512993,0.0,75,24.999999994278934,1.0
6.520000000008844,10.802736732997593,10.233758595518879,1152.0279649049219,7.301577504418724,74,24.9999999949278,1.0
6.540000000008975,10.724690404273307,11.176126729272433,1373.9638953563351,0.4209115654352106,75,24.99999999550319,1.0
6.560000000009106,10.707203718598969,11.721900462080422,1511.4324548721331,0.0,75,24.999999996013404,1.0
6.580000000009237,10.710769814719137,11.477506855326482,1449.06479975473,4.861690186260066,75,24.99999999646581,1.0
6.600000000009368,10.754876449735464,10.93519847995221,1315.3642237554402,0.0,75,24.999999996866947,1.0
6.620000000009499,10.838836678801583,10.516432340008059,1216.548840781641,0.0,75,24.999999997222613,1.0
6.64000000000963,10.828528960658042,11.021390035891706,1336.181421555783,0.0,75,24.99999999753796,1.0
6.660000000009761,10.74444640581289,11.991451978596272,1581.744126104785,0.0,75,24.999999997817554,1.0
6.680000000009892,10.73233449735839,12.423480328901755,1697.7714983086976,22.53189057410628,74,24.999999998065455,1.0
6.700000000010023,10.74292239630532,12.110863754555144,1613.4032296953728,0.0,75,24.99999999828523,1.0
6.720000000010154,10.791931235310612,11.346534204388837,1416.1822229650238,12.156921535746868,74,24.999999998480053,1.0
6.740000000010285,10.867278534911401,10.571154429675145,1229.242365736445,2.4994350923631883,75,24.999999998652793,1.0
6.760000000010416,10.83450915697895,10.664520662240097,1251.0520105088056,0.0,75,24.999999998805897,1.0
6.780000000010547,10.763176562420565,11.425033091219213,1435.8451924899944,0.0,75,24.99999999894164,1.0
6.800000000010678,10.756760240860364,11.668353798964818,1497.6552841559835,9.671099007823662,74,24.999999999061973,1.0
6.820000000010809,10.772684046560956,11.260966458667689,1394.9030214156257,6.745905848345069,74,24.999999999168665,1.0
6.84000000001094,10.829290668585479,10.461243545741263,1203.8137817564457,0.0,75,24.999999999263185,1.0
6.8600000000110715,10.892573387033327,9.848371829274601,1066.894704564145,250.90984051677688,72,24.999999999347022,1.0
6.8800000000112025,10.826887217201916,10.227362618925183,1150.5884075288698,2294.951453728261,73,24.99999999942131,1.0
6.9000000000113335,10.762423736565502,11.14798035743584,1367.0521265475284,706.010748575169,74,24.99999999948714,1.0
6.9200000000114645,10.761698315528065,11.28594010323163,1401.0968841510517,254.70279082066125,74,24.9999999995455,1.0
6.940000000011596,10.780350670302964,10.649376478285493,1247.5014131388637,9.863380200293403,74,24.99999999959727,1.0
6.960000000011727,10.832467969594124,9.787857181150036,1053.8236301844936,1.1860305478392266,75,24.999999999643098,1.0
6.980000000011858,10.872457450653144,9.252525774645319,941.7015653152356,0.0,75,24.999999999683784,1.0
7.000000000011989,10.790270260071843,9.827200132485803,1062.3124868832188,1.2325638813300173,75,24.99999999971972,1.0
7.02000000001212,10.748291748964169,10.731959063157987,1266.9243986662875,6.930832125956837,74,24.999999999751637,1.0
7.040000000012251,10.750963247927945,10.683737418341865,1255.5646974648591,2.982332195198917,75,24.999999999779913,1.0
7.060000000012382,10.768298243659332,9.99745177992777,1099.4394630117904,0.0,75,24.999999999805016,1.0
7.080000000012513,10.821631893502463,9.279866545466518,947.2751541183557,95.78809607028451,74,24.99999999982722,1.0
7.100000000012644,10.839117469295731,9.27312551495702,945.8994249776158,62.43288542844281,74,24.999999999846995,1.0
7.120000000012775,10.755563421992774,10.390183432620573,1187.5150293985332,0.41040767006296824,75,24.99999999986435,1.0
7.140000000012906,10.729108435595084,11.274923581204657,1398.3629193820534,0.0,75,24.999999999879787,1.0
7.160000000013037,10.7328391530026,11.07569423337263,1349.381030262801,0.0,75,24.99999999989351,1.0
7.180000000013168,10.756771565411196,10.36738296907818,1182.3089259028554,111.76209290052545,74,24.999999999905786,1.0
7.200000000013299,10.822054056660454,9.824404842721506,1061.7082356505875,1055.5714952663147,73,24.999999999916444,1.0
7.22000000001343,10.828818570117473,10.119928093174007,1126.5423907211375,965.0710393934893,73,24.99999999992584,1.0
7.240000000013561,10.747332678714272,11.253298941112844,1393.004107638566,1222.6527997263906,74,24.999999999934634,1.0
7.260000000013692,10.729902992105924,11.81339253546633,1535.1186751671273,1426.722389806969,74,24.99999999994174,1.0
7.280000000013823,10.732139660446103,11.4227417135529,1435.269310799956,1963.1797137253202,73,24.999999999948844,1.0
7.300000000013954,10.760607688819212,10.694073447200669,1257.9952758353463,486.1555105495604,74,24.99999999995422,1.0
7.320000000014085,10.829739222332522,10.164096683317517,1136.3974752660877,225.88105742362234,73,24.99999999995955,1.0
7.340000000014216,10.815513572906971,10.522486753197567,1217.950002183401,513.8633093641054,74,24.99999999996453,1.0
7.360000000014347,10.743155857561954,11.500250214900959,1454.813305058625,5.267242930437077,74,24.999999999968082,1.0
7.380000000014478,10.734751119793168,11.872299231059854,1550.4663793500683,0.0,75,24.999999999971635,1.0
7.400000000014609,10.746726277795233,11.515082353966553,1458.5683378049507,6.8184302793319596,74,24.999999999975188,1.0
7.42000000001474,10.801470581603903,10.904145971018535,1307.9043929300772,0.0,75,24.99999999997874,1.0
7.440000000014871,10.877072882724683,10.516981173025385,1216.6758229314746,266.31094376516603,71,24.999999999980545,1.0
7.460000000015002,10.841582727143704,11.106494943023085,1356.896529113371,8.285538308979262,73,24.99999999998232,1.0
7.480000000015133,10.768538435405462,12.049587722541634,1597.118207115487,0.0,75,24.999999999984098,1.0
7.500000000015264,10.760606629844155,12.240723416885158,1648.1884074554873,0.0,75,24.999999999985874,1.0
7.520000000015395,10.772750439727112,11.712962817287812,1509.128477550835,13.021188654368437,74,24.99999999998765,1.0
7.540000000015526,10.818909478940745,10.820484769552097,1287.911797129198,0.0,75,24.999999999989427,1.0
7.560000000015657,10.874214609746806,10.127195756540658,1128.1610328042461,219.58844722792603,74,24.999999999991203,1.0
7.580000000015788,10.815752647144254,10.319676590938752,1171.4529743572618,9.234375267584696,73,24.99999999999298,1.0
7.600000000015919,10.764390626977123,11.067025214630481,1347.2695181139354,0.0,75,24.99999999999447,1.0
7.62000000001605,10.76544073099302,11.09928515497518,1355.1354404659764,3.416081074277228,75,24.99999999999447,1.0
7.640000000016181,10.788765100059463,10.532829104524401,1220.3453783962793,0.9251056219889856,75,24.99999999999447,1.0
7.660000000016312,10.85685453439201,9.781024228613989,1052.3527845680726,0.0,75,24.99999999999447,1.0
7.6800000000164435,10.901163867020006,9.518196350652953,996.5566794654152,215.38408316388214,74,24.99999999999447,1.0
7.7000000000165745,10.814696540953607,10.474828086624223,1206.9422578876486,1150.5514006418296,74,24.99999999999447,1.0
7.7200000000167055,10.774169345026086,11.43395870155413,1438.0895274772997,12.987897327281441,74,24.99999999999447,1.0
7.7400000000168365,10.774520090852334,11.34678889135117,1416.2457995937934,0.0,75,24.99999999999447,1.0
7.7600000000169675,10.790797402866655,10.563739626067845,1227.518543760916,196.49583469001925,71,24.99999999999447,1.0
7.780000000017099,10.837642459436848,9.749411104379458,1045.5611857041724,1621.2749276501129,72,24.99999999999447,1.0
7.80000000001723,10.849008155270214,9.447691154125698,981.8475495811946,130.9711902866188,72,24.99999999999447,1.0
7.820000000017361,10.772973135453444,10.28207940250366,1162.9327252332903,1262.0473939508656,73,24.99999999999447,1.0
7.840000000017492,10.753089366971674,10.974949990069277,1324.9448001297378,1489.5365013047706,74,24.99999999999447,1.0
7.860000000017623,10.758871466693297,10.684369652154796,1255.7133035027505,1886.5273204210787,74,24.99999999999447,1.0
7.880000000017754,10.783900339669108,9.962889408366076,1091.8508189966624,473.370594866675,74,24.99999999999447,1.0
7.900000000017885,10.849481790249786,9.41714716962318,975.5092689577605,222.81343466928328,73,24.99999999999447,1.0
7.920000000018016,10.84369008863781,9.833395367887489,1063.6523090731023,1692.6427757590627,72,24.99999999999447,1.0
7.940000000018147,10.76344443982736,11.11294452793445,1358.4728968904308,0.0,75,24.99999999999447,1.0
7.960000000018278,10.7496814677855,11.711964647359544,1508.8712749109975,2.755373141456069,75,24.99999999999447,1.0
7.980000000018409,10.754118590079829,11.298120853764438,1404.1228830889354,10.710728216644158,74,24.99999999999447,1.0
8.00000000001854,10.781766853810122,10.540446046940387,1222.1110315530734,0.0,75,24.99999999999447,1.0
8.02000000001867,10.845339710729732,10.050136763053995,1111.0577385169838,205.45023686069774,74,24.99999999999447,1.0
8.040000000018802,10.821608987435534,10.488167198819868,1210.018163094411,107.71574110644875,74,24.99999999999447,1.0
8.060000000018933,10.753769380617678,11.513467333196058,1458.1592303583002,0.0,75,24.99999999999447,1.0
8.080000000019064,10.74770752582774,11.766109465949048,1522.8546516116537,3.131303981995351,75,24.99999999999447,1.0
8.100000000019195,10.757420555373791,11.243513305069238,1390.5825058539585,55.145409102406994,72,24.99999999999447,1.0
8.120000000019326,10.800808946462388,10.522615777299883,1217.9798707634848,1476.3423896747856,74,24.99999999999447,1.0
8.140000000019457,10.864668977229947,10.157339344377256,1134.886968125176,1279.802272244876,73,24.99999999999447,1.0
8.160000000019588,10.821269617201594,10.818537655569287,1287.4483270546766,6.39728601114101,74,24.99999999999447,1.0
8.180000000019719,10.762538710809029,11.837733875003291,1541.4513762494048,0.0,75,24.99999999999447,1.0
8.20000000001985,10.759795616906437,12.010865529918613,1586.8697985556585,0.0,75,24.99999999999447,1.0
8.220000000019981,10.776714906450245,11.503545017236185,1455.647027599374,9.421235250749493,73,24.99999999999447,1.0
8.240000000020112,10.837668409967739,10.809964435885545,1285.4086421562133,0.0,75,24.99999999999447,1.0
8.260000000020243,10.893396136593825,10.52045302342569,1217.479249999174,191.46179475562533,74,24.99999999999447,1.0
8.280000000020374,10.829074382808294,11.222875393382516,1385.4822530492984,3.9982542945214057,75,24.99999999999447,1.0
8.300000000020505,10.779876759713085,11.982980588163247,1579.5100615392694,0.0,75,24.99999999999447,1.0
8.320000000020636,10.778028320693835,11.840647117471706,1542.2101657654011,1.1602915238169835,75,24.99999999999447,1.0
8.340000000020767,10.794649045668573,11.107247504791356,1357.080418459632,3.937224523148188,75,24.99999999999447,1.0
8.360000000020898,10.848603967639159,10.238353469513033,1153.062699433585,0.0,75,24.99999999999447,1.0
8.38000000002103,10.880781032309242,9.776222906056839,1051.3198773980148,0.0,75,24.99999999999447,1.0
8.40000000002116,10.80585199793321,10.344119452794185,1177.008879790426,7.9613296267697455,74,24.99999999999447,1.0
8.420000000021291,10.778902932619255,11.022241682830474,1336.3879288619812,1.5577763517924732,75,24.99999999999447,1.0
8.440000000021422,10.783677961228687,10.860697977849497,1297.5023662267058,0.0,75,24.99999999999447,1.0
8.460000000021553,10.809508227925063,10.20454652661844,1145.4604679531253,0.0,75,24.99999999999447,1.0
8.480000000021684,10.882717526279082,9.58035049784559,1009.6142722772726,203.14971759004024,74,24.99999999999447,1.0
8.500000000021815,10.891849501362387,9.795353876463345,1055.4385332166003,2563.632799796329,74,24.99999999999447,1.0
8.520000000021946,10.803971192298624,10.968708404332698,1323.4382046520664,41.228958512229426,74,24.99999999999447,1.0
8.540000000022077,10.784924222578825,11.657875036531319,1494.9665540411813,0.0,75,24.99999999999447,1.0
8.560000000022209,10.78799364586707,11.249291282885396,1392.012098039215,0.0,75,24.99999999999447,1.0
8.58000000002234,10.808620302006437,10.373139659143089,1183.6222902689592,246.3623559412781,73,24.99999999999447,1.0
8.60000000002247,10.8572811324448,9.65589406641909,1025.5991924409814,1526.1987382623583,73,24.99999999999447,1.0
8.620000000022602,10.839488613013051,9.743790321018938,1044.3559480198057,0.0,75,24.99999999999447,1.0
8.640000000022733,10.774644384361139,10.731048340958294,1266.7093834558211,0.0,75,24.99999999999447,1.0
8.660000000022864,10.769599496830619,11.119167452528771,1359.9947332111267,5.134653958960677,74,24.99999999999447,1.0
8.680000000022995,10.779214805874659,10.651177158853187,1247.9233235620345,10.899251751436902,73,24.99999999999447,1.0
8.700000000023126,10.818140707465774,9.950750766173833,1089.1918489156005,0.0,75,24.99999999999447,1.0
8.720000000023257,10.88102219330592,9.655675179455036,1025.5526948825845,215.85815336076777,73,24.99999999999447,1.0
8.740000000023388,10.838491344436862,10.45101320778477,1201.4604477622088,115.03644377963734,74,24.99999999999447,1.0
8.760000000023519,10.773846215355256,11.646738588880567,1492.1117173349166,0.0,75,24.99999999999447,1.0
8.78000000002365,10.769412209007498,11.851497051083598,1545.0378058702754,0.0,75,24.99999999999447,1.0
8.80000000002378,10.777965666979014,11.219351123489602,1384.6122359536214,9.848155534414897,74,24.99999999999447,1.0
8.820000000023912,10.816612852991884,10.413660544088877,1192.8875852026479,1202.8775056768598,74,24.99999999999447,1.0
8.840000000024043,10.867368474881355,10.014189545409353,1103.123914765246,608.1852692195797,74,24.99999999999447,1.0
8.860000000024174,10.813785491116308,10.655131197132523,1248.850029109174,14.509525625006756,74,24.99999999999447,1.0
8.880000000024305,10.76951204989651,11.546480422513818,1466.5333116224438,0.0,75,24.99999999999447,1.0
8.900000000024436,10.77001972387776,11.534534094757234,1463.500244614288,0.0,75,24.99999999999447,1.0
8.920000000024567,10.78695943555379,10.926126507245367,1313.1826449756284,6.183065265202792,74,24.99999999999447,1.0
8.940000000024698,10.845724431206358,10.290084805959461,1164.7442984522154,0.0,75,24.99999999999447,1.0
8.960000000024829,10.887838302113467,10.262717615926855,1158.5571015068092,101.33901791013658,73,24.99999999999447,1.0
8.98000000002496,10.814922394886025,11.274259023357967,1398.198081783454,0.0,75,24.99999999999447,1.0
9.000000000025091,10.78143540549257,12.123352405841374,1616.732409118418,0.0,75,24.99999999999447,1.0
9.020000000025222,10.783257028121605,11.972813740391631,1576.8309574832172,4.600793294246317,75,24.99999999999447,1.0
9.040000000025353,10.803666103127817,11.253797938443347,1393.127648432429,0.0,75,24.99999999999447,1.0
9.060000000025484,10.870045339206447,10.504347225320839,1213.7544169311616,186.71338277481902,74,24.99999999999447,1.0
9.080000000025615,10.894371519043103,10.443792590981182,1199.8008405177677,2672.327482894648,74,24.99999999999447,1.0
9.100000000025746,10.815895035106896,11.264771956294434,1395.8459595004927,272.2815706298456,74,24.99999999999447,1.0
9.120000000025877,10.795747233843732,11.781713667805155,1526.896546451615,0.0,75,24.99999999999447,1.0
9.140000000026008,10.798788614580632,11.391802966971373,1427.5049232212755,3.1896852741287174,75,24.99999999999447,1.0
9.16000000002614,10.820005445544192,10.584976012591278,1232.4588890584603,427.33520915167827,74,24.99999999999447,1.0
9.18000000002627,10.881810907747099,9.890609822641341,1076.0657893010232,1760.6512573459393,72,24.99999999999447,1.0
9.200000000026401,10.874385905635974,9.958237584421404,1090.8314536656135,1323.4212874204047,74,24.99999999999447,1.0
9.220000000026532,10.805329209803624,10.883666181814764,1302.996085128962,17.616368831514492,74,24.99999999999447,1.0
9.240000000026663,10.796743548472252,11.331191826969127,1412.3549904152912,7.491665774150045,74,24.99999999999447,1.0
9.260000000026794,10.806533869697379,10.920673199650228,1311.8721344691462,4.719914293487634,75,24.99999999999447,1.0
9.280000000026925,10.842162008147746,10.189399074505591,1142.0623884948893,0.0,75,24.99999999999447,1.0
9.300000000027056,10.909709064397793,9.730643473179581,1041.5396464234564,227.88497387301456,73,24.99999999999447,1.0
9.320000000027187,10.876752156603157,10.330882803686462,1173.9985345385512,787.1874947268125,74,24.99999999999447,1.0
9.340000000027318,10.808750542540489,11.45820259383334,1444.1944734946198,0.0,75,24.99999999999447,1.0
9.36000000002745,10.80296101484244,11.676034843066438,1499.6276862215166,0.0,75,24.99999999999447,1.0
9.38000000002758,10.809260522446065,11.011162035221597,1333.7025830249597,3.8747434801578917,75,24.99999999999447,1.0
9.400000000027712,10.837703462541057,10.133788881270524,1129.630447991783,0.0,75,24.99999999999447,1.0
9.420000000027843,10.881627544321281,9.605845358476179,1014.9949155605419,0.0,75,24.99999999999447,1.0
9.440000000027974,10.830500398149946,10.134104686466065,1129.700855758788,5.08132883379946,74,24.99999999999447,1.0
9.460000000028105,10.788784646014593,11.055107001244766,1344.3692988986813,0.0,75,24.99999999999447,1.0
9.480000000028236,10.792286117211741,11.078893290539382,1350.1606419747438,4.5339839680128655,75,24.99999999999447,1.0
9.500000000028367,10.808893409612754,10.478731246385971,1207.8418938738425,301.93444572570326,73,24.99999999999447,1.0
9.520000000028498,10.866360104332177,9.8562954940825,1068.6121695333811,1584.6788126552258,74,24.99999999999447,1.0
9.540000000028629,10.90828762534234,9.906436250542587,1079.512271046707,121.9362208177349,72,24.99999999999447,1.0
9.56000000002876,10.834756284100553,11.044904599981479,1341.8890938496122,1.5893480358927035,75,24.99999999999447,1.0
9.58000000002889,10.798964216945066,11.954362553255569,1571.974624601469,0.0,75,24.99999999999447,1.0
9.600000000029022,10.798013888231893,11.755061228947389,1519.996109459323,11.910274803485908,74,24.99999999999447,1.0
9.620000000029153,10.81014060084524,10.951295977760635,1319.2397195176789,6.16299766846412,74,24.99999999999447,1.0
9.640000000029284,10.855656560020305,10.16482087632081,1136.559417924561,0.0,75,24.99999999999447,1.0
9.660000000029415,10.872963110198297,10.008162603089678,1101.7965055887103,3.4099929867479575,75,24.99999999999447,1.0
9.680000000029546,10.807766402253412,10.88209134723164,1302.619032984431,0.0,75,24.99999999999447,1.0
9.700000000029677,10.791680751313775,11.46512981178541,1445.941217611996,0.0,75,24.99999999999447,1.0
9.720000000029808,10.79790853105821,11.173722279079433,1373.3727652699567,8.857243630929686,74,24.99999999999447,1.0
9.740000000029939,10.826066293155087,10.50541076790736,1214.000209427103,993.7866352649701,74,24.99999999999447,1.0
9.76000000003007,10.89604055918129,10.059591233099555,1113.1491335475878,1786.9026313049185,73,24.99999999999447,1.0
9.780000000030201,10.892908707474751,10.554155410217735,1225.2921606533112,4.368280156356142,75,24.99999999999447,1.0
9.800000000030332,10.818993863367327,11.745668599544867,1517.568039353677,0.0,75,24.99999999999447,1.0
9.820000000030463,10.806960890986073,12.217656727343467,1641.9824949792119,0.0,75,24.99999999999447,1.0
9.840000000030594,10.811969886608816,11.715097277512934,1509.6785464375002,11.521556907179226,74,24.99999999999447,1.0
9.860000000030725,10.837203881367431,10.850000513133091,1294.9476224848718,869.9333483172941,74,24.99999999999447,1.0
9.880000000030856,10.896066165687765,10.202159035261651,1144.9245387884803,1451.7486276129382,72,24.99999999999447,1.0
9.900000000030987,10.869968760292442,10.466363668443218,1204.99245284119,117.52510717258683,74,24.99999999999447,1.0
9.920000000031118,10.813248194379085,11.357179566245456,1418.8408046993766,0.0,75,24.99999999999447,1.0
9.94000000003125,10.810149635182183,11.505554498966944,1456.1556276156832,0.0,75,24.99999999999447,1.0
9.96000000003138,10.821688631480828,10.91788521694989,1311.2023937154222,11.598803097140907,74,24.99999999999447,1.0
9.980000000031511,10.861939915376366,10.156269821587712,1134.6479835778262,0.0,75,24.99999999999447,1.0
10.000000000031642,10.916142322376928,9.780452865035622,1052.2298406970187,5.335037659175612,74,24.99999999999447,1.0
10.020000000031773,10.865462678647205,10.538284647740065,1221.6098764847336,5.604003284426522,74,24.99999999999447,1.0
10.040000000031904,10.817820637476805,11.573813817978253,1473.484829225468,0.0,75,24.99999999999447,1.0
10.060000000032035,10.81819961659859,11.643390281060789,1491.253909608109,0.0,75,24.99999999999447,1.0
10.080000000032166,10.831961597404025,10.985539469769051,1327.5028518603906,11.95234320574112,72,24.99999999999447,1.0
10.100000000032297,10.88086035134359,10.229192072696785,1151.0000750613503,0.0,75,24.99999999999447,1.0
10.120000000032428,10.920684213922991,10.007661125032586,1101.6860931283734,96.67115032889939,74,24.99999999999447,1.0
10.14000000003256,10.853481102063073,10.884452492804988,1303.1843667494159,9.62915916931765,74,24.99999999999447,1.0
10.16000000003269,10.821564248934141,11.664088828133833,1496.5606500965616,0.0,75,24.99999999999447,1.0
10.180000000032821,10.823266139677644,11.403634284962525,1430.4716239569004,0.49715248190026373,75,24.99999999999447,1.0
10.200000000032952,10.83668486066758,10.595635511710778,1234.9424108672918,151.41614210625423,72,24.99999999999447,1.0
10.220000000033084,10.882937834838163,9.832073824564395,1063.3664326085277,1263.2127342802373,72,24.99999999999447,1.0
10.240000000033215,10.896873916100354,9.752981898294953,1046.3272149931593,151.47861444903657,72,24.99999999999447,1.0
10.260000000033346,10.832309862977178,10.733416799724589,1267.2685981627103,1228.2045972667904,74,24.99999999999447,1.0
10.280000000033477,10.817399454467708,11.378083103065213,1424.068526102839,1319.5587418193688,74,24.99999999999447,1.0
10.300000000033608,10.823907430063866,11.07971934820624,1350.3619891851727,1409.137018054461,73,24.99999999999447,1.0
10.320000000033739,10.849439055485412,10.387974469122428,1187.0101492825333,921.640255523643,74,24.99999999999447,1.0
10.34000000003387,10.91521924738151,9.95955466254397,1091.1200198382148,1684.7173195015457,72,24.99999999999447,1.0
10.360000000034,10.907984186081247,10.491704488009354,1210.834493700872,240.61436799940097,73,24.99999999999447,1.0
10.380000000034132,10.836652753064648,11.66311376188834,1496.310448850241,0.0,75,24.99999999999447,1.0
10.400000000034263,10.825921394725967,12.016612721722824,1588.3887943425789,5.452965805628874,74,24.99999999999447,1.0
10.420000000034394,10.828850772618424,11.396695038390158,1428.7312357787355,12.194290991156056,73,24.99999999999447,1.0
10.440000000034525,10.849265710529265,10.489889997973112,1210.4157138653397,242.31550496298945,73,24.99999999999447,1.0
10.460000000034656,10.894478895712494,9.849724084371207,1067.1877099206642,1010.755407181344,73,24.99999999999447,1.0
10.480000000034787,10.865259037523076,10.166940030994326,1137.0333655321838,105.62828060800372,74,24.99999999999447,1.0
10.500000000034918,10.818138069378982,11.085334609307447,1351.7310774034042,0.0,75,24.99999999999447,1.0
10.520000000035049,10.819588113006478,11.259783452597736,1394.6099573933316,2.300439787304951,75,24.99999999999447,1.0
10.54000000003518,10.83337640588306,10.74514216769365,1270.0388822434302,8.727844294301612,74,24.99999999999447,1.0
10.560000000035311,10.883643866539137,10.119020741011763,1126.3403883272888,67.52311056569997,74,24.99999999999447,1.0
10.580000000035442,10.935783751123012,10.045615584537904,1110.0583171954188,633.0245094422877,74,24.99999999999447,1.0
10.600000000035573,10.879893358030143,11.072248562100196,1348.5415704302284,215.7109427659471,73,24.99999999999447,1.0
10.620000000035704,10.833579298916426,12.09201759620201,1608.3857850154495,1189.3322525425272,74,24.99999999999447,1.0
10.640000000035835,10.831399925622293,12.01868408245938,1588.9364378135872,1913.0792127784237,73,24.99999999999447,1.0
10.660000000035966,10.83980957778787,11.211881265898255,1382.7690967266026,1866.5143991188768,73,24.99999999999447,1.0
10.680000000036097,10.875776344201237,10.339880902265248,1176.0445078033256,445.5759082896421,73,24.99999999999447,1.0
10.700000000036228,10.904580433652358,9.942047073794864,1087.2873001930832,1804.2550787891105,73,24.99999999999447,1.0
10.720000000036359,10.847251471569962,10.640470859008907,1245.4158211155952,3068.601551372517,73,24.99999999999447,1.0
10.74000000003649,10.82527357163966,11.315981372214077,1408.565778579256,3279.2755728683883,74,24.99999999999447,1.0
10.760000000036621,10.831377047380549,11.100876283732994,1355.5239969342022,3835.6389836590797,73,24.99999999999447,1.0
10.780000000036752,10.852837216330846,10.414955565227457,1193.1842936822861,3570.987931742042,74,24.99999999999447,1.0
10.800000000036883,10.913175700297154,9.848973787025457,1067.0251312326604,1959.2277028230471,71,24.99999999999447,1.0
10.820000000037014,10.923387558217982,10.18452790682106,1140.9706955329866,3590.382374010763,72,24.99999999999447,1.0
10.840000000037145,10.851973059161233,11.407702240803042,1431.4923745630504,2026.0713117398202,72,24.99999999999447,1.0
10.860000000037276,10.836554836973866,12.039740356620417,1594.5088264031774,1406.9482727805844,73,24.99999999999447,1.0
10.880000000037407,10.840676895876816,11.617600734328638,1484.6551150450064,1592.6936931648963,73,24.99999999999447,1.0
10.900000000037538,10.859686439359956,10.76199337582478,1274.025515634261,2782.431145107759,73,24.99999999999447,1.0
10.92000000003767,10.912747554137388,10.102826171780928,1122.7380632294385,3382.4430044101964,73,24.99999999999447,1.0
10.9400000000378,10.899791595144558,10.354578089659597,1179.3901615634445,2089.19200692967,73,24.99999999999447,1.0
10.960000000037931,10.842308187919059,11.323844990729413,1410.5241191147438,3501.539042518367,73,24.99999999999447,1.0
10.980000000038062,10.837547882298992,11.580108748595574,1475.0881049222974,3684.1359075582927,74,24.99999999999447,1.0
11.000000000038193,10.84570603434727,10.997219947603583,1330.3273123356716,3710.838539369809,73,24.99999999999447,1.0
11.020000000038324,10.873574601745263,10.19446156284199,1143.1975121188902,3267.0705703076615,72,24.99999999999447,1.0
11.040000000038455,10.924613078544104,9.769484716754521,1049.8711479399017,2356.411152750636,71,24.99999999999447,1.0
11.060000000038587,10.886049032355812,10.463317860229353,1204.2912270861402,3391.4804048634337,71,24.99999999999447,1.0
11.080000000038718,10.839054049943412,11.53355902025557,1463.2528204109049,1316.758396457063,73,24.99999999999447,1.0
11.100000000038849,10.839920442837522,11.676059855786258,1499.6341113149376,1866.7922383279113,73,24.99999999999447,1.0
11.12000000003898,10.852427318683352,11.050712194577345,1343.300640081185,1603.2858561349615,72,24.99999999999447,1.0
11.14000000003911,10.896532954220584,10.348583768232645,1178.02504608941,3847.2594316829272,74,24.99999999999447,1.0
11.160000000039242,10.941972039887071,10.19317821153883,1142.9097025740896,2818.424271065398,73,24.99999999999447,1.0
11.180000000039373,10.885868253686382,11.097088006290331,1354.5989844128799,505.37234758250924,72,24.99999999999447,1.0
11.200000000039504,10.849195746441062,11.924626419844678,1564.1638677814346,0.0,75,24.99999999999447,1.0
11.220000000039635,10.849276505156784,11.696313533068817,1504.8412529023365,10.471607384326514,74,24.99999999999447,1.0
11.240000000039766,10.85863747949786,10.859135229620657,1297.1289972870734,2.492220940245363,75,24.99999999999447,1.0
11.260000000039897,10.894733167070935,10.041840924345449,1109.2242606484497,0.0,75,24.99999999999447,1.0
11.280000000040028,10.913317841282518,9.814958621157801,1059.6675400854385,6.932686405860657,74,24.99999999999447,1.0
11.300000000040159,10.857724584326062,10.676996495255652,1253.9807957567164,0.2872809179574499,75,24.99999999999447,1.0
11.32000000004029,10.842026817202925,11.329476380831734,1411.9273857020653,0.0,75,24.99999999999447,1.0
11.34000000004042,10.850026007207532,11.09394953772227,1353.83287980081,10.74962916038872,74,24.99999999999447,1.0
11.360000000040552,10.876059650301213,10.43392728017362,1197.535223367464,0.0,75,24.99999999999447,1.0
11.380000000040683,10.939588117826945,10.016802548168098,1103.6996661788558,82.99353403241003,74,24.99999999999447,1.0
11.400000000040814,10.940777121094218,10.533961108222913,1220.6077029250819,6.05824069888484,74,24.99999999999447,1.0
11.420000000040945,10.871069880319249,11.731884718616225,1514.00830955991,0.0,75,24.99999999999447,1.0
11.440000000041076,10.85818914963832,12.147130504549395,1623.0805744400989,3.7046863436801223,75,24.99999999999447,1.0
11.460000000041207,10.859825221102904,11.524113857820163,1460.85720228803,9.805945642844685,74,24.99999999999447,1.0
11.480000000041338,10.875721274236122,10.595932646492987,1235.0116751391745,6.663833538037063,74,24.99999999999447,1.0
11.500000000041469,10.912435935438168,9.875175446640002,1072.7099911211371,185.8513572096868,74,24.99999999999447,1.0
11.5200000000416,10.889477282092075,10.070854092376782,1115.643123649364,6.656201008214983,74,24.99999999999447,1.0
11.540000000041731,10.846405179476674,10.947365700481491,1318.2929735808646,0.0,75,24.99999999999447,1.0
11.560000000041862,10.848417068027118,11.146732067099839,1366.7459935328302,1.5965315586649949,75,24.99999999999447,1.0
11.580000000041993,10.862216606122823,10.624571457029685,1241.6967051008287,8.027486344006194,73,24.99999999999447,1.0
11.600000000042124,10.905420595892686,9.95612339609573,1090.3683238611327,0.0,75,24.99999999999447,1.0
11.620000000042255,10.953354117379567,9.856636218004887,1068.6860528749426,129.8212968656317,74,24.99999999999447,1.0
11.640000000042386,10.902310229479271,10.879405548288895,1301.976115925531,0.731275081905037,75,24.99999999999447,1.0
11.660000000042517,10.859004002349886,11.971550453871394,1576.4982229654725,0.0,75,24.99999999999447,1.0
11.680000000042648,10.857699246220958,11.950795905739112,1571.0367505869378,4.064001831688078,75,24.99999999999447,1.0
11.70000000004278,10.86552505742372,11.152482793369893,1368.156597020527,98.39783186550189,73,24.99999999999447,1.0
11.72000000004291,10.896549194935748,10.315108962714563,1170.4162020394174,695.3138731909728,74,24.99999999999447,1.0
11.740000000043041,10.923889795564614,10.013569455257423,1102.987305587909,183.7492613659409,72,24.99999999999447,1.0
11.760000000043172,10.870943524287922,10.823466299030333,1288.6216499886991,36.248505264283494,73,24.99999999999447,1.0
11.780000000043303,10.849850116999923,11.516149936465876,1458.8388029507928,0.0,75,24.99999999999447,1.0
11.800000000043434,10.856223959034665,11.273736339528897,1398.0684415853584,10.123316073932958,74,24.99999999999447,1.0
11.820000000043565,10.873912519351883,10.530559028839713,1219.8194080586536,0.0,75,24.99999999999447,1.0
11.840000000043696,10.923820980541029,9.917403033309766,1081.9037121761191,212.40690610768038,72,24.99999999999447,1.0
11.860000000043827,10.93269482554217,10.20272339589506,1145.0512116245886,918.7245528733969,73,24.99999999999447,1.0
11.880000000043959,10.87070302575069,11.384637451593171,1425.7096689463963,1203.9102731541145,74,24.99999999999447,1.0
11.90000000004409,10.858019748587731,11.98461295259694,1579.940423859098,1350.645157927686,74,24.99999999999447,1.0
11.92000000004422,10.863650620861018,11.557425302934995,1469.3148759621427,1329.845215479978,74,24.99999999999447,1.0
11.940000000044352,10.883517112468143,10.753903686491704,1272.1108894817385,308.39088457731003,73,24.99999999999447,1.0
11.960000000044483,10.936492029045578,10.218372295427871,1148.5664560476464,86.57772459579292,74,24.99999999999447,1.0
11.980000000044614,10.924816995137913,10.628061064401455,1242.5125018751082,173.47711562274955,73,24.99999999999447,1.0
12.000000000044745,10.869848313098148,11.63545045538917,1489.2207802979765,1165.230587018691,74,24.99999999999447,1.0
12.020000000044876,10.864920265614655,11.847149523684115,1543.9044702018164,1516.696203583089,74,24.99999999999447,1.0
12.040000000045007,10.871933209392244,11.184015764434156,1375.9042948102287,1350.609618599864,74,24.99999999999447,1.0
12.060000000045138,10.894965469056544,10.336188058582138,1175.2046194061359,454.0846719335079,73,24.99999999999447,1.0
12.080000000045269,10.937841110697955,9.843317277394595,1065.7998452580043,565.6228537447807,72,24.99999999999447,1.0
12.1000000000454,10.903536879795011,10.446993877419791,1200.5364918233126,172.20798006775004,73,24.99999999999447,1.0
12.12000000004553,10.864218825132193,11.423028845201287,1435.341467981307,1208.9093032203284,74,24.99999999999447,1.0
12.140000000045662,10.867861330071616,11.534918169847026,1463.5977090357378,1641.3207556772097,74,24.99999999999447,1.0
12.160000000045793,10.882009142938173,10.920417626114135,1311.8107324161872,1004.572541143193,73,24.99999999999447,1.0
12.180000000045924,10.927203415216516,10.275468946603795,1161.4378827988078,1131.5406493648863,74,24.99999999999447,1.0
12.200000000046055,10.968219381112855,10.252694145703968,1156.2951096988766,127.18804157890196,73,24.99999999999447,1.0
12.220000000046186,10.913090104646626,11.245925741640322,1391.1793036513727,0.0,75,24.99999999999447,1.0
12.240000000046317,10.880391721761077,12.053386912418969,1598.1254966652018,7.944926134921733,74,24.99999999999447,1.0
12.260000000046448,10.88049063407871,11.767022261807224,1523.0909420085345,12.243447658436466,74,24.99999999999447,1.0
12.280000000046579,10.889248721861556,10.882806625638066,1302.7902805613496,3.5662438238449976,75,24.99999999999447,1.0
12.30000000004671,10.919084742174242,10.041058972238826,1109.051518123756,0.0,75,24.99999999999447,1.0
12.320000000046841,10.930796657548486,9.796685429091916,1055.7254993624006,0.0,75,24.99999999999447,1.0
12.340000000046972,10.882178307685653,10.630184672130206,1243.0090877995117,0.0,75,24.99999999999447,1.0
12.360000000047103,10.870985539430796,11.215995233589489,1383.7840398789235,0.0,75,24.99999999999447,1.0
12.380000000047234,10.88049611411511,10.916616910958146,1310.897772586791,9.373280156470514,74,24.99999999999447,1.0
12.400000000047365,10.905751163528771,10.221625109458792,1149.297818661503,2.7305631194854367,75,24.99999999999447,1.0
12.420000000047496,10.95922898035371,9.815967959204823,1059.8854967374925,224.4531127713545,73,24.99999999999447,1.0
12.440000000047627,10.949795405354264,10.397564528610722,1189.2028293928631,169.74739414611085,73,24.99999999999447,1.0
12.460000000047758,10.889711977798537,11.629223757546818,1487.6272972340046,1064.4622330330149,74,24.99999999999447,1.0
12.48000000004789,10.881411801225434,12.009794998429362,1586.5869349472878,1470.8346725478548,74,24.99999999999447,1.0
12.50000000004802,10.885790555751942,11.372812419264068,1422.7494855614373,1511.7039191035308,74,24.99999999999447,1.0
12.520000000048151,10.90318177117113,10.492905790557588,1211.1117912246866,692.0335986475726,72,24.99999999999447,1.0
12.540000000048282,10.938438702325376,9.900179964963534,1078.149196725319,1446.068472480546,73,24.99999999999447,1.0
12.560000000048413,10.91103878877098,10.37576482457911,1184.2214526447046,2623.184818844064,72,24.99999999999447,1.0
12.580000000048544,10.872953990352164,11.324909106988787,1410.7892290971333,3640.6193220392306,73,24.99999999999447,1.0
12.600000000048675,10.876000970851418,11.439120605186623,1439.388282420057,3929.324500814187,73,24.99999999999447,1.0
12.620000000048806,10.888726684902846,10.793159533709701,1281.4152199211949,3866.153628428126,72,24.99999999999447,1.0
12.640000000048937,10.923578093617584,10.078671595854898,1117.3758325080155,3053.1071126532615,73,24.99999999999447,1.0
12.660000000049068,10.959272773925708,9.991264710216914,1098.0790756058846,2971.9610772657106,72,24.99999999999447,1.0
12.6800000000492,10.909452437013243,10.985635484358436,1327.5260569471475,2805.8526914878744,71,24.99999999999447,1.0
12.70000000004933,10.878265457449697,11.914193487530413,1561.4280710414332,1054.751806566026,73,24.99999999999447,1.0
12.720000000049462,10.881058158088953,11.776059811583153,1525.4314315458223,1433.0850339457713,72,24.99999999999447,1.0
12.740000000049593,10.893505788181152,10.994376936953648,1329.639566550001,1903.7534704249492,72,24.99999999999447,1.0
12.760000000049724,10.931747300074138,10.293846491707555,1165.5960315432394,3671.2985812434454,73,24.99999999999447,1.0
12.780000000049855,10.954065030587566,10.300509098521166,1167.1053645758905,1983.6687777611253,72,24.99999999999447,1.0
12.800000000049986,10.899809693642654,11.284877788898232,1400.8331338140551,384.5047632183648,73,24.99999999999447,1.0
12.820000000050117,10.88287529223429,11.88296440658382,1553.2532739695177,0.0,75,24.99999999999447,1.0
12.840000000050248,10.887905616425911,11.468508957552176,1446.7936748039997,2.386482208674034,75,24.99999999999447,1.0
12.860000000050379,10.903874295902101,10.644820368168412,1246.434207376304,8.17082788166823,74,24.99999999999447,1.0
12.88000000005051,10.944887602322266,9.999011731776253,1099.7825917341906,214.42167832959896,73,24.99999999999447,1.0
12.90000000005064,10.941951092582206,10.277644904239065,1161.9298325539432,577.6108511334514,74,24.99999999999447,1.0
12.920000000050772,10.892063266981621,11.345617002581946,1415.953276862042,0.0,75,24.99999999999447,1.0
12.940000000050903,10.886878812605538,11.77266421608334,1524.551850191141,0.0,75,24.99999999999447,1.0
12.960000000051034,10.896258104816036,11.271935097337176,1397.6217292243982,4.368249999892088,75,24.99999999999447,1.0
12.980000000051165,10.922719122616758,10.51736537331328,1216.7647183534611,686.2536384752433,74,24.99999999999447,1.0
13.000000000051296,10.972831302378015,10.16947064164463,1137.5994644439922,935.0347308066399,74,24.99999999999447,1.0
13.020000000051427,10.948580046421208,10.813244249053428,1286.1887630865572,9.637806000924476,74,24.99999999999447,1.0
13.040000000051558,10.901241140810521,11.832752397244356,1540.1543222394125,0.0,75,24.99999999999447,1.0
13.060000000051689,10.899147226439649,11.904360861312949,1558.8518826799552,0.0,75,24.99999999999447,1.0
13.08000000005182,10.90673345764853,11.13632791065306,1364.1957926694938,4.3996308343317505,75,24.99999999999447,1.0
13.100000000051951,10.92959780888263,10.279632666267755,1162.3793252873902,1.486976251862847,75,24.99999999999447,1.0
13.120000000052082,10.959610358418235,9.852525302416991,1067.7948031824371,86.22405309910087,74,24.99999999999447,1.0
13.140000000052213,10.920985553372269,10.53958217145703,1221.9107158378436,0.0,75,24.99999999999447,1.0
13.160000000052344,10.89398632181245,11.386374652862036,1426.1448050887298,0.0,75,24.99999999999447,1.0
13.180000000052475,10.900644343094088,11.320456348115554,1409.6800512254872,8.077982711625758,74,24.99999999999447,1.0
13.200000000052606,10.916787427687819,10.62538299575845,1241.8864018720808,68.1584834687267,74,24.99999999999447,1.0
13.220000000052737,10.9586996904272,10.00060318529898,1100.132704767933,813.4979731318359,73,24.99999999999447,1.0
13.240000000052868,10.980968412348162,10.142796738030881,1131.6395823591088,691.3251279032556,72,24.99999999999447,1.0
13.260000000053,10.924895875703875,11.243948528364323,1390.6901635935683,1061.419902121779,73,24.99999999999447,1.0
13.28000000005313,10.905204855367089,11.906904482225507,1559.5181178372604,1093.1950917129925,74,24.99999999999447,1.0
13.300000000053261,10.908704253350878,11.504334200905669,1455.8467594674066,1226.1112938935678,74,24.99999999999447,1.0
13.320000000053392,10.921662875495985,10.649891488987954,1247.6220759993987,907.6264775821273,74,24.99999999999447,1.0
13.340000000053523,10.953291951677476,9.94436903103541,1087.7952296795777,949.2004120915657,73,24.99999999999447,1.0
13.360000000053654,10.95109153151888,10.121711123415645,1126.939396724636,2139.2972779546235,73,24.99999999999447,1.0
13.380000000053785,10.90541085667571,11.125294114877235,1361.4938605677426,3412.8541940171854,74,24.99999999999447,1.0
13.400000000053916,10.900794271068298,11.537764992641998,1464.320231279787,3775.1237428533573,74,24.99999999999447,1.0
13.420000000054047,10.910532766798026,11.030107620288364,1338.2960152665778,3973.89981030614,74,24.99999999999447,1.0
13.440000000054178,10.93341883329543,10.26808986647418,1159.770364565887,3587.04777716434,72,24.99999999999447,1.0
13.46000000005431,10.973268954290315,9.902889516939712,1078.739428631859,2939.691894781186,71,24.99999999999447,1.0
13.48000000005444,10.94685295751988,10.59703411426831,1235.2684522086297,3447.238583365852,72,24.99999999999447,1.0
13.500000000054571,10.904076460978784,11.652529934924996,1493.5959927275544,1565.7823546511056,73,24.99999999999447,1.0
13.520000000054702,10.90443041998214,11.779086967455084,1526.2157876555723,1423.861547236336,73,24.99999999999447,1.0
13.540000000054834,10.914240795754147,11.08121479797482,1350.7265353874172,1641.3626463165956,73,24.99999999999447,1.0
13.560000000054965,10.939585105316532,10.301056404356626,1167.2293935031032,3334.1660589929584,72,24.99999999999447,1.0
13.580000000055096,10.971911808904343,10.07658716891509,1116.9136987001864,2856.662754911828,72,24.99999999999447,1.0
13.600000000055227,10.931987524239178,10.897394686274174,1306.2853204328026,3144.384973230406,72,24.99999999999447,1.0
13.620000000055358,10.903287653747403,11.719561045755404,1510.8292221570623,3672.7539417902403,72,24.99999999999447,1.0
13.640000000055489,10.907631243285461,11.570894532018794,1472.741602982127,4083.340495289586,72,24.99999999999447,1.0
13.66000000005562,10.920366512859697,10.798042343290058,1282.5749029223355,3908.4013948882985,72,24.99999999999447,1.0
13.68000000005575,10.950539659267239,10.09178857271941,1120.2861625611708,3364.260434925744,71,24.99999999999447,1.0
13.700000000055882,10.966695419617192,10.117225728681781,1125.9408208961065,3342.083306618782,72,24.99999999999447,1.0
13.720000000056013,10.91919013268454,11.117781305963423,1359.6556728395271,3300.8969632163653,73,24.99999999999447,1.0
13.740000000056144,10.903965159403409,11.750751980645093,1518.8818932169804,3661.1010284537047,73,24.99999999999447,1.0
13.760000000056275,10.911271574439947,11.418719580642314,1434.258725474786,4025.3068168612726,73,24.99999999999447,1.0
13.780000000056406,10.928780950071964,10.650216212193978,1247.698159031274,3779.8864167144297,72,24.99999999999447,1.0
13.800000000056537,10.968418615969794,10.11126806659379,1124.6151610597126,3551.3496770154948,71,24.99999999999447,1.0
13.820000000056668,10.966783883249066,10.467633484651508,1205.2848584589722,3528.468543320194,71,24.99999999999447,1.0
13.840000000056799,10.917652962700286,11.526308993764875,1461.4137892171955,2045.136276524055,72,24.99999999999447,1.0
13.86000000005693,10.910971284538999,11.85760774711738,1546.6314763294788,1238.623140863194,73,24.99999999999447,1.0
13.880000000057061,10.918221091021483,11.268176380697824,1396.6897884116795,1475.121439335976,73,24.99999999999447,1.0
13.900000000057192,10.936914686200598,10.45220809916642,1201.735195631081,2757.2082575766176,72,24.99999999999447,1.0
13.920000000057323,10.96958094851419,9.952585447670025,1089.5935280249046,3248.3383382941174,72,24.99999999999447,1.0
13.940000000057454,10.947036894694342,10.501555860786217,1213.1094304693468,2789.203661921687,71,24.99999999999447,1.0
13.960000000057585,10.910029443753803,11.474560101925052,1448.3208248595927,3719.6999468452564,72,24.99999999999447,1.0
13.980000000057716,10.912451443818032,11.602663560579101,1480.839818699891,3965.883448898574,73,24.99999999999447,1.0
14.000000000057847,10.924553189843417,10.954770562780693,1320.0769789148308,3916.2256131995655,72,24.99999999999447,1.0
14.020000000057978,10.952157277878154,10.22274522888955,1149.549720162625,3443.566064998962,71,24.99999999999447,1.0
14.040000000058109,10.982594462618527,10.076034391833776,1116.7911597195875,3134.2634012722397,71,24.99999999999447,1.0
14.06000000005824,10.942011335850935,10.953175846410712,1319.6926723463453,3267.8785375698953,72,24.99999999999447,1.0
14.080000000058371,10.913782494020452,11.77597352033502,1525.4090758679472,3684.991011469535,72,24.99999999999447,1.0
14.100000000058502,10.917917422173405,11.603935081676777,1481.1644031774595,4106.4151295697475,72,24.99999999999447,1.0
14.120000000058633,10.93041007596277,10.815125319420805,1286.6362924225466,3921.1828331312818,72,24.99999999999447,1.0
14.140000000058764,10.95779167395797,10.092070401937265,1120.3487349742402,3485.1569553756426,71,24.99999999999447,1.0
14.160000000058895,10.97084079356952,10.093151749498526,1120.5888346224567,3393.4786952473833,70,24.99999999999447,1.0
14.180000000059026,10.926409297864485,11.052858980523379,1343.8226080766992,3269.1508229912374,69,24.99999999999447,1.0
14.200000000059157,10.912918787407415,11.654044145365544,1493.9841943634183,3684.435336660772,70,24.99999999999447,1.0
14.220000000059288,10.92078390238182,11.300205783847284,1404.6411583302518,4060.787818076607,70,24.99999999999447,1.0
14.24000000005942,10.937928917396759,10.527216508121247,1219.0451614974656,3808.7280018117876,70,24.99999999999447,1.0
14.26000000005955,10.969963571616663,9.974845037807345,1094.4728688109678,3370.336044907878,69,24.99999999999447,1.0
14.280000000059681,10.963802743717,10.361969864324568,1181.0746141608754,3557.732025788387,67,24.99999999999447,1.0
14.300000000059812,10.919280132967799,11.419383770010876,1434.4255825546659,2168.5559857830135,68,24.99999999999447,1.0
14.320000000059943,10.914900945594507,11.751582230637853,1519.0965341578767,2710.2834980723,68,24.99999999999447,1.0
14.340000000060074,10.923718096900487,11.180589915980748,1375.0614995626345,3232.00794696049,68,24.99999999999447,1.0
14.360000000060205,10.942986963670092,10.396246405526428,1188.9013325686328,3060.190565915147,67,24.99999999999447,1.0
14.380000000060337,10.972396084540723,9.986475978961728,1097.0267272621757,3137.2305058810107,67,24.99999999999447,1.0
14.400000000060468,10.948155802449415,10.609416492882103,1238.1569015138266,2878.3559825455636,68,24.99999999999447,1.0
14.420000000060599,10.912978417318032,11.561574394135857,1470.3700271825169,3744.2240778876967,67,24.99999999999447,1.0
14.44000000006073,10.915252353911464,11.62570746491556,1486.7278146577273,4022.496232309455,68,24.99999999999447,1.0
14.46000000006086,10.926550440157634,10.93818888276972,1316.083736386618,3955.836885082342,66,24.99999999999447,1.0
14.480000000060992,10.94978713448038,10.194563120350672,1143.2202893629542,3618.3560196616017,66,24.99999999999447,1.0
14.500000000061123,10.97216193759294,10.03717844248823,1108.194461949855,3359.6456635272366,66,24.99999999999447,1.0
14.520000000061254,10.93429176463059,10.8934772899325,1305.3463221290262,3218.7644921734786,66,24.99999999999447,1.0
14.540000000061385,10.910782477031676,11.690610656227305,1503.3741526704493,3708.374977686483,65,24.99999999999447,1.0
14.560000000061516,10.916725403849473,11.519475791294784,1459.6815475684925,4056.836687667833,67,24.99999999999447,1.0
14.580000000061647,10.93069445646032,10.769240280765576,1275.741898473502,3866.438132268138,67,24.99999999999447,1.0
14.600000000061778,10.95769873615331,10.122441093678571,1127.1019506449188,3467.846143550598,65,24.99999999999447,1.0
14.620000000061909,10.967706533411944,10.227567987984354,1150.6346164372658,3459.148319053755,64,24.99999999999447,1.0
14.64000000006204,10.924173090230092,11.209383362568992,1382.153029059424,3327.8425443711685,64,24.99999999999447,1.0
14.66000000006217,10.911740406192067,11.759901839702533,1521.248204073829,3723.8489347526825,65,24.99999999999447,1.0
14.680000000062302,10.91922180305088,11.358449680656504,1419.1581706280642,4067.324601908648,66,24.99999999999447,1.0
14.700000000062433,10.935192972014365,10.577280118509247,1230.6674017595208,3818.663292953916,66,24.99999999999447,1.0
14.720000000062564,10.962681895036443,10.021546189568925,1104.7452683262977,3422.04209792773,65,24.99999999999447,1.0
14.740000000062695,10.954362308478979,10.384750465800188,1186.2734646063095,3548.9238603691238,64,24.99999999999447,1.0
14.760000000062826,10.914346563635418,11.393628450864336,1427.9624620397976,3540.1819939462594,65,24.99999999999447,1.0
14.780000000062957,10.911691253232732,11.703043629786876,1506.573532207647,3843.290440429009,65,24.99999999999447,1.0
14.800000000063088,10.921694943485186,11.147829331618125,1367.0150868757394,3978.2933676547723,66,24.99999999999447,1.0
14.820000000063219,10.941234928241933,10.394711544244608,1188.5503089685733,3708.1874213512137,66,24.99999999999447,1.0
14.84000000006335,10.968018282456372,10.038593613324267,1108.5069790682223,3365.0736099339815,66,24.99999999999447,1.0
14.860000000063481,10.94302135657704,10.690242662137917,1257.0941699293294,3414.3792267282433,67,24.99999999999447,1.0
14.880000000063612,10.910284435110894,11.625246215471108,1486.6098452735787,3748.890578508247,66,24.99999999999447,1.0
14.900000000063743,10.91322967973694,11.662934402688453,1496.2644276955525,4025.814652579425,68,24.99999999999447,1.0
14.920000000063874,10.924879375005885,10.970812220543262,1323.9459285626353,3955.1908465762685,66,24.99999999999447,1.0
14.940000000064005,10.946679827421962,10.236401160706249,1152.6229959519906,3665.6321784248908,68,24.99999999999447,1.0
14.960000000064136,10.965404559762272,10.0771791824146,1117.0449430193921,3455.8084598626524,68,24.99999999999447,1.0
14.980000000064267,10.929292930340797,10.916641502284758,1310.9036785834662,3022.6732824896885,68,24.99999999999447,1.0
15.000000000064398,10.907886848611463,11.686318569482331,1502.2704587817034,2449.3741952139326,67,24.99999999999447,1.0
15.02000000006453,10.914362203226027,11.49914518115686,1454.5337388705534,3044.5452689575836,69,24.99999999999447,1.0
15.04000000006466,10.9285474317697,10.752320077773051,1271.7362576036962,3148.043354259163,69,24.99999999999447,1.0
15.060000000064791,10.952997289349168,10.112996329651429,1124.999642398976,2905.9410930351514,69,24.99999999999447,1.0
15.080000000064922,10.959072320344763,10.226553982202232,1150.4064698598595,2334.6651646950486,69,24.99999999999447,1.0
15.100000000065053,10.918539975582089,11.202586376333588,1380.477356711364,2320.019997228337,69,24.99999999999447,1.0
15.120000000065184,10.907905430014829,11.742401033792929,1516.7238024226335,2625.8011521052945,69,24.99999999999447,1.0
15.140000000065315,10.91621472098589,11.340204015043854,1414.6024981309843,3202.024430844793,71,24.99999999999447,1.0
15.160000000065446,10.932337216104479,10.569281810618346,1228.8068979149461,3108.0041684987773,71,24.99999999999447,1.0
15.180000000065577,10.957269220237594,10.036630768097316,1108.073528926295,2734.237707435452,71,24.99999999999447,1.0
15.200000000065709,10.947166176833678,10.424554635186999,1195.3847327619862,2307.4041697464118,69,24.99999999999447,1.0
15.22000000006584,10.90972153240792,11.423363158898294,1435.4254844608229,2153.4411843072107,72,24.99999999999447,1.0
15.24000000006597,10.907813743781132,11.711121722193157,1508.6540919122685,2734.1433568053008,73,24.99999999999447,1.0
15.260000000066102,10.918074479179115,11.142450944348523,1365.696343519346,3221.658472579203,73,24.99999999999447,1.0
15.280000000066233,10.936465821069547,10.390722068474936,1187.6381561472126,3053.496114617397,72,24.99999999999447,1.0
15.300000000066364,10.959050953593449,10.032157884118353,1107.0861099306583,2601.2922981596967,72,24.99999999999447,1.0
15.320000000066495,10.934271311850102,10.681354292499426,1255.004624740855,2344.618235344208,73,24.99999999999447,1.0
15.340000000066626,10.904452687351274,11.598186456992362,1479.6972200027715,2018.3661473208738,73,24.99999999999447,1.0
15.360000000066757,10.908038136295637,11.631252782551615,1488.1464542077615,1506.6487716548315,74,24.99999999999447,1.0
15.380000000066888,10.920059113647708,10.94915770357184,1318.7245985945524,1518.0884952923186,72,24.99999999999447,1.0
15.400000000067019,10.940454633184457,10.233190085367456,1151.8999725558908,2078.068258680737,72,24.99999999999447,1.0
15.42000000006715,10.956100803665336,10.102833700873749,1122.739736662614,1963.7792525885561,71,24.99999999999447,1.0
15.44000000006728,10.921965837544004,10.943721377976356,1317.4154135865438,1366.119351673825,72,24.99999999999447,1.0
15.460000000067412,10.902190928482035,11.696762106571208,1504.9566815549213,868.1385923826567,73,24.99999999999447,1.0
15.480000000067543,10.909103977853407,11.500518625760781,1454.881215276177,845.070668711635,74,24.99999999999447,1.0
15.500000000067674,10.923215159953179,10.75787651243076,1273.0509776238036,582.2126931662611,73,24.99999999999447,1.0
15.520000000067805,10.945322890515158,10.127873405113633,1128.3120168100882,948.2229429125116,74,24.99999999999447,1.0
15.540000000067936,10.94905137850332,10.239630479041805,1153.3503558205412,2214.793973929253,74,24.99999999999447,1.0
15.560000000068067,10.91139897945929,11.193794031573718,1378.3112730342493,3379.027863227811,74,24.99999999999447,1.0
15.580000000068198,10.901834249427683,11.723469651577934,1511.8371473861573,3752.1046288924904,74,24.99999999999447,1.0
15.600000000068329,10.91047359550272,11.32904733231437,1411.820448036013,4057.924689666567,74,24.99999999999447,1.0
15.62000000006846,10.926110180163745,10.568424592172116,1228.607581964712,3838.6572664405157,73,24.99999999999447,1.0
15.640000000068591,10.948018696013204,10.048699464323956,1110.73997016735,3650.0259517518457,73,24.99999999999447,1.0
15.660000000068722,10.937101044976215,10.432657443685358,1197.2437547101185,3642.2678392439307,71,24.99999999999447,1.0
15.680000000068853,10.902190942963783,11.41095189103468,1432.3080536545872,2151.0455298832703,74,24.99999999999447,1.0
15.700000000068984,10.900686148181704,11.698087093214903,1505.2976580448524,1329.4296733994538,74,24.99999999999447,1.0
15.720000000069115,10.911100738046194,11.139640359077706,1365.0074606255216,1930.8426357128392,72,24.99999999999447,1.0
15.740000000069246,10.92844998102528,10.396800912678549,1189.0281613966085,2393.367208911112,73,24.99999999999447,1.0
15.760000000069377,10.947532123849777,10.041208907865167,1109.0846396452987,2440.0375812207844,73,24.99999999999447,1.0
15.780000000069508,10.923945701286648,10.67577899389541,1253.6948283914835,358.9874036320818,73,24.99999999999447,1.0
15.80000000006964,10.896168039078542,11.58026001088354,1475.1266411163529,847.7517891426963,74,24.99999999999447,1.0
15.82000000006977,10.900078443015353,11.623382299288126,1486.13317682945,938.3918934992087,74,24.99999999999447,1.0
15.840000000069901,10.912245092435965,10.954107714003513,1319.9172339099039,596.1154471879504,73,24.99999999999447,1.0
15.860000000070032,10.931002630123345,10.245862653969054,1154.7547167639755,830.0038174313249,73,24.99999999999447,1.0
15.880000000070163,10.943247102896239,10.108720430105773,1124.0485160744165,1949.51028970741,72,24.99999999999447,1.0
15.900000000070294,10.91150684035855,10.924383382023366,1312.763675051711,3348.565636543979,71,24.99999999999447,1.0
15.920000000070425,10.892698670222575,11.67194692156158,1498.577794337259,3763.2433477410405,73,24.99999999999447,1.0
15.940000000070556,10.899504161524368,11.488390791928003,1451.8143528686173,4065.4124624558117,73,24.99999999999447,1.0
15.960000000070687,10.913040369514944,10.756468970477352,1272.717871841263,3914.6932438919625,72,24.99999999999447,1.0
15.980000000070818,10.932349104508134,10.129336552976762,1128.6380490381825,3761.937549846121,73,24.99999999999447,1.0
16.000000000070948,10.933931166365387,10.224152433891026,1149.8662229058377,3694.9775880880757,73,24.99999999999447,1.0
16.02000000007019,10.899158171151155,11.153162815611495,1368.323448706928,3402.013361185238,73,24.99999999999447,1.0
16.040000000069433,10.889953995344825,11.694282755540165,1504.318740831765,3760.852866921285,73,24.99999999999447,1.0
16.060000000068676,10.898720496199815,11.323430376681122,1410.4208304509923,4057.7232734961544,72,24.99999999999447,1.0
16.08000000006792,10.913541191916917,10.57466595483627,1230.059160620106,3872.647700094053,72,24.99999999999447,1.0
16.100000000067162,10.932532781938745,10.0609781149727,1113.456086929556,3780.1942447596944,70,24.99999999999447,1.0
16.120000000066405,10.921843966925914,10.423137032515676,1195.0596415845966,3700.8665118829767,71,24.99999999999447,1.0
16.140000000065648,10.889180546859784,11.384378892799415,1425.644910522985,2265.6736901085405,72,24.99999999999447,1.0
16.16000000006489,10.887563156587921,11.692491275837614,1503.8578745909258,1413.447482433096,73,24.99999999999447,1.0
16.180000000064133,10.897986799984745,11.158756318540247,1369.6962683421807,1940.7354927609958,71,24.99999999999447,1.0
16.200000000063376,10.914017790099509,10.424346571448483,1195.337015858367,2240.950875165406,73,24.99999999999447,1.0
16.22000000006262,10.930319379908394,10.061489828653492,1113.5693532930745,2236.6743224966476,72,24.99999999999447,1.0
16.240000000061862,10.908918478535215,10.656676118732042,1249.2122048950919,2994.5967334072143,72,24.99999999999447,1.0
16.260000000061105,10.882230330483903,11.55037646321332,1467.523160861475,3691.070801932085,73,24.99999999999447,1.0
16.280000000060348,10.885714191117906,11.621566496778893,1485.66888622959,3963.206042869028,74,24.99999999999447,1.0
16.30000000005959,10.897500226530013,10.975432909519089,1325.0614030649012,3945.0319420557457,72,24.99999999999447,1.0
16.320000000058833,10.914315392697741,10.272773738768425,1160.8286831672324,3801.535627318622,73,24.99999999999447,1.0
16.340000000058076,10.924546001004975,10.108827878668947,1124.0724118860999,3768.4172237266384,73,24.99999999999447,1.0
16.36000000005732,10.895915640880252,10.877817386442045,1301.5960220205893,3221.873239987383,74,24.99999999999447,1.0
16.38000000005656,10.877165757490808,11.635217325980074,1489.161104450656,1819.6112605454437,74,24.99999999999447,1.0
16.400000000055805,10.883678133069957,11.492928332052983,1452.9614181027678,1641.7925655143317,74,24.99999999999447,1.0
16.420000000055047,10.89666390277575,10.785751360167318,1279.6567564368627,2174.737125970538,73,24.99999999999447,1.0
16.44000000005429,10.91389465104141,10.159359727704615,1135.3384908459702,2171.503653549812,73,24.99999999999447,1.0
16.460000000053533,10.915448925549413,10.214237924995784,1147.6372202726438,982.8149306738459,73,24.99999999999447,1.0
16.480000000052776,10.883565794081564,11.103891817626332,1356.260548473039,0.40145591042669626,75,24.99999999999447,1.0
16.50000000005202,10.873491282279097,11.677445877519927,1499.9901644464787,0.0,75,24.99999999999447,1.0
16.52000000005126,10.882049834928635,11.353534874615477,1417.9302956402087,5.148319548913185,74,24.99999999999447,1.0
16.540000000050505,10.895963200228536,10.619253423234131,1240.453975935568,0.0,75,24.99999999999447,1.0
16.560000000049747,10.912676051809465,10.093101415832308,1120.5776580930374,29.06419775747621,74,24.99999999999447,1.0
16.58000000004899,10.903878489139002,10.387247448383814,1186.8440050935167,0.0,75,24.99999999999447,1.0
16.600000000048233,10.87295966769533,11.316277926649533,1408.6396072449302,1.0032540405059487,75,24.99999999999447,1.0
16.620000000047476,10.870240711882523,11.671236471088065,1498.395368404618,0.0,75,24.99999999999447,1.0
16.64000000004672,10.880338878177293,11.186366426163282,1376.482732024324,69.17573923043261,73,24.99999999999447,1.0
16.66000000004596,10.894954308652155,10.456970911914345,1202.83064717885,0.0,75,24.99999999999447,1.0
16.680000000045204,10.909172874798267,10.06163590238709,1113.6016873542535,46.857548807035265,74,24.99999999999447,1.0
16.700000000044447,10.890898671954535,10.579285456388194,1231.1340884452143,0.0,75,24.99999999999447,1.0
16.72000000004369,10.864596871606379,11.468236924985197,1446.725039843533,0.0,75,24.99999999999447,1.0
16.740000000042933,10.867075964896342,11.606112042891727,1481.7202042737201,0.0,75,24.99999999999447,1.0
16.760000000042176,10.878385163881878,11.004365985269661,1332.0567781153593,3.853259714214296,75,24.99999999999447,1.0
16.78000000004142,10.893416879099437,10.303476562912127,1167.7779221072747,0.0,75,24.99999999999447,1.0
16.80000000004066,10.902771006243968,10.089255013071128,1119.7237339065896,7.044954760088676,74,24.99999999999447,1.0
16.820000000039904,10.87775939888316,10.784707296098647,1279.4090260877572,8.377829463188805,74,24.99999999999447,1.0
16.840000000039147,10.858064560010174,11.57041901716525,1472.6205585605717,1.7046410888625487,75,24.99999999999447,1.0
16.86000000003839,10.863852896260585,11.504561332447393,1455.904245972481,0.35271703874350235,75,24.99999999999447,1.0
16.880000000037633,10.876108380373267,10.832408028906102,1290.7517007518031,2.090715220896078,75,24.99999999999447,1.0
16.900000000036876,10.891187195090112,10.193678526396758,1143.021900894746,109.750713280547,74,24.99999999999447,1.0
16.92000000003612,10.893580860483693,10.175134513858652,1138.8669861262929,141.9176259726886,74,24.99999999999447,1.0
16.94000000003536,10.8649816499366,10.997270196549955,1330.339469535185,683.2122520536675,74,24.99999999999447,1.0
16.960000000034604,10.852770425729483,11.627439949476774,1487.1709575655727,801.1985787398544,74,24.99999999999447,1.0
16.980000000033847,10.860720588515434,11.38181887588302,1425.0038101574773,676.4186525365091,74,24.99999999999447,1.0
17.00000000003309,10.87361612975832,10.67110122005465,1252.5964137351702,691.5243987838556,74,24.99999999999447,1.0
17.020000000032333,10.888201844069703,10.122320111470247,1127.0750088298253,1371.115576596126,74,24.99999999999447,1.0
17.040000000031576,10.882254218175046,10.312640055859491,1169.8559941388942,2470.6380389732385,73,24.99999999999447,1.0
17.06000000003082,10.853083075684252,11.19614758303348,1378.8909277117307,3456.627919491736,73,24.99999999999447,1.0
17.08000000003006,10.848032338508212,11.63357750195766,1488.7413804346097,3787.8740633371035,74,24.99999999999447,1.0
17.100000000029304,10.857395584702122,11.232019832810836,1387.7409647712157,4017.69969112542,73,24.99999999999447,1.0
17.120000000028547,10.870526268969305,10.512685047338092,1215.682015949785,3914.133431113335,74,24.99999999999447,1.0
17.14000000002779,10.883297369241069,10.073303596164466,1116.1858987454996,3980.6244164512004,72,24.99999999999447,1.0
17.160000000027033,10.869121268672219,10.476033751760124,1207.2201148481902,3726.671453764445,73,24.99999999999447,1.0
17.180000000026276,10.842765292557218,11.357569411925512,1418.9382124137662,2358.2066016865997,74,24.99999999999447,1.0
17.20000000002552,10.843142835750065,11.598003910851462,1479.6506418773838,1564.1214607983788,74,24.99999999999447,1.0
17.22000000002476,10.853689727680056,11.071934726491676,1348.4651244646154,1966.2259363311787,74,24.99999999999447,1.0
17.240000000024004,10.867047682205069,10.371151638516046,1183.1686494000348,1925.0310440948726,74,24.99999999999447,1.0
17.260000000023247,10.876378093187892,10.083136902344666,1118.3661477056726,1669.2481905430113,73,24.99999999999447,1.0
17.28000000002249,10.855788064150644,10.66767067851717,1251.7911747582448,0.0,75,24.99999999999447,1.0
17.300000000021733,10.834404520336596,11.485475685285031,1451.0776688900103,2.774064365119423,75,24.99999999999447,1.0
17.320000000020976,10.838553433024998,11.533510022783656,1463.2403879021613,0.0,75,24.99999999999447,1.0
17.34000000002022,10.849980833518948,10.918051879761071,1311.2424253406969,32.54392417600192,73,24.99999999999447,1.0
17.36000000001946,10.863201902962459,10.258146323889973,1157.525226025711,0.0,75,24.99999999999447,1.0
17.380000000018704,10.867469308372705,10.135435476114722,1129.9975751953334,0.0,75,24.99999999999447,1.0
17.400000000017947,10.842825935499736,10.851594086620741,1295.3280364286045,7.640074088587688,73,24.99999999999447,1.0
17.42000000001719,10.82745129971837,11.551672468863627,1467.8525051069207,0.0,75,24.99999999999447,1.0
17.440000000016433,10.83398836540289,11.423882708922008,1435.5560576192797,61.59663910759376,73,24.99999999999447,1.0
17.460000000015675,10.845825129062645,10.7529405351412,1271.8830316751096,11.919857089855292,74,24.99999999999447,1.0
17.48000000001492,10.85848589203811,10.168070062207235,1137.2861366895056,0.0,75,24.99999999999447,1.0
17.50000000001416,10.856401643153415,10.216858661771429,1148.2262100607527,5.212694770747113,74,24.99999999999447,1.0
17.520000000013404,10.829886735523232,11.02272050946532,1336.5040417276614,4.213223470593336,75,24.99999999999447,1.0
17.540000000012647,10.820982228621435,11.573348958449152,1473.3664672543969,0.0,75,24.99999999999447,1.0
17.56000000001189,10.829201820945213,11.29692513102605,1403.8256915760874,92.81032352321658,74,24.99999999999447,1.0
17.580000000011132,10.841119361501624,10.601314400940026,1236.2665373033624,0.26632300632637146,75,24.99999999999447,1.0
17.600000000010375,10.852713482465958,10.104823306103462,1123.1819945232887,98.09083378816618,73,24.99999999999447,1.0
17.620000000009618,10.843885704803608,10.34573567799252,1177.3767139077609,150.63596994450646,74,24.99999999999447,1.0
17.64000000000886,10.81793891883519,11.192243085452795,1377.9293581225247,860.6452240357421,74,24.99999999999447,1.0
17.660000000008104,10.814784524658997,11.572659832550515,1473.1910115992093,867.3051395848003,74,24.99999999999447,1.0
17.680000000007347,10.824288500655955,11.164721881375867,1371.1611615732038,633.9166893663436,73,24.99999999999447,1.0
17.70000000000659,10.836163232528152,10.467767532029551,1205.3157281507324,904.2462441185949,74,24.99999999999447,1.0
17.720000000005832,10.845584035053934,10.085785023730876,1118.9536549940544,1753.1680120915446,72,24.99999999999447,1.0
17.740000000005075,10.830740782707895,10.500783373365046,1212.9309659977378,2906.2372006376745,72,24.99999999999447,1.0
17.760000000004318,10.80747900816373,11.33185302665205,1412.5198231940753,3551.045884291593,73,24.99999999999447,1.0
17.78000000000356,10.808617794656293,11.535453541973013,1463.733572609195,3883.2917107552908,73,24.99999999999447,1.0
17.800000000002804,10.818960230227807,11.020791619676666,1336.03632716769,4001.7958637357747,73,24.99999999999447,1.0
17.820000000002047,10.830570684663865,10.341734371359685,1176.4661678853852,3976.1502028196805,72,24.99999999999447,1.0
17.84000000000129,10.836634822556501,10.091068813929153,1120.1263678819887,4080.065904664669,71,24.99999999999447,1.0
17.860000000000532,10.817281455926466,10.652990949694512,1248.348377917005,3586.8764867693308,71,24.99999999999447,1.0
17.879999999999775,10.798268742690027,11.421856243695794,1435.0468005681785,3654.6371465189027,73,24.99999999999447,1.0
17.899999999999018,10.802425049532346,11.464179613683854,1445.701556362849,3953.7439678654305,72,24.99999999999447,1.0
17.91999999999826,10.813261322401681,10.873025872468906,1300.4496078571606,3995.8365013010716,72,24.99999999999447,1.0
17.939999999997504,10.82434860385889,10.24732765741741,1155.0849653031894,3998.4771456566705,72,24.99999999999447,1.0
17.959999999996747,10.826177967732269,10.135021410161318,1129.9052488287116,4048.9989256089043,71,24.99999999999447,1.0
17.97999999999599,10.803913927747798,10.811790082903256,1285.842852764417,3356.895321482822,71,24.99999999999447,1.0
17.999999999995232,10.789836723658125,11.48452196982541,1450.8366936294276,2029.3702379328172,74,24.99999999999447,1.0
18.019999999994475,10.79608802108999,11.381792445431394,1424.9971919796708,1811.4112786402545,73,24.99999999999447,1.0
18.039999999993718,10.80707414846835,10.738442046390963,1268.4555134206707,1956.5560255496887,73,24.99999999999447,1.0
18.05999999999296,10.817468355541466,10.180129945352805,1139.985502746958,1501.3686624877391,73,24.99999999999447,1.0
18.079999999992204,10.814494249774835,10.215589983970691,1147.9410659266252,570.9605841176976,72,24.99999999999447,1.0
18.099999999991446,10.790928269628973,10.966628805418011,1322.936420914065,0.12255838077234404,75,24.99999999999447,1.0
18.11999999999069,10.782186965562879,11.511977262175888,1457.781825333401,0.0,75,24.99999999999447,1.0
18.139999999989932,10.789986699980197,11.27666545861843,1398.795022521578,3.627323347713422,75,24.99999999999447,1.0
18.159999999989175,10.800784005913348,10.606131581167402,1237.390298287402,0.5931718329507779,75,24.99999999999447,1.0
18.179999999988418,10.80997247897214,10.125337315084645,1127.7470131867008,93.73489800571258,74,24.99999999999447,1.0
18.19999999998766,10.801965094400327,10.315320339569361,1170.464170787267,144.3469256283295,74,24.99999999999447,1.0
18.219999999986904,10.778631809772888,11.101641636568441,1355.7109172946903,811.3427901257472,74,24.99999999999447,1.0
18.239999999986146,10.774670125979991,11.502858229089453,1455.4732218238403,826.5820248054761,74,24.99999999999447,1.0
18.25999999998539,10.783556675034383,11.150856471112247,1367.7576004328046,668.556268851337,74,24.99999999999447,1.0
18.279999999984632,10.794051380056045,10.476421818508097,1207.3095553124376,951.7030216384092,74,24.99999999999447,1.0
18.299999999983875,10.801315858681305,10.089285974679981,1119.730606267616,1782.3682660517702,73,24.99999999999447,1.0
18.319999999983118,10.788837171231227,10.424262705462162,1195.3177824773825,2864.039207381382,73,24.99999999999447,1.0
18.33999999998236,10.767149356206998,11.21162746321315,1382.7064941126287,3491.72461225879,74,24.99999999999447,1.0
18.359999999981603,10.767005776871738,11.468993161124322,1446.9158454290814,3850.040303419527,74,24.99999999999447,1.0
18.379999999980846,10.776520246735261,11.023996556402192,1336.8135008312413,4009.5624231279917,74,24.99999999999447,1.0
18.39999999998009,10.786460534753186,10.369826845497514,1182.86639686161,4014.716140705968,74,24.99999999999447,1.0
18.419999999979332,10.79112136412083,10.084066055628558,1118.5722703570812,4146.951063004574,73,24.99999999999447,1.0
18.439999999978575,10.775122344514921,10.55294837664018,1225.0119138403586,3703.9668044531973,73,24.99999999999447,1.0
18.459999999977818,10.75639698291641,11.309417690940572,1406.9322135897553,2419.7182865707955,73,24.99999999999447,1.0
18.47999999997706,10.759146421085505,11.43250798013722,1437.7246258749133,1781.638584341853,73,24.99999999999447,1.0
18.499999999976303,10.769129233914077,10.91136217679555,1309.6360700852497,1915.8078601651841,72,24.99999999999447,1.0
18.519999999975546,10.77862177428339,10.298141043521266,1166.56879847483,1492.3842369287474,72,24.99999999999447,1.0
18.53999999997479,10.780405030893107,10.117361174106339,1125.9709684004583,2066.5448966399513,72,24.99999999999447,1.0
18.559999999974032,10.761973730146513,10.689304738618866,1256.873593745657,3310.1793649208244,71,24.99999999999447,1.0
18.579999999973275,10.746844945602804,11.379875002484068,1424.5171057937796,3630.0033334197137,74,24.99999999999447,1.0
18.599999999972518,10.751659638445602,11.376246241120425,1423.6087639246728,3943.5584725781914,73,24.99999999999447,1.0
18.61999999997176,10.761706505923502,10.793160495276915,1281.4154482448685,4008.6360953065964,73,24.99999999999447,1.0
18.639999999971003,10.770323892942429,10.228862402443127,1150.9258865292604,4065.440693884254,74,24.99999999999447,1.0
18.659999999970246,10.768782785792439,10.157470928865795,1134.9163723782913,4091.756479632285,74,24.99999999999447,1.0
18.67999999996949,10.748834846980117,10.79955901536217,1282.9352241891936,3329.4243145356513,74,24.99999999999447,1.0
18.699999999968732,10.73762180039648,11.40108592159747,1429.8323621081283,2022.4618221186233,74,24.99999999999447,1.0
18.719999999967975,10.743921861318224,11.284284579813209,1400.6858632603119,1836.1191964370432,73,24.99999999999447,1.0
18.739999999967218,10.753751695038682,10.663939658428756,1250.9156994247057,1833.8162237031017,72,24.99999999999447,1.0
18.75999999996646,10.761343525051052,10.160473952750626,1135.5875403897633,1243.552987391427,71,24.99999999999447,1.0
18.779999999965703,10.756301161275761,10.209247702280708,1146.516125111763,349.3019514726624,71,24.99999999999447,1.0
18.799999999964946,10.735862901163063,10.903117074866252,1307.6575814306402,609.133172052365,73,24.99999999999447,1.0
18.81999999996419,10.728540842890093,11.407281064114173,1431.3866740326755,733.7696455421165,74,24.99999999999447,1.0
18.83999999996343,10.7360159350112,11.192509573137334,1377.9949759924796,683.8029684569287,74,24.99999999999447,1.0
18.859999999962675,10.745457579242514,10.558123181306263,1226.2136162280035,906.1421874688049,74,24.99999999999447,1.0
18.879999999961917,10.75169550595111,10.120503259106918,1126.6704483935314,1716.0954931809922,74,24.99999999999447,1.0
18.89999999996116,10.743374461447099,10.289253390891014,1164.5560887615845,2714.910375831252,74,24.99999999999447,1.0
18.919999999960403,10.723124601886497,11.006516494562543,1332.5774587958508,3488.2040473760776,74,24.99999999999447,1.0
18.939999999959646,10.719393007425465,11.398510308305028,1429.1864097338957,3782.3296953984927,74,24.99999999999447,1.0
18.95999999995889,10.727596195077885,11.09238757254886,1353.4516826560005,3997.627016120471,74,24.99999999999447,1.0
18.97999999995813,10.736489903310249,10.464338803053947,1204.5262524361056,4018.804089514299,73,24.99999999999447,1.0
18.999999999957375,10.740973344809236,10.088176463575254,1119.4843479625708,4196.571117799286,73,24.99999999999447,1.0
19.019999999956617,10.729837256425084,10.365306344753815,1181.8353318265308,3906.281819039953,73,24.99999999999447,1.0
19.03999999995586,10.710800108280385,11.086477200850453,1352.009743974746,2747.2865513350007,74,24.99999999999447,1.0
19.059999999955103,10.709998402413412,11.371300843612573,1422.3713116353842,1814.414598570693,74,24.99999999999447,1.0
19.079999999954346,10.718664732743084,10.991978074522269,1329.0594018985612,1861.9842903117753,74,24.99999999999447,1.0
19.09999999995359,10.726987633898425,10.387896467866428,1186.9923232982298,1493.1738016052282,74,24.99999999999447,1.0
19.11999999995283,10.72951908942525,10.079284106071613,1117.5116489999862,949.6618713671819,74,24.99999999999447,1.0
19.139999999952074,10.716180768148568,10.458341369669853,1203.1459462500268,0.0,75,24.99999999999447,1.0
19.159999999951317,10.699046229216263,11.16633418310115,1371.5572099756253,2.4495777888921175,75,24.99999999999447,1.0
19.17999999995056,10.700585183942183,11.349881437119775,1417.0178950034365,0.0,75,24.99999999999447,1.0
19.199999999949803,10.709528367335116,10.906472300500852,1308.4625184575157,0.0,75,24.99999999999447,1.0
19.219999999949046,10.71722300209824,10.331362283772691,1174.1075130241695,0.0,75,24.99999999999447,1.0
19.23999999994829,10.71774608265922,10.093545872268956,1120.6763510315745,1.7383121545224884,75,24.99999999999447,1.0
19.25999999994753,10.7028238883519,10.547480384119549,1223.7427669872532,2.7426420558359816,75,24.99999999999447,1.0
19.279999999946774,10.688029074572356,11.217187535550256,1384.0782582847442,3.138873630664071,75,24.99999999999447,1.0
19.299999999946017,10.69130375978625,11.303766243713529,1405.526444217692,0.0,75,24.99999999999447,1.0
19.31999999994526,10.70027354527561,10.80834361829413,1285.0232094823136,3.3070231517748327,75,24.99999999999447,1.0
19.339999999944503,10.707171435241994,10.267783055215977,1159.7010575587838,0.0,75,24.99999999999447,1.0
19.359999999943746,10.705543981089482,10.108154054283734,1123.9225622364595,122.05258129637967,73,24.99999999999447,1.0
19.37999999994299,10.689559584485757,10.621706401212935,1241.027115609246,83.32226333278783,73,24.99999999999447,1.0
19.39999999994223,10.67727504590054,11.245283859027372,1391.020499771117,624.543593907433,74,24.99999999999447,1.0
19.419999999941474,10.681942259435182,11.249837178003974,1392.1472018476045,728.6463874947065,74,24.99999999999447,1.0
19.439999999940717,10.690791342372595,10.723068046354724,1264.826071594291,843.7793129196026,74,24.99999999999447,1.0
19.45999999993996,10.69682496511721,10.217667698571404,1148.408065182724,1560.3247582218366,74,24.99999999999447,1.0
19.479999999939203,10.693194036444002,10.14249219343432,1131.5716268326373,2409.328941557119,74,24.99999999999447,1.0
19.499999999938446,10.676587017028544,10.698908189880912,1259.1330010105094,3426.7211408600756,74,24.99999999999447,1.0
19.51999999993769,10.66686591273111,11.261420811559368,1395.015585645247,3632.0223823905994,74,24.99999999999447,1.0
19.53999999993693,10.67250943022272,11.190418098199585,1377.4800293376409,3938.366484890002,74,24.99999999999447,1.0
19.559999999936174,10.68103322715192,10.643767935024256,1246.1877544011556,4039.9866583908483,74,24.99999999999447,1.0
19.579999999935417,10.686002697453223,10.171816082135559,1138.1242664967074,4183.061982243683,73,24.99999999999447,1.0
19.59999999993466,10.680467775788015,10.183356520348145,1140.7082502256878,4120.327518671007,73,24.99999999999447,1.0
19.619999999933903,10.663684890047673,10.768324484427005,1275.5249342210113,3289.766900212657,73,24.99999999999447,1.0
19.639999999933146,10.656471062163936,11.262755545557177,1395.3462872687683,2040.6873120428857,73,24.99999999999447,1.0
19.65999999993239,10.662923344854336,11.124120347909312,1361.2065886624698,1851.6116580025323,72,24.99999999999447,1.0
19.67999999993163,10.671095083524367,10.56928361533291,1228.8073175547918,1652.6928146483524,71,24.99999999999447,1.0
19.699999999930874,10.674909512245806,10.1335948832335,1129.5871978324576,1769.1074981374031,72,24.99999999999447,1.0
19.719999999930117,10.667645006773705,10.225112389371372,1150.082157128035,2729.028188615537,73,24.99999999999447,1.0
19.73999999992936,10.651001282917857,10.825922835478291,1289.2066576370335,3460.1078968572406,74,24.99999999999447,1.0
19.759999999928603,10.64607697537444,11.250489207218102,1392.308581419041,3718.3333611953735,74,24.99999999999447,1.0
19.779999999927846,10.653029548591991,11.051594953358522,1343.5152611440951,3971.338865206893,73,24.99999999999447,1.0
19.79999999992709,10.66062340748362,10.4972019831052,1212.103744215185,4057.084071095734,74,24.99999999999447,1.0
19.81999999992633,10.663071748819704,10.099439726337454,1121.9855106451546,4223.576922498964,72,24.99999999999447,1.0
19.839999999925574,10.654286324652505,10.257751205756431,1157.4360577911727,4035.3352798100395,72,24.99999999999447,1.0
19.859999999924817,10.638200910515275,10.867465171162909,1299.1197917108275,3017.1063443492203,72,24.99999999999447,1.0
19.87999999992406,10.635261677042559,11.224796467071702,1385.956612999039,1944.6147811552519,73,24.99999999999447,1.0
19.899999999923303,10.642517970019053,10.978948642781223,1325.9104463091041,1832.2634567005205,72,24.99999999999447,1.0
19.919999999922545,10.649549127762644,10.431638938508756,1197.010000377533,1436.489746056623,72,24.99999999999447,1.0
19.93999999992179,10.650678818243449,10.076527894038396,1116.9005583926726,1977.0117809552908,70,24.99999999999447,1.0
19.95999999992103,10.64067848762085,10.2960473107101,1166.0944924681874,2955.86042788263,71,24.99999999999447,1.0
19.979999999920274,10.625399167998193,10.907483269537053,1308.7051040275378,3484.85147180818,72,24.99999999999447,1.0
19.999999999919517,10.624144937721457,11.203090975428768,1380.6017214410685,3802.0999371222088,72,24.99999999999447,1.0
20.01999999991876,10.631546218458547,10.919617231097599,1311.6184452105194,4023.072397570631,73,24.99999999999447,1.0
20.039999999918003,10.637926017033772,10.383162189465324,1185.9106275801657,4103.4704218494135,72,24.99999999999447,1.0
20.059999999917245,10.637778617015373,10.07005668987577,1115.4664591104292,4251.397343614177,72,24.99999999999447,1.0
20.079999999916488,10.626875813588706,10.340562674163506,1176.1996006013385,3907.773823500041,72,24.99999999999447,1.0
20.09999999991573,10.612604051740346,10.942000782333027,1317.0011923263423,3498.6276517250767,73,24.99999999999447,1.0
20.119999999914974,10.612773717729945,11.178732355164106,1374.6046277523212,3830.956814174869,72,24.99999999999447,1.0
20.139999999914217,10.620219908414663,10.861259879202182,1297.636627799237,4038.8526280323977,72,24.99999999999447,1.0
20.15999999991346,10.62595307524786,10.337696724403575,1175.5477092231883,4145.882995327761,72,24.99999999999447,1.0
20.179999999912702,10.624592184074414,10.067378337600712,1114.8731725163127,4256.007946266312,70,24.99999999999447,1.0
20.199999999911945,10.613026066832523,10.379679826034858,1185.115286200945,3839.1713678248234,71,24.99999999999447,1.0
20.219999999911188,10.599846038614283,10.97034219471561,1323.8324865607347,2699.1296687910444,72,24.99999999999447,1.0
20.23999999991043,10.601151460240795,11.158035824710742,1369.5193981208117,1926.7080503565726,73,24.99999999999447,1.0
20.259999999909674,10.608568357435257,10.815585280667372,1286.745734597276,1790.3458989363312,73,24.99999999999447,1.0
20.279999999908917,10.613684877704287,10.307346875404322,1168.6553957089798,1408.328028238,72,24.99999999999447,1.0
20.29999999990816,10.611341845317378,10.080788067178238,1117.8451686089948,2321.1264750512,71,24.99999999999447,1.0
20.319999999907402,10.599499342198774,10.423058014755084,1195.041522168452,3173.568396642001,72,24.99999999999447,1.0
20.339999999906645,10.587453658745435,10.989104535884938,1328.3646035066758,3473.427662102426,73,24.99999999999447,1.0
20.359999999905888,10.589661080854217,11.130667462374406,1362.8093397375633,3859.879845311746,72,24.99999999999447,1.0
20.37999999990513,10.596996136840325,10.764105943509897,1274.525744394156,4054.1139313733893,72,24.99999999999447,1.0
20.399999999904374,10.601381113328184,10.271044850696835,1160.4379855752857,4192.71265610998,72,24.99999999999447,1.0
20.419999999903617,10.598119710717558,10.082966057722981,1118.3282497331309,4242.927396914788,71,24.99999999999447,1.0
20.43999999990286,10.586150691117773,10.444694194977034,1200.0080050924564,3707.7836985338145,70,24.99999999999447,1.0
20.459999999902102,10.575201787808036,10.986588323042593,1327.7563527801744,3481.738145028513,72,24.99999999999447,1.0
20.479999999901345,10.578007857699983,11.091911598255482,1353.3355319386594,3875.3925942155956,71,24.99999999999447,1.0
20.499999999900588,10.585146534539266,10.709813224642689,1261.7010923740459,4061.566868456214,70,24.99999999999447,1.0
20.51999999989983,10.588767640565516,10.235988690174802,1152.530109119251,4207.38295103663,70,24.99999999999447,1.0
20.539999999899074,10.5847419235118,10.087455293320255,1119.3242972420833,4237.181210653118,69,24.99999999999447,1.0
20.559999999898317,10.572857754549661,10.465760262085654,1204.853516497963,3657.02984058929,68,24.99999999999447,1.0
20.57999999989756,10.562934347481931,10.98578939813787,1327.5632557026227,3485.147672942288,69,24.99999999999447,1.0
20.599999999896802,10.56625682554308,11.062041366610243,1346.0563511625583,3876.7015057234585,69,24.99999999999447,1.0
20.619999999896045,10.573207930788046,10.670170743535909,1252.3779806583061,4063.0197255436756,68,24.99999999999447,1.0
20.639999999895288,10.576105348980214,10.216098401375982,1148.055332012566,4211.86168259501,68,24.99999999999447,1.0
20.65999999989453,10.571329388983697,10.101030790977765,1122.3390534430898,4218.557371126397,67,24.99999999999447,1.0
20.679999999893774,10.559523111413906,10.488337471237275,1210.057452016159,3586.9638146527427,67,24.99999999999447,1.0
20.699999999893016,10.550374527526534,10.983040324259475,1326.8989224074064,3500.9697098326947,68,24.99999999999447,1.0
20.71999999989226,10.553916367143236,11.03126748964135,1338.5774867081998,3882.0302732007144,68,24.99999999999447,1.0
20.739999999891502,10.560523807836024,10.63097586544597,1243.1941263686415,4069.5058584377866,67,24.99999999999447,1.0
20.759999999890745,10.56267941117339,10.194516810755132,1143.209903052459,4209.08817603284,67,24.99999999999447,1.0
20.779999999889988,10.557379129844767,10.103665544008344,1122.9246316769954,4191.454462513998,65,24.99999999999447,1.0
20.79999999988923,10.545895009399983,10.495153201714881,1211.6306480021274,3519.696435179483,65,24.99999999999447,1.0
20.819999999888473,10.537590560987201,10.97001078341472,1323.7525024705876,3504.7619139272006,67,24.99999999999447,1.0
20.839999999887716,10.54142071955015,10.998124514231161,1330.5461711358566,3877.8166598895477,67,24.99999999999447,1.0
20.85999999988696,10.547863257111917,10.59566606906218,1234.9495339178313,4069.342903370756,66,24.99999999999447,1.0
20.879999999886202,10.54949186518024,10.177981077189713,1139.5042868839505,4204.730652072725,66,24.99999999999447,1.0
20.899999999885445,10.543862397845922,10.108330986240295,1123.9619086012426,4174.110590998611,65,24.99999999999447,1.0
20.919999999884688,10.532728056172747,10.501183760480549,1213.0234640851843,3481.603647966577,65,24.99999999999447,1.0
20.93999999988393,10.525065199790069,10.956142111959316,1320.4075497519318,3532.3955597139484,67,24.99999999999447,1.0
20.959999999883173,10.529078471385096,10.968376200827972,1323.358041311784,3905.017749648136,68,24.99999999999447,1.0
20.979999999882416,10.535187420288336,10.564792840060012,1227.763325287216,4096.686071574171,67,24.99999999999447,1.0
20.99999999988166,10.536123719787634,10.163276159341523,1136.2140052014377,4228.3917700739585,67,24.99999999999447,1.0
21.019999999880902,10.530000297152032,10.106781712212953,1123.6174023615442,4180.672178357758,66,24.99999999999447,1.0
21.039999999880145,10.519039757529082,10.495899116530106,1211.802880908152,3423.5879269752286,66,24.99999999999447,1.0
21.059999999879388,10.511919554031962,10.93042164632276,1314.2152910304126,2733.1659146619845,67,24.99999999999447,1.0
21.07999999987863,10.515902657061776,10.931245203706657,1314.4133387391578,3126.5940535807144,68,24.99999999999447,1.0
21.099999999877873,10.521593923448371,10.528197016674705,1219.2722566410996,3333.260830436558,67,24.99999999999447,1.0
21.119999999877116,10.521891287634409,10.14301767762629,1131.6888836950336,3263.7366715769163,66,24.99999999999447,1.0
21.13999999987636,10.51551747631553,10.098729695372061,1121.8277560620843,3103.2732868576945,65,24.99999999999447,1.0
21.159999999875602,10.504878514135315,10.488315079366453,1210.052285244723,3360.5247196642426,65,24.99999999999447,1.0
21.179999999874845,10.498249051040059,10.913958733995283,1310.259447720871,3550.8002517343853,67,24.99999999999447,1.0
21.199999999874088,10.502266532543178,10.909597304414193,1309.2124467892957,3922.4547747245742,68,24.99999999999447,1.0
21.21999999987333,10.507650697580347,10.513097203129224,1215.7773408268786,4126.596542918443,68,24.99999999999447,1.0
21.239999999872573,10.507465256880213,10.145115836418775,1132.1571286779051,4242.413761317841,67,24.99999999999447,1.0
21.259999999871816,10.50100902703387,10.114068163010238,1125.2381228661902,4131.8653242038245,65,24.99999999999447,1.0
21.27999999987106,10.49073521727485,10.499624563164755,1212.6632756415393,3367.14446167291,65,24.99999999999447,1.0
21.299999999870302,10.484521982739865,10.908666712926294,1308.9891039907677,3527.029671312975,66,24.99999999999447,1.0
21.319999999869545,10.48857380096387,10.895864969116186,1305.918607677346,3903.323900327731,67,24.99999999999447,1.0
21.339999999868787,10.493708059144573,10.502988415729602,1213.4404222704525,4114.466096137269,66,24.99999999999447,1.0
21.35999999986803,10.493176106821636,10.146657214806144,1132.5011789825533,4219.288962711579,65,24.99999999999447,1.0
21.379999999867273,10.486613921571745,10.119325385340622,1126.4082087983904,4112.222587565411,64,24.99999999999447,1.0
21.399999999866516,10.476661913405827,10.491053387928043,1210.684213071921,3332.6666550845393,64,24.99999999999447,1.0
21.41999999986576,10.47078321113402,10.880987194862044,1302.3547056822695,3532.524639887363,66,24.99999999999447,1.0
21.439999999865,10.47471996363599,10.864152670794168,1298.3279457975646,3907.2792105655003,66,24.99999999999447,1.0
21.459999999864245,10.479551972804622,10.480456007265923,1208.2395393226002,4123.377386222885,65,24.99999999999447,1.0
21.479999999863487,10.478744387564939,10.136452810713559,1130.2244314220509,4216.36076607742,65,24.99999999999447,1.0
21.49999999986273,10.472193909692244,10.112908746953023,1124.9801565661885,4099.624844514031,65,24.99999999999447,1.0
21.519999999861973,10.46259896830349,10.472178283806274,1206.331698086061,3323.8357898759295,65,24.99999999999447,1.0
21.539999999861216,10.456936271967091,10.84875255615822,1294.6497522722443,3524.013698815693,66,24.99999999999447,1.0
21.55999999986046,10.460703766092749,10.837471431972935,1291.9586574271243,3901.4754957091136,67,24.99999999999447,1.0
21.5799999998597,10.465269247468871,10.469446163248403,1205.7023326167237,4124.484420103138,66,24.99999999999447,1.0
21.599999999858944,10.464286911469316,10.138483932568057,1130.6774209603473,4212.101192750885,65,24.99999999999447,1.0
21.619999999858187,10.457825498333795,10.119172361546278,1126.3741421095028,4092.95323696955,64,24.99999999999447,1.0
21.63999999985743,10.448620870844522,10.468089625069831,1205.389904383441,3319.3116822357833,64,24.99999999999447,1.0
21.659999999856673,10.4431012174393,10.837229793546369,1291.9010455794198,3515.262793251753,65,24.99999999999447,1.0
21.679999999855916,10.446712318679955,10.832261785018092,1290.7168491707966,3895.0591251137744,66,24.99999999999447,1.0
21.69999999985516,10.451138932090485,10.477837826019783,1207.6359405920807,4123.103166766836,65,24.99999999999447,1.0
21.7199999998544,10.450126764045677,10.15268522409099,1133.8471898542305,4208.752781984001,64,24.99999999999447,1.0
21.739999999853644,10.443842231781783,10.128890129968914,1128.5385679147985,4085.399814785481,64,24.99999999999447,1.0
21.759999999852887,10.435074193552834,10.454922773900298,1202.3595122904103,5539.2901661662245,64,24.99999999999447,1.0
21.77999999985213,10.429666459527477,10.806325668699456,1284.54341903792,5122.293632746662,65,24.99999999999447,1.0
21.799999999851373,10.433076026115073,10.80435674947327,1284.0753724687745,3887.5919958463096,65,24.99999999999447,1.0
21.819999999850616,10.437346783975332,10.462537438400682,1204.111586149295,4122.088783365008,64,24.99999999999447,1.0
21.83999999984986,10.436264469178756,10.141642789118857,1131.3821030829515,4207.788719961716,64,24.99999999999447,1.0
21.8599999998491,10.4300278973181,10.111800160252148,1124.7335272896291,4079.511822560128,63,24.99999999999447,1.0
21.879999999848344,10.421541281771626,10.419154470770433,1194.1465787435307,4043.4319516581977,63,24.99999999999447,1.0
21.899999999847587,10.416035970330212,10.764833423739688,1274.6980250494944,3502.1678816567655,64,24.99999999999447,1.0
21.91999999984683,10.419086788599962,10.77581342968125,1277.2997057842867,3883.0865697507516,65,24.99999999999447,1.0
21.939999999846073,10.423134134216024,10.453648165825733,1202.0663597235887,4122.429850987338,64,24.99999999999447,1.0
21.959999999845316,10.421993754602477,10.137610224734518,1130.4825517550603,4203.667614994577,63,24.99999999999447,1.0
21.97999999984456,10.415825074736274,10.103164024744538,1122.8131564198147,4070.2535948979767,63,24.99999999999447,1.0
21.9999999998438,10.407702260991407,10.389830368705237,1187.4343259951656,5321.601001405849,63,24.99999999999447,1.0
22.019999999843044,10.402137716050806,10.727099151138704,1265.7772181819678,5118.942848958612,64,24.99999999999447,1.0
22.039999999842287,10.404847969227697,10.751182460699477,1271.4671673357725,3876.047979512162,64,24.99999999999447,1.0
22.05999999984153,10.40876398600381,10.449764552557866,1201.173371242844,4117.060134889156,63,24.99999999999447,1.0
22.079999999840773,10.407652502287364,10.137621133272402,1130.4849846594834,4194.59175762188,64,24.99999999999447,1.0
22.099999999840016,10.401607868483893,10.097554984215346,1121.566783251774,4062.7016994733485,62,24.99999999999447,1.0
22.11999999983926,10.393852807844624,10.3636229740289,1181.4514926260158,5205.964581584684,62,24.99999999999447,1.0
22.1399999998385,10.388219298019933,10.694045415244839,1257.9886807765106,5133.641483135887,63,24.99999999999447,1.0
22.159999999837744,10.390553574070577,10.733160951872831,1267.2081842068847,3866.318582326698,63,24.99999999999447,1.0
22.179999999836987,10.394370135685023,10.453186071320411,1201.9600894581176,4108.237546363703,63,24.99999999999447,1.0
22.19999999983623,10.39331264311936,10.141830139625618,1131.4239043912044,4184.448555732483,63,24.99999999999447,1.0
22.219999999835473,10.387356895603908,10.091925554834882,1120.3165754476227,4056.3232019206093,60,24.99999999999447,1.0
22.239999999834716,10.379950382056107,10.334463186742383,1174.8124229394687,5061.817914412633,60,24.99999999999447,1.0
22.25999999983396,10.374197211572149,10.65764252789781,1249.4387867770163,5134.002081003124,63,24.99999999999447,1.0
22.2799999998332,10.37604869417321,10.714143068342171,1262.7214785779506,3855.2883652085625,61,24.99999999999447,1.0
22.299999999832444,10.37975180487571,10.45849048910831,1203.1802564184588,4095.495276721741,60,24.99999999999447,1.0
22.319999999831687,10.378779177010438,10.148567993727937,1132.92775555651,4175.057813109733,62,24.99999999999447,1.0
22.33999999983093,10.37294777627198,10.090059307502871,1119.9022651181785,4167.76710540059,59,24.99999999999447,1.0
22.359999999830173,10.365911959605695,10.30721178677994,1168.6247629928885,6009.323414372469,59,24.99999999999447,1.0
22.379999999829415,10.360086668960392,10.620054538105588,1240.641142315708,6091.071891500683,62,24.99999999999447,1.0
22.39999999982866,10.361463288985624,10.693404991554692,1257.8380134474749,4312.779544327877,61,24.99999999999447,1.0
22.4199999998279,10.36507164328845,10.463271750297464,1204.2806129263024,4075.766399328396,59,24.99999999999447,1.0
22.439999999827144,10.36421792007876,10.154887548754997,1134.339152406452,4166.658770979828,62,24.99999999999447,1.0
22.459999999826387,10.358477967068879,10.086150197540109,1119.0346838807222,4053.075417377595,57,24.99999999999447,1.0
22.47999999982563,10.35177443335467,10.278409399659207,1162.1026976570301,5797.799077837331,58,24.99999999999447,1.0
22.499999999824873,10.34585476322149,10.581992727494203,1231.7642709321422,6071.308264757457,59,24.99999999999447,1.0
22.519999999824115,10.346702697466213,10.673753042554164,1253.2190441477771,4436.358340609984,60,24.99999999999447,1.0
22.539999999823358,10.350206671013341,10.470818058967842,1206.0183390640777,4051.7985355840988,58,24.99999999999447,1.0
22.5599999998226,10.349531061658277,10.164280326235582,1136.438540053297,4158.923974389886,62,24.99999999999447,1.0
22.579999999821844,10.343942616276408,10.084424558121496,1118.6518053528832,4057.4411318495877,61,24.99999999999447,1.0
22.599999999821087,10.337599992058346,10.249487699003978,1155.5719790123726,5620.989260679634,60,24.99999999999447,1.0
22.61999999982033,10.331615454622163,10.54315798168374,1222.739982494157,6051.744764078651,62,24.99999999999447,1.0
22.639999999819572,10.331950565289105,10.655424671165862,1248.9188241517913,4577.14986610874,63,24.99999999999447,1.0
22.659999999818815,10.335345962906887,10.481955099266145,1208.5852097333468,4040.400410558678,60,24.99999999999447,1.0
22.679999999818058,10.334870662683455,10.178527261593041,1139.6265893649202,4168.795562227765,65,24.99999999999447,1.0
22.6999999998173,10.329437886368568,10.084847379391224,1118.7456133217545,4083.651652740419,62,24.99999999999447,1.0
22.719999999816544,10.323408277329206,10.220389242374747,1149.019918922144,5399.777250371273,60,24.99999999999447,1.0
22.739999999815787,10.317492631893435,10.49400937595658,1211.3665606093107,5976.181229735563,61,24.99999999999447,1.0
22.75999999981503,10.317254485731082,10.622098159139455,1241.1186623263316,4700.895875114314,63,24.99999999999447,1.0
22.779999999814272,10.320486236795894,10.4784027346366,1207.7661625616374,3245.9360600480227,59,24.99999999999447,1.0
22.799999999813515,10.320221461413299,10.18044062299523,1140.0550840616465,3260.080328431424,64,24.99999999999447,1.0
22.819999999812758,10.315039338057701,10.071625134515761,1115.8139613523058,3537.873099402797,62,24.99999999999447,1.0
22.839999999812,10.309273851524182,10.180671562817942,1140.1068081696692,5218.287548063604,62,24.99999999999447,1.0
22.859999999811244,10.30333544762739,10.440898152343152,1199.135896503629,5909.436327417545,63,24.99999999999447,1.0
22.879999999810487,10.302469358029173,10.590925765741298,1233.844794329872,4858.052472841645,63,24.99999999999447,1.0
22.89999999980973,10.30537331097365,10.483776941957327,1209.0053686558772,4001.9010624019506,61,24.99999999999447,1.0
22.919999999808972,10.305226834068806,10.199130279214854,1144.24484297637,4189.96217206675,65,24.99999999999447,1.0
22.939999999808215,10.300208724626442,10.077739905262504,1117.1692575793234,4122.400335361156,61,24.99999999999447,1.0
22.959999999807458,10.294619976988766,10.165415763628486,1136.6924541216918,4996.204298883332,60,24.99999999999447,1.0
22.9799999998067,10.288791024774133,10.406952724876142,1191.3513151958764,5818.984437384476,61,24.99999999999447,1.0
22.999999999805944,10.287372035954116,10.571476474935748,1229.3172634613195,4989.28704962103,61,24.99999999999447,1.0
23.019999999805187,10.290044946683464,10.494356474607358,1211.446695977467,3267.3026416036087,60,24.99999999999447,1.0
23.03999999980443,10.29020831642397,10.221482827717084,1149.2658231704677,3290.6005070148785,64,24.99999999999447,1.0
23.059999999803672,10.285679172052673,10.079432032771424,1117.5444511358453,3624.220432762032,60,24.99999999999447,1.0
23.079999999802915,10.280284432985024,10.141842946807909,1131.4267619348905,4748.433374003565,61,24.99999999999447,1.0
23.099999999802158,10.274670069684314,10.3585621779697,1180.2979143435082,5715.583725893589,62,24.99999999999447,1.0
23.1199999998014,10.272732856076809,10.53555155137885,1220.9763114093741,5126.456399839897,62,24.99999999999447,1.0
23.139999999800644,10.274942915056684,10.489712374135777,1210.3747226130697,3937.544581882167,60,24.99999999999447,1.0
23.159999999799886,10.275346331290493,10.23710061987622,1152.780520116171,4181.480353148063,63,24.99999999999447,1.0
23.17999999979913,10.271214688486818,10.075147654260556,1116.594602806672,4138.92109877082,61,24.99999999999447,1.0
23.199999999798372,10.265886133805402,10.118196849813557,1126.156982407347,4516.616554330265,61,24.99999999999447,1.0
23.219999999797615,10.26042189260486,10.306628755916003,1168.4925594350213,5558.992184465286,59,24.99999999999447,1.0
23.239999999796858,10.257976573659242,10.489731256042043,1210.3790800638392,5235.5403627799,62,24.99999999999447,1.0
23.2599999997961,10.259650625753656,10.474484794176535,1206.8631487377897,3902.1275583773363,62,24.99999999999447,1.0
23.279999999795344,10.260335499579142,10.248270780415128,1155.2975938758154,4167.077933999092,62,24.99999999999447,1.0
23.299999999794586,10.256662250557579,10.067692140476977,1114.9426753896407,4161.971366678963,62,24.99999999999447,1.0
23.31999999979383,10.25106941791456,10.092318963860071,1120.403922751186,4273.570617863521,62,24.99999999999447,1.0
23.339999999793072,10.24578681764731,10.253476045919275,1156.4714812666439,5361.496246292542,62,24.99999999999447,1.0
23.359999999792315,10.242871474086245,10.440711503250844,1199.0930236352594,5294.369075094784,63,24.99999999999447,1.0
23.379999999791558,10.243874065964846,10.45723374775263,1202.8911142065017,3967.699087752195,63,24.99999999999447,1.0
23.3999999997908,10.244773914604885,10.263054518076254,1158.6331684510596,3321.0729078102777,63,24.99999999999447,1.0
23.419999999790043,10.24163816962098,10.06693007608171,1114.7738927239038,3443.8478618332433,63,24.99999999999447,1.0
23.439999999789286,10.235830956905415,10.0762455371635,1116.8379653772809,4036.0747487352232,64,24.99999999999447,1.0
23.45999999978853,10.230838378718989,10.211595342517356,1147.0434738325437,5150.2937050494065,62,24.99999999999447,1.0
23.479999999787772,10.227639224526934,10.400279737373332,1189.8240047718011,5305.890273703153,61,24.99999999999447,1.0
23.499999999787015,10.228064673006072,10.44859625994976,1200.9048018377973,4185.392443905094,62,24.99999999999447,1.0
23.519999999786258,10.229228938710785,10.291428579172269,1165.0485242022412,3302.3178660336634,61,24.99999999999447,1.0
23.5399999997855,10.226643765643676,10.08490255292929,1118.7578545228766,3356.342840468659,64,24.99999999999447,1.0
23.559999999784743,10.220774379041801,10.077897615137157,1117.2042237530593,3811.3875848929188,61,24.99999999999447,1.0
23.579999999783986,10.216078351961702,10.185280240198065,1141.1392692850607,4945.8511711692645,61,24.99999999999447,1.0
23.59999999978323,10.212709841001072,10.367962221010295,1182.4410467792638,5319.2323312879225,62,24.99999999999447,1.0
23.619999999782472,10.212502130377395,10.442967063587911,1199.6111720030012,4423.228904103367,63,24.99999999999447,1.0
23.639999999781715,10.213844538942576,10.321750986346096,1171.9239776655027,4074.5907948075474,60,24.99999999999447,1.0
23.659999999780958,10.211711573684637,10.10750007173041,1123.7771347003327,4142.466079204705,64,24.99999999999447,1.0
23.6799999997802,10.205897839880791,10.073403842486652,1116.2081147120732,3925.287257870524,62,24.99999999999447,1.0
23.699999999779443,10.201442236099078,10.153874447861952,1134.1128293323825,4745.612402551998,60,24.99999999999447,1.0
23.719999999778686,10.198014912627782,10.316882952026292,1170.818812303918,5278.605424744866,61,24.99999999999447,1.0
23.73999999977793,10.197250796011106,10.409739555328933,1191.989453707578,4627.65049087466,63,24.99999999999447,1.0
23.759999999777172,10.198519542032496,10.324452421236483,1172.5374957821348,3997.992464188085,61,24.99999999999447,1.0
23.779999999776415,10.19687696438693,10.1119155885178,1124.759205562402,4111.643742567799,63,24.99999999999447,1.0
23.799999999775657,10.191185983970879,10.047364061879138,1110.444770511345,3978.873491446432,61,24.99999999999447,1.0
23.8199999997749,10.186704308846087,10.108751031754183,1124.055321641904,4560.072832358847,61,24.99999999999447,1.0
23.839999999774143,10.183157560916444,10.256208864458326,1157.088022985329,5164.672160817345,63,24.99999999999447,1.0
23.859999999773386,10.18176622000349,10.367639744272024,1182.3674925370976,4809.7126892170845,63,24.99999999999447,1.0
23.87999999977263,10.182670857647206,10.32352445957282,1172.326729941381,3931.842273546099,62,24.99999999999447,1.0
23.89999999977187,10.181447063641368,10.127595033224418,1128.249992726911,4111.968981141941,63,24.99999999999447,1.0
23.919999999771115,10.176161398754099,10.03372728189109,1107.4325148410214,4024.5178480281434,62,24.99999999999447,1.0
23.939999999770357,10.171560425103326,10.086080672314525,1119.0192566128028,4313.362736702523,61,24.99999999999447,1.0
23.9599999997696,10.167984581562816,10.21207221906697,1147.1506090818334,5013.82680105452,60,24.99999999999447,1.0
23.979999999768843,10.16620064351556,10.332131273643133,1174.2823032137394,4890.953369218556,60,24.99999999999447,1.0
23.999999999768086,10.16673560869186,10.325027038765263,1172.6680168635717,3849.671127372282,61,24.99999999999447,1.0
24.01999999976733,10.165974615757483,10.152970860274584,1133.910990185433,4116.578162199319,62,24.99999999999447,1.0
24.03999999976657,10.161402046640738,10.031808548301095,1107.0090102474362,4053.6749564935612,61,24.99999999999447,1.0
24.059999999765814,10.156573472602606,10.075160715204763,1116.597497809259,4068.5016614201945,61,24.99999999999447,1.0
24.079999999765057,10.15302678251525,10.17520999322962,1138.8838824695192,4849.089792068411,62,24.99999999999447,1.0
24.0999999997643,10.151010353567731,10.299528508076781,1166.8831623755495,4938.936995687355,62,24.99999999999447,1.0
24.119999999763543,10.151056148278421,10.326451409502178,1172.9915858409047,4055.4583582182477,63,24.99999999999447,1.0
24.139999999762786,10.150658225445792,10.18484072132496,1141.0407857063506,4115.655975964616,63,24.99999999999447,1.0
24.15999999976203,10.146895858145612,10.040319275593783,1108.8881227144607,4067.09150292109,64,24.99999999999447,1.0
24.17999999976127,10.14164552520721,10.068451580561536,1115.110889531233,3829.0470987987333,64,24.99999999999447,1.0
24.199999999760514,10.138079368948336,10.143061744062072,1131.6987169824106,4606.106474215457,62,24.99999999999447,1.0
24.219999999759757,10.135939846650379,10.258910631477354,1157.69772079103,4932.946503985863,63,24.99999999999447,1.0
24.239999999759,10.135475539857918,10.308983661984987,1169.0265855738076,4305.299033568462,64,24.99999999999447,1.0
24.259999999758243,10.1353471204083,10.202067907515188,1144.9040854850646,4089.7193620986804,62,24.99999999999447,1.0
24.279999999757486,10.132336320176723,10.041069417285764,1109.0538254702662,4074.1176608510477,63,24.99999999999447,1.0
24.29999999975673,10.12665181507512,10.043716297421371,1109.6386076939643,3789.6636471676843,63,24.99999999999447,1.0
24.31999999975597,10.123082539941484,10.099424654547166,1121.9821618816266,4413.621088677161,61,24.99999999999447,1.0
24.339999999755214,10.120912393288954,10.205833283330028,1145.7493630783968,4848.790988196459,61,24.99999999999447,1.0
24.359999999754457,10.119957245688571,10.275795231555357,1161.511644049414,4511.518916785145,64,24.99999999999447,1.0
24.3799999997537,10.11998298655603,10.214005317093209,1147.5849507936919,3311.9891214332592,62,24.99999999999447,1.0
24.399999999752943,10.11758548115463,10.052758961256151,1111.6375900642743,3370.0446138899983,64,24.99999999999447,1.0
24.419999999752186,10.111812191119308,10.026727837355706,1105.8879823684422,3815.726790418222,64,24.99999999999447,1.0
24.43999999975143,10.108119873974964,10.076964799653906,1116.9974153081027,4198.629825606007,61,24.99999999999447,1.0
24.45999999975067,10.105946021260689,10.169397392656085,1137.5830766273643,4699.699854101424,61,24.99999999999447,1.0
24.479999999749914,10.104610747423468,10.250336615909616,1155.7634081340314,4637.882047318157,62,24.99999999999447,1.0
24.499999999749157,10.104475024134533,10.231359441931708,1151.4878763300562,3894.3015565352944,61,24.99999999999447,1.0
24.5199999997484,10.102571670155648,10.081020095285792,1117.8966277771156,4099.322152268796,63,24.99999999999447,1.0
24.539999999747643,10.097125894526929,10.019489165998515,1104.2917946231778,3944.4239696763834,60,24.99999999999447,1.0
24.559999999746886,10.093285787098177,10.066470946074164,1114.672210389708,3977.671418597124,59,24.99999999999447,1.0
24.57999999974613,10.091086001638887,10.136100278022145,1130.1458173073265,4548.475480286584,60,24.99999999999447,1.0
24.59999999974537,10.08959696477741,10.216764876645199,1148.205129991161,4686.333640991146,60,24.99999999999447,1.0
24.619999999744614,10.089252492339698,10.230222156158035,1151.2318990078143,3909.5005009492183,61,24.99999999999447,1.0
24.639999999743857,10.087791886414056,10.100517458299986,1122.224982179651,4097.659574790492,61,24.99999999999447,1.0
24.6599999997431,10.083156042635055,10.004074158558247,1100.8964974692617,3989.5733929435264,60,24.99999999999447,1.0
24.679999999742343,10.07875298936946,10.043990408805186,1109.6991766538763,3797.049348453065,60,24.99999999999447,1.0
24.699999999741586,10.076479319972886,10.091302585698822,1120.178266637449,4359.905807150093,60,24.99999999999447,1.0
24.71999999974083,10.0748391201451,10.165630867206051,1136.740560211217,4656.87999438333,60,24.99999999999447,1.0
24.73999999974007,10.074021294245803,10.202731521407966,1145.0530354772486,4190.074760161809,62,24.99999999999447,1.0
24.759999999739314,10.072822530179717,10.108563216211541,1124.0135532575953,4067.954765332258,60,24.99999999999447,1.0
24.779999999738557,10.069081565341538,9.9887698465471,1097.5307535201744,4006.1599987329096,60,24.99999999999447,1.0
24.7999999997378,10.063834332123424,10.011103447602208,1102.4441146245208,3727.9722042021745,62,24.99999999999447,1.0
24.819999999737043,10.061373276382039,10.048523381784536,1110.7010436969758,4157.659630822741,60,24.99999999999447,1.0
24.839999999736285,10.059701052505797,10.11549348481045,1125.5552928536695,4545.371756701392,60,24.99999999999447,1.0
24.85999999973553,10.058491782581386,10.16986651819625,1137.68803497722,4420.851819848463,62,24.99999999999447,1.0
24.87999999973477,10.057517209806944,10.1219996032082,1127.0036356408166,3965.93132544903,61,24.99999999999447,1.0
24.899999999734014,10.054432655807071,9.996304837025724,1099.1872143421829,4005.930820162845,61,24.99999999999447,1.0
24.919999999733257,10.048737535992345,9.991770857625264,1098.1903335841846,3817.66128968296,62,24.99999999999447,1.0
24.9399999997325,10.046048143681706,10.030085746773981,1106.6288209640243,3939.4776361211334,59,24.99999999999447,1.0
24.959999999731743,10.044598271376152,10.083322327241556,1118.4072807055286,4393.147477785606,60,24.99999999999447,1.0
24.979999999730985,10.04315172758444,10.143401532657135,1131.7745411798223,4529.847172501347,61,24.99999999999447,1.0
24.99999999973023,10.042194540599652,10.137613500862319,1130.4832824215255,3887.655038730316,61,24.99999999999447,1.0
25.01999999972947,10.039608643527794,10.019504449540483,1104.2951635579768,4033.4522246467295,62,24.99999999999447,1.0
25.039999999728714,10.03409035186821,9.97856433887957,1095.2892089167499,3858.776290886944,60,24.99999999999447,1.0
25.059999999727957,10.03085982623837,10.022448979140407,1104.9443189341985,3781.875947523313,60,24.99999999999447,1.0
25.0799999997272,10.02965710280446,10.056471389727657,1112.4587849365198,4243.273616244853,61,24.99999999999447,1.0
25.099999999726442,10.028131173903542,10.111788496167529,1124.7309325034857,4519.803403597732,60,24.99999999999447,1.0
25.119999999725685,10.02699509454462,10.136040554213077,1130.1324992831735,3962.1802690743093,61,24.99999999999447,1.0
25.139999999724928,10.024843404450428,10.039725955880359,1108.7570699609555,4051.063280069209,60,24.99999999999447,1.0
25.15999999972417,10.020066394531842,9.965401407868898,1092.4014774195095,3920.350205530589,60,24.99999999999447,1.0
25.179999999723414,10.015907978637022,10.007273051383557,1101.6006531744233,3655.6271622790846,62,24.99999999999447,1.0
25.199999999722657,10.014756247744874,10.02873370893133,1106.3304978512112,4044.646188387575,61,24.99999999999447,1.0
25.2199999997219,10.013310639287564,10.07215904072383,1115.9322651579828,4409.142799725467,60,24.99999999999447,1.0
25.239999999721142,10.011885693863894,10.114390932258916,1125.309943236175,4244.84899329232,62,24.99999999999447,1.0
25.259999999720385,10.010042737709664,10.054446185736746,1112.010769120638,3998.5025564453335,60,24.99999999999447,1.0
25.279999999719628,10.006154494156307,9.961302999732833,1091.5031319773498,3954.860853391871,61,24.99999999999447,1.0
25.29999999971887,10.000972987173881,9.98470901198045,1096.6385545931596,3761.5975874584924,62,24.99999999999447,1.0
25.319999999718114,9.99959810235317,10.007449455540389,1101.6394906571518,3833.2568881026314,60,24.99999999999447,1.0
25.339999999717357,9.998511466287752,10.03484552434486,1107.6793716721047,4239.591156719466,60,24.99999999999447,1.0
25.3599999997166,9.996919095557548,10.082878860925435,1118.308907365067,4409.670452321561,62,24.99999999999447,1.0
25.379999999715842,9.995220165119596,10.065639758168913,1114.4881411535382,3918.8385836381144,62,24.99999999999447,1.0
25.399999999715085,9.99197678128209,9.968748530409206,1093.1354198878928,3972.995008020894,62,24.99999999999447,1.0
25.419999999714328,9.986364048745111,9.961185257437398,1091.4773290628698,3802.4335889399476,61,24.99999999999447,1.0
25.43999999971357,9.984317149449458,9.994776455101084,1098.851120261873,3654.9772598187305,60,24.99999999999447,1.0
25.459999999712814,9.983784716740555,10.006512599821766,1101.4332385143096,4078.2980053051815,61,24.99999999999447,1.0
25.479999999712057,9.982174649164286,10.047155811324194,1110.3987388672808,4418.66636165943,60,24.99999999999447,1.0
25.4999999997113,9.980467373328535,10.066617655575374,1114.7047012589603,3830.938531467516,61,24.99999999999447,1.0
25.519999999710542,9.977654107443325,9.98261903789905,1096.1795114140702,4002.912662665694,62,24.99999999999447,1.0
25.539999999709785,9.972366561354221,9.939576695157195,1086.7470336680324,3830.530868415535,60,24.99999999999447,1.0
25.559999999709028,9.969144815991369,9.982469630078748,1096.14669906989,3598.8768528531314,60,24.99999999999447,1.0
25.57999999970827,9.968957618127464,9.984947370416164,1096.6909138897872,3874.8786005964957,61,24.99999999999447,1.0
25.599999999707514,9.967590614730067,10.008292336618348,1101.8250704473492,4287.07562320327,60,24.99999999999447,1.0
25.619999999706756,9.965730226138193,10.048164073400708,1110.6216137057877,4141.033335585491,62,24.99999999999447,1.0
25.639999999706,9.963204986463293,9.994949880734035,1098.8892543022382,3972.935599468631,60,24.99999999999447,1.0
25.659999999705242,9.958741497219162,9.926850084553246,1083.9658786131426,3893.7092411748895,60,24.99999999999447,1.0
25.679999999704485,9.954169363450585,9.960544497197581,1091.3369134871832,3677.269045412828,61,24.99999999999447,1.0
25.699999999703728,9.95382121600201,9.969214853446045,1093.2376927358619,3677.0823927708025,60,24.99999999999447,1.0
25.71999999970297,9.953047239206008,9.972644576827799,1093.990038413062,4083.00741056042,61,24.99999999999447,1.0
25.739999999702214,9.951096778017973,10.0155761635885,1103.4294247750636,4326.829940012715,62,24.99999999999447,1.0
25.759999999701456,9.948677462725001,10.001655181233831,1100.364170007317,3902.3083040703673,61,24.99999999999447,1.0
25.7799999997007,9.945018588347192,9.926642537796805,1083.920552805167,3923.783681354542,61,24.99999999999447,1.0
25.799999999699942,9.939598783852784,9.933684418189598,1085.458947322011,3770.5102401636022,62,24.99999999999447,1.0
25.819999999699185,9.938236161246099,9.958117247616965,1090.8050902901512,3538.429261581285,60,24.99999999999447,1.0
25.839999999698428,9.938210584587555,9.94857024459033,1088.714549027029,3922.324845691408,62,24.99999999999447,1.0
25.85999999969767,9.936370417711267,9.978458000982299,1095.2658648510442,4320.398136740209,61,24.99999999999447,1.0
25.879999999696913,9.93403515298755,10.001368042834525,1100.3009900105487,3849.1960100305687,62,24.99999999999447,1.0
25.899999999696156,9.930775463620487,9.936446700801339,1086.062703416524,3957.5387693807984,63,24.99999999999447,1.0
25.9199999996954,9.925292702339425,9.908927494476815,1080.0552849987844,3765.060866605685,61,24.99999999999447,1.0
25.939999999694642,9.92261068916998,9.947174468956213,1088.4090790743976,3503.8163696304496,62,24.99999999999447,1.0
25.959999999693885,9.92307452198837,9.934453720164369,1085.6270778989642,3691.8324632718536,62,24.99999999999447,1.0
25.979999999693128,9.921800665908957,9.940197724518503,1086.8828388277511,4157.652129022746,63,24.99999999999447,1.0
25.99999999969237,9.919429050696595,9.982277656235294,1096.1045392679182,4108.067486423674,64,24.99999999999447,1.0
26.019999999691613,9.916329561757214,9.945477612406918,1088.0377743277593,3467.182264329824,62,24.99999999999447,1.0
26.039999999690856,9.911607525831569,9.893997320142468,1076.8030126808496,3663.872781669202,62,24.99999999999447,1.0
26.0599999996901,9.90736016787547,9.927334019564169,1084.0715680959568,3605.686636081175,63,24.99999999999447,1.0
26.079999999689342,9.907645253864393,9.92995535352948,1084.6441465539767,3533.6777809910564,63,24.99999999999447,1.0
26.099999999688585,9.907269798164192,9.914822302462307,1081.3407141834437,3914.9658095355535,63,24.99999999999447,1.0
26.119999999687828,9.904960452349906,9.953228046106748,1089.7342339158654,4258.554412273937,62,24.99999999999447,1.0
26.13999999968707,9.901907602499936,9.95416353076108,1089.9390875684728,3618.9449132626846,64,24.99999999999447,1.0
26.159999999686313,9.898039439496877,9.897117830849515,1077.4823549349135,3624.770805046758,63,24.99999999999447,1.0
26.179999999685556,9.892788243414783,9.905781150545954,1079.3695022276265,3738.375434850284,62,24.99999999999447,1.0
26.1999999996848,9.89192506103914,9.927338096662625,1084.0724585399403,3440.476518749744,59,24.99999999999447,1.0
26.219999999684042,9.89240534642609,9.904428396989893,1079.0747205820976,3759.094490371442,62,24.99999999999447,1.0
26.239999999683285,9.890590947744114,9.91992040125214,1082.4530284389625,4210.946183491461,62,24.99999999999447,1.0
26.259999999682528,9.887735110140756,9.95033001457415,1089.0997413882872,3836.114554811944,63,24.99999999999447,1.0
26.27999999968177,9.88415118850372,9.905936074182279,1079.403264563644,3907.1386562125167,63,24.99999999999447,1.0
26.299999999681013,9.878752243122298,9.88221643967369,1074.2402193661262,3725.0613673186385,59,24.99999999999447,1.0
26.319999999680256,9.876296564059318,9.914521725611753,1081.2751515239017,3455.024170856842,59,24.99999999999447,1.0
26.3399999996795,9.877222367359675,9.898803392052873,1077.8493945396922,3514.7986741237014,61,24.99999999999447,1.0
26.35999999967874,9.876417409645578,9.885551390384533,1074.9653892112692,3977.6274547910416,60,24.99999999999447,1.0
26.379999999677985,9.873764203692234,9.92521269146177,1083.6083166782917,4079.5635999844367,61,24.99999999999447,1.0
26.399999999677227,9.870208529996875,9.907774790703405,1079.8040143362769,3848.5125815444526,60,24.99999999999447,1.0
26.41999999967647,9.865521545378188,9.863663653930368,1070.210467456537,3798.850706713832,60,24.99999999999447,1.0
26.439999999675713,9.861355280576005,9.886498486953608,1075.1713756578956,3548.643106776134,60,24.99999999999447,1.0
26.459999999674956,9.86174336407361,9.88955142787084,1075.8355018895238,3443.80190718405,59,24.99999999999447,1.0
26.4799999996742,9.861944932942944,9.860552942097227,1069.535547562925,3750.2678955473393,60,24.99999999999447,1.0
26.49999999967344,9.859603381029231,9.88396227727674,1074.6198132849256,4169.349037885722,60,24.99999999999447,1.0
26.519999999672685,9.856036256247485,9.898435844820485,1077.7693539142972,3846.7032041518755,62,24.99999999999447,1.0
26.539999999671927,9.851990814797523,9.857783031338053,1068.9347492223012,3839.4586333243633,61,24.99999999999447,1.0
26.55999999967117,9.846928897990345,9.858049790345149,1068.9926023581643,3702.1846426710254,61,24.99999999999447,1.0
26.579999999670413,9.84582245828837,9.878626573393317,1073.4598927420786,3404.141123107824,56,24.99999999999447,1.0
26.599999999669656,9.846742636537456,9.854801533702963,1068.288245955417,3594.156946649384,60,24.99999999999447,1.0
26.6199999996689,9.845333135495554,9.851907432699889,1067.6608806873605,4045.393339981703,60,24.99999999999447,1.0
26.63999999966814,9.842127690935273,9.885913435595992,1075.0441290170706,3862.8065263058184,62,24.99999999999447,1.0
26.659999999667384,9.838195031637444,9.866482591307237,1070.8222659702565,3816.4795205810783,62,24.99999999999447,1.0
26.679999999666627,9.833125196308481,9.843467319693776,1065.832337612673,3679.9029755432534,60,24.99999999999447,1.0
26.69999999966587,9.83035004814659,9.868058748060779,1071.1644180069675,3429.2303860013835,60,24.99999999999447,1.0
26.719999999665113,9.831275778496853,9.862035885824678,1069.857269946231,3418.8127752594874,59,24.99999999999447,1.0
26.739999999664356,9.831133669257781,9.836818278563868,1064.3929323003704,3779.051767308897,60,24.99999999999447,1.0
26.7599999996636,9.828433578116329,9.865632770499813,1070.637809585958,4021.821252262102,60,24.99999999999447,1.0
26.77999999966284,9.824458700251796,9.868755033454686,1071.3155850137093,3800.7079753257503,62,24.99999999999447,1.0
26.799999999662084,9.819904525202194,9.837824105552604,1064.610614449711,3755.2898611964647,60,24.99999999999447,1.0
26.819999999661327,9.815732693817534,9.848588597900926,1066.9416710777455,3550.1275341931387,61,24.99999999999447,1.0
26.83999999966057,9.815711595445142,9.856583801977216,1068.6746866993958,3411.8518995185345,59,24.99999999999447,1.0
26.859999999659813,9.816560664193412,9.829118285690976,1062.7272290151518,3620.039654708705,60,24.99999999999447,1.0
26.879999999659056,9.814779621110608,9.83247201313136,1063.452564779126,4036.626174947626,60,24.99999999999447,1.0
26.8999999996583,9.811031867086422,9.853424192516487,1067.989651494361,3791.9035424158137,62,24.99999999999447,1.0
26.91999999965754,9.806794539023347,9.834923798510484,1063.982987347587,3783.6682246697446,61,24.99999999999447,1.0
26.939999999656784,9.802075568153619,9.827225246917452,1062.3179165901697,3655.940547833697,60,24.99999999999447,1.0
26.959999999656027,9.800432383948738,9.841830595523009,1065.4779241807005,3395.6812354358713,58,24.99999999999447,1.0
26.97999999965527,9.801534156367056,9.827635973644291,1062.4067171351412,3466.3933213138266,60,24.99999999999447,1.0
26.999999999654513,9.801018678504356,9.808244410888557,1058.2182426609927,3808.7272654469366,60,24.99999999999447,1.0
27.019999999653756,9.797909667049602,9.831082135005746,1063.1519353975204,3836.3828315714995,62,24.99999999999447,1.0
27.039999999653,9.793684487355353,9.831346168093802,1063.2090422458195,3771.780086618827,62,24.99999999999447,1.0
27.05999999965224,9.788929784526584,9.814775379792833,1059.627973313663,3653.117567501095,60,24.99999999999447,1.0
27.079999999651484,9.785785736953232,9.82541084839771,1061.9256817379253,3394.8944964679,61,24.99999999999447,1.0
27.099999999650727,9.786289080795985,9.8265984969051,1062.1824182131534,3392.6021080731666,59,24.99999999999447,1.0
27.11999999964997,9.786978256320674,9.799269665555363,1056.2825457610086,3620.849412328148,60,24.99999999999447,1.0
27.139999999649213,9.784893205717802,9.805764163024516,1057.683119029415,3931.8029549207577,61,24.99999999999447,1.0
27.159999999648456,9.780824274209255,9.819363314368967,1060.6188548953262,3749.8082102916833,61,24.99999999999447,1.0
27.1799999996477,9.776261785129792,9.81042859514764,1058.6896014253953,3709.6875582238213,59,24.99999999999447,1.0
27.19999999964694,9.772269712717023,9.811126683911688,1058.8402748854035,3565.928763173017,60,24.99999999999447,1.0
27.219999999646184,9.771441901302024,9.817270306733485,1060.1667590301809,3397.751469989008,58,24.99999999999447,1.0
27.239999999645427,9.772629720926632,9.800799482428296,1056.6123754424343,3503.556796329739,60,24.99999999999447,1.0
27.25999999964467,9.771848298463539,9.784589792260983,1053.120171430996,3806.4548633446366,60,24.99999999999447,1.0
27.279999999643913,9.768368328703527,9.799445226948391,1056.3203943155777,3767.7921685302144,61,24.99999999999447,1.0
27.299999999643155,9.763971753810145,9.804190895786995,1057.3437503313585,3738.1071357506257,59,24.99999999999447,1.0
27.3199999996424,9.759678234356207,9.799470666515713,1056.325878782921,3604.684103614788,58,24.99999999999447,1.0
27.33999999964164,9.757308244838534,9.803827534553317,1057.2653775999236,3351.0232198565736,59,24.99999999999447,1.0
27.359999999640884,9.75808092244612,9.801378245713904,1056.7371706710915,3397.45230025211,59,24.99999999999447,1.0
27.379999999640127,9.758647879121378,9.775012309514489,1051.0595221627575,3612.4430034774205,59,24.99999999999447,1.0
27.39999999963937,9.756252054648426,9.775684661036172,1051.2041165121968,3778.2200896170384,62,24.99999999999447,1.0
27.419999999638613,9.75204632449302,9.78874361433712,1054.0145170194833,3767.5187744120235,60,24.99999999999447,1.0
27.439999999637855,9.747560216123533,9.790963163293153,1054.4925563145982,3722.9787791566023,58,24.99999999999447,1.0
27.4599999996371,9.744196762085762,9.79050052670824,1054.3929061982174,3441.751104816284,60,24.99999999999447,1.0
27.47999999963634,9.743897436342113,9.792958926410677,1054.9224898780321,3407.54466703032,59,24.99999999999447,1.0
27.499999999635584,9.745131051637328,9.775083269238984,1051.074782126115,3498.5806765397,60,24.99999999999447,1.0
27.519999999634827,9.744170740045496,9.756886797390148,1047.1652397479481,3734.5066782129907,60,24.99999999999447,1.0
27.53999999963407,9.740511268186582,9.76815605172921,1049.585599160274,3767.8752981959387,62,24.99999999999447,1.0
27.559999999633312,9.736033565727611,9.781894939795823,1052.5401547452343,3745.71399496851,60,24.99999999999447,1.0
27.579999999632555,9.732259850513758,9.781332902076946,1052.419206753783,3540.8674266672683,59,24.99999999999447,1.0
27.599999999631798,9.730488263342028,9.780457882634083,1052.2309203337709,3341.3193521242706,60,24.99999999999447,1.0
27.61999999963104,9.731430974916739,9.777395657954127,1051.5721243739824,3426.26989763393,60,24.99999999999447,1.0
27.639999999630284,9.731934639627385,9.749828722324658,1045.6507612613354,3568.520652013367,59,24.99999999999447,1.0
27.659999999629527,9.729314728738933,9.744895360403625,1044.592841437377,3717.339489672513,61,24.99999999999447,1.0
27.67999999962877,9.725057763504072,9.764835105055623,1048.872050918193,3803.4492556340992,60,24.99999999999447,1.0
27.699999999628012,9.720940558332705,9.774439269687015,1050.9362934047958,3674.505152332594,60,24.99999999999447,1.0
27.719999999627255,9.718081017712118,9.7697218440296,1049.9221140068005,3344.8143961746005,62,24.99999999999447,1.0
27.739999999626498,9.718062445434388,9.771345920858053,1050.2712121557624,3408.219088808225,60,24.99999999999447,1.0
27.75999999962574,9.719349413120279,9.751126461907688,1045.92914003728,3466.560459208554,60,24.99999999999447,1.0
27.779999999624984,9.71827432457462,9.725908520235285,1040.5262619838384,3658.1368263525746,60,24.99999999999447,1.0
27.799999999624227,9.714539504385408,9.741111708577296,1043.7818305087985,3817.6839325150177,59,24.99999999999447,1.0
27.81999999962347,9.71025293828856,9.763515979292778,1048.5886870569595,3754.602169914472,60,24.99999999999447,1.0
27.839999999622712,9.706870633322838,9.761614584741107,1048.1803123113332,3475.9322403651913,58,24.99999999999447,1.0
27.859999999621955,9.705497617880555,9.758110433955087,1047.4279116538946,3345.572438509906,60,24.99999999999447,1.0
27.879999999621198,9.706561554552989,9.754341207864298,1046.618896393835,3424.907693680956,60,24.99999999999447,1.0
27.89999999962044,9.707036569489572,9.720901564848512,1039.4551995682168,3524.479519515988,60,24.99999999999447,1.0
27.919999999619684,9.704367924184831,9.715509519848334,1038.3023775328998,3723.7358861198068,60,24.99999999999447,1.0
27.939999999618927,9.700159026185828,9.744110120087191,1044.4245023562416,3819.4467278017087,60,24.99999999999447,1.0
27.95999999961817,9.696418915129172,9.755091778665971,1046.7799717121607,3595.756736275865,59,24.99999999999447,1.0
27.979999999617412,9.693925062860151,9.74796374668389,1045.2507692732977,3292.462823870699,61,24.99999999999447,1.0
27.999999999616655,9.694076404694242,9.74938427847776,1045.5554319037224,3398.6867938696546,59,24.99999999999447,1.0
28.019999999615898,9.695393335908063,9.726257962997424,1040.601033590479,3424.2852097760365,59,24.99999999999447,1.0
28.03999999961514,9.694339584374074,9.696417172366232,1034.2255657861463,3632.911126107102,60,24.99999999999447,1.0
28.059999999614384,9.690595665416144,9.717731165915788,1038.7772891431214,3846.2373202416156,59,24.99999999999447,1.0
28.079999999613626,9.686617037971262,9.744688983638312,1044.5485972662607,3734.8060303526186,61,24.99999999999447,1.0
28.09999999961287,9.683533683849054,9.741230189058243,1043.8072215584166,3419.8836235062317,58,24.99999999999447,1.0
28.119999999612112,9.682436568986533,9.737268579917087,1042.958393371846,3359.472653546996,60,24.99999999999447,1.0
28.139999999611355,9.683567226780198,9.731527213578932,1041.7288409949008,3407.900942487117,60,24.99999999999447,1.0
28.159999999610598,9.684059584518751,9.692933175161794,1033.4824889196732,3517.80994642023,60,24.99999999999447,1.0
28.17999999960984,9.681461497150732,9.68921025770689,1032.6887495985766,3727.04914154469,61,24.99999999999447,1.0
28.199999999609084,9.677441746377797,9.724625659853404,1040.2517864670717,3823.1277062477093,60,24.99999999999447,1.0
28.219999999608326,9.674024976789324,9.735359945178548,1042.5495658840555,3546.726308219262,59,24.99999999999447,1.0
28.23999999960757,9.671803951372214,9.727268735568968,1040.8173275937527,3257.2255809822336,60,24.99999999999447,1.0
28.259999999606812,9.672051634255025,9.727631269771983,1040.8949113271026,3391.8196269689506,59,24.99999999999447,1.0
28.279999999606055,9.673375638272923,9.701844937165399,1035.3837470328208,3398.639661310782,58,24.99999999999447,1.0
28.299999999605298,9.672449997428632,9.669763393242409,1028.5475648942004,3614.439874150721,60,24.99999999999447,1.0
28.31999999960454,9.668827132407289,9.695468800537094,1034.0232678840703,3845.2078900749625,59,24.99999999999447,1.0
28.339999999603783,9.665118953437164,9.72474822485065,1040.2780084040946,3708.836581616838,60,24.99999999999447,1.0
28.359999999603026,9.662289233267893,9.721088256362215,1039.4951257678172,3380.9762869915226,59,24.99999999999447,1.0
28.37999999960227,9.661389785822454,9.717331566906363,1038.6918605931437,3358.442623683058,60,24.99999999999447,1.0
28.399999999601512,9.662530777921457,9.709153856848548,1036.9443547755275,3390.302200289822,60,24.99999999999447,1.0
28.419999999600755,9.663088334619834,9.668101691466752,1028.1940934819652,3503.3985222771225,61,24.99999999999447,1.0
28.439999999599998,9.660658644400753,9.664619193327626,1027.4535056724042,3714.4826335885346,60,24.99999999999447,1.0
28.45999999959924,9.656862309086687,9.704345766024174,1035.9175942120644,3821.961124078373,60,24.99999999999447,1.0
28.479999999598483,9.653731615421222,9.715822208703274,1038.3692131024495,3517.6219183819317,58,24.99999999999447,1.0
28.499999999597726,9.651727670798643,9.707808343322222,1036.656971137442,3236.358034028762,60,24.99999999999447,1.0
28.51999999959697,9.652010404501143,9.707153299908184,1036.5170770671016,3381.9266547323227,59,24.99999999999447,1.0
28.539999999596212,9.653317184997526,9.679681300316032,1030.6585308325666,3384.2989559448556,59,24.99999999999447,1.0
28.559999999595455,9.652610003993878,9.64597709506564,1023.4936153038403,3584.393076787325,60,24.99999999999447,1.0
28.579999999594698,9.649193194137085,9.673412965178297,1029.3241023436753,3830.729626169689,59,24.99999999999447,1.0
28.59999999959394,9.645717151231102,9.704897809432804,1036.03545640687,3683.1680995520232,59,24.99999999999447,1.0
28.619999999593183,9.643124222001534,9.70220462853346,1035.4605211932972,3355.4262022655057,59,24.99999999999447,1.0
28.639999999592426,9.642352508294803,9.69877884711617,1034.7294223779486,3345.8197566263475,60,24.99999999999447,1.0
28.65999999959167,9.64346169317713,9.688561763926511,1032.5505195876067,3369.9626901458514,60,24.99999999999447,1.0
28.679999999590912,9.644102140796466,9.646569474529391,1023.6193288961449,3484.8582624903825,61,24.99999999999447,1.0
28.699999999590155,9.64192879744222,9.641164530114176,1022.4725884640488,3690.7529465664825,60,24.99999999999447,1.0
28.719999999589398,9.638368522686688,9.683276485055542,1031.4242783463258,3820.4287134761944,60,24.99999999999447,1.0
28.73999999958864,9.635482891930819,9.69682679123326,1034.3129480109703,3502.038108750082,58,24.99999999999447,1.0
28.759999999587883,9.6336614994613,9.689531255641928,1032.7571754946803,3225.210220158935,60,24.99999999999447,1.0
28.779999999587126,9.633934757071284,9.688187458984277,1032.4707386446225,3369.2812795329323,60,24.99999999999447,1.0
28.79999999958637,9.63520916193014,9.660096191940122,1026.4920428128964,3362.904037110479,59,24.99999999999447,1.0
28.81999999958561,9.634750633070773,9.624676284614408,1018.978329419809,3541.4540274802016,60,24.99999999999447,1.0
28.839999999584855,9.631594704058795,9.650704754963295,1024.4971249421826,3805.2280793113905,60,24.99999999999447,1.0
28.859999999584097,9.628317119235302,9.6847362672368,1031.7352822252499,3663.767495314991,60,24.99999999999447,1.0
28.87999999958334,9.625934207351753,9.684189671093497,1031.6188254428537,3343.7569098917666,58,24.99999999999447,1.0
28.899999999582583,9.625253575493609,9.68121649936305,1030.9854819829327,3326.036561888788,60,24.99999999999447,1.0
28.919999999581826,9.626297368700296,9.669919549830242,1028.5807851020802,3346.878020685439,60,24.99999999999447,1.0
28.93999999958107,9.62700441599569,9.628303578201907,1019.746527734172,3461.592300861406,61,24.99999999999447,1.0
28.95999999958031,9.62515872983669,9.61929885977013,1017.8400160893241,3659.770134166232,60,24.99999999999447,1.0
28.979999999579555,9.621839321845595,9.661616812785988,1026.8152338081977,3814.4242022128888,60,24.99999999999447,1.0
28.999999999578797,9.619142639317511,9.678415356797508,1030.3889620056323,3496.9868105133296,58,24.99999999999447,1.0
29.01999999957804,9.61748386940933,9.672453472864648,1029.1199180320452,3215.5036810761553,58,24.99999999999447,1.0
29.039999999577283,9.617729080203608,9.670770538499946,1028.761830891504,3353.4928265487997,60,24.99999999999447,1.0
29.059999999576526,9.618974085756815,9.643225578424227,1022.9097951201279,3333.3761279813293,59,24.99999999999447,1.0
29.07999999957577,9.618735093440062,9.606713604436582,1015.1784090543358,3506.223740536134,60,24.99999999999447,1.0
29.09999999957501,9.615888716163294,9.628407273299125,1019.7684928257144,3768.8539029011445,59,24.99999999999447,1.0
29.119999999574254,9.612798737374533,9.664829020809526,1027.4981200163022,3657.907094814703,60,24.99999999999447,1.0
29.139999999573497,9.610595107283824,9.667492076947957,1028.0644336363666,3335.9178549236753,58,24.99999999999447,1.0
29.15999999957274,9.60998829702518,9.665075914700433,1027.5506168061465,3300.90046894438,60,24.99999999999447,1.0
29.179999999571983,9.610947855122584,9.653742269518078,1025.1421378690807,3330.236561303235,60,24.99999999999447,1.0
29.199999999571226,9.61171909704478,9.613384881944793,1016.5888577724515,3433.1406658838987,61,24.99999999999447,1.0
29.21999999957047,9.610250335329157,9.599844849307168,1013.7272324384628,3623.533713008888,60,24.99999999999447,1.0
29.23999999956971,9.607175270590472,9.640305892296375,1022.2904746674864,3796.795806651449,60,24.99999999999447,1.0
29.259999999568954,9.604619212449,9.661023998993228,1026.6892318003543,3497.8773305832297,58,24.99999999999447,1.0
29.279999999568197,9.603101942189555,9.657029705757834,1025.8404501167815,3213.4434838117268,58,24.99999999999447,1.0
29.29999999956744,9.60331307752098,9.655438265863657,1025.5023691649458,3332.473128672598,60,24.99999999999447,1.0
29.319999999566683,9.604522157477325,9.629143080730946,1019.9243611610752,3298.2235350720002,60,24.99999999999447,1.0
29.339999999565926,9.604497693769307,9.591576623170058,1011.9817632995656,3479.906963762435,60,24.99999999999447,1.0
29.35999999956517,9.60200302543395,9.607103939935934,1015.2609072400579,3729.7382280298148,58,24.99999999999447,1.0
29.37999999956441,9.599097070834894,9.645543023026494,1023.401502299606,3669.175852574154,60,24.99999999999447,1.0
29.399999999563654,9.597034529678837,9.652110860725106,1024.795684745003,3330.5842206590773,58,24.99999999999447,1.0
29.419999999562897,9.596481291675213,9.650354511634605,1024.42276420249,3271.8266334371124,61,24.99999999999447,1.0
29.43999999956214,9.597333433945387,9.63967753643466,1022.1572130708728,3319.841553804855,60,24.99999999999447,1.0
29.459999999561383,9.598159944080525,9.600814036121703,1013.9319317181065,3400.37968252642,61,24.99999999999447,1.0
29.479999999560626,9.597087829308917,9.582171662664393,1009.9981515004536,3579.8170054213288,60,24.99999999999447,1.0
29.49999999955987,9.59425368467183,9.61900679846023,1017.7782096770653,3764.302369947495,60,24.99999999999447,1.0
29.51999999955911,9.59179870810114,9.64383141859076,1023.0383287321811,3499.118326942522,58,24.99999999999447,1.0
29.539999999558354,9.590387942036237,9.642338257856323,1022.7215578681169,3218.0495583866827,59,24.99999999999447,1.0
29.559999999557597,9.590565086267485,9.641362218687952,1022.5145197513781,3308.7510909938615,60,24.99999999999447,1.0
29.57999999955684,9.5917170209412,9.616731758045251,1017.2968267681572,3280.7331630265876,60,24.99999999999447,1.0
29.599999999556083,9.591871394842583,9.578364826030445,1009.1958001459095,3452.4444331506625,61,24.99999999999447,1.0
29.619999999555326,9.58976531181826,9.586343396881432,1010.8777769522546,3684.3592205525265,59,24.99999999999447,1.0
29.63999999955457,9.58703186114199,9.625850297808045,1019.2269335139234,3692.8680430964087,60,24.99999999999447,1.0
29.65999999955381,9.585067563138407,9.636995821272667,1021.5885730514951,3338.7055596368746,58,24.99999999999447,1.0
29.679999999553054,9.584553604211017,9.636132396430668,1021.4055231769471,3234.246724974774,61,24.99999999999447,1.0
29.699999999552297,9.585282616724198,9.62687290594593,1019.4435014195942,3304.7364488409294,60,24.99999999999447,1.0
29.71999999955154,9.586148828879127,9.58982545166877,1011.6122741282152,3362.2232212923323,61,24.99999999999447,1.0
29.739999999550783,9.585445230657783,9.566724589215541,1006.7444130249139,3528.030892080684,60,24.99999999999447,1.0
29.759999999550026,9.582858587827694,9.597998809768216,1013.337392675433,3719.0045761862466,60,24.99999999999447,1.0
29.77999999954927,9.580484653290965,9.626754945945901,1019.4185186822326,3499.441567540207,58,24.99999999999447,1.0
29.79999999954851,9.579152778567556,9.628663304453465,1019.8227273358158,3223.6520273683172,58,24.99999999999447,1.0
29.819999999547754,9.579314459746742,9.62888891416045,1019.8705189336622,3285.947646179447,61,24.99999999999447,1.0
29.839999999546997,9.580384525716763,9.607113425859394,1015.262912150606,3266.7945813544984,61,24.99999999999447,1.0
29.85999999954624,9.580678385873822,9.568549792375435,1007.1285964208479,3421.3723594428598,62,24.99999999999447,1.0
29.879999999545483,9.578998766615282,9.568431835245754,1007.1037656431887,3634.338548790101,60,24.99999999999447,1.0
29.899999999544725,9.576447201603012,9.607276072158893,1015.2972887934449,3716.4894662797014,61,24.99999999999447,1.0
29.91999999954397,9.574564491874483,9.623245498053972,1018.6753930739765,3365.752051151445,59,24.99999999999447,1.0
29.93999999954321,9.574098276054578,9.623375081286607,1018.7028275064082,3192.2228783214873,60,24.99999999999447,1.0
29.959999999542454,9.574733428158268,9.615007196893762,1016.9319973595072,3288.4087709094997,61,24.99999999999447,1.0
29.979999999541697,9.575640461276278,9.579205379060175,1009.3729326363693,3318.4560191940004,62,24.99999999999447,1.0
29.99999999954094,9.575253378860468,9.551320967798658,1003.5050545290131,3464.579788599163,61,24.99999999999447,1.0
