t,omega_hub,omega_gnd,tau_gen,T_max,n_slack,backline_payout,k_mppt_scale
0.019999999999999858,9.519430586194067,9.914690817983214,1081.312034178207,0.0,75,0.0,1.0
0.03999999999999904,9.54967324947115,8.616446381987918,816.6746307903995,0.0,75,0.0,1.0
0.05999999999999823,9.57570214426106,7.74606600421677,660.0169239585103,0.0,75,0.0,1.0
0.07999999999999742,9.599168347387838,7.177207039014675,566.6353096896999,0.0,75,0.0,1.0
0.0999999999999966,9.62076309853108,6.861297616542438,517.8514548104804,0.0,75,0.0,1.0
0.11999999999999579,9.641003545434549,6.718944198653516,496.5863225908172,0.0,75,0.0,1.0
0.14000000000000018,9.660375983227846,6.69554128900163,493.1330046799817,0.0,75,0.0,1.0
0.1600000000000063,9.679039113207445,6.748879426643831,501.02110866914,0.0,75,0.0,1.0
0.18000000000001243,9.697551171519416,6.843437554512581,515.1590131876445,0.0,75,0.0,1.0
0.20000000000001855,9.716200115417676,6.955828060436231,532.2189840698726,0.0,75,0.0,1.0
0.22000000000002468,9.735141061450044,7.071635604559704,550.0883313604414,0.0,75,0.0,1.0
0.2400000000000308,9.754360635866174,7.183673508198151,567.6568157962672,0.0,75,0.0,1.0
0.26000000000003,9.773663708861111,7.289740571778431,584.5434936421578,0.0,75,0.0,1.0
0.28000000000002223,9.792765439146075,7.389366704992506,600.6301433093698,0.0,75,0.0,1.0
0.3000000000000145,9.811417450633094,7.4826073527374675,615.8835407476489,0.0,75,0.0,1.0
0.3200000000000067,9.82945030986242,7.569432908430756,630.2594601075795,0.0,75,0.0,1.0
0.33999999999999897,9.846744450943278,7.64940486026909,643.6473418793922,0.0,75,0.0,1.0
0.3599999999999912,9.86319344985626,7.721802728369511,655.888611134403,0.0,75,0.0,1.0
0.37999999999998346,9.878721923198619,7.7858325454928,666.8110726910039,0.0,75,0.0,1.0
0.3999999999999757,9.89334870482894,7.841057602085958,676.30402751153,0.0,75,0.0,1.0
0.41999999999996795,9.907217471264628,7.888018060953023,684.429118229132,0.0,75,0.0,1.0
0.4399999999999602,9.920565863391472,7.92851650579245,691.4751138088566,0.0,75,0.0,1.0
0.45999999999995245,9.93363229766781,7.9653778164141675,697.9196813404523,0.0,75,0.0,1.0
0.4799999999999447,9.946573925275457,8.00167569485289,704.2949531815943,0.0,75,0.0,1.0
0.49999999999993694,9.959437644721008,8.039877507541984,711.0359336990746,0.0,75,0.0,1.0
0.5199999999999569,9.972179478342387,8.081247031151953,718.3720893635249,0.0,75,0.0,1.0
0.5399999999999769,9.984708438961462,8.125744583746716,726.30497544318,0.0,75,0.0,1.0
0.559999999999997,9.99692662297786,8.172282805957607,734.6482688660537,0.0,75,0.0,1.0
0.580000000000017,10.008750148551995,8.219217833619922,743.1109597614534,0.0,75,0.0,1.0
0.600000000000037,10.020117661298475,8.264818047923933,751.379391018181,0.0,75,0.0,1.0
0.620000000000057,10.030996014804188,8.307642935732137,759.1862426238208,0.0,75,0.0,1.0
0.640000000000077,10.041389214540589,8.34680876884285,766.3613828599508,0.0,75,0.0,1.0
0.660000000000097,10.051342795370335,8.382177379163638,772.8698737733885,0.0,75,0.0,1.0
0.680000000000117,10.060934915416349,8.414311585921544,778.8070341147088,0.0,75,0.0,1.0
0.700000000000137,10.070251591896044,8.444283757886321,784.36521002073,0.0,75,0.0,1.0
0.720000000000157,10.079360615941196,8.473330934317747,789.7707083471269,0.0,75,0.0,1.0
0.740000000000177,10.088294809156015,8.502464567257471,795.2109408921565,0.0,75,0.0,1.0
0.760000000000197,10.09705061007065,8.53219071511414,800.7810623898795,0.0,75,0.0,1.0
0.780000000000217,10.105598845007567,8.562458311350502,806.4726156697682,0.0,75,0.0,1.0
0.800000000000237,10.113898135073617,8.592790028344586,812.1964451833996,0.0,75,0.0,1.0
0.820000000000257,10.121910324160714,8.622500256487555,817.8226174044075,0.0,75,0.0,1.0
0.840000000000277,10.129610100545621,8.650946514451205,823.22763155485,0.0,75,0.0,1.0
0.860000000000297,10.136986973667847,8.677685083670658,828.3244025249627,0.0,75,0.0,1.0
0.880000000000317,10.144046805717162,8.702542881800774,833.0767787053945,0.0,75,0.0,1.0
0.900000000000337,10.150811141513545,8.725646029385688,837.5058849314764,0.0,75,0.0,1.0
0.920000000000357,10.157313195200814,8.747367600753975,841.6808393699239,0.0,75,0.0,1.0
0.940000000000377,10.16358804373264,8.768225295007797,845.6995230641603,0.0,75,0.0,1.0
0.960000000000397,10.169663315734882,8.788732261196394,849.6599623489371,0.0,75,0.0,1.0
0.980000000000417,10.175552883837264,8.809245470492366,853.6308633532929,0.0,75,0.0,1.0
1.000000000000437,10.181255318059852,8.829875008750363,857.6336193716966,0.0,75,0.0,1.0
1.020000000000457,10.186758973674149,8.850487695264032,861.6424568842205,0.0,75,0.0,1.0
1.040000000000477,10.192049569640334,8.870815671705152,865.605077495067,0.0,75,0.0,1.0
1.060000000000497,10.197116363514677,8.890564885783055,869.4635838715054,0.0,75,0.0,1.0
1.080000000000517,10.20195555871377,8.909540472558305,873.1790257536992,0.0,75,0.0,1.0
1.100000000000537,10.206571311363863,8.927672332111607,876.736665965062,0.0,75,0.0,1.0
1.120000000000557,10.210973747060033,8.944992245502739,880.1417489931455,0.0,75,0.0,1.0
1.140000000000577,10.215177442382256,8.961608174813245,883.4146318676753,0.0,75,0.0,1.0
1.160000000000597,10.21919876577136,8.977672461953157,886.5846311752326,0.0,75,0.0,1.0
1.180000000000617,10.223052967210187,8.993327784602421,889.6793910543208,0.0,75,0.0,1.0
1.200000000000637,10.22675028690615,9.008690103320495,892.721471154311,0.0,75,0.0,1.0
1.220000000000657,10.230294302197919,9.02381104842371,895.7208242141919,0.0,75,0.0,1.0
1.240000000000677,10.233681401759108,9.038643090432075,898.6677580783703,0.0,75,0.0,1.0
1.260000000000697,10.236904132303588,9.053069219332084,901.5386851901982,0.0,75,0.0,1.0
1.280000000000717,10.239955275580789,9.066976869315884,904.3107650358019,0.0,75,0.0,1.0
1.300000000000737,10.242832003070777,9.080304489865844,906.9712259154559,0.0,75,0.0,1.0
1.320000000000757,10.245536443775947,9.093080054539191,909.5251536608431,0.0,75,0.0,1.0
1.340000000000777,10.248075324383349,9.105415266049055,911.9944588391911,0.0,75,0.0,1.0
1.360000000000797,10.250457286538822,9.117438685008025,914.4045699236896,0.0,75,0.0,1.0
1.380000000000817,10.252691598927528,9.12924459611614,916.7741758528731,0.0,75,0.0,1.0
1.400000000000837,10.254787049909488,9.140895883568499,919.1157530966349,0.0,75,0.0,1.0
1.420000000000857,10.256751750415832,9.15241022403703,921.4327419996333,0.0,75,0.0,1.0
1.440000000000877,10.258591527090248,9.163776489916193,923.7227951285481,0.0,75,0.0,1.0
1.460000000000897,10.26030947522597,9.174953731763864,925.9775357800843,0.0,75,0.0,1.0
1.480000000000917,10.261905208977934,9.18587028202792,928.1823412206808,0.0,75,0.0,1.0
1.500000000000937,10.263376411088666,9.196425349576057,930.316631313576,0.0,75,0.0,1.0
1.520000000000957,10.264721222109431,9.206532766060414,932.3627012979842,0.0,75,0.0,1.0
1.540000000000977,10.265940120787706,9.216162730207325,934.3142101662878,0.0,75,0.0,1.0
1.560000000000997,10.267036157513116,9.225349815700927,936.1778714425844,0.0,75,0.0,1.0
1.580000000001017,10.268013802180166,9.234175238445934,937.9699156776082,0.0,75,0.0,1.0
1.600000000001037,10.268877042427837,9.242724059733307,939.7074284881023,0.0,75,0.0,1.0
1.620000000001057,10.269628687524198,9.25105185545715,941.4015647559291,0.0,75,0.0,1.0
1.640000000001077,10.270271042481419,9.259178706380586,943.0562934836083,0.0,75,0.0,1.0
1.660000000001097,10.270806467079197,9.267122618326912,944.6751778541686,0.0,75,0.0,1.0
1.680000000001117,10.271237858221342,9.274904095655177,946.262305819613,0.0,75,0.0,1.0
1.700000000001137,10.27156796497712,9.282552848740941,947.8236612863542,0.0,75,0.0,1.0
1.720000000001157,10.271798790981052,9.290073341580399,949.3600896113709,0.0,75,0.0,1.0
1.740000000001177,10.271931773536357,9.297452185140257,950.8687884846627,0.0,75,0.0,1.0
1.760000000001197,10.271969067150453,9.304658432712934,952.343354044015,0.0,75,0.0,1.0
1.780000000001217,10.271914176372816,9.31166911298767,953.7789983674542,0.0,75,0.0,1.0
1.800000000001237,10.271772011105568,9.31848822810356,955.1764514303507,0.0,75,0.0,1.0
1.820000000001257,10.271547397765355,9.32513387049018,956.5393387281949,0.0,75,0.0,1.0
1.840000000001277,10.271243576024025,9.331601156323332,957.8665815476444,0.0,75,0.0,1.0
1.860000000001297,10.270861591952817,9.337859972637936,959.1519175545313,0.0,75,0.0,1.0
1.880000000001317,10.270401276434253,9.343866475984306,960.3862479312572,0.0,75,0.0,1.0
1.900000000001337,10.269862383270633,9.349583371887082,961.5618015065417,0.0,75,0.0,1.0
1.920000000001357,10.269245366153413,9.355017962988988,962.6799719663129,0.0,75,0.0,1.0
1.940000000001377,10.268551120592438,9.360212448756242,963.7493479443644,0.0,75,0.0,1.0
1.960000000001397,10.267780291084549,9.365215388682962,964.7798520406659,0.0,75,0.0,1.0
1.980000000001417,10.266933207449133,9.370056616812887,965.7775710250686,0.0,75,0.0,1.0
2.000000000001437,10.266010672512156,9.374763211060191,966.7480378979235,0.0,75,0.0,1.0
2.020000000001346,10.265015081678218,9.379357608973075,967.6958407270123,0.0,75,0.0,1.0
2.040000000001255,10.263950180321727,9.383875215096635,968.6282545775542,0.0,75,0.0,1.0
2.060000000001164,10.262820507368277,9.38836015808703,969.5543710375151,0.0,75,0.0,1.0
2.080000000001073,10.261629754216445,9.3928324978912,970.4783256678515,0.0,75,0.0,1.0
2.100000000000982,10.260380246710204,9.39726420728497,971.3943203967114,0.0,75,0.0,1.0
2.120000000000891,10.259073270678279,9.401606852690877,972.2923255382046,0.0,75,0.0,1.0
2.1400000000008,10.25771049264825,9.405806879128765,973.1612335221259,0.0,75,0.0,1.0
2.160000000000709,10.25629380921943,9.409831407667317,973.9941983279452,0.0,75,0.0,1.0
2.180000000000618,10.254825424837922,9.413680066458674,974.7910963300553,0.0,75,0.0,1.0
2.200000000000527,10.253306569833033,9.417357354534595,975.552814973075,0.0,75,0.0,1.0
2.220000000000436,10.251737203093535,9.420851182243494,976.276806977765,0.0,75,0.0,1.0
2.240000000000345,10.250116433706904,9.42414097920862,976.9587651559912,0.0,75,0.0,1.0
2.260000000000254,10.248444124882154,9.427221744533526,977.597608026663,0.0,75,0.0,1.0
2.280000000000163,10.246720802837345,9.430116454493858,978.1980597984739,0.0,75,0.0,1.0
2.3000000000000718,10.244947940906922,9.432874884766715,978.7704145082894,0.0,75,0.0,1.0
2.3199999999999807,10.243126872165975,9.435553111640834,979.3262877485452,0.0,75,0.0,1.0
2.3399999999998897,10.241258330936457,9.438181017241607,979.8718700564182,0.0,75,0.0,1.0
2.3599999999997987,10.239342777109616,9.440761610353661,980.4077776188019,0.0,75,0.0,1.0
2.3799999999997077,10.237381825325174,9.443295168942498,980.9340601255001,0.0,75,0.0,1.0
2.3999999999996167,10.235378097997316,9.445795046930046,981.4534847546901,0.0,75,0.0,1.0
2.4199999999995256,10.233335106861515,9.448278336726888,981.9695988108888,0.0,75,0.0,1.0
2.4399999999994346,10.231256222523763,9.450760983212579,982.4857147799452,0.0,75,0.0,1.0
2.4599999999993436,10.229143506731692,9.453223595722445,982.9977998579595,0.0,75,0.0,1.0
2.4799999999992526,10.226997813363727,9.455618797880202,983.4959953590799,0.0,75,0.0,1.0
2.4999999999991616,10.224819934721792,9.457887952087146,983.9680896565872,0.0,75,0.0,1.0
2.5199999999990705,10.222610840648315,9.460004166333132,984.4084670974424,0.0,75,0.0,1.0
2.5399999999989795,10.220371542651735,9.461959470034763,984.8154471383859,0.0,75,0.0,1.0
2.5599999999988885,10.218102726039573,9.46376773281138,985.1918967066204,0.0,75,0.0,1.0
2.5799999999987975,10.21580379088742,9.465434417271744,985.5389357843974,0.0,75,0.0,1.0
2.5999999999987065,10.213473312344444,9.466956957955956,985.8560144816976,0.0,75,0.0,1.0
2.6199999999986154,10.211110291197741,9.468327810021245,986.1415466982388,0.0,75,0.0,1.0
2.6399999999985244,10.20871500541044,9.469576627599393,986.4016965657436,0.0,75,0.0,1.0
2.6599999999984334,10.206288628107448,9.470754644478191,986.6471288949575,0.0,75,0.0,1.0
2.6799999999983424,10.203833110994035,9.47191504051595,986.8889198822752,0.0,75,0.0,1.0
2.6999999999982514,10.201349937137277,9.473094428798515,987.1346986262679,0.0,75,0.0,1.0
2.7199999999981603,10.198840078473136,9.474298443336064,987.3856409274018,0.0,75,0.0,1.0
2.7399999999980693,10.196304858517111,9.475503814044274,987.6368978296434,0.0,75,0.0,1.0
2.7599999999979783,10.193746583323952,9.476697506036034,987.8857518300055,0.0,75,0.0,1.0
2.7799999999978873,10.191167893163556,9.477882965086776,988.1329204987031,0.0,75,0.0,1.0
2.7999999999977963,10.188571485506088,9.479054544824049,988.377225701244,0.0,75,0.0,1.0
2.8199999999977052,10.185958983970421,9.48019682334189,988.6154499023182,0.0,75,0.0,1.0
2.839999999997614,10.183330437069298,9.481271413172806,988.8395837127264,0.0,75,0.0,1.0
2.859999999997523,10.180685405877973,9.482226643062875,989.0388432145257,0.0,75,0.0,1.0
2.879999999997432,10.178023818198582,9.483026580768861,989.2057244472564,0.0,75,0.0,1.0
2.899999999997341,10.175345714994524,9.48368042120391,989.3421376467902,0.0,75,0.0,1.0
2.91999999999725,10.172651302306452,9.484209585905683,989.4525461632377,0.0,75,0.0,1.0
2.939999999997159,10.169940343060036,9.484639128498122,989.5421733762138,0.0,75,0.0,1.0
2.959999999997068,10.167211564167095,9.48498700919676,989.614764210944,0.0,75,0.0,1.0
2.979999999996977,10.164463987827077,9.48525956972291,989.6716401552204,0.0,75,0.0,1.0
2.999999999996886,10.161697734589884,9.485467152577593,989.7149581289132,0.0,75,0.0,1.0
3.019999999996795,10.158914029660878,9.485653823322082,989.753913014953,0.0,75,0.0,1.0
3.039999999996704,10.156114923078936,9.485867268385896,989.7984561677838,0.0,75,0.0,1.0
3.059999999996613,10.153302625356336,9.486133378581878,989.8539912386975,0.0,75,0.0,1.0
3.079999999996522,10.150478391193793,9.486456511141157,989.9214285154969,0.0,75,0.0,1.0
3.099999999996431,10.14764338933613,9.486808894573846,989.9949730238199,0.0,75,0.0,1.0
3.11999999999634,10.144799016920123,9.487153164888191,990.0668269145283,0.0,75,0.0,1.0
3.139999999996249,10.141947267135725,9.487466846486527,990.132298794991,0.0,75,0.0,1.0
3.159999999996158,10.139089918966027,9.4877477315374,990.1909271902239,0.0,75,0.0,1.0
3.179999999996067,10.136228149484984,9.48797744111484,990.238875154145,0.0,75,0.0,1.0
3.199999999995976,10.133361606751949,9.4881328336172,990.2713113520124,0.0,75,0.0,1.0
3.219999999995885,10.13048910160881,9.48817951811657,990.2810562480747,0.0,75,0.0,1.0
3.239999999995794,10.127609367027894,9.48809049983044,990.2624746626991,0.0,75,0.0,1.0
3.259999999995703,10.124721948790224,9.487864311515661,990.215261131058,0.0,75,0.0,1.0
3.2799999999956118,10.121826628988984,9.487541769858257,990.1479371828568,0.0,75,0.0,1.0
3.2999999999955207,10.118923462321787,9.48716333989972,990.0689506173093,0.0,75,0.0,1.0
3.3199999999954297,10.116012026965759,9.486757146905722,989.9841728080347,0.0,75,0.0,1.0
3.3399999999953387,10.113091752892819,9.486342355854731,989.8976042173184,0.0,75,0.0,1.0
3.3599999999952477,10.110162713445924,9.485927079182165,989.8109380671763,0.0,75,0.0,1.0
3.3799999999951567,10.107226308072923,9.485524129930216,989.7268482143721,0.0,75,0.0,1.0
3.3999999999950656,10.10428463559258,9.485165304923878,989.6519694790486,0.0,75,0.0,1.0
3.4199999999949746,10.101340060469695,9.484875524505004,989.5915008688946,0.0,75,0.0,1.0
3.4399999999948836,10.098394371802222,9.484643693783209,989.5431259782375,0.0,75,0.0,1.0
3.4599999999947926,10.095448413942691,9.484443195892652,989.5012900972587,0.0,75,0.0,1.0
3.4799999999947016,10.092502752795566,9.484227968375661,989.4563817173103,0.0,75,0.0,1.0
3.4999999999946105,10.089558158196327,9.483959118771963,989.4002862319167,0.0,75,0.0,1.0
3.5199999999945195,10.08661555594141,9.483617460703407,989.3290015505438,0.0,75,0.0,1.0
3.5399999999944285,10.083675365194928,9.483208014924923,989.2435767976993,0.0,75,0.0,1.0
3.5599999999943375,10.08073720399097,9.482717649727036,989.141274268891,0.0,75,0.0,1.0
3.5799999999942465,10.077799542914478,9.482134760285893,989.0196757344422,0.0,75,0.0,1.0
3.5999999999941554,10.074859553356275,9.481447595511195,988.8763335706752,0.0,75,0.0,1.0
3.6199999999940644,10.071915527026349,9.480657872628706,988.7116106762032,0.0,75,0.0,1.0
3.6399999999939734,10.06896737408504,9.479792784279457,988.5311835616454,0.0,75,0.0,1.0
3.6599999999938824,10.066015368876124,9.47890947856629,988.3469739313925,0.0,75,0.0,1.0
3.6799999999937913,10.063060124735348,9.478048398303736,988.1674158464682,0.0,75,0.0,1.0
3.6999999999937003,10.060101825338037,9.47722684894256,987.9961162094951,0.0,75,0.0,1.0
3.7199999999936093,10.057140904395123,9.476450767672432,987.8343106733137,0.0,75,0.0,1.0
3.7399999999935183,10.0541783930352,9.475715496069153,987.6810257868957,0.0,75,0.0,1.0
3.7599999999934273,10.051216391033705,9.47502116817506,987.5362875110202,0.0,75,0.0,1.0
3.7799999999933362,10.048257049764697,9.474374354435277,987.4014634877897,0.0,75,0.0,1.0
3.7999999999932452,10.045302300271375,9.473773593744099,987.2762471607527,0.0,75,0.0,1.0
3.819999999993154,10.042352797114502,9.473183458263389,987.153253173066,0.0,75,0.0,1.0
3.839999999993063,10.039408486660173,9.47256278420897,987.0239027085886,0.0,75,0.0,1.0
3.859999999992972,10.036468901949695,9.471869362544265,986.8794014321517,0.0,75,0.0,1.0
3.879999999992881,10.033533879417272,9.471080844108089,986.7150959119431,0.0,75,0.0,1.0
3.89999999999279,10.030603272718853,9.470195475861006,986.530625861201,0.0,75,0.0,1.0
3.919999999992699,10.027676642455608,9.469235556224007,986.3306422118267,0.0,75,0.0,1.0
3.939999999992608,10.024752740566027,9.468208963032435,986.1167906441251,0.0,75,0.0,1.0
3.959999999992517,10.021830057210964,9.467118792266357,985.8897204957108,0.0,75,0.0,1.0
3.979999999992426,10.018907344229756,9.465977651548366,985.6520618957444,0.0,75,0.0,1.0
3.999999999992335,10.015984333306363,9.46480957331116,985.4088228494683,0.0,75,0.0,1.0
4.019999999992466,10.013061948498974,9.463650349107308,985.1674572317477,0.0,75,0.0,1.0
4.039999999992597,10.010141401765514,9.462546437058522,984.9376358083783,0.0,75,0.0,1.0
4.059999999992728,10.007223906910506,9.46152163251418,984.7243076278719,0.0,75,0.0,1.0
4.079999999992859,10.004310321597442,9.460565888672846,984.5253762731227,0.0,75,0.0,1.0
4.09999999999299,10.001401554805604,9.459662940915683,984.337452513069,0.0,75,0.0,1.0
4.119999999993121,9.998498779617881,9.458789412070507,984.1556685608683,0.0,75,0.0,1.0
4.139999999993252,9.995603827994469,9.457929220776512,983.9766765974002,0.0,75,0.0,1.0
4.159999999993383,9.99271797545763,9.457071175444968,983.7981473917528,0.0,75,0.0,1.0
4.179999999993514,9.98984190996735,9.456202408194324,983.6174038321415,0.0,75,0.0,1.0
4.199999999993645,9.986975028460536,9.455285812211368,983.4267276966616,0.0,75,0.0,1.0
4.219999999993776,9.984116139803112,9.454288438540019,983.219268670226,0.0,75,0.0,1.0
4.239999999993907,9.98126391905947,9.45319067507782,982.9909533331609,0.0,75,0.0,1.0
4.259999999994038,9.97841762987478,9.451997807303673,982.742888042008,0.0,75,0.0,1.0
4.279999999994169,9.975576736552542,9.45073238914662,982.4797696039146,0.0,75,0.0,1.0
4.2999999999943,9.972740745716749,9.449433018136194,982.2096280066676,0.0,75,0.0,1.0
4.319999999994431,9.969908727365539,9.448124426640117,981.9376069940099,0.0,75,0.0,1.0
4.339999999994562,9.967079945111703,9.44681581381637,981.6656192218815,0.0,75,0.0,1.0
4.3599999999946935,9.964254228479907,9.445525097567282,981.3973880565076,0.0,75,0.0,1.0
4.3799999999948245,9.961432420359912,9.444273129495835,981.1372443896876,0.0,75,0.0,1.0
4.3999999999949555,9.958616302243685,9.443084112282607,980.890213068086,0.0,75,0.0,1.0
4.4199999999950865,9.95580774078755,9.44197602034496,980.6600228564616,0.0,75,0.0,1.0
4.4399999999952176,9.953008023745232,9.440949276496298,980.4467556551357,0.0,75,0.0,1.0
4.459999999995349,9.95021795447071,9.43996728047884,980.2428048216217,0.0,75,0.0,1.0
4.47999999999548,9.947437996121293,9.438995234892802,980.0409414876194,0.0,75,0.0,1.0
4.499999999995611,9.944668611616171,9.438000610704137,979.8344108041682,0.0,75,0.0,1.0
4.519999999995742,9.941910530217555,9.436965511453657,979.6194987080236,0.0,75,0.0,1.0
4.539999999995873,9.939163918221082,9.435878946680415,979.3939264604736,0.0,75,0.0,1.0
4.559999999996004,9.936428142628106,9.434738276516914,979.1571498101067,0.0,75,0.0,1.0
4.579999999996135,9.93370173638675,9.433526585824902,978.9056623001176,0.0,75,0.0,1.0
4.599999999996266,9.930982966348013,9.43223058150092,978.6367111686131,0.0,75,0.0,1.0
4.619999999996397,9.928270415913016,9.43085910586476,978.3521382213951,0.0,75,0.0,1.0
4.639999999996528,9.92556354176534,9.429439690040187,978.0576615491569,0.0,75,0.0,1.0
4.659999999996659,9.92286241680838,9.42801246037527,977.7616084829048,0.0,75,0.0,1.0
4.67999999999679,9.920167283452207,9.426616731156097,977.4721329572326,0.0,75,0.0,1.0
4.699999999996921,9.917478203540083,9.425277817500156,977.1944813076655,0.0,75,0.0,1.0
4.719999999997052,9.914795475456534,9.423993191015695,976.9281243074121,0.0,75,0.0,1.0
4.739999999997183,9.912119824770963,9.42276581777963,976.6736722238785,0.0,75,0.0,1.0
4.759999999997314,9.909452676744788,9.421596424226804,976.4312709910364,0.0,75,0.0,1.0
4.779999999997445,9.906796017123796,9.420486623734602,976.2012505075882,0.0,75,0.0,1.0
4.799999999997576,9.904151452129666,9.419427434945886,975.9817452243236,0.0,75,0.0,1.0
4.819999999997707,9.901519638143387,9.4184009600967,975.7690430966546,0.0,75,0.0,1.0
4.839999999997838,9.898900515369059,9.417363442020271,975.5540761900987,0.0,75,0.0,1.0
4.859999999997969,9.896293508184481,9.416274399278068,975.3284591874949,0.0,75,0.0,1.0
4.8799999999981,9.893697968833921,9.41511208757817,975.0876918382662,0.0,75,0.0,1.0
4.899999999998231,9.891113528996728,9.41387292811932,974.8310385745559,0.0,75,0.0,1.0
4.919999999998362,9.888539627249559,9.412567567341558,974.5607103074718,0.0,75,0.0,1.0
4.939999999998493,9.88597507949637,9.411211141086795,974.2798465632784,0.0,75,0.0,1.0
4.959999999998624,9.883418421702016,9.409813788533018,973.9905508835272,0.0,75,0.0,1.0
4.979999999998755,9.880868326101673,9.408379262266731,973.6936037691574,0.0,75,0.0,1.0
4.999999999998886,9.878324087465018,9.406931947393847,973.394055291889,0.0,75,0.0,1.0
5.019999999999017,9.875786035220365,9.40550446106825,973.0986558389225,0.0,75,0.0,1.0
5.039999999999148,9.873255313572505,9.404133261559737,972.814946412916,0.0,75,0.0,1.0
5.059999999999279,9.870733068277097,9.402841453217407,972.54770133778,0.0,75,0.0,1.0
5.07999999999941,9.868220182981705,9.401636566610316,972.2984714368663,0.0,75,0.0,1.0
5.099999999999541,9.865717461532439,9.400496057744357,972.0625874483393,0.0,75,0.0,1.0
5.119999999999672,9.863225728693322,9.399396335625317,971.835166215833,0.0,75,0.0,1.0
5.139999999999803,9.860746053560693,9.398319055715476,971.612411803271,0.0,75,0.0,1.0
5.159999999999934,9.858279702665897,9.39724963107108,971.391306915321,0.0,75,0.0,1.0
5.180000000000065,9.855827321357998,9.396172091915869,971.168549789885,0.0,75,0.0,1.0
5.2000000000001965,9.85338848986865,9.395065587759373,970.939831381304,0.0,75,0.0,1.0
5.2200000000003275,9.850962092937118,9.39390190489627,970.6993229869513,0.0,75,0.0,1.0
5.2400000000004585,9.848546437397136,9.392653826492614,970.4414049475898,0.0,75,0.0,1.0
5.2600000000005895,9.846139188782269,9.39132054144271,970.1659166333617,0.0,75,0.0,1.0
5.280000000000721,9.8437394003676,9.389918630885854,969.8762908412298,0.0,75,0.0,1.0
5.300000000000852,9.841346690304702,9.388482935661212,969.5797301652195,0.0,75,0.0,1.0
5.320000000000983,9.83896033531232,9.387043141812658,969.2823684087725,0.0,75,0.0,1.0
5.340000000001114,9.8365797247341,9.38562415076687,968.9893476940414,0.0,75,0.0,1.0
5.360000000001245,9.834204565850273,9.384233216267187,968.7021636302164,0.0,75,0.0,1.0
5.380000000001376,9.831835182810021,9.38288559598635,968.4239631810493,0.0,75,0.0,1.0
5.400000000001507,9.829472747616652,9.38159999298474,968.1586027120838,0.0,75,0.0,1.0
5.420000000001638,9.827119146773134,9.38039157295878,967.9092066823971,0.0,75,0.0,1.0
5.440000000001769,9.824775893827363,9.379261274441184,967.6759625965527,0.0,75,0.0,1.0
5.4600000000019,9.822443922127372,9.378191187311101,967.4551694033555,0.0,75,0.0,1.0
5.480000000002031,9.820123658634586,9.377146634084799,967.2396689684065,0.0,75,0.0,1.0
5.500000000002162,9.817815187692066,9.37608527828738,967.0207266028908,0.0,75,0.0,1.0
5.520000000002293,9.815518516686838,9.374985432625904,966.793870481427,0.0,75,0.0,1.0
5.540000000002424,9.81323371571647,9.373835044483515,966.5566178530598,0.0,75,0.0,1.0
5.560000000002555,9.810960531194414,9.37263253168149,966.3086463132759,0.0,75,0.0,1.0
5.580000000002686,9.808697754428497,9.371372516530892,966.0488512794959,0.0,75,0.0,1.0
5.600000000002817,9.806443830781566,9.370054542984386,965.7771435235256,0.0,75,0.0,1.0
5.620000000002948,9.80419718830015,9.368674244972505,965.4926281925225,0.0,75,0.0,1.0
5.640000000003079,9.801956713473347,9.367250924512796,965.1992887106439,0.0,75,0.0,1.0
5.66000000000321,9.799722119523647,9.365818716598849,964.9041625541264,0.0,75,0.0,1.0
5.680000000003341,9.797494002312817,9.36441692636017,964.6153480777092,0.0,75,0.0,1.0
5.700000000003472,9.795272728589604,9.363074739910468,964.3388544366443,0.0,75,0.0,1.0
5.720000000003603,9.793058799146962,9.36180446276649,964.0772107898201,0.0,75,0.0,1.0
5.740000000003734,9.7908528173249,9.36060331772471,963.8298391897873,0.0,75,0.0,1.0
5.760000000003865,9.788655659029475,9.35945658022099,963.5937022474617,0.0,75,0.0,1.0
5.780000000003996,9.78646860221296,9.358360228866731,963.3679679055803,0.0,75,0.0,1.0
5.800000000004127,9.784293227174778,9.357305902191692,963.1509112191063,0.0,75,0.0,1.0
5.820000000004258,9.782130640819908,9.356281436847306,962.9400255804284,0.0,75,0.0,1.0
5.840000000004389,9.779980956445426,9.355256149914622,962.7289939356689,0.0,75,0.0,1.0
5.86000000000452,9.777843611617936,9.354200084985582,962.5116515293869,0.0,75,0.0,1.0
5.880000000004651,9.775717606160146,9.353076751893896,962.2804919949989,0.0,75,0.0,1.0
5.900000000004782,9.773601875721367,9.351875614712991,962.0333526436983,0.0,75,0.0,1.0
5.920000000004913,9.771495607611312,9.350605106071072,961.7719743465065,0.0,75,0.0,1.0
5.940000000005044,9.769398289302604,9.349285991155314,961.5006339885432,0.0,75,0.0,1.0
5.960000000005175,9.76730877379312,9.34793853827548,961.2235040691352,0.0,75,0.0,1.0
5.980000000005306,9.76522600240164,9.34657869817523,960.943866973013,0.0,75,0.0,1.0
6.000000000005437,9.763149146646064,9.345222011888143,960.6649189662655,0.0,75,0.0,1.0
6.0200000000055685,9.761077982465734,9.343882373262012,960.3895158589219,0.0,75,0.0,1.0
6.0400000000056995,9.75901312026167,9.342589743365746,960.1238142412711,0.0,75,0.0,1.0
6.0600000000058305,9.756956048562094,9.341368869565798,959.872895930223,0.0,75,0.0,1.0
6.0800000000059615,9.754908085033593,9.340235358634809,959.639962101611,0.0,75,0.0,1.0
6.1000000000060925,9.752870238527562,9.339175802684016,959.4222514078251,0.0,75,0.0,1.0
6.120000000006224,9.7508432208039,9.338170623492582,959.2157365280582,0.0,75,0.0,1.0
6.140000000006355,9.748827551211264,9.337182573252718,959.012762468797,0.0,75,0.0,1.0
6.160000000006486,9.74682368998089,9.336188785970165,958.8086315200258,0.0,75,0.0,1.0
6.180000000006617,9.744832109633814,9.335174573953019,958.6003275879682,0.0,75,0.0,1.0
6.200000000006748,9.742853061492749,9.334129565215497,958.3857221425304,0.0,75,0.0,1.0
6.220000000006879,9.740885663051637,9.333039385726124,958.1618659306658,0.0,75,0.0,1.0
6.24000000000701,9.73892858460103,9.331887943522522,957.9254584950711,0.0,75,0.0,1.0
6.260000000007141,9.736980238852246,9.330668459805665,957.6751129749344,0.0,75,0.0,1.0
6.280000000007272,9.735039259288287,9.329382560841886,957.4111686319477,0.0,75,0.0,1.0
6.300000000007403,9.733104843180001,9.32806013204071,957.1397640966409,0.0,75,0.0,1.0
6.320000000007534,9.731177014155058,9.326736691751357,956.8681904898716,0.0,75,0.0,1.0
6.340000000007665,9.729255641523814,9.32544759658435,956.6037016430492,0.0,75,0.0,1.0
6.360000000007796,9.727340746733502,9.32420581400321,956.348954680804,0.0,75,0.0,1.0
6.380000000007927,9.725432556841016,9.323024486023984,956.1066412370305,0.0,75,0.0,1.0
6.400000000008058,9.723531693904324,9.321899278223615,955.8758676868055,0.0,75,0.0,1.0
6.420000000008189,9.721639272039662,9.320833672200505,955.6573437930942,0.0,75,0.0,1.0
6.44000000000832,9.719756856593177,9.319830216772198,955.4515879640612,0.0,75,0.0,1.0
6.460000000008451,9.717885981724802,9.318882963316566,955.2573765239093,0.0,75,0.0,1.0
6.480000000008582,9.716027208020058,9.317968431734368,955.0698926427805,0.0,75,0.0,1.0
6.500000000008713,9.71418056401918,9.317051251775293,954.8818843102831,0.0,75,0.0,1.0
6.520000000008844,9.712345551222237,9.316099403372089,954.6867890286077,0.0,75,0.0,1.0
6.540000000008975,9.710521465830537,9.31508379370716,954.4786469216435,0.0,75,0.0,1.0
6.560000000009106,9.70870761651125,9.314003735612483,954.2573214570361,0.0,75,0.0,1.0
6.580000000009237,9.706903546428205,9.312867371521307,954.0244854750079,0.0,75,0.0,1.0
6.600000000009368,9.705108126432142,9.311689607581082,953.7831968272686,0.0,75,0.0,1.0
6.620000000009499,9.703320071371062,9.310473621049027,953.5341095307476,0.0,75,0.0,1.0
6.64000000000963,9.701538160793355,9.309236332977363,953.2806921354841,0.0,75,0.0,1.0
6.660000000009761,9.699761629476473,9.307990524717063,953.0255636904488,0.0,75,0.0,1.0
6.680000000009892,9.697990436029645,9.306763519818157,952.7743193519984,0.0,75,0.0,1.0
6.700000000010023,9.696225425620067,9.305588853448391,952.5338230036524,0.0,75,0.0,1.0
6.720000000010154,9.694467777012326,9.304491542429126,952.3091914944865,0.0,75,0.0,1.0
6.740000000010285,9.692718340707973,9.303475519977978,952.1012242591246,0.0,75,0.0,1.0
6.760000000010416,9.69097794960455,9.302526130171184,951.9069165090464,0.0,75,1.6024161029433415e-10,1.000000000085462
6.780000000010547,9.689247314857145,9.301624646548058,951.722436897887,0.0,75,1.0205011238242464e-8,1.0000000054426728
6.800000000010678,9.687527168301882,9.30074206340565,951.5418697893339,0.0,75,7.401007817932362e-8,1.0000000394720416
6.820000000010809,9.685818263220746,9.299866258290622,951.3627760143398,0.0,75,2.7468098995144623e-7,1.000000146496528
6.84000000001094,9.684121340947286,9.298983559974834,951.1824190722193,0.0,75,7.319906231866645e-7,1.000000390394999
6.8600000000110715,9.682436140509244,9.298078949530355,950.9978051193344,0.0,75,1.5998683063567433e-6,1.0000008532630966
6.8800000000112025,9.680761753442248,9.297123542659772,950.8031215838579,0.0,75,3.0640099741169954e-6,1.0000016341386528
6.9000000000113335,9.679096821475403,9.29610423292199,950.5958000914073,0.0,75,5.3396043790860725e-6,1.0000028477890022
6.9200000000114645,9.6774399265316,9.295012076482077,950.3741386107129,0.0,75,8.669170566615265e-6,1.0000046235576354
6.940000000011596,9.675789938883142,9.29385829927938,950.1405729629832,0.0,75,1.3320501992431152e-5,1.0000071042677292
6.960000000011727,9.674146361358016,9.29267397332582,949.9016071095998,0.0,75,1.958471283205674e-5,1.000010445180177
6.980000000011858,9.672508863471027,9.291491686796096,949.6640625928367,0.0,75,2.77743821947273e-5,1.000014813003837
7.000000000011989,9.670876979335123,9.290333770732085,949.4326710361584,0.0,75,3.8221792113222296e-5,1.0000203849557938
7.02000000001212,9.669250549837265,9.289211088263132,949.2098272220119,0.0,75,5.127725533473681e-5,1.0000273478695119
7.040000000012251,9.667629749421838,9.288137164870365,948.998477234445,0.0,75,6.730752908672458e-5,1.0000358973488463
7.060000000012382,9.666015301122167,9.287113046562848,948.7990236958551,0.0,75,8.669431113566555e-5,1.000046236965939
7.080000000012513,9.664408463940568,9.286151793737183,948.6143307018165,0.0,75,0.00010983281459605673,1.000058577501118
7.100000000012644,9.662810875137817,9.285256873159595,948.4453078408733,0.0,75,0.000137130418081703,1.0000731362229769
7.120000000012775,9.661223546121082,9.284418140270573,948.2900898052434,0.0,75,0.00016900538792170847,1.0000901362068915
7.140000000012906,9.65964694315287,9.28360156685976,948.1419385234946,0.0,75,0.00020588566928954598,1.0001098056902877
7.160000000013037,9.658081039529918,9.282777101647135,947.9949344616467,0.0,75,0.0002482077432153279,1.0001323774630482
7.180000000013168,9.656525476884164,9.281912884928039,947.8427940005865,0.0,75,0.00029641554656901944,1.0001580882915035
7.200000000013299,9.654979755867277,9.280988849275907,947.68164653786,0.0,75,0.00035095945221594424,1.000187178374515
7.22000000001343,9.653443494025517,9.280006150816192,947.5119591383798,0.0,75,0.0004122953066556282,1.0002198908302162
7.240000000013561,9.651915921153874,9.278969851927831,947.3349985007741,0.0,75,0.00048088352256092973,1.0002564712120325
7.260000000013692,9.650395685463572,9.277882891899557,947.1515991465084,0.0,75,0.0005571882237366184,1.0002971670526595
7.280000000013823,9.648881399081331,9.276745679766286,946.9620800112205,0.0,75,0.0006416764401151793,1.000342227434728
7.300000000013954,9.647371822198002,9.275575298208665,946.7701645616229,0.0,75,0.000734817350502767,1.0003919025869348
7.320000000014085,9.645866275995138,9.27438598697516,946.5789952531356,0.0,75,0.0008370815708799866,1.0004464435044693
7.340000000014216,9.644364816027785,9.273212529590765,946.3959069982143,0.0,75,0.0009489404861506629,1.0005061015926138
7.360000000014347,9.642868216621405,9.272087410281193,946.2277633958977,0.0,75,0.0010708656233170471,1.0005711283324357
7.380000000014478,9.641377165845295,9.271029490973618,946.0786462236728,0.0,75,0.0012033280641421287,1.0006417749675425
7.400000000014609,9.639892317152045,9.27003472413047,945.9479609991585,0.0,75,0.001346797895438941,1.0007182922109008
7.42000000001474,9.638414354602434,9.269092809924894,945.8338371202763,0.0,75,0.001501743695203057,1.000800929970775
7.440000000014871,9.636944003018042,9.268186665324714,945.7330192487476,0.0,75,0.0016686320528780205,1.0008899370948683
7.460000000015002,9.635482060382456,9.267295381586012,945.6414704368381,0.0,75,0.0018479271221142188,1.0009855611317942
7.480000000015133,9.63402946588018,9.266410346378105,945.5576618274722,0.0,75,0.002040090204449916,1.00108804810904
7.500000000015264,9.632586618435383,9.265516272278042,945.4787004985349,0.0,75,0.0022455793624087507,1.001197642326618
7.520000000015395,9.631153033663246,9.264589596594625,945.4000024552479,0.0,75,0.0024648490605712055,1.001314586165638
7.540000000015526,9.629727729502804,9.263600017173562,945.3156055725278,0.0,75,0.002698349833238302,1.0014391199110604
7.560000000015657,9.62830935205474,9.262536817917953,945.2235421106288,0.0,75,0.0029465279773642997,1.0015714815879275
7.580000000015788,9.626896589626718,9.26139143888751,945.1222814321442,0.0,75,0.003209825269491388,1.0017119068103955
7.600000000015919,9.625488437186176,9.260181952508933,945.01572554541,0.0,75,0.0034886787054735006,1.0018606286429192
7.62000000001605,9.624084317164735,9.258937805687328,944.9100952159476,0.0,75,0.0037835202618284255,1.002017877472975
7.640000000016181,9.622683529035758,9.257683958552068,944.8106927617666,0.0,75,0.004094776677607341,1.0021838808947239
7.660000000016312,9.621285425174063,9.256436394491825,944.7209856446871,0.0,75,0.004422869255719104,1.0023588636030503
7.6800000000164435,9.619889273533412,9.255207476273325,944.6436997260558,0.0,75,0.004768213682692712,1.0025430472974362
7.7000000000165745,9.618494820856647,9.254010150530947,944.5816776300487,0.0,75,0.005131219865905898,1.0027366505951498
7.7200000000167055,9.617102750838093,9.252850948441907,944.5364500414596,0.0,75,0.005512291787350394,1.0029398889532535
7.7400000000168365,9.615714403669969,9.251746858198551,944.5116804334496,0.0,75,0.005911827373045433,1.0031529745989576
7.7600000000169675,9.61433103299076,9.250700005026594,944.5079959805319,0.0,75,0.006330218377250458,1.003376116467867
7.780000000017099,9.612953388221252,9.249694416513972,944.5223255748955,0.0,75,0.006767850280665732,1.0036095201496884
7.80000000001723,9.611581831114124,9.248695863828365,944.5478648810408,0.0,75,0.00722510220184595,1.0038533878409845
7.820000000017361,9.610216314860152,9.247678794974746,944.5795752102961,0.0,75,0.0077023468210867425,1.0041079183045796
7.840000000017492,9.608856567522846,9.246614311906221,944.6117276892085,0.0,75,0.008199950316077426,1.0043733068352414
7.860000000017623,9.607502211509352,9.245487958587134,944.6415372492614,0.0,75,0.00871827230864543,1.0046497452312775
7.880000000017754,9.6061528175607,9.24430145836241,944.6695197042629,0.0,75,0.00925766582194873,1.004937421771706
7.900000000017885,9.604807373982252,9.243053080429696,944.6954809393233,0.0,75,0.009818477247502011,1.0052365211986678
7.920000000018016,9.603464435085685,9.241741430015864,944.7192911943929,0.0,75,0.01040104632145081,1.0055472247047739
7.940000000018147,9.602122580566874,9.240367729792911,944.7413515888263,0.0,75,0.011005706109534935,1.0058697099250853
7.960000000018278,9.600780621557748,9.238950727639862,944.7656434634457,0.0,75,0.011632783000208556,1.0062041509334445
7.980000000018409,9.599437912622054,9.237507021860722,944.7957071119237,0.0,75,0.01228259670540943,1.006550718242885
8.00000000001854,9.59809461768538,9.236073659276554,944.8392651644457,0.0,75,0.012955460268493589,1.0069095788098632
8.02000000001867,9.596751173442204,9.23467991300802,944.9024519979279,0.0,75,0.013651680078874844,1.0072808960420665
8.040000000018802,9.595408065320715,9.233338513780211,944.988018155424,0.0,75,0.0143715558929304,1.007664829809563
8.060000000018933,9.594065834211056,9.23204381815537,945.094952078049,0.0,75,0.01511538086075495,1.0080615364590693
8.080000000019064,9.592725124690972,9.230789924723053,945.222185659838,0.0,75,0.01588344155836611,1.0084711688311285
8.100000000019195,9.591386693423834,9.22956253522986,945.3669267082711,0.0,75,0.01667601802498269,1.0088938762799908
8.120000000019326,9.590051383751707,9.228344878245123,945.525870049707,0.0,75,0.01749338380501673,1.0093298046960089
8.140000000019457,9.588720048474622,9.22713015505872,945.6977475136191,0.0,75,0.018335805994437234,1.0097790965303666
8.160000000019588,9.587392857967659,9.225897691011,945.8784406903723,0.0,75,0.019203545291180787,1.010241890821963
8.180000000019719,9.586069241818572,9.22462208933282,946.0628536156072,0.0,75,0.02009685604930067,1.0107183232262937
8.20000000001985,9.584748214372485,9.223274668758147,946.2452056939904,0.0,75,0.021015986336561248,1.011208526046166
8.220000000019981,9.583428515221023,9.221848448719786,946.4241585618053,0.0,75,0.021961177995199588,1.0117126282641065
8.240000000020112,9.582108901809573,9.220336659369783,946.5984110478923,0.0,75,0.022932666705590337,1.0122307555763148
8.260000000020243,9.580788510218792,9.218759680672907,946.7722325156831,0.0,75,0.023930682052563636,1.012763030428034
8.280000000020374,9.579466528149599,9.217143830063929,946.9511142498685,0.0,75,0.024955447594138706,1.0133095720502072
8.300000000020505,9.578142147592022,9.215507801569355,947.1389846243051,0.0,75,0.026007180932448172,1.0138704964973058
8.320000000020636,9.576814680708907,9.213866423463658,947.338979380466,0.0,75,0.027086093786640498,1.0144459166862083
8.340000000020767,9.575483846602781,9.212234363226969,947.5542027238592,0.0,75,0.028192392067558466,1.0150359424360311
8.360000000020898,9.57414984126432,9.210628825741566,947.7882830333322,0.0,75,0.029326275954003368,1.0156406805088019
8.38000000002103,9.572813412906028,9.209057531792952,948.0428993903248,0.0,75,0.030487939970404374,1.0162602346508822
8.40000000002116,9.571475796563993,9.207537919400693,948.3217330313539,0.0,75,0.031677573065722685,1.0168947056350521
8.420000000021291,9.570138013341596,9.20606597924225,948.6240498823444,0.0,75,0.03289535869342929,1.0175441913031622
8.440000000021422,9.568800728894223,9.204624096648763,948.9463072500627,0.0,75,0.034141474892404856,1.0182087866092826
8.460000000021553,9.567464261695303,9.203179567986457,949.2818404462798,0.0,75,0.03541609436861785,1.0188885836632628
8.480000000021684,9.566128609392731,9.201710776454156,949.6262568129744,0.0,75,0.03671938457744603,1.0195836717746378
8.500000000021815,9.564793526940754,9.200191704819215,949.9742426768524,0.0,75,0.03805150780651429,1.0202941374968075
8.520000000021946,9.56345872844133,9.198610221887776,950.3233388577855,0.0,75,0.039412621258928617,1.0210200646714287
8.540000000022077,9.56212356097867,9.196966327144919,950.6735851907539,0.0,75,0.040802877136793925,1.0217615344729567
8.560000000022209,9.560786933883467,9.195253852619052,951.0237423298064,0.0,75,0.04222242272490963,1.0225186254532852
8.58000000002234,9.559447416221424,9.193472018258035,951.3736797842732,0.0,75,0.043671400474543945,1.0232914135864235
8.60000000002247,9.558103649700112,9.19162392885546,951.724067769027,0.0,75,0.045149948087193394,1.0240799723131697
8.620000000022602,9.556754538667173,9.189731095039397,952.0793883713958,0.0,75,0.04665819859824048,1.0248843725857282
8.640000000022733,9.55539954564422,9.187810818969847,952.4432583133528,0.0,75,0.04819628046042791,1.0257046829122283
8.660000000022864,9.55403875031619,9.185899462073735,952.8232538291397,0.0,75,0.04976431762707269,1.0265409694011054
8.680000000022995,9.55267243769437,9.184019618808023,953.224109347637,0.0,75,0.05136242963494929,1.0273932958053063
8.700000000023126,9.551300764533929,9.18217100408131,953.6458168209201,0.0,75,0.05299073168677496,1.0282617235662799
8.720000000023257,9.549924585724696,9.180366470131094,954.0910971792276,0.0,75,0.05464933473323599,1.0291463118577258
8.740000000023388,9.548545303740916,9.178614683409387,954.5618065396399,0.0,75,0.05633834555449668,1.0300471176290649
8.760000000023519,9.547162909807637,9.176884542578373,955.0515275838676,0.0,75,0.058057866841138644,1.0309641956486073
8.78000000002365,9.545778223139452,9.175150786159158,955.5550398835298,0.0,75,0.05980799727448011,1.0318975985463894
8.80000000002378,9.544391676456529,9.173406814608398,956.0709960075841,0.0,75,0.06158883160623042,1.0328473768566562
8.820000000023912,9.5430022192833,9.171577566756605,956.5837614221912,0.0,75,0.06340046073743726,1.0338135790599665
8.840000000024043,9.541608842912497,9.169699863855545,957.1010084210207,0.0,75,0.06524297179668795,1.0347962516249003
8.860000000024174,9.540216319475158,9.16784941438698,957.6385534177198,0.0,75,0.0671164482175297,1.0357954390493491
8.880000000024305,9.538822358443166,9.165982866335472,958.1873666890136,0.0,75,0.06902096981507588,1.0368111839013738
8.900000000024436,9.53742266893718,9.163990415422383,958.7244842180164,0.0,75,0.07095661286176937,1.0378435268596102
8.920000000024567,9.536015274457961,9.161873737916228,959.2502116896349,0.0,75,0.07292345016227529,1.0388925067532135
8.940000000024698,9.534597076817782,9.15955652520459,959.7485100282119,0.0,75,0.07492155112748036,1.0399581606013228
8.960000000024829,9.533162377484542,9.15709196281547,960.2304456807424,0.0,75,0.07695098184757526,1.0410405236520401
8.98000000002496,9.531723390817467,9.154936587226716,960.7917763650092,0.0,75,0.07901180516420214,1.0421396294209078
9.000000000025091,9.530288901929858,9.153012096671988,961.4162200550879,0.0,75,0.08110408074164922,1.0432555097288796
9.020000000025222,9.528850021497542,9.151110099919864,962.0600933704388,0.0,75,0.08322786513707728,1.0443881947397746
9.040000000025353,9.527401418848195,9.149086500759594,962.6930913291833,0.0,75,0.08538321186976527,1.045537712997208
9.060000000025484,9.525939838303781,9.146823447100992,963.2903278826652,0.0,75,0.08757017148936279,1.0467040914609935
9.080000000025615,9.524455089337359,9.144146041327584,963.814802946986,0.0,75,0.08978879164314128,1.0478873555430086
9.100000000025746,9.522958568279961,9.141880096745115,964.4405262228552,0.0,75,0.09203911714223392,1.0490875291425248
9.120000000025877,9.521478575304114,9.140335695291164,965.2332182082564,0.0,75,0.09432119002685965,1.0503046346809919
9.140000000026008,9.520011853265549,9.138771000299329,966.0364934957335,0.0,75,0.09663504963052498,1.05153869313628
9.16000000002614,9.518543052920956,9.136948067279064,966.799985865558,0.0,75,0.09898073264320076,1.0527897240763737
9.18000000002627,9.517063369971599,9.13476639816482,967.502243005994,0.0,75,0.10135827317347092,1.0540577456925178
9.200000000026401,9.515556162975845,9.131683644159777,968.0280489345927,0.0,75,0.10376770280965297,1.055342774831815
9.220000000026532,9.514015511550706,9.12855500511351,968.5583509110401,0.0,75,0.10620905067988902,1.056644827029274
9.240000000026663,9.512480248751515,9.12650065896905,969.3310396669856,0.0,75,0.10868234351120917,1.0579639165393115
9.260000000026794,9.510968299683626,9.12508022657778,970.2531544316812,0.0,75,0.1111876056875695,1.0593000563667037
9.280000000026925,9.509463378350802,9.123129104918013,971.0771994311405,0.0,75,0.11372485930686699,1.0606532582969956
9.300000000027056,9.50794481809747,9.120747043020282,971.8240612418749,0.0,75,0.11629412423693532,1.0620235329263654
9.320000000027187,9.506396752030296,9.117480040603231,972.3965985258848,0.0,75,0.11889541817052698,1.0634108896909478
9.340000000027318,9.504795232662557,9.11360435959727,972.8532297271518,0.0,75,0.12152875667928588,1.0648153368956192
9.36000000002745,9.503175418825565,9.110848755118177,973.5630003859628,0.0,75,0.12419415326671744,1.0662368817422494
9.38000000002758,9.501580392680143,9.109719660679845,974.634991138466,0.0,75,0.12689161942016292,1.0676755303574201
9.400000000027712,9.50001728323056,9.108733859004177,975.752674391236,0.0,75,0.12962116466178486,1.0691312878196186
9.420000000027843,9.498457359452159,9.106721133512902,976.6651395590516,0.0,75,0.13238279659857163,1.070604158185905
9.440000000027974,9.496876467536298,9.103806757488236,977.3985048036061,0.0,75,0.13517652097137,1.072094144518064
9.460000000028105,9.495242662009968,9.099656313149744,977.8802447151064,0.0,75,0.13800234170295445,1.0736012489082425
9.480000000028236,9.493562983520405,9.095983316386445,978.4781835011581,0.0,75,0.14086026094514137,1.0751254725040753
9.500000000028367,9.491895706506142,9.09433856803709,979.5266342580364,0.0,75,0.14375027912496052,1.0766668155333123
9.520000000028498,9.490270871026837,9.093962393561126,980.8633377617773,0.0,75,0.14667239498989124,1.078225277327942
9.540000000028629,9.488679457058401,9.092776321757796,982.040431040863,0.0,75,0.14962660565217506,1.0798008563478267
9.56000000002876,9.487076913098814,9.089897704391934,982.8663164363428,0.0,75,0.15261290663221538,1.0813935502038483
9.58000000002889,9.485421623877235,9.08511421619775,983.2937314591363,0.0,75,0.155631291901075,1.0830033556805734
9.600000000029022,9.483689473782661,9.080060585395918,983.6755977154122,0.0,75,0.1586817539220827,1.0846302687584441
9.620000000029153,9.481933587004862,9.076956760063185,984.4931913853588,0.0,75,0.16176428369156098,1.0862742846354991
9.640000000029284,9.480206749592314,9.076244307497282,985.8438860125373,0.0,75,0.16487887077868502,1.0879353977486321
9.660000000029415,9.478529116963761,9.076196688508363,987.3542474317533,0.0,75,0.16802550336448716,1.0896136017943931
9.680000000029546,9.476875258992974,9.074406512478417,988.500377790994,0.0,75,0.171204168280016,1.091308889749342
9.700000000029677,9.475183601176914,9.069953481519967,989.0799799180079,0.0,75,0.17441485104366447,1.0930212538899544
9.720000000029808,9.473403484312763,9.06400197197248,989.3452973217586,0.0,75,0.17765753589767772,1.0947506858120948
9.740000000029939,9.471564763572918,9.059548853557082,989.9501946391016,0.0,75,0.180932205843854,1.0964971764500555
9.76000000003007,9.469736897492051,9.05819936105007,991.2469961859524,0.0,75,0.18423884267844967,1.0982607160951732
9.780000000030201,9.467963330948423,9.058833143202756,992.9930167205506,0.0,75,0.1875774270263027,1.100041294414028
9.800000000030332,9.466248908529924,9.059105348138432,994.6754668480854,0.0,75,0.19094793837418345,1.1018389004662312
9.820000000030463,9.464541984731827,9.05610187719701,995.6530718367519,0.0,75,0.19435035510339027,1.103653522721808
9.840000000030594,9.462755911323407,9.049477687365284,995.8470128594083,0.0,75,0.19778465452159763,1.1054851490781854
9.860000000030725,9.460883022259576,9.04302580137368,996.0904320809074,0.0,75,0.20125081289397215,1.107333766876785
9.880000000030856,9.458983849824273,9.039920005010762,997.0833666020428,0.0,75,0.2047488054735672,1.1091993629192358
9.900000000030987,9.45711374180412,9.039818584997002,998.7532304704822,0.0,75,0.20827860653100955,1.111081923483205
9.920000000031118,9.455302908965715,9.040792550305865,1000.676297928587,0.0,75,0.21184018938349003,1.1129814343378612
9.94000000003125,9.453525199403924,9.039236460839462,1002.0543321062808,0.0,75,0.21543352642307004,1.1148978807589707
9.96000000003138,9.451695188002235,9.034440303254069,1002.7270867501488,0.0,75,0.21905858914431733,1.116831247543636
9.980000000031511,9.449818684426964,9.02759367036711,1002.9562189375819,0.0,75,0.2227153481712817,1.1187815190246835
10.000000000031642,9.447906318302499,9.021722540413844,1003.4133010517675,0.0,75,0.22640377328382308,1.1207486790847057
10.020000000031773,9.445984249608978,9.020241807906094,1004.8596815461318,0.0,75,0.23012383344330548,1.122732711169763
10.040000000031904,9.444091834628528,9.02119586671551,1006.8634557038341,0.0,75,0.233875496817666,1.124733598302755
10.060000000032035,9.442219458998887,9.02072734164242,1008.5649565409827,0.0,75,0.23765873080587344,1.1267513230964659
10.080000000032166,9.440279480763422,9.016105512003863,1009.3510044222916,0.0,75,0.24147350206178617,1.1287858677662859
10.100000000032297,9.438295720367362,9.012023175939277,1010.2698144201712,0.0,75,0.24531977651742198,1.130837214142625
10.120000000032428,9.436383344743506,9.006558881434088,1010.8904545030456,0.0,75,0.24919751940565085,1.1329053436830139
10.14000000003256,9.434450802760548,9.001849877880096,1011.6920638022834,0.0,75,0.2531066952823218,1.134990237483905
10.16000000003269,9.432524704095394,9.001786329316994,1013.5510833588867,0.0,75,0.257047268047836,1.1370918762921791
10.180000000032821,9.43062757303501,9.002752963318635,1015.65738766534,0.0,75,0.26101920096817616,1.1392102405163607
10.200000000032952,9.428657323771343,8.998288787968866,1016.5519975875437,0.0,75,0.2650224566954039,1.1413453102375488
10.220000000033084,9.4265661333891,8.993680103731059,1017.4254845072471,0.0,75,0.2690569972876355,1.1434970652200722
10.240000000033215,9.42456523297596,8.991977172952428,1018.968845967334,0.0,75,0.2731227842285062,1.14566548492187
10.260000000033346,9.42268826357717,8.987618462893114,1019.9227678454841,0.0,75,0.27721977844613643,1.1478505485046062
10.280000000033477,9.420744543293965,8.982154097844017,1020.6368736606578,0.0,75,0.28134794033160543,1.150052234843523
10.300000000033608,9.418788587976993,8.981371887341037,1022.4274381092331,0.0,75,0.2855072297569467,1.1522705225370382
10.320000000033739,9.416797337541901,8.977988175305873,1023.6387271013716,0.0,75,0.28969760609267536,1.1545053899160935
10.34000000003387,9.414627996248692,8.972252902390245,1024.324983125293,0.0,75,0.29391902822485355,1.1567568150532552
10.360000000034,9.412443254137331,8.971584882246928,1026.1804717708055,0.0,75,0.2981714545717082,1.1590247757715777
10.380000000034132,9.410508197810817,8.974116732894446,1028.783521023467,0.0,75,0.3024548430998086,1.1613092496532311
10.400000000034263,9.408700151011185,8.971430187212357,1030.2048113370065,0.0,75,0.3067691513398123,1.1636102140478999
10.420000000034394,9.40676772081041,8.963997143101537,1030.54676497409,0.0,75,0.3111143364017928,1.1659276460809562
10.440000000034525,9.404776932793808,8.959093432006496,1031.4801859279291,0.0,75,0.3154903549901533,1.168261522661415
10.460000000034656,9.402645442698878,8.95150770845024,1031.8058130783081,0.0,75,0.3198971634181388,1.170611820489674
10.480000000034787,9.400347617236905,8.94930443337444,1033.3829859575653,0.0,75,0.32433471762195426,1.1729785160650423
10.500000000034918,9.398240563568317,8.954246810751771,1036.6264826524553,0.0,75,0.32880297317449936,1.1753615856930664
10.520000000035049,9.396458623272846,8.96102464813385,1040.315813492347,0.0,75,0.3333018852987251,1.1777610054926533
10.54000000003518,9.394772812845073,8.957377545120389,1041.60126744962,0.0,75,0.3378314088806245,1.1801767514029997
10.560000000035311,9.392857065581058,8.944504339510807,1040.7498318815574,0.0,75,0.3423914984818636,1.1826087991903274
10.580000000035442,9.390764464557648,8.93084907539543,1039.7225687319662,0.0,75,0.3469821083520615,1.1850571244544328
10.600000000035573,9.388477947850927,8.924321808525532,1040.3624898481778,0.0,75,0.35160319244072713,1.1875217026350544
10.620000000035704,9.386171774108648,8.928479023805508,1043.507386357701,0.0,75,0.35625470440886164,1.1900025090180595
10.640000000035835,9.384213822344039,8.93945471423108,1048.2695120338572,0.0,75,0.36093659764023367,1.192499518741458
10.660000000035966,9.382593055106135,8.949238214961436,1052.779319942851,0.0,75,0.36564882525233483,1.1950127068012453
10.680000000036097,9.380979761701326,8.940687528857218,1052.992529618546,0.0,75,0.3703913401070234,1.197542048057079
10.700000000036228,9.378987792892064,8.918028584614174,1049.8888505280802,0.0,75,0.3751640948208627,1.2000875172377934
10.720000000036359,9.376737834329665,8.900480995854808,1047.9934450254138,0.0,75,0.37996704177516444,1.2026490889467545
10.74000000003649,9.374363617268978,8.901072967371153,1050.3793265427164,0.0,75,0.3848001331257375,1.20522673766706
10.760000000036621,9.372198638846935,8.913180254116698,1055.5053483288364,0.0,75,0.3896633208123583,1.207820437766591
10.780000000036752,9.370479317658159,8.930605779129962,1061.926015636315,0.0,75,0.3945565565679609,1.2104301635029124
10.800000000036883,9.369099010420497,8.941311723548893,1066.782709165954,0.0,75,0.39947979192755945,1.2130558890280316
10.820000000037014,9.367584629135955,8.924047635123207,1064.9813438760718,0.0,75,0.40443297823690577,1.2156975883930163
10.840000000037145,9.36548594063246,8.887098389322295,1058.4896008030278,0.0,75,0.40941606666089253,1.218355235552476
10.860000000037276,9.363141593177698,8.872552948510096,1057.3427550885588,0.0,75,0.41442900819170286,1.2210288043689081
10.880000000037407,9.36084405779701,8.882678387404399,1062.091675108772,0.0,75,0.4194717536567179,1.2237182686169161
10.900000000037538,9.358927629580757,8.902242616078956,1069.1337442857603,0.0,75,0.4245442537261849,1.2264236019872987
10.92000000003767,9.357492446194865,8.924350317207779,1076.8344602450406,0.0,75,0.42964645892065356,1.2291447780910152
10.9400000000378,9.356320712411524,8.929182512357594,1080.4013389526233,0.0,75,0.43477831961818564,1.2318817704630323
10.960000000037931,9.354869338008363,8.90339998629615,1076.5715065927347,0.0,75,0.4399397860613429,1.2346345525660496
10.980000000038062,9.353032273523532,8.875643534161409,1072.2685975135112,0.0,75,0.4451308083639614,1.2374030977941128
11.000000000038193,9.351100431529314,8.867676949540042,1072.7529545939412,0.0,75,0.45035133651771375,1.240187379476114
11.020000000038324,9.349204723017415,8.873297876543594,1076.5383941601192,0.0,75,0.4556013203984688,1.2429873708791834
11.040000000038455,9.347812747894045,8.90442202601973,1086.5595763003653,0.0,75,0.4608807097724508,1.2458030452119737
11.060000000038587,9.346823947812974,8.923765046029907,1093.765515531646,0.0,75,0.46618945430220476,1.2486343756278426
11.080000000038718,9.345828005028048,8.912186357660504,1093.4163922277326,0.0,75,0.47152750355237194,1.2514813352279317
11.100000000038849,9.345082072353343,8.92547917998259,1099.1890385507177,0.0,75,0.4768948069952824,1.2543438970641505
11.12000000003898,9.346443087340278,9.070404723937166,1137.7792278562079,0.0,75,0.4822913140163665,1.2572220341420621
11.14000000003911,9.351383598003913,9.284924839828859,1194.9779715077714,0.0,75,0.48771697391939217,1.2601157194236758
11.160000000039242,9.35770535928351,9.237612586459212,1185.561522219143,0.0,75,0.49317173593153174,1.2630249258301502
11.180000000039373,9.358513333188611,8.98065048049705,1123.1162183624979,0.0,75,0.4986555492082627,1.2659496262444068
11.200000000039504,9.356838799928983,8.821473264351908,1086.1725767334033,0.0,75,0.5041683628381081,1.2688897935136576
11.220000000039635,9.35772584415496,8.906195202823536,1109.7149276372086,0.0,75,0.5097101258472183,1.2718454004518498
11.240000000039766,9.360511591219973,9.340596613294338,1223.4594154355925,0.6604857700119641,75,0.5152807872038,1.2748164198420266
11.260000000039897,9.367355610395919,9.759428624103862,1338.767969907308,1.229577622775351,75,0.5208802958223966,1.2778028244386115
11.280000000040028,9.379405460916756,9.889434033587154,1377.9023321818202,0.0,75,0.5265086005680252,1.2808045869696134
11.300000000040159,9.39313703317282,9.618706048404606,1306.5640246679873,326.1359144922775,74,0.5321656502601683,1.2838216801387565
11.32000000004029,9.400157617454237,8.986313484980782,1143.1023494393469,859.4479916152856,74,0.5378513936766333,1.2868540766275378
11.34000000004042,9.394307187279201,8.479262400777026,1020.1533669613261,741.3188126992602,74,0.5435657795572746,1.2899017490972131
11.360000000040552,9.39351613147934,8.63863899228393,1061.377785819285,840.8152869746472,74,0.5493087566075882,1.2929646701907136
11.380000000040683,9.39615345700699,9.416972343792162,1264.254834445704,880.0398879624734,74,0.5550802735021785,1.2960428125344952
11.400000000040814,9.401280686753589,10.072736323361541,1449.9141336727314,884.4272453795421,74,0.5608802788881037,1.299136148740322
11.420000000040945,9.413022093529772,10.238265646346662,1501.5439726737925,1025.84203035227,73,0.5667087213880998,1.3022446514069865
11.440000000041076,9.427185716724644,9.941940896586434,1419.2800519791456,1307.1040986281016,73,0.5725655496036907,1.3053682931219683
11.460000000041207,9.438108434613191,9.071893867287432,1184.5807540126025,1188.1227691996692,73,0.5784507121181824,1.3085070464630306
11.480000000041338,9.43726993661143,8.377293266217244,1012.5621537031826,1541.7701898044497,73,0.5843641574995524,1.3116608839997612
11.500000000041469,9.430292030953094,8.511996007805365,1047.912544053792,2304.35048667562,74,0.5903058343032255,1.3148297782950535
11.5200000000416,9.43461099690138,9.628664193697666,1344.140576417398,3358.666752577903,74,0.5962756910747522,1.3180137019065346
11.540000000041731,9.442904266019935,10.591823073869316,1630.447564257348,4110.827348683776,74,0.6022736763523828,1.3212126273879374
11.560000000041862,9.457944717966162,10.888190925154259,1727.1577720202654,4101.338925820925,74,0.6082997386695449,1.3244265272904239
11.580000000041993,9.475263420620921,10.245860250423629,1533.1155862547523,2855.6569737284153,74,0.6143538265572255,1.3276553741638537
11.600000000042124,9.488540462440303,9.276502648949513,1259.8138415489007,1420.5978107224291,74,0.62043588854626,1.3308991405580053
11.620000000042255,9.495379608353284,8.403294336784775,1036.3323030740405,1461.3139926167003,74,0.6265458731695335,1.3341577990237512
11.640000000042386,9.485220320605968,8.04914410897151,953.1551109737228,1574.0814322959086,74,0.6326837289640924,1.3374313221141827
11.660000000042517,9.483789367916232,8.675519554559365,1109.9966198311072,1988.7332070929028,74,0.638849404473174,1.3407196823856928
11.680000000042648,9.485160092380045,9.542881374650989,1346.3512836041807,2320.056043180841,74,0.6450428482481507,1.3440228523990136
11.70000000004278,9.493503416340092,9.895333259455578,1451.2124588766967,2345.0506043137634,74,0.6512640088503987,1.3473408047202127
11.72000000004291,9.504971360784067,9.416563857567557,1317.4313077537768,1369.2779179452948,72,0.6575128348530848,1.350673511921645
11.740000000043041,9.514744395553983,9.379600295861174,1310.3482450405986,1363.289951050206,72,0.6637892748428823,1.3540209465828705
11.760000000043172,9.518407187580515,9.227349156835567,1271.3028646348744,1186.3091642511215,73,0.6700932774216107,1.3573830812915257
11.780000000043303,9.52718033988904,9.86130088636002,1455.6018685791587,727.6404322812713,74,0.6764247912078063,1.3607598886441634
11.800000000043434,9.543865965822782,10.618626806185244,1691.9672593735913,423.15732330753866,74,0.6827837648382243,1.364151341247053
11.820000000043565,9.566951120126992,11.103768612742597,1854.7230058884354,278.60235722015494,74,0.6891701469692757,1.3675574117169471
11.840000000043696,9.592854544132676,10.836428945220568,1770.9062441085791,552.5582323950595,74,0.6955838862783945,1.3709780726818104
11.860000000043827,9.617630922087683,10.40955491052001,1638.228036466761,1303.9726817890796,72,0.7020249314653492,1.3744132967815195
11.880000000043959,9.638356145416878,9.58514612206823,1392.5032484638468,1494.0964089888093,72,0.708493231253489,1.3778630566685275
11.90000000004409,9.651461876461783,9.114469344689006,1262.269432413496,1283.2210932550836,73,0.714988734390932,1.3813273250084972
11.92000000004422,9.668444530691506,9.652826587591202,1419.35376280777,1606.8459983117286,72,0.7215113896517004,1.384806074480907
11.940000000044352,9.6852402875507,10.211768669126844,1592.4936853402496,2046.1583708865448,73,0.7280611458367932,1.388299277779623
11.960000000044483,9.705330902002558,10.498394987418148,1687.3978432322583,1897.3331227444419,73,0.7346379517752124,1.3918069076134465
11.980000000044614,9.725547595794636,10.085131670764556,1561.106138377126,1852.810576306214,71,0.7412417563249338,1.3953289367066315
12.000000000044745,9.744637956353998,9.709956453471829,1450.7853405628946,2512.383133101062,71,0.7478725083738272,1.3988653377993745
12.020000000044876,9.762363560939392,9.262327375807693,1323.4569624217856,2717.039576411628,72,0.7545301568405323,1.402416083648284
12.040000000045007,9.771571520624256,9.49636316325083,1394.7193035744726,3473.2447862176155,72,0.761214650675281,1.4059811470268166
12.060000000045138,9.788173331080431,10.369176892520803,1667.112750677211,4738.739971344457,72,0.7679259388606803,1.4095605007256962
12.080000000045269,9.809685116901619,11.169318981386759,1939.258043455559,5476.0097818211325,72,0.7746639704124477,1.4131541175533053
12.1000000000454,9.83462407709743,11.074979276519912,1911.5049208103915,4782.67559916358,72,0.781428694380105,1.416761970336056
12.12000000004553,9.859631293145558,10.19533660132354,1624.058256735516,2365.9755257004704,72,0.7882200598476309,1.4203840319187364
12.140000000045662,9.87927600590424,10.573091258509514,1751.1075454538677,1893.5194910470614,73,0.7950380159340736,1.4240202751648392
12.160000000045793,9.896052028279229,10.483321411186123,1725.9115132799577,2252.6813509663007,73,0.801882511794126,1.4276706729568671
12.180000000045924,9.916539870019145,11.12005305410757,1946.9184240191207,2145.833298671703,73,0.8087534966186605,1.431335198196619
12.200000000046055,9.942097612774834,11.805265264892311,2199.886477669906,2226.4373414333268,73,0.8156509196352321,1.435013823805457
12.220000000046186,9.970332946824945,11.862792806580353,2227.0952316175785,2079.3290287519544,72,0.8225747301085421,1.438706522724556
12.240000000046317,10.000091551452384,11.170839093187872,1979.9489196134502,1668.8694432475836,72,0.8295248773408732,1.4424132679151325
12.260000000046448,10.027487817311307,10.053710811770372,1607.8813935101018,1393.1292939309865,71,0.836501310672487,1.4461340323586598
12.280000000046579,10.05119919045073,9.227909399162064,1358.0883695192156,1402.5839693578816,72,0.8435039794819944,1.4498687890570636
12.30000000004671,10.071759770014223,8.649971927733246,1196.388492978232,1603.2005826498073,72,0.8505328331866933,1.453617511032903
12.320000000046841,10.095429250245322,9.313120082744199,1390.4518268042204,1867.0437425565942,72,0.8575878212428769,1.4573801713295342
12.340000000046972,10.121253483625996,9.792577223433984,1541.2869520447884,1932.4462838979293,73,0.8646688931461161,1.461156743011262
12.360000000047103,10.148363238124446,9.530859381401864,1463.7900169035133,1736.5852021151627,73,0.8717759984315128,1.4649471991634735
12.380000000047234,10.171090923896612,9.475289736000569,1450.5276427292774,1654.707985553203,71,0.8789090866739262,1.4687515128927606
12.400000000047365,10.18618027625658,9.780406839108023,1549.4671525366628,1255.5423538823954,74,0.8860681074881761,1.4725696573270273
12.420000000047496,10.199042887285753,9.781828130717335,1553.9507476576446,1949.6693968377251,74,0.8932530105292208,1.4764016056155844
12.440000000047627,10.215458583012612,10.436572166913368,1773.5471260089216,2290.971958111061,73,0.9004637454923102,1.480247330929232
12.460000000047758,10.238171063717902,10.732230793931535,1880.346339602142,2128.434182792809,74,0.9077002621131194,1.4841068064603302
12.48000000004789,10.263273415624592,10.201728247144953,1703.4809527048544,1831.8702370650842,73,0.9149625101678576,1.4879800054228574
12.50000000004802,10.288541556471289,9.561115257296658,1500.167908964533,755.7123658709102,73,0.9222504394733563,1.4918669010524566
12.520000000048151,10.30907948355063,10.52286399221183,1821.900615191983,855.892607831868,73,0.9295639998871403,1.4957674666064749
12.540000000048282,10.326834524699242,9.807146759513213,1586.6353232383244,0.0,75,0.936903141307475,1.4996816753639868
12.560000000048413,10.343720084655494,10.275323133033845,1746.2994723431973,7.831300344759396,74,0.9442678136733973,1.503609500625812
12.580000000048544,10.369989030294127,11.406595261204096,2157.628835560574,2.743795297436115,75,0.95165796696473,1.5075509157145226
12.600000000048675,10.401205040746728,11.637655352395523,2251.819175720751,0.0,75,0.9590735512020753,1.5115058939744401
12.620000000048806,10.432967575141754,10.904172014319919,1982.1051046327852,93.3897594255984,73,0.9665145164467964,1.5154744087716248
12.640000000048937,10.458373883284079,10.88800560259176,1981.424865628547,792.1071714990003,74,0.9739808128009783,1.519456433493855
12.660000000049068,10.478718038396131,10.055179090941214,1694.341951748624,231.1104122723955,74,0.9814723904073753,1.5234519415506003
12.6800000000492,10.500095498677444,10.104485379456706,1715.5018416061769,10.967860295467592,74,0.9889891994493484,1.5274609063729858
12.70000000004933,10.528608803925517,10.455912022013141,1841.7419983330701,5.498545845241749,74,0.9965311901507798,1.5314833014137492
12.720000000049462,10.561316786095068,10.33491609704521,1804.1050347821715,0.0,75,1.0040983127759817,1.5355191001471904
12.740000000049593,10.593076937209117,9.042502043782067,1384.742016275297,0.0,75,1.0116905176295878,1.5395682760691134
12.760000000049724,10.616160413094423,10.609387401458545,1911.2466502831967,1233.1978861493935,73,1.0193077550564356,1.5436308026967658
12.780000000049855,10.629240802632147,10.230238028439638,1781.7747987613532,832.6791590939465,74,1.026949975441433,1.5477066535687642
12.800000000049986,10.638596133061252,9.589041081107146,1569.5588944099914,112.73207207996072,74,1.034617129209419,1.5517958022450236
12.820000000050117,10.65144781015034,9.926408820056045,1686.3906480094936,0.48339153333235735,75,1.042309166825009,1.5558982223066715
12.840000000050248,10.670627659518628,9.78935312921028,1644.482058550292,1.7321558083291355,75,1.050026038792432,1.560013887355964
12.860000000050379,10.693867455785377,8.883103010587188,1357.6832924541948,0.0,75,1.057767695655356,1.56414277101619
12.88000000005051,10.716277528308547,9.430048265698401,1534.0710086267895,598.6211307041075,73,1.0655340879967088,1.568284846931578
12.90000000005064,10.733495327404757,10.282943217538303,1828.9493052781027,824.2017519206489,74,1.0733251664384853,1.572440088767192
12.920000000050772,10.747656101301992,9.887202174463706,1695.3656127997026,432.91994213188406,74,1.081140881641545,1.576608470208824
12.940000000050903,10.765073684915688,9.946486894702794,1720.308301056071,2.339555274904882,75,1.0889811843054118,1.5807899649628863
12.960000000051034,10.787009539877094,9.884005251293628,1703.2706087392353,0.0,75,1.0968460251680503,1.5849845467562935
12.980000000051165,10.81044409161944,9.642091897509928,1625.2180602747428,92.09569287571291,73,1.1047353550056487,1.5891921893363459
13.000000000051296,10.828505996653606,10.627745449926978,1979.7178212686115,601.5146144789728,74,1.1126491246323866,1.5934128664706062
13.020000000051427,10.844448982799246,10.483733805776446,1931.5473634660364,0.0,75,1.1205872849002023,1.5976465519467746
13.040000000051558,10.862294010708831,11.415732515722386,2296.3274463526222,10.091994527603072,73,1.1285497866985479,1.6018932195725588
13.060000000051689,10.88716186191137,12.285792180252804,2666.7719934400266,2.8681037244562146,75,1.1365365809541428,1.606152843175543
13.08000000005182,10.918546593434478,11.350531822378157,2282.263145331181,0.0,75,1.1445476186307202,1.6104253966030506
13.100000000051951,10.950009854361642,11.496109007336328,2347.4113278572104,3128.8644486248504,72,1.1525828507287708,1.614710853722011
13.120000000052082,10.974460757452091,14.669630656608506,3832.4840653049932,5650.700253817311,72,1.1606422282852744,1.6190091884188131
13.140000000052213,10.995434576504906,12.934417380645135,2987.381360483486,5534.348747296026,73,1.16872570237344,1.623320374599168
13.160000000052344,11.017704336090283,11.94388447748268,2554.132352420176,4924.71223329556,73,1.1768332241024266,1.6276443861879608
13.180000000052475,11.046271308107126,11.957995689294549,2566.9926249651253,4697.745030822747,73,1.1849647446170732,1.6319811971291056
13.200000000052606,11.080060842885553,11.605534124123054,2424.3429244742956,4492.789223423114,73,1.1931202150976135,1.6363307813853938
13.220000000052737,11.116683732322228,11.15236995378641,2244.679682623416,3476.76672971371,73,1.2012995867593976,1.6406931129383455
13.240000000052868,11.144906672352093,11.127146470399309,2240.496104450705,4932.770591270126,73,1.2095028108526065,1.6450681657880568
13.260000000053,11.16370189459273,10.075372375199933,1841.694119304337,4640.331520079934,73,1.217458469306284,1.6493111836300183
13.28000000005313,11.177676703294809,9.467981306804395,1628.9222797332216,3982.685915218632,72,1.2223776962710307,1.6519347713445498
13.300000000053261,11.190901326596446,8.718279127164953,1382.950522645152,3450.3729018544523,73,1.2263707803957138,1.6540644162110474
13.320000000053392,11.199862472960286,8.253000292721257,1242.5821176706904,2346.5219882866745,74,1.2346389336100019,1.6584740979253343
13.340000000053523,11.200076236250549,8.559130708448404,1340.1090590845406,2921.7770811966498,74,1.2430955011479505,1.6629842672789068
13.360000000053654,11.19908862156904,8.873766842135812,1444.362067895967,4287.511617037165,74,1.2515734407122412,1.6675058350465286
13.380000000053785,11.200511298003976,10.117782215819625,1882.8238393047568,6020.047074178239,74,1.260072736583266,1.6720387928444085
13.400000000053916,11.215852494416646,10.85544976362505,2173.2686807202795,6768.543880618568,74,1.2685933726570762,1.676583132083774
13.420000000054047,11.2420605644133,10.414620987900445,2005.7795877802585,6004.194813174148,74,1.2771353324481047,1.6811388439723225
13.440000000054178,11.271768714423969,9.06255916603832,1522.9169027565133,1895.1507203180724,74,1.2856985990919576,1.6857059195157107
13.46000000005431,11.294496332514328,13.544197081971836,3410.8214430581984,293.64543341550404,73,1.2942831553482568,1.6902843495190703
13.48000000005444,11.311641108301979,15.875698318772718,4698.895748115863,837.2836755445975,72,1.3028889836035327,1.6948741245885508
13.500000000054571,11.33224543478192,15.050549826504696,4234.59867486654,1097.0720438440758,73,1.311516065874173,1.6994752351328923
13.520000000054702,11.354661062995946,14.910640532185955,4167.515466065962,1057.216280737188,73,1.3201643838094086,1.704087671365018
13.540000000054834,11.38078042506812,14.39808590304915,3896.4663384239952,2114.9351427434976,72,1.328833918694349,1.7087114233036527
13.560000000054965,11.406546718965103,13.599397547835395,3485.597385744543,4183.926244526006,72,1.3375246514530479,1.713346480774959
13.580000000055096,11.427042210386768,12.332465662181276,2874.1793369157444,4582.311533422511,73,1.3462365626516102,1.717992833414192
13.600000000055227,11.448578009561801,11.215642406392,2383.6262546653375,4418.304540052296,73,1.3549696325013312,1.7226504706673766
13.620000000055358,11.472572506342242,10.581085087294616,2127.2853283801633,4062.0608538812166,73,1.3637238408618577,1.7273193817929908
13.640000000055489,11.496497285930184,9.905961912816974,1869.5357277744708,3296.1215282497888,73,1.3724991672443836,1.7319995558636712
13.66000000005562,11.511268501278236,10.519841915065872,2114.1396017719453,4890.341385108152,72,1.381295590814866,1.7366909817679286
13.68000000005575,11.512707526484606,9.538100927833561,1741.3067858989493,4286.082641582607,73,1.3875716052597304,1.7400381894718562
13.700000000055882,11.514659741378667,9.610773346936426,1768.3461366827787,3689.6123563938486,73,1.3883164804477524,1.7404354562388011
13.720000000056013,11.523161538144233,10.161631007972485,1976.866985676173,5750.140079046277,73,1.3883164804477524,1.7404354562388011
13.740000000056144,11.541866260085762,10.624451577937917,2161.0558342724735,6179.450799607906,71,1.388334043411438,1.740444823152767
13.760000000056275,11.56806139525634,10.061618091086551,1938.171330584322,3833.344854590748,73,1.3883608159473984,1.7404591018386124
13.780000000056406,11.595541274752083,9.697099227005802,1802.5316800478997,4947.720870241088,73,1.3924414491541748,1.7426354395488932
13.800000000056537,11.611467661420138,12.138686715299116,2832.8621758439963,4332.242819755236,74,1.402107038644021,1.7477904206101447
13.820000000056668,11.62867900968423,13.773188773213676,3657.89544352564,4360.965165424696,73,1.411781808854695,1.7529502980558374
13.840000000056799,11.650656109858259,13.984042338184521,3781.8601240726134,4765.5833319450885,73,1.4214659074196077,1.7581151506237909
13.86000000005693,11.677789736812683,13.476010897925004,3522.3938891554712,4323.517904024057,73,1.4311594798050522,1.7632850558960278
13.880000000057061,11.707523548632771,12.602201239349435,3089.447142802769,1956.4154526837879,72,1.4408626693079225,1.7684600902975587
13.900000000057192,11.73135811597784,13.521410517607888,3566.9928369356444,1188.8762493916952,74,1.4505756170548363,1.7736403290959126
13.920000000057323,11.749012326274286,12.092169401088517,2861.1100415715546,1417.1945142395782,74,1.4602984620025834,1.7788258464013778
13.940000000057454,11.764245987947731,11.141710568040084,2436.1013318420396,1650.2473348572105,73,1.4700313409398338,1.7840167151679114
13.960000000057585,11.777109231747747,10.571064300625489,2199.3389264184902,3041.4316778872603,73,1.4797743884900367,1.7892130071946863
13.980000000057716,11.77829053286819,10.78394640176649,2295.4665441157,5146.332863055559,73,1.489527737115452,1.794414793128241
14.000000000057847,11.77012494406765,9.485876900478445,1781.2668357422658,3692.7543294544002,74,1.499291517122238,1.7996221424651937
14.020000000057978,11.76519926821008,9.153607102768264,1663.469161711803,1779.071941851207,72,1.5090658566665582,1.8048351235554976
14.040000000058109,11.771573544173938,9.494052078415338,1794.6815117820558,719.7189286076729,73,1.5188508817616313,1.8100538036062033
14.06000000005824,11.791120501475005,9.7181274784674,1885.8236256870796,969.24088121234,73,1.5286467162856843,1.8152782486856984
14.080000000058371,11.819111116506617,9.27201518523806,1721.605614337522,2381.132945759685,73,1.5384534819907512,1.8205085237284007
14.100000000058502,11.845843280340878,8.87195931089532,1580.7813907972395,4082.4818465363232,73,1.5482712985122615,1.8257446925398728
14.120000000058633,11.854659356704412,12.184923093298252,2990.3600881425696,5029.068535813643,72,1.5581002833793904,1.8309868178023416
14.140000000058764,11.862425813751754,14.183996467350608,4063.6675028986756,4113.587913293792,71,1.5679405520261052,1.8362349610805895
14.160000000058895,11.87697117361088,14.697484739826047,4375.703568831768,4587.996198260289,72,1.5777922178028763,1.8414891828282007
14.180000000059026,11.898175123483353,14.882556377383091,4499.41195631038,4083.754005434043,72,1.5876553919890095,1.8467495423941385
14.200000000059157,11.924167904986973,14.11444023866703,4058.4926235552043,1551.4496902983583,73,1.5975301838055587,1.8520160980296314
14.220000000059288,11.945792881890076,15.072525526774262,4641.348788915897,741.6418254766878,73,1.60741670042878,1.8572889068953493
14.24000000005942,11.967618266232211,15.239625009231029,4758.317200699382,928.3633231630035,74,1.6173150470040978,1.862568025068852
14.26000000005955,11.990150267912748,14.435417929918904,4281.482974454312,1746.0739103181406,73,1.6272253266605397,1.867853507552288
14.280000000059681,12.011497422573267,13.417565389280208,3709.467907357294,3992.2123780736056,73,1.6371476405256107,1.8731454082803256
14.300000000059812,12.021820150275971,14.1223062853809,4120.995490598363,5768.827843303784,73,1.6470820877405834,1.8784437801283111
14.320000000059943,12.021664801894213,11.60440210706932,2790.3660768670666,5487.114367400274,72,1.6570287654761575,1.8837486749206174
14.340000000060074,12.021050480402442,10.723540748378907,2389.5431814356457,4999.374034202932,73,1.6669877689484753,1.889060143439187
14.360000000060205,12.029653849622022,10.696297009107393,2384.1099923527345,4639.1284892377835,73,1.676959191435456,1.8943782354322432
14.380000000060337,12.047806412893687,10.816752800982432,2444.9625037128712,4703.677748415279,73,1.686943124293431,1.8997029996231631
14.400000000060468,12.072082190652027,10.438379707227705,2283.2933301864086,4300.66439395013,73,1.696939656974044,1.9050344837194901
14.420000000060599,12.094850825922192,12.143811138702121,3098.9944973199317,4851.6811818567185,72,1.7069488770414067,1.9103727344220836
14.44000000006073,12.10718610569169,14.289406380333237,4302.565189708646,5789.075374938679,72,1.7167629911873525,1.9156069286332547
14.46000000006086,12.12349854229409,16.830162497176108,5975.051974542345,5923.373306099197,73,1.720618911488047,1.9176634194602917
14.480000000060992,12.152086923314737,18.240292964279725,7018.336414445556,5685.504074672883,71,1.720664396094004,1.9176876779168022
14.500000000061123,12.19509525802119,16.258858487258344,5577.170007881025,7058.953437179936,70,1.7211878378361742,1.9179668468459596
14.520000000061254,12.236644693217194,13.252673070714492,3716.2958833607536,4648.402192162637,74,1.7317156320090135,1.9235816704048072
14.540000000061385,12.261658072395292,14.959530252198016,4749.038967874107,1532.1497163686035,73,1.7422490175422611,1.9291994760225393
14.560000000061516,12.277120580521077,13.047556022886823,3623.1947276033798,414.76190791908357,72,1.7527881848762081,1.934820365267311
14.580000000061647,12.288619377779801,10.797964637644627,2488.729517214137,1248.5660272226403,73,1.7633333213286964,1.9404444380419714
14.600000000061778,12.268531487208168,9.555233388471223,1954.4930994902866,2090.8910476311703,73,1.773884611114544,1.9460717925944235
14.620000000061909,12.228466599064873,6.662033725525103,952.8399619258705,107.16884823084318,73,1.7844422353658764,1.9517025255284675
14.64000000006204,12.196078245543678,6.268323812500787,845.9819134465655,7.9727874174998625,74,1.7950063721532739,1.9573367318150794
14.66000000006217,12.180878579550923,6.820662956712125,1004.5244755432457,0.0,75,1.8055771965077023,1.9629745048041078
14.680000000062302,12.185767311879948,6.389211056755565,883.9916254612216,5.145929585052051,74,1.8161548804431573,1.9686159362363504
14.700000000062433,12.199933845971376,4.683204685089248,476.30326252818855,0.0,75,1.8267395929799692,1.9742611162559836
14.720000000062564,12.22438128537645,2.4972204986204694,135.81631596729662,0.0,75,1.8373315001687298,1.9799101334233224
14.740000000062695,12.221545944720855,5.179181477907415,585.8664528461429,4.10356296766249,75,1.8479307651147865,1.985563074727886
14.760000000062826,12.203706308689162,4.51751632440703,447.0039878831842,0.0,75,1.8585375480032544,1.9912200256017356
14.780000000062957,12.186226760105345,4.605992725509826,466.00586281115903,0.0,75,1.8691520061245137,1.9968810699330741
14.800000000063088,12.17738852615367,7.099443468420645,1110.2578683199995,0.0,75,1.8797742939001356,2.0025462900800726
14.820000000063219,12.185477459928858,10.923465891859792,2635.869904770547,6.023766697742365,74,1.8904045629092239,2.0082157668849194
14.84000000006335,12.195962051362562,15.860890579449451,5572.928588102616,9.041408809935241,74,1.9010429619150977,2.013889579688052
14.860000000063481,12.203649931993048,17.179998544200313,6556.882023817262,18.818349725154977,74,1.9116896368923162,2.0195678063425686
14.880000000063612,12.216037552597166,17.421347026032656,6761.3731057695095,0.0,75,1.9223447310539867,2.025250523228793
14.900000000063743,12.228886630056978,15.68096639363162,5493.320742402005,15.092031440064925,72,1.9330083848793358,2.0309378052689793
14.920000000063874,12.23119962099342,17.916263045053253,7191.171125884868,3573.036053036723,72,1.9436807361415112,2.0366297259421393
14.940000000064005,12.22664296954445,16.332028269494284,5990.0937812552,4198.173586316738,71,1.9529121543730568,2.041553148998964
14.960000000064136,12.220265638006639,13.197611625201816,3913.9838058378873,4136.465244810676,72,1.9553364512047382,2.0428461073091935
14.980000000064267,12.216417073869858,11.467086202804603,2959.877968205605,4299.908537238716,72,1.9618625222856578,2.046326678552351
15.000000000064398,12.229295772360722,9.89229871314348,2208.6366908928817,4078.002695669101,72,1.972143848816041,2.0518100527018888
15.02000000006453,12.248370897549309,9.586586951107039,2080.1501931970433,4201.671123402454,72,1.983115713581904,2.057661713910349
15.04000000006466,12.26276750104006,9.903321966916304,2226.190613266881,5012.078830943612,74,1.994092715253785,2.0635161148020185
15.060000000064791,12.285862897541358,14.892000126086314,5048.21218337452,8144.621030243102,74,2.0050750419771566,2.06937335572115
15.080000000064922,12.353023705812713,24.4522915890928,13648.935897474104,10820.861174915308,73,2.016062878517757,2.0752335352094704
15.100000000065053,12.457844069522434,28.847287922254182,19049.99800747242,9519.291542765734,74,2.0270564062949337,2.0810967500239643
15.120000000065184,12.538646005051481,26.487842856050833,16106.479971417884,2251.5406656360265,73,2.038055803415321,2.0869630951548377
15.140000000065315,12.60945643501405,27.826944096595312,17826.177277477895,502.10540853266747,74,2.0490612447068046,2.0928326638436294
15.160000000065446,12.67278834651445,28.3619777115759,18570.227253401026,1456.4048374705847,72,2.060072901752738,2.0987055476014604
15.180000000065577,12.709086336077283,22.292909889754362,11505.14308399773,1549.5187721549496,73,2.0710909429263755,2.1045818362274002
15.200000000065709,12.731541106400304,16.658236010218932,6442.110426328422,1511.0842096208173,72,2.0821155334254913,2.1104616178269286
15.22000000006584,12.742031314091598,9.998672752421061,2327.3615566980347,1321.4831512476858,71,2.093146835307151,2.1163449788304804
15.24000000006597,12.733802518773688,7.467169630729851,1301.6462562777738,1152.129363533301,70,2.1041428092716497,2.122209498278213
15.260000000066102,12.726683504009156,6.344169165481455,940.345017029016,1257.8945750563676,72,2.1074130722292623,2.1239536385222735
15.280000000066233,12.730212188849555,5.798141221405443,786.5846415906665,1794.7181569665254,73,2.113195795806768,2.1270377577636097
15.300000000066364,12.740117973124072,4.488640943508887,471.9818911213285,2025.2052788757226,72,2.118044864111638,2.129623927526207
15.320000000066495,12.749083772136014,4.794338222166309,539.034401180741,889.2634994578212,72,2.1223091020498557,2.131898187759923
15.340000000066626,12.720752604645707,4.99581616495547,586.6596595077251,219.2428626565715,73,2.1316546914645147,2.136882502114408
15.360000000066757,12.636863383244307,4.741743829079381,529.6603605200249,118.52531415852063,73,2.1404098808942877,2.1415519364769535
15.380000000066888,12.560447502611925,3.8951310905690386,358.44408809019404,20.628302642551464,74,2.1520391514540083,2.1477542141088044
15.400000000067019,12.51777000276803,2.8265126831783935,189.29160649367358,31.695870280818585,74,2.1636671954535864,2.1539558375752463
15.42000000006715,12.484339724242258,2.008287816149191,95.83626950877766,2.868503140627434,75,2.175294293292749,2.1601569564227994
15.44000000006728,12.4656252029333,3.414803244283793,277.8780397411705,0.0,75,2.1869207206546304,2.1663577176824695
15.460000000067412,12.455193531537335,6.478212999151214,1002.9391032699848,30.729541644484456,74,2.1985467485503474,2.1725582658935183
15.480000000067543,12.489048621955458,11.387677652767403,3107.9366545015973,0.0,75,2.2101726433641873,2.178758743127567
15.500000000067674,12.559776459576359,19.223086191447408,8881.416989949961,27.005986025329157,73,2.221798666899375,2.1849592890130003
15.520000000067805,12.63845660415266,19.75014706203732,9401.72300964991,3.1463092160359043,75,2.2334250764243344,2.191160040759645
15.540000000067936,12.741649197440337,21.39511367389891,11064.284136735347,51.18940337992148,73,2.2450521247194004,2.19736113318368
15.560000000068067,12.769361563088715,24.983821462729683,15129.892166589167,280.7236495766619,74,2.256680060123923,2.203562698732759
15.580000000068198,12.756999334112315,21.40255019377332,11132.853190310478,1580.4597604910057,73,2.2677051140511404,2.2094427274939417
15.600000000068329,12.716746845564659,12.556003422288198,3838.8611868301086,1865.0760006769028,72,2.2755738392782643,2.2136393809484076
15.62000000006846,12.616899125477897,8.689021399292217,1843.1579169568554,314.8744001825248,70,2.286303572828059,2.219361905508298
15.640000000068591,12.552637626842253,9.176648399979596,2061.6247743074177,213.12527741317894,74,2.2980157800493126,2.2256084160263
15.660000000068722,12.542737554252028,11.336206940308386,3154.975143170951,183.08126951992767,74,2.309744992052736,2.231863995761459
15.680000000068853,12.567896581319886,10.659521366135106,2797.379894595015,144.08989114897332,72,2.3214748745485796,2.238119933092576
15.700000000068984,12.592256618939047,8.894092673510695,1952.9524584142005,195.44273617057266,72,2.3332056722611982,2.2443763585393057
15.720000000069115,12.604724619278231,8.068990354072062,1611.8916199079238,324.06890259227833,74,2.3449376255025167,2.2506334002680086
15.740000000069246,12.589108104279376,8.305273916667,1712.4236859145442,2950.494842066886,73,2.3566709702228126,2.2568911841188335
15.760000000069377,12.520337971023345,8.817893554266455,1935.6895108207666,4880.701185349662,72,2.3684059380615774,2.2631498336328413
15.780000000069508,12.446396427811058,7.269817332183165,1319.327287606728,2006.3303788698604,72,2.380142756398434,2.2694094700791645
15.80000000006964,12.367093741488121,5.973493111936207,893.2206287679135,1076.3616287148598,72,2.3918816484040835,2.275670212482178
15.82000000006977,12.285686287067456,5.786222394435025,840.3992597542277,1948.1449118100036,73,2.4036228330912355,2.2819321776486587
15.840000000069901,12.231105141123363,8.023490433263728,1620.3636307246497,4233.771603022868,73,2.415366525365472,2.2881954801949185
15.860000000070032,12.225102764379786,19.372793815707197,9472.34991261796,4134.726082826254,73,2.4271129360760617,2.2944602325738996
15.880000000070163,12.269157739050303,27.727399107522643,19456.887653512487,2289.2752883502535,71,2.4388365994346914,2.3007128530318353
15.900000000070294,12.32564507955181,24.211032109362918,14866.852260452371,6460.4926878644,72,2.448156975057557,2.305683720030697
15.920000000070425,12.378826163216665,22.749701083390477,13135.187172125121,4803.318793495942,67,2.45106921114406,2.3072369126101653
15.940000000070556,12.41237410253807,23.098622178633846,13546.060834648639,7983.932746909427,69,2.4526233774149806,2.3080658012879898
15.960000000070687,12.40980213411809,16.511404560813197,6941.07454236813,1505.4961328699173,67,2.4647754451737294,2.314546904092656
15.980000000070818,12.352362784709227,8.298027248014046,1757.8876495543682,4272.009136864055,67,2.476610226181601,2.320858787296854
16.000000000070948,12.240381407953702,3.9055779014146985,390.4074443302247,5464.005729275853,68,2.4877072105791362,2.326777178975539
16.02000000007019,12.12782300374175,2.392033208162137,146.4643211055711,5217.174671062848,66,2.488209042145363,2.327044822477527
16.040000000069433,12.06121492805009,0.7638706134581041,14.936251491493852,6171.8343021166165,66,2.4882550381625084,2.327069353686671
16.060000000068676,12.028619395238952,0.739212124132905,13.98750241637996,6004.970608189243,68,2.4882550381625084,2.327069353686671
16.08000000006792,12.040508259709965,1.4025204744905222,50.352429706203374,4575.656433182882,66,2.4882550381625084,2.327069353686671
16.100000000067162,12.071122460179154,4.574549194438012,535.6715936361585,9098.008544717883,64,2.4882550381625084,2.327069353686671
16.120000000066405,12.119741458762409,4.989690031001898,637.3076717716112,11013.471873490324,62,2.4882550381625084,2.327069353686671
16.140000000065648,12.177685261055084,7.0064167251852645,1256.5909889462414,19024.960499728637,62,2.4882550381625084,2.327069353686671
16.16000000006489,12.117376023977295,7.459590239798597,1424.3999705262684,15280.126278180061,59,2.4882550381625084,2.327069353686671
16.180000000064133,12.024382232054327,5.234765626446519,701.4496387957118,8296.55391545509,60,2.4882550381625084,2.327069353686671
16.200000000063376,11.963386123186165,3.0562238015589647,239.09600475595025,5812.72135732761,60,2.4882550381625084,2.327069353686671
16.22000000006262,11.905708777687913,2.856804798263505,208.911883781146,6838.128826966332,59,2.4882550381625084,2.327069353686671
16.240000000061862,11.824283743314918,5.021595210167586,645.4839005543828,8219.759885094694,60,2.4882550381625084,2.327069353686671
16.260000000061105,11.777920342449345,8.901057226293563,2028.0805419501753,10555.848844159762,61,2.4882550381625084,2.327069353686671
16.280000000060348,11.77124281179437,20.73388275390464,11004.546989073267,10565.945024327642,61,2.488344259841657,2.3271169385822175
16.30000000005959,11.79910170052211,23.082089395798747,13639.321243542856,10408.79258986385,67,2.488662041778568,2.3272864222819027
16.320000000058833,11.850975886192279,20.920547369429073,11204.400069991269,8371.091561657315,62,2.488662041778568,2.3272864222819027
16.340000000058076,11.907105555725034,19.032677355412563,9273.470437374264,6852.899468521827,60,2.488662041778568,2.3272864222819027
16.36000000005732,11.957205851612532,21.40483825837218,11729.146802826232,6351.10620219895,60,2.488662041778568,2.3272864222819027
16.38000000005656,11.989948239027282,14.59235849604255,5451.217395716626,5662.520768660691,59,2.488662041778568,2.3272864222819027
16.400000000055805,12.007186924945515,8.638500103525738,1910.377553080937,6771.114649279592,57,2.488662041778568,2.3272864222819027
16.420000000055047,12.021180942789186,7.705914607531214,1520.1656159020179,5999.390833951008,57,2.488662041778568,2.3272864222819027
16.44000000005429,12.042337993518462,6.715385840887962,1154.4748125479452,3859.9076846993134,52,2.488662041778568,2.3272864222819027
16.460000000053533,12.05714223706249,6.466293241940578,1070.4177751594352,4391.390867171164,50,2.488662041778568,2.3272864222819027
16.480000000052776,12.083516435747125,8.517908891999959,1857.413090466681,7609.840169670573,53,2.488662041778568,2.3272864222819027
16.50000000005202,12.18046089528095,20.126454007339394,10369.959285720775,10910.572911412337,56,2.488662041778568,2.3272864222819027
16.52000000005126,12.305852644347697,26.990056299267525,18648.76609876645,13101.209036198457,58,2.488662041778568,2.3272864222819027
16.540000000050505,12.379827735816704,30.804415607197598,24292.290684011714,10477.747921654242,57,2.488662041778568,2.3272864222819027
16.560000000049747,12.464489476207286,36.57544816169815,34246.9447781678,7635.222578379379,54,2.488662041778568,2.3272864222819027
16.58000000004899,12.503712419940948,36.69077299090264,34463.25106071727,4777.403216938309,52,2.488662041778568,2.3272864222819027
16.600000000048233,12.531578877597626,31.07081030906156,24714.26391556453,7802.308454977757,53,2.488662041778568,2.3272864222819027
16.620000000047476,12.551702894620483,28.94091187792989,21442.081513126595,5700.730033427604,58,2.488662041778568,2.3272864222819027
16.64000000004672,12.571540388489534,26.027786153321426,17342.71074617021,5764.545554611109,56,2.488662041778568,2.3272864222819027
16.66000000004596,12.592629952523515,24.756143894183815,15689.478834404015,4318.321111607774,53,2.488662041778568,2.3272864222819027
16.680000000045204,12.616431413006769,20.966607197014852,11253.790827638306,3202.828730416446,50,2.488662041778568,2.3272864222819027
16.700000000044447,12.663046906875712,20.75410002835343,11026.82118823088,3682.383460666053,47,2.488662041778568,2.3272864222819027
16.72000000004369,12.735215954355867,18.109890682580748,8396.033804490273,3066.953291417039,44,2.488662041778568,2.3272864222819027
16.740000000042933,12.821609440973768,13.791913984477231,4869.581073936394,4274.0201544459915,43,2.488662041778568,2.3272864222819027
16.760000000042176,12.969903000184068,14.54561497077655,5416.349693603226,7169.736386677888,45,2.488662041778568,2.3272864222819027
16.78000000004142,13.033260405942766,13.569175282818454,4713.564194265079,6766.034411793531,48,2.488662041778568,2.3272864222819027
16.80000000004066,13.030021968363329,10.077710430199108,2599.9576359363014,6167.98184095177,45,2.488662041778568,2.3272864222819027
16.820000000039904,13.02169103292176,8.585511585217604,1887.0129392080037,5122.748677025948,43,2.488662041778568,2.3272864222819027
16.840000000039147,13.024413434036763,6.588295410961569,1111.19083125217,3404.1614990602416,45,2.488662041778568,2.3272864222819027
16.86000000003839,13.026869043934045,5.195272150823746,690.969895700527,3569.3660253269477,56,2.488662041778568,2.3272864222819027
16.880000000037633,13.053156253608512,6.150899072500827,968.5448200827176,3744.1122550494233,52,2.488662041778568,2.3272864222819027
16.900000000036876,13.105151251094671,6.418303380198021,1054.5884337421192,2825.3542344181747,46,2.488662041778568,2.3272864222819027
16.92000000003612,13.192071800500818,4.841267394404727,600.0130023939236,2941.7083774813937,47,2.488662041778568,2.3272864222819027
16.94000000003536,13.26129756148486,3.282759463440946,275.88027161555453,2537.252301429811,49,2.488662041778568,2.3272864222819027
16.960000000034604,13.317125055917257,3.015720154657983,232.82231216310743,2304.0419394841538,43,2.488662041778568,2.3272864222819027
16.980000000033847,13.30967238505742,2.9475156343822446,222.41022820395216,1416.5195687340422,40,2.488662041778568,2.3272864222819027
17.00000000003309,13.26524487460198,2.2598570824827804,130.73879258874396,1382.2478050211691,39,2.488662041778568,2.3272864222819027
17.020000000032333,13.160185257936089,1.5712855986016887,63.20519580222986,3835.2492900826583,46,2.488662041778568,2.3272864222819027
17.040000000031576,13.061136398218443,2.9411467642041003,221.45011691984763,4510.83747493092,44,2.488662041778568,2.3272864222819027
17.06000000003082,12.962531704516461,5.443359943771637,758.5367510624837,5680.728094177576,44,2.488662041778568,2.3272864222819027
17.08000000003006,12.947657772566803,6.594010940658258,1113.1196455059962,5888.475088937324,43,2.488662041778568,2.3272864222819027
17.100000000029304,12.959260840715249,6.3127507854489755,1020.187058798353,5726.583363293567,49,2.488662041778568,2.3272864222819027
17.120000000028547,12.956002568038729,3.280903710226541,275.56844798137615,5473.144272591713,46,2.488662041778568,2.3272864222819027
17.14000000002779,12.950852528831168,2.1447902209378693,117.76389533717503,5071.871046187268,46,2.488662041778568,2.3272864222819027
17.160000000027033,12.88321830745252,2.1573106144305028,119.1428217312993,5250.763263608099,42,2.488662041778568,2.3272864222819027
17.180000000026276,12.592621541582085,1.945872400825325,96.9329070530518,6104.149319608712,38,2.488662041778568,2.3272864222819027
17.20000000002552,12.257734766972531,0.6374423778001699,10.402180508441093,7073.651492863749,40,2.488662041778568,2.3272864222819027
17.22000000002476,12.038849003833102,-0.8225589521267695,17.321144607893395,8794.995396999358,40,2.488662041778568,2.3272864222819027
17.240000000024004,11.828775436954507,-3.328767994987651,283.6674961826473,13825.889229122473,39,2.488662041778568,2.3272864222819027
17.260000000023247,11.775824596089942,-7.087246580372822,1285.8716074921902,19648.53194043209,33,2.488662041778568,2.3272864222819027
17.28000000002249,11.882198617887497,33.28821428254374,28367.66030970728,30960.255573848437,30,2.488662041778568,2.3272864222819027
17.300000000021733,12.020470506828069,41.56195430556473,44221.59899361664,18091.687413848875,42,2.488662041778568,2.3272864222819027
17.320000000020976,12.108833572663391,33.1275477966792,28094.486552463808,7562.173777242591,45,2.488662041778568,2.3272864222819027
17.34000000002022,12.13702901101133,19.710255563396444,9945.509388728762,8830.552634392954,45,2.488662041778568,2.3272864222819027
17.36000000001946,12.100961682850924,8.723198421274109,1948.0227450581667,6175.440891723314,32,2.488662041778568,2.3272864222819027
17.380000000018704,12.028906227006331,2.7781604690567536,197.58645785617986,1884.7230893344981,37,2.488662041778568,2.3272864222819027
17.400000000017947,11.941818163311943,1.149941321149112,33.852744285221064,3685.245890804671,33,2.488662041778568,2.3272864222819027
17.42000000001719,11.829756278120147,-1.7092614435305515,74.79275198882061,2867.179924687533,32,2.488662041778568,2.3272864222819027
17.440000000016433,11.670887849553804,-5.409181021654963,749.0409344818864,5034.035159945406,28,2.488662041778568,2.3272864222819027
17.460000000015675,11.53351745166657,-9.414910301740635,2269.2110746019325,8124.629148832124,33,2.488662041778568,2.3272864222819027
17.48000000001492,11.42737186415052,-17.85517739524002,8161.516438043446,26239.556508949234,29,2.488662041778568,2.3272864222819027
17.50000000001416,11.41437378617442,36.93460135311836,34922.82379885311,43358.83801097533,28,2.488662041778568,2.3272864222819027
17.520000000013404,11.502552270597338,52.64446311277037,70949.26861243777,19632.217806678753,44,2.488662041778568,2.3272864222819027
17.540000000012647,11.61000507245328,40.643325067568036,42288.373584839035,14426.452278899464,47,2.488662041778568,2.3272864222819027
17.56000000001189,11.681639041853547,29.521529798799634,22311.061764859296,12928.311832233234,38,2.488662041778568,2.3272864222819027
17.580000000011132,11.71147802374346,21.400207343247477,11724.072173717268,10377.103507196183,41,2.488662041778568,2.3272864222819027
17.600000000010375,11.702554507532955,12.491151532333383,3994.362490039452,10085.577592580301,44,2.488662041778568,2.3272864222819027
17.620000000009618,11.698015983442291,9.47623539259074,2298.868880509233,7852.64074899982,37,2.488662041778568,2.3272864222819027
17.64000000000886,11.686542755873239,7.844835528875371,1575.4702494798107,3143.3233386828333,33,2.488662041778568,2.3272864222819027
17.660000000008104,11.68405266852692,6.32566510776618,1024.3654277425815,1951.3437170818374,31,2.488662041778568,2.3272864222819027
17.680000000007347,11.713164743513062,5.822923795227181,868.0100108798925,2232.7804761847583,29,2.488662041778568,2.3272864222819027
17.70000000000659,11.785394547993418,6.658403519251934,1134.9657168355116,2295.407693873728,35,2.488662041778568,2.3272864222819027
17.720000000005832,11.868426600765543,8.888380252777923,2022.496471520729,3584.730248232769,39,2.488662041778568,2.3272864222819027
17.740000000005075,11.949917490732165,22.07903828517987,12479.662085986103,6462.434738918622,35,2.488662041778568,2.3272864222819027
17.760000000004318,12.026923041418375,36.822696066711664,34711.52446924968,8941.068675598946,45,2.488662041778568,2.3272864222819027
17.78000000000356,12.082641776379521,40.728298254374806,42465.383423882675,9278.94489150794,47,2.488662041778568,2.3272864222819027
17.800000000002804,12.145489773872578,39.64887640471605,40244.29186313533,8108.999561149393,48,2.488662041778568,2.3272864222819027
17.820000000002047,12.212389151843452,33.93657092900447,29483.45916491919,5119.869870880393,53,2.488662041778568,2.3272864222819027
17.84000000000129,12.265700799693692,29.433649206309113,22178.426973193953,6085.565070836902,57,2.488662041778568,2.3272864222819027
17.860000000000532,12.332139131161119,20.382008754797663,10634.975372478617,4164.902834358272,52,2.488662041778568,2.3272864222819027
17.879999999999775,12.395915715352666,16.450310007806387,6927.884140554994,3730.4132664103536,53,2.488761733886449,2.327339591406106
17.899999999999018,12.425727309037084,7.951368077711829,1618.587412050421,1179.5910218396907,51,2.488761733886449,2.327339591406106
17.91999999999826,12.427263758957846,4.477075376197141,513.146363079831,795.6025220860488,51,2.488761733886449,2.327339591406106
17.939999999997504,12.414962765413566,2.7004058501106942,186.6854723828924,830.1014252754125,49,2.488761733886449,2.327339591406106
17.959999999996747,12.39764098197125,1.274196626388339,41.56476644289654,289.58727177529846,60,2.488761733886449,2.327339591406106
17.97999999999599,12.386378707825271,1.7550874645525807,78.85876501171066,676.875329344686,59,2.488761733886449,2.327339591406106
17.999999999995232,12.354908063415698,2.809278264027771,202.0421403790929,2096.8621759632892,50,2.488761733886449,2.327339591406106
18.019999999994475,12.35648362740371,7.34801436401049,1382.2685787772768,5880.022752858723,44,2.488761733886449,2.327339591406106
18.039999999993718,12.373671581080611,9.78013230563689,2448.7356424680684,7823.101384528767,48,2.488761733886449,2.327339591406106
18.05999999999296,12.388877949472345,9.21834811659755,2175.4978169096353,6973.486393423414,49,2.488761733886449,2.327339591406106
18.079999999992204,12.385223444689524,6.663298244669748,1136.6609696409068,4870.9954667650945,50,2.488761733886449,2.327339591406106
18.099999999991446,12.366343377388423,4.8992322910657125,614.4810662237071,1377.986152225504,49,2.488761733886449,2.327339591406106
18.11999999999069,12.335932391279565,3.142228887861841,252.7714831115985,1114.741679698811,50,2.488761733886449,2.327339591406106
18.139999999989932,12.28601449569114,3.630729752673409,337.4739781249598,1235.8319461587887,40,2.488761733886449,2.327339591406106
18.159999999989175,12.237829990200792,3.06740030136736,240.8759023162115,1710.0189369398909,36,2.488761733886449,2.327339591406106
18.179999999988418,12.161333177637067,1.8140493946906313,84.24626566641813,656.1001155316056,36,2.488761733886449,2.327339591406106
18.19999999998766,12.100777070410269,1.2331139734401169,38.92771221782859,533.7900660545281,53,2.488761733886449,2.327339591406106
18.219999999986904,12.069062309321604,1.4268230193924514,52.11858993353544,1795.812702695266,56,2.488761733886449,2.327339591406106
18.239999999986146,12.067391995316497,1.881966977268667,90.67267742340749,3431.760909905958,52,2.488761733886449,2.327339591406106
18.25999999998539,12.08324391463658,7.075239875990802,1281.547712834323,13109.672055372095,41,2.488761733886449,2.327339591406106
18.279999999984632,12.091225699182864,19.15063925163389,9388.992528314862,20495.808474414225,35,2.488761733886449,2.327339591406106
18.299999999983875,12.078659283187676,24.041979153522387,14797.654231919456,15706.263467934032,41,2.488761733886449,2.327339591406106
18.319999999983118,12.083065441311668,18.692538742822098,8945.178712792982,10695.306281635425,47,2.488761733886449,2.327339591406106
18.33999999998236,12.10002730909489,18.064639539739165,8354.318781921074,7569.19854863718,50,2.488761733886449,2.327339591406106
18.359999999981603,12.0985926631015,13.852431589027946,4912.5215758165095,6116.360125526213,49,2.488761733886449,2.327339591406106
18.379999999980846,12.104567804694078,11.029398061775344,3114.268585581158,4308.215938045291,41,2.488761733886449,2.327339591406106
18.39999999998009,12.117686411744307,10.22447315532344,2676.2970830127697,2640.0831869713516,35,2.488761733886449,2.327339591406106
18.419999999979332,12.131376698885877,9.617950719541316,2368.1954246298683,5033.350792353261,34,2.488761733886449,2.327339591406106
18.439999999978575,12.169573557603012,10.60447373015663,2878.927206362316,6240.289074201447,33,2.488761733886449,2.327339591406106
18.459999999977818,12.24946675131506,11.777369176312106,3550.9864920414598,6688.833322778239,34,2.488761733886449,2.327339591406106
18.47999999997706,12.332978054582696,15.88883180697386,6463.03307248699,10647.375219842967,34,2.488761733886449,2.327339591406106
18.499999999976303,12.367073859305473,25.767162898105536,16997.523442144022,12733.260372587003,30,2.488761733886449,2.327339591406106
18.519999999975546,12.36232363602558,23.10261704892504,13663.903973443234,8817.261972163633,31,2.488761733886449,2.327339591406106
18.53999999997479,12.357057450334393,17.288543554067314,7651.899536433155,8709.75860916066,35,2.488761733886449,2.327339591406106
18.559999999974032,12.321473681894759,10.635033684550908,2895.5440902385417,8080.780421762323,40,2.488761733886449,2.327339591406106
18.579999999973275,12.265997079750328,7.648686812347267,1497.704723648763,4451.622945065669,44,2.488761733886449,2.327339591406106
18.599999999972518,12.222998092618171,3.521425742975618,317.46036573113287,978.4165336343679,58,2.488761733886449,2.327339591406106
18.61999999997176,12.172969686776272,2.787412883984685,198.90928163177168,3864.9995662240403,51,2.488761733886449,2.327339591406106
18.639999999971003,12.120879590439573,2.609349323643604,174.3078274946004,6093.87399541058,53,2.488761733886449,2.327339591406106
18.659999999970246,12.076756446615413,1.2571742227252392,40.461630329739734,6840.956544973926,49,2.488761733886449,2.327339591406106
18.67999999996949,12.015813632926523,-0.3891540613113875,3.8769980015374865,6414.679478360114,52,2.488761733886449,2.327339591406106
18.699999999968732,11.94301151430134,0.1765823357764463,0.7982647595238959,9601.893465336077,54,2.488761733886449,2.327339591406106
18.719999999967975,11.897740685255897,0.3809924158089366,3.7160804175991617,14682.689282451596,53,2.488761733886449,2.327339591406106
18.739999999967218,11.8657360438651,5.625973798312577,810.3037581010727,20217.673960271277,45,2.488761733886449,2.327339591406106
18.75999999996646,11.882312581825339,28.61203401053063,20958.003470066134,22288.506249858852,47,2.488761733886449,2.327339591406106
18.779999999965703,11.95593637456065,35.15346897686995,31636.528269288057,14677.781618038722,52,2.488761733886449,2.327339591406106
18.799999999964946,12.025636677390812,33.867346857568116,29363.97151187227,9186.901346986015,52,2.488761733886449,2.327339591406106
18.81999999996419,12.071509263466336,27.276342455066434,19046.917973014548,8314.784112602323,52,2.488761733886449,2.327339591406106
18.83999999996343,12.114389189150229,18.78306976615019,9032.0344609631,5556.780005968192,52,2.488761733886449,2.327339591406106
18.859999999962675,12.147852978886116,14.240597604651597,5191.691432074608,5981.843615130259,47,2.488761733886449,2.327339591406106
18.879999999961917,12.17272488262822,7.649135332135982,1497.8803799198174,3790.9929689084424,42,2.488761733886449,2.327339591406106
18.89999999996116,12.171646124571579,3.4211945682094465,299.64565897967105,1447.674846550326,47,2.488761733886449,2.327339591406106
18.919999999960403,12.168964078532122,3.0419644114979674,236.8976215437593,1094.5241523606871,50,2.488761733886449,2.327339591406106
18.939999999959646,12.156415357274748,1.8975169868402277,92.1772585523348,3342.684911608526,48,2.488761733886449,2.327339591406106
18.95999999995889,12.17425705368423,1.615804288469078,66.83900184001467,8837.390473809783,48,2.488761733886449,2.327339591406106
18.97999999995813,12.223618272660534,3.3318300490126336,284.1961066863621,16128.644590209471,49,2.488761733886449,2.327339591406106
18.999999999957375,12.242844805271506,6.4827071493918025,1075.8835047893704,18269.45774332687,45,2.488761733886449,2.327339591406106
19.019999999956617,12.197803735148879,12.919088438775571,4272.835617831743,16897.35759937334,48,2.488761733886449,2.327339591406106
19.03999999995586,12.105840224457387,12.022889768025351,3700.5832036024926,13390.212311548356,49,2.488761733886449,2.327339591406106
19.059999999955103,12.0778742896492,13.606180649938917,4739.416850864402,12386.708259901696,49,2.488761733886449,2.327339591406106
19.079999999954346,12.08075711111847,16.28445847766035,6788.894894491199,9695.93361518364,49,2.488761733886449,2.327339591406106
19.09999999995359,12.091456120780693,15.924870914038204,6492.385274196523,10593.778648465124,50,2.488761733886449,2.327339591406106
19.11999999995283,12.108649360954244,12.170372683221856,3791.9290055395654,8071.451969253709,52,2.488761733886449,2.327339591406106
19.139999999952074,12.124003374252426,10.760783526633624,2964.423397400928,5852.279851794293,43,2.488761733886449,2.327339591406106
19.159999999951317,12.115715440189394,11.706209116521059,3508.205286356644,3903.257411031851,40,2.488761733886449,2.327339591406106
19.17999999995056,12.105602977418098,9.863359483672047,2490.5895780682004,3309.361412233905,32,2.488761733886449,2.327339591406106
19.199999999949803,12.105530467554818,9.291245255366128,2210.0407970771134,4200.419938599648,29,2.488761733886449,2.327339591406106
19.219999999949046,12.10640477428416,10.181317138565868,2653.7522400290686,5211.417349270676,33,2.488761733886449,2.327339591406106
19.23999999994829,12.104895273521876,14.978091623585188,5743.351659994746,7707.342094081769,40,2.488761733886449,2.327339591406106
19.25999999994753,12.124397581193817,22.391332766983126,12835.486408580908,8855.323483415039,44,2.488761733886449,2.327339591406106
19.279999999946774,12.163548553299782,23.39915682773227,14016.928534720266,7398.6837977204195,45,2.488761733886449,2.327339591406106
19.299999999946017,12.229712423987023,24.08768960331704,14853.976587520641,7622.986623234678,45,2.488761733886449,2.327339591406106
19.31999999994526,12.26358748082818,24.890196209531425,15860.21546585416,8042.878377417145,43,2.488761733886449,2.327339591406106
19.339999999944503,12.298106891369436,23.790556941010998,14489.775638005598,6176.665632795818,43,2.488761733886449,2.327339591406106
19.359999999943746,12.335212091644975,22.097676729759396,12501.026464136721,5659.265739743374,46,2.488761733886449,2.327339591406106
19.37999999994299,12.378697923033577,21.611274198392913,11956.751131188737,4577.721377062617,43,2.488761733886449,2.327339591406106
19.39999999994223,12.420651864287422,18.821855706389528,9069.374218966317,3455.018257626795,40,2.488761733886449,2.327339591406106
19.419999999941474,12.475189250905748,15.058779682032707,5805.398033361874,2074.9762144604,35,2.488761733886449,2.327339591406106
19.439999999940717,12.52514721156382,11.70097605361057,3505.069419686292,1988.7778257723774,35,2.488761733886449,2.327339591406106
19.45999999993996,12.556566042602727,10.677312499279248,2918.611907808388,4245.175392810091,36,2.488761733886449,2.327339591406106
19.479999999939203,12.589422024066021,11.735542737585993,3525.809157642603,6027.28419180563,37,2.488761733886449,2.327339591406106
19.499999999938446,12.622095704118518,14.338481773041094,5263.3079387131,6931.813543288097,38,2.488761733886449,2.327339591406106
19.51999999993769,12.644269806944592,17.024536005504345,7419.984725888721,6708.578068820821,38,2.488761733886449,2.327339591406106
19.53999999993693,12.640965139478235,15.24003099085718,5945.989569247906,6970.807193905012,41,2.488761733886449,2.327339591406106
19.559999999936174,12.64374576547083,15.153049717843777,5878.310726262879,7149.192510727841,38,2.488761733886449,2.327339591406106
19.579999999935417,12.649966276886644,12.292269195373402,3868.26811326034,5839.526282007554,42,2.488761733886449,2.327339591406106
19.59999999993466,12.657047819867605,9.60351457260111,2361.091632766441,4203.200043526113,47,2.488761733886449,2.327339591406106
19.619999999933903,12.661374588768513,7.97999376367605,1630.2625291978466,3332.003084216323,41,2.488761733886449,2.327339591406106
19.639999999933146,12.658345421394344,5.292627801479646,717.1254744641273,680.9639491803023,49,2.488761733886449,2.327339591406106
19.65999999993239,12.658661340615307,4.527919125906892,524.8676006063356,1055.0129091884141,42,2.488761733886449,2.327339591406106
19.67999999993163,12.669589031139784,4.177186973684902,446.70444369068065,1128.29499588354,39,2.488761733886449,2.327339591406106
19.699999999930874,12.69643446199106,3.3816584654574013,292.760128767793,877.2833210231686,41,2.488761733886449,2.327339591406106
19.719999999930117,12.74281359576234,2.0538983586007498,107.99666349573513,5418.430436222275,44,2.488761733886449,2.327339591406106
19.73999999992936,12.764465300603083,2.665082234303525,181.83340492706697,7525.347415084967,42,2.488761733886449,2.327339591406106
19.759999999928603,12.774724828657979,5.173644713645387,685.2446373299501,12679.974867164872,34,2.488761733886449,2.327339591406106
19.779999999927846,12.778803464829501,8.24686967246843,1741.128022862708,14000.248511967411,33,2.488761733886449,2.327339591406106
19.79999999992709,12.770581103161627,9.700369305513377,2408.956624360714,12541.956468716427,35,2.488761733886449,2.327339591406106
19.81999999992633,12.753947988631392,10.865040276309852,3022.1437910279783,13624.241631772897,48,2.488761733886449,2.327339591406106
19.839999999925574,12.726765139647412,11.277766151255657,3256.1065871538844,12230.694464577076,46,2.488761733886449,2.327339591406106
19.859999999924817,12.709784834758498,10.919560280166206,3052.5496951477658,9943.269885528185,42,2.488761733886449,2.327339591406106
19.87999999992406,12.699042841870703,9.385046480603148,2254.8896772005996,8118.696974090335,48,2.488761733886449,2.327339591406106
19.899999999923303,12.6865873597393,7.5510500942818854,1459.711889988364,6328.774331162284,47,2.488761733886449,2.327339591406106
19.919999999922545,12.649495611846094,9.119183553634581,2128.944586606198,6392.913102976737,44,2.488761733886449,2.327339591406106
19.93999999992179,12.604607522618554,10.063225384855421,2592.5482152869895,5902.502210922134,43,2.488761733886449,2.327339591406106
19.95999999992103,12.56614181808438,10.594880959200326,2873.7210266082316,8505.86505557322,43,2.488761733886449,2.327339591406106
19.979999999920274,12.54730648539539,13.060674997280305,4367.004986873601,11141.396639267174,43,2.488761733886449,2.327339591406106
19.999999999919517,12.558987711451657,14.292197566479082,5229.3831681793345,12757.657037653504,40,2.488761733886449,2.327339591406106
20.01999999991876,12.588862091382063,20.55039809077463,10811.67347707809,13161.00652723524,40,2.488761733886449,2.327339591406106
20.039999999918003,12.611478830916932,23.81807558392528,14523.315800536799,8972.268726543234,44,2.488761733886449,2.327339591406106
20.059999999917245,12.632525474571935,22.792464268446906,13299.49063463033,7598.815677778357,46,2.488761733886449,2.327339591406106
20.079999999916488,12.664353457535613,20.6637549965149,10931.277780279634,7154.837713402766,45,2.488761733886449,2.327339591406106
20.09999999991573,12.704130121923608,18.561677900554592,8820.372102016925,6667.031110811762,46,2.488761733886449,2.327339591406106
20.119999999914974,12.747301759187193,15.710721319851569,6318.94671081964,5853.655142020539,44,2.488761733886449,2.327339591406106
20.139999999914217,12.77779745403147,15.406671907064947,6076.732388501609,5846.978738771635,40,2.488761733886449,2.327339591406106
20.15999999991346,12.80668324267755,14.375953720715087,5290.853967208899,4952.493783704203,42,2.488761733886449,2.327339591406106
20.179999999912702,12.834248816453318,12.886430157391583,4251.2602424524175,5369.121767663187,37,2.488761733886449,2.327339591406106
20.199999999911945,12.863595598385654,10.259733919949742,2694.788207648618,4647.416504345681,31,2.488761733886449,2.327339591406106
20.219999999911188,12.880998729561938,10.897497312851115,3040.2268059811176,6798.6190777,32,2.488761733886449,2.327339591406106
20.23999999991043,12.883488480683166,10.661092531707144,2909.751282360226,6634.975530982901,42,2.488761733886449,2.327339591406106
20.259999999909674,12.88680428914297,12.678726934732554,4115.321219738797,7337.446056020233,46,2.488761733886449,2.327339591406106
20.279999999908917,12.893991771757152,13.186100561293628,4451.28303384574,6517.833585364707,48,2.488761733886449,2.327339591406106
20.29999999990816,12.908460166838776,12.106765925522271,3752.396603907309,6466.063918948523,47,2.488761733886449,2.327339591406106
20.319999999907402,12.91542246767823,14.209961376720202,5169.377375065884,6529.183471966852,40,2.488761733886449,2.327339591406106
20.339999999906645,12.90889161010095,13.701252279239517,4805.880511155053,5917.01908411782,39,2.488761733886449,2.327339591406106
20.359999999905888,12.900153609898245,12.528711072815664,4018.511640604318,5087.040076972273,42,2.488761733886449,2.327339591406106
20.37999999990513,12.893589140335598,10.317459125750231,2725.1973425047117,4403.970820229746,39,2.488761733886449,2.327339591406106
20.399999999904374,12.891509710006531,9.391408711959771,2257.947944955199,4032.6338179534036,36,2.488761733886449,2.327339591406106
20.419999999903617,12.886571774217119,9.24641724962006,2188.7664209702525,4019.5477439770434,41,2.488761733886449,2.327339591406106
20.43999999990286,12.88098051112772,7.795676940333076,1555.8227198899237,6133.088923799819,41,2.488761733886449,2.327339591406106
20.459999999902102,12.88009739105927,8.568862007692418,1879.7441451162538,8100.968804855432,43,2.488761733886449,2.327339591406106
20.479999999901345,12.890544721889555,8.582004465083317,1885.514666917507,9040.012908010436,43,2.488761733886449,2.327339591406106
20.499999999900588,12.90251778653877,8.292330585836428,1760.3768869228581,10684.640188040112,43,2.488761733886449,2.327339591406106
20.51999999989983,12.900043445033264,12.619675255524879,4077.0759448140116,13042.623027407222,40,2.488761733886449,2.327339591406106
20.539999999899074,12.883419940525886,13.130585454828985,4413.881034466521,11418.001130795668,42,2.488761733886449,2.327339591406106
20.559999999898317,12.867553183632246,13.001652692447447,4327.624434047298,8865.836605565546,41,2.488761733886449,2.327339591406106
20.57999999989756,12.85906060709312,12.770362832646722,4175.0234198879225,8370.505958891936,47,2.488761733886449,2.327339591406106
20.599999999896802,12.853620601550732,12.984393358525523,4316.142456911469,8339.04731677838,50,2.488761733886449,2.327339591406106
20.619999999896045,12.846138876119864,12.725748891412785,4145.903043291803,7387.931391865615,51,2.488761733886449,2.327339591406106
20.639999999895288,12.841609544234855,13.10159602027379,4394.412798779215,7047.654640742997,46,2.488761733886449,2.327339591406106
20.65999999989453,12.840234331054075,11.990774326059956,3680.83967482263,6760.812496055245,42,2.488761733886449,2.327339591406106
20.679999999893774,12.851027732237599,9.718511921937772,2417.976001911754,6990.507728358469,41,2.488761733886449,2.327339591406106
20.699999999893016,12.86829386756859,8.550766512264904,1871.8133403795155,7607.186229438837,37,2.488761733886449,2.327339591406106
20.71999999989226,12.872799395951013,13.444690462805452,4627.581311749488,10625.645699452787,38,2.488761733886449,2.327339591406106
20.739999999891502,12.871525712104352,14.703864111507372,5534.971686072058,9083.388276814736,39,2.488761733886449,2.327339591406106
20.759999999890745,12.871127811098521,14.633178695611717,5481.883413411154,7021.508052544346,41,2.488761733886449,2.327339591406106
20.779999999889988,12.870830717983395,15.62932452897219,6253.639768112987,6798.472723802461,41,2.488761733886449,2.327339591406106
20.79999999988923,12.86729690543577,16.8287694453437,7250.319815390712,6601.245413003158,42,2.488761733886449,2.327339591406106
20.819999999888473,12.867358359376736,19.52908361655012,9763.739247527705,7274.289646184893,47,2.488761733886449,2.327339591406106
20.839999999887716,12.880872708883764,22.999413034744194,13542.097861068127,8278.884996553754,43,2.488761733886449,2.327339591406106
20.85999999988696,12.909211330720279,21.528396304807856,11865.220180973416,6297.567252899503,47,2.488761733886449,2.327339591406106
20.879999999886202,12.976662187751456,15.587163173642983,6219.945886680506,5012.414217077822,48,2.488761733886449,2.327339591406106
20.899999999885445,13.033332586034211,14.256332236500661,5203.170512583854,3711.3815248169763,38,2.488761733886449,2.327339591406106
20.919999999884688,13.043579526854085,14.248468288379124,5197.431844735663,4060.323897889042,30,2.488761733886449,2.327339591406106
20.93999999988393,13.029034462958744,11.08209588725401,3144.099270431946,5411.862883680867,27,2.488761733886449,2.327339591406106
20.959999999883173,12.997685570111399,8.394671073811102,1804.096693839326,4372.526468412616,29,2.488761733886449,2.327339591406106
20.979999999882416,12.922703259939004,6.245469709028868,998.5795213385009,2505.8364976289527,47,2.488761733886449,2.327339591406106
20.99999999988166,12.863687902397436,4.49769030844721,517.882862334436,2544.4220999276345,38,2.488761733886449,2.327339591406106
21.019999999880902,12.826608589552343,5.45763496608374,762.537860832918,6787.4107183352935,38,2.488761733886449,2.327339591406106
21.039999999880145,12.81117616618377,7.535859320811325,1453.844666747514,11287.030902160483,34,2.488761733886449,2.327339591406106
21.059999999879388,12.819530075609881,7.419375258231948,1409.2469955595834,13417.061366917582,32,2.488761733886449,2.327339591406106
21.07999999987863,12.83651890234355,5.310420028924669,721.9551002869766,13320.918350362279,35,2.488761733886449,2.327339591406106
21.099999999877873,12.814837373036605,6.077019799224292,945.4395051298735,15669.498753542042,34,2.488761733886449,2.327339591406106
21.119999999877116,12.696095541691074,5.858862666924104,878.7778039573913,13643.374555963394,33,2.488761733886449,2.327339591406106
21.13999999987636,12.570284889383805,3.8249095054052815,374.53703814371886,12992.909048341267,32,2.488761733886449,2.327339591406106
21.159999999875602,12.454767642944073,3.0222630093369296,233.8390048198637,14599.99973927652,26,2.488761733886449,2.327339591406106
21.179999999874845,12.301466565211713,4.883961804530424,610.6564665205568,14385.556370247075,24,2.488761733886449,2.327339591406106
21.199999999874088,12.198355569177586,9.49969588304725,2310.318455000419,12867.28531555464,24,2.488761733886449,2.327339591406106
21.21999999987333,12.182446313312447,21.52836523897549,11865.185937579716,11721.775763530854,31,2.488761733886449,2.327339591406106
21.239999999872573,12.209608346637783,25.37709047123217,16486.7897152076,8333.080033144714,37,2.488761733886449,2.327339591406106
21.259999999871816,12.242557976587138,21.83353709901439,12203.95617961781,8240.088541857951,45,2.488761733886449,2.327339591406106
21.27999999987106,12.28404625395111,14.907659973813558,5689.464600411687,5942.562975057229,41,2.488761733886449,2.327339591406106
21.299999999870302,12.321001922949852,14.865415877265162,5657.265616055105,5801.525823415569,35,2.488761733886449,2.327339591406106
21.319999999869545,12.331473382239029,10.185949597828575,2656.167683080697,6945.391700459039,22,2.488761733886449,2.327339591406106
21.339999999868787,12.31732590202891,7.519631209219004,1447.589839229014,7569.553544163203,30,2.488761733886449,2.327339591406106
21.35999999986803,12.284027284550081,5.513282166468915,778.1671309561702,7892.906278117472,37,2.488761733886449,2.327339591406106
21.379999999867273,12.257019568915297,3.923931773291887,394.1806831277224,8943.277308236706,34,2.488761733886449,2.327339591406106
21.399999999866516,12.220510339665502,1.4646655800097754,54.9198565280116,13164.41385462937,26,2.488761733886449,2.327339591406106
21.41999999986576,12.154080808138325,1.8268083590173978,85.43551133275474,20505.33516375285,25,2.488761733886449,2.327339591406106
21.439999999865,12.104183225303645,15.183107927401343,5901.654771875977,21648.805847844713,23,2.488761733886449,2.327339591406106
21.459999999864245,12.137266045902386,25.282577476821384,16364.213472620853,12765.839884721123,39,2.488761733886449,2.327339591406106
21.479999999863487,12.186897625336963,23.94953814776887,14684.079535284276,9930.09352955025,45,2.488761733886449,2.327339591406106
21.49999999986273,12.202692839746483,22.521745411460227,12985.435889007575,7716.529273613776,42,2.488761733886449,2.327339591406106
21.519999999861973,12.210282703301779,21.8928537442098,12270.356879270283,7566.557508837903,39,2.488761733886449,2.327339591406106
21.539999999861216,12.224987501763643,19.01898771500505,9260.346527240345,6025.37197377267,45,2.488761733886449,2.327339591406106
21.55999999986046,12.241322915722476,15.889526996115269,6463.598643167029,4835.897532763217,47,2.488761733886449,2.327339591406106
21.5799999998597,12.262799842665034,12.648095714928665,4095.460387469121,2899.767519648874,38,2.488761733886449,2.327339591406106
21.599999999858944,12.298366267306653,9.46204953587187,2292.043614418914,2264.2625110684608,35,2.488761733886449,2.327339591406106
21.619999999858187,12.330636159114713,7.478187328763332,1431.6772464187495,2885.979227471155,38,2.488761733886449,2.327339591406106
21.63999999985743,12.360659413755572,9.66963942397262,2393.7180918731233,5425.315882966456,38,2.488761733886449,2.327339591406106
21.659999999856673,12.40482690313868,14.07680593281942,5072.951256082217,5883.444963182541,35,2.488761733886449,2.327339591406106
21.679999999855916,12.457946006714494,14.348939083353951,5270.987986866238,4450.331228765205,30,2.488761733886449,2.327339591406106
21.69999999985516,12.505646125894197,19.703984152625235,9939.408539849655,6514.902282081713,34,2.488761733886449,2.327339591406106
21.7199999998544,12.531831018443564,25.294805694127,16380.046791053217,7349.753755081987,39,2.488761733886449,2.327339591406106
21.739999999853644,12.556807437369262,26.16068497146951,17520.668183607057,7378.694692219578,42,2.488761733886449,2.327339591406106
21.759999999852887,12.59584734797464,24.595963220925636,15487.456965609343,7371.939935375896,45,2.488761733886449,2.327339591406106
21.77999999985213,12.63936181985031,21.928105365175412,12309.903867375959,5049.309435939962,51,2.488761733886449,2.327339591406106
21.799999999851373,12.6802455928027,19.79173640577134,10028.136553789676,4697.3012597530615,50,2.488761733886449,2.327339591406106
21.819999999850616,12.701494522708439,19.1094846527922,9348.682120899073,2611.141376642906,54,2.488761733886449,2.327339591406106
21.83999999984986,12.720467917470353,14.386388211884702,5298.537270263673,2136.6218886578,46,2.488761733886449,2.327339591406106
21.8599999998491,12.74199355351885,9.74664896675671,2431.9973226132174,2802.413053781863,44,2.488761733886449,2.327339591406106
21.879999999848344,12.7668144043291,8.382138820521178,1798.714107684984,2489.1688112549314,42,2.488761733886449,2.327339591406106
21.899999999847587,12.787025486428979,7.753592378424878,1539.0700033926003,2449.472621745467,38,2.488761733886449,2.327339591406106
21.91999999984683,12.789142392147383,5.958944585606465,909.0570437815786,1749.194302185572,43,2.488761733886449,2.327339591406106
21.939999999846073,12.788861506611587,8.716684470948053,1945.1589411893083,4980.1793649432675,44,2.488761733886449,2.327339591406106
21.959999999845316,12.803059255852,15.697675340595067,6308.456725186263,7134.969706807877,45,2.488761733886449,2.327339591406106
21.97999999984456,12.8252714468992,14.86692465142994,5658.41404936298,6432.181909114884,50,2.488761733886449,2.327339591406106
21.9999999998438,12.849908578497981,14.34842129053199,5270.607578184554,5424.691780488687,48,2.488761733886449,2.327339591406106
22.019999999843044,12.862567195754396,15.256243112748068,5958.646811301089,6811.362493488074,45,2.488761733886449,2.327339591406106
22.039999999842287,12.867949390344373,12.822711809476736,4209.322549846122,4980.341067179389,46,2.488761733886449,2.327339591406106
22.05999999984153,12.8691121941671,9.8389261789668,2478.265590107772,3253.2952818567715,47,2.488761733886449,2.327339591406106
22.079999999840773,12.868525993331435,7.256497798747029,1348.0517930975304,1602.2338625362904,44,2.488761733886449,2.327339591406106
22.099999999840016,12.863315140074002,5.45753618915761,762.5102589633148,1011.024332932704,42,2.488761733886449,2.327339591406106
22.11999999983926,12.860194821503171,3.854143345227385,380.2841012021521,3230.6342712703026,43,2.488761733886449,2.327339591406106
22.1399999998385,12.869204573942532,3.3136097644392537,281.09632343441405,7763.660046766875,44,2.488761733886449,2.327339591406106
22.159999999837744,12.896550888647146,1.6408464693933917,68.92683494279471,9762.74677429001,40,2.488761733886449,2.327339591406106
22.179999999836987,12.906274683922543,-2.170041439488354,120.55590769084955,10003.62871892175,41,2.488761733886449,2.327339591406106
22.19999999983623,12.821846088623282,5.02762709932166,647.1106681926229,10886.0545069917,40,2.488761733886449,2.327339591406106
22.219999999835473,12.699990719699839,4.397052968282109,494.9665353482122,10011.958196684633,40,2.488761733886449,2.327339591406106
22.239999999834716,12.610119029741893,5.956875322557446,908.4258073208762,13755.487888826672,41,2.488761733886449,2.327339591406106
22.25999999983396,12.563897383055885,10.92269264351791,3054.301243007452,13792.179105938772,39,2.488761733886449,2.327339591406106
22.2799999998332,12.5668450491379,17.86997498534064,8175.236626381785,9736.537063140822,50,2.488761733886449,2.327339591406106
22.299999999832444,12.543709636043536,17.349333111146514,7705.804987353487,6966.394884433035,53,2.488761733886449,2.327339591406106
22.319999999831687,12.517873265191863,17.947227228032265,8246.072816962218,5921.520457000924,58,2.488761733886449,2.327339591406106
22.33999999983093,12.491757044631898,16.31733012944918,6816.330553569076,4452.784610798247,53,2.488761733886449,2.327339591406106
22.359999999830173,12.468374085777551,13.93585495621827,4971.8690071203,4049.8708497983016,50,2.488761733886449,2.327339591406106
22.379999999829415,12.47401089309502,9.86098765355354,2489.391903963631,3455.9084802755697,45,2.488761733886449,2.327339591406106
22.39999999982866,12.491367460086469,5.779187213012036,855.0390891325306,2394.9206934116523,40,2.488761733886449,2.327339591406106
22.4199999998279,12.488869936847946,6.139937143522477,965.1177277302108,6961.105650935842,38,2.488761733886449,2.327339591406106
22.439999999827144,12.471335705685375,6.739619712007009,1162.8487393571781,9078.599257054577,42,2.488761733886449,2.327339591406106
22.459999999826387,12.446711069110744,7.6182435468515495,1485.8061363197712,13705.66761032763,40,2.488761733886449,2.327339591406106
22.47999999982563,12.40976853061564,11.731960790944417,3523.6571765729695,15117.076617107436,39,2.488761733886449,2.327339591406106
22.499999999824873,12.374141918428837,16.880478132543683,7294.943457453609,11485.628088659112,44,2.488761733886449,2.327339591406106
22.519999999824115,12.364465969001666,22.104089418919305,12508.283048595094,10063.651734664381,48,2.488761733886449,2.327339591406106
22.539999999823358,12.37683343346745,25.547350199570953,16708.757857041583,9464.120114271318,50,2.488761733886449,2.327339591406106
22.5599999998226,12.409390511743538,23.69962373039355,14379.220535981254,8996.990118035828,55,2.488761733886449,2.327339591406106
22.579999999821844,12.444663200624626,15.582789688080775,6216.45596014174,6137.584391702174,56,2.488761733886449,2.327339591406106
22.599999999821087,12.469039131944319,12.437617885085363,3960.2888481099403,5357.007802317417,48,2.488761733886449,2.327339591406106
22.61999999982033,12.468128908691792,15.030490615797484,5783.606754874686,3952.3952015124096,40,2.488761733886449,2.327339591406106
22.639999999819572,12.468050013163658,8.95830859135564,2054.4921214042956,3389.445972741053,36,2.488761733886449,2.327339591406106
22.659999999818815,12.460441994115394,5.817724943604044,866.4805359592663,2731.403436069841,40,2.488761733886449,2.327339591406106
22.679999999818058,12.453676113406772,4.975034441980094,633.6429775635978,3755.7534736391644,36,2.488761733886449,2.327339591406106
22.6999999998173,12.450939495852506,4.369754712736379,488.83980428434955,3098.768096567391,34,2.488761733886449,2.327339591406106
22.719999999816544,12.41692342800819,2.6031253339421383,173.47727848519435,7277.072082416489,33,2.488761733886449,2.327339591406106
22.739999999815787,12.345543162125535,3.4070241463615605,297.16856407791846,13570.191391955692,35,2.488761733886449,2.327339591406106
22.75999999981503,12.251014626822622,7.628604351203278,1489.8502744734208,16259.787924410151,32,2.488761733886449,2.327339591406106
22.779999999814272,12.148714085961876,10.959632661379008,3074.995174823845,14478.382520341587,38,2.488761733886449,2.327339591406106
22.799999999813515,12.042093051873717,15.498850636215403,6149.664577702289,12170.054340805862,47,2.488761733886449,2.327339591406106
22.819999999812758,11.994709105661649,16.3913108506021,6878.2794398512,9240.007156094076,45,2.488761733886449,2.327339591406106
22.839999999812,11.97092726312726,16.941003394401243,7347.349546134258,8994.862124313175,44,2.488761733886449,2.327339591406106
22.859999999811244,11.95085475695518,15.761528099484359,6359.882380099949,7119.710826435836,53,2.488761733886449,2.327339591406106
22.879999999810487,11.940446596933397,11.42358799364028,3340.854066059309,6823.37994941513,53,2.488761733886449,2.327339591406106
22.89999999980973,11.91739882104418,9.112359782559654,2125.7596534249624,3859.456525299837,42,2.488761733886449,2.327339591406106
22.919999999808972,11.88752266555241,10.217683753431407,2672.743956450838,2339.3801968634107,40,2.488761733886449,2.327339591406106
22.939999999808215,11.86143713087131,9.01820782754793,2082.058471215576,2986.6389720707966,35,2.488761733886449,2.327339591406106
22.959999999807458,11.849291326963757,9.565725285135297,2342.5466669358075,5247.8495846956375,35,2.488761733886449,2.327339591406106
22.9799999998067,11.856750017009048,12.517272362644022,4011.1771900022636,6078.736942778579,35,2.488761733886449,2.327339591406106
22.999999999805944,11.877703699113091,13.071081008938478,4373.9665272334805,6294.588975033893,32,2.488761733886449,2.327339591406106
23.019999999805187,11.897667438446353,14.966763328219484,5734.667271957144,10423.717134186287,29,2.488761733886449,2.327339591406106
23.03999999980443,11.915578916600102,18.801181350846942,9049.461146521939,10951.651024688432,37,2.488761733886449,2.327339591406106
23.059999999803672,11.923422255289005,19.46762814305164,9702.38551336031,8980.974362034125,41,2.488761733886449,2.327339591406106
23.079999999802915,11.937415906132472,17.43213760661841,7779.536696299544,7755.987753712465,43,2.488761733886449,2.327339591406106
23.099999999802158,11.938929564643956,14.868662366202683,5659.736889770215,5820.204337748352,45,2.488761733886449,2.327339591406106
23.1199999998014,11.929607871162219,12.929686896587961,4279.849122494009,5904.271976107259,42,2.488761733886449,2.327339591406106
23.139999999800644,11.920795930135597,13.64166481767151,4764.1693602449195,4999.967414312957,39,2.488761733886449,2.327339591406106
23.159999999799886,11.906824874175788,12.531765002649008,4020.4709400441425,3836.4802189169345,42,2.488761733886449,2.327339591406106
23.17999999979913,11.898369288264027,11.7052484356287,3507.6295017521597,4775.995153416687,36,2.488761733886449,2.327339591406106
23.199999999798372,11.890991789660744,10.033121214180436,2577.06018381026,3267.778568474832,34,2.488761733886449,2.327339591406106
23.219999999797615,11.87478043521244,8.004408442545845,1640.2533198296699,2346.2871483765994,29,2.488761733886449,2.327339591406106
23.239999999796858,11.844548466200255,9.208079208246609,2170.6536638258976,3578.430706419066,29,2.488761733886449,2.327339591406106
23.2599999997961,11.824504500610502,10.203151573769368,2665.1467014385,5370.733597152212,28,2.488761733886449,2.327339591406106
23.279999999795344,11.816205573178221,20.25076363697628,10498.693379703684,8011.309350760129,40,2.488761733886449,2.327339591406106
23.299999999794586,11.838633337513562,24.71831395446038,15641.92253582836,7323.564067940067,46,2.488761733886449,2.327339591406106
23.31999999979383,11.876485142620549,20.257903661713456,10506.09795433257,6798.636703462194,49,2.488761733886449,2.327339591406106
23.339999999793072,11.911728054275734,19.21711528270096,9454.288126933458,6243.021328395005,37,2.488761733886449,2.327339591406106
23.359999999792315,11.93676714968837,21.81030113261796,12177.99430071757,5392.954699147466,33,2.488761733886449,2.327339591406106
23.379999999791558,11.948940402352154,20.711383046443707,10981.72702847666,5888.759806696383,37,2.488761733886449,2.327339591406106
23.3999999997908,11.93626729897136,15.816580805784671,6404.388243837118,4670.818578325956,41,2.488761733886449,2.327339591406106
23.419999999790043,11.919747885135909,12.159859965758011,3785.3809297555763,3874.495296964524,40,2.488761733886449,2.327339591406106
23.439999999789286,11.92935944898586,12.321414064568268,3886.63312290722,5568.3604192872535,32,2.488761733886449,2.327339591406106
23.45999999978853,11.948520968726474,13.609959342173582,4742.049666776077,5639.982061344715,33,2.488761733886449,2.327339591406106
23.479999999787772,11.974691986417191,14.27270238643629,5215.126685184966,5206.705259266152,33,2.488761733886449,2.327339591406106
23.499999999787015,12.023204389699986,13.217197648764765,4472.302918997528,3450.3184194187384,30,2.488761733886449,2.327339591406106
23.519999999786258,12.082772692325701,10.689129799205373,2925.075931137937,2208.0360702134103,32,2.488761733886449,2.327339591406106
23.5399999997855,12.1238389132434,11.66050268014354,3480.86346720229,4414.7859003045305,29,2.488761733886449,2.327339591406106
23.559999999784743,12.133973420767424,10.369199846614729,2752.5989015237906,2898.2165946731375,34,2.488761733886449,2.327339591406106
23.579999999783986,12.14559802134074,10.049327155651257,2585.392070745709,5506.925709062282,32,2.488761733886449,2.327339591406106
23.59999999978323,12.16800687608089,19.796602296813592,10033.068088564334,7196.5787941768,38,2.488761733886449,2.327339591406106
23.619999999782472,12.204412639828478,20.113570447926513,10356.923886731802,5275.628556733909,40,2.488761733886449,2.327339591406106
23.639999999781715,12.252852157364925,16.405693759093584,6890.355724493188,5072.89283028468,43,2.488761733886449,2.327339591406106
23.659999999780958,12.297732605315943,17.016110144474407,7412.64187803173,5010.396525392643,36,2.488761733886449,2.327339591406106
23.6799999997802,12.322904278087467,14.586539158869346,5446.99488199406,4211.372332999993,34,2.488761733886449,2.327339591406106
23.699999999779443,12.33274061988077,10.714059006114727,2938.7355753471033,4526.823395580917,34,2.488761733886449,2.327339591406106
23.719999999778686,12.328156026757382,7.591305498133873,1475.3171162991457,2536.1808450933586,35,2.488761733886449,2.327339591406106
23.73999999977793,12.2969891231753,4.724865055862949,571.5197744618647,1710.4121358478808,39,2.488761733886449,2.327339591406106
23.759999999777172,12.278887081971371,3.626383912983436,336.66657566176946,1766.827428561723,33,2.488761733886449,2.327339591406106
23.779999999776415,12.26968478939644,2.9398916710606624,221.26621070840613,2149.5398282260535,29,2.488761733886449,2.327339591406106
23.799999999775657,12.267904270677898,1.5630258095089955,62.543868714893094,4164.239602738962,32,2.488761733886449,2.327339591406106
23.8199999997749,12.259054800194086,-0.8782475809303553,19.746328932500727,5673.604042336989,34,2.488761733886449,2.327339591406106
23.839999999774143,12.20958567032969,-2.269336152907303,131.84088408696934,8564.108624262348,37,2.488761733886449,2.327339591406106
23.859999999773386,12.102374291913094,-7.394650285402588,1399.870050857373,12004.842506150697,29,2.488761733886449,2.327339591406106
23.87999999977263,11.988777213127772,-6.784564752969872,1178.4100190645702,18591.04822965023,28,2.488761733886449,2.327339591406106
23.89999999977187,11.930835213824059,14.055903542970167,5057.896977533894,20103.38704241592,25,2.488761733886449,2.327339591406106
23.919999999771115,11.965870259736363,23.570369665198523,14222.804168673474,12774.396232586247,29,2.488761733886449,2.327339591406106
23.939999999770357,12.020480346743067,21.292383847723965,11606.49306680642,7351.5114099344455,43,2.488761733886449,2.327339591406106
23.9599999997696,12.034311213819914,19.864535925690504,10102.044791403128,6112.075321624967,44,2.488761733886449,2.327339591406106
23.979999999768843,12.01174177307384,18.624365669427096,8880.050235238858,6119.227635483164,40,2.488761733886449,2.327339591406106
23.999999999768086,11.999897682760544,15.66296453305381,6280.588964292843,4206.286348920973,40,2.488761733886449,2.327339591406106
24.01999999976733,11.979073741206784,9.493364890589863,2307.240096492404,3554.097711073422,33,2.488761733886449,2.327339591406106
24.03999999976657,11.95656062968623,5.427159228898609,754.0455303931465,2415.7907763482726,23,2.488761733886449,2.327339591406106
24.059999999765814,11.932837083099182,3.060231765213274,239.7513605168761,3330.9735371375305,30,2.488761733886449,2.327339591406106
24.079999999765057,11.885246744134415,-0.5998163041321095,9.210622346651025,10193.36620596081,30,2.488761733886449,2.327339591406106
24.0999999997643,11.821939029671174,-2.510778992016798,161.38732199153748,16251.630972732302,24,2.488761733886449,2.327339591406106
24.119999999763543,11.696309413042993,4.6954875464164045,564.4348605756836,14198.187269010617,23,2.488761733886449,2.327339591406106
24.139999999762786,11.564289622124,7.695106109315083,1515.9387983653492,9852.792319705224,29,2.488761733886449,2.327339591406106
24.15999999976203,11.486211257645312,9.70989348022654,2413.689348721603,12101.665546012711,26,2.488761733886449,2.327339591406106
24.17999999976127,11.451088724767116,25.046721273630688,16060.320522619077,13449.905843057808,31,2.488761733886449,2.327339591406106
24.199999999760514,11.503943654092676,30.391212991996664,23645.50050624308,9617.691841094656,41,2.488761733886449,2.327339591406106
24.219999999759757,11.561859050882559,25.726104083547288,16943.3970230998,7552.342861569244,47,2.488761733886449,2.327339591406106
24.239999999759,11.594538712065663,17.955123218456187,8253.330231618938,5236.985029256542,52,2.488761733886449,2.327339591406106
24.259999999758243,11.628474853062727,11.183007014495065,3201.6189167411644,4554.858937750911,47,2.488761733886449,2.327339591406106
24.279999999757486,11.645005109939552,7.740586990001104,1533.9112549650492,1953.4499583343043,41,2.488761733886449,2.327339591406106
24.29999999975673,11.634834562475824,4.200689757159808,451.74531613750776,2156.0241451639517,35,2.488761733886449,2.327339591406106
24.31999999975597,11.607722001476013,2.354720830216287,141.94865898397202,3019.8603882382095,32,2.488761733886449,2.327339591406106
24.339999999755214,11.54391333468528,-0.7638930471211722,14.93886342987411,2670.187240447078,27,2.488761733886449,2.327339591406106
24.359999999754457,11.439968077810887,-1.5779848994073558,63.746761809939194,5082.514820769905,30,2.488761733886449,2.327339591406106
24.3799999997537,11.236442020991586,-5.205664335207781,693.752825393255,14478.012402717835,19,2.488761733886449,2.327339591406106
24.399999999752943,10.931578043422139,3.629534722278609,337.25186008346077,19262.198722988633,17,2.488761733886449,2.327339591406106
24.419999999752186,10.866056312331645,24.17002343813001,14955.694519756837,16352.117277890558,24,2.488761733886449,2.327339591406106
24.43999999975143,10.916481894263528,26.549495186659705,18045.33622338865,10542.264093827174,38,2.488761733886449,2.327339591406106
24.45999999975067,10.977120342604794,21.6006323171449,11944.978479934603,7503.522927003379,44,2.488761733886449,2.327339591406106
24.479999999749914,11.008579712451024,18.274831995161517,8549.864438336985,7768.30958677015,41,2.488761733886449,2.327339591406106
24.499999999749157,10.944108563749229,14.310742772109188,5242.963012027547,6623.612835001049,38,2.488761733886449,2.327339591406106
24.5199999997484,10.826090516523692,10.08022915395491,2601.3168422443932,4659.624829440805,41,2.488761733886449,2.327339591406106
24.539999999747643,10.762898352269541,8.80497580249974,1984.7635533675466,4345.770073663057,47,2.488761733886449,2.327339591406106
24.559999999746886,10.761259191678851,8.360884345700768,1789.6037233387628,3839.55517886404,38,2.488761733886449,2.327339591406106
24.57999999974613,10.79035754534555,6.092833848068812,950.3664859775574,2002.7170006992399,29,2.488761733886449,2.327339591406106
24.59999999974537,10.807294650813954,5.345960101427844,731.650829018701,1258.1349940162247,25,2.488761733886449,2.327339591406106
24.619999999744614,10.825397184036609,4.695612286291846,564.4648504196463,1506.009325916793,18,2.488761733886449,2.327339591406106
24.639999999743857,10.820812947596501,4.950938932613243,627.5200142105177,2495.994035931761,23,2.488761733886449,2.327339591406106
24.6599999997431,10.806918567314561,9.947503724373455,2533.2652372161597,8444.09569254613,16,2.488761733886449,2.327339591406106
24.679999999742343,10.841934137036894,25.635133436248807,16823.78104195517,9106.081186334804,31,2.488761733886449,2.327339591406106
24.699999999741586,10.912428136747929,25.801497688428867,17042.852082630816,6898.92513446843,38,2.488761733886449,2.327339591406106
24.71999999974083,10.95716425897996,24.769496420953296,15706.766848622678,6510.961678121371,37,2.488761733886449,2.327339591406106
24.73999999974007,10.979285017733922,20.384523063891834,10637.842405573709,5021.862910294574,32,2.488761733886449,2.327339591406106
24.759999999739314,10.994259411965398,18.152560895222834,8435.83831702973,5350.329961725895,44,2.488761733886449,2.327339591406106
24.779999999738557,11.003952762625714,15.828950332802304,6414.40940220516,3226.9162574944985,42,2.488761733886449,2.327339591406106
24.7999999997378,11.00769069120762,11.554507814958788,3417.8684565277595,2946.6993578087736,39,2.488761733886449,2.327339591406106
24.819999999737043,11.011239481244472,9.170219600521964,2152.8407953659507,3067.886802736927,34,2.488761733886449,2.327339591406106
24.839999999736285,11.017354588546702,8.976375317135565,2062.7872977363077,2384.5353439535443,30,2.488761733886449,2.327339591406106
24.85999999973553,11.02652314220123,9.228613256652235,2180.3455886226648,2450.800066544905,24,2.488761733886449,2.327339591406106
24.87999999973477,11.038998339762017,9.948806658644846,2533.9289000507083,3027.3180234441256,22,2.488761733886449,2.327339591406106
24.899999999734014,11.051409317711716,12.938605969089354,4285.755754387337,3985.4981657396143,25,2.488761733886449,2.327339591406106
24.919999999733257,11.072461875255712,15.3663441217757,6044.961681606039,4406.956277122004,24,2.488761733886449,2.327339591406106
24.9399999997325,11.099630421205097,15.74441305751038,6346.07781056015,3083.220925298433,21,2.488761733886449,2.327339591406106
24.959999999731743,11.132114681181644,14.204412670279465,5165.341085784598,3098.481915470897,28,2.488761733886449,2.327339591406106
24.979999999730985,11.156986286389163,16.256274938637286,6765.416126379571,3831.1136136519253,27,2.488761733886449,2.327339591406106
24.99999999973023,11.186173297859192,15.82122758778195,6408.151910327719,3373.8509116752803,23,2.488761733886449,2.327339591406106
25.01999999972947,11.227131686852065,14.510641114319466,5390.4577291227,3169.6127188223263,21,2.488761733886449,2.327339591406106
25.039999999728714,11.271908901366272,11.457326625499539,3360.6170851744396,2275.2536321308717,19,2.488761733886449,2.327339591406106
25.059999999727957,11.29989857465448,9.69971637064575,2408.6323400393253,3420.170927745346,14,2.488761733886449,2.327339591406106
25.0799999997272,11.317652950847782,8.178593822955623,1712.4177586918604,2129.4086214090066,15,2.488761733886449,2.327339591406106
25.099999999726442,11.333317333707,6.993239500314556,1252.0141771323747,2380.610680690282,16,2.488761733886449,2.327339591406106
25.119999999725685,11.342610557079064,6.568588184339808,1104.5783132043368,2475.2508760311916,21,2.488761733886449,2.327339591406106
25.139999999724928,11.35806146156671,4.89024963877369,612.2298524319106,1777.6799575644334,21,2.488761733886449,2.327339591406106
25.15999999972417,11.35822890724938,5.5047967152732795,775.7736319033953,2899.2093352405027,14,2.488761733886449,2.327339591406106
25.179999999723414,11.327506028560979,3.200406480213894,262.2181354375374,3205.7504385239977,14,2.488761733886449,2.327339591406106
25.199999999722657,11.286977254255834,3.620569396670876,335.5878239465622,5605.113025720652,8,2.488761733886449,2.327339591406106
25.2199999997219,11.246060081482444,4.682451565928808,561.3051544988465,9500.081959704567,9,2.488761733886449,2.327339591406106
25.239999999721142,11.216844593543591,7.207534465803514,1329.9211671838846,11454.82520215926,7,2.488761733886449,2.327339591406106
25.259999999720385,11.216293496031808,9.924498478322072,2521.5615972869696,10380.101951010447,7,2.488761733886449,2.327339591406106
25.279999999719628,11.233568837673475,9.762090330841856,2439.7093277642334,7188.678218540288,17,2.488761733886449,2.327339591406106
25.29999999971887,11.232153146072784,8.124128134813976,1689.6858679755894,5007.855176883561,21,2.488761733886449,2.327339591406106
25.319999999718114,11.195954385439876,14.294484169029223,5231.05659556819,4512.403238969599,20,2.488761733886449,2.327339591406106
25.339999999717357,11.17032686191079,13.841262453890787,4904.602894266882,3128.586852643534,21,2.488761733886449,2.327339591406106
25.3599999997166,11.146369953371199,11.97172939468623,3669.1564146482883,3317.2121783740654,15,2.488761733886449,2.327339591406106
25.379999999715842,11.117369179140395,10.225614253698954,2676.894490551155,3639.5368837160004,9,2.488761733886449,2.327339591406106
25.399999999715085,11.090781095682654,10.570887844219124,2860.720135345597,6540.788356359962,12,2.488761733886449,2.327339591406106
25.419999999714328,11.069240481172402,12.264222480423266,3850.6361462879677,7615.697629955525,16,2.488761733886449,2.327339591406106
25.43999999971357,11.06195895193743,13.754730623234188,4843.470083856376,7017.351659407195,21,2.488761733886449,2.327339591406106
25.459999999712814,11.063197395790054,13.606019488085185,4739.304577082162,5402.650218596074,29,2.488761733886449,2.327339591406106
25.479999999712057,11.070747956409352,10.869107450683686,3024.40680820215,3510.630424452192,19,2.488761733886449,2.327339591406106
25.4999999997113,11.092886785173373,9.10000072190237,2119.9972435661653,2936.7319214263043,10,2.488761733886449,2.327339591406106
25.519999999710542,11.108862788862732,8.618026090309803,1901.3761928133679,5345.723927383417,6,2.488761733886449,2.327339591406106
25.539999999709785,11.114820548145877,7.215854616622552,1332.9933776237297,8490.184289094657,6,2.488761733886449,2.327339591406106
25.559999999709028,11.130009372536625,12.036056015866778,3708.6926472863006,9763.301420060669,4,2.488761733886449,2.327339591406106
25.57999999970827,11.154470323147022,17.00419478221427,7402.264254894617,7954.549566488646,13,2.488761733886449,2.327339591406106
25.599999999707514,11.187182795711916,16.797603893840176,7223.490642155823,6059.825328986314,25,2.488761733886449,2.327339591406106
25.619999999706756,11.219003507589468,13.679970159554014,4790.962182954827,3681.616619581087,21,2.488761733886449,2.327339591406106
25.639999999706,11.23911955020721,15.180116590186877,5899.329543000147,4013.8906224638076,19,2.488761733886449,2.327339591406106
25.659999999705242,11.259465885097262,14.586728508599391,5447.136299186103,3833.1220539113024,12,2.488761733886449,2.327339591406106
25.679999999704485,11.28088497847073,11.630372521282325,3462.897952147819,3401.9567195243044,7,2.488761733886449,2.327339591406106
25.699999999703728,11.298024702385346,8.55891665130753,1875.3832681400445,3941.3521900802684,7,2.488761733886449,2.327339591406106
25.71999999970297,11.301226631166863,5.700435631537645,831.8950397916169,4521.419120132167,4,2.488761733886449,2.327339591406106
25.739999999702214,11.267541503868843,2.177787777366804,121.41813416877271,5031.9515926656795,5,2.488761733886449,2.327339591406106
25.759999999701456,11.176756575291012,0.1434507987169066,0.526815305632807,6858.335846431879,4,2.488761733886449,2.327339591406106
25.7799999997007,11.051743476853765,1.4534997179673708,54.08568648539153,9396.5929251048,5,2.488761733886449,2.327339591406106
25.799999999699942,10.962123047206724,6.3143663384603785,1020.7326152627592,9259.238867510638,4,2.488761733886449,2.327339591406106
25.819999999699185,10.944847259372663,10.334474978288652,2734.193703761779,6863.9883764391125,10,2.488761733886449,2.327339591406106
25.839999999698428,10.922981696937352,13.084323131551006,4382.833420534436,5885.453317031564,23,2.488761733886449,2.327339591406106
25.85999999969767,10.887251396682602,16.79167050906218,7218.388464481167,5215.90090807964,27,2.488761733886449,2.327339591406106
25.879999999696913,10.883774424712398,18.01157735869162,8305.311735489724,5667.540969253574,21,2.488761733886449,2.327339591406106
25.899999999696156,10.882671425002195,18.30447449657578,8577.623370744139,5833.09895832498,23,2.488761733886449,2.327339591406106
25.9199999996954,10.89043142907751,15.838398133925427,6422.068804605198,4834.833246977884,25,2.488761733886449,2.327339591406106
25.939999999694642,10.904073609341888,11.422631271445558,3340.2944983660777,2760.57734928246,27,2.488761733886449,2.327339591406106
25.959999999693885,10.91979973957939,6.573459430869487,1106.2172250283036,1957.7122203695926,19,2.488761733886449,2.327339591406106
25.979999999693128,10.916998261693848,3.7452532346938217,359.0995147524696,2433.9688812089603,7,2.488761733886449,2.327339591406106
25.99999999969237,10.888157811196395,2.4627970578305085,155.27791642261627,6454.497967899346,6,2.488761733886449,2.327339591406106
26.019999999691613,10.79188821633061,1.771894110707328,80.37629293211113,8370.975826304726,4,2.488761733886449,2.327339591406106
26.039999999690856,10.6459487374852,4.722037948408827,570.836045124934,6260.442397216209,5,2.488761733886449,2.327339591406106
26.0599999996901,10.562090398651844,6.727306853076882,1158.6037184026661,5945.660934436612,5,2.488761733886449,2.327339591406106
26.079999999689342,10.511946749554498,12.666308064735613,4107.2632168485325,8146.677797367203,10,2.488761733886449,2.327339591406106
26.099999999688585,10.506254296808773,19.425768387778614,9660.705773558106,8160.361303468115,21,2.488761733886449,2.327339591406106
26.119999999687828,10.544278174160137,21.12866870655922,11428.696762397634,7100.684450294161,26,2.488761733886449,2.327339591406106
26.13999999968707,10.565294066030873,19.477557933273253,9712.285766506882,6485.656324406835,34,2.488761733886449,2.327339591406106
26.159999999686313,10.577227424227376,14.155617285326276,5129.913800342183,5005.0773692186185,42,2.488761733886449,2.327339591406106
26.179999999685556,10.58411713141927,10.241215023904575,2685.0687618869783,2300.797811857145,32,2.488761733886449,2.327339591406106
26.1999999996848,10.581468103545799,7.140916828713751,1305.4504501625465,1511.5702652387163,26,2.488761733886449,2.327339591406106
26.219999999684042,10.573043933752675,3.7300652525057605,356.19293514359146,988.6638351459205,24,2.488761733886449,2.327339591406106
26.239999999683285,10.5232010007505,2.6521861612737267,180.0779143244341,1395.0874439568922,23,2.488761733886449,2.327339591406106
26.259999999682528,10.481708890384736,3.599078478039105,331.6156940831887,4894.487196207752,17,2.488761733886449,2.327339591406106
26.27999999968177,10.425030203177203,4.5655597464258975,533.6303275564624,8795.836626387252,12,2.488761733886449,2.327339591406106
26.299999999681013,10.353267228709967,7.643019168764982,1495.4859606588093,6502.299436042522,11,2.488761733886449,2.327339591406106
26.319999999680256,10.259037369182765,9.146533095334158,2141.733663901147,4273.180041557999,17,2.488761733886449,2.327339591406106
26.3399999996795,10.223284392889601,10.496214701445322,2820.4464213282554,5479.178111406178,23,2.488761733886449,2.327339591406106
26.35999999967874,10.195851653368301,15.631504724453666,6255.384579039505,7217.637104427945,30,2.488761733886449,2.327339591406106
26.379999999677985,10.214394517324417,16.66314685968331,7108.312080433516,6009.554060140056,37,2.488761733886449,2.327339591406106
26.399999999677227,10.21185353698277,13.25737222137257,4499.531977239885,4612.116057917071,35,2.488761733886449,2.327339591406106
26.41999999967647,10.174611315934712,11.821029189506218,3577.3630932681326,3550.59467617155,28,2.488761733886449,2.327339591406106
26.439999999675713,10.154839302074372,10.783156977043085,2976.7632664063735,4209.733011645198,19,2.488761733886449,2.327339591406106
26.459999999674956,10.122143283492028,10.759617883059455,2963.781199939699,5332.211465524249,17,2.488761733886449,2.327339591406106
26.4799999996742,10.120687409064757,11.153874285201749,3184.9596396287952,5518.138342598289,23,2.488761733886449,2.327339591406106
26.49999999967344,10.125623032971136,11.085899206347863,3146.2577185945584,4974.953472407812,17,2.488761733886449,2.327339591406106
26.519999999672685,10.12941676281777,10.107210629376588,2615.261227769312,3663.126965788495,16,2.488761733886449,2.327339591406106
26.539999999671927,10.138256170488994,8.298867262384164,1763.1533198125342,2105.6243406929348,11,2.488761733886449,2.327339591406106
26.55999999967117,10.144788078405915,6.754080658944813,1167.8442540151086,2159.11666912419,7,2.488761733886449,2.327339591406106
26.579999999670413,10.126349823440368,6.639731770927836,1128.6349980626007,5054.570281483108,6,2.488761733886449,2.327339591406106
26.599999999669656,10.082555218797392,8.27904495687384,1754.7405996335108,5079.455350944043,7,2.488761733886449,2.327339591406106
26.6199999996689,10.065028054241173,11.24544981122287,3237.4726334177712,5745.298526231197,9,2.488761733886449,2.327339591406106
26.63999999966814,10.077222682515242,13.734005160628344,4828.884915627978,5485.763165978883,23,2.488761733886449,2.327339591406106
26.659999999667384,10.093654498253985,13.050217001318327,4360.014255391911,4393.069688704311,18,2.488761733886449,2.327339591406106
26.679999999666627,10.091144248247623,14.251542324695869,5199.674726905243,4214.54168816684,18,2.488761733886449,2.327339591406106
26.69999999966587,10.091045270260134,14.441389455335383,5339.128865065375,4671.835808092378,18,2.488761733886449,2.327339591406106
26.719999999665113,10.09718836808231,14.675782189402014,5513.850133616908,4877.185324034898,16,2.488761733886449,2.327339591406106
26.739999999664356,10.109654869821922,13.538226877330018,4692.194632821027,4026.2734649702606,15,2.488761733886449,2.327339591406106
26.7599999996636,10.127022652573881,10.97096146542893,3081.3556110894297,2755.372170361658,15,2.488761733886449,2.327339591406106
26.77999999966284,10.149430524178147,7.722794794778375,1526.8677884147928,1696.0202042925032,13,2.488761733886449,2.327339591406106
26.799999999662084,10.161510615102511,5.517725060688983,779.4218127182249,1669.1912636896936,8,2.488761733886449,2.327339591406106
26.819999999661327,10.152581763427635,5.144435407967907,677.5289863797132,4960.164885767065,2,2.488761733886449,2.327339591406106
26.83999999966057,10.11153731989116,6.497250788352252,1080.7163046774097,5694.122770583728,2,2.488761733886449,2.327339591406106
26.859999999659813,10.06668519361636,9.376943297107228,2250.9975501248614,5939.8639856706195,6,2.488761733886449,2.327339591406106
26.879999999659056,10.057453187323679,13.11386358447278,4402.645991060557,6218.779607880961,18,2.488761733886449,2.327339591406106
26.8999999996583,10.073849432822401,14.619607125257739,5471.719761645959,5108.676743473823,25,2.488761733886449,2.327339591406106
26.91999999965754,10.089572990908078,11.659657641289284,3480.358967804181,3274.079108738825,28,2.488761733886449,2.327339591406106
26.939999999656784,10.086100689723345,10.19655650110987,2661.7024410265394,2548.4853867701413,20,2.488761733886449,2.327339591406106
26.959999999656027,10.080727414844022,9.22959252801741,2180.808337082224,2505.9991238979323,10,2.488761733886449,2.327339591406106
26.97999999965527,10.052748755580367,8.45540967692074,1830.2977759900182,3895.1926577350177,7,2.488761733886449,2.327339591406106
26.999999999654513,10.031269480429257,7.926978562389109,1608.6731386406027,4245.7937139888745,9,2.488761733886449,2.327339591406106
27.019999999653756,9.992200267924082,7.240290524974638,1342.0368128081238,3427.28654530738,10,2.488761733886449,2.327339591406106
27.039999999653,9.937885393035796,6.624906112375252,1123.6004344230212,3559.96649852225,4,2.488761733886449,2.327339591406106
27.05999999965224,9.875516869881084,7.069999462323592,1279.6500095313843,4160.144354398517,7,2.488761733886449,2.327339591406106
27.079999999651484,9.829737011618333,8.269956716144037,1750.8902154498417,4979.855929180623,8,2.488761733886449,2.327339591406106
27.099999999650727,9.813456668918347,10.486675403097673,2815.322125656053,6023.676065684022,17,2.488761733886449,2.327339591406106
27.11999999964997,9.824392838070448,13.784826412333393,4864.68860579243,5910.4413700202385,31,2.488761733886449,2.327339591406106
27.139999999649213,9.840660825306069,13.569963938793483,4714.219824144844,4490.028203594947,31,2.488761733886449,2.327339591406106
27.159999999648456,9.848539359071987,11.525765424834981,3400.8853838353825,2895.1274217867895,22,2.488761733886449,2.327339591406106
27.1799999996477,9.840697614182021,9.302907042354668,2215.5920872740953,1918.2117570580424,22,2.488761733886449,2.327339591406106
27.19999999964694,9.832833817289348,7.226836533191889,1337.053870069742,1436.5479533803484,13,2.488761733886449,2.327339591406106
27.219999999646184,9.80401476898312,6.483007088237988,1075.9830640367245,3924.3301354983932,7,2.488761733886449,2.327339591406106
27.239999999645427,9.782690911481067,7.345853547870952,1381.4557363028614,5177.629125214877,4,2.488761733886449,2.327339591406106
27.25999999964467,9.758949424802358,8.215632144243783,1727.9628992828066,3814.486161889001,4,2.488761733886449,2.327339591406106
27.279999999643913,9.733765127354648,8.968081307263294,2058.9771018598053,2376.5740787050177,4,2.488761733886449,2.327339591406106
27.299999999643155,9.695811628649022,8.979126634225391,2064.0520068232236,2469.633404539943,4,2.488761733886449,2.327339591406106
27.3199999996424,9.652092500487223,8.816049916822793,1989.7592105766773,3001.918205691644,9,2.488761733886449,2.327339591406106
27.33999999964164,9.623785946485718,9.88635294727969,2502.2152379992344,4453.979834906563,9,2.488761733886449,2.327339591406106
27.359999999640884,9.613869122396384,11.697319629388687,3502.8791719265837,5603.490126261602,18,2.488761733886449,2.327339591406106
27.379999999640127,9.623997674321945,12.858678896674723,4232.969560585035,5223.835913752771,23,2.488761733886449,2.327339591406106
27.39999999963937,9.631776049737304,12.109086572512155,3753.835274237401,3625.6500250929325,19,2.488761733886449,2.327339591406106
27.419999999638613,9.626142188378882,9.761619463257425,2439.4739781016824,2444.926208685851,9,2.488761733886449,2.327339591406106
27.439999999637855,9.615611157308225,7.999958233607418,1638.4299643886454,1751.0611349225335,7,2.488761733886449,2.327339591406106
27.4599999996371,9.59434931167232,7.713255993655433,1523.0982998019051,3918.8223661237766,7,2.488761733886449,2.327339591406106
27.47999999963634,9.585287895817057,8.846608340866513,2003.5770283805166,4797.6081903759805,3,2.488761733886449,2.327339591406106
27.499999999635584,9.577660834057797,10.211622307465731,2669.573788321369,4791.283444793492,6,2.488761733886449,2.327339591406106
27.519999999634827,9.576204074756301,10.742877902680165,2954.5661804399956,4304.785491278069,20,2.488761733886449,2.327339591406106
27.53999999963407,9.58213929335679,10.220414227009538,2674.1726230712106,2523.131132511449,19,2.488761733886449,2.327339591406106
27.559999999633312,9.573108767397464,9.02300760835819,2084.27533822471,2060.5563925898014,9,2.488761733886449,2.327339591406106
27.579999999632555,9.539887150716593,7.523274810353675,1448.993024488032,2155.9319169352666,5,2.488761733886449,2.327339591406106
27.599999999631798,9.479063398639585,6.442231259273103,1062.4905213082775,3079.3962040082774,5,2.488761733886449,2.327339591406106
27.61999999963104,9.43323323009369,7.467350078509724,1427.5307329461443,4080.188598931808,7,2.488761733886449,2.327339591406106
27.639999999630284,9.41240522405466,8.917042240716448,2035.607726180311,4549.214770873687,10,2.488761733886449,2.327339591406106
27.659999999629527,9.404454554933848,9.53500589620599,2327.5251079447266,3480.992751002901,18,2.488761733886449,2.327339591406106
27.67999999962877,9.387016625631198,9.675278184052239,2396.510654641334,2211.951327671911,12,2.488761733886449,2.327339591406106
27.699999999628012,9.367025501665578,9.255220228262797,2192.9360004627547,2237.2674289233546,7,2.488761733886449,2.327339591406106
27.719999999627255,9.349609743272618,8.87062730224644,2014.47141110055,2902.760833613327,8,2.488761733886449,2.327339591406106
27.739999999626498,9.330670973227836,8.930071683244094,2041.5608686092496,3528.6549960164652,14,2.488761733886449,2.327339591406106
27.75999999962574,9.31680449714198,9.151546201839691,2144.0820250105294,3732.94829460415,15,2.488761733886449,2.327339591406106
27.779999999624984,9.312328099363135,9.370590313079614,2247.9484313155976,3566.5965519533415,23,2.488761733886449,2.327339591406106
27.799999999624227,9.312397019758045,9.429194230924704,2276.153811992557,2773.7136563517606,9,2.488761733886449,2.327339591406106
27.81999999962347,9.301915749671917,9.105550422057997,2122.58382283865,2191.3547132517047,6,2.488761733886449,2.327339591406106
27.839999999622712,9.276008237484342,8.544650445113351,1869.136611494243,2788.3872430950787,8,2.488761733886449,2.327339591406106
27.859999999621955,9.258882085042133,8.853191458623067,2006.5600226600106,3285.5122259529203,10,2.488761733886449,2.327339591406106
27.879999999621198,9.252445285649534,9.579029729827571,2349.06743883329,3799.0721805693493,13,2.488761733886449,2.327339591406106
27.89999999962044,9.249047593774073,9.763394835866949,2440.3614064924063,3361.00598161538,19,2.488761733886449,2.327339591406106
27.919999999619684,9.246975842812942,9.244662179501036,2187.935596691841,2041.4534425133065,7,2.488761733886449,2.327339591406106
27.939999999618927,9.230766257416175,8.463673370196377,1833.8771201119066,1980.2883955092057,5,2.488761733886449,2.327339591406106
27.95999999961817,9.190567831761276,8.098167645110966,1678.9044064163616,2855.680129832277,4,2.488761733886449,2.327339591406106
27.979999999617412,9.165170820751838,8.822984650700356,1992.8907440161072,3637.8932752605756,6,2.488761733886449,2.327339591406106
27.999999999616655,9.150977219960073,9.832033407475105,2474.794452188513,4200.666680269925,14,2.488761733886449,2.327339591406106
28.019999999615898,9.149961723773103,10.565692372479448,2857.9088032435834,4363.155813292178,23,2.488761733886449,2.327339591406106
28.03999999961514,9.156513717729748,10.745792003693328,2956.1693024589513,4001.383520545488,19,2.488761733886449,2.327339591406106
28.059999999614384,9.158661931807353,10.189376296171895,2657.9551288781895,2702.277262669395,9,2.488761733886449,2.327339591406106
28.079999999613626,9.153456495220714,9.002439013247885,2074.78365783109,1758.7993787520288,7,2.488761733886449,2.327339591406106
28.09999999961287,9.140461884149836,8.159858483776183,1704.581208540673,2644.6697511027,5,2.488761733886449,2.327339591406106
28.119999999612112,9.119488009711352,7.949075194238362,1617.6540639273271,3138.3262904714534,5,2.488761733886449,2.327339591406106
28.139999999611355,9.100228968281652,7.99118550031359,1634.838538608048,2702.757288477274,6,2.488761733886449,2.327339591406106
28.159999999610598,9.07761156444112,8.11748241698167,1686.9225972689599,2264.8242061969404,5,2.488761733886449,2.327339591406106
28.17999999960984,9.055107588509257,8.160074181791146,1704.6713276630376,1836.4955300827962,4,2.488761733886449,2.327339591406106
28.199999999609084,9.028065582378566,8.027513099945816,1649.736140870145,2030.4900344582907,4,2.488761733886449,2.327339591406106
28.219999999608326,9.007242772786322,8.277520877049652,1754.0946027587129,2455.1269659562986,9,2.488761733886449,2.327339591406106
28.23999999960757,8.99272561097634,8.717097368705486,1945.343224741033,2851.7573231202246,15,2.488761733886449,2.327339591406106
28.259999999606812,8.986336153655534,9.263330311306373,2196.780897683799,3602.5718517865703,18,2.488761733886449,2.327339591406106
28.279999999606055,8.988381463880625,9.831868363655262,2474.7113674216894,4116.731562122549,19,2.488761733886449,2.327339591406106
28.299999999605298,8.997619780897278,10.00393638944108,2562.089436532808,3988.3564504485676,16,2.488761733886449,2.327339591406106
28.31999999960454,9.007521816237773,9.627960443677907,2373.1273106166764,2609.3296254610764,6,2.488761733886449,2.327339591406106
28.339999999603783,9.011419116966646,8.637706579427713,1910.0702348230757,1514.3933051890679,6,2.488761733886449,2.327339591406106
28.359999999603026,9.00014462651673,7.3778293118535405,1393.5085883863487,2384.487078148597,4,2.488761733886449,2.327339591406106
28.37999999960227,8.967567109021543,6.793576941480467,1181.5427496453647,3027.2910611216976,4,2.488761733886449,2.327339591406106
28.399999999601512,8.938745352584885,7.131728049341184,1302.092960170245,2289.811230338059,3,2.488761733886449,2.327339591406106
28.419999999600755,8.90687782531454,7.578936502734543,1470.5133775584234,1650.8382121697407,3,2.488761733886449,2.327339591406106
28.439999999599998,8.877589046798272,7.8831380327749105,1590.9286573934642,1604.2830496639942,3,2.488761733886449,2.327339591406106
28.45999999959924,8.85504496360513,8.227854118377584,1733.1079268112555,2006.2055886894643,6,2.488761733886449,2.327339591406106
28.479999999598483,8.840251295543094,8.678321640475522,1928.0750156052288,2311.462814520084,7,2.488761733886449,2.327339591406106
28.499999999597726,8.829146512733647,8.995293741061959,2071.4914365450104,2417.824588849253,4,2.488761733886449,2.327339591406106
28.51999999959697,8.818433697564682,9.098697928948148,2119.39027223668,2449.0084149756876,3,2.488761733886449,2.327339591406106
28.539999999596212,8.809509515750728,9.152097383256734,2144.3403013129027,2682.926677461862,8,2.488761733886449,2.327339591406106
28.559999999595455,8.804697999479778,9.271895756759161,2200.8453336311945,3016.4533430002734,11,2.488761733886449,2.327339591406106
28.579999999594698,8.80234289778869,9.176300035857016,2155.6966809677056,2740.3381512638357,4,2.488761733886449,2.327339591406106
28.59999999959394,8.799356129851232,8.843207188067685,2002.0367405289842,1907.6268620265785,4,2.488761733886449,2.327339591406106
28.619999999593183,8.782828372559406,8.263377717157184,1748.1055520104178,2077.385332366799,2,2.488761733886449,2.327339591406106
28.639999999592426,8.75844687995167,8.0622821735198,1664.0578905886928,2332.8566132558335,2,2.488761733886449,2.327339591406106
28.65999999959167,8.74111175344181,8.237501349727935,1737.1744780354352,2069.3840907622052,2,2.488761733886449,2.327339591406106
28.679999999590912,8.723754425454654,8.414837727940478,1812.775126851759,1854.8361482429382,2,2.488761733886449,2.327339591406106
28.699999999590155,8.707047696396755,8.566030422582617,1878.5020254299845,1798.069412264228,2,2.488761733886449,2.327339591406106
28.719999999589398,8.691253851137814,8.70059102736975,1937.9829541469173,1839.9297834365714,2,2.488761733886449,2.327339591406106
28.73999999958864,8.675916938813318,8.785215654537488,1975.8651271986262,2005.2723017717628,2,2.488761733886449,2.327339591406106
28.759999999587883,8.662604065920723,8.915732062338805,2035.0095876440616,2161.7673351491094,5,2.488761733886449,2.327339591406106
28.779999999587126,8.651396710942992,9.004066695440708,2075.5339864265657,2192.1568810461076,3,2.488761733886449,2.327339591406106
28.79999999958637,8.639442056088459,8.926060362090219,2039.7271729143188,2082.46434254402,2,2.488761733886449,2.327339591406106
28.81999999958561,8.624470331649961,8.69998771729289,1937.7141990464254,1925.7723191037758,2,2.488761733886449,2.327339591406106
28.839999999584855,8.60672862226998,8.469914237108966,1836.5826126655334,1992.1150826654368,2,2.488761733886449,2.327339591406106
28.859999999584097,8.589052888016575,8.391299942487354,1802.6480067738244,2041.047379319757,2,2.488761733886449,2.327339591406106
28.87999999958334,8.572421894921899,8.436011118779664,1821.9092032527205,2047.7161810627388,3,2.488761733886449,2.327339591406106
28.899999999582583,8.557512893310463,8.531823765210518,1863.5291679979346,2037.0997949512266,4,2.488761733886449,2.327339591406106
28.919999999581826,8.54451746010445,8.636494513699963,1909.534220265202,2075.2623984944694,5,2.488761733886449,2.327339591406106
28.93999999958107,8.533654054150471,8.731819517290084,1951.9196836858769,2109.5778248409683,4,2.488761733886449,2.327339591406106
28.95999999958031,8.524590515543197,8.775601988754202,1971.5431129361568,2086.8970787147987,2,2.488761733886449,2.327339591406106
28.979999999579555,8.515995174676469,8.714009324414095,1943.9651875946047,1979.0910252527804,2,2.488761733886449,2.327339591406106
28.999999999578797,8.505222930699153,8.495438311230657,1847.6683690059037,1779.7625407470205,2,2.488761733886449,2.327339591406106
29.01999999957804,8.490890554589738,8.203618537277201,1722.9130409371355,1797.6752244453178,2,2.488761733886449,2.327339591406106
29.039999999577283,8.47610913383482,8.088140074703565,1674.7491679253694,1964.2835321854327,2,2.488761733886449,2.327339591406106
29.059999999576526,8.462602992932666,8.141925325239711,1697.0970262002413,1963.3278732056813,2,2.488761733886449,2.327339591406106
29.07999999957577,8.44959893039964,8.1901886175325,1717.2765906341058,1950.2777545659974,2,2.488761733886449,2.327339591406106
29.09999999957501,8.436578886686553,8.226392490663612,1732.4922295612405,1950.6259863212529,2,2.488761733886449,2.327339591406106
29.119999999574254,8.422439878964893,8.207264037046016,1724.4446271763363,1854.6474707434525,2,2.488761733886449,2.327339591406106
29.139999999573497,8.406608359388395,8.088282167665914,1674.8080126433397,1896.894794384077,2,2.488761733886449,2.327339591406106
29.15999999957274,8.39218926987084,8.063555936652484,1664.583742446892,2062.910535134641,5,2.488761733886449,2.327339591406106
29.179999999571983,8.380596750388978,8.152585916115315,1701.544107381515,2051.3538519112776,5,2.488761733886449,2.327339591406106
29.199999999571226,8.369120340981468,8.192395149756525,1718.2020239159513,1977.6444954296026,3,2.488761733886449,2.327339591406106
29.21999999957047,8.357506720969576,8.202368425769711,1722.3879874372112,1992.4114626342782,4,2.488761733886449,2.327339591406106
29.23999999956971,8.346848952058755,8.234786985282739,1736.0298232287041,1995.1532697422017,3,2.488761733886449,2.327339591406106
29.259999999568954,8.33723393945462,8.272920844749066,1752.1455530601577,1950.5514782833575,2,2.488761733886449,2.327339591406106
29.279999999568197,8.32770147117789,8.273459981559325,1752.3739311537163,1849.0637795828675,2,2.488761733886449,2.327339591406106
29.29999999956744,8.31666474721045,8.204687137477313,1723.3619221528536,1671.0960547493585,2,2.488761733886449,2.327339591406106
29.319999999566683,8.303367026402432,8.09402236969602,1677.1860572165629,1711.9366067297376,2,2.488761733886449,2.327339591406106
29.339999999565926,8.290762875636148,8.137550433038486,1695.2737174575482,1885.1627733138328,2,2.488761733886449,2.327339591406106
29.35999999956517,8.279690475883159,8.255888611485574,1744.9383690201955,1905.2089417271077,2,2.488761733886449,2.327339591406106
29.37999999956441,8.269248221788327,8.356400211435533,1787.6846269616876,1903.2050009219379,2,2.488761733886449,2.327339591406106
29.399999999563654,8.258785304682606,8.429959935389828,1819.2964156399573,1912.7618630278446,2,2.488761733886449,2.327339591406106
29.419999999562897,8.247110037009747,8.409161880665621,1810.3305010383435,1782.2531607713465,2,2.488761733886449,2.327339591406106
29.43999999956214,8.232688230132014,8.287405178434902,1758.2862808568786,1749.6620490142138,2,2.488761733886449,2.327339591406106
29.459999999561383,8.219098459275774,8.309820100252596,1767.810407463191,1960.7504822810574,4,2.488761733886449,2.327339591406106
29.479999999560626,8.208499205554626,8.403352288889092,1807.8299787907042,1960.1926598046853,4,2.488761733886449,2.327339591406106
29.49999999955987,8.19782259763388,8.423413384094907,1816.4718487835871,1888.2556858757575,2,2.488761733886449,2.327339591406106
29.51999999955911,8.187088115837469,8.448925090086785,1827.491484122982,1905.950807564651,4,2.488761733886449,2.327339591406106
29.539999999558354,8.177754188013008,8.506492122885845,1852.4796723358693,1930.0169217282123,3,2.488761733886449,2.327339591406106
29.559999999557597,8.16971511277289,8.54048659314789,1867.315375645612,1900.3920236893532,2,2.488761733886449,2.327339591406106
29.57999999955684,8.161967574705836,8.501852729204364,1850.4595590627393,1815.4518467126209,2,2.488761733886449,2.327339591406106
29.599999999556083,8.153013683167888,8.348620139027343,1784.3573949123706,1650.9891954715645,2,2.488761733886449,2.327339591406106
29.619999999555326,8.141767972810678,8.172627414361191,1709.9202004242222,1610.4751012682748,2,2.488761733886449,2.327339591406106
29.63999999955457,8.130225655287592,8.120174182707688,1688.0415533845598,1762.1707189086671,2,2.488761733886449,2.327339591406106
29.65999999955381,8.119680624127998,8.167040437738049,1707.5831261170301,1814.5263973258275,2,2.488761733886449,2.327339591406106
29.679999999553054,8.1098898725034,8.203195788042596,1722.7354750498157,1805.7678086493613,2,2.488761733886449,2.327339591406106
29.699999999552297,8.100523579650696,8.225705288872886,1732.2027899226655,1836.7079833260802,2,2.488761733886449,2.327339591406106
29.71999999955154,8.090794619368781,8.195363468758453,1719.4473485337917,1763.9429836651532,2,2.488761733886449,2.327339591406106
29.739999999550783,8.079008538102574,8.051605328487923,1659.6533997674696,1666.0034895523631,2,2.488761733886449,2.327339591406106
29.759999999550026,8.066292264373702,7.893560945405735,1595.138420708703,1791.5368707515593,2,2.488761733886449,2.327339591406106
29.77999999954927,8.056434263853252,7.91809756973326,1605.070603018395,1888.571944490936,3,2.488761733886449,2.327339591406106
29.79999999954851,8.047255546021404,7.949227320859747,1617.7159807154007,1823.6939632453752,2,2.488761733886449,2.327339591406106
29.819999999547754,8.037613029924815,7.928365834674306,1609.2362442228157,1806.2630392022759,2,2.488761733886449,2.327339591406106
29.839999999546997,8.028778524685004,7.947220132261466,1616.8991337446284,1837.2070059489006,2,2.488761733886449,2.327339591406106
29.85999999954624,8.02147119945884,8.000185905725218,1638.5232224074882,1839.0671484621564,2,2.488761733886449,2.327339591406106
29.879999999545483,8.01498284435013,8.025502765429191,1648.9099556775761,1794.154002425633,2,2.488761733886449,2.327339591406106
29.899999999544725,8.008116529872337,7.983763198717767,1631.803036685629,1675.6267068149882,2,2.488761733886449,2.327339591406106
29.91999999954397,7.9992825252128075,7.8549175825759745,1579.5584743528727,1563.4554012421363,2,2.488761733886449,2.327339591406106
29.93999999954321,7.98903968810981,7.730994410511966,1530.111789022115,1597.949355178915,2,2.488761733886449,2.327339591406106
29.959999999542454,7.979140393589325,7.710774278828828,1522.1183537060956,1719.7641533324804,2,2.488761733886449,2.327339591406106
29.979999999541697,7.969820402395761,7.7659290422952765,1543.971497663269,1737.0628622916088,2,2.488761733886449,2.327339591406106
29.99999999954094,7.96108102144076,7.829427078827894,1569.32325302916,1737.958310455566,2,2.488761733886449,2.327339591406106
30.019999999540183,7.952520788553098,7.894676428080353,1595.589288196535,1743.470047512226,2,2.488761733886449,2.327339591406106
30.039999999539425,7.943102547097089,7.917150754105745,1604.686769640105,1636.3790171751714,2,2.488761733886449,2.327339591406106
30.059999999538668,7.931971776487046,7.841903069540075,1574.3285902878742,1620.4228817797534,2,2.488761733886449,2.327339591406106
30.07999999953791,7.92149665129696,7.839216578615823,1573.2501033513067,1732.7471374293339,2,2.488761733886449,2.327339591406106
30.099999999537154,7.912914576326499,7.906016172110552,1600.1763207067247,1764.944876137017,2,2.488761733886449,2.327339591406106
30.119999999536397,7.904341070371577,7.941265196846723,1614.4769226131423,1722.293167084013,2,2.488761733886449,2.327339591406106
30.13999999953564,7.895849441986517,7.97175851461187,1626.899446259597,1738.5971712070211,2,2.488761733886449,2.327339591406106
30.159999999534882,7.888664649935331,8.043146226094876,1656.1679325548891,1775.4852496643355,2,2.488761733886449,2.327339591406106
30.179999999534125,7.882995745202538,8.122798772659406,1689.1329420162792,1782.9144881634488,2,2.488761733886449,2.327339591406106
30.199999999533368,7.877938462014308,8.151334759985643,1701.0218843706575,1726.1935612148459,2,2.488761733886449,2.327339591406106
30.21999999953261,7.871956086986771,8.078974649457585,1670.955689814231,1575.9876222801333,2,2.488761733886449,2.327339591406106
30.239999999531854,7.863839896437198,7.943877854063663,1615.5394154394417,1517.8416451771377,2,2.488761733886449,2.327339591406106
30.259999999531097,7.854773196452397,7.8819109242994605,1590.4334002799058,1560.4435332461587,2,2.488761733886449,2.327339591406106
30.27999999953034,7.845703366166694,7.921620304892283,1606.4991018142491,1659.6006337308902,2,2.488761733886449,2.327339591406106
30.299999999529582,7.837025888901779,7.9813246938722,1630.8063758805451,1663.9305470519366,2,2.488761733886449,2.327339591406106
30.319999999528825,7.828768896205179,8.03239943116531,1651.7451343190062,1667.7569422783135,2,2.488761733886449,2.327339591406106
30.339999999528068,7.820584053417542,8.060947309395731,1663.5069033515263,1657.616372200358,2,2.488761733886449,2.327339591406106
30.35999999952731,7.811611987688965,8.00803204236806,1641.738743023921,1564.1531297370293,2,2.488761733886449,2.327339591406106
30.379999999526554,7.801629668087362,7.925102938177128,1607.9119635466086,1558.992047091229,2,2.488761733886449,2.327339591406106
30.399999999525797,7.792431263742321,7.890024498761104,1593.709443775123,1612.5908301312202,2,2.488761733886449,2.327339591406106
30.41999999952504,7.784313075826157,7.904270336707979,1599.469685162642,1648.1848248018568,2,2.488761733886449,2.327339591406106
30.439999999524282,7.776337708990501,7.903577441682764,1599.1892757219427,1633.057310881346,2,2.488761733886449,2.327339591406106
30.459999999523525,7.768770627744705,7.915150363124283,1603.8759740613743,1663.229920662822,2,2.488761733886449,2.327339591406106
30.479999999522768,7.762610252407725,7.971009512163134,1626.5937434661323,1704.3673320944954,2,2.488761733886449,2.327339591406106
30.49999999952201,7.75803998614336,8.030068782943022,1650.786746132139,1726.27201293728,2,2.488761733886449,2.327339591406106
30.519999999521254,7.7540641767262946,8.024229265272105,1648.386693636018,1672.4408256347785,2,2.488761733886449,2.327339591406106
30.539999999520496,7.74893783376338,7.9026542777957545,1598.8157163864203,1526.3458180473697,2,2.488761733886449,2.327339591406106
30.55999999951974,7.741735585361452,7.734317679257413,1531.427548764351,1479.7712079024047,2,2.488761733886449,2.327339591406106
30.579999999518982,7.73363658653851,7.600304166619425,1478.8168458797325,1501.5290797465943,2,2.488761733886449,2.327339591406106
30.599999999518225,7.7251556617788495,7.544836200371189,1457.3104325552092,1597.9213637855635,2,2.488761733886449,2.327339591406106
30.619999999517468,7.716872957638083,7.557829422446839,1462.334123467442,1597.4710592268095,2,2.488761733886449,2.327339591406106
30.63999999951671,7.70890591620222,7.576632070640618,1469.6192724181833,1594.8834728155007,2,2.488761733886449,2.327339591406106
30.659999999515954,7.701095173789111,7.600883995634839,1479.042493065654,1592.6604808589484,2,2.488761733886449,2.327339591406106
30.679999999515196,7.69293399197308,7.6013853990084606,1479.237633882548,1510.5290101368173,2,2.488761733886449,2.327339591406106
30.69999999951444,7.684154955834175,7.550693672603101,1459.5740917544717,1502.6046548619904,2,2.488761733886449,2.327339591406106
30.719999999513682,7.675882549975043,7.5244597985355535,1449.44952112761,1470.1312993838214,2,2.488761733886449,2.327339591406106
30.739999999512925,7.66806370955751,7.509274212640507,1443.6049741003708,1515.529737253766,2,2.488761733886449,2.327339591406106
30.759999999512168,7.660581174643191,7.520883733927182,1448.0721216696234,1537.2202769912353,2,2.488761733886449,2.327339591406106
30.77999999951141,7.653598475953648,7.540271613453594,1455.5476353943952,1568.245924762357,2,2.488761733886449,2.327339591406106
30.799999999510653,7.647834561182258,7.588074379124041,1474.061492823564,1627.272071740733,2,2.488761733886449,2.327339591406106
30.819999999509896,7.643708932534232,7.66956270465551,1505.8913813083202,1645.8085496241258,2,2.488761733886449,2.327339591406106
30.83999999950914,7.640414330991487,7.7317254478077695,1530.4011752538615,1621.1401490146184,2,2.488761733886449,2.327339591406106
30.859999999508382,7.636136347353393,7.709635872545843,1521.6689406843789,1503.352171225869,2,2.488761733886449,2.327339591406106
30.879999999507625,7.6298529160973425,7.596309607875414,1477.2627848111142,1459.5758579351327,2,2.488761733886449,2.327339591406106
30.899999999506868,7.622687717544397,7.523322265616879,1449.0113044429615,1438.1325147613638,2,2.488761733886449,2.327339591406106
30.91999999950611,7.614828799221851,7.5173526014522,1446.7126712927368,1536.703559779254,2,2.488761733886449,2.327339591406106
30.939999999505353,7.606937572234837,7.563378543239559,1464.4822660673274,1548.6123181890282,2,2.488761733886449,2.327339591406106
30.959999999504596,7.599278507317475,7.618343582505475,1485.8451570109314,1529.4081247408135,2,2.488761733886449,2.327339591406106
30.97999999950384,7.591897392737316,7.680220075901941,1510.0793629697328,1545.376939766015,2,2.488761733886449,2.327339591406106
30.999999999503082,7.584720924888884,7.722362827147144,1526.696985218952,1493.84069785948,2,2.488761733886449,2.327339591406106
31.019999999502325,7.577185663639984,7.712227399617138,1522.692104189406,1459.6396986693096,2,2.488761733886449,2.327339591406106
31.039999999501568,7.569900652612223,7.69089454932121,1514.2798946453884,1426.6789106497056,2,2.488761733886449,2.327339591406106
31.05999999950081,7.562992091350065,7.667027480380322,1504.8959812997864,1375.8049221577949,2,2.488761733886449,2.327339591406106
31.079999999500053,7.555899266856639,7.6695707609911725,1505.8945449757362,1414.1086713673103,2,2.488761733886449,2.327339591406106
31.099999999499296,7.549203440879617,7.705420625288269,1520.00544906203,1474.3027986938177,2,2.488761733886449,2.327339591406106
31.11999999949854,7.543442652937981,7.7637098696659566,1543.089220805395,1527.0745406275921,2,2.488761733886449,2.327339591406106
31.139999999497782,7.539011161814697,7.844797100531029,1575.490807267014,1574.6520983783944,2,2.488761733886449,2.327339591406106
31.159999999497025,7.5356909880327185,7.906285158414453,1600.285208122816,1586.2783930143187,2,2.488761733886449,2.327339591406106
31.179999999496268,7.532066004431109,7.866537627286342,1584.235319436699,1493.7685780012475,2,2.488761733886449,2.327339591406106
31.19999999949551,7.526633980264599,7.74774109350369,1536.7479470789078,1443.2250239201755,2,2.488761733886449,2.327339591406106
31.219999999494753,7.520358547307001,7.632467623239481,1491.3596342557055,1395.948615246905,2,2.488761733886449,2.327339591406106
31.239999999493996,7.513352549413343,7.553108207771555,1460.5077162942996,1460.2769266641772,2,2.488761733886449,2.327339591406106
31.25999999949324,7.50607713474751,7.545322984688149,1457.498486670469,1508.8409496715983,2,2.488761733886449,2.327339591406106
31.279999999492482,7.498943641746096,7.5512410181252045,1459.7857068281412,1483.828013324707,2,2.488761733886449,2.327339591406106
31.299999999491725,7.492077394884766,7.563819996041758,1464.6532263501174,1490.3841964919316,2,2.488761733886449,2.327339591406106
31.319999999490967,7.485779908524394,7.5885010581219525,1474.2272710519305,1490.9894921460755,2,2.488761733886449,2.327339591406106
31.33999999949021,7.479760692131465,7.578598877304597,1470.3823640177932,1425.6288772157711,2,2.488761733886449,2.327339591406106
31.359999999489453,7.473520738698382,7.53651331631916,1454.0970199559115,1404.3840936871218,2,2.488761733886449,2.327339591406106
31.379999999488696,7.467663142591242,7.506254039261589,1442.4439935789285,1366.1417889396932,2,2.488761733886449,2.327339591406106
31.39999999948794,7.461841064526961,7.471424487607859,1429.0889646965034,1315.6625882672472,2,2.488761733886449,2.327339591406106
31.41999999948718,7.455615273703875,7.422958671318005,1410.6086017472821,1335.6606914768993,2,2.488761733886449,2.327339591406106
31.439999999486425,7.4496507993586185,7.408489692925188,1405.1147887193597,1427.8940582867076,2,2.488761733886449,2.327339591406106
31.459999999485667,7.444692086411625,7.432324364963024,1414.1704328443327,1479.900882804309,2,2.488761733886449,2.327339591406106
31.47999999948491,7.44072551571463,7.46225169387058,1425.5820855417553,1489.1589997201636,2,2.488761733886449,2.327339591406106
31.499999999484153,7.437045164497329,7.47404904318757,1430.0931593311063,1467.7748174899216,2,2.488761733886449,2.327339591406106
31.519999999483396,7.432356442903061,7.423255845678216,1410.7215499983654,1407.9869690108728,2,2.488761733886449,2.327339591406106
31.53999999948264,7.426672242173749,7.344762540175945,1381.045418589463,1392.9211534527121,2,2.488761733886449,2.327339591406106
31.55999999948188,7.420698712144974,7.287061300237484,1359.4313735403255,1358.815574916902,2,2.488761733886449,2.327339591406106
31.579999999481124,7.414117854345129,7.2414073692692575,1342.450874026785,1436.5868228203597,2,2.488761733886449,2.327339591406106
31.599999999480367,7.407649254460543,7.2529927888619214,1346.7498444495336,1452.5391835756682,2,2.488761733886449,2.327339591406106
31.61999999947961,7.401431758442821,7.279483700135533,1356.6055783619088,1434.4269894549434,2,2.488761733886449,2.327339591406106
31.639999999478853,7.395762156670476,7.31867636151379,1371.252802222025,1447.207195493724,2,2.488761733886449,2.327339591406106
31.659999999478096,7.390945977576546,7.3746520452174735,1392.3086162008549,1447.0622348313802,2,2.488761733886449,2.327339591406106
31.67999999947734,7.386471771353811,7.408236291936505,1405.0186688887022,1394.7266501036545,2,2.488761733886449,2.327339591406106
31.69999999947658,7.381663476322583,7.38870808406409,1397.6211365339884,1364.7712510704455,2,2.488761733886449,2.327339591406106
31.719999999475824,7.376916425636323,7.370723462053299,1390.8256056846121,1327.5924794488037,2,2.488761733886449,2.327339591406106
31.739999999475067,7.371999006042032,7.354203808752422,1384.5982090215025,1281.6840507275112,2,2.488761733886449,2.327339591406106
31.75999999947431,7.36646323736629,7.341492289156937,1379.815873125379,1287.5287632601696,2,2.488761733886449,2.327339591406106
31.779999999473553,7.360886437740527,7.364887793509476,1388.624143574122,1384.8674717255615,2,2.488761733886449,2.327339591406106
31.799999999472796,7.356112913175034,7.422212866749069,1410.3251607270129,1423.6628317979685,2,2.488761733886449,2.327339591406106
31.81999999947204,7.351956288074019,7.481719656874672,1433.0300737649884,1420.5901972037543,2,2.488761733886449,2.327339591406106
31.83999999947128,7.3475872813046985,7.509583742409,1443.7239863803982,1381.1691739852372,2,2.488761733886449,2.327339591406106
31.859999999470524,7.342382465554246,7.494494778733645,1437.9280823727406,1369.8876973536119,2,2.488761733886449,2.327339591406106
31.879999999469767,7.337050472388376,7.472250306064377,1429.4048972919938,1348.3429174717633,2,2.488761733886449,2.327339591406106
31.89999999946901,7.331517294048254,7.441297450778621,1417.5871655010726,1305.7124608753954,2,2.488761733886449,2.327339591406106
31.919999999468253,7.325533570990884,7.4368965831520715,1415.910907103293,1359.8503703165766,2,2.488761733886449,2.327339591406106
31.939999999467496,7.319772384716023,7.457424209058902,1423.7382051416319,1385.7794691609558,2,2.488761733886449,2.327339591406106
31.95999999946674,7.3144860767829645,7.486364171906915,1434.809823849828,1388.6843827803061,2,2.488761733886449,2.327339591406106
31.97999999946598,7.309982403314983,7.536412586787249,1454.0581506466706,1411.355865082548,2,2.488761733886449,2.327339591406106
31.999999999465224,7.306471832279324,7.587493678484279,1473.835887312707,1429.2373078126511,2,2.488761733886449,2.327339591406106
32.01999999946447,7.303383519808224,7.589632474365456,1474.6669070253222,1385.0612576813062,2,2.488761733886449,2.327339591406106
32.03999999946371,7.299756500317183,7.538617957614628,1454.9092735334716,1337.1485794351224,2,2.488761733886449,2.327339591406106
32.05999999946295,7.295784253984579,7.482491122090379,1433.3256180792043,1306.2294429540268,2,2.488761733886449,2.327339591406106
32.079999999462196,7.291501314716832,7.423898196148135,1410.9657061681562,1261.0538737463132,2,2.488761733886449,2.327339591406106
32.09999999946144,7.286367457282989,7.3653487749090685,1388.7979819142552,1260.1681913178986,2,2.488761733886449,2.327339591406106
32.11999999946068,7.280887602754429,7.353167566569523,1384.208043607468,1345.3146254421986,2,2.488761733886449,2.327339591406106
32.139999999459924,7.275933699789986,7.372789405452082,1391.605385222504,1367.6220468354807,2,2.488761733886449,2.327339591406106
32.15999999945917,7.271380052445535,7.379226800096124,1394.0365475522767,1357.0562360275576,2,2.488761733886449,2.327339591406106
32.17999999945841,7.266614522581088,7.35779724817551,1385.9516350307542,1322.5229377504443,2,2.488761733886449,2.327339591406106
32.19999999945765,7.261459546937261,7.324051984429948,1373.2679330393637,1328.779148721033,2,2.488761733886449,2.327339591406106
32.219999999456896,7.2565747374614125,7.3019339561468835,1364.9861470548824,1311.2889754309354,2,2.488761733886449,2.327339591406106
32.23999999945614,7.2517495577304585,7.27232762511624,1353.939675121032,1267.7294724832936,2,2.488761733886449,2.327339591406106
32.25999999945538,7.246604453699651,7.232837524532924,1339.2753067889546,1239.8013627415125,2,2.488761733886449,2.327339591406106
32.279999999454624,7.241402353921067,7.206359660326909,1329.4876565721668,1289.3842403443932,2,2.488761733886449,2.327339591406106
32.29999999945387,7.236784068440256,7.217028773174124,1333.427219581456,1331.4761759979071,2,2.488761733886449,2.327339591406106
32.31999999945311,7.23301925089751,7.2413701962860815,1342.4370914088145,1357.050807422926,2,2.488761733886449,2.327339591406106
32.33999999945235,7.2301064127724395,7.268158716538333,1352.3878108053334,1365.2773198472237,2,2.488761733886449,2.327339591406106
32.359999999451595,7.227608339126088,7.278537183906993,1356.252815509715,1339.6716887520372,2,2.488761733886449,2.327339591406106
32.37999999945084,7.224509813666367,7.237339784311102,1340.9431562364166,1308.2550156323725,2,2.488761733886449,2.327339591406106
32.39999999945008,7.220876357676026,7.185186947754401,1321.6869056146554,1288.3763455288324,2,2.488761733886449,2.327339591406106
32.419999999449324,7.216931724635879,7.146945376576569,1307.6555710811006,1247.2297637225615,2,2.488761733886449,2.327339591406106
32.43999999944857,7.212100831914649,7.1005405061600095,1290.7295747542046,1239.322445511754,2,2.488761733886449,2.327339591406106
32.45999999944781,7.206787569701169,7.071714541846987,1280.2709339717799,1311.3938952848866,2,2.488761733886449,2.327339591406106
32.47999999944705,7.201828163035845,7.094582141984948,1288.5642719630343,1326.3036786075702,2,2.488761733886449,2.327339591406106
32.499999999446295,7.197229190427445,7.130552652463328,1301.6637935310237,1305.1398611492161,2,2.488761733886449,2.327339591406106
32.51999999944554,7.19267953255953,7.161401764546638,1312.951006865765,1291.7313255842646,2,2.488761733886449,2.327339591406106
32.53999999944478,7.188034452663786,7.172779943814879,1317.1264071864355,1288.2980176543274,2,2.488761733886449,2.327339591406106
32.559999999444024,7.183666444927391,7.184144803651516,1321.3035367932375,1277.180950012987,2,2.488761733886449,2.327339591406106
32.57999999944327,7.17963965463259,7.19145495514973,1323.99386207603,1250.592109804961,2,2.488761733886449,2.327339591406106
32.59999999944251,7.175550430335732,7.188009276624987,1322.7254221497535,1216.2618271012836,2,2.488761733886449,2.327339591406106
32.61999999944175,7.171322789042075,7.182635336718037,1320.748354646135,1190.529562893332,2,2.488761733886449,2.327339591406106
32.639999999440995,7.167142040142822,7.195383222221614,1325.4406964159991,1248.801834931166,2,2.488761733886449,2.327339591406106
32.65999999944024,7.163629576717173,7.236237606848411,1340.5347617626926,1311.1493576281243,2,2.488761733886449,2.327339591406106
32.67999999943948,7.160858201112932,7.284645000433863,1358.529981600002,1312.2711469329297,2,2.488761733886449,2.327339591406106
32.699999999438724,7.158234870269451,7.313769728450389,1369.4147706947854,1298.829532124354,2,2.488761733886449,2.327339591406106
32.71999999943797,7.1550282106094265,7.307946753483162,1367.235075712725,1275.0000435005636,2,2.488761733886449,2.327339591406106
32.73999999943721,7.1513988253960425,7.2933818317314865,1361.7906387619878,1267.4580120249448,2,2.488761733886449,2.327339591406106
32.75999999943645,7.147595830097501,7.273869954037704,1354.5140281654383,1239.413912079272,2,2.488761733886449,2.327339591406106
32.779999999435695,7.143160768817928,7.24557720102812,1343.9973706392068,1211.3366771115545,2,2.488761733886449,2.327339591406106
32.79999999943494,7.13825342121256,7.246842043262567,1344.4666480943317,1266.6559780727819,2,2.488761733886449,2.327339591406106
32.81999999943418,7.13365356313205,7.274661669821076,1354.8089051712666,1297.1131264613236,2,2.488761733886449,2.327339591406106
32.839999999433424,7.129522785192743,7.2997709043880645,1364.177567193962,1280.005713720663,2,2.488761733886449,2.327339591406106
32.85999999943267,7.125704989823471,7.320734613724281,1372.024193343983,1284.0994507480052,2,2.488761733886449,2.327339591406106
32.87999999943191,7.122097617026623,7.32315323072106,1372.9309190686943,1256.4220073052154,2,2.488761733886449,2.327339591406106
32.89999999943115,7.118500371499341,7.316512174745896,1370.4419429229324,1252.3682708860276,2,2.488761733886449,2.327339591406106
32.919999999430395,7.1151839082310415,7.306264544371764,1366.6057031502717,1230.9539662112152,2,2.488761733886449,2.327339591406106
32.93999999942964,7.111945620085567,7.286061498844354,1359.0583649748373,1210.325679749542,2,2.488761733886449,2.327339591406106
32.95999999942888,7.108532911951144,7.258840958926192,1348.9225192657282,1183.8596355826942,2,2.488761733886449,2.327339591406106
32.979999999428124,7.104893362388201,7.23113945543697,1338.6465314170825,1169.3330165814505,2,2.488761733886449,2.327339591406106
32.99999999942737,7.101251483712926,7.226684972013319,1336.9977892840514,1243.808238965982,2,2.488761733886449,2.327339591406106
33.01999999942661,7.0981580352566915,7.241734560719491,1342.5721897735966,1275.0024446368868,2,2.488761733886449,2.327339591406106
33.03999999942585,7.0952948033177465,7.230632055035961,1338.4586755582195,1250.5288153810077,2,2.488761733886449,2.327339591406106
33.059999999425095,7.091900659889392,7.187832571867848,1322.6603891225159,1234.5964044670663,2,2.488761733886449,2.327339591406106
33.07999999942434,7.088176346786132,7.152146619833326,1309.559576011986,1238.0670312711463,2,2.488761733886449,2.327339591406106
33.09999999942358,7.084502570329752,7.125624094063636,1299.8650244215642,1226.7235491776817,2,2.488761733886449,2.327339591406106
33.119999999422824,7.080564901013331,7.095288243016361,1288.8207780745483,1193.8678396627529,2,2.488761733886449,2.327339591406106
33.139999999422066,7.076321197990298,7.0622734689997655,1276.8547715588595,1177.4643349073706,2,2.488761733886449,2.327339591406106
33.15999999942131,7.072059574039459,7.041209013972558,1269.249249437564,1222.2570601788004,2,2.488761733886449,2.327339591406106
33.17999999942055,7.068334756833264,7.053415535562083,1273.6537622534065,1246.0069094294167,2,2.488761733886449,2.327339591406106
33.199999999419795,7.065185474270066,7.07106455386511,1280.0355957176162,1241.2239506683452,2,2.488761733886449,2.327339591406106
33.21999999941904,7.062461185098532,7.081876630999349,1283.9530891758802,1227.4464743635292,2,2.488761733886449,2.327339591406106
33.23999999941828,7.059880179395018,7.079943036878095,1283.2520588272237,1211.1624447958366,2,2.488761733886449,2.327339591406106
33.25999999941752,7.057143133519795,7.055266372177869,1274.3222708054898,1221.338246850461,2,2.488761733886449,2.327339591406106
33.279999999416766,7.054481094988064,7.040367479108263,1268.945877200106,1203.1055352131702,2,2.488761733886449,2.327339591406106
33.29999999941601,7.051633155925571,7.02205254389557,1262.352348590605,1182.5894585018964,2,2.488761733886449,2.327339591406106
33.31999999941525,7.048400178304117,7.001761812898328,1255.0675711164652,1151.0578919997026,2,2.488761733886449,2.327339591406106
33.339999999414495,7.044751371939808,6.975867686754808,1245.8016792715625,1174.4956116359374,2,2.488761733886449,2.327339591406106
33.35999999941374,7.0411720713390835,6.972321757850388,1244.5354851182174,1233.5003599051563,2,2.488761733886449,2.327339591406106
33.37999999941298,7.037951625001928,6.998092055401237,1253.7523059705868,1210.5225349101406,2,2.488761733886449,2.327339591406106
33.39999999941222,7.03455891822112,7.0142162710352585,1259.5364716620772,1184.2661191703812,2,2.488761733886449,2.327339591406106
33.419999999411466,7.030838542716671,7.012516615010105,1258.9261342279576,1209.4290278303488,2,2.488761733886449,2.327339591406106
33.43999999941071,7.027332729747484,7.026268322434595,1263.8685421568402,1204.9863081656586,2,2.488761733886449,2.327339591406106
33.45999999940995,7.023936201350312,7.037114252679879,1267.7734342842462,1191.8860898486155,2,2.488761733886449,2.327339591406106
33.479999999409195,7.020546174912119,7.041150602623513,1269.2281910502122,1167.947734014737,2,2.488761733886449,2.327339591406106
33.49999999940844,7.017170168107284,7.043380489679894,1270.0322311377638,1142.1533275705735,2,2.488761733886449,2.327339591406106
33.51999999940768,7.013872978438437,7.051359675259457,1272.9114062713306,1151.289521580066,2,2.488761733886449,2.327339591406106
33.53999999940692,7.010941878971836,7.07674346434043,1282.0924646711962,1202.5743676873194,2,2.488761733886449,2.327339591406106
33.559999999406166,7.008586287788368,7.1106862412068645,1294.4207743383413,1211.8739959024372,2,2.488761733886449,2.327339591406106
33.57999999940541,7.0064469683872455,7.133060014090139,1302.5793791331985,1198.8612650343869,2,2.488761733886449,2.327339591406106
33.59999999940465,7.004021166038543,7.136165402738757,1303.713785884772,1192.3350661091404,2,2.488761733886449,2.327339591406106
33.619999999403895,7.001397966338261,7.137511057989903,1304.2055106726277,1191.2802832635768,2,2.488761733886449,2.327339591406106
33.63999999940314,6.998727201933294,7.136654636733123,1303.8925493888469,1181.8427323601657,2,2.488761733886449,2.327339591406106
33.65999999940238,6.995739921206642,7.12655946954881,1300.2063114904522,1160.381970298039,2,2.488761733886449,2.327339591406106
33.67999999940162,6.992363434763015,7.110985099636023,1294.5295842831729,1140.5558913017244,2,2.488761733886449,2.327339591406106
33.699999999400866,6.988727395811198,7.116862988858197,1296.6705664955982,1186.1638663105568,2,2.488761733886449,2.327339591406106
33.71999999940011,6.985382086559815,7.139232227832649,1304.8345898658856,1206.7023532198054,2,2.488761733886449,2.327339591406106
33.73999999939935,6.982269915204008,7.146251137672015,1307.401537719638,1184.2044350167696,2,2.488761733886449,2.327339591406106
33.759999999398595,6.979011948606656,7.139670459039679,1304.994785463726,1169.4185446642034,2,2.488761733886449,2.327339591406106
33.77999999939784,6.975743129672692,7.141857422448561,1305.7943778157335,1178.7253153683896,2,2.488761733886449,2.327339591406106
33.79999999939708,6.972798333817457,7.146105803220093,1307.3483605921824,1169.7796651623798,2,2.488761733886449,2.327339591406106
33.81999999939632,6.97003685395468,7.143949083872507,1306.5593551951324,1162.6390910120547,2,2.488761733886449,2.327339591406106
33.839999999395566,6.967393564828691,7.1360995920946495,1303.6897399599604,1151.163686288525,2,2.488761733886449,2.327339591406106
33.85999999939481,6.964833812693593,7.125272993029789,1299.7369310211254,1135.1039948239143,2,2.488761733886449,2.327339591406106
33.87999999939405,6.962316067883795,7.11125152328008,1294.6265890568636,1119.6540803320406,2,2.488761733886449,2.327339591406106
33.899999999393295,6.959855549418796,7.103719071176454,1291.8854265236323,1165.9883040435332,2,2.488761733886449,2.327339591406106
33.91999999939254,6.957685837412504,7.1010197312531975,1290.9038068069883,1175.4580344227359,2,2.488761733886449,2.327339591406106
33.93999999939178,6.955409165859149,7.070907463884308,1279.9787220935582,1148.0553708571526,2,2.488761733886449,2.327339591406106
33.95999999939102,6.952643173079465,7.031981342772392,1265.92466692504,1162.8513682443424,2,2.488761733886449,2.327339591406106
33.979999999390266,6.949803604961978,7.008567397593797,1257.5085623863624,1159.6098948689496,2,2.488761733886449,2.327339591406106
33.99999999938951,6.946849028652796,6.987429979301916,1249.9348599702073,1157.8353115724315,2,2.488761733886449,2.327339591406106
34.01999999938875,6.943741580103472,6.967320184467208,1242.750598200662,1138.5930380425266,2,2.488761733886449,2.327339591406106
34.039999999387994,6.940519872974722,6.9490405688095995,1236.2381365149533,1121.2263636418356,2,2.488761733886449,2.327339591406106
34.05999999938724,6.937293442082184,6.930844939308373,1229.77258745249,1147.0366080579126,2,2.488761733886449,2.327339591406106
34.07999999938648,6.934422816684245,6.933605520724041,1230.7524285767126,1166.5479438561508,2,2.488761733886449,2.327339591406106
34.09999999938572,6.931881308799325,6.941090576119403,1233.4111384043597,1141.1151524981017,2,2.488761733886449,2.327339591406106
34.119999999384966,6.9293711664458,6.935552556110574,1231.4437442219719,1119.8977808633622,2,2.488761733886449,2.327339591406106
34.13999999938421,6.926843607765307,6.921285697527507,1226.3826438918927,1141.3013127932936,2,2.488761733886449,2.327339591406106
34.15999999938345,6.924521250618417,6.917953655410754,1225.2021190088535,1146.076659349502,2,2.488761733886449,2.327339591406106
34.179999999382694,6.922318451181608,6.914422576965399,1223.951697022017,1139.3295026052995,2,2.488761733886449,2.327339591406106
34.19999999938194,6.920136337869833,6.9090555845066595,1222.0523655765144,1134.1110588993633,2,2.488761733886449,2.327339591406106
34.21999999938118,6.917901947309862,6.902590231488589,1219.76629244936,1117.8371933212104,2,2.488761733886449,2.327339591406106
34.23999999938042,6.915532931645496,6.893816828072071,1216.6675424350155,1104.684568485855,2,2.488761733886449,2.327339591406106
34.259999999379666,6.913037375631781,6.8816576986595654,1212.379476135761,1141.461494713265,2,2.488761733886449,2.327339591406106
34.27999999937891,6.910643598851666,6.8884910668250905,1214.7884156471887,1132.1569655879628,2,2.488761733886449,2.327339591406106
34.29999999937815,6.908002887526299,6.890888010499294,1215.6339668649086,1114.036661592955,2,2.488761733886449,2.327339591406106
34.319999999377394,6.905047744658719,6.887720431585193,1214.516627126988,1136.6014831177283,2,2.488761733886449,2.327339591406106
34.33999999937664,6.9021649204149105,6.898469410428769,1218.3103351710774,1137.104469829403,2,2.488761733886449,2.327339591406106
34.35999999937588,6.89932338717357,6.911681443653855,1222.9814497728776,1137.013701002443,2,2.488761733886449,2.327339591406106
34.37999999937512,6.896593364835617,6.924028188871685,1227.3547205488824,1126.469726551603,2,2.488761733886449,2.327339591406106
34.399999999374366,6.894026278238086,6.9356190077504145,1231.4673420096142,1109.4916837550045,2,2.488761733886449,2.327339591406106
34.41999999937361,6.891637318517494,6.946678765170647,1235.3979469879137,1096.2029744856275,2,2.488761733886449,2.327339591406106
34.43999999937285,6.889397693466744,6.960141205717708,1240.190909957707,1112.4392857504436,2,2.488761733886449,2.327339591406106
34.459999999372094,6.887427790001375,6.978515024591303,1246.7474207551993,1124.6912379880487,2,2.488761733886449,2.327339591406106
34.47999999937134,6.885555254345416,6.989326362549015,1250.6134148013227,1109.262846144142,2,2.488761733886449,2.327339591406106
34.49999999937058,6.883456801890406,6.99314953553722,1251.981964178092,1122.2022252522227,2,2.488761733886449,2.327339591406106
34.51999999936982,6.881333683109133,7.001706900062073,1255.047884914162,1125.8953905423082,2,2.488761733886449,2.327339591406106
34.539999999369066,6.879207064272592,7.011460103220594,1258.5468210138342,1123.244679896058,2,2.488761733886449,2.327339591406106
34.55999999936831,6.877007687607159,7.017203455447026,1260.6095121103926,1122.0187912261863,2,2.488761733886449,2.327339591406106
34.57999999936755,6.874701147435995,7.017173514859319,1260.5987547454736,1104.320188288641,2,2.488761733886449,2.327339591406106
34.599999999366794,6.872243868496583,7.012348043421178,1258.8656091298494,1098.3743028672,2,2.488761733886449,2.327339591406106
34.61999999936604,6.869695212013916,7.018040564178515,1260.9102957999905,1123.7270157359358,2,2.488761733886449,2.327339591406106
34.63999999936528,6.8672620954629116,7.02054612659794,1261.810790285065,1118.9262386703426,2,2.488761733886449,2.327339591406106
34.65999999936452,6.864671583900008,7.009401617662371,1257.8079392068887,1104.1896400195149,2,2.488761733886449,2.327339591406106
34.679999999363766,6.861941541650285,7.007862097431776,1257.2554788914686,1113.4563505420567,2,2.488761733886449,2.327339591406106
34.69999999936301,6.859391980494141,7.012752580910514,1259.010859485124,1111.2965319057218,2,2.488761733886449,2.327339591406106
34.71999999936225,6.857027274227307,7.01868996923135,1261.1436599120905,1113.3409881474186,2,2.488761733886449,2.327339591406106
34.739999999361494,6.854907671376237,7.023628109666392,1262.9188901451034,1115.0045252714742,2,2.488761733886449,2.327339591406106
34.75999999936074,6.853039664702223,7.025535231438222,1263.6048225631093,1109.2956674857753,2,2.488761733886449,2.327339591406106
34.77999999935998,6.85136245037634,7.020975521549975,1261.9651462976651,1093.3741162331569,2,2.488761733886449,2.327339591406106
34.79999999935922,6.849728299118923,7.00565882207374,1256.4650396620382,1079.7701648235225,2,2.488761733886449,2.327339591406106
34.819999999358465,6.848007327926357,6.98492684549526,1249.039482470734,1091.8297338924974,2,2.488761733886449,2.327339591406106
34.83999999935771,6.846188503764738,6.958187270542122,1239.4946848584243,1085.3441655370748,2,2.488761733886449,2.327339591406106
34.85999999935695,6.84402898547899,6.9253672701606135,1227.8294981270217,1096.2276477626426,2,2.488761733886449,2.327339591406106
34.879999999356194,6.841698471473073,6.902699212951313,1219.8048092842496,1097.7960458540256,2,2.488761733886449,2.327339591406106
34.89999999935544,6.839296179282893,6.886886969177674,1214.2227148762909,1103.871340521716,2,2.488761733886449,2.327339591406106
34.91999999935468,6.836880797712941,6.876325005487926,1210.5012244030559,1106.173445589131,2,2.488761733886449,2.327339591406106
34.93999999935392,6.834521771806432,6.868849387383159,1207.8706547588267,1094.6130946576493,2,2.488761733886449,2.327339591406106
34.959999999353165,6.832244005806051,6.861970333469806,1205.452536028784,1084.5340322619488,2,2.488761733886449,2.327339591406106
34.97999999935241,6.830014999659534,6.850127383991182,1201.2951895676606,1082.6451257967108,2,2.488761733886449,2.327339591406106
34.99999999935165,6.827904065565705,6.841847842351039,1198.393006245378,1084.0949576409403,2,2.488761733886449,2.327339591406106
35.019999999350894,6.825845277871499,6.836140827339503,1196.3946003728256,1051.0891115778434,2,2.488761733886449,2.327339591406106
35.03999999935014,6.823682101301088,6.819947261481793,1190.7332342198656,1070.3744233139414,2,2.488761733886449,2.327339591406106
35.05999999934938,6.821615843608387,6.813893057282254,1188.6200969449033,1082.7030578411516,2,2.488761733886449,2.327339591406106
35.07999999934862,6.8196952194528855,6.812066905405884,1187.9830719910258,1091.0882069966315,2,2.488761733886449,2.327339591406106
35.099999999347865,6.817952639189591,6.813477056833476,1188.4749665780007,1095.8541425720166,2,2.488761733886449,2.327339591406106
35.11999999934711,6.816376996986643,6.816215066500436,1189.430340682821,1097.9566037333452,2,2.488761733886449,2.327339591406106
35.13999999934635,6.814888915147813,6.817513898273936,1189.883676468584,1084.2791213288358,2,2.488761733886449,2.327339591406106
35.159999999345594,6.813336118478003,6.814310445949969,1188.7657205258593,1067.829396793559,2,2.488761733886449,2.327339591406106
35.17999999934484,6.8115499329227776,6.802453104266079,1184.6322611502455,1066.5588441943457,2,2.488761733886449,2.327339591406106
35.19999999934408,6.809537824556399,6.795523297372988,1182.2198692672075,1048.6935876353475,2,2.488761733886449,2.327339591406106
35.21999999934332,6.8072151767472535,6.787539790991613,1179.4437134550274,1068.3828630395947,2,2.488761733886449,2.327339591406106
35.239999999342565,6.804747601079486,6.790262816388671,1180.3902418028563,1077.7580703583665,2,2.488761733886449,2.327339591406106
35.25999999934181,6.802274650235644,6.801079248843542,1184.1538016649351,1083.457383061242,2,2.488761733886449,2.327339591406106
35.27999999934105,6.799944984707398,6.817806524756141,1189.9858248330297,1091.4065993130512,2,2.488761733886449,2.327339591406106
35.299999999340294,6.797878101548321,6.837494726884825,1196.8685398504088,1090.613094472154,2,2.488761733886449,2.327339591406106
35.31999999933954,6.796109462582889,6.856311896596137,1203.4653036651239,1080.0273991419115,2,2.488761733886449,2.327339591406106
35.33999999933878,6.7945726757289355,6.870434019921019,1208.4280266897151,1067.0700023601887,2,2.488761733886449,2.327339591406106
35.35999999933802,6.793115279392896,6.877429778586051,1210.8902219029599,1051.1676740819084,2,2.488761733886449,2.327339591406106
35.379999999337265,6.791585578410122,6.879892995556623,1211.7577609629616,1050.6798988231085,2,2.488761733886449,2.327339591406106
35.39999999933651,6.789914264409489,6.880468221439164,1211.9603988724032,1058.2227608941212,2,2.488761733886449,2.327339591406106
35.41999999933575,6.78810999100094,6.8848386506058015,1213.5005467658489,1067.0634784463446,2,2.488761733886449,2.327339591406106
35.439999999334994,6.786257656818791,6.894272148438209,1216.8282637941784,1070.8799327478744,2,2.488761733886449,2.327339591406106
35.45999999933424,6.784423531975709,6.908055286065591,1221.698531808645,1076.4790125025067,2,2.488761733886449,2.327339591406106
35.47999999933348,6.782667211617345,6.923020743990035,1226.997586741001,1084.469569507231,2,2.488761733886449,2.327339591406106
35.49999999933272,6.780986601271943,6.93385628210585,1230.8414531858039,1075.4969506162183,2,2.488761733886449,2.327339591406106
35.519999999331965,6.779308682531772,6.935360532682407,1231.3755556316755,1065.5743592726956,2,2.488761733886449,2.327339591406106
35.53999999933121,6.77750756312558,6.928006785084781,1228.7656194234162,1052.9054787516623,2,2.488761733886449,2.327339591406106
35.55999999933045,6.77555058880053,6.917869151131296,1225.1721869812443,1054.2195766670072,2,2.488761733886449,2.327339591406106
35.579999999329694,6.773414353102393,6.90930235220499,1222.1396621487308,1058.9191784022878,2,2.488761733886449,2.327339591406106
35.599999999328936,6.771194037641997,6.906246826458045,1221.0589586849512,1060.2463850552847,2,2.488761733886449,2.327339591406106
35.61999999932818,6.769025351927187,6.909436089214087,1222.1869742727667,1061.4004267501875,2,2.488761733886449,2.327339591406106
35.63999999932742,6.767058098443014,6.918794870846725,1225.5001035428713,1068.2057392271843,2,2.488761733886449,2.327339591406106
35.659999999326665,6.765410445254316,6.931400726574701,1229.9698272855317,1079.5789197942386,2,2.488761733886449,2.327339591406106
35.67999999932591,6.764106178469163,6.9414326300542095,1233.5327053321657,1081.4261508007276,2,2.488761733886449,2.327339591406106
35.69999999932515,6.763053637720329,6.941951520084845,1233.717131741161,1069.127915814192,2,2.488761733886449,2.327339591406106
35.71999999932439,6.762061088287182,6.927550592801434,1228.6038023364883,1050.3640081082035,2,2.488761733886449,2.327339591406106
35.739999999323636,6.760881271272345,6.896886334094241,1217.7512381174367,1028.8866154595166,2,2.488761733886449,2.327339591406106
35.75999999932288,6.759361043165401,6.862001883964451,1205.4636210989227,1043.923114525279,2,2.488761733886449,2.327339591406106
35.77999999932212,6.757575822129045,6.833314071516367,1195.4053825451372,1050.1329173467343,2,2.488761733886449,2.327339591406106
35.799999999321365,6.755570502549484,6.810787244043756,1187.5367835827415,1051.1646124167353,2,2.488761733886449,2.327339591406106
35.81999999932061,6.753482472193643,6.797197531094093,1182.802475229652,1057.9268419094658,2,2.488761733886449,2.327339591406106
35.83999999931985,6.751464207535998,6.792342503278583,1181.1134002741783,1068.7581450632654,2,2.488761733886449,2.327339591406106
35.85999999931909,6.749623765856264,6.792813077750579,1181.2770613579496,1067.2478639354786,2,2.488761733886449,2.327339591406106
35.879999999318336,6.747982095859919,6.7932993158107475,1181.4461819911094,1058.8544683887008,2,2.488761733886449,2.327339591406106
35.89999999931758,6.746469385636076,6.789133217845711,1179.9975453117938,1045.3847791498745,2,2.488761733886449,2.327339591406106
35.91999999931682,6.744951412233952,6.777888549254284,1176.0919825188148,1021.1170958162442,2,2.488761733886449,2.327339591406106
35.939999999316065,6.74332638939849,6.759640233791481,1169.7676511686936,1013.351682992301,2,2.488761733886449,2.327339591406106
35.95999999931531,6.741647324827809,6.746327050126961,1165.1644488900952,1021.7146873739363,2,2.488761733886449,2.327339591406106
35.97999999931455,6.73994194996737,6.735998870400501,1161.5996006104235,1033.9123382962925,2,2.488761733886449,2.327339591406106
35.99999999931379,6.738312162534451,6.730751711760623,1159.7905969152982,1046.2006351040309,2,2.488761733886449,2.327339591406106
36.019999999313036,6.736861854027527,6.731667584255082,1160.1062503882554,1055.3607982758763,2,2.488761733886449,2.327339591406106
36.03999999931228,6.735635377744812,6.737136080648071,1161.9918496302923,1066.4560701232956,2,2.488761733886449,2.327339591406106
36.05999999931152,6.734581045675237,6.742932924229443,1163.992338502128,1061.3192738037308,2,2.488761733886449,2.327339591406106
36.079999999310765,6.733555116825757,6.744416928712727,1164.504744587306,1045.9182348218076,2,2.488761733886449,2.327339591406106
36.09999999931001,6.7323569540470425,6.739049023341341,1162.651815338605,1023.9520320626259,2,2.488761733886449,2.327339591406106
36.11999999930925,6.730821924412341,6.72451225838935,1157.6413257682639,1013.9076604971716,2,2.488761733886449,2.327339591406106
36.13999999930849,6.72902434555582,6.716088651559985,1154.7428530525926,1025.5511600074476,2,2.488761733886449,2.327339591406106
36.159999999307736,6.727019271191532,6.714834228944821,1154.3115304936196,1034.3937543264485,2,2.488761733886449,2.327339591406106
36.17999999930698,6.724947631278489,6.721427259825442,1156.579389233915,1039.683035213984,2,2.488761733886449,2.327339591406106
36.19999999930622,6.723001515753091,6.736170627223866,1161.6588391004775,1051.6564169744195,2,2.488761733886449,2.327339591406106
36.219999999305465,6.721337343510606,6.75697348088167,1168.8448606518214,1059.550721799239,2,2.488761733886449,2.327339591406106
36.23999999930471,6.7200164009477685,6.7791977245812785,1176.5463598061135,1057.8877555156475,2,2.488761733886449,2.327339591406106
36.25999999930395,6.7189851685205335,6.7973874087919635,1182.8685586256108,1043.9658092070565,2,2.488761733886449,2.327339591406106
36.27999999930319,6.718091418658832,6.807397701980529,1186.355068718339,1031.1498638829921,2,2.488761733886449,2.327339591406106
36.299999999302436,6.7171263456115495,6.808009754925514,1186.5684086134818,1012.1116672591072,2,2.488761733886449,2.327339591406106
36.31999999930168,6.715945023740179,6.805176140840033,1185.5808726499704,1022.8307474598624,2,2.488761733886449,2.327339591406106
36.33999999930092,6.714591098940691,6.805416915943971,1185.6647686144117,1030.0186834555377,2,2.488761733886449,2.327339591406106
36.359999999300165,6.713080966583829,6.810088298399506,1187.293058138784,1034.278424512557,2,2.488761733886449,2.327339591406106
36.37999999929941,6.711525214549955,6.8207821884564055,1191.0248013286084,1034.6477101430467,2,2.488761733886449,2.327339591406106
36.39999999929865,6.710034020316048,6.83639467142886,1196.4834526490047,1049.396996084112,2,2.488761733886449,2.327339591406106
36.41999999929789,6.708665548420523,6.852272453004146,1202.0476615743896,1050.8310539751703,2,2.488761733886449,2.327339591406106
36.439999999297136,6.707397262350931,6.8621658117001365,1205.5212169100455,1042.3056907334328,2,2.488761733886449,2.327339591406106
36.45999999929638,6.7061334379731905,6.861372612540125,1205.2425401254486,1029.14001569316,2,2.488761733886449,2.327339591406106
36.47999999929562,6.704740770868262,6.851045006268976,1201.617054840844,1015.8498455944106,2,2.488761733886449,2.327339591406106
36.499999999294864,6.703170974480485,6.842488318498022,1198.617383658706,1023.9428288577245,2,2.488761733886449,2.327339591406106
36.51999999929411,6.701509561342357,6.836988969381993,1196.6914858618686,1025.5667750044938,2,2.488761733886449,2.327339591406106
36.53999999929335,6.699798503530212,6.835763813261769,1196.2626413683774,1027.2546563499009,2,2.488761733886449,2.327339591406106
36.55999999929259,6.698188636200172,6.840974316565446,1198.087018626225,1030.2223612247544,2,2.488761733886449,2.327339591406106
36.579999999291836,6.696821032545349,6.851834403954025,1201.893978541717,1040.635490409776,2,2.488761733886449,2.327339591406106
36.59999999929108,6.695768745653439,6.863852796532759,1206.1140169223374,1051.0594537642107,2,2.488761733886449,2.327339591406106
36.61999999929032,6.694997855139061,6.870143173261259,1208.3257158852573,1048.9234935425238,2,2.488761733886449,2.327339591406106
36.639999999289564,6.694369351208374,6.864185944420731,1206.2311010442286,1030.9510399279184,2,2.488761733886449,2.327339591406106
36.65999999928881,6.693670336236181,6.842444859453325,1198.6021580277359,1014.0168127897001,2,2.488761733886449,2.327339591406106
36.67999999928805,6.692689473389434,6.810291527948621,1187.3639226041726,1009.4428894298551,2,2.488761733886449,2.327339591406106
36.69999999928729,6.691391441676458,6.779152600861287,1176.5306971941159,1019.2230958370226,2,2.488761733886449,2.327339591406106
36.719999999286536,6.6898478556118475,6.754470881469723,1167.9792042241124,1021.6715631438387,2,2.488761733886449,2.327339591406106
36.73999999928578,6.688134199005232,6.737167845574295,1162.0028070080118,1021.2934346406063,2,2.488761733886449,2.327339591406106
36.75999999928502,6.686425650986152,6.729409320491684,1159.3280222778014,1032.4758585951047,2,2.488761733886449,2.327339591406106
36.779999999284264,6.684872447137711,6.729694599319666,1159.4263187950794,1040.2762024902013,2,2.488761733886449,2.327339591406106
36.79999999928351,6.6835540892170995,6.733538824588564,1160.7513028361905,1036.8285223282505,2,2.488761733886449,2.327339591406106
36.81999999928275,6.682453994559327,6.735436869023359,1161.4057783267335,1028.3756500519203,2,2.488761733886449,2.327339591406106
36.83999999928199,6.681470204256948,6.731173372086663,1159.9359158991235,1013.7233271535778,2,2.488761733886449,2.327339591406106
36.859999999281236,6.680454321735847,6.719608283303503,1155.953478692657,992.508357738113,2,2.488761733886449,2.327339591406106
36.87999999928048,6.6793194392436535,6.701906089177539,1149.8709934698434,983.9756560808214,2,2.488761733886449,2.327339591406106
36.89999999927972,6.678105781336389,6.687440804301239,1144.9126246583,995.5163691689023,2,2.488761733886449,2.327339591406106
36.919999999278964,6.676829516259033,6.675755974436131,1140.9151547827364,1007.7955027096849,2,2.488761733886449,2.327339591406106
36.93999999927821,6.675597233715958,6.669550132057978,1138.794930894669,1018.8278912487403,2,2.488761733886449,2.327339591406106
36.95999999927745,6.674504753143539,6.66982841547447,1138.889964097563,1029.152453234384,2,2.488761733886449,2.327339591406106
36.97999999927669,6.6735851084758515,6.674671455426714,1140.5444870498186,1036.2107291078974,2,2.488761733886449,2.327339591406106
36.999999999275936,6.672783800010641,6.679929032209623,1142.3419873309463,1026.623258837238,2,2.488761733886449,2.327339591406106
37.01999999927518,6.671970357533424,6.681480691172573,1142.8727507692702,1015.7722808021318,2,2.488761733886449,2.327339591406106
37.03999999927442,6.670977252839159,6.677071469381007,1141.3648464735693,994.4413186301953,2,2.488761733886449,2.327339591406106
37.059999999273664,6.669712786087641,6.666715877321847,1137.8272646912133,988.3733333113,2,2.488761733886449,2.327339591406106
37.07999999927291,6.668253901101428,6.66232334026996,1136.3283851837089,999.5599833178269,2,2.488761733886449,2.327339591406106
37.09999999927215,6.666644212419475,6.663189788406018,1136.6239678456725,1006.6269003174837,2,2.488761733886449,2.327339591406106
37.11999999927139,6.6650375188380435,6.670928165830381,1139.2655653345726,1012.6340699244348,2,2.488761733886449,2.327339591406106
37.139999999270636,6.663607013457975,6.685982009190354,1144.4131777635694,1023.6314411346317,2,2.488761733886449,2.327339591406106
37.15999999926988,6.662473639480997,6.706209460701491,1151.348158536353,1032.2116549887928,2,2.488761733886449,2.327339591406106
37.17999999926912,6.661660102036273,6.727054152506174,1158.5166778295647,1031.047777525704,2,2.488761733886449,2.327339591406106
37.199999999268364,6.661083331637077,6.743327435899505,1164.1285468850729,1016.7945952104026,2,2.488761733886449,2.327339591406106
37.21999999926761,6.660575359057389,6.751239626423624,1166.8619780084805,1003.7297769361089,2,2.488761733886449,2.327339591406106
37.23999999926685,6.659934246646086,6.750252643741867,1166.5208292876841,992.1397494803667,2,2.488761733886449,2.327339591406106
37.25999999926609,6.659052938477571,6.746878267574481,1165.3548592295256,999.5363675385695,2,2.488761733886449,2.327339591406106
37.279999999265335,6.657969055025629,6.7470923420835005,1165.4288124615955,1005.6095780143811,2,2.488761733886449,2.327339591406106
37.29999999926458,6.6567069424928516,6.751369654305197,1166.9069256212395,1007.9922752921384,2,2.488761733886449,2.327339591406106
37.31999999926382,6.655394613229742,6.761777564374798,1170.5075057632298,1010.7047468726289,2,2.488761733886449,2.327339591406106
37.339999999263064,6.654155247274408,6.777160617473388,1175.8393761938214,1023.1974056902797,2,2.488761733886449,2.327339591406106
37.35999999926231,6.653056973505236,6.793084557313932,1181.3714843857877,1023.3582346069592,2,2.488761733886449,2.327339591406106
37.37999999926155,6.65208851189225,6.803776674216322,1185.0932995957091,1016.4992745243214,2,2.488761733886449,2.327339591406106
37.39999999926079,6.651166750494032,6.804931717128463,1185.4957083964293,1003.9861225521248,2,2.488761733886449,2.327339591406106
37.419999999260035,6.650172658276079,6.797834114389445,1183.024033468148,993.4172529985906,2,2.488761733886449,2.327339591406106
37.43999999925928,6.649049945134534,6.7898265727935305,1180.238577233908,995.8277824668845,2,2.488761733886449,2.327339591406106
37.45999999925852,6.647847982017298,6.785208569660607,1178.6336785220722,998.8389239269256,2,2.488761733886449,2.327339591406106
37.479999999257764,6.646598699048899,6.783585701147882,1178.0699408801404,1001.5635527971476,2,2.488761733886449,2.327339591406106
37.49999999925701,6.645423017721355,6.787265350433216,1179.3483385010782,1005.114731119259,2,2.488761733886449,2.327339591406106
37.51999999925625,6.644441539629548,6.795714663005411,1182.2864541138817,1012.5791021246797,2,2.488761733886449,2.327339591406106
37.53999999925549,6.64371188677372,6.804934912874153,1185.4968218664385,1023.6113235650096,2,2.488761733886449,2.327339591406106
37.559999999254735,6.643197571404863,6.8087326777635635,1186.8204185182517,1021.5554080345137,2,2.488761733886449,2.327339591406106
37.57999999925398,6.642771926071541,6.801344108943451,1184.246034438534,1006.5412540027428,2,2.488761733886449,2.327339591406106
37.59999999925322,6.642247773565165,6.779939601150232,1176.8038828854108,989.8915383255805,2,2.488761733886449,2.327339591406106
37.619999999252464,6.6414634687878396,6.752061464182412,1167.1460827520054,989.9417032369328,2,2.488761733886449,2.327339591406106
37.63999999925171,6.640393443987465,6.724244781908347,1157.549234131585,996.7675884440208,2,2.488761733886449,2.327339591406106
37.65999999925095,6.639106014653934,6.702841152265518,1150.1918803682165,998.2908329673837,2,2.488761733886449,2.327339591406106
37.67999999925019,6.63768017506444,6.688324683190323,1145.215290806392,997.1623885848704,2,2.488761733886449,2.327339591406106
37.699999999249435,6.636293045709884,6.68280160097948,1143.3246808486313,1006.142378998809,2,2.488761733886449,2.327339591406106
37.71999999924868,6.635091572498305,6.684838582851285,1144.0217796786967,1015.0804361215116,2,2.488761733886449,2.327339591406106
37.73999999924792,6.634150061762935,6.690205535920978,1145.8594832683755,1014.6877313192022,2,2.488761733886449,2.327339591406106
37.759999999247164,6.633447978059553,6.693561372238745,1147.0093078177786,1004.5552736670121,2,2.488761733886449,2.327339591406106
37.77999999924641,6.632880156718484,6.690565111484472,1145.9826585997102,993.919987042359,2,2.488761733886449,2.327339591406106
37.79999999924565,6.63229064758885,6.679597737968453,1142.2286801579842,975.1892497503909,2,2.488761733886449,2.327339591406106
37.81999999924489,6.631577259162322,6.663212734593256,1136.6317962978471,962.892572830995,2,2.488761733886449,2.327339591406106
37.839999999244135,6.630726372699856,6.645470907074698,1130.5869411664842,971.0859034824226,2,2.488761733886449,2.327339591406106
37.85999999924338,6.629763285710998,6.631166712913005,1125.7250644657956,983.1209972849565,2,2.488761733886449,2.327339591406106
37.87999999924262,6.628763907436724,6.622002490800875,1122.6157274864136,993.0538882318344,2,2.488761733886449,2.327339591406106
37.899999999241864,6.627838451152376,6.619854565495894,1121.887578058467,1002.6606580630286,2,2.488761733886449,2.327339591406106
37.91999999924111,6.6270439447698015,6.6235391764042,1123.1368108266822,1010.1964342204824,2,2.488761733886449,2.327339591406106
37.93999999924035,6.6263627142345705,6.62946292257378,1125.1466585320525,1002.8252690799151,2,2.488761733886449,2.327339591406106
37.95999999923959,6.625705935706463,6.6335568460053125,1126.5367218259003,995.4344557011583,2,2.488761733886449,2.327339591406106
37.979999999238835,6.62494282355302,6.633081339389264,1126.3752228057717,977.1813013314513,2,2.488761733886449,2.327339591406106
37.99999999923808,6.62399614767559,6.627705044223682,1124.5500464845309,963.6115554430427,2,2.488761733886449,2.327339591406106
38.01999999923732,6.622885322804135,6.6245552037174065,1123.4814076257956,973.5176211746146,2,2.488761733886449,2.327339591406106
38.039999999236564,6.621666016947007,6.625196283323928,1123.698863997313,980.722867171335,2,2.488761733886449,2.327339591406106
38.05999999923581,6.62044120869447,6.631097821178861,1125.701674087491,987.6708488916302,2,2.488761733886449,2.327339591406106
38.07999999923505,6.6193673589686295,6.643468002730529,1129.9055398690432,994.8094095719111,2,2.488761733886449,2.327339591406106
38.09999999923429,6.618553392636083,6.6611913251614725,1135.9422641410813,1006.64594355427,2,2.488761733886449,2.327339591406106
38.119999999233535,6.618022698095393,6.680541511072385,1142.5514782981822,1009.5040840561547,2,2.488761733886449,2.327339591406106
38.13999999923278,6.617701916062165,6.696622343142558,1148.058604210301,999.1905290774615,2,2.488761733886449,2.327339591406106
38.15999999923202,6.6174375981911275,6.705382382118258,1151.0641839040677,986.2509655563842,2,2.488761733886449,2.327339591406106
38.17999999923126,6.617040160582083,6.705655564644725,1151.1579763261689,976.3735195857834,2,2.488761733886449,2.327339591406106
38.199999999230506,6.616405642776087,6.7017896493179805,1149.8310377760185,978.6658058472029,2,2.488761733886449,2.327339591406106
38.21999999922975,6.615534408641622,6.701634416514932,1149.777771577831,984.7910294963903,2,2.488761733886449,2.327339591406106
38.23999999922899,6.61446763816663,6.704509962864012,1150.7646796634083,986.4412959047473,2,2.488761733886449,2.327339591406106
38.259999999228235,6.613317688561192,6.713136987116698,1153.7280765620544,985.7525434712064,2,2.488761733886449,2.327339591406106
38.27999999922748,6.612230656545128,6.72739194312655,1158.633027686032,998.8863609339794,2,2.488761733886449,2.327339591406106
38.29999999922672,6.611302187653706,6.743978066057001,1164.3531996805107,1002.4608638673191,2,2.488761733886449,2.327339591406106
38.31999999922596,6.610552013194487,6.757668030919118,1169.0851643817768,995.0767670812188,2,2.488761733886449,2.327339591406106
38.339999999225206,6.609922438745317,6.7637586741917595,1171.1934921306404,988.4230099478249,2,2.488761733886449,2.327339591406106
38.35999999922445,6.609300311867106,6.760656697063387,1170.1194791392006,974.9774218620605,2,2.488761733886449,2.327339591406106
38.37999999922369,6.6085999089065535,6.753987689083517,1167.8121035044674,973.683595499185,2,2.488761733886449,2.327339591406106
38.399999999222935,6.6078001116760055,6.747570653522704,1165.5940562920096,975.6689614958979,2,2.488761733886449,2.327339591406106
38.41999999922218,6.6069277483298405,6.74400955028962,1164.3640712617055,979.4632443052146,2,2.488761733886449,2.327339591406106
38.43999999922142,6.606039390214654,6.743656013595091,1164.241997106203,982.8490223639317,2,2.488761733886449,2.327339591406106
38.45999999922066,6.605248673169216,6.747709239478152,1165.6419362277984,985.0302773910206,2,2.488761733886449,2.327339591406106
38.479999999219906,6.604629976046864,6.7539579140867465,1167.801806913308,997.6860808318663,2,2.488761733886449,2.327339591406106
38.49999999921915,6.604183509583392,6.757559916246029,1169.0477567291089,999.7547629292111,2,2.488761733886449,2.327339591406106
38.51999999921839,6.603828397592144,6.753149097014824,1167.5221245422563,987.8358597729936,2,2.488761733886449,2.327339591406106
38.539999999217635,6.603423366585304,6.737336697333224,1162.061053642524,976.605173777714,2,2.488761733886449,2.327339591406106
38.55999999921688,6.602827103273645,6.714953993770699,1154.3527071325689,975.3907709211229,2,2.488761733886449,2.327339591406106
38.57999999921612,6.601997581927442,6.691051946397165,1146.1494381335874,976.5913678175192,2,2.488761733886449,2.327339591406106
38.59999999921536,6.60097463312982,6.671495114407888,1139.4592212765,979.0240638758308,2,2.488761733886449,2.327339591406106
38.619999999214606,6.599820407781807,6.657668612960179,1134.7411157657298,978.4979246922921,2,2.488761733886449,2.327339591406106
38.63999999921385,6.5986834421309775,6.651335965110021,1132.5834540521537,978.3072679731042,2,2.488761733886449,2.327339591406106
38.65999999921309,6.59771426073795,6.652295170879284,1132.9101429831671,990.4367672121524,2,2.488761733886449,2.327339591406106
38.679999999212335,6.597001000033562,6.657384101529542,1134.6441328911874,995.7792678637244,2,2.488761733886449,2.327339591406106
38.69999999921158,6.59654295655679,6.6617353839988995,1136.1278299463827,990.9408466724805,2,2.488761733886449,2.327339591406106
38.71999999921082,6.596252697410339,6.660690501978262,1135.7714584079238,980.0333996179029,2,2.488761733886449,2.327339591406106
38.73999999921006,6.595979208274336,6.651483126520381,1132.6335716294782,964.7779628438379,2,2.488761733886449,2.327339591406106
38.759999999209306,6.595584718651694,6.635745103117602,1127.2800812782623,952.5543897472648,2,2.488761733886449,2.327339591406106
38.77999999920855,6.5950178184932735,6.617079392405867,1120.9471405972242,947.6557938026218,2,2.488761733886449,2.327339591406106
38.79999999920779,6.594280569478312,6.599529002142696,1115.008880128687,960.888280082191,2,2.488761733886449,2.327339591406106
38.819999999207035,6.593421003339515,6.586883413419284,1110.7399588106894,970.2392713957847,2,2.488761733886449,2.327339591406106
38.83999999920628,6.592553403831649,6.581284817048133,1108.8525891597626,977.1231898856098,2,2.488761733886449,2.327339591406106
38.85999999920552,6.591777385360815,6.582956719592032,1109.4160441679328,987.7043432253303,2,2.488761733886449,2.327339591406106
38.87999999920476,6.591130302687379,6.589306656025856,1111.5573673870365,986.4755939479223,2,2.488761733886449,2.327339591406106
38.899999999204006,6.59057838687245,6.596364691237082,1113.9398981127106,980.4817598046337,2,2.488761733886449,2.327339591406106
38.91999999920325,6.590030343078957,6.600771421215135,1115.4287399994032,967.5837842541918,2,2.488761733886449,2.327339591406106
38.93999999920249,6.589390904729534,6.599981683737532,1115.1618490174988,954.3409496157736,2,2.488761733886449,2.327339591406106
38.959999999201735,6.588636808270268,6.598525359304608,1114.6697693880278,946.2955160505546,2,2.488761733886449,2.327339591406106
38.97999999920098,6.587780851382455,6.598020938222356,1114.4993551182163,955.8900475958344,2,2.488761733886449,2.327339591406106
38.99999999920022,6.586880047286509,6.600586302816089,1115.3661765582626,963.6649763687067,2,2.488761733886449,2.327339591406106
39.01999999919946,6.586043458513037,6.608170869480963,1117.9309273461213,971.5447965731516,2,2.488761733886449,2.327339591406106
39.039999999198706,6.585385747492866,6.621321632842427,1122.3848901952688,979.9715954549919,2,2.488761733886449,2.327339591406106
39.05999999919795,6.584956723018839,6.638055213395849,1128.0651007608496,988.6680009669018,2,2.488761733886449,2.327339591406106
39.07999999919719,6.5847222369981555,6.654297798718539,1133.5923553133098,985.4856832710118,2,2.488761733886449,2.327339591406106
39.099999999196434,6.584569691866164,6.66569689144731,1137.4794648676814,973.6346048701643,2,2.488761733886449,2.327339591406106
39.11999999919568,6.584335817337017,6.669669327998899,1138.8356355729647,962.7160877135829,2,2.488761733886449,2.327339591406106
39.13999999919492,6.583901198468989,6.667813813533114,1138.2020713123536,964.9042860670797,2,2.488761733886449,2.327339591406106
39.15999999919416,6.583234771393723,6.6665459285339494,1137.7692541495035,966.8624756251237,2,2.488761733886449,2.327339591406106
39.179999999193406,6.582365101806927,6.668542707378164,1138.4509306395435,969.3279593435337,2,2.488761733886449,2.327339591406106
39.19999999919265,6.581371030464079,6.674437877896743,1140.4646626256483,968.6598151716903,2,2.488761733886449,2.327339591406106
39.21999999919189,6.580400777722442,6.686085765581597,1144.4486971839285,974.3948725018793,2,2.488761733886449,2.327339591406106
39.239999999191134,6.579580880928783,6.702058214623987,1149.9231955213806,983.0000464916666,2,2.488761733886449,2.327339591406106
39.25999999919038,6.578971214573528,6.718303970532951,1155.5047684428823,982.5941543050059,2,2.488761733886449,2.327339591406106
39.27999999918962,6.578551169089754,6.729865239013765,1159.4851169047831,974.7646294108649,2,2.488761733886449,2.327339591406106
39.29999999918886,6.5782295924963465,6.732933361934908,1160.542568622059,964.9481347223586,2,2.488761733886449,2.327339591406106
39.319999999188106,6.577882205420478,6.72886157625373,1159.139301583268,960.3280916588037,2,2.488761733886449,2.327339591406106
39.33999999918735,6.577444779181869,6.721417117569305,1156.5758988099008,957.8120192491082,2,2.488761733886449,2.327339591406106
39.35999999918659,6.576889699802206,6.714439671990618,1154.175882093228,960.2972136270722,2,2.488761733886449,2.327339591406106
39.379999999185834,6.576236825869332,6.710106972816195,1152.686827545481,963.9051021343196,2,2.488761733886449,2.327339591406106
39.39999999918508,6.575554465210943,6.708847472651557,1152.2541450260405,965.4148051420448,2,2.488761733886449,2.327339591406106
39.41999999918432,6.57494427217438,6.711261129783293,1153.0833922956217,972.2331139825956,2,2.488761733886449,2.327339591406106
39.43999999918356,6.574461013689659,6.714717400914638,1154.2713642692324,980.1104374132724,2,2.488761733886449,2.327339591406106
39.459999999182806,6.574090516702187,6.7147010919377506,1154.2657571942016,974.9316631343352,2,2.488761733886449,2.327339591406106
39.47999999918205,6.573753219923702,6.707020695591159,1151.626727314914,967.8162624324121,2,2.488761733886449,2.327339591406106
39.49999999918129,6.57333122005381,6.69124735950973,1146.216386022063,962.3660862282767,2,2.488761733886449,2.327339591406106
39.519999999180534,6.572757817372709,6.673604743622592,1140.179964224203,962.3564942974937,2,2.488761733886449,2.327339591406106
39.53999999917978,6.572027575886577,6.655470533893479,1133.9919529311373,961.4861461539365,2,2.488761733886449,2.327339591406106
39.55999999917902,6.571172832909524,6.641363074681381,1129.189650794439,962.6128148696154,2,2.488761733886449,2.327339591406106
39.57999999917826,6.570280219339197,6.632384808394874,1126.138676916672,962.6698276636962,2,2.488761733886449,2.327339591406106
39.599999999177506,6.569485520416806,6.629562308161364,1125.1803940552106,963.2050889392762,2,2.488761733886449,2.327339591406106
39.61999999917675,6.5688968754455,6.6316813242700015,1125.8997949187633,974.4811795939373,2,2.488761733886449,2.327339591406106
39.63999999917599,6.5685501796967465,6.635214901086095,1127.0999470802033,978.0338798823452,2,2.488761733886449,2.327339591406106
39.659999999175234,6.568397314378814,6.6357078845812225,1127.2674359471346,970.0227553981697,2,2.488761733886449,2.327339591406106
39.67999999917448,6.568318182994094,6.62953900026841,1125.1724823600312,959.4340991405138,2,2.488761733886449,2.327339591406106
39.69999999917372,6.568157543660242,6.615690561852738,1120.4766483545452,946.823393209257,2,2.488761733886449,2.327339591406106
39.71999999917296,6.567829198774877,6.598757837541898,1114.7483145216647,933.6236567944361,2,2.488761733886449,2.327339591406106
39.739999999172205,6.567301403166878,6.5797202379409825,1108.3254333160744,940.3048341905268,2,2.488761733886449,2.327339591406106
39.75999999917145,6.566595112914231,6.56429478240515,1103.1348222575398,950.5146250651144,2,2.488761733886449,2.327339591406106
39.77999999917069,6.565793131559932,6.554949206845208,1099.995995798139,956.7607839971588,2,2.488761733886449,2.327339591406106
39.799999999169934,6.565023921818946,6.553222523393779,1099.4165573729056,965.7038784336504,2,2.488761733886449,2.327339591406106
39.81999999916918,6.564380329756962,6.558136710390906,1101.0660555419217,971.4896897944667,2,2.488761733886449,2.327339591406106
39.83999999916842,6.56388961351354,6.566537098512531,1103.8885968946224,966.3900713529778,2,2.488761733886449,2.327339591406106
39.85999999916766,6.563510397371822,6.5746144703852405,1106.6060117478376,961.6212431340978,2,2.488761733886449,2.327339591406106
39.879999999166905,6.563149506458577,6.5793371127231115,1108.1963655000845,948.3671174396876,2,2.488761733886449,2.327339591406106
39.89999999916615,6.562732120726098,6.579434605138932,1108.2292081830165,937.5704506118834,2,2.488761733886449,2.327339591406106
39.91999999916539,6.562238238056465,6.579454166664881,1108.2357980157124,930.9212315973965,2,2.488761733886449,2.327339591406106
39.939999999164634,6.561651989829691,6.579023237622521,1108.0906323714155,940.8947804562789,2,2.488761733886449,2.327339591406106
39.95999999916388,6.561031940726186,6.5814060939676065,1108.8934563973776,949.6542571879145,2,2.488761733886449,2.327339591406106
39.97999999916312,6.560463404468884,6.588405125302605,1111.2532277811038,957.0496430286319,2,2.488761733886449,2.327339591406106
39.99999999916236,6.560033593956328,6.60038527962373,1115.298239849337,965.6106165239912,2,2.488761733886449,2.327339591406106
40.019999999161605,6.559766020975312,6.615197274115242,1120.3095617051924,970.6426748682934,2,2.488761733886449,2.327339591406106
40.03999999916085,6.559612190957035,6.628981591144597,1124.9832821634814,962.4271442214501,2,2.488761733886449,2.327339591406106
40.05999999916009,6.559462738374921,6.638008286327031,1128.0491513299403,954.6460868110506,2,2.488761733886449,2.327339591406106
40.079999999159334,6.559189334417318,6.640913633369137,1129.0368245446073,955.238748529145,2,2.488761733886449,2.327339591406106
40.09999999915858,6.558740054279328,6.640708535377069,1128.967087269687,953.8777267342522,2,2.488761733886449,2.327339591406106
40.11999999915782,6.5581039212063095,6.641844529931219,1129.3533744111146,954.6164551317911,2,2.488761733886449,2.327339591406106
40.13999999915706,6.5573244043845085,6.645759613393015,1130.685177901886,955.3889792424443,2,2.488761733886449,2.327339591406106
40.159999999156305,6.556501817848318,6.653606994851324,1133.3570038580403,954.4333721620294,2,2.488761733886449,2.327339591406106
40.17999999915555,6.55577455225479,6.666528338650586,1137.763250080144,960.3823173654197,2,2.488761733886449,2.327339591406106
40.19999999915479,6.5552409865862264,6.682626494856083,1143.2647656987617,967.7693178195962,2,2.488761733886449,2.327339591406106
40.219999999154034,6.55492768308807,6.69779442834991,1148.4605203399235,966.5990301340498,2,2.488761733886449,2.327339591406106
40.23999999915328,6.554783814249471,6.707379372236744,1151.7499035134313,957.5073687557684,2,2.488761733886449,2.327339591406106
40.25999999915252,6.554695838362444,6.708004306794317,1151.9645333434373,947.251390561394,2,2.488761733886449,2.327339591406106
40.27999999915176,6.554541689850124,6.703072180257975,1150.2711694620343,949.1483867665576,2,2.488761733886449,2.327339591406106
40.299999999151005,6.554268636454921,6.694532535078642,1147.3421690749108,946.3295001643479,2,2.488761733886449,2.327339591406106
40.31999999915025,6.553840580534797,6.686325165994829,1144.530654372542,948.1182416420781,2,2.488761733886449,2.327339591406106
40.33999999914949,6.553286769380816,6.681008227155139,1142.711125768757,950.2324931710422,2,2.488761733886449,2.327339591406106
40.359999999148734,6.552685291161592,6.67893706176875,1142.0027366169281,949.126972498108,2,2.488761733886449,2.327339591406106
40.37999999914798,6.5521386737551355,6.680528412054444,1142.5469977369535,959.8466705594212,2,2.488761733886449,2.327339591406106
40.39999999914722,6.551703449518597,6.683198935078972,1143.460640410072,963.5024173971537,2,2.488761733886449,2.327339591406106
40.41999999914646,6.551372774312523,6.682877854338338,1143.3507725538107,956.4258619104332,2,2.488761733886449,2.327339591406106
40.439999999145705,6.551081670362021,6.676011619904621,1141.002538256626,950.825012836134,2,2.488761733886449,2.327339591406106
40.45999999914495,6.550739022612463,6.663962154753792,1136.8874875745744,952.667660361048,2,2.488761733886449,2.327339591406106
40.47999999914419,6.550306640934435,6.650574441445509,1132.3241257810098,950.7054897115247,2,2.488761733886449,2.327339591406106
40.499999999143434,6.549777893662872,6.636474331041207,1127.527857306134,947.3069385386227,2,2.488761733886449,2.327339591406106
40.51999999914268,6.549164806834681,6.624411034372155,1123.4325077943427,949.1301296333216,2,2.488761733886449,2.327339591406106
40.53999999914192,6.548550464068743,6.616626648640577,1120.793754356174,950.0522896062135,2,2.488761733886449,2.327339591406106
40.55999999914116,6.548036421646396,6.613202363042348,1119.6339715842166,949.733658382568,2,2.488761733886449,2.327339591406106
40.579999999140405,6.5477002304976235,6.613087525040044,1119.59508712093,959.6380273521434,2,2.488761733886449,2.327339591406106
40.59999999913965,6.547550171854925,6.613194460914099,1119.6312958802341,961.6904918252746,2,2.488761733886449,2.327339591406106
40.61999999913889,6.547521865519395,6.609869542297749,1118.5057438845479,951.0556659148007,2,2.488761733886449,2.327339591406106
40.63999999913813,6.547493288521657,6.600434790701921,1115.314972153022,942.6462457024511,2,2.488761733886449,2.327339591406106
40.659999999137376,6.547340504383441,6.585445351484162,1110.2550136886862,933.8829903855241,2,2.488761733886449,2.327339591406106
40.67999999913662,6.547018270370645,6.570211506171617,1105.1243385013286,923.3684831904158,2,2.488761733886449,2.327339591406106
40.69999999913586,6.546502847090126,6.55351981965228,1099.5163128266342,932.1945555842995,2,2.488761733886449,2.327339591406106
40.719999999135105,6.5458394227870365,6.541389939603855,1095.4499000727849,939.9754113974716,2,2.488761733886449,2.327339591406106
40.73999999913435,6.5451267757861995,6.535469752096725,1093.4679561205087,944.3569047549584,2,2.488761733886449,2.327339591406106
40.75999999913359,6.544491649414756,6.536573073747738,1093.8371870260016,953.0593359619781,2,2.488761733886449,2.327339591406106
40.77999999913283,6.5440173919149665,6.543257651210496,1096.0755397605822,957.3395474518268,2,2.488761733886449,2.327339591406106
40.799999999132076,6.543720272459443,6.552416730370943,1099.1462025292851,952.0699048506643,2,2.488761733886449,2.327339591406106
40.81999999913132,6.543548890108207,6.560578343517968,1101.8860749860219,946.4501401755019,2,2.488761733886449,2.327339591406106
40.83999999913056,6.5434032642305535,6.564839850935427,1103.3180282408525,935.6305858593788,2,2.488761733886449,2.327339591406106
40.859999999129805,6.543207316050616,6.564870809026138,1103.3284341916185,926.1502706449438,2,2.488761733886449,2.327339591406106
40.87999999912905,6.542931177321593,6.564575040335287,1103.2290193927777,920.2037251202123,2,2.488761733886449,2.327339591406106
40.89999999912829,6.542543009206438,6.5633284635835745,1102.8100649100238,929.2909148967929,2,2.488761733886449,2.327339591406106
40.91999999912753,6.542090054424142,6.564728184760201,1103.2804942691969,938.0653470573844,2,2.488761733886449,2.327339591406106
40.939999999126776,6.541645837033773,6.57056371424131,1105.2428260545698,943.735354106728,2,2.488761733886449,2.327339591406106
40.95999999912602,6.541290520704505,6.58128412379161,1108.8523555521097,952.3649340274491,2,2.488761733886449,2.327339591406106
40.97999999912526,6.541050035619926,6.594860669478381,1113.431982337222,954.4235787222556,2,2.488761733886449,2.327339591406106
40.999999999124505,6.540888504256775,6.60776099636922,1117.7922518709627,947.1640061809469,2,2.488761733886449,2.327339591406106
41.01999999912375,6.540718972339946,6.616659792936073,1120.804983042451,942.5990683590379,2,2.488761733886449,2.327339591406106
41.03999999912299,6.540454055337161,6.62079925916157,1122.2078013204534,947.43439460624,2,2.488761733886449,2.327339591406106
41.05999999912223,6.540070353615215,6.622844877593739,1122.9013621757713,944.7645233903395,2,2.488761733886449,2.327339591406106
41.079999999121476,6.539558124137136,6.6252684411443665,1123.7233414916986,942.7384893137195,2,2.488761733886449,2.327339591406106
41.09999999912072,6.538955471842217,6.630459002738108,1125.4847916439528,943.784587748065,2,2.488761733886449,2.327339591406106
41.11999999911996,6.538356870683685,6.638803199639883,1128.319339295984,943.5179686669525,2,2.488761733886449,2.327339591406106
41.139999999119205,6.537872710567626,6.651362520774082,1132.5924978189776,946.3633931892733,2,2.488761733886449,2.327339591406106
41.15999999911845,6.537576452886592,6.66628759349149,1137.681076560455,954.0989363746233,2,2.488761733886449,2.327339591406106
41.17999999911769,6.537472477528876,6.679742550348277,1142.2782072861085,953.1590925926167,2,2.488761733886449,2.327339591406106
41.19999999911693,6.537494935947412,6.687370534538496,1144.888563939659,943.6226669304575,2,2.488761733886449,2.327339591406106
41.219999999116176,6.537524289767837,6.686483554565133,1144.5848792918039,937.0750214588791,2,2.488761733886449,2.327339591406106
41.23999999911542,6.537454920633034,6.680991781694585,1142.7055001544857,941.0108519212918,2,2.488761733886449,2.327339591406106
41.25999999911466,6.537245356281848,6.6721220445494795,1139.6733846337297,937.9668343764595,2,2.488761733886449,2.327339591406106
41.279999999113905,6.536861980960856,6.663525243272057,1136.7384162257438,937.9870584021625,2,2.488761733886449,2.327339591406106
41.29999999911315,6.53634626940248,6.65828634868654,1134.9517007882343,938.562517756831,2,2.488761733886449,2.327339591406106
41.31999999911239,6.5357867072032905,6.656540854774809,1134.3567153790123,937.7738292149714,2,2.488761733886449,2.327339591406106
41.33999999911163,6.5352895411955485,6.65860306944401,1135.0596779141752,948.0096672307285,2,2.488761733886449,2.327339591406106
41.359999999110876,6.534917842998995,6.662056137486944,1136.2372385963529,950.0881340659328,2,2.488761733886449,2.327339591406106
41.37999999911012,6.534673203656655,6.663120757486417,1136.600417025781,943.5427151073596,2,2.488761733886449,2.327339591406106
41.39999999910936,6.534499635252171,6.658399821335351,1134.9903855387608,939.7492880105466,2,2.488761733886449,2.327339591406106
41.419999999108605,6.534314436953415,6.649218914221071,1131.8625897826375,942.9679226285152,2,2.488761733886449,2.327339591406106
41.43999999910785,6.534077666930919,6.638094779059656,1128.0785483071893,941.5274065934082,2,2.488761733886449,2.327339591406106
41.45999999910709,6.533771617078562,6.625737398800254,1123.882428574551,936.8194555872352,2,2.488761733886449,2.327339591406106
41.47999999910633,6.533383623224445,6.612899154264712,1119.5313057207477,938.2602611574066,2,2.488761733886449,2.327339591406106
41.499999999105576,6.532978161753962,6.603674695506832,1116.4101730968735,939.326518157816,2,2.488761733886449,2.327339591406106
41.51999999910482,6.532629344224876,6.597651567063527,1114.3745745516615,937.8411653113951,2,2.488761733886449,2.327339591406106
41.53999999910406,6.532403005843807,6.594458058564853,1113.2960382418225,946.3628952931908,2,2.488761733886449,2.327339591406106
41.559999999103304,6.532305407992752,6.591747738861055,1112.381097820903,947.0125346926658,2,2.488761733886449,2.327339591406106
41.57999999910255,6.5322815796716265,6.586609781447866,1110.6476761232386,938.3840205250168,2,2.488761733886449,2.327339591406106
41.59999999910179,6.532229405220333,6.576965364855408,1107.397534681679,930.821252254155,2,2.488761733886449,2.327339591406106
41.61999999910103,6.532064073439243,6.563965628625736,1103.024195936057,923.6048100800083,2,2.488761733886449,2.327339591406106
41.639999999100276,6.531762392260855,6.5518870390682205,1098.9685017891545,917.4925193724606,2,2.488761733886449,2.327339591406106
41.65999999909952,6.5313081455534014,6.539181538053947,1094.7103676754064,922.7544334000802,2,2.488761733886449,2.327339591406106
41.67999999909876,6.5307489926633595,6.529833804153201,1091.5828364711313,929.6746446089152,2,2.488761733886449,2.327339591406106
41.699999999098004,6.530182232313755,6.5260334940899565,1090.312621574765,933.6945433599101,2,2.488761733886449,2.327339591406106
41.71999999909725,6.5297182196681565,6.528034949330854,1090.9814954141632,940.5429960097667,2,2.488761733886449,2.327339591406106
41.73999999909649,6.529427489194804,6.534571794519048,1093.1674971114724,945.4025467626559,2,2.488761733886449,2.327339591406106
41.75999999909573,6.52931491734142,6.542952422054109,1095.9732829255172,941.5148401790345,2,2.488761733886449,2.327339591406106
41.779999999094976,6.529320432147929,6.55012182617451,1098.3764122029552,934.47940666824,2,2.488761733886449,2.327339591406106
41.79999999909422,6.5293384930228155,6.553316376489812,1099.448048562546,926.1899697738271,2,2.488761733886449,2.327339591406106
41.81999999909346,6.529290320672563,6.552636007960994,1099.219769939044,917.9280214078337,2,2.488761733886449,2.327339591406106
41.839999999092704,6.529140241745872,6.551618413112576,1098.8783886933538,913.4817116212037,2,2.488761733886449,2.327339591406106
41.85999999909195,6.528853629979766,6.5499298304833,1098.3120224241447,920.3365734188709,2,2.488761733886449,2.327339591406106
41.87999999909119,6.528468699090491,6.550731068034453,1098.5807467258498,928.4071303305132,2,2.488761733886449,2.327339591406106
41.89999999909043,6.528061658677421,6.5559350563551435,1100.3268944907488,932.266528527093,2,2.488761733886449,2.327339591406106
41.919999999089676,6.5277163733576735,6.566043317438586,1103.722585861816,940.8640902823706,2,2.488761733886449,2.327339591406106
41.93999999908892,6.527473730141833,6.579226552299079,1108.1591211307702,941.5792695120936,2,2.488761733886449,2.327339591406106
41.95999999908816,6.527317691953215,6.592273451007778,1112.5585365207953,936.1045260420026,2,2.488761733886449,2.327339591406106
41.979999999087404,6.527183210311167,6.602099879648197,1115.877763222215,934.8480874048428,2,2.488761733886449,2.327339591406106
41.99999999908665,6.527002938082754,6.607863385085457,1117.8268930150537,939.6663189839136,2,2.488761733886449,2.327339591406106
42.01999999908589,6.526756078631152,6.611562895625187,1119.0789074007273,937.4756392896082,2,2.488761733886449,2.327339591406106
42.03999999908513,6.526429127906024,6.61449787076603,1120.0726808364484,932.9084596322148,2,2.488761733886449,2.327339591406106
42.059999999084376,6.526032667564211,6.61980271771522,1121.870004514298,934.2597469362555,2,2.488761733886449,2.327339591406106
42.07999999908362,6.525643911838102,6.627513047963244,1124.4848938336966,934.6281568000288,2,2.488761733886449,2.327339591406106
42.09999999908286,6.525341856643215,6.63846949368518,1128.2059099902008,933.6868865276338,2,2.488761733886449,2.327339591406106
42.119999999082104,6.525186474282201,6.651339785994411,1132.5847552859827,941.847354279219,2,2.488761733886449,2.327339591406106
42.13999999908135,6.525176236952638,6.662833128106999,1136.5022910489713,941.0784491892146,2,2.488761733886449,2.327339591406106
42.15999999908059,6.525248744634922,6.669024310565072,1138.615374782405,932.4818924845981,2,2.488761733886449,2.327339591406106
42.17999999907983,6.52529694427106,6.668032168257211,1138.276619245336,930.7891227170405,2,2.488761733886449,2.327339591406106
42.199999999079076,6.525239123962115,6.663145771938012,1136.6089510117367,934.9757294396651,2,2.488761733886449,2.327339591406106
42.21999999907832,6.525046764324265,6.6553886834384945,1133.964060932795,931.9318878707429,2,2.488761733886449,2.327339591406106
42.23999999907756,6.524696213455676,6.64757310321087,1131.3023431152433,929.4716355156173,2,2.488761733886449,2.327339591406106
42.259999999076804,6.524230579661147,6.643379948724229,1129.8755880275846,929.3839940735706,2,2.488761733886449,2.327339591406106
42.27999999907605,6.523742510496156,6.642590842211971,1129.6071887370476,927.7582983974178,2,2.488761733886449,2.327339591406106
42.29999999907529,6.52333333582363,6.645397598996663,1130.5619976524054,937.0505699275141,2,2.488761733886449,2.327339591406106
42.31999999907453,6.523067626450786,6.6496821727649955,1132.0203115505271,939.624937443366,2,2.488761733886449,2.327339591406106
42.339999999073775,6.522949217794923,6.651909494985284,1132.7787827668783,933.0638883534428,2,2.488761733886449,2.327339591406106
42.35999999907302,6.5229238793246775,6.648670676123804,1131.6759499325226,930.309883893922,2,2.488761733886449,2.327339591406106
42.37999999907226,6.522905413572166,6.64055800425819,1128.9159051550762,934.5074485560134,2,2.488761733886449,2.327339591406106
42.399999999071504,6.522842577953361,6.6297782065590445,1125.253680522229,934.6094086009404,2,2.488761733886449,2.327339591406106
42.41999999907075,6.522706329397826,6.617067331883407,1120.9430544452998,930.6479386702093,2,2.488761733886449,2.327339591406106
42.43999999906999,6.522471650786534,6.602941979986597,1116.1624426386097,929.3465554452806,2,2.488761733886449,2.327339591406106
42.45999999906923,6.522178107286796,6.591389273137225,1112.2601163546883,929.9777371768896,2,2.488761733886449,2.327339591406106
42.479999999068475,6.521892852443436,6.583096333968415,1109.4631026792515,927.0478585926257,2,2.488761733886449,2.327339591406106
42.49999999906772,6.521681278345921,6.577897295393942,1107.7113848055772,935.1463909235541,2,2.488761733886449,2.327339591406106
42.51999999906696,6.521564912781585,6.5741850817877685,1106.4614714135018,935.0191406323552,2,2.488761733886449,2.327339591406106
42.539999999066204,6.521510963975181,6.5694737057880745,1104.876153072398,928.5900899067876,2,2.488761733886449,2.327339591406106
42.55999999906545,6.521444085650964,6.5617810770129115,1102.2901237452033,922.4522327557246,2,2.488761733886449,2.327339591406106
42.57999999906469,6.521304204669084,6.551979437205809,1098.9994984648395,916.1249191118404,2,2.488761733886449,2.327339591406106
42.59999999906393,6.5210762352102165,6.543072154508836,1096.0133947171598,911.5425430317171,2,2.488761733886449,2.327339591406106
42.619999999063175,6.520748092849977,6.534406254038841,1093.1121113307565,912.8560246025868,2,2.488761733886449,2.327339591406106
42.63999999906242,6.52034562499298,6.52620443766557,1090.3697418391005,919.9139918673542,2,2.488761733886449,2.327339591406106
42.65999999906166,6.519953300503314,6.522737953740251,1089.2117194738025,924.5164141342576,2,2.488761733886449,2.327339591406106
42.679999999060904,6.51965515989135,6.523717368472337,1089.5388428699391,928.777739370624,2,2.488761733886449,2.327339591406106
42.69999999906015,6.519510912157712,6.528501149803997,1091.137326151818,934.8219911429044,2,2.488761733886449,2.327339591406106
42.71999999905939,6.519519625866336,6.535003374921343,1093.3118999163867,932.4025888401474,2,2.488761733886449,2.327339591406106
42.73999999905863,6.519621162197735,6.540665615776719,1095.2073166030016,924.7526892875484,2,2.488761733886449,2.327339591406106
42.759999999057875,6.519714197202346,6.542855790534206,1095.9409107561291,918.8345554368966,2,2.488761733886449,2.327339591406106
42.77999999905712,6.5197258558587565,6.541909805465043,1095.6240250341323,911.5896808368956,2,2.488761733886449,2.327339591406106
42.79999999905636,6.519623349720947,6.540908022892431,1095.2884982386272,909.1152216516327,2,2.488761733886449,2.327339591406106
42.819999999055604,6.5193786456843155,6.539779839806502,1094.9106976680162,913.1261864323105,2,2.488761733886449,2.327339591406106
42.83999999905485,6.519023905276858,6.540759052680158,1095.2386080700287,920.3993329103785,2,2.488761733886449,2.327339591406106
42.85999999905409,6.518641463568937,6.545918594987432,1096.9672021671008,923.1931783567305,2,2.488761733886449,2.327339591406106
42.87999999905333,6.518317339613249,6.555751448603619,1100.2652630937741,931.0470645681961,2,2.488761733886449,2.327339591406106
42.899999999052575,6.518105535079034,6.568736416802857,1104.6281675130215,932.062259907617,2,2.488761733886449,2.327339591406106
42.91999999905182,6.518004535052469,6.582041464272491,1109.1075723393212,926.2560594501025,2,2.488761733886449,2.327339591406106
42.93999999905106,6.51796221495387,6.592738755250918,1112.715598111563,927.0219551987332,2,2.488761733886449,2.327339591406106
42.959999999050304,6.517912409406242,6.5996747555474204,1115.0581315631894,932.4256224433536,2,2.488761733886449,2.327339591406106
42.97999999904955,6.517824859281387,6.604244916458123,1116.6029833079172,931.668817766203,2,2.488761733886449,2.327339591406106
42.99999999904879,6.517676488254693,6.607507548593295,1117.7065052686983,927.5635568944797,2,2.488761733886449,2.327339591406106
43.01999999904803,6.517458363595396,6.611600716250027,1119.0917105413002,926.2866301354256,2,2.488761733886449,2.327339591406106
43.039999999047275,6.517215903357417,6.618255598849176,1121.3456796963746,926.9283667256225,2,2.488761733886449,2.327339591406106
43.05999999904652,6.517012756322488,6.627166103574434,1124.3671653555127,924.2745128306013,2,2.488761733886449,2.327339591406106
43.07999999904576,6.516903254020278,6.637896925795101,1128.0113028987837,931.3023121790281,2,2.488761733886449,2.327339591406106
43.099999999045004,6.5168962356742215,6.6478497247050905,1131.3964974933463,930.5990666980847,2,2.488761733886449,2.327339591406106
43.119999999044246,6.516947203689635,6.65361571938264,1133.3599760850334,923.64458588293,2,2.488761733886449,2.327339591406106
43.13999999904349,6.516972701216779,6.6537407558981645,1133.4025732892483,925.7259175267895,2,2.488761733886449,2.327339591406106
43.15999999904273,6.5169129305932705,6.650665765057938,1132.3552234374604,930.1111593818606,2,2.488761733886449,2.327339591406106
43.179999999041975,6.516749707603189,6.645052196190572,1130.4444759744956,927.5320203931577,2,2.488761733886449,2.327339591406106
43.19999999904122,6.516468690470886,6.638733709547551,1128.295718591361,922.6069135543142,2,2.488761733886449,2.327339591406106
43.21999999904046,6.516099312121066,6.63554271989253,1127.211320620398,922.3891420513971,2,2.488761733886449,2.327339591406106
43.2399999990397,6.515727687734358,6.635478884126215,1127.1896325519558,920.086486446321,2,2.488761733886449,2.327339591406106
43.259999999038946,6.51543864380417,6.638307815263452,1128.1509562603237,926.7941571223226,2,2.488761733886449,2.327339591406106
43.27999999903819,6.5152927587492115,6.642424919687573,1129.5507574619771,930.8089737769811,2,2.488761733886449,2.327339591406106
43.29999999903743,6.515292872899366,6.644639069829074,1130.303919698301,926.5707614906624,2,2.488761733886449,2.327339591406106
43.319999999036675,6.515385745012867,6.641645298070322,1129.2856222080238,922.0926548020765,2,2.488761733886449,2.327339591406106
43.33999999903592,6.515482942983363,6.633435225690024,1126.4954141237138,927.7106418749792,2,2.488761733886449,2.327339591406106
43.35999999903516,6.515525969145505,6.622242567497294,1122.6971284708163,929.5274366917607,2,2.488761733886449,2.327339591406106
43.3799999990344,6.515481537788449,6.608866938680546,1118.166453419708,926.4203149730204,2,2.488761733886449,2.327339591406106
43.399999999033646,6.515322620448408,6.594236076645438,1113.2210882065679,922.4413140789368,2,2.488761733886449,2.327339591406106
43.41999999903289,6.51507224434367,6.581162905091568,1108.8115086897988,922.2966810532231,2,2.488761733886449,2.327339591406106
43.43999999903213,6.514800976188317,6.572050938978926,1105.7432185844839,918.486492139087,2,2.488761733886449,2.327339591406106
43.459999999031375,6.514577498887495,6.56639490164202,1103.8407884982191,926.032240529456,2,2.488761733886449,2.327339591406106
43.47999999903062,6.514442328412716,6.563137375994496,1102.7458504645656,926.1126560679328,2,2.488761733886449,2.327339591406106
43.49999999902986,6.514384637310457,6.559981839272085,1101.6857116012611,920.3726975646725,2,2.488761733886449,2.327339591406106
43.5199999990291,6.514350079244207,6.554811698737446,1099.9498453928115,915.5806795366117,2,2.488761733886449,2.327339591406106
43.539999999028346,6.514286670302346,6.547660186210139,1097.5509926834252,910.831668375086,2,2.488761733886449,2.327339591406106
43.55999999902759,6.51417631909027,6.540864573654396,1095.2739469584535,905.5047125100834,2,2.488761733886449,2.327339591406106
43.57999999902683,6.514001969604658,6.53411641953599,1093.0151432003104,906.3910706924802,2,2.488761733886449,2.327339591406106
43.599999999026075,6.513769665318832,6.526668597454,1090.524846936179,910.8689482558316,2,2.488761733886449,2.327339591406106
43.61999999902532,6.513532736110128,6.521853487184172,1088.9163508633042,916.638124776748,2,2.488761733886449,2.327339591406106
43.63999999902456,6.513355833082786,6.520731032665454,1088.541563572709,919.034507800359,2,2.488761733886449,2.327339591406106
43.6599999990238,6.513289955438587,6.523059632507204,1089.3191543960781,925.4037593237265,2,2.488761733886449,2.327339591406106
43.679999999023046,6.513339145787906,6.527478670622013,1090.7955699635017,924.0099929351092,2,2.488761733886449,2.327339591406106
43.69999999902229,6.5134547111762515,6.531920749413178,1092.2806911892626,916.8225388674033,2,2.488761733886449,2.327339591406106
43.71999999902153,6.5135509280843955,6.533865322178791,1092.931138593481,912.881741078946,2,2.488761733886449,2.327339591406106
43.739999999020775,6.5135679965264925,6.5335701913782165,1092.8324067276915,906.7057812864514,2,2.488761733886449,2.327339591406106
43.75999999902002,6.513481346608364,6.53353089393478,1092.819260656163,905.8495657365205,2,2.488761733886449,2.327339591406106
43.77999999901926,6.513272441174423,6.533831287366684,1092.9197524974313,907.1915058436655,2,2.488761733886449,2.327339591406106
43.7999999990185,6.512965465771349,6.535430997912001,1093.454988014121,913.5265553613502,2,2.488761733886449,2.327339591406106
43.819999999017746,6.512640869750764,6.540682993375949,1095.2131362244963,916.2341904464113,2,2.488761733886449,2.327339591406106
43.83999999901699,6.512378425373632,6.550025787967571,1098.3442035416049,922.2969570623885,2,2.488761733886449,2.327339591406106
43.85999999901623,6.512236812104067,6.562415542852143,1102.5032973428706,924.6397170726076,2,2.488761733886449,2.327339591406106
43.879999999015475,6.512221404461219,6.575494356106878,1106.9022274387287,918.6176199235591,2,2.488761733886449,2.327339591406106
43.89999999901472,6.512286291082111,6.586526871897094,1110.6197155415753,919.6651769294374,2,2.488761733886449,2.327339591406106
43.91999999901396,6.512360249880389,6.594041050522186,1113.1552416156565,926.0460112005729,2,2.488761733886449,2.327339591406106
43.9399999990132,6.512401451747775,6.598914565153677,1114.8012680987374,927.1462463316905,2,2.488761733886449,2.327339591406106
43.959999999012446,6.512379419533447,6.6021816565883045,1115.905407043371,924.2101851630396,2,2.488761733886449,2.327339591406106
43.97999999901169,6.512274631596144,6.605099505414943,1116.8919787433806,920.1708855326685,2,2.488761733886449,2.327339591406106
43.99999999901093,6.512106557268821,6.610633985183504,1118.764473106414,920.3344996781271,2,2.488761733886449,2.327339591406106
44.019999999010174,6.511936207756309,6.617940670918633,1121.238964364231,916.9433472938438,2,2.488761733886449,2.327339591406106
44.03999999900942,6.511817455111751,6.627134820787425,1124.3565504848461,922.7608892765986,2,2.488761733886449,2.327339591406106
44.05999999900866,6.511777542100217,6.6363273006310495,1127.4778973308144,922.3950912416616,2,2.488761733886449,2.327339591406106
44.0799999990079,6.5117950726229905,6.64260692955565,1129.612660216928,916.5724890847367,2,2.488761733886449,2.327339591406106
44.099999999007146,6.511810532033313,6.644421996081558,1130.230069095648,920.6997629825478,2,2.488761733886449,2.327339591406106
44.11999999900639,6.511777198339307,6.6435940364332895,1129.9484113120004,925.7178639922275,2,2.488761733886449,2.327339591406106
44.13999999900563,6.511680649933734,6.640257379607863,1128.8136931822316,924.1029334301127,2,2.488761733886449,2.327339591406106
44.159999999004874,6.511507259092829,6.635703644039814,1127.2659951897062,919.0290620936892,2,2.488761733886449,2.327339591406106
44.17999999900412,6.511272154298241,6.632528575954125,1126.1874991633845,916.7501877404118,2,2.488761733886449,2.327339591406106
44.19999999900336,6.511035182740653,6.63242416832177,1126.1520431096183,915.4606987787961,2,2.488761733886449,2.327339591406106
44.2199999990026,6.510864221752054,6.634298933915583,1126.788784501084,917.401931309229,2,2.488761733886449,2.327339591406106
44.239999999001846,6.5108112677333345,6.637104330732598,1127.741939628479,922.8567277419289,2,2.488761733886449,2.327339591406106
44.25999999900109,6.510881470513181,6.638256772075919,1128.1336072005815,920.4951355209968,2,2.488761733886449,2.327339591406106
44.27999999900033,6.511028076763539,6.634773964597976,1126.9501514860292,915.3787508963221,2,2.488761733886449,2.327339591406106
44.299999998999574,6.511169157642819,6.626360838681056,1124.09393894678,922.4872445375604,2,2.488761733886449,2.327339591406106
44.31999999899882,6.511248269350983,6.615217059789662,1120.3162632780911,925.809098646262,2,2.488761733886449,2.327339591406106
44.33999999899806,6.511235699677627,6.602121959557527,1115.8852270659872,923.4772643193955,2,2.488761733886449,2.327339591406106
44.3599999989973,6.51110888849775,6.588302963209539,1111.2187650929977,918.0233471926937,2,2.488761733886449,2.327339591406106
44.379999998996546,6.51088400147739,6.575250148151663,1106.8200102561623,916.5575677506368,2,2.488761733886449,2.327339591406106
44.39999999899579,6.510630622465331,6.566512610089186,1103.8803635014426,912.6663924135541,2,2.488761733886449,2.327339591406106
44.41999999899503,6.510418744790839,6.5612830634446615,1102.1228110599607,918.4405407746395,2,2.488761733886449,2.327339591406106
44.439999998994274,6.510300808099107,6.558807996718782,1101.291475794735,919.572341219565,2,2.488761733886449,2.327339591406106
44.45999999899352,6.5102809208280235,6.556976649011339,1100.6765573373737,912.7917830641858,2,2.488761733886449,2.327339591406106
44.47999999899276,6.510317362070167,6.55358509337198,1099.5382155228954,909.7409733203527,2,2.488761733886449,2.327339591406106
44.499999998992,6.510355624789276,6.547813351808071,1097.6023420251715,906.7850543830726,2,2.488761733886449,2.327339591406106
44.519999998991246,6.510368400836013,6.541724728135844,1095.5620332592437,899.9409661304605,2,2.488761733886449,2.327339591406106
44.53999999899049,6.510330768198582,6.535048146517311,1093.3268806236697,902.2642111855246,2,2.488761733886449,2.327339591406106
44.55999999898973,6.510234631656042,6.528133672830556,1091.014493499066,903.6519364895115,2,2.488761733886449,2.327339591406106
44.579999998988974,6.510101706610305,6.521198708600896,1088.697712614157,910.0548159066284,2,2.488761733886449,2.327339591406106
44.59999999898822,6.509987880506152,6.51800618241836,1087.6320051193738,912.5253102157573,2,2.488761733886449,2.327339591406106
44.61999999898746,6.509938162376233,6.518204507853667,1087.698193572252,917.524383385293,2,2.488761733886449,2.327339591406106
44.6399999989867,6.50997043673302,6.5211271028503175,1088.6738039457211,916.8496067201219,2,2.488761733886449,2.327339591406106
44.659999998985946,6.510055359645377,6.5250839344798255,1089.995356421965,910.5014951746786,2,2.488761733886449,2.327339591406106
44.67999999898519,6.5101286178907545,6.527667496003176,1090.858679436175,907.9262434031167,2,2.488761733886449,2.327339591406106
44.69999999898443,6.510143678007047,6.528627839279711,1091.179674909636,903.0976099460694,2,2.488761733886449,2.327339591406106
44.719999998983674,6.51008360414469,6.529980645234966,1091.6319314440266,902.721783251492,2,2.488761733886449,2.327339591406106
44.73999999898292,6.509934623587063,6.531709017848728,1092.2098799960058,903.4908216471191,2,2.488761733886449,2.327339591406106
44.75999999898216,6.509714328663475,6.534133892697018,1093.0209889654952,907.0461359468216,2,2.488761733886449,2.327339591406106
44.7799999989814,6.509483329051984,6.539230291467901,1094.7266911453576,910.6447950908328,2,2.488761733886449,2.327339591406106
44.799999998980645,6.509310977810975,6.547613412651507,1097.5353119117033,914.2041125478466,2,2.488761733886449,2.327339591406106
44.81999999897989,6.5092509654384125,6.558832766905614,1101.2997941498809,918.1614900846696,2,2.488761733886449,2.327339591406106
44.83999999897913,6.509312313542373,6.571059745308062,1105.409708378765,914.5723447763713,2,2.488761733886449,2.327339591406106
44.859999998978374,6.509454304507167,6.581859907202261,1109.0463865976992,913.285686921125,2,2.488761733886449,2.327339591406106
44.87999999897762,6.509605030769662,6.589554505438511,1111.6409889382287,920.7777491029874,2,2.488761733886449,2.327339591406106
44.89999999897686,6.509716403018473,6.59459450688475,1113.342109941484,923.7344290555676,2,2.488761733886449,2.327339591406106
44.9199999989761,6.5097568894888544,6.597964137507898,1114.4801663075893,921.8140729377102,2,2.488761733886449,2.327339591406106
44.939999998975345,6.509703462696046,6.600546862488393,1115.3528473556557,916.7951777215524,2,2.488761733886449,2.327339591406106
44.95999999897459,6.509566214938686,6.605112264876708,1116.896293880269,915.115508280113,2,2.488761733886449,2.327339591406106
44.97999999897383,6.509401517376771,6.611658696560944,1119.1113383357213,911.4510833568833,2,2.488761733886449,2.327339591406106
44.999999998973074,6.50926755286703,6.6200221703901585,1121.944387834998,915.9756253980277,2,2.488761733886449,2.327339591406106
