t,omega_hub,omega_gnd,tau_gen,T_max,n_slack,backline_payout,k_mppt_scale
0.019999999999999858,9.809163160573084,9.991027213784342,1098.0268726523725,0.0,75,0.0,1.0
0.03999999999999904,9.933916374897583,9.96551056065147,1092.4254080790158,0.0,75,0.0,1.0
0.05999999999999823,10.05523735974605,9.698161360172856,1034.597671447448,0.0,75,0.0,1.0
0.07999999999999742,10.174846417692347,9.335526361795251,958.6725769695149,0.0,75,0.0,1.0
0.0999999999999966,10.294607651750908,8.962693409075733,883.6286045959855,0.0,75,0.0,1.0
0.11999999999999579,10.415857127401027,8.626683031322255,818.6162613519366,0.0,75,0.0,1.0
0.14000000000000018,10.539500467063036,8.353120706616883,767.520880932429,0.0,75,0.0,1.0
0.1600000000000063,10.66585696383945,8.156506141305531,731.8145167647033,0.0,75,0.0,1.0
0.18000000000001243,10.794725634000153,8.042995119642915,711.5874754405974,0.0,75,0.0,1.0
0.20000000000001855,10.92548720825551,8.009331224647772,705.6432533272955,0.0,75,0.0,1.0
0.22000000000002468,11.057340577337351,8.042649637343716,711.5263450797152,0.0,75,0.0,1.0
0.2400000000000308,11.189445709966298,8.123312021487457,725.8701801828691,0.0,75,0.0,1.0
0.26000000000003,11.320819597179756,8.230093717060358,745.0788685075602,0.0,75,0.0,1.0
0.28000000000002223,11.450486922053074,8.345685243681558,766.1550840526452,0.0,75,0.0,1.0
0.3000000000000145,11.577776170343755,8.460448208163426,787.3710227131729,0.0,75,0.0,1.0
0.3200000000000067,11.702377125042554,8.573222052590335,808.5014999932337,0.0,75,0.0,1.0
0.33999999999999897,11.82439729686068,8.689298487006933,830.5429901593109,0.0,75,0.0,1.0
0.3599999999999912,11.94431571296201,8.816865930634084,855.1083732265363,0.0,75,0.0,1.0
0.37999999999998346,12.062615361724069,8.963383089103472,883.764600422287,0.0,75,0.0,1.0
0.3999999999999757,12.179554909318655,9.132807592037885,917.4899196450332,0.0,75,0.0,1.0
0.41999999999996795,12.295298752169968,9.324279344010396,956.3640381365283,0.0,75,0.0,1.0
0.4399999999999602,12.409865937612892,9.532519478352734,999.558203656917,0.0,75,0.0,1.0
0.45999999999995245,12.523090217823624,9.749588724708055,1045.5992833104988,0.0,75,0.0,1.0
0.4799999999999447,12.634826584245076,9.967232655656824,1092.8029949319096,0.0,75,0.0,1.0
0.49999999999993694,12.74501297411307,10.17895367946684,1139.7220780960467,0.0,75,0.0,1.0
0.5199999999999569,12.853632849899785,10.381122228797379,1185.4446860215417,0.0,75,0.0,1.0
0.5399999999999769,12.960659933121098,10.572906497579124,1229.6498698720595,0.0,75,0.0,1.0
0.559999999999997,13.066201651896503,10.7553625945737,1272.4560699483063,0.0,75,0.0,1.0
0.580000000000017,13.170367575471364,10.93028989037483,1314.1836079639324,0.0,75,0.0,1.0
0.600000000000037,13.273177971630394,11.099263052129404,1355.1300433040142,0.0,75,0.0,1.0
0.620000000000057,13.374575723812452,11.26310468800458,1395.432799342458,0.0,75,0.0,1.0
0.640000000000077,13.474566017580782,11.421864262622664,1435.0488155715448,0.0,75,0.0,1.0
0.660000000000097,13.573147852044864,11.575208920662883,1473.8400771269294,0.0,75,0.0,1.0
0.680000000000117,13.670273732601451,11.722838032421329,1511.6742468782236,0.0,75,0.0,1.0
0.700000000000137,13.76588456675776,11.86472804625209,1548.4894877267302,0.0,75,0.0,1.0
0.720000000000157,13.86000646982873,12.001157310403896,1584.3055446796693,0.0,75,0.0,1.0
0.740000000000177,13.95266943389647,12.132651487191305,1619.2135532060993,0.0,75,0.0,1.0
0.760000000000197,14.043865791725425,12.259802609462708,1653.330360252875,0.0,75,0.0,1.0
0.780000000000217,14.133515666078159,12.383103227975077,1686.7537011015545,0.0,75,0.0,1.0
0.800000000000237,14.221621242332047,12.50285517713477,1719.5352633844627,0.0,75,0.0,1.0
0.820000000000257,14.308190537008125,12.619259683442538,1751.7028645397409,0.0,75,0.0,1.0
0.840000000000277,14.393233329492018,12.732504643589145,1783.2834194892107,0.0,75,0.0,1.0
0.860000000000297,14.476687883803525,12.842816331370436,1814.317244534467,0.0,75,0.0,1.0
0.880000000000317,14.558539942047032,12.950384452470791,1844.837032134769,0.0,75,0.0,1.0
0.900000000000337,14.638815076431179,13.05535140108434,1874.8642022637432,0.0,75,0.0,1.0
0.920000000000357,14.717540697218674,13.157873790022908,1904.4260694158897,0.0,75,0.0,1.0
0.940000000000377,14.794738105333465,13.258089291970041,1933.5462484123573,0.0,75,0.0,1.0
0.960000000000397,14.870352119959534,13.356095677717164,1962.2382092756864,0.0,75,0.0,1.0
0.980000000000417,14.944373861827803,13.451886627062528,1990.4857921007804,0.0,75,0.0,1.0
1.000000000000437,15.016824300533516,13.54541788981871,2018.2618039080282,0.0,75,0.0,1.0
1.020000000000457,15.087728786275393,13.636721893610252,2045.562024040361,0.0,75,2.2835247804199768e-10,1.0
1.040000000000477,15.157115662430675,13.725916433113875,2072.4086012170806,0.0,75,1.3924562010690939e-8,1.0
1.060000000000497,15.224985526125057,13.813161758992512,2098.8378155810246,0.0,75,1.5150018611019206e-7,1.0
1.080000000000517,15.291301208818716,13.898573374473177,2124.8737603017616,0.0,75,8.137400402128278e-7,1.0
1.100000000000537,15.356088437194355,13.982150729439836,2150.505929228524,0.0,75,2.968886636241632e-6,1.0
1.120000000000557,15.419375629553851,14.063868655888644,2175.7164172709577,0.0,75,8.481785288525522e-6,1.0
1.140000000000577,15.481189630937202,14.143721317024657,2200.4933796302344,0.0,75,2.0469670786392798e-5,1.0
1.160000000000597,15.541556326381624,14.221727601885732,2224.8328958046236,0.0,75,4.3664714293597416e-5,1.0
1.180000000000617,15.600490259618297,14.297938299746374,2248.7414358568963,0.0,75,8.476804199976457e-5,1.0
1.200000000000637,15.657957133909822,14.372421720289744,2272.23156716442,0.0,75,0.00015278372911587163,1.0
1.220000000000657,15.713975948685095,14.445193717993757,2295.299837054029,0.0,75,0.0002593243874882574,1.0
1.240000000000677,15.768574805414156,14.51626411648129,2317.9411628938656,0.0,75,0.00041888250799665557,1.0
1.260000000000697,15.8217812421171,14.585670588358628,2340.1596516332093,0.0,75,0.0006490637802491259,1.0
1.280000000000717,15.873621625156114,14.653470614475083,2361.9662115421324,0.0,75,0.0009707802689338191,1.0
1.300000000000737,15.924120641114339,14.719722032700984,2383.3723839198105,0.0,75,0.0014084026442226325,1.0
1.320000000000757,15.973300541792185,14.784465426125628,2404.3845972993445,0.0,75,0.0019898716987763543,1.0
1.340000000000777,16.02113998955154,14.847727373296976,2425.0050896692755,0.0,75,0.0027467701837279018,1.0
1.360000000000797,16.067638325474746,14.909514807033787,2445.2299495927573,0.0,75,0.003714356600885788,1.0
1.380000000000817,16.112818778415733,14.969831475110784,2465.0543983253924,0.0,75,0.004931563032508195,1.0
1.400000000000837,16.156705195593585,15.028720681143877,2484.486898430259,0.0,75,0.006440959402277757,1.0
1.420000000000857,16.199320192649974,15.086239766815707,2503.540933320368,0.0,75,0.008288686765972102,1.0
1.440000000000877,16.24068524949229,15.142888444871133,2522.3777749919286,0.0,75,0.010524362348333488,1.0
1.460000000000897,16.28082108995259,15.207893834266395,2544.0803836174964,0.0,75,0.013200959091054397,1.0
1.480000000000917,16.319761727037307,15.282539242065022,2569.1160625378307,0.0,75,0.01637466247007402,1.0
1.500000000000937,16.357566977852052,15.36348335702686,2596.4028294780546,0.0,75,0.020104707290586634,1.0
1.520000000000957,16.3943064464234,15.447963247813526,2625.0352535637717,0.0,75,0.024453197085334392,1.0
1.540000000000977,16.430063435939196,15.534139570094949,2654.404414015087,0.0,75,0.029484908634201314,1.0
1.560000000000997,16.464950421651068,15.620851273037637,2684.120939437977,0.0,75,0.035267083997692315,1.0
1.580000000001017,16.49906581784763,15.707208614341402,2713.880426998848,0.0,75,0.04186921231918225,1.0
1.600000000001037,16.532485580244153,15.792292014312244,2743.361357718413,0.0,75,0.0493628035054273,1.0
1.620000000001057,16.565264241181808,15.875097260743614,2772.2058434187634,0.0,75,0.0578211557454305,1.0
1.640000000001077,16.597440027367565,15.9546783559412,2800.0693758569246,0.0,75,0.06731911867730601,1.0
1.660000000001097,16.629040213347682,16.030333944359484,2826.6876700445227,0.0,75,0.07793285386362339,1.0
1.680000000001117,16.660083126952852,16.10171657910253,2851.918044731198,0.0,75,0.08973959408965881,1.0
1.700000000001137,16.69057715739909,16.168784292795493,2875.725440576453,0.0,75,0.10281740285742202,1.0
1.720000000001157,16.720520220756793,16.231674057042884,2898.1396696348693,0.0,75,0.11724493531231339,1.0
1.740000000001177,16.74990095103299,16.290594026244715,2919.2179910071204,0.0,75,0.13310120170952408,1.0
1.760000000001197,16.778689846829845,16.34578660350513,2939.032136560605,0.0,75,0.15046533440434826,1.0
1.780000000001217,16.80683671890796,16.397506238566347,2957.660319282045,0.0,75,0.16941635923472625,1.0
1.800000000001237,16.834313887867424,16.44601223997024,2975.1845045697605,0.0,75,0.1900329720557313,1.0
1.820000000001257,16.861095762291427,16.491626539173666,2991.7112049833495,0.0,75,0.2123933210843963,1.0
1.840000000001277,16.887157154289696,16.534746838883883,3007.3763832857862,0.0,75,0.2365747956191544,1.0
1.860000000001297,16.912472671241698,16.575784955813926,3022.32311591526,0.0,75,0.2626538216110993,1.0
1.880000000001317,16.937017155837715,16.61510539100488,3036.6789986961944,0.0,75,0.29070566448404345,1.0
1.900000000001337,16.960766275102767,16.65300723391731,3050.549149261925,0.0,75,0.32080423952672016,1.0
1.920000000001357,16.983696486693887,16.68973128595017,3064.0184343694636,0.0,75,0.35302193011312594,1.0
1.940000000001377,17.00578564772694,16.725469681842362,3077.154696860509,0.0,75,0.38742941394566566,1.0
1.960000000001397,17.027014346671873,16.760388432389725,3090.0168244504166,0.0,75,0.4240954974600696,1.0
1.980000000001417,17.047365789612805,16.79465440075079,3102.6645808472367,0.0,75,0.4630869584807388,1.0
2.000000000001437,17.066821501546485,16.828394221270226,3115.1433727312924,0.0,75,0.5044683971698382,1.0
2.020000000001346,17.08545141600745,16.862564033555287,3127.806723643276,0.0,75,0.5483020952728297,1.0
2.040000000001255,17.103186640864525,16.89790899924028,3140.9326140126614,0.0,75,0.5946478836268817,1.0
2.060000000001164,17.119698163519576,16.92900268486277,3152.5024509449995,0.0,75,0.6435630178663808,1.0
2.080000000001073,17.13521139646049,16.954443055975634,3161.9845327215244,0.0,75,0.6951020622313351,1.0
2.100000000000982,17.15068500984663,16.992662788120125,3176.2564749383864,0.0,75,0.7493167813594873,1.0
2.120000000000891,17.165341708673026,17.04376004632699,3195.3873216844945,0.0,75,0.8062560399211836,1.0
2.1400000000008,17.181173535049517,17.120413032413992,3224.1939664049596,0.0,75,0.865965709937227,1.0
2.160000000000709,17.194265843523592,17.194067420927645,3251.99549922946,0.0,75,0.9284885856038215,1.0
2.180000000000618,17.203898174949693,17.198231996217277,3253.571021752829,0.0,75,0.9938643054350106,1.0
2.200000000000527,17.21821671056576,17.231265793880766,3266.081729453019,0.0,75,1.0621292815216665,1.0
2.220000000000436,17.23713551465395,17.407250999524045,3333.1362609647394,0.0,75,1.133316635696645,1.0
2.240000000000345,17.256007055338287,17.70947098873539,3449.878989709465,0.4673065995753013,75,1.2074561423882801,1.0
2.260000000000254,17.293484657705186,18.407220222475253,3727.083319505721,0.0,75,1.2845741779385158,1.0
2.280000000000163,17.330156469290415,19.051360757259975,3992.497813735919,0.0,75,1.3646936761576525,1.0
2.3000000000000718,17.34560254840092,19.452859990760693,4162.551380021519,0.0,75,1.447834089884815,1.0
2.3199999999999807,17.398907078718395,20.517394095772307,4630.598065293556,30.918475600699736,74,1.5340113583214305,1.0
2.3399999999998897,17.494038422176583,22.457204309385066,5547.586279328095,51.687090747557285,74,1.6232378799044447,1.0
2.3599999999997987,17.569101844332728,23.625708142281088,6139.914937466716,19.26311354347104,73,1.7155224904863167,1.0
2.3799999999997077,17.58937842889394,23.927734058830172,6297.901029091116,0.0,75,1.8108704465901084,1.0
2.3999999999996167,17.674052181227328,24.80412979222028,6767.693402242406,7.773613738745294,74,1.9092834135098737,1.0
2.4199999999995256,17.79383597806803,25.646381233174438,7235.105573930542,0.0,75,2.0107594580292854,1.0
2.4399999999994346,17.847358637331084,25.56811467136908,7191.013366331067,122.83254904733266,74,2.1152930455346595,1.0
2.4599999999993436,17.88593704259311,25.61817533996695,7219.199985242198,267.9975864756359,73,2.2228750413022356,1.0
2.4799999999992526,18.013414508492414,25.826244783046732,7336.944115532334,76.30246909423032,74,2.333492715743881,1.0
2.4999999999991616,18.1481610791596,25.163223756635844,6965.0661280917475,5.847054064737364,74,2.447129753399798,1.0
2.5199999999990705,18.121240257601677,24.82677568798187,7503.153642914932,0.0,75,2.5637662654718376,1.106650574332401
2.5399999999989795,18.200770953628744,25.705531858784603,8958.41948334009,4.439963008493967,75,2.6833788056960697,1.2324960084355159
2.5599999999988885,18.410158999815465,26.578383162164236,10568.421999703363,87.70355303541405,74,2.805940389358671,1.3600671313347912
2.5799999999987975,18.473185284271224,26.31537428222759,11344.719754119675,0.0,75,2.9314205152647586,1.4892992960675033
2.5999999999987065,18.363877587092464,25.575371161400206,11656.959029766653,198.77567930960262,74,3.059785190475327,1.6201256381888403
2.6199999999986154,18.433579516079952,24.769113112168533,11826.764642985712,139.1541276155116,73,3.190996957633393,1.752477118578436
2.6399999999985244,18.517689286815603,23.0523648394579,10801.205173886323,2228.032832516987,71,3.325002857828306,1.8477727664085926
2.6599999999984334,18.407708345973386,20.62497439012332,8759.9202335276,1265.9952986994783,71,3.4610298410442843,1.8720637356004861
2.6799999999983424,18.404458127376653,18.757648240508782,7245.528854499837,3504.9334620009167,73,3.59722750830684,1.8720637356004861
2.6999999999982514,18.515930030266546,16.897195443097605,5879.529455758998,51.41944107177361,71,3.7317074857812336,1.8720637356004861
2.7199999999981603,18.473776421734154,14.796816769031652,4509.421646101044,77.91516746155254,72,3.862975868486097,1.8723695437717722
2.7399999999980693,18.437484965574527,13.033453876465424,3499.0757153895515,5598.06214991894,74,3.989920344768291,1.8725853277409752
2.7599999999979783,18.541606645940437,12.190484050965573,3068.7470190343615,6945.0056906940135,73,4.111737339127791,1.8772689682590284
2.7799999999978873,18.64704673152431,11.251054209598719,2734.0912900131516,2292.1049974659763,74,4.228009862575363,1.9635135010199964
2.7999999999977963,18.58287191543389,10.930364624425168,2787.263998955666,8242.196180191017,74,4.3398730710954245,2.120880117163471
2.8199999999977052,18.64569984052158,11.929430447657253,3568.039727834607,16618.618397167273,69,4.449550560486915,2.2792794623914507
2.839999999997614,18.825155720625407,13.341931262854525,4774.963763574451,4230.631918800899,74,4.5588975295699425,2.4385967871212952
2.859999999997523,18.773201733313332,14.804211224286345,6265.01523268343,0.0,75,4.669378269791721,2.5987164783643277
2.879999999997432,18.691454952482395,16.584844283335954,8349.286348111542,19.40887602461368,74,4.7821305166972845,2.7595220857648726
2.899999999997341,18.80294275776189,18.212563582612454,10657.393285051727,0.0,75,4.898020036720691,2.9208963469954625
2.91999999999725,18.807981763997546,18.19488727686383,11226.016460723544,0.0,75,5.0176868588924854,3.08272121251997
2.939999999997159,18.722826869136746,17.930649242525913,11475.802641047536,0.0,75,5.141584364257451,3.2448778697364253
2.959999999997068,18.796360267520132,17.768663929071614,11833.298498859327,102.59640345425586,74,5.270012275824122,3.4072467665111987
2.979999999996977,18.85779755136335,16.83513801449053,11129.065420394729,60.811112682607614,74,5.403144445132241,3.569707634116129
2.999999999996886,18.753760942393157,16.576646338447993,11280.903874481208,0.0,75,5.54105220490658,3.732139509580224
3.019999999996795,18.75649530724341,17.87908426516758,13687.332750018055,0.1853162865837394,75,5.683721163772332,3.8925625300299864
3.039999999996704,18.858792380950188,18.959814220873056,16012.179717249519,25.64433026822559,73,5.831039140849118,4.04939008935899
3.059999999996613,18.821491133006536,19.27226087490264,17170.252366504246,0.0,75,5.982790651703782,4.20260585980579
3.079999999996522,18.78129120308483,20.64194698536969,20398.732316285383,10.46721913732529,74,6.138680171549749,4.352203332317308
3.099999999996431,18.914964384251103,22.553340999811585,25168.177075714015,17.037506813130253,74,6.298353923677417,4.498184896177735
3.11999999999634,18.967368836280464,23.180750800813755,27429.51736702304,18.600233266043855,74,6.4614178006443215,4.640560985947127
3.139999999996249,18.845929112724953,23.910061822463916,30055.42369499628,48.92331706601889,74,6.627452012221234,4.779349291249975
3.159999999996158,18.910237578480572,24.933444623317648,33608.035661025366,5.792445757496927,74,6.796022968864769,4.914574025235021
3.179999999996067,19.000159773105242,24.597008610041524,33583.60754570519,1.1936193767460608,75,6.9666928360315845,5.04626524779137
3.199999999995976,18.895228380410217,23.77192966353183,32165.213964999224,38.42865668567844,74,7.139027131378829,5.174458239853649
3.219999999995885,18.887211809721617,22.947682717564373,30695.880058477516,0.0,75,7.312600682431961,5.299192925361301
3.239999999995794,18.997738866940974,21.597107834607176,27811.492509306823,0.0,75,7.487002215451032,5.420513337655337
3.259999999995703,18.95291913696902,19.913317759635486,24158.474959994513,0.0,75,7.661837805955581,5.538467127300589
3.2799999999956118,18.891535216482936,19.429913706940123,23475.858823919923,30.913210521541114,74,7.836733386778768,5.653105108513554
3.2999999999955207,18.984898597423722,19.356856467429424,23758.692944033195,0.0,75,8.011336479836848,5.764480841556303
3.3199999999954297,19.028627580365377,18.343750190790765,21737.173751689083,0.0,75,8.185317292347777,5.872650248626007
3.3399999999953387,18.905837942070498,17.71570566668435,20636.765304036617,0.0,75,8.358369296428931,5.977671260928313
3.3599999999952477,18.976113242114153,17.715961192028008,20989.272292575577,0.0,75,8.530209392346787,6.0796034947716855
3.3799999999951567,19.05794806554156,17.055656755184824,19770.296830462667,19.268660045685166,73,8.700577739741476,6.178507954659434
3.3999999999950656,18.908294441885037,15.74354782332351,17106.97967055136,6.328749525353384,74,8.869237327532778,6.274446761487087
3.4199999999949746,18.894296869370155,14.862298014859304,15471.499356509901,22.36934992770597,74,9.035973341602663,6.367482904075682
3.4399999999948836,18.965038576089125,13.610696775530789,13159.213218817602,1.2127847239645273,75,9.200592379462481,6.45768001238649
3.4599999999947926,18.861418708931016,12.5378467190159,11317.617873754662,0.0,75,9.362921552707244,6.545102150870969
3.4799999999947016,18.78290720964668,12.260700349809548,10962.877524373018,0.0,75,9.522807510923991,6.629813630510669
3.4999999999946105,18.85397021509669,12.225865303343541,11035.601426323783,0.0,75,9.680115414676651,6.711878838196898
3.5199999999945195,18.80783601182923,11.905975294785021,10589.599242539514,0.0,75,9.834727880078214,6.791362082188876
3.5399999999944285,18.678391475794214,13.01425525029017,12796.238269046651,0.0,75,9.986543913148147,6.868327452472375
3.5599999999943375,18.742267620870273,15.630427052697161,18658.273218439135,0.0,75,10.135477848524975,6.942838694919008
3.5799999999942465,18.78245769002947,17.39671364670023,23353.515084645212,0.0,75,10.281458304056457,7.014959098219584
3.5999999999941554,18.565968619051862,18.621304906335396,27023.24651673819,0.0,75,10.424427160242606,7.0847513926334
3.6199999999940644,18.545328911229326,20.48932414795566,33028.76366529609,0.0,75,10.564338571381628,7.152277659659616
3.6399999999939734,18.61896340203565,21.36873166633974,36252.91568307916,17.0451363652817,74,10.701158013504092,7.217599251797011
3.6599999999938824,18.48789938428056,20.98238138870403,35259.80868243013,0.0,75,10.834861372723067,7.2807767216147985
3.6799999999937913,18.398702242752492,21.106106036977458,35976.22516235347,11.876526036669173,74,10.965434076427986,7.3418697594097955
3.6999999999937003,18.477645606925098,21.317967467290906,36997.381755646486,0.0,75,11.09287026877092,7.400937138774781
3.7199999999936093,18.490434456080635,20.59078636209113,34782.68188355254,218.68623446959853,73,11.217172031099128,7.458036669448935
3.7399999999935183,18.3547921354318,20.985532135013475,36396.45298407025,22.25382226603856,73,11.338348647348967,7.513225156864669
3.7599999999934273,18.40577513644957,22.239376520876338,41165.774151141995,0.40048226583745067,75,11.456415913909224,7.566558367845489
3.7799999999933362,18.529526890549032,22.474130717085437,42325.74844410356,11.712894456170371,74,11.57139549306349,7.618091001947497
3.7999999999932452,18.389956906630736,23.022062027268177,44705.01485072444,0.955704430364834,75,11.68331430881477,7.667876667972497
3.819999999993154,18.33093734294485,24.409973558902674,50572.88315159613,11.447797626313747,74,11.792203983665996,7.715967865213867
3.839999999993063,18.428947709049165,24.986305993317036,53308.16158236432,18.173594607621617,74,11.898100314762074,7.762415969027269
3.859999999992972,18.409537801575734,23.486976508850418,47374.66792343174,37.133897508878285,74,12.001042787684225,7.8072712203472445
3.879999999992881,18.24696072647911,21.95655590131478,41631.59162173927,141.66293257000592,73,12.101074126114732,7.850582718797858
3.89999999999279,18.311633081708287,20.834818143179973,37686.09288605095,0.0,75,12.198239875551508,7.89239841907077
3.919999999992699,18.368536614341092,18.89655176948982,31141.20478246555,7.969405012903951,73,12.292583276445287,7.928254852156558
3.939999999992608,18.189024347983622,16.9600838974653,25209.483650769846,1.5253510388690898,75,12.384100354837154,7.96737525917797
3.959999999992517,18.159710611239976,15.996917587493929,22533.7665474208,3.604392594622838,75,12.47283701883423,8.005131872343316
3.979999999992426,18.251154285937577,15.132322720769121,20255.5772748933,0.0,75,12.558865511906632,8.041568213736657
3.999999999992335,18.167362048721493,13.761945389104946,16826.265287649945,0.0,75,12.642255600602358,8.076726680484104
4.019999999992466,18.021430679777932,13.271487767113536,15714.026840341774,0.0,75,12.72307492872084,8.110648554908995
4.039999999992597,18.109960354841,13.104475187587653,15382.833267246784,0.0,75,12.80138930195707,8.143374016270236
4.059999999992728,18.156503178800783,12.67752039572665,14452.600873349456,7.864496260865962,73,12.877262914715244,8.174942153906354
4.079999999992859,17.888081908872998,12.896545170240369,15012.006095711715,0.0,75,12.950758529022787,8.205390981621045
4.09999999999299,17.877556023254108,13.579316628925204,16703.18636998884,285.83575906779777,73,13.021937613958558,8.234757453159276
4.119999999993121,17.95324430059731,13.570331633550225,16738.457439204045,90.79435139759538,74,13.090860452710793,8.263077478634532
4.139999999993252,17.724967695996703,13.560116898520711,16768.50330680437,0.0,75,13.1575862232664,8.290385941778995
4.159999999993383,17.584121169532743,14.331191282953222,18789.238514048502,0.0,75,13.222173057782834,8.316716717898927
4.179999999993514,17.664075873083856,15.593000235086087,22311.43932515584,6.475745254676938,74,13.284678084881145,8.342102692426874
4.199999999993645,17.633756905054447,15.740682827068536,22802.768081142953,0.0,75,13.345157458405922,8.366575779971487
4.219999999993776,17.334467045130527,15.898011077059556,23326.462269750897,0.0,75,13.40366637560729,8.390166943773956
4.239999999993907,17.32261359321195,16.909325918245518,26460.090347387417,2.0820043905830725,75,13.460259087198692,8.412906215487697
4.259999999994038,17.42186634845846,17.67538726109005,28987.216867321287,1456.5973056134424,74,13.51498890131787,8.434822715205506
4.279999999994169,17.22151570145413,17.666629193455154,29031.013999418657,6638.427504514624,73,13.56790818305743,8.455944671664481
4.2999999999943,17.006067462064948,18.057266297199327,30402.057873008947,3546.985777309257,73,13.619068350925934,8.47629944256581
4.319999999994431,17.0880798870838,19.0265858941628,33831.75297170264,1783.42040840927,73,13.668519871343193,8.49591353495179
4.339999999994562,17.12732960699942,19.00815453245139,33841.35070849375,3719.433084950663,72,13.716312252056431,8.514812625588188
4.3599999999946935,16.81575756552154,18.919916420663803,33599.58832723238,6186.999467740615,73,13.76249403518181,8.533021581304634
4.3799999999948245,16.734163137266272,19.47125965322872,35659.52615197501,6760.140385158475,73,13.807112790424496,8.55056447925066
4.3999999999949555,16.850193851725702,19.794169868163237,36924.92237984333,4993.341830020691,73,13.850215108902507,8.567464627028915
4.4199999999950865,16.73938945087869,18.92433544425963,33815.10548876282,1061.3590189334761,72,13.891846597894979,8.583744582671375
4.4399999999952176,16.42876122933443,18.468400577857867,32264.187226763366,4819.607891693121,72,13.932051876748565,8.59942617442761
4.459999999995349,16.46597151290295,18.87615512953498,33763.804336105524,1436.6056971968226,71,13.970874574103574,8.614530520337919
4.47999999999548,16.56060023794283,18.3720860546236,32038.63643302317,5289.682775464432,73,14.008357326544061,8.62907804756687
4.499999999995611,16.27672795589247,17.292857185335894,28431.197703505844,5271.235756468032,74,14.044541778727634,8.643088511475987
4.519999999995742,16.088915847944563,17.094605422956242,27826.414159023632,0.0,75,14.079468585013977,8.656581014416687
4.539999999995873,16.18314747656687,17.645388296113396,29692.918322154146,638.2592315502376,73,14.113177412580269,8.669574024227167
4.559999999996004,16.200176470736846,16.74000094201407,26762.56248967132,4677.368551030036,72,14.145706945988003,8.682085392419093
4.579999999996135,15.861045153902472,15.667727525117682,23476.37044213259,3021.3740335605803,74,14.177094893148388,8.694132372042107
4.599999999996266,15.79399403529014,15.606793402999825,23325.197155400143,1984.4558423532487,73,14.207377992619126,8.705731635215827
4.619999999996397,15.884368836707603,16.279755733102792,25412.68084310766,3249.4161569188063,74,14.236592022156085,8.716899290321038
4.639999999996528,15.843227367710314,15.633889971153414,23465.194253965405,299.2420848821211,71,14.26477180843642,8.727650898843129
4.659999999996659,15.590397288570465,14.987690921845262,21591.074530245092,25.631022432788182,74,14.291951237865781,8.73800149186238
4.67999999999679,15.574419201608368,15.291784120283763,22501.73820657177,6.35381234520546,73,14.318163268379807,8.747965586187036
4.699999999996921,15.673003601690016,16.366209226868605,25803.09881877204,0.0,75,14.343439942149857,8.757557200126243
4.719999999997052,15.637647531409145,15.997261539576158,24678.830351505872,6.150792113084089,74,14.367812399103697,8.766789868901075
4.739999999997183,15.429835461139602,15.799996489280268,24098.34842539633,0.0,75,14.391310891173712,8.775676659692904
4.759999999997314,15.437532381127221,16.555587468746594,26484.122326177006,14.37476814395115,74,14.413964797187765,8.784230186329145
4.779999999997445,15.550155902874296,17.95645544227874,31184.906075660838,0.0,75,14.435802638321258,8.792462623607433
4.799999999997576,15.585848301475394,17.795454145336016,30655.792266118453,0.0,75,14.456852094032593,8.800385721259767
4.819999999997707,15.372195951833211,17.772523804564468,30603.33340524872,0.0,75,14.47714001840799,8.808010817559104
4.839999999997838,15.381313023202816,18.545988590495316,33352.789702665126,14.90593910534646,74,14.496692456845906,8.815348852571203
4.859999999997969,15.503084715671756,19.455717978142026,36734.5281009779,21.56388052407332,73,14.515534663015988,8.822410381055281
4.8799999999981,15.586793402649043,18.953335638630406,34888.767003402005,0.0,75,14.533691116030905,8.829205585017384
4.899999999998231,15.37051850092393,18.49479664303169,33245.65889055721,0.0,75,14.55118553777437,8.835744285920823
4.919999999998362,15.354471683017547,18.99149399702964,35080.29388007258,5.380347544773841,74,14.568040910332805,8.84203595655843
4.939999999998493,15.47350395274602,19.390507582333125,36594.89950829057,0.0,75,14.584279493481684,8.848089732591657
4.959999999998624,15.561010188476645,18.60307488790954,33705.24388121038,73.68766061482111,74,14.599922842182178,8.85391442376186
4.979999999998755,15.353606418071493,17.771362318051647,30772.001409657063,3002.6199099524624,74,14.614987316130772,8.857713233724713
4.999999999998886,15.312987308985804,17.693325963669743,30521.149561059403,7823.715130706914,74,14.629470127556948,8.863173374512872
5.019999999999017,15.426817240312026,17.973947426767072,31515.228701404925,8924.519638094494,73,14.643394105266808,8.868309549427105
5.039999999999148,15.513860159133483,17.415430516311353,29600.638589782982,189.10439584422744,73,14.656778611231513,8.872376554978793
5.059999999999279,15.315050198634873,16.66012858202281,27095.63178569153,314.0110379903748,74,14.669633700641533,8.874622710121953
5.07999999999941,15.249663419256587,16.307618771267645,25966.638742265754,7029.480080851336,71,14.681943704274483,8.876503941614581
5.099999999999541,15.357366169842072,16.420288450768833,26338.264900038415,8845.729889998052,74,14.693697561717782,8.88040785278827
5.119999999999672,15.44711042709274,16.08219988555974,25274.75032924335,706.3642868450885,72,14.704919088857634,8.883892152850725
5.139999999999803,15.262357177971207,15.43805828486649,23295.812234518937,66.13206016399496,74,14.715632355757556,8.885867224527138
5.159999999999934,15.169106998279437,15.071959285761661,22211.881051158703,6376.059166332877,70,14.725845504175586,8.889006614305375
5.180000000000065,15.26737488215795,15.245526036348286,22737.32546706923,8827.883547789988,72,14.735579879858333,8.893277936350376
5.2000000000001965,15.36092299034154,15.145159495585068,22448.83934278675,3313.082123129831,73,14.74488182150132,8.897203092341435
5.2200000000003275,15.202562454717427,14.669192719464311,21069.383362162833,0.15355028920047534,75,14.753790642216881,8.901162131916529
5.2400000000004585,15.085798481228156,14.467971861432197,20504.08842559398,538.3916115716604,74,14.762341840893873,8.904970192226685
5.2600000000005895,15.176421153153408,14.747886974734337,21313.92099448655,326.43788391595376,71,14.77056543074365,8.908632942039398
5.280000000000721,15.28027413205231,15.020792161332444,22118.778075899314,2774.5507739226023,73,14.778486659948804,8.912155842610911
5.300000000000852,15.170358849604545,14.879751201224257,21713.602320998838,0.0,75,14.786126818765194,8.915544154957505
5.320000000000983,15.013649265816209,14.756907243551305,21364.363017817523,0.0,75,14.793503918756086,8.918802946892253
5.340000000001114,15.090720416559968,15.21868882259394,22730.360124104813,14.23205606873214,73,14.800633263235476,8.921937099833572
5.360000000001245,15.202916013009093,15.783585326937455,24457.37630749191,2005.4833797039328,73,14.807527925271568,8.92495131539167
5.380000000001376,15.143835059782921,15.832640817441282,24617.633104108107,1947.8105962791356,74,14.814199147251063,8.92785012173901
5.400000000001507,14.951887580363291,15.768958135736247,24427.62056395217,0.0,75,14.820656673983814,8.930637879770746
5.420000000001638,15.010970681618657,16.27471503834302,26027.49091015165,14.33377498714227,73,14.826909029587105,8.933318789061133
5.440000000001769,15.130051967605196,16.918565608913216,28135.71226657099,1572.783638513806,73,14.832963746893538,8.935896893621582
5.4600000000019,15.132697735024179,16.990590648575097,28383.65127074965,3575.935938074886,73,14.83882755684147,8.938376087466231
5.480000000002031,14.916715579165702,16.854820123426954,27939.29042863499,0.0,75,14.844506544203423,8.94076011999049
5.500000000002162,14.948989576171606,17.201086116135112,29106.515085378127,0.0,75,14.850006275061226,8.94305260116817
5.520000000002293,15.072049243135845,17.811557874838147,31216.867477808126,0.0,75,14.855331900625663,8.945257006572582
5.540000000002424,15.139399143769912,17.766109297159474,31065.122154987977,0.0,75,14.860488241302315,8.947376682226775
5.560000000002555,14.917169616775901,17.465444675043692,30029.397595852974,0.0,75,14.865479854311097,8.94941484928827
5.580000000002686,14.905338822865989,17.510772227892183,30192.078743795642,0.0,75,14.870311087657868,8.951374608573142
5.600000000002817,15.02478921805254,17.962873136637445,31777.917690083817,0.0,75,14.874986122821715,8.953258944924588
5.620000000002948,15.11606099119314,17.874567588753724,31472.61248534008,476.40537682690325,74,14.879509008151098,8.955070731430645
5.640000000003079,14.929632640290777,17.424493054916926,29913.44851271526,0.0,75,14.88388368464552,8.956812733495866
5.66000000000321,14.86354136837987,17.21546959897384,29205.532576609294,134.94958031783528,71,14.888114005530063,8.95848761277155
5.680000000003341,14.97330771608713,17.398441723761763,29835.007213256722,1148.3824094973925,74,14.892203750801997,8.960097930948931
5.700000000003472,15.079706199735377,17.456280977894874,30038.893050466642,4089.503454860494,73,14.896156637733037,8.96164615341979
5.720000000003603,14.950390433694604,17.027687983065377,28586.69664527387,7371.86439333943,74,14.899976328147575,8.963134652808709
5.740000000003734,14.824497741228967,16.672895980015713,27412.20819136276,1469.5537158608915,74,14.903666433156063,8.964565712381063
5.760000000003865,14.918790599120925,16.609621348222664,27208.716231361992,1284.4797686293773,74,14.907230515906166,8.965941529330925
5.780000000003996,15.030384507223477,16.818493532531775,27901.454048213513,4278.144885660851,73,14.910672092813835,8.967264217952607
5.800000000004127,14.971909754837801,16.4238127416832,26611.061661294574,8378.61655071352,73,14.913994633653266,8.968535812699843
5.820000000004258,14.787582717172814,15.685887155453202,24276.80875764809,3088.936430418919,73,14.917201560814311,8.9697582711362
5.840000000004389,14.86224627023557,15.516454993917348,23758.298444729855,345.5592228531527,73,14.92029624797656,8.970933476780406
5.86000000000452,14.980561103566009,15.924491955055942,25027.425821998764,3502.0949616932503,74,14.92328201840071,8.97206324185003
5.880000000004651,15.002242115148297,15.624543750092538,24096.405796676856,7796.696045948294,73,14.926162142996109,8.97314930990695
5.900000000004782,14.779380378234075,14.825368970881037,21696.972043546593,2983.799383281086,73,14.92893983828992,8.974193358407948
5.920000000004913,14.813459442188824,14.608249517519798,21068.471622903468,806.6809122777717,71,14.931618264394595,8.97519700116353
5.940000000005044,14.937458190704712,15.096327763883876,22502.252309496456,0.0,75,14.93420052304769,8.976161790708215
5.960000000005175,15.0137873124118,14.948522095991093,22066.05732732275,1091.074273705794,74,14.936689655778448,8.977089220585196
5.980000000005306,14.797305366359401,14.151424002344118,19777.511275098175,3118.0998637080575,74,14.939088642240769,8.977980727548378
6.000000000005437,14.764717830641796,13.858722273692479,18969.644391059297,416.13662528327376,74,14.941400398738798,8.978837693684572
6.0200000000055685,14.886978901177832,14.306002224700027,20215.720517862697,1230.2022133735366,73,14.943627776962101,8.979661448458604
6.0400000000056995,14.988723733424047,14.425302681029246,20556.104256714363,5252.139455516377,73,14.945773562938719,8.980453270684084
6.0600000000058305,14.825702185025142,13.813302928649037,18850.49768838674,6605.528760893674,73,14.947840476208505,8.98121439042223
6.0800000000059615,14.719715416383481,13.469676368100636,17925.75460369231,4153.892925449133,73,14.949831169214274,8.981945990811464
6.1000000000060925,14.828914907300751,13.849084313422487,18951.310345165784,2445.847847602584,73,14.951748226903804,8.982649209830043
6.120000000006224,14.939052522842749,14.242825303185988,20045.74026397177,4183.580075988952,73,14.95359416653451,8.983325141994094
6.140000000006355,14.849586987771042,13.792332791724858,18799.083086177838,8462.319525930374,74,14.95537143766887,8.983974839993403
6.160000000006486,14.67494090415948,13.380937909554769,17695.568102766025,5732.829492928381,73,14.957082422348561,8.98459931626702
6.180000000006617,14.758839613689316,13.64369201565894,18398.576643313987,5091.433936450614,71,14.958729435434012,8.985199544520913
6.200000000006748,14.872545799149142,14.281126403545404,20159.19667651271,2860.27541383369,73,14.96031472509573,8.985776461189698
6.220000000006879,14.852498255488788,14.04579981869727,19501.501191177744,2098.832810554793,72,14.961840473443235,8.986330966844324
6.24000000000701,14.632276806116083,13.60525016179204,18298.433598199572,4882.996745451991,73,14.963308797278703,8.986863927547834
6.260000000007141,14.672765216879442,13.731737340770312,18641.316513979586,1113.7806359982876,71,14.964721748961345,8.987376176160833
6.280000000007272,14.795525390049248,14.48784883313335,20751.86852681972,3265.232635119529,72,14.966081317369863,8.987868513598658
6.300000000007403,14.840838599441248,14.482232382521238,20736.87375043991,7158.3935594442955,71,14.967389428951268,8.988341710041809
6.320000000007534,14.612697335867084,14.06699773438764,19565.54096347999,7726.605375017577,71,14.968647488484928,8.988688698258427
6.340000000007665,14.583142575336023,14.075195361038789,19589.31317207787,4327.552277292586,72,14.969856020407766,8.989129999329645
6.360000000007796,14.704432280590071,14.798934716004633,21656.673341333655,2271.629897988424,72,14.971017139166023,8.989554134620462
6.380000000007927,14.788367020882408,15.049382594303713,22396.8992535303,5417.631501196544,71,14.972132962131747,8.989961768843964
6.400000000008058,14.613187457263503,14.703230300910048,21379.373532093483,6039.355356339502,73,14.973205465379039,8.990353541150116
6.420000000008189,14.507595897109686,14.593281154426604,21061.705860925165,7715.7471246528785,71,14.974236499243869,8.990730066098418
6.44000000000832,14.611098905647312,15.145667467789488,22687.255307278498,3909.972678974696,72,14.975227801728359,8.991091934594138
6.460000000008451,14.71520010623754,15.645146626763637,24209.242315480402,4681.714386856232,71,14.976181010058866,8.991439714789554
6.480000000008582,14.626596317303346,15.390159158529443,23427.41052857537,8369.540232219366,72,14.977097670663573,8.991773952951352
6.500000000008713,14.451138121443291,15.143744860559943,22684.02661971503,3298.777045777309,72,14.977979247797547,8.992095174295478
6.520000000008844,14.519748648045343,15.450593847694657,23613.417309874912,1529.253726291608,74,14.978827131010881,8.992403883790676
6.540000000008975,14.637244282868194,16.08200071377075,25583.677512719674,3771.5532165142354,74,14.979642641627883,8.992700566931752
6.560000000009106,14.63770297466575,15.88763863004934,24969.813217322724,6698.895980428829,73,14.980427038380563,8.992985690483748
6.580000000009237,14.423760080630267,15.49513734762581,23752.027116151377,5219.182332096079,73,14.981181522319822,8.99325970319814
6.600000000009368,14.43158527354316,15.532849634405322,23868.482733406858,5.763084520628324,74,14.981907241109257,8.993523036501953
6.620000000009499,14.554020114690854,16.165095713195832,25851.831574828822,914.7407203063057,74,14.982605292791733,8.993776105160906
6.64000000000963,14.630193997316718,16.118160720526845,25702.624096456955,5279.616864874045,73,14.983276729105446,8.99401930791753
6.660000000009761,14.441318034154758,15.640957096861223,24203.84904958031,1200.5814068511472,74,14.983922558415085,8.994253028105108
6.680000000009892,14.358536040506406,15.459757378418118,23646.887173219402,252.5631252375785,74,14.984543748313921,8.994477634238471
6.700000000010023,14.466677558411154,15.909243568289845,25042.52494459984,1587.9502650859304,73,14.985141227944698,8.994693480582328
6.720000000010154,14.568238134681945,16.024203912313542,25406.333471405826,5645.097972193463,73,14.9857158900798,8.994900907698133
6.740000000010285,14.47246443325286,15.483228334387395,23720.384780158172,7654.7921334063785,74,14.986268592994987,8.995100242970203
6.760000000010416,14.308954420448709,15.131152265099562,22654.367662993136,1997.0734600318665,74,14.98680016216645,8.995291801111831
6.780000000010547,14.379824939509666,15.284593598128918,23116.635242079017,376.9029321687736,74,14.987311391815963,8.995475884652219
6.800000000010678,14.498184281044546,15.609239091833496,24109.535046838875,3810.149924020356,74,14.987803046324943,8.995652784404896
6.820000000010809,14.505133284561849,15.17011982507958,22772.546558483515,8624.142687519596,74,14.988275861535957,8.995822779918319
6.84000000001094,14.295620804299288,14.724178133383889,21453.768432342404,3325.285515123825,74,14.988730545956317,8.995986139909306
6.8600000000110715,14.298863530757194,14.64526370319778,21224.791532109506,839.4972553454024,73,14.989167781877072,8.996143122680024
6.8800000000112025,14.421949891553318,15.084818038015067,22518.34535594912,4.821947039050498,75,14.989588226417911,8.996293976519013
6.9000000000113335,14.504921935721324,14.810548069642566,21707.288683353447,0.0,75,14.9899925125074,8.996438940086954
6.9200000000114645,14.332851127574438,14.252331185396615,20102.119840375806,0.0,75,14.990381249806324,8.996578242787749
6.940000000011596,14.234731003138586,13.979910830286473,19341.284403239708,34.508011569412,74,14.990755025580683,8.996712105125383
6.960000000011727,14.337304977646928,14.36923976378212,20433.854693273217,1794.1643911206297,74,14.991114405529826,8.996840739047173
6.980000000011858,14.443873579352047,14.422705994674455,20586.484319066698,6038.107733915438,74,14.991459934574499,8.996964348273908
7.000000000011989,14.37909872501907,13.918783273012224,19173.304230778904,7748.592990151502,74,14.991792137608876,8.997083128617373
7.02000000001212,14.200188146732792,13.550571142047842,18172.518898052902,2157.916770997028,74,14.992111520219577,8.997197268285673
7.040000000012251,14.252300569377196,13.686591943773395,18539.40793444105,0.0,75,14.992418569375106,8.997306948176941
7.060000000012382,14.373095320007476,14.07096142381547,19595.567893871743,0.0,75,14.992713754087406,8.997412342161741
7.080000000012513,14.407272730696034,13.709077057644377,18600.800418163253,0.5871217507996459,75,14.992997526048374,8.997513617354652
7.100000000012644,14.205756978968916,13.260653662645469,17404.027464503935,0.0,75,14.99327032024237,8.997610934375498
7.120000000012775,14.163861415792168,13.134569006565771,17074.817158338803,5.6317437448202545,74,14.993532555536705,8.99770444760046
7.140000000012906,14.280341830941817,13.653670311105165,18451.325476194223,1595.4507109918761,74,14.993784635251222,8.997794305403632
7.160000000013037,14.364926562718722,13.609077774857262,18331.175088161755,6773.326187670616,74,14.994026947708132,8.997880650389273
7.180000000013168,14.238219379479546,13.18810932951284,17214.800561487948,5757.939984659211,73,14.994259866762985,8.997963619615136
7.200000000013299,14.091478190649124,12.944876815693036,16585.807101290706,1838.1762437594225,73,14.994483752317924,8.998043344807208
7.22000000001343,14.171116377633087,13.227559735978328,17318.24688382485,4750.846755180573,72,14.994698950817549,8.998119952566203
7.240000000013561,14.282432961256722,13.557304588516416,18192.598001626262,5552.143701772742,72,14.994905795728501,8.998193564566108
7.260000000013692,14.245382273999992,13.262300440318391,17409.614491074106,8395.922778905015,73,14.99510460800292,8.998264297745099
7.280000000013823,14.045067461687092,12.99119835796795,16705.256119234833,2730.05307345557,73,14.99529569652701,8.998332264489093
7.300000000013954,14.048913572449214,12.93878265041677,16570.84662834604,6946.36075772258,73,14.9954793585544,8.998397572808237
7.320000000014085,14.168356961016304,13.432499531876891,17859.716452928344,8497.8586276172,73,14.995655880125451,8.998460326506589
7.340000000014216,14.203881102593332,13.406527448517858,17790.8379954735,3788.2897432735986,73,14.995825536472582,8.998520625345288
7.360000000014347,14.037468468479865,13.152771883103926,17123.84049405863,4357.638451305379,74,14.995988592412152,8.998578565199386
7.380000000014478,13.927419826560786,12.959132895324677,16623.45040122182,7061.832060999885,73,14.996145302723308,8.99863423820868
7.400000000014609,14.024292676434788,13.220712260608368,17301.41299226146,8575.833201682199,73,14.99629591251418,8.998687732922674
7.42000000001474,14.112347606891765,13.52567009273025,18108.89405204844,7535.741912796258,73,14.996440657575747,8.998739134439997
7.440000000014871,14.02414554031724,13.417029505413387,17819.25245046667,6420.199981066954,73,14.996579764723752,8.998788524542405
7.460000000015002,13.857758876076195,13.235266606522682,17339.812991503106,4682.417987743834,73,14.99671345212897,8.998835981823603
7.480000000015133,13.893584700090262,13.22735407006757,17319.174175268046,3975.786444821287,72,14.996841929636393,8.998881581813114
7.500000000015264,14.007092138529984,13.738998981041158,18685.017943517516,4007.493085568053,72,14.996965399073032,8.998925397095348
7.520000000015395,14.004411391533559,13.861635382181449,19020.166319836844,8397.61032312149,72,14.997084054545702,8.99896749742406
7.540000000015526,13.85052241289965,13.76652031930211,18760.12297349468,5319.712998249279,73,14.997198082728008,8.999007949832386
7.560000000015657,13.791007920243775,13.66952318540605,18496.77136492826,998.710037858376,73,14.99730766313744,8.999046818738648
7.580000000015788,13.894759435308153,14.061499340987405,19572.858684298782,82.51594614995383,74,14.997412968402875,8.999084166048005
7.600000000015919,13.966025940387263,14.408658565199906,20551.32518084755,436.8743710600225,74,14.99751416452252,8.999120051250234
7.62000000001605,13.88558241052713,14.364362554245401,20425.237301071815,818.7348968830232,73,14.997611411112855,8.999154531513689
7.640000000016181,13.759426409323906,14.281216856621644,20189.539867298703,2397.8058723886184,73,14.99770486164854,8.999187661775611
7.660000000016312,13.809376746988862,14.479407578790266,20753.871149589962,1399.4711808317768,73,14.997794663693943,8.999219494829003
7.6800000000164435,13.921788581878618,15.006500469087024,22292.45291898204,5238.936706161274,72,14.997880959126201,8.999250081406014
7.7000000000165745,13.933679674353044,15.05706523705363,22443.009236139053,8019.530831346427,72,14.99796388435033,8.999279470258267
7.7200000000167055,13.804986531422925,14.982695314706751,22221.925259402746,5310.0819216929485,72,14.998043570506535,8.999307708233871
7.7400000000168365,13.77558291178372,15.051610713314933,22426.889903143332,680.7660752140129,73,14.998120143669961,8.99933484035164
7.7600000000169675,13.880425525147642,15.510456463858455,23815.16047702957,2760.4300206262515,72,14.998193725043238,8.999360909872289
7.780000000017099,13.965920261366733,15.727794581784195,24487.31791175937,6914.212589893315,73,14.998264431141846,8.999385958366934
7.80000000001723,13.913979526521953,15.613001078951044,24131.23249551678,6155.842953674728,72,14.998332373972708,8.999410025782916
7.820000000017361,13.814315615835687,15.563534546290668,23978.626802164395,1505.1568371995352,73,14.998397661206358,8.999433150507103
7.840000000017492,13.867132913903408,15.85530958374632,24886.187291124854,2790.1833290206114,73,14.998460396342542,8.99945536942666
7.860000000017623,13.983778763864995,16.293735440522244,26281.567482502534,5653.296690172552,72,14.998520678869761,8.999476717987545
7.880000000017754,14.033977657615694,16.210978802270454,26015.334155288576,7184.895886450133,73,14.99857860441897,8.99949723025066
7.900000000017885,13.939296231766628,16.01433704078997,25388.077355890673,5114.913077602675,73,14.998634264911328,8.99951693894588
7.920000000018016,13.91855099689886,16.04064677940814,25471.618937574338,8123.238977212698,73,14.998687748700698,8.99953587552395
7.940000000018147,14.025320356658417,16.493017018134395,26928.607107550706,9191.62209778189,74,14.99873914071062,8.999554070206345
7.960000000018278,14.138220664814174,16.61592577072788,27331.508745188763,3085.698875393853,74,14.998788522566176,8.999571552033254
7.980000000018409,14.129248545770409,16.284714097247626,26252.798577737856,5075.434144920843,72,14.998835972720931,8.999588348909635
8.00000000001854,14.051545149527144,15.957331965876309,25207.900073007553,6985.100892381042,72,14.998881566579136,8.999604487649506
8.02000000001867,14.109102074062386,16.168801071099562,25880.489884465816,5791.37130379184,72,14.998925376613188,8.999619994018541
8.040000000018802,14.23349200203361,16.543447551328995,27093.78086075579,4749.10426449587,72,14.998967472476739,8.999634892774935
8.060000000018933,14.332404912348135,16.267984402467338,26199.063136749275,3856.376452218213,72,14.99900792111352,8.999649207708757
8.080000000019064,14.267203833826299,15.710990395070302,24435.771578000873,5631.697205154882,72,14.99904678686195,8.99966296167973
8.100000000019195,14.259089967302952,15.521341505989131,23849.43403002796,8952.365211705292,71,14.999084131555891,8.999676176653539
8.120000000019326,14.369588246285012,15.997786649519513,25336.112701495138,8737.411371627139,72,14.999120014621468,8.999688873736753
8.140000000019457,14.512555768131316,15.953413321972583,25195.791382525607,3378.189857381218,72,14.99915449317022,8.999701073210353
8.160000000019588,14.536889736623545,15.438177061988334,23594.640819243126,6662.139785759131,71,14.999187622088762,8.999712794561969
8.180000000019719,14.4655807718947,14.932910181363182,22075.5119774877,7601.620622496986,72,14.999219454124919,8.999724056516886
8.20000000001985,14.538481589733742,15.211542668254987,22907.0371867131,3698.0524184253427,72,14.999250039970617,8.999734877067798
8.220000000019981,14.68990501464275,15.535737175264218,23893.877542089325,3396.704681135632,72,14.999279428341618,8.999745273503418
8.240000000020112,14.781615715358289,15.130799112431854,22664.550760986902,4903.6467499362,73,14.999307666054127,8.999755262436004
8.260000000020243,14.701265539386805,14.512466266230021,20850.011279791586,5570.191968875746,73,14.999334798098593,8.999764859827765
8.280000000020374,14.717199058583372,14.379335598146541,20469.250097916683,0.0,75,14.999360867710452,8.999774081016277
8.300000000020505,14.836057742708158,14.954533309166877,22139.63461315496,0.0,75,14.9993859164384,8.999782940738868
8.320000000020636,14.985436257951674,14.778326696838707,21620.99404538503,0.0,75,14.999409984209848,8.999791453156096
8.340000000020767,14.941507139305614,14.225614072612563,20033.99544927183,959.107191285769,73,14.999433109393964,8.999799631874293
8.360000000020898,14.872255949856779,13.782967059022669,18806.645631236846,588.2959366669462,73,14.999455328862245,8.99980748996719
8.38000000002103,14.972900876550803,14.20871537554842,19986.460917283694,9085.271177125704,72,14.999476678046769,8.999815039996793
8.40000000002116,15.120026191448993,14.251406096256444,20106.757978386075,8491.894420352672,72,14.999497190996166,8.99982229403334
8.420000000021291,15.093497411579225,13.692112979275798,18559.56973112657,422.1021122365512,74,14.999516900429434,8.999829263674554
8.440000000021422,14.951158524653708,12.919686586957638,16524.610655073833,496.76392588464125,74,14.999535837787748,8.999835960064104
8.460000000021553,15.01990389006908,13.011643083950112,16760.689203893056,9578.398598530976,72,14.99955403328411,8.999842393909358
8.480000000021684,15.135614505146313,13.277581254966153,17452.828586425672,6280.453907769383,72,14.999571515951315,8.999848575498463
8.500000000021815,15.126687643521318,12.769850943326123,16143.57925267666,8831.400065096122,74,14.999588313687761,8.999854514716713
8.520000000021946,14.953221906010656,11.96849457062827,14181.021117667233,2243.131020892673,74,14.99960445330173,8.999860221062331
8.540000000022077,14.972992869544058,11.79893213654538,13782.059500301348,486.7960776596604,72,14.999619960553883,8.999865703661582
8.560000000022209,15.089211110213018,12.40991627263006,15246.377584282169,3479.6543489298456,71,14.999634860198034,8.999870971283347
8.58000000002234,15.12651903045059,12.04234398006549,14356.589051879126,8059.438393437458,73,14.999649176020455,8.999876032353082
8.60000000002247,14.924601325336528,11.434829572514094,12944.606098097423,2586.7710170212636,73,14.999662930877584,8.999880894966271
8.620000000022602,14.881140164832214,11.228417973177445,12481.500946191481,1255.8023416771564,73,14.999676146732206,8.999885566901323
8.640000000022733,14.996542421252984,11.879646078842462,13971.3024288104,6129.329816955662,72,14.999688844688492,8.999890055631985
8.660000000022864,15.038652404393284,11.715883339821849,13588.770829546147,7655.001925327515,74,14.999701045025303,8.999894368339259
8.680000000022995,14.853774884967775,11.202242621634465,12423.393642247962,3390.2317251452478,72,14.999712767228482,8.999898511922861
8.700000000023126,14.752829577298826,11.080568964050826,12154.990158217392,1656.076175877562,73,14.999724030021818,8.999902493012224
8.720000000023257,14.853987698143476,11.661208447962013,13462.25433262116,5158.237710829843,73,14.99973485139674,8.999906317977082
8.740000000023388,14.925182518185183,12.019379509238348,14301.939862870848,6492.063103143459,73,14.999745248640926,8.99990999293762
8.760000000023519,14.779528479405794,11.862309369869125,13930.5901221252,5306.311464604579,73,14.999755238365726,8.99991352377426
8.78000000002365,14.647166026482008,12.057304263105497,14392.347158457338,6357.482446333487,73,14.99976483653272,8.999916916137046
8.80000000002378,14.724869241361784,12.772037642569847,16149.226373658117,12774.417443139435,70,14.999774058478968,8.999920175454633
8.820000000023912,14.824145744192768,13.548268607689485,18171.847792518245,9938.266146832724,71,14.99978291894137,8.99992330694299
8.840000000024043,14.744768203711208,13.701095499680289,18584.129618867115,7959.709816420212,73,14.99979143208023,8.999926315613695
8.860000000024174,14.58609012813012,13.971279319026694,19324.315929556695,6573.972666039537,73,14.999799611501675,8.99992920628197
8.880000000024305,14.629247751738285,14.788312124024563,21650.55974952219,6104.135666945747,74,14.999807470279329,8.999931983574335
8.900000000024436,14.740604904277676,15.824714610603575,24791.557647969243,1948.878993793752,74,14.999815020975186,8.999934651936023
8.920000000024567,14.738368820686722,16.108938261528902,25690.11208295599,1254.417916399628,74,14.999822275659572,8.999937215638065
8.940000000024698,14.578196943049637,16.27276126876455,26215.297466241624,229.1373047707856,73,14.999829245930266,8.99993967878411
8.960000000024829,14.578778207594153,16.87908654199053,28205.271060256422,17.77885494414428,73,14.999835942931147,8.999942045316995
8.98000000002496,14.692199512845667,17.940173886779906,31862.93693966083,1137.0268573756787,74,14.999842377369738,8.999944319025015
9.000000000025091,14.77716364404809,18.255104414010574,32991.43877554177,4915.979917405912,74,14.999848559534442,8.999946503548
9.020000000025222,14.64304047426276,18.289936626848718,33117.46726975395,205.52137425419943,74,14.999854499310832,8.999948602383132
9.040000000025353,14.59248624011885,18.572504021252673,34148.6652887439,234.39023705456228,74,14.999860206197416,8.99995061889051
9.060000000025484,14.693593551403819,19.429862251409162,37374.23814359312,1.831636075431509,75,14.999865689320783,8.99995255629853
9.080000000025615,14.81058547382543,19.700743709820564,38423.616364246634,0.0,75,14.999870957450137,8.999954417709048
9.100000000025746,14.741355539709655,19.32032241681077,36954.03115189216,0.0,75,14.999876019011273,8.999956206102333
9.120000000025877,14.643595459137394,18.972070244751734,35633.83889622608,0.0,75,14.999880882100056,8.999957924341837
9.140000000026008,14.72198821632787,19.326513328711776,36977.73153538677,2.8992177347918022,75,14.999885554495258,8.99995957517875
9.16000000002614,14.849076279741956,19.69255276124334,38391.70111430652,9.134639919848178,74,14.999890043670982,8.999961161256426
9.18000000002627,14.862467570410733,19.141230345903374,36272.132827883666,0.0,75,14.999894356808603,8.999962685114596
9.200000000026401,14.732788968578854,18.372958202769926,33418.86059696564,367.53421023240423,74,14.999898500808234,8.99996414919341
9.220000000026532,14.780731991467498,18.14168369669498,32582.82334859064,6262.380935085331,74,14.99990248229971,8.999965555837372
9.240000000026663,14.906826616799915,18.456408414656437,33723.13814597717,5419.766562304805,74,14.999906307653086,8.99996690729906
9.260000000026794,15.000158946505218,17.94195728971468,31869.356722085773,0.0,75,14.999909982988974,8.999968205742746
9.280000000026925,14.88514539518336,17.117226054847,29006.844901470635,718.1537649214239,73,14.99991351418816,8.999969453247846
9.300000000027056,14.888363144929796,16.51606212051241,27005.162427209212,446.98860751637153,72,14.999916906901026,8.99997065181224
9.320000000027187,14.996456656531675,16.678525497538274,27539.06178536829,6509.063492894358,73,14.999920166556642,8.999971803355493
9.340000000027318,15.13408562790463,16.180971981157136,25920.48354955291,95.47834755151663,74,14.999923298371309,8.999972909721883
9.36000000002745,15.070054307862677,15.456386759384468,23651.02087675758,3451.087879422097,73,14.999926307356969,8.999973972683392
9.38000000002758,15.020799071066785,14.74994859174862,21538.477518696436,3197.3612713923767,71,14.999929198329186,8.999974993942516
9.400000000027712,15.117916512095913,14.877242342608156,21911.843140073186,3546.837977102398,73,14.999931975914832,8.999975975134992
9.420000000027843,15.267211925000511,14.655806576619325,21264.419438033015,1011.7025618793225,73,14.99993464455947,8.99997691783242
9.440000000027974,15.233701973268094,14.020490060574456,19460.792059833908,7402.25731882933,73,14.999937208534455,8.999977823544773
9.460000000028105,15.14669531359289,13.362556025010365,17677.19060018648,3977.4641089504016,72,14.999939671943759,8.999978693722808
9.480000000028236,15.231615087733621,13.366419803509812,17687.416428393863,8634.181173415054,73,14.999942038730538,8.999979529760402
9.500000000028367,15.367307233590868,13.43887485625411,17879.69331160885,2656.843350832083,73,14.99994431268337,8.999980332996753
9.520000000028498,15.342574798785012,12.874377989650313,16409.176802678325,7490.793181758992,73,14.999946497442409,8.999981104718566
9.540000000028629,15.231322251176755,12.231182207471711,14810.550126726106,5073.255652723177,72,14.999948596505131,8.999981846162068
9.56000000002876,15.29972172567947,12.099887045938965,14494.291296762105,4663.734352410964,73,14.999950613231881,8.999982558515002
9.58000000002889,15.426301169714966,12.428208242739906,15291.547181012731,1629.924561866265,74,14.999952550851368,8.999983242918558
9.600000000029022,15.418326876790143,11.998894626756734,14253.348257178186,0.0,75,14.999954412465696,8.999983900469136
9.620000000029153,15.285638162015509,11.46714208655275,13018.017042333791,378.8546244543356,74,14.999956201055388,8.999984532220164
9.640000000029284,15.335216383576892,11.419465374494667,12909.993437449286,5671.3759339981925,73,14.99995791948416,8.999985139183735
9.660000000029415,15.445500254356583,11.96592079861595,14175.120307763005,6953.378564924393,74,14.999959570503444,8.999985722332259
9.680000000029546,15.451574084819343,11.666163506184098,13473.817188124536,203.42876393984014,74,14.99996115675683,8.999986282600009
9.700000000029677,15.30352990951861,11.150070385372933,12308.064866984427,0.0,75,14.999962680784302,8.999986820884606
9.720000000029808,15.338015123503752,11.235154699486172,12496.623829698601,4.0570591875096085,75,14.999964145026214,8.99998733804848
9.740000000029939,15.44016906486226,11.984869842955854,14220.05418918138,2.6744675134981457,75,14.999965551827284,8.999987834920208
9.76000000003007,15.462913574884647,12.019843799171461,14303.169276088556,0.0,75,14.99996690344029,8.999988312295903
9.780000000030201,15.312346580481181,11.83111713084465,13857.540634107967,0.0,75,14.999968202029738,8.99998877094042
9.800000000030332,15.335400876665629,12.227002174683083,14800.440894297866,13.828170585966003,74,14.999969449675215,8.99998921158863
9.820000000030463,15.43406112243378,13.159928177171732,17145.16750756112,0.0,75,14.999970648374772,8.999989634946584
9.840000000030594,15.47009785485865,13.562724534759267,18210.782033907468,0.0,75,14.999971800048193,8.999990041692618
9.860000000030725,15.321602588512008,13.68014713857427,18527.476451769126,0.0,75,14.999972906539936,8.99999043247848
9.880000000030856,15.337994438603841,14.24361644810389,20085.159828729225,12.890356733935876,73,14.999973969622133,8.999990807930342
9.900000000030987,15.435139213257381,15.336690152849084,23286.169569769816,0.0,75,14.999974990997458,8.99999116864983
9.920000000031118,15.492041566640355,15.977099337253195,25271.478795205643,1.4426859758731498,75,14.999975972301815,8.999991515214937
9.94000000003125,15.353131672322345,16.305494886689594,26321.02334599597,0.0,75,14.99997691510696,8.999991848181022
9.96000000003138,15.367593303757637,16.86947357347021,28173.310209148538,6.953469611508927,74,14.999977820922995,8.999992168081627
9.980000000031511,15.466316795036596,18.023075504420333,32158.266926793065,0.0,75,14.999978691200857,8.999992475429384
10.000000000031642,15.546812670271933,18.579668702635782,34175.17736951134,0.0,75,14.999979527334537,8.999992770716805
10.020000000031773,15.423499329037774,18.74209551438494,34775.32144553305,0.0,75,14.999980330663368,8.999993054417088
10.040000000031904,15.432221426819435,19.038223018166182,35882.913027987255,82.8471032019888,74,14.999981102474175,8.999993326984868
10.060000000032035,15.530854246960203,19.870549724748848,39089.00804496332,0.0,75,14.999981844003342,8.999993588856931
10.080000000032166,15.624579807234948,20.150739035875308,40199.148573423336,0.0,75,14.999982556438727,8.999993840452952
10.100000000032297,15.51812356536732,20.01495270901021,39659.20878507347,274.38913695361975,74,14.999983240921626,8.99999408217612
10.120000000032428,15.519241452851732,19.83232094485272,38938.74985304276,156.0796555346705,74,14.999983898548555,8.999994314413819
10.14000000003256,15.617717104418764,20.29410032145196,40773.17553096431,0.0,75,14.999984530373052,8.999994537538232
10.16000000003269,15.723560011707134,20.453768903515204,41417.28542216047,0.0,75,14.999985137407322,8.999994751906936
10.180000000032821,15.629353186424801,19.968178206860376,39474.063834333545,346.6053667558527,74,14.999985720623894,8.999994957863489
10.200000000032952,15.620609036461685,19.335569627074722,37012.54110548153,382.6864885902672,74,14.999986280957108,8.999995155737965
10.220000000033084,15.720640004301593,19.575262147461867,37935.87830832629,8782.279350701136,73,14.999986819304695,8.999995345847484
10.240000000033215,15.83689440920782,19.46563473948444,37512.16400797498,1817.5343490569148,74,14.999987336529172,8.999995528496738
10.260000000033346,15.760298650577981,18.600854515985706,34253.17073349176,1.0172755304321615,75,14.99998783345922,8.999995703978456
10.280000000033477,15.745869115863039,17.807449675487177,31393.406733441778,0.0,75,14.99998831089101,8.999995872573876
10.300000000033608,15.850680160995967,17.914143884479635,31770.724561917516,0.0,75,14.999988769589478,8.999996034553217
10.320000000033739,15.973773738782254,17.625573586636488,30755.410562341574,0.0,75,14.999989210289604,8.99999619017608
10.34000000003387,15.914053909028258,16.755804254823605,27794.929342143125,0.0,75,14.999989633697513,8.999996339691895
10.360000000034,15.895508790725904,16.051557475041104,25507.587273242552,20.62786833070938,72,14.999990040491591,8.9999964833403
10.380000000034132,16.0001137565131,16.150410648129558,25822.73095222252,0.0,75,14.99999043132367,8.999996621351524
10.400000000034263,16.107679462565365,15.795957944939882,24701.707543200806,0.0,75,14.999990806819987,8.999996753946773
10.420000000034394,16.03506866510746,14.911403728995586,22012.638527964515,164.16136618836435,74,14.999991167582236,8.99999688133857
10.440000000034525,16.02336556430287,14.22744247426578,20039.58514493947,203.08338009555027,73,14.999991514188473,8.999997003731101
10.460000000034656,16.13008242460756,14.282082537507492,20193.803820153156,7830.679203633098,74,14.999991847194131,8.999997121320543
10.480000000034787,16.216300208250047,14.087932504843558,19648.508345843147,1982.5706786473336,73,14.99999216713277,8.999997234295362
10.500000000034918,16.128479320938354,13.464345580399874,17947.566290087205,1068.2732035911738,72,14.999992474517118,8.999997342836647
10.520000000035049,16.133027086987905,13.03268730497955,16815.2381308454,3989.8769546610824,72,14.999992769839736,8.999997447118373
10.54000000003518,16.241516974072024,13.286974570938439,17477.820868546754,8287.943235135903,72,14.999993053573865,8.999997547307688
10.560000000035311,16.30248515040269,13.194323002111311,17234.921276367077,1878.1432790978035,73,14.999993326174202,8.999997643565184
10.580000000035442,16.19607715810906,12.600476394631151,15718.424577814862,4787.2800343695935,73,14.999993588077588,8.99999773604515
10.600000000035573,16.220782718640034,12.28654592514752,14944.958254433046,3884.8357428473496,72,14.999993839703723,8.999997824895825
10.620000000035704,16.33040451465662,12.770228316342433,16144.790645185592,3015.198610683212,73,14.999994081455867,8.999997910259623
10.640000000035835,16.358374246761322,12.813012024877587,16253.150812050457,4156.971647716033,74,14.999994313721404,8.99999799227338
10.660000000035966,16.254290417699057,12.415503493188451,15260.32470126738,4594.712384113731,74,14.999994536872586,8.999998071068562
10.680000000036097,16.299925560463578,12.640589547986773,15818.662650657345,2745.4224118482225,74,14.999994751267048,8.999998146771466
10.700000000036228,16.412817890338648,13.547603519192005,18170.214955541185,3613.9058684503916,73,14.999994957248365,8.999998219503443
10.720000000036359,16.397396697869326,13.72304919087345,18643.882286797674,6599.644559805699,74,14.99999515514665,8.999998289381075
10.74000000003649,16.30904072477324,13.498636533477718,18039.102343922696,1059.3994620110109,74,14.999995345279054,8.999998356516375
10.760000000036621,16.368519698179465,14.127032143477647,19757.727214755385,1855.3652547761221,74,14.999995527950325,8.99999842101697
10.780000000036752,16.47469143085982,15.068993960607688,22480.37953027039,5021.426426309625,74,14.99999570345319,8.999998482986237
10.800000000036883,16.41280546975381,15.239602606065139,22992.29954807226,2061.4339621461477,74,14.99999587206897,8.999998542523521
10.820000000037014,16.344782666876522,15.23591093106549,22981.161632484716,1855.917357320902,74,14.999996034067884,8.999998599724261
10.840000000037145,16.41488661373172,16.04652425429062,25491.599313225786,1733.533179530978,74,14.999996189709554,8.999998654680157
10.860000000037276,16.509921954662946,16.86479400229257,28157.702353412278,3377.217284291634,74,14.999996339243447,8.999998707479289
10.880000000037407,16.40858593269708,17.009933524240992,28644.442059133704,0.0,75,14.999996482909253,8.9999987582063
10.900000000037538,16.365281249578448,17.10809240431344,28975.991904623897,0.0,75,14.999996620937198,8.999998806942514
10.92000000003767,16.441180922915326,17.820207484586376,31438.41568060113,0.0,75,14.999996753548542,8.999998853766051
10.9400000000378,16.51525640600181,18.31751506381946,33217.60038867634,0.0,75,14.999996880955795,8.999998898751977
10.960000000037931,16.383150620949056,18.296045889510395,33139.78032804859,0.0,75,14.999997003363196,8.999998941972404
10.980000000038062,16.367585091393458,18.286545279878514,33105.3723499509,1.301042972253425,75,14.999997120966915,8.999998983496614
11.000000000038193,16.449677735899993,18.811488463324057,35033.333920830875,0.0,75,14.999997233955469,8.999999023391174
11.020000000038324,16.502673960036393,19.027177590730048,35841.31148327239,1.8558323132872951,75,14.999997342509964,8.999999061720045
11.040000000038455,16.364711012748426,18.802409252699395,34999.52527128115,0.0,75,14.999997446804377,8.999999098544667
11.060000000038587,16.377712959770474,18.69335696983448,34594.71455629175,0.0,75,14.99999754700592,8.999999133924065
11.080000000038718,16.471518580006286,19.160737258453242,36346.248016107944,0.0,75,14.999997643275156,8.999999167914972
11.100000000038849,16.488948995092375,19.11463302333918,36171.5471531254,4.789885542805658,75,14.999997735766403,8.999999200571867
11.12000000003898,16.37167855753522,18.583735369368004,34190.163889829375,0.0,75,14.999997824627899,8.999999231947102
11.14000000003911,16.41215213589134,18.454020592592446,33714.533962899615,6.035353674086716,74,14.999997910002115,8.999999262090988
11.160000000039242,16.51965466189944,18.871753750833285,35258.163096220036,2.36284025676385,75,14.999997992025872,8.999999291051834
11.180000000039373,16.51017747809054,18.559164501041312,34099.81353000554,0.0,75,14.999998070830692,8.999999318876075
11.200000000039504,16.431991722275736,17.936032650700646,31848.423141748004,290.6717371097081,74,14.999998146542843,8.99999934560832
11.220000000039635,16.4900026490528,17.994720667222694,32057.18497784261,1308.1912819623426,74,14.999998219283723,8.999999371291423
11.240000000039766,16.610344022906364,18.375971893749792,33429.95571730247,2863.7228000317464,74,14.99999828916991,8.999999395966547
11.260000000039897,16.57355578242595,17.865841504571907,31599.63893641344,139.9154476079241,74,14.999998356313421,8.999999419673266
11.280000000040028,16.53256811405314,17.198146715286185,29281.846979598486,265.674400832403,74,14.999998420821923,8.999999442449578
11.300000000040159,16.61116951148912,17.396135851231367,29959.926929720197,2837.7460901944105,73,14.999998482798794,8.999999464331992
11.32000000004029,16.719332642811672,17.625190318097903,30754.084282566033,1421.1041597163855,74,14.999998542343382,8.999999485355605
11.34000000004042,16.65777040946067,16.96688682390898,28499.648035312177,286.2606381426904,74,14.99999859955115,8.9999995055541
11.360000000040552,16.651744349749567,16.425252005001035,26709.10002958516,511.8270132303134,74,14.999998654513757,8.999999524959874
11.380000000040683,16.756296281846456,16.817850577893786,28001.168288017998,9576.634868351957,74,14.999998707319373,8.999999543604034
11.400000000040814,16.82892614944477,16.854231435976182,28122.4452423107,3393.0167058059674,74,14.999998758052614,8.999999561516471
11.420000000040945,16.744281858900646,16.14039494242606,25790.721333633617,1507.1748695457527,73,14.999998806794805,8.999999578725898
11.440000000041076,16.768878167629733,15.785235974103323,24668.192691698117,6457.315794454514,71,14.999998853624106,8.999999595259911
11.460000000041207,16.88554987565899,16.256648731835234,26163.58304061105,8663.742147362864,72,14.999998898615564,8.999999611145014
11.480000000041338,16.91324144077872,16.064329749936718,25548.20528064001,6668.15843265193,72,14.999998941841321,8.999999626406677
11.500000000041469,16.81693136931159,15.373021264834765,23396.647565011128,9216.625972306025,72,14.999998983370656,8.999999641069362
11.5200000000416,16.862871524791796,15.269645075742051,23083.04312380253,7206.29243934991,71,14.999999023269552,8.999999653237019
11.540000000041731,16.97610867552796,15.731429827116305,24500.30964921414,7228.699383091084,72,14.999999061579388,8.999999666846694
11.560000000041862,16.935292833150445,15.407356409775582,23501.275670283554,7017.553054589818,71,14.999999098352177,8.99999967373369
11.580000000041993,16.86887577145225,14.822243408622285,21750.1902887903,8124.187235992492,70,14.999999133555953,8.99999967807596
11.600000000042124,16.930753897820885,15.030457632176654,22365.550221338755,8608.361510415012,72,14.999999167120766,8.99999968399397
11.620000000042255,17.017939981370837,15.403131692458542,23488.389335236076,5966.021646645303,72,14.99999919906197,8.999999696396518
11.640000000042386,16.922883524323332,15.030538141460564,22365.789875448892,7319.536343794127,72,14.999999229506004,8.999999706280288
11.660000000042517,16.907851717268795,14.649851608926866,21247.196394264683,5895.251345889939,72,14.999999258549886,8.999999716227745
11.680000000042648,16.992608545692384,15.191788490660745,22848.25262481572,6709.662394973357,73,14.999999286284037,8.999999727365207
11.70000000004278,17.032430325951808,15.445514746786733,23617.827966158216,4874.275891749757,73,14.99999931281138,8.999999738065549
11.72000000004291,16.917218776079253,15.10167571165009,22577.99968936822,7322.121732854083,73,14.999999338226267,8.999999748345937
11.740000000043041,16.946483464479247,15.156182943061872,22741.277648027775,2771.6088124599105,74,14.999999362609922,8.999999758222842
11.760000000043172,17.042325703232898,15.905110721669729,25044.281513401696,570.9677358781363,73,14.999999386032489,8.999999767712104
11.780000000043303,17.011521319647006,16.03274505604226,25447.841858148047,0.0,75,14.999999408554862,8.999999776828943
11.800000000043434,16.928388357206973,15.7746297715606,24635.054911656076,0.0,75,14.999999430230034,8.999999785587962
11.820000000043565,16.982406354944033,16.24098672954261,26113.19474727604,0.0,75,14.99999945110455,8.999999794003216
11.840000000043696,17.069923160242126,16.906214422990576,28296.18790325845,0.0,75,14.999999471219478,8.99999980208819
11.860000000043827,16.98163457108437,16.896317597241758,28263.0686892218,0.0,75,14.999999490611268,8.999999809855847
11.880000000043959,16.94859415226088,16.786649762164487,27897.36884726132,0.0,75,14.99999950931256,8.999999817318646
11.90000000004409,17.0215974640033,17.469539204603464,30213.29461289884,0.0,75,14.999999527352768,8.999999824488542
11.92000000004422,17.077630126809307,17.880078689493143,31650.02358731302,0.0,75,14.99999954475861,8.99999983137704
11.940000000044352,16.9555035285522,17.727046351517295,31110.568502528506,0.0,75,14.999999561554596,8.999999837995178
11.960000000044483,16.96862284776046,17.703601725232478,31028.33335391431,0.0,75,14.999999577763301,8.999999844353574
11.980000000044614,17.058575704131187,18.336890727481975,33287.91404052156,0.0,75,14.999999593405738,8.999999850462412
12.000000000044745,17.04606214998154,18.464449538800658,33752.65324152141,0.0,75,14.999999608501554,8.999999856331495
12.020000000044876,16.94361935047726,18.134910330527347,32558.621797590567,0.0,75,14.99999962306927,8.999999861970227
12.040000000045007,16.989336597014095,18.229460922218585,32899.01082119751,0.0,75,14.999999637126434,8.99999986738765
12.060000000045138,17.076055904985633,18.713521202211325,34669.39121198211,70.49095690266712,74,14.999999650689745,8.999999872592458
12.080000000045269,17.00803685572213,18.57978584508318,34175.63529805087,0.04911665091956782,75,14.999999663775187,8.999999877592979
12.1000000000454,16.95639336555839,18.16244855350374,32657.57878167265,0.0,75,14.999999676398144,8.999999882397248
12.12000000004553,17.021521404411747,18.451515681598526,33705.38424073805,1.6110854829668129,75,14.999999688573425,8.999999887012958
12.140000000045662,17.091784828685256,18.718967150318413,34689.572967890876,0.0,75,14.999999700315252,8.999999891447505
12.160000000045793,16.994301076747142,18.34367695269205,33312.55754430194,0.0,75,14.999999711637502,8.999999895708012
12.180000000045924,16.999947639998418,17.9941384909766,32055.112626336482,0.0,75,14.999999722553614,8.999999899801299
12.200000000046055,17.09541355104306,18.456072367008375,33722.03375371014,0.0,75,14.999999733076635,8.999999903733933
12.220000000046186,17.11693456780851,18.45867335729864,33731.53924239374,0.0,75,14.999999743219224,8.999999907512217
12.240000000046317,17.02700079809905,17.906068974291145,31742.10299170257,0.0,75,14.999999752993737,8.999999911142215
12.260000000046448,17.06891840518924,17.809561326139924,31400.866690468774,0.0,75,14.999999762412184,8.99999991462974
12.280000000046579,17.177411904130597,18.261095398170813,33013.2926081087,0.0,75,14.999999771486273,8.999999917980386
12.30000000004671,17.139426730397254,17.96873123618825,31964.65464172838,0.0,75,14.999999780227393,8.999999921199528
12.320000000046841,17.090556338924728,17.367302158416948,29860.69499072654,0.0,75,14.999999788646623,8.999999924292322
12.340000000046972,17.16076523636289,17.562970224401663,30537.33414042185,0.0,75,14.999999796754782,8.99999992726373
12.360000000047103,17.24317394795351,17.82842712011084,31467.42829980099,0.0,75,14.99999980456236,8.999999930118518
12.380000000047234,17.16226540878642,17.302768973342737,29639.195379238077,0.0,75,14.999999812079631,8.999999932861257
12.400000000047365,17.163185253997955,16.825394587161007,28026.29619748654,0.0,75,14.999999819316528,8.999999935496351
12.420000000047496,17.260497050829898,17.221495950433884,29361.412152134177,3.233871601360577,75,14.999999826282721,8.999999938028026
12.440000000047627,17.287613650749762,17.185680545945676,29239.41377346838,0.0,75,14.999999832987623,8.99999994046033
12.460000000047758,17.193140249941205,16.563607665996688,27160.956619761862,0.0,75,14.999999839440381,8.999999942797174
12.48000000004789,17.23034259386895,16.380293315599847,26563.08673919828,8.597204118258231,74,14.999999845649867,8.999999945042298
12.50000000004802,17.330419935743777,16.79732516278355,27932.862965928925,0.0,75,14.99999985162468,8.99999994719931
12.520000000048151,17.283584324198387,16.526657176271872,27039.90919236987,0.0,75,14.99999985737322,8.99999994927166
12.540000000048282,17.232025003578865,15.980031627080903,25280.779532546145,0.0,75,14.999999862903548,8.999999951262678
12.560000000048413,17.297114270147603,16.181628831500927,25922.665917537444,0.0,75,14.999999868223533,8.999999953175546
12.580000000048544,17.364334419781027,16.473922362629246,26867.621548685365,0.0,75,14.999999873340794,8.999999955013337
12.600000000048675,17.27159364916011,16.086239177020875,25617.941872145904,0.0,75,14.999999878262692,8.999999956779
12.620000000048806,17.278145736631224,15.786142461482566,24671.026973779677,0.0,75,14.99999988299637,8.999999958475362
12.640000000048937,17.369734522297616,16.314905833437926,26351.438966231104,0.0,75,14.999999887548727,8.99999996010515
12.660000000049068,17.369317386889414,16.396758444345007,26616.51494738381,0.0,75,14.999999891926443,8.999999961670968
12.6800000000492,17.283117958936902,15.988265264295563,25306.837886440302,0.0,75,14.99999989613598,8.999999963175327
12.70000000004933,17.325231044288714,16.14149711397351,25794.244877562905,5.571862276540076,74,14.999999900183571,8.999999964620644
12.720000000049462,17.413772750592706,16.69165265244254,27582.515454537108,14.427525351942423,74,14.99999990407525,8.999999966009238
12.740000000049593,17.342939741661716,16.580028351809972,27214.83657578587,0.0,75,14.999999907816875,8.999999967343326
12.760000000049724,17.30744806755185,16.261642616613695,26179.66094719117,0.0,75,14.999999911414015,8.999999968625058
12.780000000049855,17.378297263172986,16.802564494827596,27950.2910930679,0.0,75,14.999999914872129,8.99999996985648
12.800000000049986,17.423766501094576,17.133250556356423,29061.27909454778,0.0,75,14.99999991819645,8.999999971039578
12.820000000050117,17.31411506123896,16.863889880602997,28154.687321564266,0.0,75,14.999999921392037,8.999999972176234
12.840000000050248,17.331173099195105,16.794996407318514,27925.118444919408,0.0,75,14.999999924463767,8.999999973268281
12.860000000050379,17.415570928068224,17.414796242730255,30024.237603727754,0.0,75,14.999999927416333,8.999999974317465
12.88000000005051,17.380100880263438,17.479963459628443,30249.36304951252,0.0,75,14.999999930254269,8.99999997532547
12.90000000005064,17.301660017359087,17.133915859714776,29063.536119537148,0.0,75,14.999999932981963,8.999999976293918
12.920000000050772,17.348608537632717,17.398410757644914,29967.764916444426,12.10348303001474,74,14.999999935603618,8.999999977224347
12.940000000050903,17.41763396521033,17.843643611323948,31521.1660388287,9.94965304215139,74,14.999999938123285,8.999999978118261
12.960000000051034,17.325458368538616,17.6982844513211,31009.697907032667,0.0,75,14.999999940544877,8.999999978977094
12.980000000051165,17.309602295433493,17.457221565547616,30170.703826364424,0.0,75,14.999999942872163,8.999999979802219
13.000000000051296,17.3858228177536,17.97547745546874,31988.661116483163,0.0,75,14.99999994510878,8.999999980594954
13.020000000051427,17.401857154650983,18.17337532543041,32696.885433446,0.0,75,14.999999947258184,8.999999981356577
13.040000000051558,17.305311209835484,17.87546316382754,31633.68608585719,0.0,75,14.999999949323756,8.999999982088308
13.060000000051689,17.33705710990712,17.90003540097819,31720.715407618565,0.0,75,14.99999995130874,8.99999998279132
13.08000000005182,17.422694475006196,18.41241997149902,33562.70364982309,0.0,75,14.99999995321623,8.99999998346674
13.100000000051951,17.372089852093726,18.348813980746662,33331.218416677184,0.0,75,14.99999995504924,8.99999998411565
13.120000000052082,17.322918422421655,17.977745483243417,31996.733879112144,0.0,75,14.999999956810639,8.999999984739087
13.140000000052213,17.384587410790193,18.308276908891774,33184.10727983294,0.0,75,14.99999995850321,8.999999985338063
13.160000000052344,17.446495302408863,18.60668819629841,34274.67566414731,0.0,75,14.999999960129625,8.999999985913526
13.180000000052475,17.355657396034516,18.293785239724283,33131.59521149717,0.0,75,14.999999961692449,8.999999986466403
13.200000000052606,17.36241744152519,17.98939150162248,32038.20240698004,2.1312456115999208,75,14.999999963194153,8.999999986997576
13.220000000052737,17.451340405650424,18.453156027919906,33711.37772489319,0.0,75,14.999999964637109,8.999999987507909
13.240000000052868,17.446341745909727,18.441545702870542,33668.970138296565,0.0,75,14.999999966023617,8.999999987998208
13.260000000053,17.36769348262819,17.931294787633874,31831.601902559123,0.0,75,14.999999967355855,8.999999988469263
13.28000000005313,17.409000201754527,17.89728142011904,31710.95550182963,0.0,75,14.99999996863594,8.999999988921832
13.300000000053261,17.493611363478504,18.262532806439257,33018.4903070732,0.0,75,14.999999969865906,8.999999989356635
13.320000000053392,17.427957104470927,17.968050867320304,31962.23430877553,0.0,75,14.999999971047707,8.999999989774379
13.340000000053523,17.402702611727957,17.465794803374102,30200.344790277115,0.0,75,14.999999972183224,8.99999999017572
13.360000000053654,17.47958991128106,17.742582075624085,31165.12261963124,0.0,75,14.999999973274262,8.99999999056131
13.380000000053785,17.517683579680835,17.862900479062564,31589.238107135727,0.0,75,14.999999974322558,8.999999990931766
13.400000000053916,17.42867892058149,17.387636676525975,29930.66098131833,0.0,75,14.999999975329782,8.999999991287686
13.420000000054047,17.453671372241587,17.147947783056843,29111.1591767994,9.544595740352934,74,14.999999976297534,8.999999991629632
13.440000000054178,17.545797874414305,17.560894897353776,30530.11790271488,0.0,75,14.999999977227363,8.999999991958163
13.46000000005431,17.511569469230395,17.409010160320783,30004.289815695378,0.0,75,14.999999978120751,8.999999992273796
13.48000000005444,17.460989752711995,16.915569440199906,28327.512435772504,0.0,75,14.999999978979112,8.999999992577042
13.500000000054571,17.520891701645343,17.08784271225954,28907.442464426913,0.0,75,14.999999979803825,8.999999992868382
13.520000000054702,17.58494425921561,17.376771883750738,29893.267886133326,0.0,75,14.999999980596206,8.99999999314829
13.540000000054834,17.504193393061797,17.027197433507535,28702.61977053122,0.0,75,14.99999998135752,8.999999993417212
13.560000000054965,17.508848356120332,16.705060713787272,27626.846272266826,0.0,75,14.999999982088976,8.99999999367558
13.580000000055096,17.596417379632605,17.16279478654495,29161.590943932453,0.0,75,14.999999982791753,8.999999993923806
13.600000000055227,17.590277011615438,17.18602112898302,29240.572883372774,0.0,75,14.999999983466967,8.999999994162287
13.620000000055358,17.515280320049037,16.731877324026016,27715.61614256762,0.0,75,14.999999984115705,8.999999994391409
13.640000000055489,17.554828701539652,16.790557710845768,27910.359979172557,0.0,75,14.999999984738995,8.99999999461154
13.66000000005562,17.631552780693777,17.202552700571303,29296.854105325277,0.0,75,14.99999998533784,8.999999994823034
13.68000000005575,17.55883562400492,16.995631269575245,28596.296727081513,0.0,75,14.999999985913195,8.999999995026224
13.700000000055882,17.5374756232861,16.620954353483377,27349.356223916053,0.0,75,14.999999986465983,8.99999999522144
13.720000000056013,17.610587634311663,17.041897917490722,28752.202163720453,3.6514867733109426,75,14.999999986997086,8.999999995408995
13.740000000056144,17.628646654056226,17.223044224152584,29366.69196797212,0.0,75,14.999999987507357,8.999999995589187
13.760000000056275,17.53798557069873,16.878640811516135,28203.963035493638,0.0,75,14.999999987997604,8.999999995762302
13.780000000056406,17.564862921743728,16.851565906649313,28113.552064390555,0.0,75,14.999999988468623,8.999999995928631
13.800000000056537,17.64201297875307,17.340022297094873,29766.96094017368,0.0,75,14.999999988921159,8.999999996088423
13.820000000056668,17.586361403558275,17.284983944967436,29578.296315449676,0.0,75,14.999999989355935,8.99999999624195
13.840000000056799,17.54413599636953,16.96614111685415,28497.14448387162,0.0,75,14.999999989773652,8.999999996389448
13.86000000005693,17.604276961694083,17.360557411729953,29837.50639945104,0.0,75,14.999999990174983,8.99999999653116
13.880000000057061,17.6469796189295,17.659370291152012,30873.482537489796,0.0,75,14.999999990560575,8.999999996667311
13.900000000057192,17.554523298140364,17.432799769072503,30086.348260365176,0.0,75,14.999999990931023,8.999999996798111
13.920000000057323,17.56797833892463,17.35254314273399,29809.96458833489,0.0,75,14.999999991286943,8.999999996923782
13.940000000057454,17.646902334535636,17.880389142147937,31651.123261195735,30.88312148476454,74,14.999999991628895,8.999999997044519
13.960000000057585,17.61377948855621,17.921611444890715,31797.231511350186,0.0,75,14.99999999195743,8.999999997160518
13.980000000057716,17.552224872194955,17.596148257968693,30652.818908833742,0.0,75,14.999999992273068,8.99999999727197
14.000000000057847,17.598265877846302,17.86071146184389,31581.496369203836,0.0,75,14.999999992576322,8.999999997379039
14.020000000057978,17.657988086146325,18.21202843227704,32836.119973001514,0.0,75,14.999999992867684,8.999999997481908
14.040000000058109,17.573579866315217,18.020266097891206,32148.269025000238,0.0,75,14.999999993147597,8.99999999758074
14.06000000005824,17.56926952189873,17.77295317669446,31271.908589400235,0.0,75,14.999999993416536,8.999999997675694
14.080000000058371,17.644812232941728,18.226867710110653,32889.651937505,0.0,75,14.999999993674917,8.999999997766924
14.100000000058502,17.63617950212079,18.306197576906314,33176.57009483965,0.0,75,14.999999993923161,8.999999997854566
14.120000000058633,17.56172364563571,17.94546151712519,31881.91930989772,0.0,75,14.999999994161664,8.999999997938772
14.140000000058764,17.596713074450385,17.995109914062873,32058.574094047126,0.0,75,14.9999999943908,8.999999998019671
14.160000000058895,17.66746298059401,18.367655606719893,33399.706469159115,0.0,75,14.999999994610947,8.999999998097401
14.180000000059026,17.601085191877633,18.19696541098904,32781.82546004635,0.0,75,14.999999994822462,8.999999998172076
14.200000000059157,17.580968545262113,17.84181432129728,31514.70348313974,0.0,75,14.999999995025664,8.999999998243823
14.220000000059288,17.65274088024794,18.195157548483948,32775.312057056624,0.0,75,14.999999995220904,8.999999998312749
14.24000000005942,17.67347172028732,18.32917901870718,33259.92154049113,0.0,75,14.999999995408466,8.999999998378968
14.26000000005955,17.59375847816277,17.962196534338783,31941.409923955704,0.0,75,14.999999995588675,8.999999998442593
14.280000000059681,17.61979842297236,17.851756904502732,31549.837227923377,0.0,75,14.99999999576181,8.999999998503721
14.300000000059812,17.70018065906285,18.249054787207992,32969.77205675919,0.0,75,14.999999995928162,8.999999998562451
14.320000000059943,17.654075429409883,18.11122766298582,32473.64017360641,0.0,75,14.99999999608797,8.999999998618872
14.340000000060074,17.61749842291668,17.67692918624874,30934.908715548678,0.0,75,14.999999996241517,8.999999998673076
14.360000000060205,17.681068695642786,17.91385101635564,31769.699760882257,0.0,75,14.99999999638902,8.999999998725157
14.380000000060337,17.723207528620453,18.110908137836358,32472.494359718414,0.0,75,14.999999996530752,8.999999998775197
14.400000000060468,17.642288894279698,17.74532948213886,31174.775120460963,0.0,75,14.999999996666908,8.99999999882327
14.420000000060599,17.656910628936256,17.484939706097407,30266.58853225832,0.0,75,14.999999996797731,8.999999998869452
14.44000000006073,17.73746454220481,17.874280653329965,31629.500974709343,0.0,75,14.999999996923414,8.999999998913825
14.46000000006086,17.707244927462614,17.79215114809973,31339.503601572043,0.0,75,14.999999997044164,8.999999998956458
14.480000000060992,17.65612897204353,17.337131127228428,29757.035453233686,0.0,75,14.99999999716017,8.999999998997414
14.500000000061123,17.706921707278198,17.455852265151282,30165.97104874739,0.0,75,14.999999997271628,8.999999999036767
14.520000000061254,17.76092781358941,17.718819852605407,31081.701116743265,0.0,75,14.999999997378714,8.999999999074568
14.540000000061385,17.685301013414072,17.42176842932754,30048.2835023378,0.0,75,14.999999997481614,8.999999999110893
14.560000000061516,17.68858447240815,17.120610897244493,29018.416429235647,0.0,75,14.999999997580435,8.999999999145793
14.580000000061647,17.766012276897914,17.510302388067085,30354.458279665294,0.0,75,14.999999997675403,8.999999999179312
14.600000000061778,17.750223088115,17.52484301525138,30404.892145547597,0.0,75,14.999999997766645,8.999999999211528
14.620000000061909,17.69025225132109,17.13144072513751,29055.139868125545,0.0,75,14.9999999978543,8.999999999242476
14.64000000006204,17.730769546254972,17.228762928834097,29386.1969313625,0.0,75,14.999999997938508,8.999999999272209
14.66000000006217,17.792798334500844,17.563561379384275,30539.39014203981,0.0,75,14.999999998019426,8.999999999300769
14.680000000062302,17.72322356266533,17.36419823955841,29850.02266753756,0.0,75,14.999999998097156,8.999999999328214
14.700000000062433,17.715364225132113,17.075465067145313,28865.579216600647,0.0,75,14.999999998171857,8.999999999354582
14.720000000062564,17.787896720075626,17.48667691809473,30272.603092059147,0.0,75,14.999999998243592,8.999999999379916
14.740000000062695,17.783895303344003,17.58657022739439,30619.457781917565,0.0,75,14.999999998312525,8.99999999940425
14.760000000062826,17.71440186191865,17.24611055822545,29445.40460739438,0.0,75,14.999999998378756,8.999999999427633
14.780000000062957,17.74552791313588,17.30823554344084,29657.926743283562,0.0,75,14.999999998442394,8.9999999994501
14.800000000063088,17.81006092517707,17.688360288195724,30974.930876998646,0.0,75,14.999999998503554,8.999999999471683
14.820000000063219,17.74476091372765,17.559742702379726,30526.11181188241,0.0,75,14.99999999856226,8.999999999492417
14.84000000006335,17.725273997168987,17.26623416256122,29514.161371884013,0.0,75,14.999999998618696,8.999999999512342
14.860000000063481,17.790819506687413,17.654208204362835,30855.435663369954,3.792560175816227,75,14.999999998672902,8.999999999531482
14.880000000063612,17.797283715493517,17.809514318828864,31400.70122541398,0.0,75,14.999999998725025,8.999999999549871
14.900000000063743,17.7225625858354,17.524656992659512,30404.246666865663,0.0,75,14.999999998775031,8.999999999567539
14.920000000063874,17.74728842853068,17.542846014184818,30467.39318005607,0.0,75,14.9999999988231,8.99999999958451
14.940000000064005,17.813085198890242,17.9409021422214,31865.72099658632,0.0,75,14.99999999886929,8.999999999600817
14.960000000064136,17.756734986051182,17.869011793715984,31610.856664565115,0.0,75,14.999999998913667,8.999999999616488
14.980000000064267,17.72901093295124,17.58983405361515,30630.823940084178,0.0,75,14.999999998956303,8.999999999631541
15.000000000064398,17.790102622956066,17.945455551364045,31881.898118398265,0.0,75,14.999999998997275,8.999999999646002
15.02000000006453,17.81005887393953,18.136221130583483,32563.329171614314,0.0,75,14.999999999036667,8.999999999659895
15.04000000006466,17.733946182726033,17.884992175755805,31667.42156640807,0.0,75,14.99999999907445,8.999999999673244
15.060000000064791,17.75321775934694,17.840144385957466,31508.804418370095,0.0,75,14.999999999110758,8.99999999968607
15.080000000064922,17.821841407051565,18.239022920062332,32933.53374967367,0.0,75,14.999999999145723,8.999999999698387
15.100000000065053,17.776067633233072,18.18563317006551,32741.008124768352,0.0,75,14.999999999179185,8.999999999710228
15.120000000065184,17.739786518811755,17.86168272004014,31584.93124856965,0.0,75,14.999999999211463,8.999999999721602
15.140000000065315,17.79536597336441,18.13565678652736,32561.30265982518,0.0,75,14.999999999242357,8.999999999732529
15.160000000065446,17.82728454708462,18.33871501177024,33294.53835905912,0.0,75,14.999999999272097,8.999999999743022
15.180000000065577,17.751290946535217,18.073065644066446,32336.934474811686,0.0,75,14.999999999300732,8.999999999753111
15.200000000065709,17.764266209612252,17.911565681668858,31761.594330867927,0.0,75,14.999999999328129,8.9999999997628
15.22000000006584,17.833874490973187,18.284534230810074,33098.09501089079,0.0,75,14.999999999354472,8.999999999772111
15.24000000006597,17.798862036704314,18.23524268342279,32919.88349580826,0.0,75,14.999999999379803,8.999999999781053
15.260000000066102,17.75635244058207,17.868283988028942,31608.28169426953,0.0,75,14.99999999940415,8.999999999789647
15.280000000066233,17.806577325926852,18.04533741227357,32237.78602923332,0.0,75,14.999999999427542,8.999999999797904
15.300000000066364,17.84814034069279,18.263759257515304,33022.9253187187,0.0,75,14.999999999450012,8.999999999805839
15.320000000066495,17.777061236014756,18.003443262208933,32088.272959596954,0.0,75,14.999999999471592,8.999999999813458
15.340000000066626,17.784730552172327,17.774152594345185,31276.129543636893,9.779243101357032,74,14.99999999949232,8.99999999982078
15.360000000066757,17.856005910718864,18.128159723771926,32534.387321465627,0.0,75,14.999999999512237,8.999999999827812
15.380000000066888,17.83165262090937,18.102881795147045,32443.718599021224,0.0,75,14.999999999531386,8.999999999834573
15.400000000067019,17.785020342069885,17.72675034552248,31109.53010288627,0.0,75,14.999999999549814,8.999999999841064
15.42000000006715,17.830408805556598,17.843630423902457,31521.119523242127,0.0,75,14.999999999567576,8.999999999847304
15.44000000006728,17.878503187063064,18.086816995797047,32386.16195437793,0.0,75,14.999999999584452,8.999999999853296
15.460000000067412,17.81180479046076,17.843921317430212,31522.147269787733,0.0,75,14.999999999600716,8.999999999859053
15.480000000067543,17.813663645336018,17.570622564784152,30563.950953636246,0.0,75,14.999999999616437,8.999999999864588
15.500000000067674,17.8834259584622,17.911081046050043,31759.875599120034,0.0,75,14.999999999631536,8.9999999998699
15.520000000067805,17.865793553842757,17.915418300833746,31775.259076049715,0.0,75,14.999999999645897,8.999999999875005
15.540000000067936,17.814419782239685,17.543430743910847,30469.424263966677,0.0,75,14.99999999965987,8.999999999879913
15.560000000068067,17.853434090384198,17.614583655234792,30717.08217698543,0.0,75,14.999999999673193,8.999999999884626
15.580000000068198,17.904377310447064,17.880709532826895,31652.257565945503,0.0,75,14.999999999685981,8.999999999889155
15.600000000068329,17.840252050927816,17.674119494082248,30925.07548885278,0.0,75,14.999999999698415,8.999999999893504
15.62000000006846,17.836915753985533,17.39799785794403,29966.342616696817,0.0,75,14.999999999710123,8.999999999897685
15.640000000068591,17.90346223291265,17.734477556372404,31136.657725210105,0.0,75,14.99999999972167,8.999999999901704
15.660000000068722,17.890445794543382,17.77967701076674,31295.574545783158,0.0,75,14.99999999973242,8.999999999905562
15.680000000068853,17.83668052370158,17.453076186022628,30156.376966851876,0.0,75,14.999999999743078,8.999999999909264
15.700000000068984,17.871065096322926,17.528121962945196,30416.270894945672,0.0,75,14.999999999753014,8.999999999912824
15.720000000069115,17.923496877968436,17.819266784721627,31435.10060547074,0.0,75,14.999999999762784,8.99999999991625
15.740000000069246,17.86205358562104,17.66458415019807,30891.715786467277,0.0,75,14.999999999772072,8.999999999919536
15.760000000069377,17.854857053590557,17.4209857939165,30045.58385689413,0.0,75,14.999999999780954,8.999999999922693
15.780000000069508,17.918803903814865,17.769389683668862,31259.369763019684,0.0,75,14.999999999789798,8.999999999925725
15.80000000006964,17.90916169273812,17.849152125316472,31540.630927426195,0.0,75,14.999999999797792,8.999999999928644
15.82000000006977,17.85302791901737,17.563211427853513,30538.173170056318,0.0,75,14.999999999805786,8.999999999931443
15.840000000069901,17.88329366346831,17.64137464519508,30810.591837615575,0.0,75,14.999999999813545,8.999999999934138
15.860000000070032,17.93587168854763,17.944840199581567,31879.71168883919,0.0,75,14.99999999982065,8.999999999936719
15.880000000070163,17.875805118643633,17.820228385949928,31438.49343280176,0.0,75,14.999999999827756,8.9999999999392
15.900000000070294,17.864829581883775,17.586652522584313,30619.74434786327,0.0,75,14.999999999834737,8.99999999994159
15.920000000070425,17.925609601686016,17.924813585384676,31808.59526480999,0.0,75,14.999999999840954,8.999999999943885
15.940000000070556,17.918422757139208,18.019134946357994,32144.233197098376,0.0,75,14.999999999847171,8.999999999946088
15.960000000070687,17.861234664614692,17.756493235780393,31214.01215101952,0.0,75,14.999999999853388,8.999999999948201
15.980000000070818,17.88848337008483,17.81797197090992,31430.53239028322,0.0,75,14.999999999859103,8.999999999950234
16.000000000070948,17.94121800818411,18.11871336629252,32500.489630764197,0.0,75,14.999999999864432,8.999999999952188
16.02000000007019,17.884447953703447,18.01123152350224,32116.041638162955,0.0,75,14.999999999869761,8.999999999954063
16.040000000069433,17.87151151449222,17.783310314052134,31308.366446707896,0.0,75,14.99999999987509,8.999999999955865
16.060000000068676,17.931087054743156,18.102114250956642,32440.96749496123,0.0,75,14.99999999988007,8.999999999957598
16.08000000006792,17.928005798179132,18.20110540417482,32796.74355530586,0.0,75,14.99999999988451,8.999999999959263
16.100000000067162,17.87155675477343,17.94839137464157,31892.3305406548,0.0,75,14.999999999888951,8.999999999960862
16.120000000066405,17.897105365647906,17.98339929268226,32016.862361750656,0.0,75,14.999999999893392,8.999999999962395
16.140000000065648,17.95119781194714,18.27558193115014,33065.692597163244,0.0,75,14.999999999897833,8.999999999963874
16.16000000006489,17.898459890324663,18.167186057496945,32674.618275397424,0.0,75,14.999999999901931,8.999999999965294
16.180000000064133,17.88369832835196,17.914052932574855,31770.41595452056,0.0,75,14.999999999905484,8.99999999996665
16.200000000063376,17.942342012475773,18.200638592814766,32795.06127332283,0.0,75,14.999999999909036,8.999999999967965
16.22000000006262,17.94300124472253,18.293361169213878,33130.05922374961,0.0,75,14.999999999912589,8.999999999969221
16.240000000061862,17.88685787171465,18.022672433776854,32156.85544376113,0.0,75,14.999999999916142,8.999999999970427
16.260000000061105,17.910565445723197,18.006069180605962,32097.63420623869,0.0,75,14.999999999919694,8.999999999971589
16.280000000060348,17.965200514182314,18.2844899656118,33097.93475685293,0.0,75,14.999999999923144,8.999999999972705
16.30000000005959,17.91603326121665,18.166772755243702,32673.131601630615,0.0,75,14.999999999925809,8.999999999973776
16.320000000058833,17.899966210092245,17.883771976420977,31663.10071026876,0.0,75,14.999999999928473,8.999999999974804
16.340000000058076,17.9575790409125,18.135882527261366,32562.113269132205,0.0,75,14.999999999931138,8.999999999975794
16.36000000005732,17.96133266775606,18.225808637049028,32885.82994687378,0.0,75,14.999999999933802,8.999999999976744
16.38000000005656,17.906656171405206,17.949736878125087,31897.112345319263,0.0,75,14.999999999936467,8.999999999977657
16.400000000055805,17.929283568754233,17.905575559464364,31740.353975377366,0.0,75,14.999999999939131,8.999999999978535
16.420000000055047,17.9844061338425,18.176451192697897,32707.954418017398,0.0,75,14.999999999941796,8.999999999979376
16.44000000005429,17.93857337025407,18.06229835693554,32298.415571489553,0.0,75,14.99999999994446,8.999999999980183
16.460000000053533,17.922004915042933,17.7758730605921,31282.184643495944,0.0,75,14.999999999946466,8.999999999980963
16.480000000052776,17.978809985877827,18.013930319503093,32125.666869970082,0.0,75,14.999999999948242,8.99999999998171
16.50000000005202,17.98411752927015,18.107845076343054,32461.51127751191,0.0,75,14.999999999950019,8.999999999982427
16.52000000005126,17.930304341750915,17.837275093137794,31498.669892020032,0.0,75,14.999999999951795,8.999999999983118
16.540000000050505,17.951816531517736,17.786180164320843,31318.472278873905,0.0,75,14.999999999953571,8.999999999983782
16.560000000049747,18.005868256035583,18.05497450333076,32272.228327220582,0.0,75,14.999999999955348,8.999999999984416
16.58000000004899,17.96092590100568,17.94845940868126,31892.57231930975,0.0,75,14.999999999957124,8.999999999985029
16.600000000048233,17.943682383050728,17.66928114610512,30908.14612574109,0.0,75,14.9999999999589,8.999999999985617
16.620000000047476,17.998558998503533,17.903048968585825,31731.3970747379,0.0,75,14.999999999960677,8.999999999986183
16.64000000004672,18.002824648341715,18.002246805710165,32084.008115269156,0.0,75,14.999999999962453,8.999999999986725
16.66000000004596,17.949737892704604,17.74897430378232,31187.582794751987,0.0,75,14.99999999996423,8.999999999987246
16.680000000045204,17.970403106465174,17.711079995117476,31054.553104709314,0.0,75,14.999999999966006,8.999999999987747
16.700000000044447,18.022215100421235,17.979787700249396,32004.003808816047,0.0,75,14.999999999967644,8.999999999988228
16.72000000004369,17.97727604884449,17.889709036764767,31684.127252550374,0.0,75,14.999999999968532,8.99999999998869
16.740000000042933,17.96049576577056,17.642220407405272,30813.546149406036,0.0,75,14.99999999996942,8.999999999989134
16.760000000042176,18.01391584431859,17.88610763734221,31671.371795007806,0.0,75,14.999999999970308,8.99999999998956
16.78000000004142,18.016384342539535,17.992327549629916,32048.661214628268,0.0,75,14.999999999971196,8.999999999989967
16.80000000004066,17.964682331395547,17.767417205735754,31252.43030207134,0.0,75,14.999999999972085,8.999999999990361
16.820000000039904,17.985256193287448,17.758879087842388,31222.40085917185,0.0,75,14.999999999972973,8.999999999990742
16.840000000039147,18.034925405348055,18.026836825144034,32171.71774608474,0.0,75,14.999999999973861,8.999999999991106
16.86000000003839,17.989438284296217,17.94989100846543,31897.660134332724,0.0,75,14.999999999974749,8.999999999991452
16.880000000037633,17.97341154108853,17.730236900436893,31121.76875398739,0.0,75,14.999999999975637,8.999999999991788
16.900000000036876,18.025475578780927,17.980252204712524,32005.657465133845,0.0,75,14.999999999976525,8.999999999992113
16.92000000003612,18.025436011827978,18.08351006784456,32374.320300982454,0.0,75,14.999999999977414,8.99999999999242
16.94000000003536,17.97497710072097,17.872668111723122,31623.794277723075,0.0,75,14.999999999978302,8.99999999999272
16.960000000034604,17.995629808052414,17.878962759485606,31646.073626127654,0.0,75,14.99999999997919,8.999999999993006
16.980000000033847,18.04287421551939,18.13584787595953,32561.988839790323,0.0,75,14.999999999980078,8.99999999999328
17.00000000003309,17.99688754647752,18.05938511706133,32287.997689804128,0.0,75,14.999999999980966,8.999999999993545
17.020000000032333,17.982242632712875,17.85460686456146,31559.911642494724,0.0,75,14.999999999981855,8.999999999993797
17.040000000031576,18.033428265837138,18.099579041675955,32431.881387080186,0.0,75,14.999999999982743,8.999999999994037
17.06000000003082,18.031419883232203,18.1920487766038,32764.113230322004,0.0,75,14.99999999998363,8.999999999994273
17.08000000003006,17.983368726974355,17.987139178057888,32030.180405252097,0.0,75,14.999999999984519,8.999999999994499
17.100000000029304,18.00498341094865,18.00112875822487,32080.02302043001,0.0,75,14.999999999985407,8.999999999994714
17.120000000028547,18.0506976009895,18.242195869725382,32944.99330477456,0.0,75,14.999999999986295,8.99999999999492
17.14000000002779,18.005328872751097,18.15962802369212,32647.436905909864,0.0,75,14.999999999987184,8.999999999995122
17.160000000027033,17.99269592818003,17.959657020935815,31932.378750638625,0.0,75,14.999999999988072,8.99999999999531
17.180000000026276,18.04383028591377,18.194411925539224,32772.62590628779,0.0,75,14.99999999998896,8.999999999995495
17.20000000002552,18.0404328750632,18.270835389079593,33048.51915565359,0.0,75,14.99999999998964,8.999999999995671
17.22000000002476,17.994832152261306,18.058038612613622,32283.183094914883,0.0,75,14.99999999998964,8.99999999999584
17.240000000024004,18.017673725866583,18.067211631481946,32315.98947752456,0.0,75,14.99999999998964,8.999999999996007
17.260000000023247,18.061722248226282,18.28876989464496,33113.431321653785,0.0,75,14.99999999998964,8.99999999999616
17.28000000002249,18.01680192878047,18.190852058741548,32759.802763665728,0.0,75,14.99999999998964,8.999999999996316
17.300000000021733,18.006068620336233,17.98248525808135,32013.607829641605,0.0,75,14.99999999998964,8.99999999999646
17.320000000020976,18.056864385893345,18.201849733779973,32799.4260393671,0.0,75,14.99999999998964,8.999999999996597
17.34000000002022,18.05172521675927,18.260049844339708,33009.512611447295,0.0,75,14.99999999998964,8.999999999996732
17.36000000001946,18.008717727307562,18.036531996867478,32206.33216091717,0.0,75,14.99999999998964,8.99999999999686
17.380000000018704,18.033074742035414,18.042343450649433,32227.089561917244,0.6671442431200775,75,14.99999999998964,8.99999999999698
17.400000000017947,18.074985782638613,18.246473151352813,32960.444463830245,0.0,75,14.99999999998964,8.9999999999971
17.42000000001719,18.030645838362613,18.138147235433284,32570.246128281273,0.0,75,14.99999999998964,8.999999999997216
17.440000000016433,18.022254823136752,17.932707279454647,31836.617046680494,0.0,75,14.99999999998964,8.999999999997323
17.460000000015675,18.072790140722738,18.144961323747935,32594.72252258122,0.0,75,14.99999999998964,8.999999999997428
17.48000000001492,18.065624357070934,18.191334505525887,32761.540458092753,0.0,75,14.99999999998964,8.99999999999753
17.50000000001416,18.0253432465217,17.967223318343557,31959.29026334319,0.0,75,14.99999999998964,8.999999999997627
17.520000000013404,18.051539047443644,17.984120021616043,32019.42872222909,3.8209650227276932,75,14.99999999998964,8.99999999999772
17.540000000012647,18.090573161651097,18.175956979032346,32706.175798251872,0.0,75,14.99999999998964,8.99999999999781
17.56000000001189,18.046080368513778,18.062687054050038,32299.805697634572,0.0,75,14.999999999989901,8.999999999997893
17.580000000011132,18.039905529397597,17.870000858418706,31614.356137301555,0.0,75,14.99999999999071,8.99999999999798
17.600000000010375,18.089441749212124,18.0819240191,32368.641647011045,0.0,75,14.99999999999071,8.999999999998053
17.620000000009618,18.079083758018488,18.118892113687036,32501.130891308858,0.0,75,14.99999999999071,8.999999999998135
17.64000000000886,18.041116873487365,17.90002805992068,31720.689450042493,0.0,75,14.99999999999071,8.999999999998206
17.660000000008104,18.068950843966512,17.93673033650979,31850.903221296292,3.0899531455424287,75,14.99999999999071,8.999999999998277
17.680000000007347,18.103899673307925,18.117858523545017,32497.42295043411,0.0,75,14.99999999999071,8.999999999998344
17.70000000000659,18.05872290786621,18.00433378423076,32091.44746637964,0.0,75,14.99999999999071,8.999999999998407
17.720000000005832,18.054951563544662,17.836666571046162,31496.52076229553,0.0,75,14.99999999999071,8.999999999998469
17.740000000005075,18.102989458918017,18.052720745363896,32264.171904693838,0.0,75,14.99999999999119,8.999999999998531
17.760000000004318,18.08897560512677,18.083454895112506,32374.122753408206,0.0,75,14.99999999999119,8.99999999999859
17.78000000000356,18.0537885323994,17.88002938522043,31649.84963081349,0.0,75,14.99999999999119,8.999999999998645
17.800000000002804,18.083632152609162,17.94645228158322,31885.439800014596,2.1120556120271625,75,14.99999999999119,8.999999999998698
17.820000000002047,18.11390448215326,18.117805232625372,32497.23177828287,0.0,75,14.99999999999119,8.99999999999875
17.84000000000129,18.068392457376433,18.007365744266362,32102.2568837257,0.0,75,14.99999999999147,8.9999999999988
17.860000000000532,18.067288680509268,17.8715535721187,31619.850281025694,0.0,75,14.99999999999147,8.999999999998845
17.879999999999775,18.113734702186566,18.09147462189076,32402.84394545322,0.0,75,14.99999999999147,8.999999999998888
17.899999999999018,18.095950242596842,18.113997118048378,32483.572267669984,0.0,75,14.99999999999147,8.999999999998934
17.91999999999826,18.063670278811415,17.92378242917716,31804.93568027589,0.0,75,14.99999999999166,8.999999999998977
17.939999999997504,18.09547829087966,18.015578114246868,32131.544424259024,0.0,75,14.99999999999166,8.999999999999016
17.959999999996747,18.12039776728212,18.172419207882175,32693.445166830057,0.0,75,14.99999999999166,8.999999999999053
17.97999999999599,18.075107709372734,18.059184240852005,32287.27940905544,0.0,75,14.999999999991797,8.99999999999909
17.999999999995232,18.076702393277206,17.948612273498416,31893.115571890325,0.0,75,14.999999999991797,8.999999999999126
18.019999999994475,18.121345852140635,18.164395047587696,32664.57949703497,0.0,75,14.999999999991797,8.99999999999916
18.039999999993718,18.10010443262208,18.17399477933544,32699.114537688954,0.0,75,14.999999999991903,8.999999999999197
18.05999999999296,18.071260132510545,17.991780167184128,32046.71120484099,0.0,75,14.999999999991903,8.999999999999229
18.079999999992204,18.10508941188812,18.100731634726465,32436.012085523686,0.0,75,14.999999999991994,8.99999999999926
18.099999999991446,18.12471551716851,18.23910606455184,32933.83401336058,0.0,75,14.999999999991994,8.999999999999284
18.11999999999069,18.080875058177643,18.119477807643143,32503.232126143088,0.0,75,14.999999999991994,8.999999999999314
18.139999999989932,18.08541098694593,18.02948949381858,32181.18664936139,0.0,75,14.999999999992072,8.999999999999343
18.159999999989175,18.12861659156584,18.2356374674076,32921.308910426946,0.0,75,14.999999999992072,8.999999999999366
18.179999999988418,18.10470909871778,18.22985672124976,32900.43993164998,0.0,75,14.999999999992143,8.999999999999389
18.19999999998766,18.079678588041585,18.05009395127641,32254.783273338515,0.0,75,14.999999999992143,8.999999999999414
18.219999999986904,18.115494331596587,18.1687179971014,32680.129052159387,0.0,75,14.999999999992205,8.999999999999437
18.239999999986146,18.130065607378224,18.286087745125123,33103.71949721712,0.0,75,14.999999999992205,8.999999999999462
18.25999999998539,18.088232788182232,18.154457177671866,32628.847226174363,0.0,75,14.999999999992268,8.999999999999485
18.279999999984632,18.095679634813518,18.07745383907997,32352.63939310084,0.0,75,14.999999999992268,8.999999999999499
18.299999999983875,18.1371958645043,18.26918940272456,33042.56486182797,0.0,75,14.999999999992326,8.999999999999524
18.319999999983118,18.110907458028592,18.245384030676888,32956.509804259375,0.0,75,14.999999999992326,8.999999999999543
18.33999999998236,18.089715154748674,18.063495926523196,32302.69862366289,0.0,75,14.999999999992374,8.999999999999556
18.359999999981603,18.127028983894796,18.186323042746572,32743.49223569681,0.0,75,14.999999999992374,8.999999999999574
18.379999999980846,18.136597676082243,18.28256953992958,33090.98254925223,0.0,75,14.999999999992417,8.999999999999595
18.39999999998009,18.097239302033497,18.138961060642703,32573.16892759029,0.0,75,14.999999999992417,8.999999999999606
18.419999999979332,18.10776383069803,18.076466984880916,32349.107206892128,0.0,75,14.999999999992458,8.999999999999623
18.439999999978575,18.147176122312555,18.254049323467147,32987.821353652245,0.0,75,14.999999999992458,8.99999999999964
18.459999999977818,18.118806153841735,18.21495384599495,32846.66981755962,0.0,75,14.999999999992458,8.999999999999652
18.47999999997706,18.101624637388447,18.03697648906343,32207.919565834487,0.0,75,14.999999999992493,8.99999999999967
18.499999999976303,18.140005202491864,18.166690243046972,32672.834804293816,0.0,75,14.999999999992525,8.999999999999677
18.519999999975546,18.144653657795768,18.24508171858103,32955.41768485115,0.0,75,14.999999999992525,8.999999999999693
18.53999999997479,18.107924535006138,18.09409783735476,32412.241278227782,0.0,75,14.99999999999256,8.999999999999703
18.559999999974032,18.121598019054446,18.052679019536058,32264.02275845632,2.627546001746754,75,14.99999999999256,8.999999999999716
18.579999999973275,18.15815306183493,18.218290759275188,32858.7057007587,0.0,75,14.99999999999256,8.99999999999973
18.599999999972518,18.12759929471205,18.166594060403405,32672.488835791984,0.0,75,14.999999999992589,8.999999999999737
18.61999999997176,18.114261905325296,17.999131163404098,32072.903541104133,0.0,75,14.999999999992589,8.999999999999748
18.639999999971003,18.152889289972705,18.13776469815806,32568.872316328245,0.0,75,14.999999999992616,8.999999999999758
18.659999999970246,18.152394626797545,18.200391297016285,32794.17009308526,0.0,75,14.999999999992616,8.999999999999769
18.67999999996949,18.11822304624291,18.046795640086607,32242.996454629065,0.0,75,14.999999999992637,8.99999999999978
18.699999999968732,18.135032415632917,18.032248849250553,32191.03785756772,0.9301742255544695,75,14.99999999999265,8.999999999999783
18.719999999967975,18.16763108358532,18.186871244412917,32745.466280423738,0.0,75,14.999999999992664,8.999999999999794
18.739999999967218,18.135118292987606,18.125978514782,32526.558614714802,0.0,75,14.999999999992674,8.999999999999801
18.75999999996646,18.125669074623485,17.978166307873476,31998.231915561464,0.0,75,14.99999999999269,8.999999999999808
18.779999999965703,18.163889982440214,18.127155653573258,32530.783436797756,0.0,75,14.99999999999269,8.999999999999817
18.799999999964946,18.158377132040282,18.176373593928982,32707.675145581175,0.0,75,14.999999999992713,8.999999999999828
18.81999999996419,18.12701416880358,18.026327399782215,32169.899472889156,0.0,75,14.999999999992713,8.99999999999983
18.83999999996343,18.147165213084058,18.043388124900062,32230.82164755209,0.0,75,14.999999999992713,8.999999999999837
18.859999999962675,18.174919416988015,18.18696596313639,32745.80736348331,0.0,75,14.999999999992735,8.999999999999844
18.879999999961917,18.140993046652355,18.118676765935124,32500.358327094753,0.0,75,14.999999999992735,8.99999999999985
18.89999999996116,18.135415410282196,17.99544245983263,32059.75898318904,0.0,75,14.999999999992756,8.999999999999853
18.919999999960403,18.172668693675828,18.15196917563799,32619.904510377364,0.0,75,14.999999999992756,8.999999999999861
18.939999999959646,18.162372937978738,18.187219748199023,32746.721254758286,0.0,75,14.999999999992756,8.999999999999865
18.95999999995889,18.13402607005331,18.04151989187121,32224.147560869216,0.0,75,14.999999999992756,8.999999999999872
18.97999999995813,18.15729101043837,18.087110133541447,32387.21174530247,0.0,75,14.99999999999278,8.999999999999876
18.999999999957375,18.179408606935272,18.216174447905406,32851.07214013523,0.0,75,14.99999999999278,8.999999999999881
19.019999999956617,18.145046935267576,18.13922846721043,32574.129329179657,0.0,75,14.99999999999278,8.999999999999886
19.03999999995586,18.14329291833833,18.04011778256417,32219.139111269622,0.0,75,14.99999999999278,8.99999999999989
19.059999999955103,18.179137440431823,18.19761689702659,32784.17281236344,0.0,75,14.999999999992795,8.999999999999893
19.079999999954346,18.164596617305545,18.217472052101517,32855.75250894052,0.0,75,14.999999999992795,8.999999999999899
19.09999999995359,18.139764249735933,18.07591805114916,32347.142525793803,0.0,75,14.99999999999281,8.999999999999904
19.11999999995283,18.1658341728673,18.144298802576692,32592.342324681074,0.0,75,14.99999999999281,8.999999999999908
19.139999999952074,18.18212607091747,18.255880199738474,32994.439024852785,0.0,75,14.999999999992822,8.999999999999908
19.159999999951317,18.148544752427465,18.169252172824468,32682.050727448655,0.0,75,14.999999999992822,8.999999999999911
19.17999999995056,18.150591123126322,18.092667363682036,32407.116620951372,0.0,75,14.999999999992822,8.999999999999918
19.199999999949803,18.184845642758766,18.24493057136826,32954.871663850485,0.0,75,14.999999999992822,8.999999999999922
19.219999999949046,18.166742158094394,18.24808983980776,32966.28549736756,0.0,75,14.999999999992841,8.999999999999925
19.23999999994829,18.145759571686483,18.10913097669628,32466.12184838267,0.0,75,14.999999999992841,8.999999999999925
19.25999999994753,18.1741054156657,18.193034556352462,32767.664130494573,0.0,75,14.999999999992841,8.999999999999925
19.279999999946774,18.184737021471502,18.28490729709573,33099.445651474845,0.0,75,14.999999999992841,8.999999999999934
19.299999999946017,18.152693554963964,18.186716838068428,32744.910265459854,0.0,75,14.999999999992841,8.999999999999936
19.31999999994526,18.158437704635308,18.129471177231412,32539.09479144017,0.0,75,14.999999999992863,8.99999999999994
19.339999999944503,18.190650982112526,18.27125469418331,33050.03606187162,0.0,75,14.999999999992863,8.99999999999994
19.359999999943746,18.169589320144397,18.25706920846641,32998.7370321903,0.0,75,14.999999999992863,8.999999999999943
19.37999999994299,18.15264374291589,18.12078285806899,32507.914367539197,0.0,75,14.999999999992863,8.999999999999943
19.39999999994223,18.182542654352922,18.21471340103607,32845.80264390623,0.0,75,14.999999999992863,8.999999999999947
19.419999999941474,18.18790429795864,18.286987447672228,33106.97708122066,0.0,75,14.999999999992863,8.99999999999995
19.439999999940717,18.157955342856734,18.178365591117448,32714.844580867782,0.0,75,14.999999999992863,8.999999999999952
19.45999999993996,18.167459562874534,18.141046386514997,32580.65883577102,0.0,75,14.999999999992882,8.999999999999952
19.479999999939203,18.196837099130935,18.270526266540838,33047.40087557934,0.0,75,14.999999999992882,8.999999999999954
19.499999999938446,18.173573863498092,18.24069893923481,32939.58668138824,0.0,75,14.999999999992882,8.999999999999957
19.51999999993769,18.16075377145556,18.111239491997416,32473.682597712046,0.0,75,14.999999999992882,8.99999999999996
19.53999999993693,18.19141792366275,18.213046273540336,32839.79040164987,0.0,75,14.999999999992882,8.999999999999957
19.559999999936174,18.19193076423053,18.267666056346314,33037.054691472404,0.0,75,14.999999999992882,8.999999999999961
19.579999999935417,18.164311551956953,18.151596036812688,32618.56342967964,0.0,75,14.999999999992882,8.999999999999964
19.59999999993466,18.17747440521741,18.136232748922215,32563.370893984647,0.0,75,14.999999999992882,8.999999999999961
19.619999999933903,18.203093829476995,18.253187396711095,32984.70616380569,0.0,75,14.999999999992882,8.999999999999964
19.639999999933146,18.17817271093636,18.209849776430836,32828.26425913752,0.0,75,14.999999999992896,8.999999999999968
19.65999999993239,18.169386118661535,18.092591960915772,32406.84650255509,0.0,75,14.999999999992896,8.999999999999968
19.67999999993163,18.199918554010672,18.200708380756083,32795.31277057104,0.0,75,14.999999999992896,8.999999999999972
19.699999999930874,18.195865399375712,18.23987457500832,32936.60942669135,0.0,75,14.999999999992896,8.999999999999972
19.719999999930117,18.17076401493712,18.12081650457944,32508.035088471122,0.0,75,14.999999999992896,8.99999999999997
19.73999999992936,18.18725169098271,18.129558666931807,32539.40884831441,0.0,75,14.999999999992896,8.999999999999975
19.759999999928603,18.208306048222124,18.234327615409445,32916.57965502218,0.0,75,14.999999999992896,8.999999999999975
19.779999999927846,18.18241748853218,18.180568651170606,32722.774571512728,0.0,75,14.999999999992896,8.999999999999977
19.79999999992709,18.177602925549355,18.082146873322447,32369.439519291984,0.0,75,14.999999999992902,8.999999999999975
19.81999999992633,18.207254082468182,18.19506625480092,32774.983165642836,0.0,75,14.999999999992902,8.999999999999977
19.839999999925574,18.19895451007956,18.220858107972752,32867.96734889667,0.0,75,14.999999999992902,8.999999999999977
19.859999999924817,18.176650808183716,18.103744771180896,32446.81189926584,0.0,75,14.999999999992909,8.999999999999982
19.87999999992406,18.19603250240469,18.13698136347205,32566.059204914236,0.0,75,14.999999999992909,8.999999999999979
19.899999999923303,18.211842903384778,18.229438375749925,32898.929926031065,0.0,75,14.999999999992909,8.999999999999979
19.919999999922545,18.185810442963135,18.167309411632623,32675.061994541466,0.0,75,14.999999999992909,8.999999999999982
19.93999999992179,18.18483288581396,18.091729108007485,32403.755549634952,0.0,75,14.999999999992909,8.999999999999986
19.95999999992103,18.21296147146989,18.205866602555645,32813.90429625499,0.0,75,14.999999999992909,8.999999999999982
19.979999999920274,18.200770474058807,18.218919215397296,32860.97272034003,0.0,75,14.999999999992909,8.999999999999979
19.999999999919517,18.18156446977908,18.10681992872105,32457.835865181787,0.0,75,14.999999999992918,8.999999999999986
20.01999999991876,18.20318741247744,18.16118609259181,32653.039348685215,0.0,75,14.999999999992918,8.999999999999988
20.039999999918003,18.213599218076567,18.24018233998016,32937.720927776616,0.0,75,14.999999999992918,8.999999999999982
20.059999999917245,18.188166199568084,18.17064821019767,32687.073181497166,0.0,75,14.999999999992918,8.999999999999986
20.079999999916488,18.19088364683835,18.11908145400628,32501.810160954476,0.0,75,14.999999999992918,8.999999999999988
20.09999999991573,18.216850999665766,18.229636936945912,32899.646622433356,0.0,75,14.999999999992918,8.999999999999986
20.119999999914974,18.20151357464801,18.23000015157138,32900.95764710292,0.0,75,14.999999999992918,8.999999999999988
20.139999999914217,18.185754624631432,18.12510829938421,32523.435535576187,0.0,75,14.999999999992918,8.99999999999999
20.15999999991346,18.208903596060836,18.195093485395322,32775.08126728521,0.0,75,14.999999999992918,8.999999999999988
20.179999999912702,18.214290663150113,18.25959289335288,33007.86053046728,0.0,75,14.999999999992918,8.99999999999999
20.199999999911945,18.190079663429096,18.183061041761118,32731.74717599264,0.0,75,14.999999999992918,8.99999999999999
20.219999999911188,18.1964585671896,18.15422460576859,32628.01123263264,0.0,75,14.999999999992918,8.99999999999999
20.23999999991043,18.2195667767123,18.256537015118074,32996.81323465323,0.0,75,14.999999999992918,8.999999999999993
20.259999999909674,18.201958777432935,18.243778939561086,32950.71152956165,0.0,75,14.999999999992923,8.99999999999999
20.279999999908917,18.18986080309254,18.147094394555488,32602.38646152577,0.0,75,14.999999999992923,8.999999999999988
20.29999999990816,18.213755898734195,18.226031693429118,32886.634897698335,0.0,75,14.999999999992923,8.999999999999988
20.319999999907402,18.214705899539798,18.275360346498374,33064.89078364212,0.0,75,14.999999999992923,8.999999999999993
20.339999999906645,18.192183781653647,18.192072353009955,32764.198153217738,0.0,75,14.999999999992923,8.999999999999993
20.359999999905888,18.20204154728138,18.18309766576322,32731.879031545675,0.0,75,14.999999999992923,8.999999999999993
20.37999999990513,18.22171712827541,18.27380400025978,33059.25935135108,0.0,75,14.999999999992923,8.99999999999999
20.399999999904374,18.202695379908427,18.24809373611902,32966.29957521641,0.0,75,14.999999999992923,8.999999999999993
20.419999999903617,18.19436530015493,18.16124877234728,32653.26474013746,0.0,75,14.999999999992923,8.999999999999995
20.43999999990286,18.218262312156945,18.24351262026029,32949.749519834026,0.0,75,14.999999999992923,8.999999999999993
20.459999999902102,18.21537150722328,18.278227960798457,33075.268121304514,0.0,75,14.999999999992923,8.999999999999995
20.479999999901345,18.194956693414372,18.189834361386794,32756.137335374064,0.0,75,14.999999999992923,8.999999999999995
20.499999999900588,18.207855821887964,18.198274024603606,32786.54056998165,0.0,75,14.999999999992935,8.999999999999995
20.51999999989983,18.223675647975988,18.276216329814808,33067.98825008473,0.0,75,14.999999999992935,8.999999999999993
20.539999999899074,18.204089537531484,18.238763730394865,32932.597738903525,0.0,75,14.999999999992935,8.999999999999993
20.559999999898317,18.199499188517,18.16445317540369,32664.788556981868,0.0,75,14.999999999992935,8.999999999999995
20.57999999989756,18.222639156605478,18.246214514070385,32959.51006525377,0.0,75,14.999999999992935,8.999999999999993
20.599999999896802,18.21643469132534,18.267671206723474,33037.07332037841,0.0,75,14.999999999992935,8.999999999999995
20.619999999896045,18.198436815261342,18.177104211095767,32710.304632602492,0.0,75,14.999999999992935,8.999999999999996
20.639999999895288,18.213792264673657,18.200860341033362,32795.860398226294,0.0,75,14.999999999992935,8.999999999999996
20.65999999989453,18.22547007823163,18.26648232914068,33032.773291400044,0.0,75,14.999999999992935,8.999999999999996
20.679999999893774,18.20594554119714,18.2192250002186,32862.07580125043,0.0,75,14.999999999992935,8.999999999999995
20.699999999893016,18.204950139453288,18.160688412679033,32651.249758619015,0.0,75,14.999999999992935,8.999999999999995
20.71999999989226,18.226531003574213,18.239578816100927,32935.54130348699,0.0,75,14.999999999992935,8.999999999999995
20.739999999891502,18.21755396332533,18.249568254968562,32971.62740778285,0.0,75,14.999999999992935,8.999999999999995
20.759999999890745,18.202235836128292,18.161069675229864,32652.620723106804,0.0,75,14.999999999992935,8.999999999999995
20.779999999889988,18.219337994587118,18.19826355088708,32786.50283048697,0.0,75,14.999999999992935,8.999999999999996
20.79999999988923,18.226855804985522,18.252935739372496,32983.7966474605,0.0,75,14.999999999992935,8.999999999999995
20.819999999888473,18.207834640878165,18.198420996427902,32787.07014955955,0.0,75,14.999999999992935,8.999999999999996
20.839999999887716,18.210213159836428,18.15852375246978,32643.46650203189,0.0,75,14.999999999992935,8.999999999999995
20.85999999988696,18.22953846382851,18.232983761258584,32911.72798699359,0.0,75,14.999999999992935,8.999999999999996
20.879999999886202,18.218326808479596,18.23321207907512,32912.55224933254,0.0,75,14.999999999992935,8.999999999999996
20.899999999885445,18.20589638847553,18.151221166527588,32617.2161537837,0.0,75,14.999999999992935,8.999999999999996
20.919999999884688,18.22394731015322,18.199266373179185,32790.11635567112,0.0,75,14.999999999992935,8.999999999999996
20.93999999988393,18.227541780437804,18.2442686445003,32952.480498896984,0.0,75,14.999999999992935,9.0
20.959999999883173,18.209360231825503,18.184897729181444,32738.360036658054,0.0,75,14.999999999992935,9.0
20.979999999882416,18.2148263762496,18.164467231686626,32664.8391112907,0.0,75,14.999999999992935,9.0
20.99999999988166,18.23133237915377,18.233122534079975,32912.228976934704,0.0,75,14.999999999992935,8.999999999999996
21.019999999880902,18.218448867777155,18.224707476906495,32881.85629926234,0.0,75,14.999999999992935,9.0
21.039999999880145,18.209059375591266,18.152780656612457,32622.821111141242,0.0,75,14.999999999992935,8.999999999999996
21.059999999879388,18.227243122216944,18.207955509324815,32821.43473912564,0.0,75,14.999999999992935,9.0
21.07999999987863,18.227358743264773,18.244011278822423,32951.550806638166,0.0,75,14.999999999992935,8.999999999999996
21.099999999877873,18.210369434200093,18.18187204343112,32727.46662936651,0.0,75,14.999999999992935,9.0
21.119999999877116,18.21849500446755,18.17940048845307,32718.569609837203,0.0,75,14.999999999992935,9.0
21.13999999987636,18.23182822643841,18.24100844686667,32940.70452670744,0.0,75,14.999999999992935,8.999999999999996
21.159999999875602,18.21794892895939,18.22453081604243,32881.218823023126,0.0,75,14.999999999992935,8.999999999999996
21.179999999874845,18.211697957397988,18.164916746576306,32666.455840594776,0.0,75,14.999999999992935,8.999999999999996
21.199999999874088,18.22925843146535,18.222830599667677,32875.08395135426,0.0,75,14.999999999992935,8.999999999999995
21.21999999987333,18.226469111882718,18.25012588600673,32973.64239065419,0.0,75,14.999999999992935,8.999999999999995
21.239999999872573,18.211053604338645,18.186898812021255,32745.5655514713,0.0,75,14.999999999992935,8.999999999999996
21.259999999871816,18.221335421663476,18.198941467736066,32788.94558406224,0.0,75,14.999999999992935,8.999999999999995
21.27999999987106,18.231365181922513,18.252498820780044,32982.21760705509,0.0,75,14.999999999992935,8.999999999999995
21.299999999870302,18.21712944882338,18.228171000648405,32894.355584859055,0.0,75,14.999999999992935,8.999999999999995
21.319999999869545,18.214018217564174,18.18166645570096,32726.72651552977,0.0,75,14.999999999992935,8.999999999999995
21.339999999868787,18.230298802442547,18.238078040455882,32930.12157036613,0.0,75,14.999999999992935,8.999999999999996
21.35999999986803,18.225225089231117,18.25657223152787,32996.94053485444,0.0,75,14.999999999992935,8.999999999999996
21.379999999867273,18.211749868508353,18.193860539062086,32770.6395701692,0.0,75,14.999999999992935,8.999999999999996
21.399999999866516,18.2235943817348,18.216103374797136,32850.815793968264,0.0,75,14.999999999992935,9.0
21.41999999986576,18.23047063536975,18.26122408993549,33013.758221021184,0.0,75,14.999999999992935,9.0
21.439999999865,18.216370621546464,18.229459942253115,32899.00776883488,0.0,75,14.999999999992935,9.0
21.459999999864245,18.21628693970974,18.195915471232,32778.04264378577,0.0,75,14.999999999992935,8.999999999999996
21.479999999863487,18.230759223598454,18.247751638422972,32965.06354589926,0.0,75,14.999999999992935,9.0
21.49999999986273,18.223995066715243,18.257596235171093,33000.64220836683,0.0,75,14.999999999992935,9.0
21.519999999861973,18.21275879309189,18.19739288528824,32783.36567433236,0.0,75,14.999999999992935,8.999999999999996
21.539999999861216,18.225494653442713,18.225762839448418,32885.664676902066,0.0,75,14.999999999992935,9.0
21.55999999986046,18.22954840831929,18.262816148939958,33019.51491530822,0.0,75,14.999999999992935,8.999999999999996
21.5799999998597,18.215942616947938,18.224668978711772,32881.717378978305,0.0,75,14.999999999992935,9.0
21.599999999858944,18.218525464243108,18.203332799355362,32804.77117540459,0.0,75,14.999999999992935,9.0
21.619999999858187,18.23090883984525,18.249223360169154,32970.381171684996,0.0,75,14.999999999992935,8.999999999999996
21.63999999985743,18.222964519193305,18.250951339931035,32976.625256440515,0.0,75,14.999999999992935,9.0
21.659999999856673,18.214162312197217,18.195724980421065,32777.356348748785,0.0,75,14.999999999992935,8.999999999999996
21.679999999855916,18.227071545318253,18.22698210579891,32890.06479182624,0.0,75,14.999999999992935,8.999999999999996
21.69999999985516,18.228705686506565,18.25689750081689,32998.11632917807,0.0,75,14.999999999992935,9.0
21.7199999998544,18.215872232960514,18.214259207791947,32844.16461037474,0.0,75,14.999999999992935,9.0
21.739999999853644,18.220636760499257,18.204053478630623,32807.36874223151,0.0,75,14.999999999992935,8.999999999999996
21.759999999852887,18.230732826538826,18.244073037445485,32951.77389856888,0.0,75,14.999999999992935,8.999999999999996
21.77999999985213,18.22207220395941,18.23862673908877,32932.10302745258,0.0,75,14.999999999992935,9.0
21.799999999851373,18.215793422165177,18.191039818923496,32760.47903967236,0.0,75,14.999999999992935,9.0
21.819999999850616,18.228175573387514,18.222906972607454,32875.35951469823,0.0,75,14.999999999992935,9.0
21.83999999984986,18.227805247461358,18.246830068434775,32961.73394708721,0.0,75,14.999999999992935,9.0
21.8599999998491,18.215992958014205,18.202275536266786,32800.96063511945,0.0,75,14.999999999992935,9.0
21.879999999848344,18.222430364857324,18.20177358787693,32799.15161268908,0.0,75,14.999999999992935,9.0
21.899999999847587,18.230162972705497,18.236813626206203,32925.55575246105,0.0,75,14.999999999992935,9.0
21.91999999984683,18.22111780118413,18.22536487963268,32884.22857457908,0.0,75,14.999999999992935,9.0
21.939999999846073,18.217343199558023,18.187533020271385,32747.849378982733,0.0,75,14.999999999992935,9.0
21.959999999845316,18.228588160019935,18.21844669522074,32859.26819867335,0.0,75,14.999999999992935,9.0
21.97999999984456,18.226614413899647,18.23731217524787,32927.35598236696,0.0,75,14.999999999992935,8.999999999999996
21.9999999998438,18.2160616405438,18.193570612999693,32769.59515337039,0.0,75,14.999999999992935,9.0
22.019999999843044,18.223593062122774,18.200768522969817,32795.529507846164,0.0,75,14.999999999992935,9.0
22.039999999842287,18.229091575499172,18.231849905851295,32907.6347479595,0.0,75,14.999999999992935,9.0
22.05999999984153,18.21990457529353,18.21560873403193,32849.0317535827,0.0,75,14.999999999992935,9.0
22.079999999840773,18.218481779694788,18.188381749197845,32750.905834800775,0.0,75,14.999999999992935,9.0
22.099999999840016,18.22816999566528,18.217343178620048,32855.287656273824,0.0,75,14.999999999992935,9.0
22.11999999983926,18.22497824804663,18.231659218854332,32906.94638937117,0.0,75,14.999999999992935,8.999999999999996
22.1399999998385,18.215913848859206,18.19111455287877,32760.748218919816,0.0,75,14.999999999992935,9.0
22.159999999837744,18.22393409841297,18.203435783126466,32805.142356730496,0.0,75,14.999999999992935,9.0
22.179999999836987,18.227492456607123,18.23125527804494,32905.4882323109,0.0,75,14.999999999992935,8.999999999999996
22.19999999983623,18.2183781621885,18.211320171621296,32833.56605693677,0.0,75,14.999999999992935,9.0
22.219999999835473,18.218936129970167,18.193957503801066,32770.98887536178,0.0,75,14.999999999992935,8.999999999999996
22.239999999834716,18.226923997056215,18.220392372594176,32866.287122917514,0.0,75,14.999999999992935,9.0
22.25999999983396,18.222908283797114,18.23022731370341,32901.777603020484,0.0,75,14.999999999992935,9.0
22.2799999998332,18.21552655889272,18.194550786092236,32773.12615246127,0.0,75,14.999999999992935,9.0
22.299999999832444,18.223455876295443,18.209150087283106,32825.74154321903,0.0,75,14.999999999992935,9.0
22.319999999831687,18.22545813987569,18.233963899930174,32915.26651089173,0.0,75,14.999999999992935,9.0
22.33999999983093,18.216646216265353,18.211342316960565,32833.64590956634,0.0,75,14.999999999992935,9.0
22.359999999830173,18.218762112576957,18.201868803799087,32799.49476712073,0.0,75,14.999999999992935,9.0
22.379999999829415,18.225090934422337,18.225525567286862,32884.80843817888,0.0,75,14.999999999992935,9.0
22.39999999982866,18.220567923570027,18.23074318787231,32903.6397210331,0.0,75,14.999999999992935,8.999999999999996
22.4199999998279,18.214993871630295,18.200809565900318,32795.677416562685,0.0,75,14.999999999992935,9.0
22.439999999827144,18.2223315637321,18.215134575101946,32847.32163131836,0.0,75,14.999999999992935,9.0
22.459999999826387,18.22317791660929,18.236902221590874,32925.875661346734,0.0,75,14.999999999992935,8.999999999999996
22.47999999982563,18.214910175184286,18.21265833150857,32838.39142652659,0.0,75,14.999999999992935,9.0
22.499999999824873,18.218128212773937,18.20848225065789,32823.33376137982,0.0,75,14.999999999992935,9.0
22.519999999824115,18.222990534510952,18.22947709705576,32899.069687975956,0.0,75,14.999999999992935,8.999999999999996
22.539999999823358,18.218177113351917,18.23007154963819,32901.21536178785,0.0,75,14.999999999992935,9.0
22.5599999998226,18.214426619894706,18.206006783495315,32814.40961706707,0.0,75,14.999999999992935,9.0
22.579999999821844,18.22077998523548,18.218408545998763,32859.13058494315,0.0,75,14.999999999992935,9.0
22.599999999821087,18.220861648858406,18.237103721766676,32926.60326368912,0.0,75,14.999999999992935,9.0
22.61999999982033,18.213361734078298,18.21251550325343,32837.87637466841,0.0,75,14.999999999992935,9.0
22.639999999819572,18.217194697357616,18.211120781935023,32832.84709328834,0.0,75,14.999999999992935,9.0
22.659999999818815,18.220898380846727,18.230101274655805,32901.322655936514,0.0,75,14.999999999992935,9.0
22.679999999818058,18.215949598764297,18.22653245814159,32888.442059321205,0.0,75,14.999999999992935,9.0
22.6999999998173,18.21378323049862,18.207729240988705,32820.619007202346,0.0,75,14.999999999992935,8.999999999999996
22.719999999816544,18.219027235133797,18.21779973911999,32856.93450613336,0.0,75,14.999999999992935,9.0
22.739999999815787,18.218662533732275,18.233594660905936,32913.933451563535,0.0,75,14.999999999992935,9.0
22.75999999981503,18.212073691148444,18.209958518138567,32828.65633400041,0.0,75,14.999999999992935,9.0
22.779999999814272,18.21599877631869,18.20910534472604,32825.58022807772,0.0,75,14.999999999992935,9.0
22.799999999813515,18.218876409240526,18.22685066976959,32889.590448469935,0.0,75,14.999999999992935,9.0
22.819999999812758,18.21388976968518,18.219954724496322,32864.70826610689,0.0,75,14.999999999992935,9.0
22.839999999812,18.21290389048505,18.205178874902746,32811.4252488533,0.0,75,14.999999999992935,8.999999999999996
22.859999999811244,18.217100296580686,18.21332481145495,32840.794868068486,0.0,75,14.999999999992935,9.0
22.879999999810487,18.21647812686637,18.226518984157853,32888.393433706784,0.0,75,14.999999999992935,8.999999999999996
22.89999999980973,18.210870590281484,18.205111309662794,32811.18170192399,0.0,75,14.999999999992935,8.999999999999996
22.919999999808972,18.21441971429468,18.203355697358457,32804.85370581071,0.0,75,14.999999999992935,9.0
22.939999999808215,18.216803186703245,18.220753734316855,32867.590798015524,0.0,75,14.999999999992935,8.999999999999996
22.959999999807458,18.211864830089965,18.211886510163446,32835.60821564826,0.0,75,14.999999999992935,9.0
22.9799999998067,18.211632315009208,18.199884075244665,32792.34225488209,0.0,75,14.999999999992935,9.0
22.999999999805944,18.214980503449855,18.207270394505624,32818.96482664545,0.0,75,14.999999999992935,9.0
23.019999999805187,18.214190710431538,18.2183825190993,32859.03669961007,0.0,75,14.999999999992935,9.0
23.03999999980443,18.209550983428336,18.200053960863794,32792.954453657025,0.0,75,14.999999999992935,8.999999999999996
23.059999999803672,18.21238327720201,18.19680091246779,32781.232781350875,0.0,75,14.999999999992935,9.0
23.079999999802915,18.214555554670202,18.21454585099334,32845.19837523593,0.0,75,14.999999999992935,9.0
23.099999999802158,18.20971500495293,18.204997031831308,32810.76977596968,0.0,75,14.999999999992935,9.0
23.1199999998014,18.20979267866235,18.19423786508967,32771.998857654806,0.0,75,14.999999999992935,9.0
23.139999999800644,18.212576955504442,18.202146544894774,32800.49574534064,0.0,75,14.999999999992935,8.999999999999996
23.159999999799886,18.211629550022188,18.211636270899984,32834.70587069242,0.0,75,14.999999999992935,9.0
23.17999999979913,18.20780362357132,18.196250902704627,32779.251144503716,0.0,75,14.999999999992935,9.0
23.199999999798372,18.209808067612713,18.191591899581514,32762.467568251057,0.0,75,14.999999999992935,9.0
23.219999999797615,18.211850082664924,18.209397529901253,32826.633681795414,0.0,75,14.999999999992935,9.0
23.239999999796858,18.20715680568574,18.2002631829598,32793.70841297119,0.0,75,14.999999999992935,8.999999999999996
23.2599999997961,18.20741206471973,18.190112502518687,32757.13909257436,0.0,75,14.999999999992935,8.999999999999996
23.279999999795344,18.209987278606842,18.19914814394135,32789.69032334727,0.0,75,14.999999999992935,9.0
23.299999999794586,18.208623256066982,18.20700509360262,32818.00841336869,0.0,75,14.999999999992935,8.999999999999996
23.31999999979383,18.2058364328721,18.196606716626885,32780.533103959475,0.0,75,14.999999999992935,9.0
23.339999999793072,18.207740105101294,18.19382342657111,32770.505876847514,0.0,75,14.999999999992935,8.999999999999996
23.359999999792315,18.20954988332798,18.21145900353311,32834.066664699356,0.0,75,14.999999999992935,9.0
23.379999999791558,18.205150726387277,18.20442431360655,32808.705394393095,0.0,75,14.999999999992935,9.0
23.3999999997908,18.205839690094372,18.196660390912307,32780.726488837485,0.0,75,14.999999999992935,9.0
23.419999999790043,18.208383347904824,18.20766643410538,32820.39258058913,0.0,75,14.999999999992935,9.0
23.439999999789286,18.206212497377372,18.21183191283596,32835.41134051765,0.0,75,14.999999999992935,9.0
23.45999999978853,18.2041325441938,18.202056257476375,32800.17034803315,0.0,75,14.999999999992935,9.0
23.479999999787772,18.205945241370017,18.19990996929406,32792.43556615051,0.0,75,14.999999999992935,9.0
23.499999999787015,18.207080995744924,18.21453965242647,32845.176020231804,0.0,75,14.999999999992935,9.0
23.519999999786258,18.202818582629842,18.20552920745206,32812.68807861561,0.0,75,14.999999999992935,9.0
23.5399999997855,18.20355591774487,18.196463901317,32780.01855268134,0.0,75,14.999999999992935,9.0
23.559999999784743,18.205983117155302,18.20864942529934,32823.93647545194,0.0,75,14.999999999992935,9.0
23.579999999783986,18.203254397496632,18.209561848275097,32827.226127909424,0.0,75,14.999999999992935,8.999999999999996
23.59999999978323,18.201754107611265,18.199122390770746,32789.59752363105,0.0,75,14.999999999992935,8.999999999999996
23.619999999782472,18.203586470293025,18.19879677972474,32788.42421874224,0.0,75,14.999999999992935,9.0
23.639999999781715,18.20428310181172,18.212012849777878,32836.06379200698,0.0,75,14.999999999992935,9.0
23.659999999780958,18.20059210076665,18.202940870675086,32803.35857778805,0.0,75,14.999999999992935,9.0
23.6799999997802,18.201190966247424,18.192920574372152,32767.25354351593,0.0,75,14.999999999992935,8.999999999999996
23.699999999779443,18.203459191533824,18.20581780125327,32813.72837943062,0.0,75,14.999999999992935,9.0
23.719999999778686,18.200423255201194,18.204401551298716,32808.623348251786,0.0,75,14.999999999992935,9.0
23.73999999977793,18.19928684329881,18.192793877722554,32766.797158652607,0.0,75,14.999999999992935,8.999999999999996
23.759999999777172,18.201003505584485,18.193582612587075,32769.63837982205,0.0,75,14.999999999992935,9.0
23.779999999776415,18.201182523946123,18.204474455692505,32808.88613058813,0.0,75,14.999999999992935,9.0
23.799999999775657,18.198070358357555,18.19541045298797,32776.22319371768,0.0,75,14.999999999992935,8.999999999999996
23.8199999997749,18.19846960884685,18.185184270530204,32739.39176836078,0.0,75,14.999999999992935,9.0
23.839999999774143,18.200587987573858,18.19882026641613,32788.50884984252,0.0,75,14.999999999992935,8.999999999999996
23.859999999773386,18.197513463836668,18.196557548382696,32780.35595454871,0.0,75,14.999999999992935,8.999999999999996
23.87999999977263,18.1965957220477,18.184513318428852,32736.975938183514,0.0,75,14.999999999992935,9.0
23.89999999977187,18.198237928320232,18.187388903167353,32747.33039639044,0.0,75,14.999999999992935,9.0
23.919999999771115,18.19799550196459,18.19663342018603,32780.62931503448,0.0,75,14.999999999992935,9.0
23.939999999770357,18.195331584932116,18.187665869725244,32748.32778908807,0.0,75,14.999999999992935,8.999999999999996
23.9599999997696,18.19549035440789,18.177751750177027,32712.635210415334,0.0,75,14.999999999992935,9.0
23.979999999768843,18.197418141762665,18.19173207859941,32762.97248593474,0.0,75,14.999999999992935,9.0
23.999999999768086,18.194435625617498,18.189180676196635,32753.783073461185,0.0,75,14.999999999992935,9.0
24.01999999976733,18.193448261589356,18.176343428403786,32707.566582300475,0.0,75,14.999999999992935,9.0
24.03999999976657,18.1950638461405,18.181583736323038,32726.428728931714,0.0,75,14.999999999992935,9.0
24.059999999765814,18.194511364977608,18.18988696005798,32756.326774349047,0.0,75,14.999999999992935,9.0
24.079999999765057,18.192190689354618,18.181355803998464,32725.608188287275,0.0,75,14.999999999992935,9.0
24.0999999997643,18.192225368310382,18.173135388369513,32696.022134556824,0.0,75,14.999999999992935,9.0
24.119999999763543,18.194045570705388,18.187867091027197,32749.052422766126,0.0,75,14.999999999992935,8.999999999999996
24.139999999762786,18.191327229614735,18.186101464770868,32742.69436220716,0.0,75,14.999999999992935,8.999999999999996
24.15999999976203,18.19010927853474,18.172777332022864,32694.73375996912,0.0,75,14.999999999992935,9.0
24.17999999976127,18.191788889588487,18.18039190247276,32722.138323022213,0.0,75,14.999999999992935,9.0
24.199999999760514,18.190975674340727,18.18786474481812,32749.043973604,0.0,75,14.999999999992935,9.0
24.219999999759757,18.188789633868403,18.17884696774386,32716.57723058836,0.0,75,14.999999999992935,9.0
24.239999999759,18.188758118683776,18.172316542613586,32693.07576396979,0.0,75,14.999999999992935,9.0
24.259999999758243,18.19043057810398,18.186996143900487,32745.916045086862,0.0,75,14.999999999992935,9.0
24.279999999757486,18.18796854845287,18.185433932775226,32740.290725009927,0.0,75,14.999999999992935,9.0
24.29999999975673,18.186430260226825,18.171454359338373,32689.973599818237,0.0,75,14.999999999992935,9.0
24.31999999975597,18.18828267669204,18.181247747823242,32725.21919710503,0.0,75,14.999999999992935,8.999999999999996
24.339999999755214,18.187330091942027,18.18822204453149,32750.330692976946,0.0,75,14.999999999992935,9.0
24.359999999754457,18.185132544887924,18.17806229149593,32713.75291867712,0.0,75,14.999999999992935,9.0
24.3799999997537,18.185192561141765,18.173588419250912,32697.65228720076,0.0,75,14.999999999992935,9.0
24.399999999752943,18.186761445485615,18.187998054000957,32749.524048021918,0.0,75,14.999999999992935,9.0
24.419999999752186,18.18444444239806,18.185910424695273,32742.00645952898,0.0,75,14.999999999992935,9.0
24.43999999975143,18.1826575460302,18.1712458059331,32689.22323982449,0.0,75,14.999999999992935,9.0
24.45999999975067,18.184735655980077,18.182536612874113,32729.859130172255,0.0,75,14.999999999992935,9.0
24.479999999749914,18.18371244447484,18.18881247179486,32752.45701427791,0.0,75,14.999999999992935,9.0
24.499999999749157,18.18132061497268,18.17649544410279,32708.11367631946,0.0,75,14.999999999992935,9.0
24.5199999997484,18.181597255491713,18.173930481342175,32698.883164925166,0.0,75,14.999999999992935,9.0
24.539999999747643,18.183080236838073,18.18773775448699,32748.58665797315,0.0,75,14.999999999992935,9.0
24.559999999746886,18.18078244455058,18.18431635693908,32736.266775554977,0.0,75,14.999999999992935,9.0
24.57999999974613,18.178891812584183,18.16942959455807,32682.689007368663,0.0,75,14.999999999992935,9.0
24.59999999974537,18.181250989285868,18.181956911943164,32727.772157628024,0.0,75,14.999999999992935,9.0
24.619999999744614,18.180235825337455,18.187654623407,32748.28728933345,0.0,75,14.999999999992935,8.999999999999996
24.639999999743857,18.177525299027582,18.172848952319406,32694.991465337822,0.0,75,14.999999999992935,8.999999999999996
24.6599999997431,18.178150428830573,18.172296521488203,32693.00372562432,0.0,75,14.999999999992935,8.999999999999996
24.679999999742343,18.179554094653565,18.18542737016496,32740.267094918938,0.0,75,14.999999999992935,9.0
24.699999999741586,18.177117466223958,18.17986053363579,32720.22557322237,0.0,75,14.999999999992935,9.0
24.71999999974083,18.17524688442928,18.16518734039866,32667.4290800662,0.0,75,14.999999999992935,9.0
24.73999999974007,18.177868788310132,18.17859941625979,32715.686196947237,0.0,75,14.999999999992935,9.0
24.759999999739314,18.176854558733726,18.18350982558436,32733.362928135168,0.0,75,14.999999999992935,9.0
24.779999999738557,18.173736506515787,18.16627144936642,32671.328418834488,0.0,75,14.999999999992935,9.0
24.7999999997378,18.174817381513126,18.167989108252456,32677.506995520405,0.0,75,14.999999999992935,9.0
24.819999999737043,18.176148082844335,18.180747481926392,32723.418321155714,0.0,75,14.999999999992935,9.0
24.839999999736285,18.173426986824104,18.172678289484658,32694.377385097596,0.0,75,14.999999999992935,9.0
24.85999999973553,18.17172935309126,18.159077006424134,32645.455694798915,0.0,75,14.999999999992935,8.999999999999996
24.87999999973477,18.17458789503719,18.173457337854,32697.18060946914,0.0,75,14.999999999992935,9.0
24.899999999734014,18.173455987680857,18.177326078009315,32711.103151281473,0.0,75,14.999999999992935,9.0
24.919999999733257,18.169968859160846,18.15824238571241,32642.454887289987,0.0,75,14.999999999992935,9.0
24.9399999997325,18.171566307168153,18.162463534789726,32657.633083604083,0.0,75,14.999999999992935,9.0
24.959999999731743,18.172794282701137,18.17509150063572,32703.06115459158,0.0,75,14.999999999992935,8.999999999999996
24.979999999730985,18.169629502849283,18.164225332953883,32663.969112686034,0.0,75,14.999999999992935,9.0
24.99999999973023,18.16824408727274,18.15245328662728,32621.644471995358,0.0,75,14.999999999992935,8.999999999999996
25.01999999972947,18.171285123128694,18.167919166152757,32677.255395958207,0.0,75,14.999999999992935,9.0
25.039999999728714,18.16985227087676,18.170336224802863,32685.95073371592,0.0,75,14.999999999992935,8.999999999999996
25.059999999727957,18.16613230864606,18.150316537200148,32613.96504965555,0.0,75,14.999999999992935,9.0
25.0799999997272,18.168287751018454,18.15734678686493,32639.234991508936,0.0,75,14.999999999992935,8.999999999999996
25.099999999726442,18.169381461625033,18.17008410265681,32685.043673464545,0.0,75,14.999999999992935,9.0
25.119999999725685,18.165657868529106,18.156394202753646,32635.810394132837,0.0,75,14.999999999992935,9.0
25.139999999724928,18.164727584924766,18.147152626409635,32602.59569617441,0.0,75,14.999999999992935,9.0
25.15999999972417,18.16789197718799,18.16380084924394,32662.442467808483,0.0,75,14.999999999992935,8.999999999999996
25.179999999723414,18.16598614141499,18.164192490782316,32663.850995377077,0.0,75,14.999999999992935,9.0
25.199999999722657,18.16219083378679,18.144053073244603,32591.459530546974,0.0,75,14.999999999992935,9.0
25.2199999997219,18.164899254938835,18.153912657425597,32626.889932570288,0.0,75,14.999999999992935,9.0
25.239999999721142,18.16579607113149,18.16655937903061,32672.364087512655,0.0,75,14.999999999992935,9.0
25.259999999720385,18.161454738086327,18.15009576163862,32613.171639508568,0.0,75,14.999999999992935,9.0
25.279999999719628,18.161112243790416,18.143846413356947,32590.717104477088,0.0,75,14.999999999992935,9.0
25.29999999971887,18.16434578151493,18.161659653980028,32654.74225731359,0.0,75,14.999999999992935,9.0
25.319999999718114,18.16182788957497,18.15941989004154,32646.688543540797,0.0,75,14.999999999992935,9.0
25.339999999717357,18.158149540466354,18.13991455613132,32576.593510270737,0.0,75,14.999999999992935,8.999999999999996
25.3599999997166,18.1613897698402,18.152494958753763,32621.794249530496,0.0,75,14.999999999992935,9.0
25.379999999715842,18.16198267365447,18.164442471196963,32664.75005865298,0.0,75,14.999999999992935,9.0
25.399999999715085,18.15706889061859,18.145453587919786,32596.49110522375,0.0,75,14.999999999992935,9.0
25.419999999714328,18.15742233711903,18.14237548498241,32585.433035570964,0.0,75,14.999999999992935,8.999999999999996
25.43999999971357,18.16066380731465,18.161089391909893,32652.691622193262,0.0,75,14.999999999992935,9.0
25.459999999712814,18.15741945919759,18.155560091692784,32632.811862063703,0.0,75,14.999999999992935,9.0
25.479999999712057,18.154055429177117,18.137221879900984,32566.92293455514,0.0,75,14.999999999992935,9.0
25.4999999997113,18.157785954313738,18.152234667605075,32620.85871935255,0.0,75,14.999999999992935,9.0
25.519999999710542,18.15788877020998,18.162554442519433,32657.960003870743,0.0,75,14.999999999992935,8.999999999999996
25.539999999709785,18.152582650620353,18.141496139527874,32582.27433586997,0.0,75,14.999999999992935,9.0
25.559999999709028,18.153713986006927,18.141634086575703,32582.76984578934,0.0,75,14.999999999992935,9.0
25.57999999970827,18.15689788273625,18.160862969121148,32651.87743453638,0.0,75,14.999999999992935,9.0
25.599999999707514,18.15285896430036,18.151602397665947,32618.586290692263,0.0,75,14.999999999992935,9.0
25.619999999706756,18.150002364626616,18.13489037326675,32558.550636189888,0.0,75,14.999999999992935,8.999999999999996
25.639999999706,18.15416640398222,18.15201775668434,32620.079115259377,0.0,75,14.999999999992935,9.0
25.659999999705242,18.153606347412044,18.159760420055022,32647.912952865896,0.0,75,14.999999999992935,9.0
25.679999999704485,18.148112045118815,18.13718379041734,32566.786148890358,0.0,75,14.999999999992935,8.999999999999996
25.699999999703728,18.150059652729112,18.140470440301893,32578.59011175121,0.0,75,14.999999999992935,9.0
25.71999999970297,18.153091426050196,18.159647030074353,32647.505245431938,0.0,75,14.999999999992935,9.0
25.739999999702214,18.148241978406944,18.14652481815359,32600.339934610558,0.0,75,14.999999999992935,9.0
25.759999999701456,18.14605933300655,18.131862799372875,32547.6804089529,0.0,75,14.999999999992935,8.999999999999996
25.7799999997007,18.150582605933213,18.15084146392293,32615.851538997926,0.0,75,14.999999999992935,9.0
25.799999999699942,18.149214042023697,18.15527382535223,32631.782799678458,0.0,75,14.999999999992935,9.0
25.819999999699185,18.143750554022002,18.131883665828028,32547.755321841,0.0,75,14.999999999992935,9.0
25.839999999698428,18.146510694318206,18.138298764730717,32570.790325784554,0.0,75,14.999999999992935,9.0
25.85999999969767,18.149246217375325,18.156727314439838,32637.00793032164,0.0,75,14.999999999992935,9.0
25.879999999696913,18.14365668673154,18.14008936068762,32577.22135935949,0.0,75,14.999999999992935,9.0
25.899999999696156,18.14227327809514,18.127909035263137,32533.48751308671,0.0,75,14.999999999992935,9.0
25.9199999996954,18.147057638851212,18.148505485273994,32607.45688355299,0.0,75,14.999999999992935,8.999999999999996
25.939999999694642,18.144764360986333,18.14918161811839,32609.886547337203,0.0,75,14.999999999992935,9.0
25.959999999693885,18.139547528992793,18.125740868241742,32525.705720242244,0.0,75,14.999999999992935,9.0
25.979999999693128,18.143071650954315,18.135287221413137,32559.975617711912,0.0,75,14.999999999992935,9.0
25.99999999969237,18.14528343256251,18.15218085027636,32620.665292492835,0.0,75,14.999999999992935,9.0
26.019999999691613,18.13914892259944,18.132772302073448,32550.94570452536,0.0,75,14.999999999992935,9.0
26.039999999690856,18.13864346198214,18.123509126231315,32517.69672181039,0.0,75,14.999999999992935,9.0
26.0599999996901,18.143567978716007,18.145463778048445,32596.52771632634,0.0,75,14.999999999992935,9.0
26.079999999689342,18.140290325701294,18.142321676670054,32585.23974615744,0.0,75,14.999999999992935,9.0
26.099999999688585,18.135517233034005,18.119600033103556,32503.670630604993,0.0,75,14.999999999992935,9.0
26.119999999687828,18.13972604441156,18.132281519674677,32549.183677764846,0.0,75,14.999999999992935,9.0
26.13999999968707,18.14120922937021,18.14696598071309,32601.925056210664,0.0,75,14.999999999992935,9.0
26.159999999686313,18.134755479804177,18.12565633604151,32525.402343615886,0.0,75,14.999999999992935,9.0
26.179999999685556,18.1351537107894,18.119638692847705,32503.809329575026,0.0,75,14.999999999992935,9.0
26.1999999996848,18.14006589297919,18.142462841311186,32585.74683688736,0.0,75,14.999999999992935,9.0
26.219999999684042,18.135831971364407,18.13583513849563,32561.943100898574,0.0,75,14.999999999992935,8.999999999999996
26.239999999683285,18.131660462531766,18.11446636186153,32485.255265926266,0.0,75,14.999999999992935,8.999999999999996
26.259999999682528,18.13644609121622,18.130159176931247,32541.564506305553,0.0,75,14.999999999992935,8.999999999999996
26.27999999968177,18.13705890630035,18.14220317167673,32584.814056317326,0.0,75,14.999999999992935,9.0
26.299999999681013,18.130518338658643,18.119804216910442,32504.40318105738,0.0,75,14.999999999992935,9.0
26.319999999680256,18.131793706961336,18.117169635876717,32494.951725898183,0.0,75,14.999999999992935,8.999999999999996
26.3399999996795,18.136473324590117,18.140052762700044,32577.08990912061,0.0,75,14.999999999992935,9.0
26.35999999967874,18.131469956227246,18.13069322137962,32543.481632090305,0.0,75,14.999999999992935,9.0
26.379999999677985,18.12799736572588,18.111061837585655,32473.045527600283,0.0,75,14.999999999992935,8.999999999999996
26.399999999677227,18.133216673603506,18.12934681825551,32538.648389602527,0.0,75,14.999999999992935,9.0
26.41999999967647,18.132912883364657,18.13866467363963,32572.104458131475,0.0,75,14.999999999992935,8.999999999999996
26.439999999675713,18.126492934815204,18.115738619071752,32489.818585738245,0.0,75,14.999999999992935,9.0
26.459999999674956,18.128555911833356,18.1162829172684,32491.77096711256,0.0,75,14.999999999992935,8.999999999999996
26.4799999996742,18.132789094570686,18.13836389373403,32571.024229409904,0.0,75,14.999999999992935,8.999999999999996
26.49999999967344,18.12728505566877,18.127046665170592,32530.392259325945,0.0,75,14.999999999992935,8.999999999999996
26.519999999672685,18.124525303366777,18.109189529996844,32466.33179790138,0.0,75,14.999999999992935,9.0
26.539999999671927,18.129983651357648,18.129183147272567,32538.060877147796,0.0,75,14.999999999992935,8.999999999999996
26.55999999967117,18.12883772037486,18.136071576937884,32562.792132137605,0.0,75,14.999999999992935,9.0
26.579999999670413,18.12267725343716,18.112829111819426,32479.38326496336,0.0,75,14.999999999992935,9.0
26.599999999669656,18.125363664602926,18.11593103596854,32490.50877269685,0.0,75,14.999999999992935,9.0
26.6199999996689,18.129022313054033,18.136587569582474,32564.645058244205,0.0,75,14.999999999992935,8.999999999999996
26.63999999966814,18.123227270089338,18.12365185734505,32518.20890797842,0.0,75,14.999999999992935,9.0
26.659999999667384,18.121117067491742,18.10730339473036,32459.569186652545,0.0,75,14.999999999992935,9.0
26.679999999666627,18.126544971019026,18.127730432905526,32532.84645416083,0.0,75,14.999999999992935,9.0
26.69999999966587,18.12472355949377,18.132529587984482,32550.074296654122,0.0,75,14.999999999992935,8.999999999999996
26.719999999665113,18.118884307443793,18.10897918172639,32465.577573415765,0.0,75,14.999999999992935,8.999999999999996
26.739999999664356,18.122000883864086,18.113830106948782,32482.973273197007,0.0,75,14.999999999992935,9.0
26.7599999996636,18.12501838087595,18.13268251638633,32550.62334876618,0.0,75,14.999999999992935,9.0
26.77999999966284,18.119045187970222,18.118124704678102,32498.377838612414,0.0,75,14.999999999992935,8.999999999999996
26.799999999662084,18.11752162034353,18.103225365840384,32444.95009599425,0.0,75,14.999999999992935,8.999999999999996
26.819999999661327,18.122726937790443,18.12326771847484,32516.83044675571,0.0,75,14.999999999992935,9.0
26.83999999966057,18.120337844153557,18.126034114424836,32526.758159011988,0.0,75,14.999999999992935,8.999999999999996
26.859999999659813,18.114873721345408,18.102547962839466,32442.522031943416,0.0,75,14.999999999992935,8.999999999999996
26.879999999659056,18.118294622816833,18.108878637696833,32465.21706596844,0.0,75,14.999999999992935,9.0
26.8999999996583,18.12066150226782,18.125936158272488,32526.406599763228,0.0,75,14.999999999992935,9.0
26.91999999965754,18.114587983200206,18.11000269047423,32469.2475474494,0.0,75,14.999999999992935,9.0
26.939999999656784,18.1136378696649,18.097075925239082,32422.911547342926,0.0,75,14.999999999992935,9.0
26.959999999656027,18.118555852167724,18.116776067115417,32493.53993153459,0.0,75,14.999999999992935,9.0
26.97999999965527,18.115655935648793,18.11765856095973,32496.705621420217,0.0,75,14.999999999992935,9.0
26.999999999654513,18.110624444348318,18.09493609162954,32415.244503855552,0.0,75,14.999999999992935,8.999999999999996
27.019999999653756,18.114285770911312,18.10296810816472,32444.027978197668,0.0,75,14.999999999992935,9.0
27.039999999653,18.116030274035406,18.118553258941255,32499.91524751197,0.0,75,14.999999999992935,8.999999999999996
27.05999999965224,18.10992105340954,18.101673163406787,32439.386560165345,0.0,75,14.999999999992935,9.0
27.079999999651484,18.109526770703557,18.091200100058877,32401.86058497666,0.0,75,14.999999999992935,9.0
27.099999999650727,18.114129292899328,18.11079725997814,32472.09676181113,0.0,75,14.999999999992935,9.0
27.11999999964997,18.110763578836405,18.10999334604967,32469.214040402356,0.0,75,14.999999999992935,8.999999999999996
27.139999999649213,18.106194605474773,18.088509778985305,32392.224416420253,0.0,75,14.999999999992935,9.0
27.159999999648456,18.110027058780226,18.0982837471738,32427.2395847283,0.0,75,14.999999999992935,8.999999999999996
27.1799999996477,18.111184682930517,18.112606470153597,32478.584801122346,0.0,75,14.999999999992935,9.0
27.19999999964694,18.1051003331682,18.09511057812611,32415.86965662653,0.0,75,14.999999999992935,9.0
27.219999999646184,18.10522580143819,18.0872156781366,32387.589727755614,0.0,75,14.999999999992935,9.0
27.239999999645427,18.109486289296427,18.106724052053,32457.49213382227,0.0,75,14.999999999992935,9.0
27.25999999964467,18.10570929537393,18.10433960508964,32448.944141105294,0.0,75,14.999999999992935,8.999999999999996
27.279999999643913,18.101623806518152,18.084324114299548,32377.23508843258,0.0,75,14.999999999992935,9.0
27.299999999643155,18.105565685280343,18.095625926228948,32417.716088538906,0.0,75,14.999999999992935,8.999999999999996
27.3199999996424,18.106170833953637,18.108662420067454,32464.441809752345,0.0,75,14.999999999992935,8.999999999999996
27.33999999964164,18.10017644494266,18.090728216279256,32400.17029213296,0.0,75,14.999999999992935,9.0
27.359999999640884,18.100783106670345,18.085259276792904,32380.583707773556,0.0,75,14.999999999992935,9.0
27.379999999640127,18.10468382924934,18.104469211221097,32449.4087365852,0.0,75,14.999999999992935,8.999999999999996
27.39999999963937,18.100559184739705,18.100470841445095,32435.077423518393,0.0,75,14.999999999992935,8.999999999999996
27.419999999638613,18.096974522972257,18.08194167242476,32368.704849852147,0.0,75,14.999999999992935,9.0
27.439999999637855,18.100977199251517,18.094392474137056,32413.296861802668,0.0,75,14.999999999992935,9.0
27.4599999996371,18.101069816376807,18.105963074415623,32454.763986358103,0.0,75,14.999999999992935,9.0
27.47999999963634,18.095231590789233,18.087647129322676,32389.134888814588,0.0,75,14.999999999992935,9.0
27.499999999635584,18.09628256284772,18.084287610502187,32377.104379556928,0.0,75,14.999999999992935,9.0
27.519999999634827,18.09981886945562,18.102903597404445,32443.796747034965,0.0,75,14.999999999992935,9.0
27.53999999963407,18.095416059500113,18.0972143223125,32423.407456543555,0.0,75,14.999999999992935,9.0
27.559999999633312,18.09234327514585,18.080078397544487,32362.034251274126,0.0,75,14.999999999992935,9.0
27.579999999632555,18.09636732433441,18.09325890233433,32409.23575298315,0.0,75,14.999999999992935,9.0
27.599999999631798,18.09598974935394,18.103157377397395,32444.706396050955,0.0,75,14.999999999992935,9.0
27.61999999963104,18.090367006797536,18.084487332322812,32377.81952522148,0.0,75,14.999999999992935,9.0
27.639999999630284,18.091822379579792,18.082876874587377,32372.05317008721,0.0,75,14.999999999992935,9.0
27.659999999629527,18.09499519783035,18.1006356003215,32435.66790442698,0.0,75,14.999999999992935,9.0
27.67999999962877,18.09038067013162,18.093233334219917,32409.144156166152,0.0,75,14.999999999992935,9.0
27.699999999628012,18.087820129338848,18.07740589074332,32352.467770129453,0.0,75,14.999999999992935,9.0
27.719999999627255,18.09182916546064,18.090981753953326,32401.07846136534,0.0,75,14.999999999992935,9.0
27.739999999626498,18.09102047209065,18.099091901513358,32430.135638283216,0.0,75,14.999999999992935,9.0
27.75999999962574,18.0856603153547,18.080169850051753,32362.36163886532,0.0,75,14.999999999992935,9.0
27.779999999624984,18.08747288071486,18.080032180216065,32361.868800127202,0.0,75,14.999999999992935,9.0
27.799999999624227,18.090285100865945,18.0968017940575,32421.929282166875,0.0,75,14.999999999992935,9.0
27.81999999962347,18.08551585273725,18.08778953348509,32389.644890557625,0.0,75,14.999999999992935,9.0
27.839999999622712,18.083454680553963,18.073275555490092,32337.685641162894,0.0,75,14.999999999992935,9.0
27.859999999621955,18.087410555310033,18.087061756708366,32387.038496107245,0.0,75,14.999999999992935,9.0
27.879999999621198,18.086201753984273,18.093400923337573,32409.744540290663,0.0,75,14.999999999992935,9.0
27.89999999962044,18.08113565578819,18.07443572167399,32341.83743903555,0.0,75,14.999999999992935,9.0
27.919999999619684,18.08324916245385,18.07562853750861,32346.106355573556,0.0,75,14.999999999992935,8.999999999999996
27.939999999618927,18.085703175107216,18.091417554500854,32402.639523998863,0.0,75,14.999999999992935,9.0
27.95999999961817,18.080825156388272,18.08102585889981,32365.426114910162,0.0,75,14.999999999992935,9.0
27.979999999617412,18.079239082809327,18.067932927185826,32318.569825867293,0.0,75,14.999999999992935,9.0
27.999999999616655,18.083102300492182,18.081888598061088,32368.51483199647,0.0,75,14.999999999992935,9.0
28.019999999615898,18.08151780047047,18.086590907074683,32385.352293347783,0.0,75,14.999999999992935,9.0
28.03999999961514,18.076764074347338,18.0678728194893,32318.354793902778,0.0,75,14.999999999992935,9.0
28.059999999614384,18.079121257410947,18.07036334784615,32327.265120794957,0.0,75,14.999999999992935,8.999999999999996
28.079999999613626,18.081215255934197,18.085262862771003,32380.596548736874,0.0,75,14.999999999992935,9.0
28.09999999961287,18.076265877326165,18.07378886799898,32339.52256045539,0.0,75,14.999999999992935,9.0
28.119999999612112,18.075123115161674,18.06226448495888,32298.29443413607,0.0,75,14.999999999992935,8.999999999999996
28.139999999611355,18.078855636608065,18.076415235467636,32348.9219887396,0.0,75,14.999999999992935,9.0
28.159999999610598,18.07691725446977,18.079656722469572,32360.524733031583,0.0,75,14.999999999992935,9.0
28.17999999960984,18.07248581220576,18.061479805950132,32295.4882252937,0.0,75,14.999999999992935,9.0
28.199999999609084,18.075032990170385,18.065264112372052,32309.022977526,0.0,75,14.999999999992935,9.0
28.219999999608326,18.07676579558089,18.079366858532364,32359.48709453444,0.0,75,14.999999999992935,9.0
28.23999999960757,18.071779433239985,18.067095531831683,32315.57415467689,0.0,75,14.999999999992935,8.999999999999996
28.259999999606812,18.07104645302355,18.05724714596523,32280.35327455648,0.0,75,14.999999999992935,9.0
28.279999999606055,18.07461659651372,18.071599994337372,32331.689909178116,0.0,75,14.999999999992935,9.0
28.299999999605298,18.072349003350155,18.073524221159776,32338.57549951206,0.0,75,14.999999999992935,9.0
28.31999999960454,18.068246360303437,18.05610858993926,32276.28268375614,0.0,75,14.999999999992935,8.999999999999996
28.339999999603783,18.070937172944888,18.061129792161726,32294.236527561876,0.0,75,14.999999999992935,9.0
28.359999999603026,18.07231259418919,18.07446019019343,32341.925005521814,0.0,75,14.999999999992935,8.999999999999996
28.37999999960227,18.067324269320093,18.06159771331006,32295.909883787273,0.0,75,14.999999999992935,9.0
28.399999999601512,18.06696962768101,18.05342872511112,32266.702584534058,0.0,75,14.999999999992935,8.999999999999996
28.419999999600755,18.070355117945972,18.067914271164682,32318.503084905482,0.0,75,14.999999999992935,9.0
28.439999999599998,18.067789000469947,18.068590075603275,32320.920784698726,0.0,75,14.999999999992935,9.0
28.45999999959924,18.06402137318939,18.052043005169082,32261.749409386925,0.0,75,14.999999999992935,9.0
28.479999999598483,18.06681881642174,18.058157476956467,32283.6080947933,0.0,75,14.999999999992935,8.999999999999996
28.499999999597726,18.067848003463155,18.070654238944073,32328.305917723254,0.0,75,14.999999999992935,8.999999999999996
28.51999999959697,18.062894698254784,18.05731294258304,32280.5885199313,0.0,75,14.999999999992935,8.999999999999996
28.539999999596212,18.062890575758296,18.050714833487103,32257.002293987258,0.0,75,14.999999999992935,9.0
28.559999999595455,18.06607884751698,18.065185893874144,32308.743196642707,0.0,75,14.999999999992935,9.0
28.579999999594698,18.063250284142796,18.064613559397017,32306.69604198471,0.0,75,14.999999999992935,9.0
28.59999999959394,18.05982336406263,18.04894020223864,32250.659999974636,0.0,75,14.999999999992935,9.0
28.619999999593183,18.062698542878003,18.055935095224214,32275.662424131984,0.0,75,14.999999999992935,8.999999999999996
28.639999999592426,18.063398317749982,18.067479067969295,32316.94618727935,0.0,75,14.999999999992935,9.0
28.65999999959167,18.058516810714632,18.05370582481824,32267.693106898536,0.0,75,14.999999999992935,9.0
28.679999999590912,18.058837886187018,18.04849965023134,32249.08562281566,0.0,75,14.999999999992935,8.999999999999996
28.699999999590155,18.06182381576823,18.06277844093851,32300.13253563686,0.0,75,14.999999999992935,9.0
28.719999999589398,18.05877171864627,18.06093890374626,32293.55389440065,0.0,75,14.999999999992935,9.0
28.73999999958864,18.055689051418987,18.046098491595846,32240.50540606941,0.0,75,14.999999999992935,9.0
28.759999999587883,18.058618661505793,18.05375512680924,32267.8693437003,0.0,75,14.999999999992935,9.0
28.779999999587126,18.05901158292852,18.06424753892303,32305.386875601187,0.0,75,14.999999999992935,9.0
28.79999999958637,18.054236987252153,18.05009254620101,32254.77825171571,0.0,75,14.999999999992935,9.0
28.81999999958561,18.054858002969496,18.046098921659805,32240.506942742788,0.0,75,14.999999999992935,9.0
28.839999999584855,18.05764226076616,18.060057692910938,32290.40270325588,0.0,75,14.999999999992935,9.0
28.859999999584097,18.054408685706065,18.056991181153276,32279.43812110847,0.0,75,14.999999999992935,9.0
28.87999999958334,18.051669075963773,18.042959172228255,32229.289193378874,0.0,75,14.999999999992935,9.0
28.899999999582583,18.05462903956337,18.05109217798129,32258.35095297975,0.0,75,14.999999999992935,9.0
28.919999999581826,18.05473906397938,18.06049540088128,32291.96791840013,0.0,75,14.999999999992935,9.0
28.93999999958107,18.050099431741057,18.04604081682684,32240.29932709545,0.0,75,14.999999999992935,9.0
28.95999999958031,18.050987202767118,18.043093343297794,32229.768522100763,0.0,75,14.999999999992935,9.0
28.979999999579555,18.05356917662031,18.056640112187125,32278.182961963463,0.0,75,14.999999999992935,9.0
28.999999999578797,18.050190030411716,18.052427730589624,32263.124549847966,0.0,75,14.999999999992935,9.0
29.01999999957804,18.047784070498047,18.039207106219884,32215.8863090883,0.0,75,14.999999999992935,9.0
29.039999999577283,18.05074693035653,18.047678806781963,32246.15232096392,0.0,75,14.999999999992935,9.0
29.059999999576526,18.05059409960778,18.056010036489518,32275.930345343208,0.0,75,14.999999999992935,9.0
29.07999999957577,18.046109510727078,18.041387061121327,32223.673061830406,0.0,75,14.999999999992935,9.0
29.09999999957501,18.04722760496839,18.03938711514878,32216.52926152939,0.0,75,14.999999999992935,9.0
29.119999999574254,18.049606826113976,18.052500628731288,32263.38511608401,0.0,75,14.999999999992935,9.0
29.139999999573497,18.04611159123805,18.04727999204795,32244.727196026055,0.0,75,14.999999999992935,9.0
29.15999999957274,18.04402424217846,18.034923401646438,32200.587748222177,0.0,75,14.999999999992935,9.0
29.179999999571983,18.046962507146148,18.043665734941595,32231.81344227623,0.0,75,14.999999999992935,9.0
29.199999999571226,18.046562628020595,18.050990456552345,32257.987389791837,0.0,75,14.999999999992935,9.0
29.21999999957047,18.042244865174595,18.03635753584381,32205.709122918186,0.0,75,14.999999999992935,9.0
29.23999999956971,18.043556073845995,18.03525419648928,32201.76899926642,0.0,75,14.999999999992935,8.999999999999996
29.259999999568954,18.045731187590718,18.047961140920613,32247.161233073868,0.0,75,14.999999999992935,9.0
29.279999999568197,18.042144016303556,18.041899956684393,32225.50525065381,0.0,75,14.999999999992935,8.999999999999996
29.29999999956744,18.04035674735321,18.03048243465851,32184.731385826377,0.0,75,14.999999999992935,9.0
29.319999999566683,18.043245534706866,18.03947604154766,32216.846889503624,0.0,75,14.999999999992935,9.0
29.339999999565926,18.04261393029598,18.04589338083597,32239.77252333745,0.0,75,14.999999999992935,9.0
29.35999999956517,18.03847057247795,18.0314172433113,32188.06877243602,0.0,75,14.999999999992935,9.0
29.37999999956441,18.039939796159345,18.03117977388868,32187.22095979094,0.0,75,14.999999999992935,9.0
29.399999999563654,18.041910912726635,18.043519774029818,32231.2919777447,0.0,75,14.999999999992935,9.0
29.419999999562897,18.038253091312434,18.03677882630818,32207.213652486735,0.0,75,14.999999999992935,8.999999999999996
29.43999999956214,18.036745633718322,18.02635251652403,32169.989119949238,0.0,75,14.999999999992935,9.0
29.459999999561383,18.039563234820232,18.035572001694717,32202.903885403124,0.0,75,14.999999999992935,9.0
29.479999999560626,18.038715414843523,18.04116365811835,32222.87502776202,0.0,75,14.999999999992935,9.0
29.49999999955987,18.034751514556284,18.026973043560528,32172.203954212535,0.0,75,14.999999999992935,9.0
29.51999999955911,18.036347417387272,18.027548392194497,32174.25760225851,0.0,75,14.999999999992935,8.999999999999996
29.539999999558354,18.03811786965581,18.039537786194426,32217.0674304141,0.0,75,14.999999999992935,8.999999999999996
29.559999999557597,18.034410665806554,18.032244035262295,32191.02066977801,0.0,75,14.999999999992935,9.0
29.57999999955684,18.033164135732147,18.022817661749258,32157.373690397435,0.0,75,14.999999999992935,9.0
29.599999999556083,18.035894667586202,18.032212790347785,32190.909113521844,0.0,75,14.999999999992935,9.0
29.619999999555326,18.03484879802776,18.037027865373105,32208.10304740834,0.0,75,14.999999999992935,9.0
29.63999999955457,18.031069009146957,18.023197974221922,32158.730856581707,0.0,75,14.999999999992935,8.999999999999996
29.65999999955381,18.032765093909113,18.02449250789581,32163.35068655203,0.0,75,14.999999999992935,9.0
29.679999999553054,18.034341736205082,18.036106305353,32204.811935141435,0.0,75,14.999999999992935,9.0
29.699999999552297,18.030606470960205,18.028336204960837,32177.069725591067,0.0,75,14.999999999992935,9.0
29.71999999955154,18.02960334537261,18.019860363986993,32146.821386221352,0.0,75,14.999999999992935,9.0
29.739999999550783,18.032236187080947,18.02934462397017,32180.66948941833,0.0,75,14.999999999992935,9.0
29.759999999550026,18.031012668211073,18.03339591676115,32195.133460775105,0.0,75,14.999999999992935,8.999999999999996
29.77999999954927,18.02742149870906,18.019951633482187,32147.147030430682,0.0,75,14.999999999992935,8.999999999999996
29.79999999954851,18.02919617129589,18.021841003651062,32153.88856292698,0.0,75,14.999999999992935,8.999999999999996
29.819999999547754,18.0305893224772,18.033028215854323,32193.820556746014,0.0,75,14.999999999992935,9.0
29.839999999546997,18.02684746835674,18.024826471459125,32164.542563295134,0.0,75,14.999999999992935,8.999999999999996
29.85999999954624,18.02607170727221,18.01721655313019,32137.38913991645,0.0,75,14.999999999992935,8.999999999999996
29.879999999545483,18.02860062112235,18.026688213739668,32171.187307582673,0.0,75,14.999999999992935,8.999999999999996
29.899999999544725,18.027220711432285,18.029972391920687,32182.910540888795,0.0,75,14.999999999992935,9.0
29.91999999954397,18.02382131419688,18.016909360855976,32136.293268812668,0.0,75,14.999999999992935,9.0
29.93999999954321,18.02565607255873,18.019259559308658,32144.677791507907,0.0,75,14.999999999992935,9.0
29.959999999542454,18.02687710060163,18.029963018884025,32182.877079770216,0.0,75,14.999999999992935,8.999999999999996
29.979999999541697,18.023148149611384,18.02136300566251,32152.182933604257,0.0,75,14.999999999992935,8.999999999999996
29.99999999954094,18.02258378600915,18.01452616398388,32127.792138373123,0.0,75,14.999999999992935,9.0
