t,omega_hub,omega_gnd,tau_gen,T_max,n_slack,backline_payout,k_mppt_scale
0.019999999999999858,9.81195135143565,9.985997913994607,1096.9216977213512,0.0,75,0.0,1.0
0.03999999999999904,9.940697827517566,9.94598584946555,1088.1489796954586,0.0,75,0.0,1.0
0.05999999999999823,10.065843988919307,9.658112742920125,1026.070559304517,0.0,75,0.0,1.0
0.07999999999999742,10.18926068231226,9.274980075824743,946.2778094764055,0.0,75,0.0,1.0
0.0999999999999966,10.312254683466078,8.882874993146286,867.9601495825,0.0,75,0.0,1.0
0.11999999999999579,10.436141094329717,8.528341795925138,800.0587516693597,0.0,75,0.0,1.0
0.14000000000000018,10.562012024895752,8.235160448885459,745.996543807761,0.0,75,0.0,1.0
0.1600000000000063,10.690495563590488,8.016085344964482,706.8338668352978,0.0,75,0.0,1.0
0.18000000000001243,10.821624544315418,7.877497266056999,682.6045949440904,0.0,75,0.0,1.0
0.20000000000001855,10.954843114743966,7.8192915092232536,672.5545167683196,0.0,75,0.0,1.0
0.22000000000002468,11.089350382812006,7.833574355162831,675.0137589565124,0.0,75,0.0,1.0
0.2400000000000308,11.2242807701048,7.905115729841557,687.3994017240725,0.0,75,0.0,1.0
0.26000000000003,11.358666529763315,8.014441585803992,706.5440132549084,0.0,75,0.0,1.0
0.28000000000002223,11.491653170036566,8.14255481421278,729.3131879270569,0.0,75,0.0,1.0
0.3000000000000145,11.622574893120339,8.275467902162681,753.317058996973,0.0,75,0.0,1.0
0.3200000000000067,11.750949732152582,8.406762062899597,777.4101322042868,0.0,75,0.0,1.0
0.33999999999999897,11.876750411075998,8.537349692572192,801.7497375058875,0.0,75,0.0,1.0
0.3599999999999912,12.000338176524695,8.673034225774511,827.4367494960169,0.0,75,0.0,1.0
0.37999999999998346,12.12214079154675,8.821104052144461,855.9306436863537,0.0,75,0.0,1.0
0.3999999999999757,12.24254405818088,8.987172931317328,888.4620502714318,0.0,75,0.0,1.0
0.41999999999996795,12.361796506900246,9.17317245905901,925.618022600026,0.0,75,0.0,1.0
0.4399999999999602,12.479895779098866,9.376844961351452,967.1774357214432,0.0,75,0.0,1.0
0.45999999999995245,12.596657457124431,9.592575058124705,1012.1924587033182,0.0,75,0.0,1.0
0.4799999999999447,12.711962911193696,9.813148675864744,1059.2767562808858,0.0,75,0.0,1.0
0.49999999999993694,12.82571955628698,10.031788854704335,1107.0046638790711,0.0,75,0.0,1.0
0.5199999999999569,12.937801033914765,10.243628045166377,1154.2510708049103,0.0,75,0.0,1.0
0.5399999999999769,13.048242270372265,10.446237011996757,1200.3625448189205,0.0,75,0.0,1.0
0.559999999999997,13.157172152424602,10.639318895691442,1245.1461722063866,0.0,75,0.0,1.0
0.580000000000017,13.26468998931575,10.823878246339131,1288.719743207308,0.0,75,0.0,1.0
0.600000000000037,13.370799410410124,11.001268693568766,1331.3070415490586,0.0,75,0.0,1.0
0.620000000000057,13.47554014150161,11.172488348833316,1373.069454952978,0.0,75,0.0,1.0
0.640000000000077,13.578905203874712,11.337979597052893,1414.0475947750645,0.0,75,0.0,1.0
0.660000000000097,13.680800204856595,11.497752736012934,1454.1814977634222,0.0,75,0.0,1.0
0.680000000000117,13.781134411509314,11.65164975602531,1493.3703624079315,0.0,75,0.0,1.0
0.700000000000137,13.879907454938436,11.799618470046061,1531.5409564251738,0.0,75,0.0,1.0
0.720000000000157,13.977145124350228,11.941924735635302,1568.705230307361,0.0,75,0.0,1.0
0.740000000000177,14.072820326527596,12.079101408562199,1604.9515992216222,0.0,75,0.0,1.0
0.760000000000197,14.166904569672749,12.211750046144294,1640.395231084557,0.0,75,0.0,1.0
0.780000000000217,14.259428335635736,12.34035198748161,1675.1271589243545,0.0,75,0.0,1.0
0.800000000000237,14.350406299527055,12.465241467466731,1709.2046932647736,0.0,75,0.0,1.0
0.820000000000257,14.43980523875867,12.586629984978606,1742.6557981663877,0.0,75,0.0,1.0
0.840000000000277,14.527538222459214,12.704648935732546,1775.4891503823112,0.0,75,0.0,1.0
0.860000000000297,14.61360592280324,12.819363365432695,1807.6968480449766,0.0,75,0.0,1.0
0.880000000000317,14.698028296474144,12.930947924901597,1839.303556601686,0.0,75,0.0,1.0
0.900000000000337,14.780834668141468,13.039694560780946,1870.369976623062,0.0,75,0.0,1.0
0.920000000000357,14.861988361601197,13.145927211281673,1900.9694246874753,0.0,75,0.0,1.0
0.940000000000377,14.941478710729674,13.24984263209609,1931.1416275284216,0.0,75,0.0,1.0
0.960000000000397,15.019332819490625,13.351471039435085,1960.8795680856115,0.0,75,0.0,1.0
0.980000000000417,15.095574535615382,13.45079343647607,1990.1622847782253,0.0,75,0.0,1.0
1.000000000000437,15.170224150003953,13.547803255472179,2018.9727035388082,0.0,75,0.0,1.0
1.020000000000457,15.243247126172207,13.642551535644838,2047.3113364299788,0.0,75,1.375433612623494e-7,1.0
1.040000000000477,15.314619358730107,13.735107435393402,2075.1849388797905,0.0,75,2.3083729031952617e-6,1.0
1.060000000000497,15.384370036793529,13.825521064752126,2102.595359830952,0.0,75,1.1493105669529806e-5,1.0
1.080000000000517,15.45253249838705,13.913878928790202,2129.556295295352,0.0,75,3.516733814257671e-5,1.0
1.100000000000537,15.519139946238719,14.000287066504695,2156.088417389925,0.0,75,8.263287038081182e-5,1.0
1.120000000000557,15.584220149581723,14.084838078723585,2182.209300742481,0.0,75,0.00016447211471239709,1.0
1.140000000000577,15.647737968826867,14.167580801145197,2207.923803326758,0.0,75,0.00029210591728078624,1.0
1.160000000000597,15.709700528719567,14.248454780075646,2233.2030998184655,0.0,75,0.0004774379731881219,1.0
1.180000000000617,15.770134269906121,14.327376849589827,2258.0110012917876,0.0,75,0.0007325715467829595,1.0
1.200000000000637,15.829069047009195,14.40435895762708,2282.3411267818865,0.0,75,0.0010695863761848957,1.0
1.220000000000657,15.886535902985553,14.47949527502466,2306.213617614076,0.0,75,0.0015003654959419221,1.0
1.240000000000677,15.942566119675492,14.552905576465157,2329.6576678926176,0.0,75,0.002036463297422764,1.0
1.260000000000697,15.997172951368771,14.624690455852571,2352.697280224558,0.0,75,0.0026890075008539484,1.0
1.280000000000717,16.050333084227724,14.694903424343158,2375.3420531584948,0.0,75,0.0034686288683658363,1.0
1.300000000000737,16.10207172280859,14.763504562367528,2397.571736593515,0.0,75,0.004385413472098038,1.0
1.320000000000757,16.15241807243702,14.830450864529379,2419.365001297422,0.0,75,0.005448873169557156,1.0
1.340000000000777,16.201401674193487,14.895749330128519,2440.7168291662665,0.0,75,0.006667930650901933,1.0
1.360000000000797,16.249052792699466,14.959467515675595,2461.642351878087,0.0,75,0.008050916027646933,1.0
1.380000000000817,16.29540137642935,15.021693625468414,2482.1640731518223,0.0,75,0.009605572444922163,1.0
1.400000000000837,16.340476503544423,15.082499531508372,2502.299713297453,0.0,75,0.011339068633239432,1.0
1.420000000000857,16.38429299202233,15.14199329626467,2522.0795708253668,0.0,75,0.013258016682169955,1.0
1.440000000000877,16.42683850281895,15.208541144654625,2544.2969612351785,0.0,75,0.01536849362729162,1.0
1.460000000000897,16.468152788084602,15.285536821920472,2570.1239952771525,0.0,75,0.01767606570169202,1.0
1.480000000000917,16.50830941243087,15.369143729267451,2598.316368679691,0.0,75,0.020185814321485942,1.0
1.500000000000937,16.547412221452785,15.456148456140859,2627.81777608092,0.0,75,0.022902363057461985,1.0
1.520000000000957,16.585587772438604,15.54449879015693,2657.945869009093,0.0,75,0.02582990499745935,1.0
1.540000000000977,16.622962763920896,15.633109896742768,2688.3353754800037,0.0,75,0.028972230030972705,1.0
1.560000000000997,16.65964621325677,15.721292471811692,2718.749406826673,0.0,75,0.0323327516927061,1.0
1.580000000001017,16.69572309266323,15.808298229137463,2748.925221914857,0.0,75,0.035914533288699486,1.0
1.600000000001037,16.73125605776213,15.893215868117808,2778.5374169365086,0.0,75,0.03972031310009237,1.0
1.620000000001057,16.766285216014243,15.975116876156926,2807.247951275612,0.0,75,0.043752528518004916,1.0
1.640000000001077,16.800811797401902,16.053272393147648,2834.7830998145605,0.0,75,0.04801333901049751,1.0
1.660000000001097,16.83485824236879,16.127253325052703,2860.971297914658,0.0,75,0.0525046478608719,1.0
1.680000000001117,16.86844458362154,16.19695454545971,2885.754702024568,0.0,75,0.05722812264721687,1.0
1.700000000001137,16.901582412741817,16.262507448587755,2909.160633669094,0.0,75,0.06218521445734648,1.0
1.720000000001157,16.934275752021986,16.32416130904574,2931.260666881205,0.0,75,0.06737717585222112,1.0
1.740000000001177,16.966522688815385,16.382201888559997,2952.141925892926,0.0,75,0.07280507760548587,1.0
1.760000000001197,16.998316721234634,16.4369214160339,2971.896242005613,0.0,75,0.07846982425768892,1.0
1.780000000001217,17.02964901881331,16.48861141375481,2990.6173698918597,0.0,75,0.0843721685317059,1.0
1.800000000001237,17.060510935888953,16.53758455456605,3008.408731893637,0.0,75,0.0905127246614352,1.0
1.820000000001257,17.090894595592765,16.584178476722254,3025.384733225554,0.0,75,0.09689198068941615,1.0
1.840000000001277,17.120792601062366,16.628735262189295,3041.663200619754,0.0,75,0.10351030979103168,1.0
1.860000000001297,17.150197531838486,16.67156981912002,3057.3536425717284,0.0,75,0.11036798068371846,1.0
1.880000000001317,17.17907963169592,16.712959586111086,3072.553199396807,0.0,75,0.11746516717938126,1.0
1.900000000001337,17.20742754579645,16.753101026953075,3087.330334212258,0.0,75,0.12480195693722654,1.0
1.920000000001357,17.2352401354837,16.792123525407646,3101.729537418038,0.0,75,0.1323783594726593,1.0
1.940000000001377,17.26251978466812,16.8301595165694,3115.7969628848864,0.0,75,0.14019431347590353,1.0
1.960000000001397,17.289271260592884,16.867355355842758,3129.5844437030514,0.0,75,0.14824969349169473,1.0
1.980000000001417,17.315500318202194,16.903847476423948,3143.1406545682466,0.0,75,0.15654431600890686,1.0
2.000000000001437,17.341213337500545,16.93972861893184,3156.4984625136435,0.0,75,0.16507794500632614,1.0
2.020000000001346,17.366417994021,16.975051177537704,3169.675987280266,0.0,75,0.1738502969981171,1.0
2.040000000001255,17.391122862057628,17.0098384343083,3182.68063917399,0.0,75,0.182861045619809,1.0
2.060000000001164,17.415336652009007,17.044094212385684,3195.512622727471,0.0,75,0.19210982579297542,1.0
2.080000000001073,17.439068653593807,17.077807537432527,3208.1666131414595,0.0,75,0.2015962375041641,1.0
2.100000000000982,17.462329108663948,17.110971585610308,3220.638834639197,0.0,75,0.2113198492311157,1.0
2.120000000000891,17.485128086807233,17.143580335708144,3232.9258139956682,0.0,75,0.22128020104688184,1.0
2.1400000000008,17.507475037883353,17.175618643806228,3245.020633772105,0.0,75,0.2314768074301427,1.0
2.160000000000709,17.529379530570075,17.207065887601086,3256.914281062694,0.0,75,0.2419091598078358,1.0
2.180000000000618,17.550845516262218,17.237906708841496,3268.5997047299493,0.0,75,0.2525767288541293,1.0
2.200000000000527,17.571863755060697,17.26812093930292,3280.0680085183117,0.0,75,0.2634789665678374,1.0
2.220000000000436,17.592441247493014,17.297656796104377,3291.2982369939755,0.0,75,0.27461530814854695,1.0
2.240000000000345,17.61258721475944,17.326480023606084,3302.276010092628,0.0,75,0.28598517369003146,1.0
2.260000000000254,17.632310582159274,17.354590376462234,3312.9998784827512,0.0,75,0.29758796970795137,1.0
2.280000000000163,17.65161926605359,17.38200417858875,3323.474761909245,0.0,75,0.30942309051735367,1.0
2.3000000000000718,17.67052085297124,17.40873759650254,3333.7055917426915,0.0,75,0.32148991947416083,1.0
2.3199999999999807,17.68902285355148,17.43481043220874,3343.698762877601,0.0,75,0.3337878300935544,1.0
2.3399999999998897,17.707131850946496,17.46023703848692,3353.458651841655,0.0,75,0.34631618705702044,1.0
2.3599999999997987,17.72485385090651,17.485022465662073,3362.986116871781,0.0,75,0.35907434711876113,1.0
2.3799999999997077,17.74219524959495,17.509178552956058,3372.2846695922603,0.0,75,0.37206165992119933,1.0
2.3999999999996167,17.75916235380986,17.532727643194363,3381.3619247147494,0.0,75,0.3852774687284038,1.0
2.4199999999995256,17.775760174147628,17.555684894718365,3390.222793349068,0.0,75,0.39872111108545233,1.0
2.4399999999994346,17.791996968127428,17.578095129593855,3398.8837122355635,0.0,75,0.41239191941100384,1.0
2.4599999999993436,17.807875516150965,17.59995665929548,3407.343218499872,0.0,75,0.42628922152965093,1.0
2.4799999999992526,17.823397250691414,17.621214906930177,3415.579362758401,0.0,75,0.44041234115002126,1.0
2.4999999999991616,17.83857801384638,17.64197530914364,3423.632220892772,0.0,75,0.4547605982940126,1.0
2.5199999999990705,17.85342632951784,17.662450136782773,3431.583593177716,0.0,75,0.4693333096820448,1.0
2.5399999999989795,17.867922561851117,17.68229591008377,3439.2994751694173,0.0,75,0.48412978907872023,1.0
2.5599999999988885,17.882077916385356,17.701308615136266,3446.699593571271,0.0,75,0.49914934760288154,1.0
2.5799999999987975,17.895953790049255,17.720427422521887,3454.1490284055226,0.0,75,0.5143912940056519,1.0
2.5999999999987065,17.90949397656305,17.739434578754587,3461.562930913053,0.0,75,0.5298549349196947,1.0
2.6199999999986154,17.922656629566454,17.75685985788459,3468.3667921380843,0.0,75,0.5455395750826215,1.0
2.6399999999985244,17.935559747939394,17.77379822066829,3474.986935079344,0.0,75,0.5614445175371636,1.0
2.6599999999984334,17.948215340258567,17.792146100259288,3482.1650913826898,0.0,75,0.5775690638105011,1.0
2.6799999999983424,17.96043650492087,17.809197568109887,3488.8426982196825,0.0,75,0.5939125140748585,1.0
2.6999999999982514,17.972326780178086,17.823785837643857,3494.560757448131,0.0,75,0.6104741672913053,1.0
2.7199999999981603,17.984050277662956,17.83977579904001,3500.8336061601494,0.0,75,0.6272533213384924,1.0
2.7399999999980693,17.995424225748557,17.856663878052593,3507.4648933912313,0.0,75,0.6442492731278557,1.0
2.7599999999979783,18.006571252227594,17.873473498613304,3514.0716039619533,0.0,75,0.6614613187067204,1.0
2.7799999999978873,18.017355579297945,17.88830573878281,3519.906304245871,0.0,75,0.6788887533505248,1.0
2.7999999999977963,18.02775327090196,17.9004126284617,3524.672494961103,0.0,75,0.6965308716453212,1.0
2.8199999999977052,18.038097083075193,17.913902233846514,3529.9868256819227,0.0,75,0.7143869675615436,1.0
2.839999999997614,18.048384274465946,17.933857818239844,3537.855818693266,0.0,75,0.7324563345199786,1.0
2.859999999997523,18.057895171164017,17.946900436740737,3543.0035881491335,0.0,75,0.7507382654507258,1.0
2.879999999997432,18.067058461418366,17.951466340158298,3544.8065813801995,0.0,75,0.7692320528459005,1.0
2.899999999997341,18.0768597597429,17.968624521360283,3551.5861390859304,0.0,75,0.787936988806737,1.0
2.91999999999725,18.08566809823869,17.986268416654653,3558.5643671154353,0.0,75,0.8068523650856642,1.0
2.939999999997159,18.093627622420765,17.984532144737223,3557.877361115951,0.0,75,0.8259774731238982,1.0
2.959999999997068,18.102264025303956,17.989487035091077,3559.83808164281,0.0,75,0.845311604085021,1.0
2.979999999996977,18.11057598919826,18.008947936329378,3567.5442635076433,0.0,75,0.8648540488849659,1.0
2.999999999996886,18.118883304517304,18.030662443682715,3576.1526697383333,0.0,75,0.88460409821879,1.0
3.019999999996795,18.12903417057754,18.082405726273016,3596.707365345063,0.0,75,0.9045610425845793,1.0
3.039999999996704,18.13600208317982,18.103688348781112,3605.1788501277233,0.0,75,0.9247241723047879,1.0
3.059999999996613,18.142743509799118,18.074175418588602,3593.4339876810373,0.0,75,0.9450927775452815,1.0
3.079999999996522,18.15517532408772,18.12974009835014,3615.562236370975,0.0,75,0.965666148332332,1.0
3.099999999996431,18.172369221835492,18.338204258038235,3699.1870895048482,0.0,75,0.9864435745677835,1.0
3.11999999999634,18.17821962593005,18.393255327827266,3721.430257101107,0.0,75,1.0074243460425825,1.0
3.139999999996249,18.19040324669225,18.322043806496083,3692.670181718777,0.0,75,1.0286077524488448,1.0
3.159999999996158,18.221650179401273,18.599258720104945,3805.2566743113985,0.0,75,1.049993083390618,1.0
3.179999999996067,18.258063190538223,19.18189866736367,4047.397601335089,0.0,75,1.0715796283934897,1.0
3.199999999995976,18.274668585652343,19.44367497145027,4158.621460349419,0.8449570246337835,75,1.0933666769131387,1.0
3.219999999995885,18.288415464011482,19.33203397523455,4111.002913815852,2.872193026376482,75,1.1153535183429732,1.0
3.239999999995794,18.308994740825113,19.10685960843093,4015.792925059183,178.96088978496206,74,1.1375394420209355,1.0
3.259999999995703,18.32580472084518,18.90431700153442,3931.1052142395365,1462.4148172979228,74,1.1599237372355689,1.0
3.2799999999956118,18.350233967053754,18.94034049194718,3946.101477459833,2308.1535999639345,74,1.1825056932314197,1.0
3.2999999999955207,18.395421481546272,19.378043669447756,4130.594341005267,4054.2915065387647,74,1.2052845992138572,1.0
3.3199999999954297,18.45111555393504,20.108545955299107,4447.889824800137,7529.345462619745,73,1.22825974435337,1.0
3.3399999999953387,18.495294585353022,20.789333685482735,4754.160345949818,8659.03094060556,73,1.2514304177893933,1.0
3.3599999999952477,18.531802697766352,21.06572710435807,4881.413442788149,7741.128471993495,72,1.2747959086337086,1.0
3.3799999999951567,18.562462342767777,20.83465475106141,4774.911224555184,5152.159023883496,72,1.2983555059734908,1.0
3.3999999999950656,18.586839181488006,20.365290825152584,4562.195774323484,3628.473582192309,73,1.3221084988740095,1.0
3.4199999999949746,18.626066591493878,20.0104956616119,4404.619302857274,2970.1564517274096,72,1.3460541763810332,1.0
3.4399999999948836,18.687416535568968,20.00137791571167,4400.606303798304,4184.2599207617,73,1.3701918275229825,1.0
3.4599999999947926,18.758327681244708,20.393294440526603,4574.751039518146,8374.952237298992,72,1.3945207413128344,1.0
3.4799999999947016,18.822334774627894,21.090944500381273,4893.1073390997935,10509.984711241,71,1.419040206749833,1.0
3.4999999999946105,18.874196172235916,21.788929651801627,5222.332009082762,8736.41569218743,73,1.4437495128209876,1.0
3.5199999999945195,18.90424264960016,21.94548015406974,5297.645091119358,9177.177959160594,72,1.4686479485024424,1.0
3.5399999999944285,18.931902147173957,21.607598565855643,5135.7714736148355,8234.34484932466,72,1.4937348027606565,1.0
3.5599999999943375,18.978389310585793,21.10410813032417,4899.217179740563,7209.630814257918,74,1.519009364553493,1.0
3.5799999999942465,19.04282623884526,20.579235804339913,4658.554409196884,4826.028924359609,72,1.5444709228311524,1.0
3.5999999999941554,19.111273930657017,20.15498376721894,4468.457077225449,1819.3438825464746,73,1.5701187665370258,1.0
3.6199999999940644,19.174925240271342,20.03630884946962,4415.990395424681,6069.791498986347,74,1.5959521846084486,1.0
3.6399999999939734,19.232147232343703,20.193353674843287,4485.486859010376,10324.985419852563,73,1.6219704659773693,1.0
3.6599999999938824,19.26811917985364,20.57034604540267,4654.530500703745,10492.664965856915,73,1.6481728995709608,1.0
3.6799999999937913,19.303811644263792,20.907975066375442,4808.577635137949,8287.341884116799,73,1.6745587743121222,1.0
3.6999999999937003,19.354968232505808,20.998330911006192,4850.2289115293,5000.124686964939,71,1.7011273791199661,1.0
3.7199999999936093,19.413247301089534,20.83700782251427,4775.98984495073,2753.681450675324,73,1.727878002910253,1.0
3.7399999999935183,19.46638345116931,20.621876367904516,4677.879634264526,5581.010180597604,74,1.7548099345957369,1.0
3.7599999999934273,19.52415586485959,20.399703541912196,4577.626950576955,8364.939502562602,73,1.7819224630865163,1.0
3.7799999999933362,19.583157220557652,20.166965116331298,4473.771302036558,9507.451294499846,73,1.8092148772903307,1.0
3.7999999999932452,19.635567776089527,20.21143543943788,4493.523347748222,8382.284194975768,72,1.8366864661128075,1.0
3.819999999993154,19.695923879381418,20.62729426702847,4680.337956564442,10987.36021258608,72,1.8643365184577119,1.0
3.839999999993063,19.762294732484115,21.135853220142792,4913.967204777625,12064.126018145518,72,1.8921643232271435,1.0
3.859999999992972,19.820949278960555,21.61313917593505,5138.405635421723,12927.625069341892,71,1.9201691693217309,1.0
3.879999999992881,19.882900139200665,22.03478983528781,5340.851593938333,12460.49884747294,71,1.9483503456407874,1.0
3.89999999999279,19.95241279393972,22.27541399793295,5458.13475657238,8227.282115842707,72,1.976707141082469,1.0
3.919999999992699,20.01639730608442,22.39385786812776,5516.333572396984,12248.945362914934,72,2.005238844543884,1.0
3.939999999992608,20.07687010378,22.416747392990263,5527.616200492494,10903.32119599891,72,2.033944744921229,1.0
3.959999999992517,20.142933031016064,22.44949039744715,5543.775810155789,8517.075320894188,71,2.062824131109885,1.0
3.979999999992426,20.201544800500056,22.329478262145624,5484.661594055974,11033.283614072825,69,2.0918762920045015,1.0
3.999999999992335,20.25505143757319,22.043059346595104,5344.861118932651,9047.56849048301,72,2.121100516499088,1.0
4.019999999992466,20.31527615982381,21.804350393270365,5229.726656797605,11664.793246390402,72,2.150496093487071,1.0
4.039999999992597,20.37067063847703,21.44810965370351,5060.235484890188,7672.748022002578,71,2.180062311861386,1.0
4.059999999992728,20.421087270271027,21.10263895545903,4898.5350797290275,8683.195742868746,70,2.209798460514498,1.0
4.079999999992859,20.480508863441692,21.011955495207328,4856.525011058307,12957.21113956568,71,2.2397038283384876,1.0
4.09999999999299,20.53675548717547,20.92719342680916,4817.42167195393,8856.403967907601,72,2.2697777042250684,1.0
4.119999999993121,20.58733362441388,20.862061787903162,4787.481842465182,13980.655998620105,68,2.3000193770656407,1.0
4.139999999993252,20.64600591416106,21.055778336308617,4876.803814825395,11998.254646848243,70,2.3304281357513137,1.0
4.159999999993383,20.699091490169675,21.211180413929096,4949.055920074742,10036.200693037874,69,2.3610032691729548,1.0
4.179999999993514,20.74401183547713,21.25732155269793,4970.610915542756,14754.102228054131,67,2.3917440662212175,1.0
4.199999999993645,20.797526124897473,21.386670442617337,5031.2863988323425,12076.658604830982,71,2.422649815786533,1.0
4.219999999993776,20.850033957093757,21.441520692037052,5057.126905457584,13933.035697702224,68,2.453719806759176,1.0
4.239999999993907,20.89786362505536,21.447142397291593,5059.779087106728,13908.697188502392,64,2.4849533280292726,1.0
4.259999999994038,20.956637030479882,21.6298500114577,5146.354526699724,11305.348064464893,70,2.516349668486789,1.0
4.279999999994169,21.016377633857335,21.784184839603608,5220.057800386172,14926.718892569288,68,2.547908117021587,1.0
4.2999999999943,21.068863803800234,21.937569500061752,5293.826511270436,14898.595987803857,71,2.5796279625234115,1.0
4.319999999994431,21.128874695108024,22.338436991118698,5489.063439267982,17204.019843096354,70,2.6115084938819004,1.0
4.339999999994562,21.187035563655204,22.610319807538197,5623.492179790695,15517.769704248676,70,2.643548999986626,1.0
4.3599999999946935,21.232820558155264,22.775317303165203,5705.865860858418,13883.646342393342,70,2.6757487697270723,1.0
4.3799999999948245,21.279788203884483,22.902654142952642,5769.847234708764,14682.484576999224,71,2.7081070919926704,1.0
4.3999999999949555,21.322195611072686,22.761571021405818,5698.980268987511,13439.30590675823,69,2.740623255672774,1.0
4.4199999999950865,21.357994525258228,22.58723760698295,5612.016329857353,13185.598398047863,70,2.773296549656686,1.0
4.4399999999952176,21.397992897665986,22.38926861783688,5514.072841658209,8754.074425440105,68,2.806126262833669,1.0
4.459999999995349,21.442935927923134,22.145091699121934,5394.455949987711,12093.396431854178,66,2.839111684092939,1.0
4.47999999999548,21.487418598236893,22.089420879958265,5367.367662931298,13596.682869235177,72,2.872252102323679,1.0
4.499999999995611,21.540036348468206,22.217048325977427,5429.56959950698,8956.066818760233,72,2.905546806415036,1.0
4.519999999995742,21.592765796379155,22.36994122515731,5504.556974586917,15544.118418653254,68,2.9389950852561353,1.0
4.539999999995873,21.64378986750917,22.76635973383947,5701.378490836459,15310.579564874883,74,2.972596227736062,1.0
4.559999999996004,21.703397195713293,23.273147110452694,5958.033140672498,7422.32139690389,74,3.0063495227438812,1.0
4.579999999996135,21.757297038646325,23.654763166056036,6155.026024864214,28.85823677275425,74,3.040254259168654,1.0
4.599999999996266,21.808718567635523,24.006762283757688,6339.570988837357,3.509289098184092,75,3.0743097258994005,1.0
4.619999999996397,21.863177644963237,24.095975989112613,6386.776647546808,0.0,75,3.1085152118251487,1.0
4.639999999996528,21.90864549270443,24.044015407535547,6359.261446095874,0.0,75,3.142870005834888,1.0
4.659999999996659,21.959423275154954,23.89791894554533,6282.2158292064,10.880624557652787,73,3.177373396817607,1.0
4.67999999999679,22.014171627399783,23.743491910339813,6201.287489060093,20.209480182253976,74,3.212024673662292,1.0
4.699999999996921,22.052949591485216,23.662539634597316,6159.073601547777,3900.394431431776,74,3.2468231252579054,1.0
4.719999999997052,22.094721950610833,23.591787918231578,6122.297028966992,11514.711959573022,74,3.281768040493398,1.0
4.739999999997183,22.141181312634984,23.532306528306787,6091.463955964093,15166.843657091122,74,3.3168587082577297,1.0
4.759999999997314,22.17387488261325,23.50587145787802,6077.78592293713,11197.430287877267,74,3.3520944174398397,1.0
4.779999999997445,22.215016161440932,23.396929999597788,6021.579667466868,4807.8184059243795,74,3.387474456928668,1.0
4.799999999997576,22.252924359442765,23.0926247709416,5865.962506926562,8.177373140226305,74,3.422998115613143,1.0
4.819999999997707,22.282849533357826,22.525812433732227,5581.5344837965395,0.9949467709573104,75,3.4586646823821834,1.0
4.839999999997838,22.32261188968949,21.90217435877256,5276.757658062816,0.0,75,3.4944734461247204,1.0
4.859999999997969,22.35137656512803,21.20894155093022,4948.011218818518,11.685567578576626,74,3.530423695729677,1.0
4.8799999999981,22.368781992639217,20.219486337569325,4497.103905306679,24.775017730230005,73,3.566514720085964,1.0
4.899999999998231,22.38754931472743,19.432787858924158,4153.965683669452,0.0,75,3.602745808082495,1.0
4.919999999998362,22.396337438030645,18.780729355980785,3879.8737465685826,3.6595012322538465,75,3.6391162486081825,1.0
4.939999999998493,22.39344730784988,17.852493970598776,3505.8269506729216,12.666030032369394,73,3.675625330551926,1.0
4.959999999998624,22.400823589413786,17.194791309138537,3252.269329813088,62.87942899842431,73,3.712272342802633,1.0
4.979999999998755,22.393577324260256,17.137348720206035,3230.575932737421,171.59933007011327,73,3.7490565742492086,1.0
4.999999999998886,22.429797122557428,17.262856235471908,3278.068259472285,6314.049212639303,73,3.7859773137805597,1.0
5.019999999999017,22.488080691421402,17.90372101017356,3525.9754861114316,17891.577020931018,74,3.8230338502855745,1.0
5.039999999999148,22.534485094436715,20.03928925857759,4417.304253878375,32966.45652686251,71,3.860225472653158,1.0
5.059999999999279,22.575205720649873,23.799620758186435,6230.641430568486,37950.97267645824,72,3.8975514697722096,1.0
5.07999999999941,22.62109557918576,28.70989715614948,9066.84014188348,34534.05077494439,72,3.9350111305316275,1.0
5.099999999999541,22.636143175444747,32.110413123893636,11341.864940858328,28709.314368369036,73,3.9726037438203026,1.0
5.119999999999672,22.672323354649535,32.66235302168195,11735.122354042738,13472.353922618115,71,4.010328598527131,1.0
5.139999999999803,22.65096887685478,31.453564298209532,10882.593777677614,3893.622589196126,72,4.048184983541013,1.0
5.159999999999934,22.620933728021107,29.46719029174941,9551.468340591879,1417.913443150787,71,4.086172187750829,1.0
5.180000000000065,22.620465545403626,27.642967757616965,8405.470330935163,1360.9223450539082,69,4.124289500045483,1.0
5.2000000000001965,22.642885417102693,26.44372030322823,7691.973778229013,5024.073954693817,71,4.162536209313868,1.0
5.2200000000003275,22.677461221496543,25.09893007899194,6929.51920221139,7386.22370081647,71,4.200911604444878,1.0
5.2400000000004585,22.715678379922817,24.72697488386183,6725.656155978471,3221.2703350723614,73,4.239414974327408,1.0
5.2600000000005895,22.703560699464614,24.054525412100176,6364.822120815104,0.0,75,4.2780456078503475,1.0
5.280000000000721,22.64600137561594,22.664756623967172,5650.603121060301,0.0,75,4.316802793902561,1.0
5.300000000000852,22.463721135670728,20.592477779931738,4664.551552286805,33.175144660764246,73,4.355685821372972,1.0
5.320000000000983,22.322063718306687,18.19221165789368,3640.522215061629,391.2793032205923,73,4.394693979150462,1.0
5.340000000001114,22.30698405356984,15.833646827409561,2757.7480904065055,44.77149696885842,69,4.433826556123923,1.0
5.360000000001245,22.333762867151968,14.318053263098333,2255.073141694129,40.53090659285973,72,4.473082841182242,1.0
5.380000000001376,22.395959096870506,13.378421704618201,1968.8038403725934,171.10486968526388,71,4.5124621232143065,1.0
5.400000000001507,22.489669232538464,13.280259031118545,1940.0180792696624,5.081279799251812,74,4.551963691109007,1.0
5.420000000001638,22.488836166218704,13.945435925267095,2139.2270146030314,10.13289277342902,74,4.591586833755243,1.0
5.440000000001769,22.50275653059039,15.93611502304148,2793.557382303692,19.510397011999085,74,4.631330840041903,1.0
5.4600000000019,22.531720044504222,17.827498236345487,3496.016627035916,24.92349656650572,74,4.671194998857859,1.0
5.480000000002031,22.445972583601044,18.356118112125547,3706.417793609339,37.13484653866664,72,4.7111785990920305,1.0
5.500000000002162,22.398377181987367,18.935042250130248,3943.8940751563932,27.08402805051202,74,4.751280929633273,1.0
5.520000000002293,22.373741747231307,20.58801333958779,4662.529225981492,36.04168937143139,73,4.791501279370492,1.0
5.540000000002424,22.411783405147137,24.119525618091945,6399.26667645973,31.008955220441898,74,4.831838937192584,1.0
5.560000000002555,22.48207582400645,30.72467685416612,10384.063445722244,15844.97928033656,73,4.872293191988427,1.0
5.580000000002686,22.495903539507424,38.43117814043738,16246.509985882352,46100.080659087784,73,4.9128633326469195,1.0
5.600000000002817,22.435070482459043,40.753808332482855,18269.60182960824,15922.341033633274,73,4.953548648056945,1.0
5.620000000002948,22.366187588959612,38.41191111679474,16230.224072089934,0.0,75,4.994348427107401,1.0
5.640000000003079,22.243930739428937,36.00303321379001,14258.402406525935,0.0,75,5.0352619586871565,1.0
5.66000000000321,22.223946959563747,33.74710468294742,12527.53781929993,78.71000635201756,71,5.076288531685115,1.0
5.680000000003341,22.230763944887244,31.695266686247415,11050.489233435797,32.6381684794129,70,5.117427434990164,1.0
5.700000000003472,22.231728515190355,29.73476074101723,9725.715959580935,33.845876778327934,73,5.158677957491189,1.0
5.720000000003603,22.25918041945087,27.8350748590896,8522.705316522342,9.187533899635877,72,5.200039388077089,1.0
5.740000000003734,22.301945404200673,25.874549447175017,7364.4154000373555,66.06087163399424,72,5.241511015636755,1.0
5.760000000003865,22.296374319454376,23.819708995117868,6241.16390273309,796.2317585526066,72,5.28309212905906,1.0
5.780000000003996,22.26333313871921,21.732539689186776,5195.336094762863,32.893047361978915,74,5.324782017232889,1.0
5.800000000004127,22.250896522243735,19.792454717973406,4309.153901393305,140.02141321467568,71,5.366579969047149,1.0
5.820000000004258,22.246020649867255,17.955625808779303,3546.4494800339153,493.4017448719268,72,5.408485273390717,1.0
5.840000000004389,22.293663791322842,16.443751712514267,2974.3666742109745,938.4573940936154,68,5.450497219152492,1.0
5.86000000000452,22.38240321260697,15.16372593481369,2529.324426487555,3573.3333072184187,68,5.492615095221356,1.0
5.880000000004651,22.487940224649144,14.347128512179625,2264.241061994973,7241.2612873824955,72,5.534838190486209,1.0
5.900000000004782,22.558871093726736,15.226780427697904,2550.4032641265635,19792.73467028602,73,5.577165793835926,1.0
5.920000000004913,22.56590397118897,16.805594441171966,3106.7080497326506,25719.310955320758,70,5.619597194159401,1.0
5.940000000005044,22.542075192590236,18.424501421914847,3734.084779107565,10732.988958002183,68,5.662131680345522,1.0
5.960000000005175,22.4805511276837,19.08294286703411,4005.745793131368,14474.536056496516,67,5.704768541283182,1.0
5.980000000005306,22.422920480006564,18.172248882829834,3632.536924054612,7925.956559096485,71,5.747507065861268,1.0
6.000000000005437,22.417243408741484,16.767269840857843,3092.554717077551,11119.620563626779,68,5.79034654296867,1.0
6.0200000000055685,22.429107475035877,15.499870077668003,2642.7056966704668,10605.159486855935,68,5.833286261494264,1.0
6.0400000000056995,22.442920402990246,14.360004358508696,2268.3069769402764,8824.283347256085,65,5.876325510326969,1.0
6.0600000000058305,22.44256460363849,13.51126355311563,2008.0966708192586,12520.749870498901,67,5.919463578355637,1.0
6.0800000000059615,22.448532914900888,13.662625660664252,2053.3407393778543,14871.37868997105,66,5.962699754469186,1.0
6.1000000000060925,22.415014843239803,14.573053201074242,2336.1126756147423,27628.25683213105,68,6.006033327556478,1.0
6.120000000006224,22.44640758204977,16.751885888720935,3086.8824891160034,38541.76469898113,70,6.049463586506429,1.0
6.140000000006355,22.525103975866642,19.9187913694369,4364.340745810693,37116.50077852265,69,6.092989820207909,1.0
6.160000000006486,22.575209596647934,24.020341401024,6346.744811239225,21243.125405260795,71,6.136611317549814,1.0
6.180000000006617,22.64516594158633,29.028354052026682,9269.098728667954,2405.6390144099687,72,6.180327367421016,1.0
6.200000000006748,22.683416501354145,33.60590485623156,12422.925253266969,9066.039137516856,73,6.224137258710439,1.0
6.220000000006879,22.682046717827905,36.04620157903878,14292.615131043676,10040.657488099288,73,6.268040280306951,1.0
6.24000000000701,22.704678536281712,36.17312037171666,14393.441011693729,5794.3733203273305,72,6.312035721099441,1.0
6.260000000007141,22.72975266184316,35.454351026677756,13827.121073951748,5656.5310445608975,71,6.356122869976802,1.0
6.280000000007272,22.767101391096652,34.431620843110544,13040.901652720968,9258.023974016129,71,6.400301015827924,1.0
6.300000000007403,22.83230829780529,33.45818396853228,12313.950819193657,6715.155636692066,68,6.444569447541687,1.0
6.320000000007534,22.891114954175716,32.44929427000642,11582.523684836186,7292.320196215629,71,6.488927454006994,1.0
6.340000000007665,22.973843946587504,31.151609233828733,10674.6503364288,3223.1905659409213,72,6.533374324112724,1.0
6.360000000007796,23.034245820075263,29.15661028419595,9351.18715590929,2000.243138670437,72,6.57790934674776,1.0
6.380000000007927,23.067145348165962,27.052255494512295,8050.069800744077,35.373306338121424,74,6.622531810801012,1.0
6.400000000008058,23.091404125466788,24.953659610833416,6849.536407706728,23.218633991527394,73,6.667241005161345,1.0
6.420000000008189,23.078048920899434,22.855681505536396,5746.203947907703,296.17022284589206,73,6.712036218717653,1.0
6.44000000000832,23.049670091063657,20.829068333986655,4772.350964280741,235.6551348669072,72,6.7569167403588395,1.0
6.460000000008451,23.013085414398486,19.008954852012714,3974.7440102244345,1089.7030332666714,73,6.801881858973782,1.0
6.480000000008582,23.00488803923097,17.368130901496585,3318.171681126726,84.5568790980852,74,6.846930863451375,1.0
6.500000000008713,23.00570272675111,15.91471311139312,2786.0590275974287,9.779119317127627,73,6.892063042680501,1.0
6.520000000008844,23.003160375187488,14.818995036699906,2415.628752875101,102.90356683228369,73,6.93727768555005,1.0
6.540000000008975,22.971539316549787,13.94762559176804,2139.8988561295705,287.1442194253587,73,6.982574080948929,1.0
6.560000000009106,22.948633817909144,13.237521292211083,1927.5516695791596,233.26200896734895,73,7.027951517766012,1.0
6.580000000009237,22.925587728767407,12.601446796764042,1746.7610750884223,6706.431311535872,72,7.073409284890175,1.0
6.600000000009368,22.90419529762328,12.597972859999658,1745.7981219941676,9481.266667807104,73,7.118946671210307,1.0
6.620000000009499,22.932352715735387,13.76101901219172,2083.022086792922,10389.359177212484,72,7.164562965615311,1.0
6.64000000000963,22.99626682784047,17.092717325520894,3213.770841271784,8955.939887404194,72,7.210257456994077,1.0
6.660000000009761,23.025626381317757,21.726568052152228,5192.4813525728205,3896.857082188142,74,7.256029434235497,1.0
6.680000000009892,23.043295643200278,26.457581101664616,7700.039575262767,6864.179562129244,74,7.301878186228452,1.0
6.700000000010023,23.021377589188347,29.288824958534434,9436.187941968365,10776.666082814114,74,7.347803001861835,1.0
6.720000000010154,23.01592087120068,29.16620295538739,9357.34134318333,8381.038567174877,72,7.393803170024531,1.0
6.740000000010285,23.01448480505262,27.45409459038451,8291.00040755558,145.08453105198564,72,7.439877979605431,1.0
6.760000000010416,22.933890161231226,25.26695087272113,7022.606870449533,10681.019452673496,74,7.486026719493398,1.0
6.780000000010547,22.845473996745252,23.25281186335018,5947.625855075947,13509.361859419065,72,7.532248678577357,1.0
6.800000000010678,22.784534425466155,21.489935786464624,5079.990741170102,8431.367241447135,72,7.5785431457461945,1.0
6.820000000010809,22.74974984687433,20.209135942947263,4492.500931165752,5926.897125692408,70,7.624909409888785,1.0
6.84000000001094,22.728868637330383,19.57219638474583,4213.779584553635,7698.245202697404,72,7.671346759894014,1.0
6.8600000000110715,22.718096919038523,20.226783826180107,4500.350623461233,220.9826604514157,73,7.717854484650788,1.0
6.8800000000112025,22.705608909413378,20.641123765211418,4686.615893198531,2049.5398038162143,72,7.764431873047985,1.0
6.9000000000113335,22.722405926016478,21.027931312684018,4863.912848200527,5381.889315863152,71,7.811078213974491,1.0
6.9200000000114645,22.73756038577971,20.933159054367827,4820.168627950079,6967.213228295855,73,7.857792796319209,1.0
6.940000000011596,22.753228668817385,20.347851596548217,4554.385710546649,8450.167470877563,71,7.904574908971007,1.0
6.960000000011727,22.781243207580264,20.219265541052728,4497.005689215624,9949.726047171303,74,7.951423840818789,1.0
6.980000000011858,22.795509472771634,20.765186398228014,4743.122627684691,9968.021998807679,72,7.998338880751449,1.0
7.000000000011989,22.817804197336862,21.580506354157347,5122.900799520082,15817.867101237001,71,8.045319317657857,1.0
7.02000000001212,22.88012882502668,23.047110577485743,5842.862365679408,31498.95062392893,72,8.09236444042694,1.0
7.040000000012251,22.904713781156598,25.108039297635283,6934.550011087575,31860.533082284448,72,8.139473537947518,1.0
7.060000000012382,22.929561970973374,26.718759688399224,7852.813312150701,20761.359073999178,70,8.186645899108525,1.0
7.080000000012513,22.926414764112252,27.564877045032222,8358.046911585187,23150.961109558022,71,8.23388081279887,1.0
7.100000000012644,22.920974264474932,27.434974372479594,8279.456007004734,8525.085376024725,69,8.281177567907402,1.0
7.120000000012775,22.933612682401986,26.631193800923043,7801.425315885541,10927.896686004737,70,8.328535453323044,1.0
7.140000000012906,22.940106717618,25.860791583992302,7356.585954857559,6730.15346112868,72,8.37595375793467,1.0
7.160000000013037,22.945699151337603,25.322434091785013,7053.482351660755,2458.3397472665174,70,8.42343177063115,1.0
7.180000000013168,22.965634390197465,25.29784789024708,7039.792186658865,595.8114858554308,73,8.470968780301371,1.0
7.200000000013299,22.965621929665186,25.33433326787278,7060.1128634041,13319.75411992205,73,8.518564075834261,1.0
7.22000000001343,22.98378399474854,25.49730148189961,7151.23621144768,16985.589694936643,73,8.566216946118674,1.0
7.240000000013561,22.996180190492378,25.130727527182632,6947.088126500445,10012.632434879182,72,8.613926680043487,1.0
7.260000000013692,22.989916345513336,24.120113297584034,6399.578520371192,9779.589329087734,72,8.661692566497644,1.0
7.280000000013823,23.000360297432522,22.833792672436786,5735.202965886106,6593.495763615368,74,8.709513894369989,1.0
7.300000000013954,22.99631622474311,21.38829859352057,5032.052483981534,2462.4318657468093,74,8.757389952549447,1.0
7.320000000014085,22.98551383250075,20.45455618851965,4602.277557562383,19.314795148237803,73,8.805320029924864,1.0
7.340000000014216,22.986688675792717,20.016108286568283,4407.090500335902,40.50525122361009,74,8.853303415385144,1.0
7.360000000014347,22.981536934671272,19.676103786533865,4258.639662402975,10.140354418242346,73,8.901339397819203,1.0
7.380000000014478,22.982500604156904,19.48386707943932,4175.831840061853,34.1471993696829,72,8.949427266115901,1.0
7.400000000014609,22.993171947435677,19.915577996551658,4362.932716304058,16.977382364529824,73,8.997566309164128,1.0
7.42000000001474,22.98349145982033,20.096773114962733,4442.683185977178,0.9568451277818562,75,9.04575581585276,1.0
7.440000000014871,22.986276952272014,20.046089216935083,4420.302621826531,7.425507749329842,74,9.093995075070703,1.0
7.460000000015002,22.987899094774058,20.45000989552547,4600.231951997986,10.459261228242564,74,9.142283375706892,1.0
7.480000000015133,22.973954758173914,21.00038508575664,4851.177911250769,0.0,75,9.190620006650146,1.0
7.500000000015264,22.976868556515427,21.732332193167494,5195.2368880960275,21.053950122998252,73,9.23900425678939,1.0
7.520000000015395,22.98290468099595,22.79091747179088,5713.685111265811,0.0,75,9.287435415013515,1.0
7.540000000015526,22.986081608774743,23.719899520904434,6188.969966099827,0.0,75,9.33591277021138,1.0
7.560000000015657,23.00130600075039,24.270597506830946,6479.680936724474,4.5767992474892205,75,9.384435611271886,1.0
7.580000000015788,23.00110212094157,24.870505637510423,6803.9625573198155,21.36864647017302,74,9.433003227083935,1.0
7.600000000015919,23.007542457366657,25.00199671382032,6876.098236456702,29.153786940411734,72,9.481614906536395,1.0
7.62000000001605,23.010971379215203,24.913875494071668,6827.713113475153,0.0,75,9.530269938518186,1.0
7.640000000016181,22.990048035202452,24.642545894612738,6679.805749849046,0.0,75,9.57896761191816,1.0
7.660000000016312,22.978114213839564,24.345070488862042,6519.507028184277,3.050955578323,75,9.627707215625222,1.0
7.6800000000164435,22.971051919417263,24.493956413781444,6599.492908802476,6.523954558390424,74,9.676488038528271,1.0
7.7000000000165745,22.958768434371354,24.54108895827219,6624.915519836121,0.0,75,9.725309369516186,1.0
7.7200000000167055,22.975644291158236,24.487937370841273,6596.2498434606905,27.26831819035276,73,9.77417049747785,1.0
7.7400000000168365,22.97804945644559,24.281999863337134,6485.77069099415,6.019519784294303,74,9.823070711302185,1.0
7.7600000000169675,22.978381825709818,23.802455996188115,6232.126025955187,111.54267433522,74,9.872009299878053,1.0
7.780000000017099,22.9883418158389,23.46497347333607,6056.6547811480195,22.675557213230157,73,9.920985552094319,1.0
7.80000000001723,22.975243380211438,22.79232205259429,5714.389390040937,0.0,75,9.9699987568399,1.0
7.820000000017361,22.964168202110535,22.34361133826977,5491.6066439922315,0.0,75,10.0190482030037,1.0
7.840000000017492,22.95945870267696,22.160993178742554,5402.2058053510145,0.0,75,10.0681331794746,1.0
7.860000000017623,22.934171098896524,21.819354610992864,5236.926592042811,0.0,75,10.117252975141495,1.0
7.880000000017754,22.944795591074758,21.91340125091036,5282.168698217398,13.634823150864468,70,10.166406878893213,1.0
7.900000000017885,22.947656097586993,22.154892254651816,5399.231758967541,3370.817734134933,74,10.215594179618721,1.0
7.920000000018016,22.93587234831205,21.925131963801245,5287.82552793109,9647.42137333542,74,10.264814166206847,1.0
7.940000000018147,22.94028472293953,21.975189113506836,5311.998302318283,12542.144244849245,73,10.314066127546518,1.0
7.960000000018278,22.934441993889624,21.83653924582023,5245.178908576719,7095.94213004551,73,10.36334935252663,1.0
7.980000000018409,22.923770280598486,21.236827487416253,4961.031259033064,6872.8289406230915,73,10.412663130036044,1.0
8.00000000001854,22.92446749082711,20.909407736487424,4809.236650797482,9812.54274434681,74,10.462006748963653,1.0
8.02000000001867,22.907222145963246,20.88423123763394,4797.662258256618,9224.267215507445,74,10.51137949819837,1.0
8.040000000018802,22.899958757631758,20.939584191428867,4823.128047209315,5279.9348415833165,72,10.560780666629038,1.0
8.060000000018933,22.898030264753427,21.463976076782565,5067.724959271637,362.42318023344626,72,10.610209543144586,1.0
8.080000000019064,22.885093581971027,22.192821085796982,5417.734385208147,6270.790601013196,74,10.659665416633871,1.0
8.100000000019195,22.889841711395626,22.85673696218432,5746.7346701433125,16136.152178431192,74,10.709147575985813,1.0
8.120000000019326,22.880106632183516,23.845149714010407,6254.502813719277,20234.658996933344,71,10.75865531008933,1.0
8.140000000019457,22.858185246296635,24.51553538660815,6611.1262282124,12221.40668861545,69,10.808187907833236,1.0
8.160000000019588,22.854239611872202,25.11319935684315,6937.40060130202,16514.25292794045,69,10.85774465810645,1.0
8.180000000019719,22.840865241218278,25.69150347679916,7260.586859882216,15080.87560280277,71,10.907324849797863,1.0
8.20000000001985,22.830667939806744,25.818064191682357,7332.296824664138,5766.3299658287015,74,10.956927771796382,1.0
8.220000000019981,22.836323311079664,26.00456172680234,7438.609536633803,357.9963304143394,73,11.006552712990892,1.0
8.240000000020112,22.83148640613104,26.107959150857873,7497.880841251497,9106.346682404414,74,11.05619896227027,1.0
8.260000000020243,22.83898865354756,25.95389061873209,7409.648820740205,13076.4688183586,71,11.10586580852339,1.0
8.280000000020374,22.853476338958487,25.805858576650927,7325.36570565919,8204.826305749346,74,11.155552540639155,1.0
8.300000000020505,22.85018968878992,25.162006682615313,6964.392383255754,2593.282158924283,74,11.20525844750645,1.0
8.320000000020636,22.85030027273807,24.84868559182153,6792.0289320531865,14.014071077787296,74,11.25498281801418,1.0
8.340000000020767,22.836054161668944,24.08969564862457,6383.4478008769765,0.0,75,11.304724941051212,1.0
8.360000000020898,22.816116739503094,23.21318223468074,5927.370124065474,0.0,75,11.354484105506456,1.0
8.38000000002103,22.80718857549992,22.595465731559873,5616.105787887062,3.118051962954429,75,11.404259600268793,1.0
8.40000000002116,22.789618219985954,21.899429132631415,5275.434959686601,0.0,75,11.454050714227087,1.0
8.420000000021291,22.778952208040668,21.46379656603541,5067.640193309688,22.09325895325029,73,11.503856736270249,1.0
8.440000000021422,22.776598992697963,21.172733632649553,4931.131144270425,18.813537950583587,74,11.553676955287187,1.0
8.460000000021553,22.760146306018804,20.704712532370987,4715.5363315293225,162.73637636966316,73,11.603510660166753,1.0
8.480000000021684,22.756849810986044,20.25240912074339,4511.76082713367,72.10265439636981,74,11.65335713979785,1.0
8.500000000021815,22.751809961708876,19.890129713584138,4351.789860255229,211.95040427483232,70,11.7032156830694,1.0
8.520000000021946,22.725805821377374,19.563355499449518,4209.973662376258,5299.448607534467,74,11.753085578870234,1.0
8.540000000022077,22.726356196679387,19.347706349265625,4117.6711507515465,7701.71579394072,73,11.80296611608928,1.0
8.560000000022209,22.716854273691744,19.801527239062043,4313.1052909924765,10141.458247465976,70,11.85285658361542,1.0
8.58000000002234,22.715898148882232,20.502359218592662,4623.814068810327,8642.213850861357,69,11.902756270337532,1.0
8.60000000002247,22.724995577814994,21.24146593641133,4963.198626404952,6663.94537342893,74,11.952664465144519,1.0
8.620000000022602,22.71544431878856,22.498101485450537,5567.810274945948,8802.62138152268,74,12.00258045692525,1.0
8.640000000022733,22.71203468410121,23.66243113463585,6159.017119215224,7009.364617271183,74,12.052503534568624,1.0
8.660000000022864,22.71628534386415,24.73693428522823,6731.075096148698,3984.441710566249,72,12.102432986963551,1.0
8.680000000022995,22.704927582985402,25.83865735324946,7343.998352004955,82.43001679685541,73,12.152368102998887,1.0
8.700000000023126,22.69593825967327,26.285777138861654,7600.362877732921,37.25287101596312,72,12.202308171563539,1.0
8.720000000023257,22.694062241943417,26.676094900644127,7827.754430629888,80.06418703014522,74,12.25225248154639,1.0
8.740000000023388,22.675174755101732,26.790315772623625,7894.931211165748,0.0,75,12.302200321836333,1.0
8.760000000023519,22.671529249953842,26.884103301325343,7950.305113479654,80.42954987430045,74,12.352150981322263,1.0
8.78000000002365,22.673145760466696,26.956586806975064,7993.233295101803,3789.9859973600587,71,12.40210374889308,1.0
8.80000000002378,22.665984065158824,26.80930866330168,7906.129341046008,6976.711515301004,72,12.452057913437628,1.0
8.820000000023912,22.67077108467568,26.76216083082239,7878.345775682845,9424.336403946816,71,12.502012763844828,1.0
8.840000000024043,22.666650845800064,26.241526658830956,7574.794935247494,11766.421679563136,70,12.551967589003551,1.0
8.860000000024174,22.668255555758808,25.850608432655275,7350.793519723148,8259.953923424404,72,12.601921677802679,1.0
8.880000000024305,22.672307219532097,25.133037637826124,6948.365389948231,8686.657651913454,71,12.651874319131148,1.0
8.900000000024436,22.6478664044102,24.32265584514982,6507.507460977608,8943.621692881721,68,12.701824801877818,1.0
8.920000000024567,22.630253128787096,23.754784056792868,6207.1874214334675,9223.594991514123,68,12.751772414931581,1.0
8.940000000024698,22.6357423056004,23.039266153777632,5838.885633950638,7687.390505625036,67,12.801716447181319,1.0
8.960000000024829,22.614789009040585,22.462406641170897,5550.156833246503,9529.337663520551,69,12.851656187515934,1.0
8.98000000002496,22.61736956388016,21.900588595754577,5275.99358924545,8918.567769590807,63,12.901590924824292,1.0
9.000000000025091,22.614925691509693,21.243150175322025,4963.985723084126,9461.677460599729,67,12.951519947995312,1.0
9.020000000025222,22.585414280850244,20.576125888207617,4657.146522241044,9975.75183262574,64,13.001442545917849,1.0
9.040000000025353,22.57861159260127,19.94438430290191,4375.563117440241,9242.445475931028,65,13.051358007480806,1.0
9.060000000025484,22.562966729449982,19.35001073069224,4118.652068056954,9749.240418747879,65,13.101265621573082,1.0
9.080000000025615,22.540420288168672,18.975286977311146,3960.676674584454,9252.857434065743,66,13.151164677083566,1.0
9.100000000025746,22.531685382785163,18.75526655808387,3869.3602603125714,10353.131066767637,67,13.201054462901121,1.0
9.120000000025877,22.512740249678917,18.83560994994709,3902.5822240520047,11197.859510732867,65,13.250934267914658,1.0
9.140000000026008,22.503864314088766,18.915233432615956,3935.6466139138765,9993.51233532089,67,13.300803381013049,1.0
9.16000000002614,22.50577591221282,19.270891364102685,4085.0397936375216,11780.832366167459,67,13.350661091085206,1.0
9.18000000002627,22.497659660036952,20.125215823848414,4455.267431521264,9958.7753486095,69,13.400506687020023,1.0
9.200000000026401,22.497548746601822,20.82809049483931,4771.902890273371,9020.455166033536,66,13.450339457706361,1.0
9.220000000026532,22.49703402367378,21.890900502066266,5271.326772705016,9994.074266175214,67,13.500158692033127,1.0
9.240000000026663,22.474262487251828,23.129265800455837,5884.592301149496,9267.341780851611,64,13.54996367888921,1.0
9.260000000026794,22.470209303780194,24.158201508351176,6419.805701299112,8649.120833106297,68,13.599753707163492,1.0
9.280000000026925,22.476892886830655,25.644385197260235,7233.979413600058,10257.576492115564,66,13.64952806574485,1.0
9.300000000027056,22.47019398828635,26.829483246607474,7918.032884079902,9320.394166507309,67,13.699286043522212,1.0
9.320000000027187,22.47959829386956,27.864674534750318,8540.84095620319,9080.13282493768,67,13.749026929384412,1.0
9.340000000027318,22.477163136702256,28.62196437043792,9011.385288648795,11949.02158545962,69,13.798750012220378,1.0
9.36000000002745,22.475434069632257,29.005256843808425,9254.35417032825,15599.635145335496,64,13.848454580919006,1.0
9.38000000002758,22.474403095219333,29.36240064758127,9483.656289679891,9572.413687794127,60,13.898139924369167,1.0
9.400000000027712,22.455437629140114,29.144629439107284,9343.503676571669,10895.972859636408,62,13.947805331459714,1.0
9.420000000027843,22.447905072433255,28.929026264928197,9205.77416700596,7687.429321737524,62,13.997450091079598,1.0
9.440000000027974,22.445599122519997,28.389998892814198,8865.912408473905,9625.73859934815,66,14.047073492117676,1.0
9.460000000028105,22.420661019910945,27.961303161890772,8600.17921962279,8523.44721319836,63,14.09667482346285,1.0
9.480000000028236,22.409165838937163,27.56155563889199,8356.032841593127,8939.644428582478,59,14.146253374003992,1.0
9.500000000028367,22.420300759139625,27.019582923209335,8030.636474786041,11024.367067736695,62,14.195808432630006,1.0
9.520000000028498,22.41598635267867,26.50004096443869,7724.773882286215,10865.91952644799,59,14.245339288229784,1.0
9.540000000028629,22.42465702122549,26.040452066207486,7459.156581936946,8311.368666314536,61,14.294845229692202,1.0
9.56000000002876,22.427324023745292,25.553735366656614,7182.927303080287,10188.588114361335,58,14.344325545906145,1.0
9.58000000002889,22.405867942001606,25.046596508246072,6900.651963115728,9237.604719648152,58,14.393779525760541,1.0
9.600000000029022,22.394775419204496,24.600549737934223,6657.057521494332,8230.2368964688,58,14.443206458144218,1.0
9.620000000029153,22.371839234698957,24.208572444521984,6446.60477781836,9145.924815529428,63,14.492605631946075,1.0
9.640000000029284,22.349727681113087,23.865965253216807,6265.427272145272,8990.037627329439,58,14.541976336055052,1.0
9.660000000029415,22.35184123109185,23.557577430233078,6104.553998195695,8763.684194760825,63,14.591317859360018,1.0
9.680000000029546,22.33245434221436,23.25658298524101,5949.555173643418,10011.852663237767,65,14.640629490749843,1.0
9.700000000029677,22.324336325955162,23.034763305391458,5836.603525889496,8149.280446557477,54,14.689910519113434,1.0
9.720000000029808,22.319001327095826,22.873061574710036,5754.946403805245,8195.112996193382,58,14.739160233339643,1.0
9.740000000029939,22.288419220698373,22.69683090027249,5666.607462071206,10046.92493238534,56,14.78837792231742,1.0
9.76000000003007,22.273649833754927,22.59083047712349,5613.801838107447,7910.075305827519,54,14.837562874935589,1.0
9.780000000030201,22.268959669959393,22.515874227337353,5576.610514434018,8617.65759347135,63,14.886714380083054,1.0
9.800000000030332,22.24022339586106,22.40011474366928,5519.416545825049,9550.864375736473,54,14.935831726648747,1.0
9.820000000030463,22.232165179610192,22.40032059893257,5519.517992284591,9817.765930802982,51,14.98491420352152,1.0
9.840000000030594,22.240455469731362,22.381290754234453,5510.143934081387,11950.190760238556,58,15.03396109959028,1.0
9.860000000030725,22.233891619703666,22.28307989328136,5461.892144833961,10976.696189839935,56,15.082971703743908,1.0
9.880000000030856,22.239220965373626,22.192352072332415,5417.505395525925,9260.504111131891,53,15.131945304871294,1.0
9.900000000030987,22.228565392465093,22.102622628456604,5373.785197615581,10715.860880642374,57,15.1808811918613,1.0
9.920000000031118,22.20925157263678,21.951715452559476,5300.655924411523,8557.561448180537,50,15.229778653602859,1.0
9.94000000003125,22.19517984363828,21.83976813345719,5246.730193354894,9082.820088014427,54,15.278636978984835,1.0
9.96000000003138,22.178532516626863,21.719530304544772,5189.117963150426,9550.190848737695,60,15.327455456896116,1.0
9.980000000031511,22.16794868216122,21.54331386596205,5105.25809560088,9414.547352091846,56,15.376233376225613,1.0
10.000000000031642,22.169424796387393,21.416454870516596,5045.309931429614,10414.873261451308,62,15.424970025862201,1.0
10.020000000031773,22.148241912593335,21.26661898169482,4974.959912038406,11221.36343485191,61,15.473664694694746,1.0
10.040000000031904,22.142513128885174,21.179375648057345,4934.22548125677,8431.156144640781,53,15.52231667161216,1.0
10.060000000032035,22.140724142891635,21.21883573291884,4952.628888466528,10884.92907653766,60,15.570925245503336,1.0
10.080000000032166,22.11498276057967,21.024232521159586,4862.201884141628,11333.404774631275,59,15.619489705257147,1.0
10.100000000032297,22.10728895954175,20.8262381435622,4771.054147336016,10382.479575208501,57,15.668009339762499,1.0
10.120000000032428,22.10843675466214,20.819418575450637,4767.93008801801,12303.685467885618,52,15.716483437908277,1.0
10.14000000003256,22.086101508627074,20.77045212556301,4745.528496503355,10220.66328238435,56,15.764911288583379,1.0
10.16000000003269,22.07614141612153,20.73833066988163,4730.861948706884,9049.37093350575,54,15.813292180676676,1.0
10.180000000032821,22.07434112484252,20.662267525830654,4696.222292398956,11043.655685091162,48,15.86162540307706,1.0
10.200000000032952,22.059349229580604,20.607582580755146,4671.397058049072,10302.135195913557,53,15.90991024467341,1.0
10.220000000033084,22.05553035471702,20.640430750828788,4686.301197377345,9739.173766013091,55,15.958145994354624,1.0
10.240000000033215,22.047961570374632,20.73617756657782,4729.879660799097,12164.172020600221,52,16.0063319410096,1.0
10.260000000033346,22.03713048066849,20.798844117337744,4758.511082790464,10627.05743484402,56,16.05446737352724,1.0
10.280000000033477,22.030475346555704,20.891779737609934,4801.131066652899,9164.805990849565,60,16.102551580796433,1.0
10.300000000033608,22.019273912448153,20.970441821011715,4837.353731852809,10940.537177429176,54,16.150583851706024,1.0
10.320000000033739,22.004304558605188,20.997423113338787,4849.809551406313,9766.94187499235,56,16.19856347514492,1.0
10.34000000003387,21.993567365793528,21.02389934822544,4862.047781847456,10533.074609465739,56,16.246489740002016,1.0
10.360000000034,21.978724789118782,21.024412396950954,4862.285083007714,11808.795606856553,54,16.29436193516621,1.0
10.380000000034132,21.964899614253657,21.021924196993886,4861.134266385728,9443.787994659902,49,16.34217934952637,1.0
10.400000000034263,21.9621494781071,21.020690620194532,4860.563775649278,13067.65918276856,55,16.389941271971427,1.0
10.420000000034394,21.94651393478088,20.964274319973967,4834.508775394319,11480.433728838278,60,16.43764699139023,1.0
10.440000000034525,21.93488211050878,20.974921634874732,4839.420713480497,9998.752950397042,58,16.485295796671632,1.0
10.460000000034656,21.930694648050586,21.045660914759445,4872.118276729367,11787.47289185943,52,16.53288697670459,1.0
10.480000000034787,21.907318660556058,21.11073638656358,4902.295098612775,10004.960882686644,60,16.58041982037796,1.0
10.500000000034918,21.893485294503407,21.268633667511633,4975.902558910902,9748.338875102027,57,16.62789361658065,1.0
10.520000000035049,21.89642501474627,21.505981433174668,5087.579611444589,10850.888594222231,56,16.675307654201525,1.0
10.54000000003518,21.87815430787257,21.80741564595813,5231.197148711374,9980.93036685065,56,16.72266122212947,1.0
10.560000000035311,21.873021970097106,22.260262763272216,5450.7122811891595,11145.017597809632,58,16.769953609253434,1.0
10.580000000035442,21.87952867607536,22.747778179285433,5692.075533033719,13782.763699784928,54,16.817184104462257,1.0
10.600000000035573,21.867625990340635,23.211411104343657,5926.465660003329,13873.99204130902,58,16.864351996644814,1.0
10.620000000035704,21.862817493361185,23.805948254164313,6233.954895079438,9259.1361758467,58,16.911456574690042,1.0
10.640000000035835,21.85528233856204,24.176910115642848,6429.752810138608,9765.648307289099,57,16.958497127486766,1.0
10.660000000035966,21.838610176832077,24.487453649777233,6595.989248749871,9160.222143314353,57,17.005472943923934,1.0
10.680000000036097,21.828825614102858,24.70047659360231,6711.248983462052,8591.460423758339,63,17.052383312890395,1.0
10.700000000036228,21.812373691266746,24.727754845228215,6726.0804565427825,9417.17344543138,53,17.099227523275054,1.0
10.720000000036359,21.793899410576813,24.70516791204404,6713.798537185195,8678.689843981929,56,17.146004863966805,1.0
10.74000000003649,21.786998863277688,24.637629258093455,6677.140530051889,9574.018614517712,59,17.19271462385456,1.0
10.760000000036621,21.778225702494126,24.515328151835174,6611.0144583137835,10252.99848271135,60,17.239356091827204,1.0
10.780000000036752,21.764064638325628,24.37570720773122,6535.9261206474375,9439.15668183157,47,17.285928556773563,1.0
10.800000000036883,21.75990192543275,24.2383537514796,6462.4757184005175,9806.91912689484,55,17.3324313075826,1.0
10.820000000037014,21.74377514831682,24.063979782434675,6369.826352663673,9601.981124336406,55,17.378863633143165,1.0
10.840000000037145,21.726416857431595,23.850389752190743,6257.252004645457,9688.520065415501,45,17.425224822344134,1.0
10.860000000037276,21.727527891458614,23.652072173205585,6153.625698951785,8364.240123093366,58,17.471514164074403,1.0
10.880000000037407,21.70559935869791,23.47953356059667,6064.173458455039,9399.729959643853,56,17.517730947222883,1.0
10.900000000037538,21.694405313611743,23.323255270199606,5983.716600387831,9482.45874800886,47,17.56387446067851,1.0
10.92000000003767,21.698765610477537,23.198003902465125,5919.6212356466585,10375.499044510163,55,17.60994399333008,1.0
10.9400000000378,21.684092374923623,23.063785757834392,5851.320348316131,9655.996908412053,51,17.655938834066482,1.0
10.960000000037931,21.674402618969452,22.93397898928283,5785.64131508953,9127.517152165738,46,17.701858271776644,1.0
10.980000000038062,21.6703663761421,22.83328874607489,5734.949824577932,10245.803681416379,53,17.74770159534947,1.0
11.000000000038193,21.655565285457822,22.692802788487835,5664.596282369213,9708.588355666716,52,17.793468093673823,1.0
11.020000000038324,21.650974009399974,22.56840608680857,5602.662486290079,8781.100517306644,50,17.839157055638587,1.0
11.040000000038455,21.646756863361475,22.441384470170416,5539.773106318065,10085.47762110985,52,17.884767770132644,1.0
11.060000000038587,21.626869690713768,22.208952039721726,5425.613057729258,9967.686534456183,53,17.930299526044923,1.0
11.080000000038718,21.619997853432,21.978940050706296,5313.811863277954,9740.88061905603,51,17.975751612264283,1.0
11.100000000038849,21.62685319127471,21.797965626273072,5226.664359886006,9898.22398068908,51,18.021123317679614,1.0
11.12000000003898,21.608948813552836,21.56656397923758,5116.283500576026,10429.956608123995,58,18.066413931179813,1.0
11.14000000003911,21.603786830149957,21.346486925476892,5012.397544655115,9468.901288861978,56,18.111622741653772,1.0
11.160000000039242,21.601654607699356,21.161244196999043,4925.780815615282,10984.571686303361,53,18.15674903799035,1.0
11.180000000039373,21.5883898101241,20.968321548472968,4836.375594161714,9983.542041615216,52,18.201792109078507,1.0
11.200000000039504,21.585870894258257,20.8598450908913,4786.464509375802,9425.650059564445,59,18.246751243807072,1.0
11.220000000039635,21.577502662184404,20.808165915338922,4762.777456362997,11155.786678123886,48,18.29162573106493,1.0
11.240000000039766,21.564556533326325,20.715033814901524,4720.23888547765,9812.71744194574,55,18.33641485974098,1.0
11.260000000039897,21.56134983164444,20.69340926642835,4710.38905774693,9538.679667382432,54,18.381117918724133,1.0
11.280000000040028,21.543797360152112,20.631050079653292,4682.042501280784,10912.592847591697,50,18.4257341969033,1.0
11.300000000040159,21.527699253970738,20.49406357075265,4620.07305806256,10033.227751824066,46,18.470262983167302,1.0
11.32000000004029,21.51795249993846,20.392608127184623,4574.44312851808,9096.733911463623,52,18.51470356640506,1.0
11.34000000004042,21.50467687167428,20.24481630194809,4508.3784580958545,10539.317642436234,53,18.559055235505433,1.0
11.360000000040552,21.487560783923332,20.050787861915556,4422.375032718942,10269.140779757543,42,18.60331727935739,1.0
11.380000000040683,21.49657892041527,19.91788813067277,4363.9449434459475,9949.520769836236,58,18.647488986849748,1.0
11.400000000040814,21.4796338752159,19.731167724045534,4282.508777298578,10813.83828020241,50,18.691569646871432,1.0
11.420000000040945,21.47050607405789,19.506007149659208,4185.3274641481175,11016.04965110304,48,18.735558548311307,1.0
11.440000000041076,21.468495871096405,19.38433146793391,4133.275371046062,9724.298396342858,55,18.7794549800583,1.0
11.460000000041207,21.44673892556989,19.343737095141723,4115.981812865582,11405.573061017782,54,18.82325823100121,1.0
11.480000000041338,21.434518409542527,19.379332184123207,4131.143674928529,9534.692433493517,53,18.866967590028977,1.0
11.500000000041469,21.436601542849314,19.597280026789573,4224.587228932461,11492.043289567042,59,18.910582346030477,1.0
11.5200000000416,21.41754985150146,19.845609509037008,4332.330384636981,11918.696492583922,56,18.95410178789462,1.0
11.540000000041731,21.406204587716545,20.242912623648866,4507.530626375509,10804.632080491216,49,18.997525204510364,1.0
11.560000000041862,21.397141094092504,20.731418220724574,4727.7087158685,10304.923971570955,55,19.040851884766518,1.0
11.580000000041993,21.376803261289375,21.0765208484885,4886.417041844474,10980.139397788362,50,19.084081117551996,1.0
11.600000000042124,21.36353357529064,21.2840723597973,4983.129098387962,9204.405036787075,51,19.127212191755618,1.0
11.620000000042255,21.362281755730308,21.37508277034768,5025.835797831357,11765.786226732149,49,19.17024439626637,1.0
11.640000000042386,21.345278925621606,21.30782495519314,4994.257447532667,11058.137970225845,58,19.213177019973056,1.0
11.660000000042517,21.343205267066786,21.251138077016357,4967.719565252559,8702.956868191543,49,19.256009351764682,1.0
11.680000000042648,21.357002745017542,21.258107821109864,4970.978629473256,11129.851408042563,54,19.298740680530035,1.0
11.70000000004278,21.33718013385379,21.19812077531986,4942.963568455522,10714.109690735742,51,19.341370295158015,1.0
11.72000000004291,21.328684035587894,21.167428392533445,4928.660272283341,9254.276740197824,50,19.38389748453754,1.0
11.740000000043041,21.333703781757947,21.253028499590435,4968.603424448436,10767.003104920888,51,19.42632153755747,1.0
11.760000000043172,21.316132410452582,21.280927245442662,4981.656508684062,10757.15165759347,55,19.468641743106687,1.0
11.780000000043303,21.307513055293096,21.379414908603724,5027.873200176499,9716.842466127002,47,19.51085739007414,1.0
11.800000000043434,21.305802476924413,21.566062584775562,5116.04560951502,12642.915588418595,43,19.55296776734868,1.0
11.820000000043565,21.284003747747064,21.670510629357338,5165.721340307983,10421.43810984316,52,19.594972163819197,1.0
11.840000000043696,21.272186496523837,21.869219029176666,5260.890150407131,9209.14950239044,48,19.636869868374582,1.0
11.860000000043827,21.26688423563491,22.0819218330766,5363.723990263155,10431.835832373092,45,19.678660169903694,1.0
11.880000000043959,21.245447476047634,22.186615355553087,5414.704910287905,9577.133424934165,45,19.720342357295465,1.0
11.90000000004409,21.23458107817367,22.28328377242299,5461.992092505628,8699.525520033534,45,19.761915719438733,1.0
11.92000000004422,21.238705470364273,22.313439846188537,5476.785575464218,10076.681323227533,41,19.80337954522248,1.0
11.940000000044352,21.219651787768928,22.26149706846312,5451.316769021114,9440.7693548155,48,19.844733123535487,1.0
11.960000000044483,21.223085261621456,22.246477088519626,5443.963171350315,8680.240586971315,44,19.885975743266734,1.0
11.980000000044614,21.23436334472529,22.250799719048242,5446.078969509171,10198.163514924028,47,19.927106693305056,1.0
12.000000000044745,21.217159965878064,22.161445183518126,5402.426178842866,10390.338750338533,47,19.968125262539345,1.0
12.020000000044876,21.21463236138625,22.15682928835596,5400.175925246834,8691.019468986107,45,20.009030739858503,1.0
12.040000000045007,21.21342531740158,22.209066186706814,5425.668829740764,10744.68180423146,39,20.049822414151457,1.0
12.060000000045138,21.191590182579617,22.149994608789314,5396.844872863352,9636.644030971185,42,20.09049957430701,1.0
12.080000000045269,21.18115393372032,22.168841036106063,5406.032641725541,8931.603127505141,50,20.1310615092141,1.0
12.1000000000454,21.17063316060959,22.167393245338328,5405.326556228185,10232.282276140315,39,20.171507507761607,1.0
12.12000000004553,21.14258277311456,22.07573075907858,5360.7167740206105,9739.68950028224,48,20.21183685883841,1.0
12.140000000045662,21.128868055187645,22.001905892250317,5324.922491805831,7938.033660829523,52,20.25204885133343,1.0
12.160000000045793,21.12584762468551,21.853219715970074,5253.195331499095,10320.134939302283,36,20.29214277413553,1.0
12.180000000045924,21.108866205761093,21.592064694360552,5128.389835419966,10376.664028747946,44,20.33211791613364,1.0
12.200000000046055,21.118675790994935,21.372443702272324,5024.5948478748,9787.553243668277,39,20.37197356621661,1.0
12.220000000046186,21.112891545746304,21.246106912074453,4965.367648112276,9632.572704779686,39,20.41170901327334,1.0
12.240000000046317,21.100728046244868,21.158949366513312,4924.712521241415,9308.722018231472,45,20.451323546192675,1.0
12.260000000046448,21.10439903922901,21.112829398331,4903.267217233328,8839.220967659356,52,20.490816453863523,1.0
12.280000000046579,21.100171666813612,21.09522949926327,4895.09578389246,10549.039865702229,39,20.530187025174804,1.0
12.30000000004671,21.080560228860648,21.03524291068295,4867.29588742581,10074.178584970296,43,20.56943454901536,1.0
12.320000000046841,21.08039945681991,21.17669703281876,4932.977469417743,9274.984878982057,44,20.60855831427414,1.0
12.340000000046972,21.077383391752228,21.34335147362032,5010.925173391397,10871.80078627471,35,20.64755760984004,1.0
12.360000000047103,21.066154882827764,21.429789978976522,5051.594883973468,10267.22086325574,42,20.686431724601913,1.0
12.380000000047234,21.063595104205696,21.497095079962612,5083.37606564648,8868.365285336253,48,20.72517994744864,1.0
12.400000000047365,21.04381208093135,21.451090212514107,5061.641984359603,10233.09398178579,35,20.763801567269116,1.0
12.420000000047496,21.017309862736724,21.28565382009204,4983.869644036788,9678.45695142584,36,20.802295872952243,1.0
12.440000000047627,21.009264187446533,21.10899316325822,4901.4855160313045,9835.106064655496,48,20.840662153386916,1.0
12.460000000047758,21.005069153263715,20.881530006961913,4796.4212497481585,10636.818837131146,30,20.87889969746206,1.0
12.48000000004789,20.98698507093947,20.56245295617616,4650.9591873245345,10701.33048910983,45,20.91700779406644,1.0
12.50000000004802,20.978938661016095,20.264079658226844,4516.962168344593,10590.448325199071,42,20.95498573208902,1.0
12.520000000048151,20.971371808252393,20.01630863738801,4407.178726138914,10425.325743637917,35,20.992832800418693,1.0
12.540000000048282,20.963218111355445,19.925214754015602,4367.1560129300515,9642.683505310537,41,21.030548287944374,1.0
12.560000000048413,20.967049265430596,19.98925095035525,4395.27168911906,8896.728869789926,44,21.068131483554914,1.0
12.580000000048544,20.962067551652996,20.10916234885228,4448.162514097479,11029.993994134873,33,21.10558167613919,1.0
12.600000000048675,20.947106742247474,20.284706482206765,4526.1624877620925,10555.11396207905,40,21.142898154586135,1.0
12.620000000048806,20.947291470007627,20.654837163717627,4692.845280856599,10478.364371343896,47,21.180080207784602,1.0
12.640000000048937,20.9380384223327,20.960909768930605,4832.957121753755,11271.71969994222,35,21.217127124623435,1.0
12.660000000049068,20.92311995310217,21.16544553852444,4927.736933286686,9961.139969090493,41,21.254038193991605,1.0
12.6800000000492,20.918562099746705,21.274843561979104,4978.808654453521,8549.95912536056,48,21.290812704777974,1.0
12.70000000004933,20.900294817672513,21.24650431935906,4965.553403717976,10520.77276582788,35,21.327449945871418,1.0
12.720000000049462,20.877972444930585,21.07901477528313,4887.57350286265,10066.334656127863,37,21.363949206160868,1.0
12.740000000049593,20.878489361413923,20.887809793029344,4799.306577447498,10027.762327183558,44,21.40030977453518,1.0
12.760000000049724,20.875331906629903,20.70698187871781,4716.570083781025,10616.826970185117,35,21.43653093988323,1.0
12.780000000049855,20.856155969342574,20.50410426848127,4624.6012103802705,10137.471877114685,43,21.472611991093952,1.0
12.800000000049986,20.845383147321893,20.33283479932806,4547.665880744428,9842.559343459961,50,21.50855221705614,1.0
12.820000000050117,20.8349070593011,20.21695664103498,4495.9786940803715,10150.567074916147,36,21.54435090665887,1.0
12.840000000050248,20.82574110362913,20.1948373541786,4486.146013379001,9636.107989372147,42,21.58000734879078,1.0
12.860000000050379,20.8276054876557,20.31301284186245,4538.803397850356,9483.911448456207,46,21.61552083234091,1.0
12.88000000005051,20.828221408161113,20.504457098486334,4624.760369940333,11849.104250060267,38,21.650890646198103,1.0
12.90000000005064,20.814494282780455,20.702132160836573,4714.361036052183,10669.554244910005,48,21.686116079251292,1.0
12.920000000050772,20.811251391300672,21.087946027801866,4891.71614438633,10248.302800276557,43,21.721196420389333,1.0
12.940000000050903,20.797942205894557,21.40892735273359,5041.763874340869,10876.485568796264,44,21.75613095850119,1.0
12.960000000051034,20.775245838896936,21.609073845876793,5136.472797242121,10029.33832143597,46,21.790918982475656,1.0
12.980000000051165,20.76519853299072,21.692303068622945,5176.1161366308725,8504.608976272864,47,21.8255597812017,1.0
13.000000000051296,20.754701615037533,21.628652386141948,5145.784644446201,10439.944677558196,36,21.860052643568128,1.0
13.020000000051427,20.732952713546872,21.384870993472237,5030.439781481953,10235.703546036766,41,21.894396858463868,1.0
13.040000000051558,20.745483187929874,21.105593616272902,4899.906900847854,10164.482474813172,49,21.92859171477781,1.0
13.060000000051689,20.739637807502614,20.856638407382476,4784.993022219321,10751.856166750062,38,21.962636501398816,1.0
13.08000000005182,20.7177623360771,20.718897864168923,4722.000015764499,9885.453045830403,49,21.996530507215834,1.0
13.100000000051951,20.708472946579345,20.616806172653163,4675.579664368245,9189.992922666028,43,22.03027302111767,1.0
13.120000000052082,20.70201687531681,20.56497078592668,4652.098257686195,9820.20073141933,45,22.063863331993282,1.0
13.140000000052213,20.679597898664326,20.522260413159042,4632.7948971206615,9639.322849491116,41,22.09730072873156,1.0
13.160000000052344,20.67907245573789,20.706330227509223,4716.273226397284,9193.399972741501,46,22.130584500221367,1.0
13.180000000052475,20.698068615336926,20.9697582030565,4837.038350041209,11202.121626816175,40,22.163713935351584,1.0
13.200000000052606,20.684734497849703,21.122979882358273,4907.983070215635,11283.635689389761,45,22.196688323011095,1.0
13.220000000052737,20.682939904021335,21.29706927039272,4989.216754586964,9607.690945541846,42,22.22950695208883,1.0
13.240000000052868,20.67265455822653,21.43471154821067,5053.915450704955,9733.802482570156,36,22.262169111473654,1.0
13.260000000053,20.64512594007914,21.486893263039182,5078.552403069624,9497.903078060259,46,22.294674090054496,1.0
13.28000000005313,20.63289957880359,21.460461893002755,5066.065671271257,8467.809292199923,34,22.32702117672012,1.0
13.300000000053261,20.63442711846884,21.271877033413094,4977.4202777711225,10120.205439711626,37,22.35920966035952,1.0
13.320000000053392,20.611092348743444,20.93627013931528,4821.601480810231,10582.42573431029,46,22.39123882986156,1.0
13.340000000053523,20.616116041125277,20.57428357134866,4656.31258921694,10344.020958415309,49,22.423107974115123,1.0
13.360000000053654,20.620596211165026,20.26310238301132,4516.526500028389,10295.626507731493,42,22.454816382009103,1.0
13.380000000053785,20.597718486093076,20.081134913164394,4435.77177340781,9473.394340579027,50,22.48636334243244,1.0
13.400000000053916,20.593295786862946,20.04046768255129,4417.82379428921,9296.43968955853,28,22.517748144273984,1.0
13.420000000054047,20.594653179058973,20.089332763891125,4439.394199881844,9015.787747681823,47,22.54897007642261,1.0
13.440000000054178,20.57394796426596,20.101473110173583,4444.761433189348,10496.763557083123,47,22.58002842776717,1.0
13.46000000005431,20.577292375028936,20.348114989895564,4554.503620062138,10727.745245705391,42,22.610922487196607,1.0
13.48000000005444,20.591049816507738,20.669057831601002,4699.309468106734,10532.29828292924,42,22.641651543599764,1.0
13.500000000054571,20.574873100979,20.87999093925571,4795.714237857405,10890.307163495885,48,22.672214885865586,1.0
13.520000000054702,20.57177878081264,21.02434799938631,4862.255296792291,8890.603666436871,45,22.70261180288295,1.0
13.540000000054834,20.56432803615477,21.081153949965294,4888.565570483511,9076.467477946035,44,22.732841583540715,1.0
13.560000000054965,20.532568965210487,20.984609451344785,4843.892172080157,9277.993286145635,43,22.76290351672778,1.0
13.580000000055096,20.519115820354497,20.84115174347978,4777.8896659422535,9146.649057990524,35,22.79279689133307,1.0
13.600000000055227,20.533526937304142,20.692215691736607,4709.845692566857,10056.530321666787,46,22.82252099624543,1.0
13.620000000055358,20.527061204892224,20.469355008375686,4608.939439048063,10027.076707674372,50,22.852075120353746,1.0
13.640000000055489,20.521187789307582,20.195858719599816,4486.599803642394,9979.380414065945,39,22.88145855254694,1.0
13.66000000005562,20.516660903855215,19.939132633289447,4373.259111846989,9754.26981742914,44,22.910670581713934,1.0
13.68000000005575,20.498466707448745,19.690944503075936,4265.0662496553805,9483.458749673808,51,22.939710496743505,1.0
13.700000000055882,20.495429387279046,19.617031040383814,4233.106975233203,9562.638716670697,33,22.968577586524663,1.0
13.720000000056013,20.5038805703448,19.715948195109547,4275.904745554677,10338.38570158459,45,22.997271139946225,1.0
13.740000000056144,20.49911023613885,19.80076647814791,4312.773884343606,11172.896863050973,47,23.025790445897087,1.0
13.760000000056275,20.499841537812706,20.010822723168513,4404.76328663885,9907.034736028198,37,23.054134793266126,1.0
13.780000000056406,20.504925720832546,20.35813534024087,4558.990419847207,11624.469181782475,47,23.082303470942243,1.0
13.800000000056537,20.487162137289,20.63171399230807,4682.343844864407,11355.629986226586,47,23.110295767814353,1.0
13.820000000056668,20.478633058303878,20.88920374515193,4799.947164171164,9778.343851777616,41,23.138110972771344,1.0
13.840000000056799,20.47407292693968,21.068878582633992,4882.874092027507,8295.55767122333,51,23.165748374702048,1.0
13.86000000005693,20.451224433878238,21.044859438600117,4871.747196694801,9506.534090368867,44,23.193207262495434,1.0
13.880000000057061,20.43133799499737,20.873922903192042,4792.927231052458,9197.561736960723,31,23.220486925040333,1.0
13.900000000057192,20.437033987932715,20.680936206326102,4704.712346071428,9684.140392090922,46,23.247586651225607,1.0
13.920000000057323,20.43346078808172,20.52382214721267,4633.50003083459,10257.50210257678,48,23.274505729940223,1.0
13.940000000057454,20.42829609486994,20.33062667675497,4546.678191765389,9778.449921422463,39,23.30124345007307,1.0
13.960000000057585,20.42602951142854,20.16907157145743,4474.705928600295,9368.821070221375,48,23.327799100513012,1.0
13.980000000057716,20.41215807225693,20.049280462116062,4421.710117534478,9254.137480324718,37,23.35417197014892,1.0
14.000000000057847,20.394396226271983,20.014303843214254,4406.295941613509,9465.741499620535,37,23.380361347869723,1.0
14.020000000057978,20.4039667350479,20.16268585147758,4471.872908199116,8716.729098576845,50,23.406366522564223,1.0
14.040000000058109,20.4098854139424,20.282485377045916,4525.171343770895,11246.015415084588,38,23.432186783121363,1.0
14.06000000005824,20.40011797487662,20.323629486561217,4543.549070577226,9783.788122619595,45,23.45782141843006,1.0
14.080000000058371,20.398207921512903,20.503970652689613,4624.540937789926,9614.487111359815,43,23.48326971737916,1.0
14.100000000058502,20.389178992255736,20.66079788462351,4695.554261521896,10039.097409683369,36,23.508530968857553,1.0
14.120000000058633,20.369232684933163,20.774993238147168,4747.603784495666,9828.545346670688,47,23.533604461754148,1.0
14.140000000058764,20.36094060216494,20.87448757577137,4793.186547061366,8167.332004713392,45,23.558489484957907,1.0
14.160000000058895,20.355186441025506,20.846162775281638,4780.187526988916,9846.671021519067,40,23.583185327357587,1.0
14.180000000059026,20.333689435082533,20.65163424111396,4691.3899651162565,9716.880362685642,39,23.607691277842104,1.0
14.200000000059157,20.33177000838406,20.472166359474386,4610.205549949942,9006.673422923095,35,23.632006625300374,1.0
14.220000000059288,20.34047323207946,20.39177383526503,4574.068841634595,9560.544051974051,38,23.656130658621283,1.0
14.24000000005942,20.324412018951246,20.25460914585203,4512.741108163559,9512.664422152682,50,23.680062666693726,1.0
14.26000000005955,20.322399743442993,20.14505196229358,4464.054304198592,9507.266202681623,36,23.703801938406567,1.0
14.280000000059681,20.336118779329805,20.116517899286798,4451.417216315587,10314.067870556382,47,23.727347762648762,1.0
14.300000000059812,20.327265564656496,20.037730531442048,4416.617093357533,9924.494134700297,47,23.750699428309172,1.0
14.320000000059943,20.329917983837,20.09303223482405,4441.029388286463,9028.482314927292,43,23.773856224276628,1.0
14.340000000060074,20.336163327687743,20.272128385871884,4520.5510822259985,10490.926875231384,46,23.796817439440073,1.0
14.360000000060205,20.317119392268033,20.314197084119996,4539.332634897163,10573.718583780956,49,23.819582362688358,1.0
14.380000000060337,20.309997972372834,20.45625001602826,4603.039811900819,9419.328478107196,42,23.842150282910392,1.0
14.400000000060468,20.305267581246454,20.62824340554133,4680.768685980853,9737.653222969637,50,23.864520488995066,1.0
14.420000000060599,20.28607124798369,20.665761194796872,4697.810543364095,9569.370063301925,49,23.88669226983133,1.0
14.44000000006073,20.272872465059994,20.624626404177373,4679.127357430795,8971.614365138672,43,23.90866491430798,1.0
14.46000000006086,20.276323975214833,20.564838672969294,4652.038486097788,8767.556300339507,53,23.930437711313942,1.0
14.480000000060992,20.26696641681157,20.421969665010607,4587.625294984748,9907.12587141578,48,23.95200994973811,1.0
14.500000000061123,20.25898743695683,20.26555160374183,4517.618399843153,9462.620165809021,39,23.973380918469342,1.0
14.520000000061254,20.262690996212424,20.191867070185808,4484.826453580594,8764.257250769777,53,23.994549906396593,1.0
14.540000000061385,20.257490903508547,20.11805372561941,4452.096942776,9065.34714799831,45,24.015516202408712,1.0
14.560000000061516,20.25060979636296,20.03166275055718,4413.942638072661,9541.117528950774,38,24.036279095394615,1.0
14.580000000061647,20.255153521273805,20.05212800782191,4422.966214062835,9192.497882997943,47,24.05683787424308,1.0
14.600000000061778,20.249042135474543,20.010111105531426,4404.450011012833,10152.16462787233,45,24.077191827843134,1.0
14.620000000061909,20.242517926224153,19.93346610762901,4370.773781703938,9820.774844035099,43,24.097340245083558,1.0
14.64000000006204,20.24236084090099,20.04942275065106,4421.772878977568,9245.959704809005,46,24.117282414853292,1.0
14.66000000006217,20.234452227828054,20.124863049195337,4455.111240237547,10205.819296237247,39,24.137017626041235,1.0
14.680000000062302,20.221899766103924,20.13085786115112,4457.765820484568,9807.564859238411,45,24.15654516753627,1.0
14.700000000062433,20.21729261023753,20.238673675730695,4505.64303367986,8588.67519296669,52,24.175864328227288,1.0
14.720000000062564,20.209164775372916,20.26229771564644,4516.167795892401,9810.901122803352,37,24.19497439700315,1.0
14.740000000062695,20.19119833056069,20.189124504945504,4483.608231038102,9552.683002412356,39,24.213874662752755,1.0
14.760000000062826,20.187518548857287,20.176965786292577,4478.209431753434,8597.656195468095,53,24.232564414365022,1.0
14.780000000062957,20.19490041914364,20.159730458559455,4470.5620537794675,9148.957164317892,34,24.25104294072882,1.0
14.800000000063088,20.180038643749125,20.023369703565507,4410.2886771423155,9561.384119878088,47,24.26930953073302,1.0
14.820000000063219,20.177855072149164,19.933164572422214,4370.641548583949,9475.193533560998,36,24.287363473266492,1.0
14.84000000006335,20.187910200519365,19.9285733807491,4368.628406910918,9419.50504371039,43,24.305204057218173,1.0
14.860000000063481,20.17437266685356,19.84530119905375,4332.1957764928065,9685.831279511589,45,24.322830571476977,1.0
14.880000000063612,20.17340029224501,19.868136069030502,4342.1711394326185,8875.146311521283,37,24.34024230493176,1.0
14.900000000063743,20.181110622964766,19.975004664879837,4389.008924981684,10166.6002869339,41,24.357438546471403,1.0
14.920000000063874,20.16721153074592,19.96004915013853,4382.439182835405,10542.907791934347,46,24.374418584984753,1.0
14.940000000064005,20.16348146901311,20.05939736181919,4426.173647712945,8969.588741282132,35,24.391181709360747,1.0
14.960000000064136,20.162135639452433,20.233740761834948,4503.446917388553,9925.958628279588,48,24.407727208488275,1.0
14.980000000064267,20.145414265727197,20.274046652541074,4521.406644363531,10270.56448647145,45,24.42405437125624,1.0
15.000000000064398,20.137448516224175,20.362138783293396,4560.783654131112,9113.85793030012,33,24.44016248655351,1.0
15.02000000006453,20.134658069843507,20.439401712260977,4595.460565906947,9332.732766575196,48,24.456050843269,1.0
15.04000000006466,20.122057689853154,20.3539030284092,4557.095053388737,9727.634644143698,44,24.471718730291585,1.0
15.060000000064791,20.112920783066873,20.24413652122016,4508.075698387798,9534.004611963093,35,24.48716543651014,1.0
15.080000000064922,20.11680098372807,20.232135595107923,4502.732418127163,8860.688246973305,44,24.5023902508135,1.0
15.100000000065053,20.111976424630942,20.15114411701746,4466.754701472881,9346.068503719072,45,24.517392462090644,1.0
15.120000000065184,20.10223032187868,20.026602988273066,4411.713099748985,9570.486684871343,39,24.532171359230425,1.0
15.140000000065315,20.10876801244918,19.981951428845058,4392.062211951954,9133.774248353777,48,24.54672623112176,1.0
15.160000000065446,20.10833303253014,19.962421534591726,4383.481008772046,9420.517049015294,35,24.56105636665352,1.0
15.180000000065577,20.100516384288056,19.917738958821577,4363.879577549347,9950.339597904109,41,24.575161054714535,1.0
15.200000000065709,20.10404362598134,20.04846915728197,4421.352271055352,8962.546783866295,45,24.589039584193788,1.0
15.22000000006584,20.104390691278446,20.14346634527281,4463.351600434522,10420.726629716115,33,24.602691243980104,1.0
15.24000000006597,20.09525174096873,20.17451396859253,4477.121152558288,9701.99344042102,46,24.616115322962393,1.0
15.260000000066102,20.093790507937566,20.34731975735498,4554.1476343885315,8776.623704710184,50,24.629311110029512,1.0
15.280000000066233,20.08914105047063,20.454626736292024,4602.309304131358,9558.911725729587,34,24.64227789407042,1.0
15.300000000066364,20.07218640298669,20.467254659649246,4607.993646332272,9649.392538479733,43,24.655014963973965,1.0
15.320000000066495,20.065546105242642,20.507602849202197,4626.179520826667,8390.711587615016,40,24.66752160862905,1.0
15.340000000066626,20.071502177580324,20.466631969319916,4607.713265843468,9189.500220529437,36,24.679797116924505,1.0
15.360000000066757,20.055210269106237,20.285956692336708,4526.720428156965,9584.070887076803,44,24.691840777749313,1.0
15.380000000066888,20.051734713116545,20.142896095132365,4463.098894092285,9576.74675853481,31,24.70365187999232,1.0
15.400000000067019,20.063149316471648,20.101195383450925,4444.638614280357,9123.052681117671,41,24.71522971254241,1.0
15.42000000006715,20.050994631097662,19.997785243795235,4399.025561226499,9144.441677980401,48,24.726573564288454,1.0
15.44000000006728,20.046366394835527,19.938654237339684,4373.049260758021,9490.318710754987,36,24.737682724119413,1.0
15.460000000067412,20.053599443328974,19.961724673673896,4383.174971423173,9687.469187344921,45,24.748556480924076,1.0
15.480000000067543,20.043563782621558,19.88496698067951,4349.531030049859,10097.446575555305,45,24.75919412359137,1.0
15.500000000067674,20.04057765821558,19.89514398021119,4353.984293926669,9188.879014045375,33,24.769594941010237,1.0
15.520000000067805,20.043946617381835,20.08050750871174,4435.494599881714,9995.853870957579,45,24.779758222069514,1.0
15.540000000067936,20.03574695244304,20.13144928856096,4458.027755036918,10580.840298257546,44,24.789683255658126,1.0
15.560000000068067,20.03306097010166,20.181642901152983,4480.285812086245,9278.464013209257,37,24.799369330664938,1.0
15.580000000068198,20.032315737883902,20.282577749380682,4525.212561756396,9049.280570266284,49,24.80881573597878,1.0
15.600000000068329,20.020500381107457,20.240574769831568,4506.489537144565,9577.409211724264,39,24.81802176048859,1.0
15.62000000006846,20.008758620904015,20.153791982977086,4467.928644224226,9486.578191496848,35,24.826986693083285,1.0
15.640000000068591,20.01132949278751,20.14099089479245,4462.254656465236,8831.28428854113,46,24.835709822651733,1.0
15.660000000068722,20.011524119573348,20.074105110560502,4432.666655888144,9138.230433242332,25,24.844190438082805,1.0
15.680000000068853,19.999985619260364,19.915026552431062,4362.691108424377,9524.613533599137,40,24.852427828265437,1.0
15.700000000068984,20.00647399545535,19.79684677119019,4311.066562901818,9610.756079481245,43,24.860421282088506,1.0
15.720000000069115,20.01425681028803,19.751638235890397,4291.399343016363,9156.97857082723,30,24.868170088440813,1.0
15.740000000069246,20.00338637037395,19.657049424517872,4250.3955128573225,9838.137657755697,39,24.875673536211355,1.0
15.760000000069377,20.00604902120516,19.702735336583192,4270.175577177884,9364.952855813406,40,24.882930914288995,1.0
15.780000000069508,20.014761960398012,19.780038358776515,4303.749092221374,10442.35534359861,35,24.889941511562583,1.0
15.80000000006964,20.00126155817954,19.75549604057287,4293.0758618999935,10451.510503048903,41,24.89670461692098,1.0
15.82000000006977,20.0002323571692,19.901549560232468,4356.788423882281,8895.315162631472,36,24.9032195192532,1.0
15.840000000069901,20.0005974766437,20.065895648494923,4429.041849939163,9801.764960274912,37,24.909485507448068,1.0
15.860000000070032,19.984225910511608,20.099161068308145,4443.739032147732,10221.59451741781,43,24.915501870394444,1.0
15.880000000070163,19.979078889289436,20.180749422036207,4479.889119585162,9026.647253762332,33,24.921267896981256,1.0
15.900000000070294,19.98008822494141,20.221001419844818,4497.777882635028,9121.706468092932,46,24.92678287609737,1.0
15.920000000070425,19.968139908559653,20.09462238134526,4441.732335137481,9570.8298514065,41,24.93204609663168,1.0
15.940000000070556,19.962262923610147,19.958749866251768,4381.868658459654,9460.795540139501,30,24.93705684747307,1.0
15.960000000070687,19.97299554343077,19.939568999652188,4373.450530810796,8778.313324679535,37,24.941814417510454,1.0
15.980000000070818,19.968397859286252,19.86985684255184,4342.923320378546,9135.340906714417,42,24.946318095632666,1.0
16.000000000070948,19.96159831607847,19.77693077904009,4302.396901428376,9550.731597774718,33,24.950567170728608,1.0
16.02000000007019,19.97098034698546,19.778907668283036,4303.25707405512,9159.053381294452,42,24.954561069371746,1.0
16.040000000069433,19.96963446613666,19.741899905666276,4287.168730738807,9600.53669780499,41,24.958300980661473,1.0
16.060000000068676,19.964895500800363,19.707820623564405,4272.380131036495,9971.062709774009,35,24.961791196989225,1.0
16.08000000006792,19.968907970862734,19.87382528731186,4344.65824705656,9174.122137529886,39,24.965038539373356,1.0
16.100000000067162,19.967007127119178,19.972595895519174,4387.950454862803,10701.62447988504,29,24.968051700252357,1.0
16.120000000066405,19.960533199493675,20.004864140219535,4402.140481955056,10107.72681611353,35,24.970840706260837,1.0
16.140000000065648,19.960532593551484,20.142957926582945,4463.126294352997,8500.929533143046,43,24.97341648181084,1.0
16.16000000006489,19.956643085765194,20.19874580299921,4487.8826521559595,9563.300086933119,26,24.975790497158993,1.0
16.180000000064133,19.9414366004729,20.158279258501846,4469.918449301203,9759.977687386448,36,24.97797448708808,1.0
16.200000000063376,19.938153085726572,20.153556416122267,4467.824198396053,9241.61558808177,33,24.979980228431135,1.0
16.22000000006262,19.94798464329795,20.124341192562852,4454.880192781503,9077.334307005267,26,24.981819366460996,1.0
16.240000000061862,19.93327736556709,19.968408703546142,4386.11080767043,9384.849163347317,38,24.983503281705598,1.0
16.260000000061105,19.933689731270412,19.846358638657403,4332.657463356325,9590.09019637933,25,24.98504299006007,1.0
16.280000000060348,19.948130989753437,19.831708719030793,4326.2633778813015,9189.282978369209,35,24.986449070188318,1.0
16.30000000005959,19.938091322257506,19.760664989033938,4295.3226888971485,9708.73648249624,42,24.987731613159912,1.0
16.320000000058833,19.93668550696418,19.773413348248987,4300.866629847823,9624.807560871572,32,24.98890019008335,1.0
16.340000000058076,19.946011119327466,19.86405044618198,4340.385501413089,9786.96783600727,41,24.989963834185648,1.0
16.36000000005732,19.93809545743203,19.832642033291794,4326.670590227617,10589.637048527298,40,24.99093103437812,1.0
16.38000000005656,19.937541018754757,19.891883481422408,4352.557312823342,9692.585500267462,30,24.991809737844232,1.0
16.400000000055805,19.940003450183518,20.08786886053938,4438.747228940505,9663.178018745386,41,24.992607359608407,1.0
16.420000000055047,19.93076407086444,20.143631636878233,4463.424850744658,10499.494245574075,40,24.993330797400294,1.0
16.44000000005429,19.92531430280652,20.18701301978319,4482.670441269856,9639.662606527045,33,24.993986450430278,1.0
16.460000000053533,19.923865664314803,20.256511821440174,4513.588982893601,8955.875590672304,47,24.99458024094483,1.0
16.480000000052776,19.918089291292258,20.176503023287793,4478.004016736156,9522.439140306184,38,24.995117637643304,1.0
16.50000000005202,19.908169622757285,20.026306935581342,4411.582664259247,9489.99516108056,33,24.99560368021562,1.0
16.52000000005126,19.914134777703882,19.94810575284947,4377.1961543955285,9181.522154906512,45,24.996043004409458,1.0
16.540000000050505,19.91962223304519,19.915137247750806,4362.739607564267,9019.011929833296,21,24.996439867159765,1.0
16.560000000049747,19.908946692289323,19.80200117266889,4313.311754866181,9502.429940887305,38,24.996798171416042,1.0
16.58000000004899,19.91572362518123,19.753931973374016,4292.396112495571,9546.016252866862,35,24.997121490388405,1.0
16.600000000048233,19.927875602601873,19.75742516905105,4293.914342417172,9657.708695055244,29,24.99741309100334,1.0
16.620000000047476,19.91775698215312,19.693581416986717,4266.20863930233,10299.122540265267,36,24.997675956417922,1.0
16.64000000004672,19.91919126056623,19.829272050348926,4325.200330514241,9331.325426384878,34,24.9979128074873,1.0
16.66000000004596,19.926605763635383,20.003192076583456,4401.4046257796035,10213.550481458218,29,24.99812612311905,1.0
16.680000000045204,19.916120519358795,20.039277372153606,4417.299013579182,10487.454341964305,39,24.998318159477936,1.0
16.700000000044447,19.91785258162436,20.159039633608035,4470.255668443176,8831.713796166621,30,24.99849096802833,1.0
16.72000000004369,19.919201792568074,20.262026522830613,4516.046906930804,9437.77369908871,41,24.998646412421767,1.0
16.740000000042933,19.903807112298175,20.22040426068624,4497.512233121361,9686.743752655553,38,24.998786184249784,1.0
16.760000000042176,19.895634510969415,20.166255201450717,4473.456337350419,9414.279780214374,28,24.998911817695426,1.0
16.78000000004142,19.904592960183308,20.13448426838086,4459.372024290439,8927.954079747306,40,24.999024703123535,1.0
16.80000000004066,19.897085062050202,19.988960058639304,4395.143766484652,9261.705333157986,37,24.999126099655985,1.0
16.820000000039904,19.89204855166853,19.81703205105276,4319.862352436976,9472.70569809808,27,24.999217146782307,1.0
16.840000000039147,19.90657906821795,19.7033677927392,4270.449726135477,9216.281411183087,40,24.999298875058148,1.0
16.86000000003839,19.905368594060658,19.634475384898334,4240.638860041964,8895.462169939092,38,24.999372215945144,1.0
16.880000000037633,19.89838130887485,19.576842888855982,4215.780552444461,9735.832804986143,29,24.999438010845495,1.0
16.900000000036876,19.90661259724678,19.661129241779925,4252.16003368171,8977.551818949545,39,24.999497019384773,1.0
16.92000000003612,19.909218378766692,19.689646001317367,4264.503756229123,10352.408205159283,27,24.999549926994092,1.0
16.94000000003536,19.906813364224412,19.7057256825563,4271.471871437748,10155.154967018645,33,24.999597351841604,1.0
16.960000000034604,19.91177296070945,19.937217987804175,4372.419272025446,9520.844164276738,32,24.999639851161785,1.0
16.980000000033847,19.910899821429037,20.10806706623068,4447.677972540341,10791.660414210488,28,24.999677927027477,1.0
17.00000000003309,19.898897985118676,20.192159502369417,4484.956359060403,9737.426435755058,35,24.99971203160841,1.0
17.020000000032333,19.897720820132033,20.299033159350767,4532.558219248642,8436.112148023201,39,24.999742571956805,1.0
17.040000000031576,19.898840868226944,20.299030780139077,4532.557156743371,9148.00609026136,24,24.999769914358644,1.0
17.06000000003082,19.881719326273966,20.145460122376978,4464.2351989650915,9270.884656086511,36,24.99979438828631,1.0
17.08000000003006,19.88184489433977,19.98001391934539,4391.21051838959,9346.3744839807,25,24.999816289986036,1.0
17.100000000029304,19.896748735616136,19.91747724067456,4363.76489596068,9166.38909476896,27,24.999835885731486,1.0
17.120000000028547,19.885392343814853,19.791408710503116,4308.6984462079645,9189.538089353842,44,24.999853414772094,1.0
17.14000000002779,19.888363328222244,19.67499165207592,4258.1582616018295,9607.095876201847,22,24.999869092002864,1.0
17.160000000027033,19.903705154480345,19.63291437578576,4239.964595756286,9408.02688928558,38,24.99988311038078,1.0
17.180000000026276,19.899340653792468,19.550668947250205,4204.515219134708,9802.022287843596,38,24.99989564310978,1.0
17.20000000002552,19.897311548397276,19.573461761620003,4214.324458669605,9763.008001907852,30,24.99990684561552,1.0
17.22000000002476,19.904721295330287,19.780638978327616,4304.010462300272,9610.279294132693,41,24.999916857329374,1.0
17.240000000024004,19.899839332746392,19.865275872783112,4340.921040519567,11116.57829648835,39,24.999925803298954,1.0
17.260000000023247,19.898327846425296,19.965912680769566,4385.014360937264,10121.568071510053,31,24.999933795641006,1.0
17.28000000002249,19.900711208370407,20.14085421524543,4462.194093717466,8824.169194507636,36,24.999940934852116,1.0
17.300000000021733,19.892747407760623,20.202854053969812,4489.708431186049,10064.086896038109,32,24.999947310989683,1.0
17.320000000020976,19.882581145914592,20.197575541309917,4487.362635216126,9601.686930392234,32,24.99995300473649,1.0
17.34000000002022,19.88343658417435,20.188616118046,4483.382428380093,9022.604018825088,45,24.999958088358945,1.0
17.36000000001946,19.88912644150017,20.107401054837975,4447.383348981092,9135.182166236753,22,24.99996262657001,1.0
17.380000000018704,19.878226238474696,19.92032818006288,4365.014222815481,9294.553041423767,33,24.999966677305487,1.0
17.400000000017947,19.883510392064842,19.771271122555653,4299.934779817634,9425.495485357795,31,24.999970292422564,1.0
17.42000000001719,19.896997149297636,19.73117313650026,4282.511126768045,8918.044654109615,22,24.999973518327465,1.0
17.440000000016433,19.88503640201553,19.64674540883082,4245.940656753564,9744.05743879689,38,24.99997639653996,1.0
17.460000000015675,19.8864144700946,19.66269826227336,4252.838732485286,9516.633440828458,21,24.999978964200235,1.0
17.48000000001492,19.89853863525965,19.713825865397638,4274.98423276343,9873.22385955489,34,24.999981254524602,1.0
17.50000000001416,19.89043026158284,19.653840342797796,4249.007842422048,10542.829185267645,35,24.999983297214246,1.0
17.520000000013404,19.894232234915787,19.75993000917925,4295.00317364429,9679.845471919412,26,24.999985118822334,1.0
17.540000000012647,19.89996294269296,19.966503465923086,4385.273867201905,10214.49766566531,35,24.999986743083408,1.0
17.56000000001189,19.887027428075754,20.020265315598323,4408.921256376441,10584.728918148263,35,24.999988191208836,1.0
17.580000000011132,19.882813068041695,20.099403014824553,4443.846017075722,9601.45842063173,27,24.99998948215188,1.0
17.600000000010375,19.88208399688011,20.169358673810454,4474.8333224409425,9006.664581708083,42,24.999990632845144,1.0
17.620000000009618,19.872012261159625,20.07891222135107,4434.789875919935,9252.417765310805,32,24.999991658413713,1.0
17.64000000000886,19.863482783089722,19.932506107794282,4370.35279710982,9448.74167479792,26,24.999992572365898,1.0
17.660000000008104,19.876829850710727,19.861008062434326,4339.056053816894,9032.555332175798,41,24.999993386764068,1.0
17.680000000007347,19.877819618327432,19.80017507588365,4312.516263392085,9038.088863489465,33,24.999994112378072,1.0
17.70000000000659,19.869829060735082,19.68168045084901,4261.053999062654,9555.993964803874,26,24.999994758822098,1.0
17.720000000005832,19.88090819576218,19.630803709932312,4239.0529972768145,9390.248239458595,38,24.999995334677568,1.0
17.740000000005075,19.888514638586347,19.599557115161897,4225.569030215427,9373.319596233681,21,24.999995847602943,1.0
17.760000000004318,19.882272095317486,19.53877065975038,4199.399147837546,10124.753494374776,32,24.999996304432166,1.0
17.78000000000356,19.88664582585706,19.69342493489118,4266.14084232813,8969.233796868735,36,24.999996711262497,1.0
17.800000000002804,19.89463614806035,19.847071339439836,4332.968648280956,10797.320575288748,24,24.999997073533343,1.0
17.820000000002047,19.886268841411436,19.89844148237939,4355.427707704446,10734.415947753178,37,24.99999739609643,1.0
17.84000000000129,19.888514589768587,20.06237905182693,4427.489585411025,8813.86826732717,30,24.999997683278963,1.0
17.860000000000532,19.890091539241237,20.189749255899414,4483.8857251770005,10021.113966686275,28,24.999997938939735,1.0
17.879999999999775,19.873694036939977,20.191963115369237,4484.86911897675,9949.762169908134,36,24.999998166519568,1.0
17.899999999999018,19.867509128534845,20.197721544459835,4487.427511462906,9370.560875071222,25,24.99999836908603,1.0
17.91999999999826,19.8770002778359,20.176870329244924,4478.167059114806,8673.298656963767,29,24.999998549373665,1.0
17.939999999997504,19.867179120883595,20.00296827640967,4401.306138537569,9215.602027513061,40,24.99999870982008,1.0
17.959999999996747,19.86365537234206,19.82699775272885,4324.208238753864,9475.625451937842,25,24.999998852597678,1.0
17.97999999999599,19.877963776000048,19.731514471658304,4282.659296797872,8825.89326495633,37,24.99999897964238,1.0
17.999999999995232,19.873628232007782,19.67076004994675,4256.326810368391,9356.988178761401,40,24.999999092679353,1.0
18.019999999994475,19.868322358183615,19.63483918565151,4240.796008310357,9740.42502417748,25,24.99999919324563,1.0
18.039999999993718,19.877074429413387,19.70323032720574,4270.390138596121,9232.219042322873,35,24.99999928271049,1.0
18.05999999999296,19.876689357132367,19.680348244790626,4260.4771773985685,10162.830090190486,34,24.99999936229372,1.0
18.079999999992204,19.876712957051677,19.675370802809326,4258.322378508458,10315.55061314185,28,24.999999433081815,1.0
18.099999999991446,19.883883709731045,19.899828397426045,4356.034872717045,9475.851648314769,37,24.99999949604238,1.0
18.11999999999069,19.88202883118141,20.03477864360931,4415.315908282661,10941.631657922408,21,24.9999995520372,1.0
18.139999999989932,19.874474042334178,20.10277984925591,4445.339334344144,10201.380300281411,30,24.999999601833572,1.0
18.159999999989175,19.87450155536433,20.21059378787895,4493.149113845163,8269.359410381945,36,24.99999964611479,1.0
18.179999999988418,19.872894163563714,20.20914636801443,4492.505566162139,9287.502366964885,17,24.999999685489062,1.0
18.19999999998766,19.857413379153257,20.08529120031323,4437.60814861518,9375.054185802805,28,24.999999720497982,1.0
18.219999999986904,19.859831851217447,19.990775919980173,4395.94234071145,9282.354027955531,18,24.999999751623605,1.0
18.239999999986146,19.874013150467864,19.969059178697417,4386.396569305515,8813.978496306376,19,24.999999779294928,1.0
18.25999999998539,19.861239531049293,19.83755206935273,4328.813193147088,9206.541249403172,35,24.999999803893807,1.0
18.279999999984632,19.861930434228327,19.716914665733075,4276.3239632938,9644.548507705871,20,24.999999825760167,1.0
18.299999999983875,19.87658407385752,19.677638692687736,4259.304109719577,9283.685141575861,27,24.99999984519631,1.0
18.319999999983118,19.86906459427887,19.57483341190128,4214.915134140554,9633.282805594572,31,24.999999862471334,1.0
18.33999999998236,19.868785491515908,19.578905244889633,4216.668836472035,9753.928330063205,14,24.99999987782474,1.0
18.359999999981603,19.880365236403925,19.730942015184194,4282.4108008721705,9765.481511592052,31,24.999999891469432,1.0
18.379999999980846,19.87570585230616,19.75731229345608,4293.865279672659,10768.036280911025,32,24.999999903594958,1.0
18.39999999998009,19.875295549750348,19.836589378962078,4328.393060085063,10278.660749868734,23,24.99999991436984,1.0
18.419999999979332,19.877048234313893,20.01577944961736,4406.945696732971,9339.007645841519,33,24.999999923944028,1.0
18.439999999978575,19.868102779061825,20.066433392270124,4429.279239950548,10389.823217575946,29,24.999999932450905,1.0
18.459999999977818,19.860426333247474,20.11484956735859,4450.678904292126,9678.050517822174,23,24.999999940009047,1.0
18.47999999997706,19.861542091714135,20.178935872289298,4479.083982317602,8399.079001702325,41,24.9999999467239,1.0
18.499999999976303,19.86338876002768,20.101949154999872,4444.971958132201,9176.296577043377,13,24.999999952689254,1.0
18.519999999975546,19.854368822790725,19.929734722075356,4369.137587015257,9352.39676923452,25,24.999999957988507,1.0
18.53999999997479,19.85995750329565,19.809513109816994,4316.584906128125,9230.627601675938,33,24.999999962695803,1.0
18.559999999974032,19.868583655646244,19.79874945362564,4311.895279201857,8861.840893392822,14,24.99999996687707,1.0
18.579999999973275,19.85860220696029,19.71139774359603,4273.93121106867,9722.442089589527,29,24.999999970590927,1.0
18.599999999972518,19.860123983505957,19.70509798782015,4271.19975380553,9351.727247868297,21,24.999999973889476,1.0
18.61999999997176,19.872242024029795,19.71898594580277,4277.222474038439,9464.223480334886,21,24.999999976818984,1.0
18.639999999971003,19.86187194402735,19.6253259243562,4236.687594009283,10114.348426468323,26,24.999999979420632,1.0
18.659999999970246,19.863705952675033,19.694948016883416,4266.80075126514,9362.042305381194,18,24.999999981731047,1.0
18.67999999996949,19.870897427889297,19.858869013110553,4338.121463278708,10346.609903845188,27,24.999999983782708,1.0
18.699999999968732,19.86148665186031,19.87158276695702,4343.677818304254,10406.595956636138,31,24.999999985604557,1.0
18.719999999967975,19.86101266414881,19.931525278087957,4369.922699021651,9773.035975491473,20,24.999999987222207,1.0
18.739999999967218,19.86325394915534,20.026150882238618,4411.513910740053,9197.22361157352,37,24.999999988658516,1.0
18.75999999996646,19.852481569055843,19.964444950665396,4384.369684069639,9655.636835752113,31,24.99999998993376,1.0
18.779999999965703,19.84467703900443,19.901110107395716,4356.596018573568,9624.104878261986,21,24.999999991065934,1.0
18.799999999964946,19.85473285145877,19.926141469922296,4367.5622526729285,8411.430347125048,37,24.99999999207106,1.0
18.81999999996419,19.852848974252993,19.864251964826124,4340.473567343084,8893.820903026726,29,24.999999992963346,1.0
18.83999999996343,19.845938350826515,19.74450627956918,4288.300810463415,9631.256395970546,20,24.999999993755438,1.0
18.859999999962675,19.85386669659657,19.71607543340592,4275.959935453277,9019.97367893944,36,24.999999994458566,1.0
18.879999999961917,19.85654370879075,19.67845312865027,4259.656692901342,8926.247007988906,13,24.999999995082696,1.0
18.89999999996116,19.85017574720819,19.60334928780569,4227.20433629683,9968.547078613272,21,24.999999995636678,1.0
18.919999999960403,19.855650050630224,19.685311473366422,4262.6263658379685,8970.498039025457,35,24.999999996128388,1.0
18.939999999959646,19.86391010072042,19.74427336618858,4288.199638346621,9928.606320793437,14,24.999999996564807,1.0
18.95999999995889,19.857014418930163,19.71168982844189,4274.057874819694,10299.198324023033,28,24.999999996952134,1.0
18.97999999995813,19.858767981616186,19.824533245738287,4323.133302525209,9070.839247054866,31,24.99999999729587,1.0
18.999999999957375,19.863311910995307,19.934291260047733,4371.13564844457,10048.771093725769,19,24.99999999760092,1.0
19.019999999956617,19.849562458707044,19.928420251320986,4368.561270845865,10123.107683772942,30,24.999999997871637,1.0
19.03999999995586,19.84700689602543,20.012010334763186,4405.286134025355,9201.032193149204,20,24.999999998111846,1.0
19.059999999955103,19.85335651698049,20.064401673257237,4428.382359563886,8927.628759518258,28,24.99999999832499,1.0
19.079999999954346,19.84199406870348,19.953669392755586,4379.638144589302,9488.660459585946,31,24.999999998514134,1.0
19.09999999995359,19.838420188670902,19.85222991864694,4335.221360171028,9602.97317054229,19,24.99999999868195,1.0
19.11999999995283,19.85001510650158,19.87961996699022,4347.192190351519,8825.393647046305,29,24.999999998830855,1.0
19.139999999952074,19.843349988770875,19.812635077686444,4317.945595937284,9517.591103773018,32,24.999999998962966,1.0
19.159999999951317,19.83926857227038,19.744826404213825,4288.439867057934,9738.281379466143,21,24.999999999080178,1.0
19.17999999995056,19.84734828158844,19.77828796549065,4302.987423304596,8938.529975723019,37,24.99999999918416,1.0
19.199999999949803,19.844174774721644,19.72961081007385,4281.832969886812,9508.89049564253,33,24.999999999276405,1.0
19.219999999949046,19.840237819479377,19.68086728179159,4260.7019065984405,10011.16504481088,21,24.999999999358263,1.0
19.23999999994829,19.84522493666719,19.810279791454853,4316.91903957297,9154.577069032463,31,24.99999999943088,1.0
19.25999999994753,19.847884730276515,19.864835835769878,4340.728730602958,10240.451858566768,19,24.999999999495234,1.0
19.279999999946774,19.844059646427436,19.855104322800724,4336.4768443623,10112.78180468513,25,24.99999999955237,1.0
19.299999999946017,19.845707602000914,19.953367264725106,4379.505517211038,8709.517444549627,35,24.999999999603023,1.0
19.31999999994526,19.84675477211527,19.98727253463859,4394.401697113099,9474.236375460316,14,24.999999999647972,1.0
19.339999999944503,19.83560520232195,19.925735225054268,4367.384166848653,9862.808572394968,27,24.999999999687827,1.0
19.359999999943746,19.834667626977446,19.963203484084946,4383.824426816795,9040.497777978531,25,24.999999999723205,1.0
19.37999999994299,19.845978284358925,19.984606036516634,4393.229262782548,9026.058176804683,17,24.999999999754596,1.0
19.39999999994223,19.833673614801302,19.87351953899172,4344.524567533542,9508.467932706673,28,24.99999999978237,1.0
19.419999999941474,19.83286737739004,19.81179002571284,4317.5772642522825,9482.244300107126,16,24.999999999807,1.0
19.439999999940717,19.844288757331285,19.838061873317724,4329.035687785405,9035.297740708109,27,24.999999999828972,1.0
19.45999999993996,19.833986927598474,19.75767444320466,4294.022693440288,9719.26787064295,30,24.99999999984831,1.0
19.479999999939203,19.832522302567995,19.745515070024947,4288.739019186405,9662.239678246218,18,24.99999999986546,1.0
19.499999999938446,19.842412621940614,19.83156729553475,4326.201675370558,9404.768765020106,33,24.9999999998807,1.0
19.51999999993769,19.836579594908986,19.790513350564815,4308.308605467726,10045.539575939867,32,24.99999999989424,1.0
19.53999999993693,19.835585194394046,19.778501621840203,4303.080390456491,9927.21057160564,22,24.99999999990634,1.0
19.559999999936174,19.840018159422353,19.889738055466527,4351.618479065807,9132.609244024745,37,24.999999999916998,1.0
19.579999999935417,19.83566236001284,19.885541535172077,4349.782383617592,10005.401787334333,32,24.999999999926235,1.0
19.59999999993466,19.831249531745122,19.87117849709917,4343.50108349934,9870.801653093278,25,24.999999999934882,1.0
19.619999999933903,19.833197578637915,19.954859139293102,4380.160435959324,8601.33369976215,38,24.999999999941988,1.0
19.639999999933146,19.832999334824724,19.930446781454645,4369.449797992354,9121.75200852331,19,24.999999999949015,1.0
19.65999999993239,19.82513275074421,19.8233193459832,4322.60388882115,9807.139433432312,25,24.999999999954344,1.0
19.67999999993163,19.828216653387116,19.83558121725794,4327.953104490795,8950.446297658222,41,24.999999999959673,1.0
19.699999999930874,19.834935359599942,19.845155671257363,4332.132239780821,8976.209134012608,15,24.999999999964558,1.0
19.719999999930117,19.82561489485521,19.757445612904984,4293.923228615882,9785.564075672211,28,24.99999999996811,1.0
19.73999999992936,19.827506482790074,19.767980123799063,4298.503419924063,9326.64327376107,27,24.999999999971664,1.0
19.759999999928603,19.83867396959557,19.808039419483965,4315.942682082137,9414.17580097885,18,24.999999999975216,1.0
19.779999999927846,19.828247360232815,19.733508600476213,4283.5249785357555,10009.530573291133,29,24.999999999978733,1.0
19.79999999992709,19.82879347642124,19.77530743354085,4301.690625001615,9421.207870188966,17,24.99999999998051,1.0
19.81999999992633,19.837710328408374,19.88092894572554,4347.764693194864,9379.680872256793,26,24.999999999982286,1.0
19.839999999925574,19.82908390040179,19.84615224941427,4332.567350176242,10155.033372351883,31,24.999999999984063,1.0
19.859999999924817,19.828615392245865,19.87727758121909,4346.1678044491855,9622.118476366648,18,24.99999999998584,1.0
19.87999999992406,19.833657435956987,19.963537050384094,4383.970927182643,9015.330310479005,35,24.999999999987615,1.0
19.899999999923303,19.8253109437517,19.895541033224386,4354.158083051868,9636.894380528724,31,24.99999999998939,1.0
19.919999999922545,19.820633838009464,19.828352349266734,4324.799125753388,9677.004049487896,20,24.999999999991168,1.0
19.93999999992179,19.827046126268257,19.875149527313223,4345.2372560636495,8694.813113477161,35,24.999999999992944,1.0
19.95999999992103,19.82315919163356,19.826883461729118,4324.158385854864,9270.64355773078,29,24.999999999994444,1.0
19.979999999920274,19.817406604517444,19.734130309164154,4283.794889649784,9800.351855333158,21,24.999999999994444,1.0
19.999999999919517,19.82326328655422,19.75754807484492,4293.967765227891,8776.39484012751,36,24.999999999994444,1.0
20.01999999991876,19.824975776713618,19.74173382597879,4287.0965990137465,9196.30368898589,16,24.999999999994444,1.0
20.039999999918003,19.8184459968307,19.66852344102393,4255.358957851186,9970.940693059181,23,24.999999999994444,1.0
20.059999999917245,19.822075359603463,19.743162396696448,4287.717075645615,8849.727099162488,37,24.999999999994444,1.0
20.079999999916488,19.83071332877266,19.799195449280564,4312.089544826934,9753.49775998215,15,24.999999999994444,1.0
20.09999999991573,19.82355493193834,19.759353347295715,4294.75249173615,10089.238421288333,28,24.999999999994444,1.0
20.119999999914974,19.82532340541693,19.83975777123898,4329.775872635812,9049.268539059773,27,24.999999999994444,1.0
20.139999999914217,19.83303704818805,19.920621485516453,4365.142764061417,9484.96596550548,21,24.999999999994444,1.0
20.15999999991346,19.821008326225964,19.873768373900003,4344.633363173708,9977.41862110643,30,24.999999999994444,1.0
20.179999999912702,19.81949545146029,19.9158531435158,4363.05327077497,9282.351072470216,19,24.999999999994444,1.0
20.199999999911945,19.827830506557838,19.971811640153444,4387.605862087455,8908.42491333372,26,24.999999999994444,1.0
20.219999999911188,19.81772415463237,19.87402905203033,4344.747338370402,9503.4218912355,31,24.999999999994444,1.0
20.23999999991043,19.81461092508449,19.796026010540956,4310.709103910155,9583.28706162308,18,24.999999999994444,1.0
20.259999999909674,19.823778560327053,19.829766982988644,4325.416244595892,8835.19585329806,30,24.999999999994444,1.0
20.279999999908917,19.816505117410504,19.760326997395904,4295.175753484147,9454.737535598148,32,24.999999999994444,1.0
20.29999999990816,19.812085267596107,19.691985184398103,4265.5170855280985,9767.542948540955,18,24.999999999994444,1.0
20.319999999907402,19.82023588761186,19.744710558007217,4288.389545214298,8891.324296929815,32,24.999999999994444,1.0
20.339999999906645,19.81825265335271,19.71599934811331,4275.926933242849,9636.628132946262,31,24.999999999994444,1.0
20.359999999905888,19.814531526765865,19.667474105655135,4254.904914662768,10008.10755048337,22,24.999999999994444,1.0
20.37999999990513,19.818932746869592,19.77282084392098,4300.6088853837555,8857.652479127008,34,24.999999999994444,1.0
20.399999999904374,19.822280544947624,19.814488084476825,4318.7533185486145,9984.680609305196,15,24.999999999994444,1.0
20.419999999903617,19.817129063806554,19.792471767570753,4309.161325370938,10024.164280708415,26,24.999999999994444,1.0
20.43999999990286,19.81844102760625,19.89102793942886,4352.182917358535,8745.479541131032,35,24.999999999994444,1.0
20.459999999902102,19.82277487808731,19.937513207853954,4372.548762046859,9335.96508695039,15,24.999999999994444,1.0
20.479999999901345,19.811880728309095,19.870717737432933,4343.29965740805,9829.13529961114,28,24.999999999994444,1.0
20.499999999900588,19.811327593932642,19.898641726347325,4355.51536808884,9146.578428280081,20,24.999999999994444,1.0
20.51999999989983,19.823128694079795,19.933009987892824,4370.573758951786,8977.393356131224,19,24.999999999994444,1.0
20.539999999899074,19.811513410544066,19.83019027672215,4325.600910521062,9532.037425358787,28,24.999999999994444,1.0
20.559999999898317,19.810429302908172,19.778836626212943,4303.226161150648,9463.859733883826,16,24.999999999994444,1.0
20.57999999989756,19.82146141227879,19.816829927492456,4319.774232126767,8987.668171812938,27,24.999999999994444,1.0
20.599999999896802,19.812068188358705,19.740887115978342,4286.728865383797,9625.204101386276,30,24.999999999994444,1.0
20.619999999896045,19.80979647432445,19.714634610955464,4275.334996278314,9631.010766106925,17,24.999999999994444,1.0
20.639999999895288,19.819306829272975,19.79745045190833,4311.329488353418,9193.033614226646,33,24.999999999994444,1.0
20.65999999989453,19.814662636233876,19.759983864608095,4295.0265856252945,9899.64798894598,30,24.999999999994444,1.0
20.679999999893774,19.812797515499195,19.73774065859836,4285.362469366954,9863.13185781356,20,24.999999999994444,1.0
20.699999999893016,19.817701988292598,19.84414833904927,4331.69245632411,8945.222221232609,35,24.999999999994444,1.0
20.71999999989226,19.815669883508964,19.848098843867582,4333.417304875315,9894.407119989799,31,24.999999999994444,1.0
20.739999999891502,19.811060972043343,19.823469963243127,4322.669575219627,9879.236177411465,24,24.999999999994444,1.0
20.759999999890745,19.81323749712314,19.915317291159,4362.818490882903,8561.025755353827,37,24.999999999994444,1.0
20.779999999889988,19.815063578622738,19.917947547794288,4363.97097968353,9192.491004997586,15,24.999999999994444,1.0
20.79999999988923,19.806675827188467,19.826986503969458,4324.203332114457,9782.329824368198,25,24.999999999994444,1.0
20.819999999888473,19.808935003413534,19.85074178620701,4334.571444089315,8996.532743556485,33,24.999999999994444,1.0
20.839999999887716,19.817896172360765,19.871929465095118,4343.829387322871,9010.596864951292,15,24.999999999994444,1.0
20.85999999988696,19.80760157504638,19.779628337624338,4303.570668920069,9751.779920799643,28,24.999999999994444,1.0
20.879999999886202,19.808553542916414,19.778860863147553,4303.23670748125,9323.130920169067,20,24.999999999994444,1.0
20.899999999885445,19.820059713174466,19.825222383770065,4323.433868225314,9230.98609032477,19,24.999999999994444,1.0
20.919999999884688,19.809711868733704,19.749380185319524,4290.418194747205,9865.811144033423,29,24.999999999994444,1.0
20.93999999988393,19.809328532783226,19.762409279279268,4296.081025739177,9496.130872615307,18,24.999999999994444,1.0
20.959999999883173,19.81875987957301,19.852824613808778,4335.481096613168,9212.842803431244,29,24.999999999994444,1.0
20.979999999882416,19.811015905825933,19.80520820754946,4314.7089935882295,9949.270852469326,30,24.999999999994444,1.0
20.99999999988166,19.809466806582492,19.804953232391778,4314.597897909481,9648.160012634095,18,24.999999999994444,1.0
21.019999999880902,19.815730593691228,19.895649013822847,4354.205346493531,8909.453407933004,35,24.999999999994444,1.0
21.039999999880145,19.80996458992081,19.851920572820482,4335.086254725304,9672.050578176619,31,24.999999999994444,1.0
21.059999999879388,19.805709649283923,19.80128528021933,4312.999886234938,9727.055073487587,22,24.999999999994444,1.0
21.07999999987863,19.811204946722466,19.867489343554816,4341.888460978906,8543.264027470086,39,24.999999999994444,1.0
21.099999999877873,19.81000237655809,19.84098911495266,4330.313339656369,9338.321039323222,30,24.999999999994444,1.0
21.119999999877116,19.80407786572388,19.760067042014864,4295.062744554142,9793.050979851258,22,24.999999999994444,1.0
21.13999999987636,19.8085040443738,19.80280182334555,4313.6605606016765,8739.898618293566,35,24.999999999994444,1.0
21.159999999875602,19.812713652056825,19.808815846566894,4316.281037675197,9213.908962962932,13,24.999999999994444,1.0
21.179999999874845,19.805354217968322,19.731780151349092,4282.774627352914,9889.259516060867,26,24.999999999994444,1.0
21.199999999874088,19.807566216364037,19.781952651115763,4304.582157600845,9003.310304031404,29,24.999999999994444,1.0
21.21999999987333,19.81728901884511,19.833295010786667,4326.955500833848,9419.221222752427,15,24.999999999994444,1.0
21.239999999872573,19.807535691170887,19.769245780862228,4299.053866185529,9966.414196382253,28,24.999999999994444,1.0
21.259999999871816,19.808162701555784,19.813478545816878,4318.313252941003,9229.629309853035,21,24.999999999994444,1.0
21.27999999987106,19.817230315072205,19.88714253462959,4350.482820119408,9184.284259074406,23,24.999999999994444,1.0
21.299999999870302,19.80643206745744,19.816894095012568,4319.802207302384,9817.315229757629,30,24.999999999994444,1.0
21.319999999869545,19.804766142637057,19.815497984310152,4319.193564028197,9449.163091510032,18,24.999999999994444,1.0
21.339999999868787,19.813553020583818,19.88014274675685,4347.420831945718,8901.43488564539,30,24.999999999994444,1.0
21.35999999986803,19.805277009421793,19.80856910753997,4316.173510970055,9531.460505456665,31,24.999999999994444,1.0
21.379999999867273,19.802021127209454,19.75366711050509,4292.281007439156,9616.874968171556,20,24.999999999994444,1.0
21.399999999866516,19.8105068281123,19.812847500690104,4318.038186941623,8736.459011883311,35,24.999999999994444,1.0
21.41999999986576,19.806087412175764,19.76843905614966,4298.703009883736,9517.171587560326,32,24.999999999994444,1.0
21.439999999865,19.80204221671157,19.714341437978764,4275.207841665272,9793.150442592721,22,24.999999999994444,1.0
21.459999999864245,19.808410002010632,19.79071290653376,4308.395490837262,8617.294098946468,35,24.999999999994444,1.0
21.479999999863487,19.80920833089838,19.787578346182194,4307.030824869284,9629.75468376286,27,24.999999999994444,1.0
21.49999999986273,19.804567158312036,19.737566813340546,4285.286980821903,9901.232606789958,25,24.999999999994444,1.0
21.519999999861973,19.807486586633985,19.822430180635635,4322.216120927919,8693.85665964476,33,24.999999999994444,1.0
21.539999999861216,19.812001643931687,19.85833396232181,4337.887705350143,9557.380489661115,14,24.999999999994444,1.0
21.55999999986046,19.803940086085888,19.800563447883718,4312.685441390357,9899.561597374697,26,24.999999999994444,1.0
21.5799999998597,19.80464863252502,19.85674849222892,4337.1950675199905,8994.66460453721,28,24.999999999994444,1.0
21.599999999858944,19.81344074919483,19.896521790311265,4354.5873728756405,9116.236613207173,17,24.999999999994444,1.0
21.619999999858187,19.80165605885664,19.80167584949596,4313.1700309336275,9705.889437692063,27,24.999999999994444,1.0
21.63999999985743,19.800820267101304,19.7895755642098,4307.900311127267,9334.695491255901,17,24.999999999994444,1.0
21.659999999856673,19.81167581136344,19.835187323770164,4327.781217859579,8942.993401903626,22,24.999999999994444,1.0
21.679999999855916,19.801030272223645,19.750009258400905,4290.6915227761365,9592.667500932996,29,24.999999999994444,1.0
21.69999999985516,19.798870071029096,19.716709133972394,4276.234809810375,9511.761101255956,16,24.999999999994444,1.0
21.7199999998544,19.80958271794756,19.782142352862465,4304.664716758064,8958.101330860365,29,24.999999999994444,1.0
21.739999999853644,19.803007953271255,19.728656133559394,4281.4186011985375,9750.432812734842,30,24.999999999994444,1.0
21.759999999852887,19.800650509847788,19.71029142447717,4273.451468416001,9709.486661683846,17,24.999999999994444,1.0
21.77999999985213,19.80822534797847,19.81459058554096,4318.798000798692,8885.270913612245,34,24.999999999994444,1.0
21.799999999851373,19.80597310883913,19.805352910270987,4314.772042904174,9902.266312236221,31,24.999999999994444,1.0
21.819999999850616,19.80316490382572,19.78878547908367,4307.556338109121,9795.354249666,23,24.999999999994444,1.0
21.83999999984986,19.806895134531107,19.890509917769187,4351.956232677619,8553.823145082797,36,24.999999999994444,1.0
21.8599999998491,19.806739478074107,19.89571777418035,4354.235443248196,9529.598760748926,24,24.999999999994444,1.0
21.879999999848344,19.799847140701075,19.83197680910316,4326.380345724861,9751.545521243015,25,24.999999999994444,1.0
21.899999999847587,19.80218780910113,19.879451750632263,4347.118620962878,8783.51729335347,35,24.999999999994444,1.0
21.91999999984683,19.80769067443139,19.885750730709713,4349.873903363141,8879.010255977953,14,24.999999999994444,1.0
21.939999999846073,19.79791515152064,19.78077838002348,4304.071126515648,9690.518070569005,27,24.999999999994444,1.0
21.959999999845316,19.799181709577198,19.771690548136256,4300.1172184438665,9210.811293397506,23,24.999999999994444,1.0
21.97999999984456,19.810318978027826,19.800344851868882,4312.590218782236,9008.179398309621,19,24.999999999994444,1.0
21.9999999998438,19.798300999443022,19.71145968028481,4273.958070002432,9723.906782544138,28,24.999999999994444,1.0
22.019999999843044,19.79759906024502,19.710718857367084,4273.63681661583,9405.988061545057,17,24.999999999994444,1.0
22.039999999842287,19.809438293006778,19.781411266225806,4304.346548519218,9193.093624751826,26,24.999999999994444,1.0
22.05999999984153,19.801012690105697,19.722461118823542,4278.73019841857,9907.083915887053,30,24.999999999994444,1.0
22.079999999840773,19.79987082265306,19.731599546850948,4282.696227450174,9618.137212492142,17,24.999999999994444,1.0
22.099999999840016,19.808093324543325,19.839711470927856,4329.755663746329,8984.780516851055,33,24.999999999994444,1.0
22.11999999983926,19.802320421816315,19.81337616416987,4318.268625251842,9968.81511048647,31,24.999999999994444,1.0
22.1399999998385,19.799809782788923,19.81661360705927,4319.679923366352,9656.992411143592,22,24.999999999994444,1.0
22.159999999837744,19.805096757677138,19.915624966305995,4362.953295784057,8540.004616871573,37,24.999999999994444,1.0
22.179999999836987,19.801993883964876,19.885259755885045,4349.659111149234,9454.112000691708,30,24.999999999994444,1.0
22.19999999983623,19.79621145030269,19.813297904360372,4318.234512316242,9666.12375240327,22,24.999999999994444,1.0
22.219999999835473,19.801484793727187,19.86137756696495,4339.217507432924,8572.059325640523,34,24.999999999994444,1.0
22.239999999834716,19.80349174671322,19.849282754126815,4333.934284386038,9025.89965618599,12,24.999999999994444,1.0
22.25999999983396,19.795956104666903,19.755949226956563,4293.272828438942,9716.598219117279,23,24.999999999994444,1.0
22.2799999998332,19.79935749069625,19.77455596895435,4301.363701462388,8999.930974885245,33,24.999999999994444,1.0
22.299999999832444,19.8069822156704,19.79239252518165,4309.126820579531,9071.139121843245,13,24.999999999994444,1.0
22.319999999831687,19.79750849540938,19.709127875118195,4272.9469375753715,9843.904000543876,27,24.999999999994444,1.0
22.33999999983093,19.798243170078813,19.74316107092573,4287.71649979769,9167.10987325255,20,24.999999999994444,1.0
22.359999999830173,19.810160368845025,19.812277149467874,4317.789584320595,9339.02352916954,20,24.999999999994444,1.0
22.379999999829415,19.79954259381053,19.750794240763447,4291.03260455072,9913.463175966432,29,24.999999999994444,1.0
22.39999999982866,19.798841485322367,19.779825452984653,4303.656444455935,9387.675785437217,19,24.999999999994444,1.0
22.4199999998279,19.80763371188962,19.86954832159505,4342.788455546208,8978.451061019849,27,24.999999999994444,1.0
22.439999999827144,19.798572601186162,19.814550877580686,4318.780691282569,9806.836790296185,31,24.999999999994444,1.0
22.459999999826387,19.79552292541761,19.807832135600364,4315.852353033347,9515.70877916237,19,24.999999999994444,1.0
22.47999999982563,19.804123728425488,19.886190817189703,4350.066437394481,8642.660208398183,34,24.999999999994444,1.0
22.499999999824873,19.798644651794696,19.831133877805367,4326.0125796738375,9452.018247390508,31,24.999999999994444,1.0
22.519999999824115,19.794221595462837,19.768325917632865,4298.653805443308,9637.769153048946,22,24.999999999994444,1.0
22.539999999823358,19.80193004491887,19.826743553330815,4324.097359224996,8451.172712775868,37,24.999999999994444,1.0
22.5599999998226,19.800595710644483,19.798989130537247,4311.9996765024525,9353.24029864216,30,24.999999999994444,1.0
22.579999999821844,19.795192060158804,19.72998257421881,4281.9943361687565,9749.801523146652,23,24.999999999994444,1.0
22.599999999821087,19.80020551745827,19.78901274662999,4307.655280349126,8618.121063296088,33,24.999999999994444,1.0
22.61999999982033,19.804068947135676,19.800459158390023,4312.640011713785,9370.912279831082,14,24.999999999994444,1.0
22.639999999819572,19.797304346872668,19.733218248908347,4283.398927049544,9858.992069243612,26,24.999999999994444,1.0
22.659999999818815,19.7990946315796,19.794012881812748,4309.8324056190595,8875.183884852153,31,24.999999999994444,1.0
22.679999999818058,19.807168757701408,19.842992362474888,4331.1878048696035,9371.785581316915,15,24.999999999994444,1.0
22.6999999998173,19.79689897707286,19.772553398197548,4300.492546730307,9841.184336125601,27,24.999999999994444,1.0
22.719999999816544,19.796399650065535,19.8065131784145,4315.277607153781,9160.01131097219,19,24.999999999994444,1.0
22.739999999815787,19.806855632412958,19.86699241673719,4341.671264553624,9019.921936742512,23,24.999999999994444,1.0
22.75999999981503,19.795435318734317,19.784603783657406,4305.736015639421,9683.574610288239,29,24.999999999994444,1.0
22.779999999814272,19.793250758354972,19.770035914274267,4299.397520568637,9404.041020819339,16,24.999999999994444,1.0
22.799999999813515,19.804370530960004,19.83611169570383,4328.1845992488215,8812.062949824705,29,24.999999999994444,1.0
22.819999999812758,19.796335843207373,19.771301842260605,4299.948141915554,9622.392533620765,30,24.999999999994444,1.0
22.839999999812,19.793212386898603,19.740089170577228,4286.382325085744,9562.989719111225,18,24.999999999994444,1.0
22.859999999811244,19.80251146140081,19.817831301370877,4320.210812385548,8721.57491938987,35,24.999999999994444,1.0
22.879999999810487,19.79845625214379,19.783122949131858,4305.091489825143,9623.979374421278,31,24.999999999994444,1.0
22.89999999980973,19.794996527707852,19.74716648533817,4289.456426196293,9698.110697965869,23,24.999999999994444,1.0
22.919999999808972,19.80079485360835,19.836907766011215,4328.532006889597,8533.766073237952,35,24.999999999994444,1.0
22.939999999808215,19.80060643159034,19.832956781465644,4326.807921650325,9540.010548322649,27,24.999999999994444,1.0
22.959999999807458,19.795274953974896,19.779474085427115,4303.503546056911,9762.847296988575,25,24.999999999994444,1.0
22.9799999998067,19.798362810861786,19.846953162980906,4332.917048389136,8639.837881641995,36,24.999999999994444,1.0
22.999999999805944,19.80213328593119,19.858431964212908,4337.930520850003,9132.241131536171,17,24.999999999994444,1.0
23.019999999805187,19.79347330552975,19.77057407149595,4299.631590281588,9741.8720305798,28,24.999999999994444,1.0
23.03999999980443,19.794873762303226,19.79422569079385,4309.925077678917,9004.166133361468,32,24.999999999994444,1.0
23.059999999803672,19.80441018065901,19.827187137469753,4324.290847626706,8958.153774542265,16,24.999999999994444,1.0
23.079999999802915,19.792930775222313,19.73789983905995,4285.431590624391,9699.572938160018,28,24.999999999994444,1.0
23.099999999802158,19.792562501241683,19.739283892710105,4286.032614567051,9285.417614939115,19,24.999999999994444,1.0
23.1199999998014,19.804714833681444,19.79975576040453,4312.333609888396,9033.108733070492,26,24.999999999994444,1.0
23.139999999800644,19.79483514692829,19.73090083582698,4282.392925725616,9774.021293088921,32,24.999999999994444,1.0
23.159999999799886,19.793016414251927,19.73612916619523,4284.662739112162,9495.234983405671,18,24.999999999994444,1.0
23.17999999979913,19.803171588644144,19.831504513483775,4326.174283951601,8923.531316237613,31,24.999999999994444,1.0
23.199999999798372,19.79667981281943,19.791323421446467,4308.66131049525,9866.10116476616,31,24.999999999994444,1.0
23.219999999797615,19.794324758253534,19.786715695967096,4306.655298363337,9614.693480894155,21,24.999999999994444,1.0
23.239999999796858,19.800904885640964,19.882923011418114,4348.63690225778,8603.249956551608,38,24.999999999994444,1.0
23.2599999997961,19.79687922996179,19.850321612723885,4334.387949414303,9520.471930960804,31,24.999999999994444,1.0
23.279999999795344,19.79184475022439,19.794422059352108,4310.0105913014195,9644.44553736424,24,24.999999999994444,1.0
23.299999999794586,19.79727719678449,19.852883001302352,4335.5065980974,8437.47079947519,37,24.999999999994444,1.0
23.31999999979383,19.797573862012122,19.83322828645686,4326.926386889837,9051.725595475284,26,24.999999999994444,1.0
23.339999999793072,19.79020422511979,19.740834211309107,4286.705888942312,9703.009294549716,24,24.999999999994444,1.0
23.359999999792315,19.79442199352167,19.76737643099459,4298.240880611045,8814.457311294567,36,24.999999999994444,1.0
23.379999999791558,19.800540235929905,19.78097456752996,4304.156503253937,9109.33693964568,15,24.999999999994444,1.0
23.3999999997908,19.791379051507015,19.699440226759922,4268.747397724557,9797.854703647043,27,24.999999999994444,1.0
23.419999999790043,19.792796949589558,19.73512746321921,4284.2278158846,9057.529840318784,24,24.999999999994444,1.0
23.439999999789286,19.80482702882984,19.795854672974343,4310.634484568722,9304.878459859672,19,24.999999999994444,1.0
23.45999999978853,19.79433976280436,19.73304043902653,4283.32173465082,9890.16346948492,29,24.999999999994444,1.0
23.479999999787772,19.793734711029497,19.77212050945829,4300.304243845952,9255.78569060054,19,24.999999999994444,1.0
23.499999999787015,19.803819863455008,19.86542827004605,4340.987643875792,8983.339639095884,25,24.999999999994444,1.0
23.519999999786258,19.79441175077041,19.815557385237987,4319.219459364257,9844.84359741153,31,24.999999999994444,1.0
23.5399999997855,19.791864397282215,19.827081784684044,4324.244893062048,9430.505744629649,18,24.999999999994444,1.0
23.559999999784743,19.800439879579095,19.908426989874567,4359.800117322828,8623.804528447223,35,24.999999999994444,1.0
23.579999999783986,19.793516964161608,19.8431714163236,4331.265970433621,9433.27641769834,31,24.999999999994444,1.0
23.59999999978323,19.788709057337385,19.77744191309191,4302.61929488297,9557.426687978503,19,24.999999999994444,1.0
23.619999999782472,19.797428882702313,19.829386408001735,4325.250218496283,8406.133490858703,35,24.999999999994444,1.0
23.639999999781715,19.794481601067762,19.788805331405072,4307.564980886704,9255.939850307377,31,24.999999999994444,1.0
23.659999999780958,19.78829651772909,19.711101669770777,4273.802819396443,9674.74527839456,22,24.999999999994444,1.0
23.6799999997802,19.79491939627661,19.757506440295348,4293.949668121434,8573.791938937678,33,24.999999999994444,1.0
23.699999999779443,19.797515494758272,19.757127276392453,4293.784860371277,9301.488379584045,15,24.999999999994444,1.0
23.719999999778686,19.79095473003943,19.690792779975343,4265.00052334322,9827.238310502335,24,24.999999999994444,1.0
23.73999999977793,19.793642693282553,19.760127861154654,4295.089183980984,8762.088289566516,34,24.999999999994444,1.0
23.759999999777172,19.801915747444145,19.81321339718354,4318.197676345666,9553.81428457585,14,24.999999999994444,1.0
23.779999999776415,19.793226695464686,19.760533867695663,4295.26568609982,9861.381279777239,27,24.999999999994444,1.0
23.799999999775657,19.793233815225452,19.82178662516366,4321.935475148687,8964.857090268084,23,24.999999999994444,1.0
23.8199999997749,19.803342275523033,19.892178980069207,4352.6866303261795,9123.678324638824,17,24.999999999994444,1.0
23.839999999774143,19.791300101771764,19.81953572922351,4320.95396174164,9687.74209997014,28,24.999999999994444,1.0
23.859999999773386,19.789159710021423,19.823620096938797,4322.735051225313,9269.33094818761,14,24.999999999994444,1.0
23.87999999977263,19.800480850497305,19.88488139657633,4349.493589714981,8694.428509950669,28,24.999999999994444,1.0
23.89999999977187,19.791199376578287,19.803553987763603,4313.9882560089445,9448.405971046535,29,24.999999999994444,1.0
23.919999999771115,19.787629787407443,19.751396202487687,4291.294171424095,9461.345937877359,17,24.999999999994444,1.0
23.939999999770357,19.79852359585279,19.807208932228175,4315.580782534335,8596.971981817642,30,24.999999999994444,1.0
23.9599999997696,19.79297169581631,19.7538858627621,4292.376073469356,9422.651721897246,31,24.999999999994444,1.0
23.979999999768843,19.788373030302456,19.704766609766914,4271.056098599236,9625.352618999406,18,24.999999999994444,1.0
23.999999999768086,19.7963148501938,19.781685721627607,4304.465989881701,8568.842033713318,34,24.999999999994444,1.0
24.01999999976733,19.795752533753706,19.769708685186018,4299.255196468314,9540.122978803569,29,24.999999999994444,1.0
24.03999999976657,19.79107442459712,19.722876283010628,4278.910337624375,9761.185842302077,23,24.999999999994444,1.0
24.059999999765814,19.79474301485831,19.80880599587636,4316.276744804939,8536.03876283393,34,24.999999999994444,1.0
24.079999999765057,19.79792996479921,19.833787006043522,4327.17017701211,9475.426282916342,15,24.999999999994444,1.0
24.0999999997643,19.79033272849976,19.77578813186589,4301.899758600926,9753.105039237547,25,24.999999999994444,1.0
24.119999999763543,19.791628084030418,19.834631671630866,4327.538749041884,8807.228320853079,31,24.999999999994444,1.0
24.139999999762786,19.79965938873599,19.870977007055618,4343.412999364264,8953.302283556663,16,24.999999999994444,1.0
24.15999999976203,19.788572980441668,19.780133498409143,4303.790493363762,9617.524125242506,27,24.999999999994444,1.0
24.17999999976127,19.788696268220992,19.782787915922505,4304.945674990065,9125.069533280051,17,24.999999999994444,1.0
24.199999999760514,19.801110543775724,19.83334321375533,4326.976533380761,8796.107550574616,22,24.999999999994444,1.0
24.219999999759757,19.78991121982076,19.754460205233386,4292.625678001644,9583.595698076715,30,24.999999999994444,1.0
24.239999999759,19.787909940280727,19.740922177988587,4286.744092811417,9364.366645831135,16,24.999999999994444,1.0
24.259999999758243,19.799675596204956,19.812107841755168,4317.715788466703,8833.942604353453,31,24.999999999994444,1.0
24.279999999757486,19.79220358900743,19.754176022043627,4292.502173408717,9687.82890076981,32,24.999999999994444,1.0
24.29999999975673,19.789316113836747,19.738398783308398,4285.648251818015,9552.367531929327,19,24.999999999994444,1.0
24.31999999975597,19.79758376151042,19.832828360155926,4326.751888397457,8675.075150771629,37,24.999999999994444,1.0
24.339999999755214,19.793427585354348,19.80368334429909,4314.04461401396,9651.645655261393,32,24.999999999994444,1.0
24.359999999754457,19.789123831565625,19.768579887053505,4298.764258258981,9637.909603402852,22,24.999999999994444,1.0
24.3799999997537,19.794488419101977,19.848182143570916,4333.453678448041,8345.61972204995,35,24.999999999994444,1.0
24.399999999752943,19.79371514570084,19.831668021079576,4326.245621481414,9277.825078733513,27,24.999999999994444,1.0
24.419999999752186,19.786552830303382,19.752939618597555,4291.96485933557,9673.188321811822,24,24.999999999994444,1.0
24.43999999975143,19.79098678116285,19.796540199405758,4310.933042533569,8675.35940932341,35,24.999999999994444,1.0
24.45999999975067,19.79587987905002,19.808449243306164,4316.121275671002,9084.396571806454,14,24.999999999994444,1.0
24.479999999749914,19.786625052056692,19.723568443251324,4279.210673491813,9694.634827554308,26,24.999999999994444,1.0
24.499999999749157,19.78889814775339,19.750791152063922,4291.0312624569115,8985.591529197864,26,24.999999999994444,1.0
24.5199999997484,19.799940043495894,19.797430404137092,4311.320756673169,9087.129416939872,17,24.999999999994444,1.0
24.539999999747643,19.789259108633996,19.72444281388393,4279.590087499951,9769.693010597597,28,24.999999999994444,1.0
24.559999999746886,19.78856529705248,19.755052585351866,4292.883129150192,9182.487198953211,18,24.999999999994444,1.0
24.57999999974613,19.800479757440105,19.839084237377094,4329.481897155187,8973.898586787194,25,24.999999999994444,1.0
24.59999999974537,19.79096966872669,19.784631903583925,4305.74825516342,9794.732541466004,30,24.999999999994444,1.0
24.619999999744614,19.7888452932759,19.797578277741234,4311.385162296207,9386.595336352946,17,24.999999999994444,1.0
24.639999999743857,19.797815920443245,19.884869037625688,4349.488183078772,8659.013878869075,31,24.999999999994444,1.0
24.6599999997431,19.790199377745427,19.824978413789424,4323.327460179383,9535.522080789526,31,24.999999999994444,1.0
24.679999999742343,19.78549700077621,19.7801345029787,4303.7909305152125,9488.090769207425,19,24.999999999994444,1.0
24.699999999741586,19.794244307534136,19.842476047706867,4330.962412742028,8385.152705925198,35,24.999999999994444,1.0
24.71999999974083,19.790385339556977,19.796464272190473,4310.899974481253,9251.403567727748,31,24.999999999994444,1.0
24.73999999974007,19.78384771016792,19.718375999824193,4276.95787277487,9611.675500868345,21,24.999999999994444,1.0
24.759999999739314,19.791630885055454,19.765836557635243,4297.571243054648,8486.618561309933,32,24.999999999994444,1.0
24.779999999738557,19.79328195901355,19.760801173040775,4295.3818930049465,9272.297727244037,20,24.999999999994444,1.0
24.7999999997378,19.78612639802376,19.695102494175543,4266.867684816877,9747.259675004736,23,24.999999999994444,1.0
24.819999999737043,19.789838452652763,19.761041892636626,4295.486543507937,8691.542737011996,34,24.999999999994444,1.0
24.839999999736285,19.797429346988494,19.805121227101207,4314.671095021923,9468.71638276845,14,24.999999999994444,1.0
24.85999999973553,19.789182803998905,19.749662772376084,4290.540975848356,9807.08435725275,26,24.999999999994444,1.0
24.87999999973477,19.789551933400247,19.812409691104484,4317.84735544988,8887.71375252127,23,24.999999999994444,1.0
24.899999999734014,19.799907625023565,19.883148756360825,4348.735649143303,9231.54167658616,17,24.999999999994444,1.0
24.919999999733257,19.78810230856913,19.81561686100227,4319.245387402411,9680.913366864768,28,24.999999999994444,1.0
24.9399999997325,19.786253575934715,19.830121616842497,4325.570956726405,9167.44036243004,15,24.999999999994444,1.0
24.959999999731743,19.7972538153778,19.89072722003805,4352.051322761588,8657.929392992519,24,24.999999999994444,1.0
24.979999999730985,19.787035352265775,19.802554245501828,4313.552701106467,9400.864529779245,29,24.999999999994444,1.0
24.99999999973023,19.783633543763564,19.747988628288702,4289.813603493219,9382.811354338628,16,24.999999999994444,1.0
25.01999999972947,19.79515914336526,19.801157298412715,4312.9441339213145,8544.458697380354,28,24.999999999994444,1.0
25.039999999728714,19.78864307209432,19.743644540528063,4287.9264971699595,9353.337262220095,30,24.999999999994444,1.0
25.059999999727957,19.783261246726926,19.693652606218084,4266.239482718403,9550.814641351995,16,24.999999999994444,1.0
25.0799999997272,19.79273160661624,19.76592449598359,4297.609482990166,8504.662533565117,34,24.999999999994444,1.0
25.099999999726442,19.79147723302513,19.74840172611321,4289.993078095464,9498.685539824595,30,24.999999999994444,1.0
25.119999999725685,19.786627514499035,19.706525651608068,4271.818685832355,9719.086796096733,23,24.999999999994444,1.0
25.139999999724928,19.791104186688052,19.80142872868023,4313.06237666703,8421.11381035825,34,24.999999999994444,1.0
25.15999999972417,19.79422735479442,19.82980614030697,4325.433327183717,9595.475743257339,14,24.999999999994444,1.0
25.179999999723414,19.787334398997547,19.786377640328446,4306.508141382585,9721.50644107439,25,24.999999999994444,1.0
25.199999999722657,19.788765583844278,19.859027707867945,4338.190796520535,8691.952092925905,35,24.999999999994444,1.0
25.2199999997219,19.795452964813713,19.89198283333326,4352.600791457876,8923.689587121275,14,24.999999999994444,1.0
25.239999999721142,19.78429225231263,19.798382063616145,4311.735255706092,9552.304696306357,26,24.999999999994444,1.0
25.259999999720385,19.784956081774315,19.798284014387086,4311.692549057688,9043.555210395967,16,24.999999999994444,1.0
25.279999999719628,19.797306404373696,19.840208752678638,4329.972716848526,8658.415449795093,18,24.999999999994444,1.0
25.29999999971887,19.78496598433653,19.7494220861572,4290.436400109132,9463.682233778112,28,24.999999999994444,1.0
25.319999999718114,19.783434708782227,19.720344315559483,4277.811779166412,9289.170251702337,13,24.999999999994444,1.0
25.339999999717357,19.79604798736645,19.77823309131489,4302.963546358216,8742.141671665651,27,24.999999999994444,1.0
25.3599999997166,19.787701409945164,19.71276148494681,4274.522618986426,9599.474721578208,29,24.999999999994444,1.0
25.379999999715842,19.7840451665374,19.69711858097346,4267.741284322229,9472.556900149566,14,24.999999999994444,1.0
25.399999999715085,19.794172520278575,19.79537787698096,4310.426838217139,8712.592667908002,34,24.999999999994444,1.0
25.419999999714328,19.790315967859136,19.77171125875546,4300.126227095571,9755.791452410036,31,24.999999999994444,1.0
25.43999999971357,19.78665579833129,19.755299968217077,4292.990645176615,9590.176217620654,18,24.999999999994444,1.0
25.459999999712814,19.791936693107953,19.855138474797815,4336.491762387362,8360.57466422313,36,24.999999999994444,1.0
25.479999999712057,19.79038064311481,19.846566474965613,4332.748209297519,9410.219906935177,29,24.999999999994444,1.0
25.4999999997113,19.783156656323534,19.787351688426334,4306.932155256153,9585.745470347638,22,24.999999999994444,1.0
25.519999999710542,19.78791632234601,19.842034965881123,4330.7698674597395,8575.576234051361,35,24.999999999994444,1.0
25.539999999709785,19.79186895101485,19.843783797429737,4331.533309390485,8865.126206275218,12,24.999999999994444,1.0
25.559999999709028,19.782123112400416,19.74589855294984,4288.905606297252,9552.244355273511,24,24.999999999994444,1.0
25.57999999970827,19.785799534282713,19.754854069947758,4292.796852574246,8952.80879680472,27,24.999999999994444,1.0
25.599999999707514,19.7960589775866,19.78815595039011,4307.282275086554,8884.141543992562,15,24.999999999994444,1.0
25.619999999706756,19.784690554049764,19.70795486435362,4272.438334289395,9633.488903682619,27,24.999999999994444,1.0
25.639999999706,19.784524599655292,19.7270300085962,4280.712842560604,9147.947617968206,16,24.999999999994444,1.0
25.659999999705242,19.797386459466082,19.801994133715677,4313.308688388811,9011.479814636397,24,24.999999999994444,1.0
25.679999999704485,19.787679663055187,19.74189920396211,4287.1684259733975,9773.556268856555,29,24.999999999994444,1.0
25.699999999703728,19.785582212396292,19.75916560876826,4294.670881102034,9355.548268393062,15,24.999999999994444,1.0
25.71999999970297,19.795095176099984,19.858427020820844,4337.928361153942,8664.842745250588,30,24.999999999994444,1.0
25.739999999702214,19.78737578191733,19.811318473321055,4317.371736164873,9668.383132436918,30,24.999999999994444,1.0
25.759999999701456,19.782821272474443,19.793913434079936,4309.789099394352,9402.800460496774,17,24.999999999994444,1.0
25.7799999997007,19.791259005907825,19.87078123176716,4343.327414368251,8318.96393130875,35,24.999999999994444,1.0
25.799999999699942,19.78667120152352,19.8207782564024,4321.495757584215,9207.300740961342,31,24.999999999994444,1.0
25.819999999699185,19.779859527045847,19.73928970202802,4286.035137346485,9512.647503180135,19,24.999999999994444,1.0
25.839999999698428,19.788797624919006,19.78472127208598,4305.787153955447,8415.806796375284,32,24.999999999994444,1.0
25.85999999969767,19.789627638220548,19.77430014154447,4301.252406966742,9165.179297581939,24,24.999999999994444,1.0
25.879999999696913,19.781494147952483,19.70339834166746,4270.462968314664,9631.335890990138,21,24.999999999994444,1.0
25.899999999696156,19.78664820218434,19.75483673982683,4292.78932078933,8650.771401702363,34,24.999999999994444,1.0
25.9199999996954,19.79334220272955,19.78593345481333,4306.314789461315,9290.535173027838,14,24.999999999994444,1.0
25.939999999694642,19.785094503009354,19.72278970234242,4278.872770071067,9742.913551870472,25,24.999999999994444,1.0
25.959999999693885,19.785838299693623,19.783522484849247,4305.265380993893,8836.783504134033,26,24.999999999994444,1.0
25.979999999693128,19.79667915824828,19.857041121999305,4337.322903328486,9345.051104936321,16,24.999999999994444,1.0
25.99999999969237,19.785535433984844,19.798226688378453,4311.667580048629,9697.278358868625,28,24.999999999994444,1.0
26.019999999691613,19.783828626007157,19.827580423740088,4324.462400058693,9091.552810541456,16,24.999999999994444,1.0
26.039999999690856,19.794186499221556,19.89398683907364,4353.477835885587,8634.460264958341,22,24.999999999994444,1.0
26.0599999996901,19.78322621747301,19.805571691116153,4314.867370131357,9412.429092725994,29,24.999999999994444,1.0
26.079999999689342,19.779918191638956,19.756364641902902,4293.453382502143,9307.384095622901,16,24.999999999994444,1.0
26.099999999688585,19.79170310988882,19.811109804452734,4317.280788524915,8435.32728512382,28,24.999999999994444,1.0
26.119999999687828,19.784457712249374,19.750102487242437,4290.732030822379,9273.9489193494,30,24.999999999994444,1.0
26.13999999968707,19.77889477279116,19.694889323978593,4266.775320321426,9474.062089278767,16,24.999999999994444,1.0
26.159999999686313,19.789570246439897,19.758073053546635,4294.195958682142,8365.823618300366,32,24.999999999994444,1.0
26.179999999685556,19.787643569642874,19.73426059831403,4283.8514549838665,9399.118396449434,30,24.999999999994444,1.0
26.1999999996848,19.78199723186623,19.691920524395062,4265.489073330007,9662.195382950715,22,24.999999999994444,1.0
26.219999999684042,19.787612038754997,19.788363720897678,4307.372726255933,8345.285835130613,33,24.999999999994444,1.0
26.239999999683285,19.79103801960867,19.817487347432323,4320.060852422042,9599.961272438317,18,24.999999999994444,1.0
26.259999999682528,19.78470418756345,19.781344047310597,4304.317295498774,9686.986476995447,24,24.999999999994444,1.0
26.27999999968177,19.786299742824408,19.86174664657171,4339.378778378628,8621.54087493662,34,24.999999999994444,1.0
26.299999999681013,19.79201494485379,19.896724235102475,4354.675988164856,8995.780105119124,13,24.999999999994444,1.0
26.319999999680256,19.780764525978118,19.808518408613615,4316.151416988229,9512.937270203978,25,24.999999999994444,1.0
26.3399999996795,19.78173856567913,19.812803614832205,4318.019057878989,8975.640107122257,17,24.999999999994444,1.0
26.35999999967874,19.793644422939977,19.84904413545181,4333.830084002253,8511.796254964613,18,24.999999999994444,1.0
26.379999999677985,19.780514390411177,19.749234701442266,4290.354984219165,9358.735522581852,27,24.999999999994444,1.0
26.399999999677227,19.779999344009113,19.707727618232273,4272.339806618786,9244.781512427744,13,24.999999999994444,1.0
26.41999999967647,19.79321030204778,19.758289839792162,4294.290191325576,8604.65640593428,27,24.999999999994444,1.0
26.439999999675713,19.78383464744656,19.6915289019548,4265.319415461733,9518.772113212104,29,24.999999999994444,1.0
26.459999999674956,19.77966160504205,19.67808469778257,4259.497191104149,9419.793163282906,14,24.999999999994444,1.0
26.4799999996742,19.79078469521772,19.776168516051257,4302.065252927827,8707.839976919033,34,24.999999999994444,1.0
26.49999999967344,19.786841021245014,19.752702316525156,4291.861736857841,9778.413430639495,31,24.999999999994444,1.0
26.519999999672685,19.78337778796459,19.74458156182718,4288.333511568104,9574.179439650203,19,24.999999999994444,1.0
26.539999999671927,19.78894383380941,19.855880806515096,4336.816028627881,8343.21714464619,35,24.999999999994444,1.0
26.55999999967117,19.7871369702302,19.854394739957723,4336.16689539067,9508.464717662684,29,24.999999999994444,1.0
26.579999999670413,19.779903414932694,19.812147565085127,4317.733102547794,9523.351222795385,22,24.999999999994444,1.0
26.599999999669656,19.784728822274307,19.87458402712938,4344.98999276569,8503.650993607765,35,24.999999999994444,1.0
26.6199999996689,19.787738158015458,19.8654149674702,4340.98183012768,8670.60522943279,13,24.999999999994444,1.0
26.63999999966814,19.777279547072464,19.754558628816202,4292.668452812703,9442.040797282712,22,24.999999999994444,1.0
26.659999999667384,19.782744142178075,19.748445561302287,4290.012122964919,8913.564580021082,29,24.999999999994444,1.0
26.679999999666627,19.79269153277817,19.77650924031036,4302.213495052892,8806.177787415492,14,24.999999999994444,1.0
26.69999999966587,19.78064964575679,19.695638338544,4267.099865189967,9539.571045975086,26,24.999999999994444,1.0
26.719999999665113,19.780928964040584,19.70817637650531,4272.534376961862,9074.506785793637,14,24.999999999994444,1.0
26.739999999664356,19.79379084538226,19.774743568337847,4301.44531512871,8906.895575528817,22,24.999999999994444,1.0
26.7599999996636,19.783617965231045,19.710225805171177,4273.423014199194,9748.333295844135,28,24.999999999994444,1.0
26.77999999966284,19.781307057982772,19.733672775951373,4283.596253511568,9307.64376011566,15,24.999999999994444,1.0
26.799999999662084,19.791747587813514,19.84566653240911,4332.355281271412,8787.047383272533,28,24.999999999994444,1.0
26.819999999661327,19.784388627290845,19.81179317210351,4317.57863563628,9745.0027635082,30,24.999999999994444,1.0
26.83999999966057,19.780052941848233,19.81211349041948,4317.718250529877,9352.208160899094,17,24.999999999994444,1.0
26.859999999659813,19.787694220352563,19.895115426330612,4353.971796097201,8217.291825395005,34,24.999999999994444,1.0
26.879999999659056,19.78217087616241,19.838295330609935,4329.137577869499,9139.366138095173,30,24.999999999994444,1.0
26.8999999996583,19.775234571299404,19.75025937192525,4290.800197841533,9428.372697027558,19,24.999999999994444,1.0
26.91999999965754,19.785376290361615,19.790785814899152,4308.427234883349,8393.30915494654,33,24.999999999994444,1.0
26.939999999656784,19.785924855928904,19.777262868279404,4302.541392171256,9081.580943117478,25,24.999999999994444,1.0
26.959999999656027,19.776668512852382,19.700991338397053,4269.419656871552,9526.854477671714,21,24.999999999994444,1.0
26.97999999965527,19.783537802965757,19.736895448757537,4284.995461507046,8653.68582381917,32,24.999999999994444,1.0
26.999999999654513,19.7897041504891,19.75817503266659,4294.240286836383,9125.28502452886,12,24.999999999994444,1.0
27.019999999653756,19.780859628040528,19.69052790013014,4264.885778843837,9707.171139781876,25,24.999999999994444,1.0
27.039999999653,19.78201845879693,19.756841488465888,4293.660641604037,8776.525932462282,28,24.999999999994444,1.0
27.05999999965224,19.793639060941658,19.840321123369744,4330.021765062748,9545.610706822688,15,24.999999999994444,1.0
27.079999999651484,19.783273345252386,19.795577013465202,4310.51356225635,9715.522332545344,28,24.999999999994444,1.0
27.099999999650727,19.781641076118703,19.837610969980727,4328.838898959296,8999.80692344931,16,24.999999999994444,1.0
27.11999999964997,19.79096111097015,19.90839970351841,4359.7881663055705,8540.707531389078,23,24.999999999994444,1.0
27.139999999649213,19.779143496126437,19.81970017077074,4321.025663451747,9382.943312125848,28,24.999999999994444,1.0
27.159999999648456,19.776120827538666,19.773584279625247,4300.9409878978695,9226.796701254441,15,24.999999999994444,1.0
27.1799999996477,19.788234796360754,19.824007569779457,4322.904037393405,8295.67652550746,28,24.999999999994444,1.0
27.19999999964694,19.780454399930964,19.755342257909007,4293.009024998379,9126.165957068777,31,24.999999999994444,1.0
27.219999999646184,19.775511034402236,19.68631925511967,4263.062823959451,9398.538695700661,15,24.999999999994444,1.0
27.239999999645427,19.7872830913403,19.733612009628978,4283.569872412303,8278.385367075563,31,24.999999999994444,1.0
27.25999999964467,19.784779188537684,19.704757099124823,4271.051975690611,9278.63138843608,30,24.999999999994444,1.0
27.279999999643913,19.77768819719702,19.662779047565184,4252.873678607052,9622.280016614535,20,24.999999999994444,1.0
27.299999999643155,19.78434013866126,19.764227700050267,4296.871662373777,8345.234952094,31,24.999999999994444,1.0
27.3199999996424,19.78827712696086,19.80026942112616,4312.55736064102,9679.851069242965,21,24.999999999994444,1.0
27.33999999964164,19.78254644478851,19.77626248433772,4302.106136343659,9683.555690630665,25,24.999999999994444,1.0
27.359999999640884,19.784133192168493,19.86897646056706,4342.538481496247,8528.229106766856,33,24.999999999994444,1.0
27.379999999640127,19.7890575512833,19.91128662205588,4361.052684402276,9139.2269203835,13,24.999999999994444,1.0
27.39999999963937,19.777562554786513,19.836764922963752,4328.469668698176,9469.679797531597,25,24.999999999994444,1.0
27.419999999638613,19.77889269126651,19.849371575589025,4333.973071403817,8888.595957916797,17,24.999999999994444,1.0
27.439999999637855,19.790398122064122,19.876165918386064,4345.681687767329,8355.820455237084,17,24.999999999994444,1.0
27.4599999996371,19.77646239054162,19.761313274310574,4295.604525579876,9184.880385656099,27,24.999999999994444,1.0
27.47999999963634,19.777946782452744,19.69499772883213,4266.822290925731,9212.3217729585,13,24.999999999994444,1.0
27.499999999635584,19.791510839710295,19.736179647574975,4284.68465789488,8426.860789569084,26,24.999999999994444,1.0
27.519999999634827,19.781578446532947,19.671532703688037,4256.661188034948,9435.378038643305,30,24.999999999994444,1.0
27.53999999963407,19.776920566909443,19.662367667863457,4252.695725368664,9365.60179872124,15,24.999999999994444,1.0
27.559999999633312,19.787954670186945,19.75785414688964,4294.100805387405,8636.533083433158,34,24.999999999994444,1.0
27.579999999632555,19.783673285685005,19.73402652972367,4283.749833834215,9801.665438416198,32,24.999999999994444,1.0
27.599999999631798,19.780316220885577,19.736804968844694,4284.956174160339,9583.159661129786,19,24.999999999994444,1.0
27.61999999963104,19.785953069863336,19.86810083879146,4342.155740344245,8361.254412659844,35,24.999999999994444,1.0
27.639999999630284,19.784184453648393,19.880740753421506,4347.6823819523015,9605.875178501758,30,24.999999999994444,1.0
27.659999999629527,19.776941006588196,19.85282061708145,4335.479350994156,9465.836291899806,23,24.999999999994444,1.0
27.67999999962877,19.78133639502316,19.911410497381027,4361.106947947369,8450.299540164631,36,24.999999999994444,1.0
27.699999999628012,19.78342026719608,19.885585397347754,4349.801572547312,8663.46724642673,15,24.999999999994444,1.0
27.719999999627255,19.772571200981517,19.755481055606634,4293.0693491227585,9302.4974012132,22,24.999999999994444,1.0
27.739999999626498,19.780404067714056,19.72330399524361,4279.095925376719,8879.43564989523,30,24.999999999994444,1.0
27.75999999962574,19.79038984348678,19.74923873713934,4290.356737661776,8802.195157417293,14,24.999999999994444,1.0
27.779999999624984,19.777245039025473,19.674998839478775,4258.161372668403,9462.648331640885,26,24.999999999994444,1.0
27.799999999624227,19.778312746974876,19.68960482820959,4264.485921201598,9053.709230070384,17,24.999999999994444,1.0
27.81999999962347,19.791210061904025,19.750828420348586,4291.047456190544,8825.158014843924,23,24.999999999994444,1.0
27.839999999622712,19.7809386087514,19.68597644655941,4262.914355199409,9775.410651826189,29,24.999999999994444,1.0
27.859999999621955,19.7789863549691,19.730881564348802,4282.384560369954,9174.017803285595,16,24.999999999994444,1.0
27.879999999621198,19.789532237404035,19.86988357948495,4342.935008085142,9258.431645246057,29,24.999999999994444,1.0
27.89999999962044,19.78257196227253,19.85774410678938,4337.630011118012,9797.121788754564,31,24.999999999994444,1.0
27.919999999619684,19.778467376869738,19.870535008844975,4343.219776915072,9303.542246786315,20,24.999999999994444,1.0
27.939999999618927,19.784733943639043,19.94517707910692,4375.910975886252,8079.024796070099,38,24.999999999994444,1.0
27.95999999961817,19.778019266348124,19.867139332225886,4341.735477706845,8911.63458091569,33,24.999999999994444,1.0
27.979999999617412,19.77167002084599,19.749594582572467,4290.511347935732,9330.51074905936,20,24.999999999994444,1.0
27.999999999616655,19.78332480140637,19.762031666187834,4295.916851329517,8478.885242596232,37,24.999999999994444,1.0
28.019999999615898,19.783276494688035,19.743032893291655,4287.660826081559,8998.535181098683,29,24.999999999994444,1.0
28.03999999961514,19.773535837966254,19.662197314672397,4252.622035652214,9428.514885719165,21,24.999999999994444,1.0
28.059999999614384,19.782129082073205,19.683032787815765,4261.639576988535,8716.517311646776,33,24.999999999994444,1.0
28.079999999613626,19.78824752940778,19.694230710528338,4266.489956074693,8957.584852926053,13,24.999999999994444,1.0
28.09999999961287,19.778715098510308,19.62596562877391,4236.963795479963,9743.887220896942,25,24.999999999994444,1.0
28.119999999612112,19.77991183223357,19.722917095598003,4278.928046358152,8736.879556727052,28,24.999999999994444,1.0
28.139999999611355,19.79194175946425,19.840211313184067,4329.973834469768,9959.761594762787,16,24.999999999994444,1.0
28.159999999610598,19.782733601176695,19.83221702735278,4326.4851544202365,9775.55129991653,29,24.999999999994444,1.0
28.17999999960984,19.781460984861354,19.897952528308675,4355.213663007082,8923.522939265833,19,24.999999999994444,1.0
28.199999999609084,19.788900122306792,19.972269467578187,4387.8070245411145,8492.797490322082,20,24.999999999994444,1.0
28.219999999608326,19.775796952193737,19.882531567318505,4348.465676779586,9248.595323002193,27,24.999999999994444,1.0
28.23999999960757,19.774326280711318,19.827881037071833,4324.593530623001,9120.346603253734,15,24.999999999994444,1.0
28.259999999606812,19.787052649383813,19.850925913324666,4334.6518557793515,8011.181291588499,27,24.999999999994444,1.0
28.279999999606055,19.77816599286184,19.75985176982096,4294.969161618261,8876.652096728914,31,24.999999999994444,1.0
28.299999999605298,19.776030493256638,19.65709443153457,4250.414976392942,9312.599884540725,15,24.999999999994444,1.0
28.31999999960454,19.78795914690254,19.6675084538859,4254.919776620407,8255.763910125797,30,24.999999999994444,1.0
28.339999999603783,19.784495225209067,19.63245544014761,4239.766372703196,9232.249640229595,30,24.999999999994444,1.0
28.359999999603026,19.77617834997423,19.600684825281103,4226.055301820054,9601.395743472038,19,24.999999999994444,1.0
28.37999999960227,19.78276835384643,19.72350273075801,4279.182159672406,8436.87529353583,30,24.999999999994444,1.0
28.399999999601512,19.786763894015728,19.77867270690552,4303.154834515783,9930.774060414513,20,24.999999999994444,1.0
28.419999999600755,19.781378233621954,19.781864531465196,4304.543807753648,9792.333817458226,24,24.999999999994444,1.0
28.439999999599998,19.782443112463568,19.90716464889786,4359.247247941616,8225.980081555854,35,24.999999999994444,1.0
28.45999999959924,19.786057555485282,19.966774605064018,4385.392969423723,9469.695058706606,17,24.999999999994444,1.0
28.479999999598483,19.773944434143594,19.9196775880165,4364.729107315796,9382.24125260894,27,24.999999999994444,1.0
28.499999999597726,19.776025008784398,19.931857240497166,4370.068263611152,8795.269480332838,20,24.999999999994444,1.0
28.51999999959697,19.787369547469723,19.928507272214187,4368.599423085631,8102.789452836133,18,24.999999999994444,1.0
28.539999999596212,19.772995914679363,19.778009907701232,4302.866435000409,8923.924363286651,30,24.999999999994444,1.0
28.559999999595455,19.778485635622147,19.650886783622074,4247.73086521006,9191.480475800754,16,24.999999999994444,1.0
28.579999999594698,19.791158070361792,19.66904976424987,4255.586704913916,8040.4205481886365,27,24.999999999994444,1.0
28.59999999959394,19.779817104923726,19.61903934983235,4233.973755112971,9426.215467141552,32,24.999999999994444,1.0
28.619999999593183,19.774578263530476,19.636909586871585,4241.690399352661,9297.355128821813,13,24.999999999994444,1.0
28.639999999592426,19.785772078585,19.742307113889307,4287.345591970368,8618.283065203419,32,24.999999999994444,1.0
28.65999999959167,19.782107013969753,19.719999025786276,4277.661977347128,9979.468333051289,30,24.999999999994444,1.0
28.679999999590912,19.780393000765148,19.751073929887692,4291.154135222781,9643.93107359545,17,24.999999999994444,1.0
28.699999999590155,19.78520372527338,19.925064589984018,4367.090188065385,8810.319273442328,32,24.999999999994444,1.0
28.719999999589398,19.782471388342966,19.966633766910313,4385.331103801154,9763.634620338173,29,24.999999999994444,1.0
28.73999999958864,19.774523520136956,19.96147730149071,4383.066336637217,9305.808899017915,22,24.999999999994444,1.0
28.759999999587883,19.777952071146146,19.999463449640416,4399.763921008532,8422.662887626851,37,24.999999999994444,1.0
28.779999999587126,19.77889722218652,19.932941409311614,4370.543685497546,8689.34608957184,14,24.999999999994444,1.0
28.79999999958637,19.76949132932757,19.757830354813162,4294.090463625341,8962.87031451391,20,24.999999999994444,1.0
28.81999999958561,19.780838233451153,19.633445879574833,4240.194168168134,8972.975667908247,22,24.999999999994444,1.0
28.839999999584855,19.786808390113084,19.648944533669287,4246.891234159333,8585.828005174219,16,24.999999999994444,1.0
28.859999999584097,19.77100577811594,19.58964337688517,4221.295403968951,9378.772946856294,27,24.999999999994444,1.0
28.87999999958334,19.77577559339274,19.625146092580383,4236.609950706354,8936.25216437541,16,24.999999999994444,1.0
28.899999999582583,19.788615950055764,19.687027020902573,4263.3693621392285,8829.581462650514,21,24.999999999994444,1.0
28.919999999581826,19.77861990545885,19.62328858267309,4235.8080027875485,9863.763338063647,27,24.999999999994444,1.0
28.93999999958107,19.779845447509743,19.709208149132742,4272.981744524245,9062.897214906787,17,24.999999999994444,1.0
28.95999999958031,19.788986883080298,19.904800077034604,4358.211727173884,10160.734700399278,28,24.999999999994444,1.0
28.979999999579555,19.7822461715646,19.95003255489075,4378.041788353208,9915.77982111814,32,24.999999999994444,1.0
28.999999999578797,19.778756497282302,20.00649134793379,4402.856656604445,9225.056873606738,20,24.999999999994444,1.0
29.01999999957804,19.78185347804359,20.079241036746865,4434.935126729572,7875.725575383445,39,24.999999999994444,1.0
29.039999999577283,19.773114443758107,19.976278002234213,4389.568511048012,8580.923284035438,31,24.999999999994444,1.0
29.059999999576526,19.769489281360897,19.815754407995513,4319.30535033793,9059.069430045933,19,24.999999999994444,1.0
29.07999999957577,19.78224796780097,19.73408774463744,4283.776410243545,8645.266702261151,33,24.999999999994444,1.0
29.09999999957501,19.776781310971792,19.68369156533929,4261.924850033501,8449.642488638176,28,24.999999999994444,1.0
29.119999999574254,19.772263305139788,19.574530198216074,4214.784557289603,9202.72173322936,18,24.999999999994444,1.0
29.139999999573497,19.77946136844136,19.5590850802059,4208.135900922063,8830.90666471574,29,24.999999999994444,1.0
29.15999999957274,19.776103910069057,19.55052246843672,4204.4522166773395,8533.960463930378,11,24.999999999994444,1.0
29.179999999571983,19.76014308371816,19.4811674277987,4174.674727849175,9735.164559689589,24,24.999999999994444,1.0
29.199999999571226,19.764786889232656,19.63375664342386,4240.328399265097,8653.55407469242,22,24.999999999994444,1.0
29.21999999957047,19.781512982088916,19.8184304347841,4320.472033882144,10611.06086090746,16,24.999999999994444,1.0
29.23999999956971,19.77560517021574,19.888811148543084,4351.212897926529,10025.516088792829,28,24.999999999994444,1.0
29.259999999568954,19.777181039453925,20.009725005380453,4404.280042700425,8885.451057962015,16,24.999999999994444,1.0
29.279999999568197,19.782299328158487,20.09600540383718,4442.343765101584,8781.207990023528,18,24.999999999994444,1.0
29.29999999956744,19.76882940976689,20.04021479511885,4417.712299379505,9202.499317246948,29,24.999999999994444,1.0
29.319999999566683,19.767243943340432,20.023441627839773,4410.320360858574,8875.274734181943,15,24.999999999994444,1.0
29.339999999565926,19.778727603152692,20.006482113621182,4402.852592189087,7961.770139426851,21,24.999999999994444,1.0
29.35999999956517,19.768700402862404,19.84288893578254,4331.142654495812,8445.403523190203,33,24.999999999994444,1.0
29.37999999956441,19.768820436035856,19.6597642759188,4251.569645231623,9006.060790511981,13,24.999999999994444,1.0
29.399999999563654,19.77845385071582,19.54114874473486,4200.421436902379,8629.353713112447,30,24.999999999994444,1.0
29.419999999562897,19.766319931332966,19.500239637186013,4182.852804984485,9192.007182791836,30,24.999999999994444,1.0
29.43999999956214,19.756827377717464,19.492719930254655,4179.627433072817,9442.96603636342,21,24.999999999994444,1.0
29.459999999561383,19.765648218898363,19.627516932863024,4237.633630448072,8273.855273179357,28,24.999999999994444,1.0
29.479999999560626,19.771438943558124,19.676339148771927,4258.741545272443,9880.954306846977,23,24.999999999994444,1.0
29.49999999955987,19.76902300369005,19.685667964286054,4262.780755201301,9954.341911275067,23,24.999999999994444,1.0
29.51999999955911,19.7733035594288,19.85695612740933,4337.285773104449,8260.97790535914,30,24.999999999994444,1.0
29.539999999558354,19.77647671317242,19.967755512821345,4385.823862417879,10024.067781607257,16,24.999999999994444,1.0
29.559999999557597,19.76526860993406,19.992877801230254,4396.86679052418,9420.558684876969,29,24.999999999994444,1.0
29.57999999955684,19.76324985554195,20.064058643593693,4428.230941789235,8469.021169513644,19,24.999999999994444,1.0
29.599999999556083,19.7720828653038,20.05325535726389,4423.463554659962,8174.694833388556,15,24.999999999994444,1.0
29.619999999555326,19.75786370100296,19.871514974428337,4343.648181168226,8737.06562251073,29,24.999999999994444,1.0
29.63999999955457,19.765330652085282,19.68866090176229,4264.077049150414,9051.447540791747,16,24.999999999994444,1.0
29.65999999955381,19.77760154851572,19.649318401053836,4247.052849885922,8275.462824568158,26,24.999999999994444,1.0
29.679999999553054,19.762995597248768,19.599576143235456,4225.577234939329,9322.589519174173,35,24.999999999994444,1.0
29.699999999552297,19.762741619901668,19.594931105991893,4223.574575534256,9170.981429290096,14,24.999999999994444,1.0
29.71999999955154,19.77423276775211,19.65550573588671,4249.727963068229,8295.80369988232,31,24.999999999994444,1.0
29.739999999550783,19.76976472284508,19.591659516316593,4222.164348636064,9568.568978182477,32,24.999999999994444,1.0
29.759999999550026,19.767594346950215,19.580773634426684,4217.473657349251,9568.303534534696,18,24.999999999994444,1.0
29.77999999954927,19.774985958565452,19.76961988676473,4299.216575138798,9162.413774927381,32,24.999999999994444,1.0
29.79999999954851,19.774843284471604,19.842724392947716,4331.070824679305,10008.243500492574,28,24.999999999994444,1.0
29.819999999547754,19.769657756940358,19.857446200215172,4337.499865538839,9482.195609628121,25,24.999999999994444,1.0
29.839999999546997,19.770173844914353,19.93902076978053,4373.210041835133,8143.456647640495,38,24.999999999994444,1.0
29.85999999954624,19.769266544178468,19.913148076248298,4361.868129372504,8651.782760888767,16,24.999999999994444,1.0
29.879999999545483,19.758523700793262,19.774149810324182,4301.187007932583,9027.091821978764,23,24.999999999994444,1.0
29.899999999544725,19.768404649669147,19.698320930728297,4268.262322389654,8819.895760991078,25,24.999999999994444,1.0
29.91999999954397,19.775985476150858,19.70015376417314,4269.056641652717,8048.597148672855,16,24.999999999994444,1.0
29.93999999954321,19.763242894270412,19.60586465126961,4228.2892159629355,9132.29741385226,27,24.999999999994444,1.0
29.959999999542454,19.76978999714386,19.58029675337488,4217.268230452452,9031.030320328327,18,24.999999999994444,1.0
29.979999999541697,19.78123694229707,19.61475425981281,4232.124431401292,8277.204031878746,23,24.999999999994444,1.0
29.99999999954094,19.770666932573352,19.540879236584587,4200.305574726609,9616.555198172282,28,24.999999999994444,1.0
