t,omega_hub,omega_gnd,tau_gen,T_max,n_slack,backline_payout,k_mppt_scale
0.019999999999999858,9.519472106305656,10.860691465954142,1297.5008103051405,0.0,75,0.0,1.0
0.03999999999999904,9.550297296899652,6.788556769100997,506.9295330803766,0.0,75,0.0,1.0
0.05999999999999823,9.576379387151079,4.862389347569155,260.07113184089394,0.0,75,0.0,1.0
0.07999999999999742,9.600113962563915,3.9037100750071465,167.6284758468353,0.0,75,0.0,1.0
0.0999999999999966,9.62206647152034,3.5019589698239733,134.90088288963642,0.0,75,0.0,1.0
0.11999999999999579,9.64178607051815,3.433572617128971,129.6836300880768,0.0,75,0.0,1.0
0.14000000000000018,9.65818193104346,3.56624090216199,139.8988158947848,0.0,75,0.0,1.0
0.1600000000000063,9.67000194869563,3.8013785981130517,158.95527170811144,0.0,75,0.0,1.0
0.18000000000001243,9.677701470919432,4.10194875058023,185.0858190762538,0.0,75,0.0,1.0
0.20000000000001855,9.683416762267676,4.475333727227325,220.3147316706426,0.0,75,0.0,1.0
0.22000000000002468,9.688582558903299,4.928808185937796,267.2246514714417,0.0,75,0.0,1.0
0.2400000000000308,9.694165315324469,5.426974797989953,323.972610038199,0.0,75,0.0,1.0
0.26000000000003,9.700027209887546,5.918577131529199,385.32510788046443,0.0,75,0.0,1.0
0.28000000000002223,9.70592257922616,6.356284808366798,444.4259222158199,0.0,75,0.0,1.0
0.3000000000000145,9.711916373805028,6.716875418660843,496.28056928791295,0.0,75,0.0,1.0
0.3200000000000067,9.718098567201329,7.000534706808854,539.0823479935887,0.0,75,0.0,1.0
0.33999999999999897,9.724242736902339,7.217455010299579,573.0082250826835,0.0,75,0.0,1.0
0.3599999999999912,9.730041314742081,7.377656535277769,598.7279754777945,0.0,75,0.0,1.0
0.37999999999998346,9.73555564135296,7.492094721501394,617.4463164754396,0.0,75,0.0,1.0
0.3999999999999757,9.741253452467324,7.576528509689729,631.441626839554,0.0,75,0.0,1.0
0.41999999999996795,9.747644246774168,7.649000056243277,643.5792204645062,0.0,75,0.0,1.0
0.4399999999999602,9.754944476872579,7.722842792390336,656.065308755729,0.0,75,0.0,1.0
0.45999999999995245,9.763026482786035,7.802305041959944,669.6356036457291,0.0,75,0.0,1.0
0.4799999999999447,9.771574400867513,7.883671404619665,683.6750229761959,0.0,75,0.0,1.0
0.49999999999993694,9.780254661913194,7.959941589822197,696.9673712471924,0.0,75,0.0,1.0
0.5199999999999569,9.788789765671083,8.025243003003961,708.4497778299044,0.0,75,0.0,1.0
0.5399999999999769,9.79695795198183,8.07678017114197,717.578157262473,0.0,75,0.0,1.0
0.559999999999997,9.804605995256127,8.11468079607969,724.3284886449094,0.0,75,0.0,1.0
0.580000000000017,9.811691438183505,8.141459763256194,729.1170378439156,0.0,75,0.0,1.0
0.600000000000037,9.818303104899295,8.161486401836425,732.7084631609698,0.0,75,0.0,1.0
0.620000000000057,9.824614484592901,8.180019565892302,736.0399210821896,0.0,75,0.0,1.0
0.640000000000077,9.830795253878842,8.20165165474101,739.9379885228755,0.0,75,0.0,1.0
0.660000000000097,9.836938288952737,8.228831262176946,744.850303355187,0.0,75,0.0,1.0
0.680000000000117,9.843042406397682,8.26133927625995,750.7469930122279,0.0,75,0.0,1.0
0.700000000000137,9.849039174584995,8.296937502311554,757.2308910899027,0.0,75,0.0,1.0
0.720000000000157,9.854834297786105,8.33266578155843,763.7665092987025,0.0,75,0.0,1.0
0.740000000000177,9.860337984764783,8.365978004576297,769.8854677035984,0.0,75,0.0,1.0
0.760000000000197,9.86548434353348,8.395427030172563,775.3151452084732,0.0,75,0.0,1.0
0.780000000000217,9.870245994051555,8.420857616145392,780.0192729053325,0.0,75,0.0,1.0
0.800000000000237,9.874646081324002,8.443234118513795,784.1702261803896,0.0,75,0.0,1.0
0.820000000000257,9.87875668093105,8.464265675878455,788.0817277503957,0.0,75,0.0,1.0
0.840000000000277,9.88267523776556,8.485838985717,792.1040962066598,0.0,75,0.0,1.0
0.860000000000297,9.886489917834908,8.509336851701251,796.4969502129306,0.0,75,0.0,1.0
0.880000000000317,9.890254099393992,8.535121955155766,801.331374683202,0.0,75,0.0,1.0
0.900000000000337,9.893977253482404,8.562472940148405,806.4753713585103,0.0,75,0.0,1.0
0.920000000000357,9.897633762739225,8.590013348167448,811.6716225386442,0.0,75,0.0,1.0
0.940000000000377,9.90118145079542,8.616293888826116,816.6457241648449,0.0,75,0.0,1.0
0.960000000000397,9.90457784218967,8.640317369706342,821.2059267417403,0.0,75,0.0,1.0
0.980000000000417,9.907792587546341,8.661752366183391,825.2854945839194,0.0,75,0.0,1.0
1.000000000000437,9.910815174588159,8.680913089671455,828.9407727747213,0.0,75,0.0,1.0
1.020000000000457,9.913657941099622,8.698545794335386,832.3116882976482,0.0,75,0.0,1.0
1.040000000000477,9.916351574275755,8.715547102263498,835.5683742095104,0.0,75,0.0,1.0
1.060000000000497,9.918934775226935,8.732703197707332,838.8611565317266,0.0,75,0.0,1.0
1.080000000000517,9.921441434956273,8.750437168042668,842.2716569504884,0.0,75,0.0,1.0
1.100000000000537,9.923890138973977,8.76872408369869,845.7957426164116,0.0,75,0.0,1.0
1.120000000000557,9.926280237316275,8.7871076054872,849.3458607745212,0.0,75,0.0,1.0
1.140000000000577,9.928595733630429,8.804934559671478,852.7955986010688,0.0,75,0.0,1.0
1.160000000000597,9.930813230684347,8.821609826617003,856.0287992637224,0.0,75,0.0,1.0
1.180000000000617,9.932911282367833,8.83680346158063,858.9800496046373,0.0,75,0.0,1.0
1.200000000000637,9.934877470967251,8.850568911021748,861.6582705361916,0.0,75,0.0,1.0
1.220000000000657,9.936711120988324,8.863265534680341,864.1322353207763,0.0,75,0.0,1.0
1.240000000000677,9.938421829249268,8.875390143261203,866.4980521460793,0.0,75,0.0,1.0
1.260000000000697,9.940025311854846,8.88737928292682,868.8406157045654,0.0,75,0.0,1.0
1.280000000000717,9.941537647412668,8.899516531931374,871.2153395233181,0.0,75,0.0,1.0
1.300000000000737,9.942971677840932,8.911845238256653,873.6308410570156,0.0,75,0.0,1.0
1.320000000000757,9.944334000940843,8.924235464455398,876.0617648754779,0.0,75,0.0,1.0
1.340000000000777,9.945624776710178,8.936469302375476,878.4653195152915,0.0,75,0.0,1.0
1.360000000000797,9.946838609469275,8.948313212584228,880.7954028556042,0.0,75,0.0,1.0
1.380000000000817,9.947967431475965,8.959572192258682,883.0132725512453,0.0,75,0.0,1.0
1.400000000000837,9.949003810042552,8.970164003623825,885.1022647709948,0.0,75,0.0,1.0
1.420000000000857,9.94994490455609,8.980136123979365,887.0712928571904,0.0,75,0.0,1.0
1.440000000000877,9.950793609578737,8.989653095172091,888.9524904869088,0.0,75,0.0,1.0
1.460000000000897,9.95155802136822,8.998927883779965,890.7877336321981,0.0,75,0.0,1.0
1.480000000000917,9.952248218493228,9.008151935987614,892.6148143202114,0.0,75,0.0,1.0
1.500000000000937,9.952872571607273,9.017390606126332,894.4466667780096,0.0,75,0.0,1.0
1.520000000000957,9.953435533804704,9.02657072790679,896.2687701649409,0.0,75,0.0,1.0
1.540000000000977,9.953937462152359,9.035545544573495,898.0519161686813,0.0,75,0.0,1.0
1.560000000000997,9.954376300007274,9.044170400174117,899.7672005012421,0.0,75,0.0,1.0
1.580000000001017,9.954749019151325,9.052362724238495,901.3979798030084,0.0,75,0.0,1.0
1.600000000001037,9.955053161963857,9.060141457671753,902.9477955632467,0.0,75,0.0,1.0
1.620000000001057,9.955287182241925,9.067579255725242,904.4309291474461,0.0,75,0.0,1.0
1.640000000001077,9.955451099693407,9.074763495432595,905.8646574783961,0.0,75,0.0,1.0
1.660000000001097,9.955546723825124,9.08177288875288,907.2645868317552,0.0,75,0.0,1.0
1.680000000001117,9.955578334278018,9.088682918736966,908.645729170752,0.0,75,0.0,1.0
1.700000000001137,9.955551470800321,9.095559221511913,910.0211730723342,0.0,75,0.0,1.0
1.720000000001157,9.955471752762161,9.102421813564725,911.3949115926482,0.0,75,0.0,1.0
1.740000000001177,9.955342975594794,9.109257421461232,912.7642784749117,0.0,75,0.0,1.0
1.760000000001197,9.955166314939222,9.115980779213265,914.1121612368424,0.0,75,0.0,1.0
1.780000000001217,9.954940534088637,9.122487617772935,915.4175837006256,0.0,75,0.0,1.0
1.800000000001237,9.954664098725425,9.128682408955916,916.661267759393,0.0,75,0.0,1.0
1.820000000001257,9.954336302673404,9.134559579268307,917.8419657792263,0.0,75,0.0,1.0
1.840000000001277,9.95395780124456,9.140162944938968,918.9683652603893,0.0,75,0.0,1.0
1.860000000001297,9.953530267169285,9.145568811809872,920.0557178070437,0.0,75,0.0,1.0
1.880000000001317,9.953055375896,9.150835567717591,921.1157074614586,0.0,75,0.0,1.0
1.900000000001337,9.952534115803081,9.155983793895208,922.1524315747886,0.0,75,0.0,1.0
1.920000000001357,9.951967443894725,9.160988883038375,923.1608904666796,0.0,75,0.0,1.0
1.940000000001377,9.951356770388122,9.165849068349061,924.140680581309,0.0,75,0.0,1.0
1.960000000001397,9.950703584645003,9.17058823041459,925.0965734100045,0.0,75,0.0,1.0
1.980000000001417,9.950009320026918,9.175222901393019,926.0318681927162,0.0,75,0.0,1.0
2.000000000001437,9.949274778260108,9.179772781265429,926.950511472278,0.0,75,0.0,1.0
2.020000000001346,9.948499775715996,9.184231159347526,927.85112187163,0.0,75,0.0,1.0
2.040000000001255,9.94768427012181,9.188576335616933,928.7292858300544,0.0,75,0.0,1.0
2.060000000001164,9.946829406799916,9.19279263894184,929.5818015284162,0.0,75,0.0,1.0
2.080000000001073,9.945937418346878,9.1969193381058,930.4165784278688,0.0,75,0.0,1.0
2.100000000000982,9.945011206451092,9.200986566063047,931.2396916775994,0.0,75,0.0,1.0
2.120000000000891,9.944053382384585,9.205002013858792,932.0526828265886,0.0,75,0.0,1.0
2.1400000000008,9.94306504458094,9.208943821582235,932.8511093996337,0.0,75,0.0,1.0
2.160000000000709,9.94204617349959,9.212754464595347,933.6232930741367,0.0,75,0.0,1.0
2.180000000000618,9.940996443755221,9.21637454812175,934.3571579239305,0.0,75,0.0,1.0
2.200000000000527,9.939916074675725,9.219793951637218,935.0506056171085,0.0,75,0.0,1.0
2.220000000000436,9.93880544968735,9.223050675346121,935.711301360028,0.0,75,0.0,1.0
2.240000000000345,9.937665172576557,9.22617680484357,936.3457227765687,0.0,75,0.0,1.0
2.260000000000254,9.936495281568467,9.229205598143944,936.9605957009265,0.0,75,0.0,1.0
2.280000000000163,9.935295316165904,9.232146871362884,937.5578943985704,0.0,75,0.0,1.0
2.3000000000000718,9.934065271807388,9.234997087864755,938.1368833415756,0.0,75,0.0,1.0
2.3199999999999807,9.93280633387471,9.237762943996312,938.6989063041855,0.0,75,0.0,1.0
2.3399999999998897,9.931520312778769,9.24049568375992,939.254365297443,0.0,75,0.0,1.0
2.3599999999997987,9.93020937886775,9.243229145871776,939.8101354740284,0.0,75,0.0,1.0
2.3799999999997077,9.928875248953211,9.245961674710724,940.3658801924149,0.0,75,0.0,1.0
2.3999999999996167,9.927518368653333,9.248675330485387,940.9179490560189,0.0,75,0.0,1.0
2.4199999999995256,9.926139024350412,9.251320878230011,941.4563179117196,0.0,75,0.0,1.0
2.4399999999994346,9.924737870752692,9.253861981677824,941.9735773353644,0.0,75,0.0,1.0
2.4599999999993436,9.923316214722986,9.256298762782848,942.469734644848,0.0,75,0.0,1.0
2.4799999999992526,9.92187543184082,9.258658637874769,942.9503574996237,0.0,75,0.0,1.0
2.4999999999991616,9.920416606437506,9.260939763634148,943.4150583622612,0.0,75,0.0,1.0
2.5199999999990705,9.918939608821134,9.263132896795051,943.8619417005534,0.0,75,0.0,1.0
2.5399999999989795,9.917443773659937,9.265209187763865,944.2851142232633,0.0,75,0.0,1.0
2.5599999999988885,9.915928538256935,9.267147707267533,944.6802929114529,0.0,75,0.0,1.0
2.5799999999987975,9.914394252617914,9.268953317329204,945.0484515871087,0.0,75,0.0,1.0
2.5999999999987065,9.912841512213543,9.270679613554174,945.4005054688586,0.0,75,0.0,1.0
2.6199999999986154,9.911271075194856,9.272368414521384,945.744976160752,0.0,75,0.0,1.0
2.6399999999985244,9.9096832440976,9.274029740566217,946.0839039179735,0.0,75,0.0,1.0
2.6599999999984334,9.908077774815666,9.275669214029362,946.418433049013,0.0,75,0.0,1.0
2.6799999999983424,9.906454806989052,9.27727247521782,946.7456303737761,0.0,75,0.0,1.0
2.6999999999982514,9.904815478505315,9.278841738802473,947.065944151172,0.0,75,0.0,1.0
2.7199999999981603,9.903161538362054,9.280399174606373,947.3838972403812,0.0,75,0.0,1.0
2.7399999999980693,9.901494875845916,9.281975752245629,947.7058125180338,0.0,75,0.0,1.0
2.7599999999979783,9.899816860622503,9.283555606179998,948.0284516233968,0.0,75,0.0,1.0
2.7799999999978873,9.898127773575894,9.285108294310675,948.3455964078457,0.0,75,0.0,1.0
2.7999999999977963,9.896427547576936,9.286588506493532,948.6479869783154,0.0,75,0.0,1.0
2.8199999999977052,9.894716277329707,9.287964618936327,948.9291543887432,0.0,75,0.0,1.0
2.839999999997614,9.892994689601672,9.289228989803592,949.1875274750821,0.0,75,0.0,1.0
2.859999999997523,9.891263331803257,9.290413462894032,949.4296054267495,0.0,75,0.0,1.0
2.879999999997432,9.889522509210261,9.291532960980552,949.6584324148683,0.0,75,0.0,1.0
2.899999999997341,9.887771574604558,9.292576479128204,949.8717538249141,0.0,75,0.0,1.0
2.91999999999725,9.886009596630455,9.293539710217233,950.0686837992307,0.0,75,0.0,1.0
2.939999999997159,9.884235981102485,9.294418139236953,950.248294016746,0.0,75,0.0,1.0
2.959999999997068,9.882451199944304,9.295235695838823,950.4154730531587,0.0,75,0.0,1.0
2.979999999996977,9.880656190284842,9.296032945885884,950.5785138409536,0.0,75,0.0,1.0
2.999999999996886,9.878852076174255,9.296856092333009,950.7468652170433,0.0,75,0.0,1.0
3.019999999996795,9.877039467940445,9.297707029373688,950.9209160447139,0.0,75,0.0,1.0
3.039999999996704,9.875218628441015,9.298568998944267,951.0972397094014,0.0,75,0.0,1.0
3.059999999996613,9.873389880418175,9.299420906678334,951.2715211952268,0.0,75,0.0,1.0
3.079999999996522,9.871554160698592,9.300250032443177,951.4411573255525,0.0,75,0.0,1.0
3.099999999996431,9.869713059935712,9.301056327113226,951.6061368014628,0.0,75,0.0,1.0
3.11999999999634,9.867867803848599,9.301857136514784,951.7700080694411,0.0,75,0.0,1.0
3.139999999996249,9.866019120275304,9.302641069699249,951.9304395882069,0.0,75,0.0,1.0
3.159999999996158,9.86416671731967,9.303367137402988,952.0790410264086,0.0,75,0.0,1.0
3.179999999996067,9.862309919839019,9.304007534179371,952.2101181567316,0.0,75,0.0,1.0
3.199999999995976,9.860448204940353,9.304542447077912,952.3196116442208,0.0,75,0.0,1.0
3.219999999995885,9.858581851577242,9.304983719212577,952.4099421629223,0.0,75,0.0,1.0
3.239999999995794,9.856710619125543,9.305361809912304,952.4873425471183,0.0,75,0.0,1.0
3.259999999995703,9.854834067094666,9.30570610242805,952.5578267124333,0.0,75,0.0,1.0
3.2799999999956118,9.852951570125844,9.306020384109317,952.6221692840393,0.0,75,0.0,1.0
3.2999999999955207,9.851062542283197,9.306300518900576,952.6795228289805,0.0,75,0.0,1.0
3.3199999999954297,9.84916671535086,9.306552443419797,952.731102203353,0.0,75,0.0,1.0
3.3399999999953387,9.847264798877355,9.306795208156668,952.7808075122472,0.0,75,0.0,1.0
3.3599999999952477,9.845358139118904,9.3070574704973,952.8345063505355,0.0,75,0.0,1.0
3.3799999999951567,9.843448112604932,9.307365550079409,952.8975883108546,0.0,75,0.0,1.0
3.3999999999950656,9.841535477487403,9.307718724824102,952.9699064648535,0.0,75,0.0,1.0
3.4199999999949746,9.839620549629206,9.308076056689995,953.0430786483812,0.0,75,0.0,1.0
3.4399999999948836,9.83770348427289,9.308410834062961,953.1116348127078,0.0,75,0.0,1.0
3.4599999999947926,9.835784707753893,9.308700443221985,953.170943358053,0.0,75,0.0,1.0
3.4799999999947016,9.833865237354125,9.308943376316407,953.2206946181162,0.0,75,0.0,1.0
3.4999999999946105,9.831945622917969,9.309144796734536,953.2619453122666,0.0,75,0.0,1.0
3.5199999999945195,9.830025978472849,9.309309229155257,953.2956215643877,0.0,75,0.0,1.0
3.5399999999944285,9.828105534357949,9.309412844291328,953.3168425600201,0.0,75,0.0,1.0
3.5599999999943375,9.826183299318453,9.309434573213,953.3212928022687,0.0,75,0.0,1.0
3.5799999999942465,9.82425849677856,9.309376362227898,953.3093707896828,0.0,75,0.0,1.0
3.5999999999941554,9.822331229552846,9.309261277107566,953.2858007799983,0.0,75,0.0,1.0
3.6199999999940644,9.82040188392573,9.309127529105087,953.258408884564,0.0,75,0.0,1.0
3.6399999999939734,9.818470947289075,9.309007526895838,953.2338324938371,0.0,75,0.0,1.0
3.6599999999938824,9.816538358718176,9.308917270467129,953.2153482324129,0.0,75,0.0,1.0
3.6799999999937913,9.814604057031563,9.308836858742588,953.1988802895303,0.0,75,0.0,1.0
3.6999999999937003,9.812668210066631,9.308765538551656,953.1842743689958,0.0,75,0.0,1.0
3.7199999999936093,9.810731655027157,9.308705568647552,953.1719930014694,0.0,75,0.0,1.0
3.7399999999935183,9.808795861546649,9.308669593535559,953.164625617748,0.0,75,0.0,1.0
3.7599999999934273,9.806862101588846,9.308660541959755,953.1627719398232,0.0,75,0.0,1.0
3.7799999999933362,9.804930936167331,9.308673654341135,953.1654572332722,0.0,75,0.0,1.0
3.7999999999932452,9.803002319301092,9.308668453452446,953.1643921393083,0.0,75,0.0,1.0
3.819999999993154,9.801075872466559,9.308606630056095,953.1517313243673,0.0,75,0.0,1.0
3.839999999993063,9.799151313672084,9.30847356035144,953.1244802613797,0.0,75,0.0,1.0
3.859999999992972,9.797228918264368,9.308272773771847,953.0833623403646,0.0,75,0.0,1.0
3.879999999992881,9.795308795112362,9.308023377804533,953.0322912193128,0.0,75,0.0,1.0
3.89999999999279,9.793390769602373,9.307738062127667,952.9738661649811,0.0,75,0.0,1.0
3.919999999992699,9.79147400717167,9.307422125247232,952.9091727929588,0.0,75,0.0,1.0
3.939999999992608,9.789557619295815,9.307058816404814,952.8347819322042,0.0,75,0.0,1.0
3.959999999992517,9.787641031474855,9.30666124360928,952.7533785362895,0.0,75,0.0,1.0
3.979999999992426,9.785724459586865,9.30625348163073,952.6698925080049,0.0,75,0.0,1.0
3.999999999992335,9.783808843277782,9.305870312895992,952.5914450848285,0.0,75,0.0,1.0
4.019999999992466,9.781895113854892,9.305532356359858,952.522256787863,0.0,75,0.0,1.0
4.039999999992597,9.779983714100965,9.305250761389798,952.4646090557997,0.0,75,0.0,1.0
4.059999999992728,9.778074907300557,9.305000564969266,952.4133906548619,0.0,75,0.0,1.0
4.079999999992859,9.776168930206007,9.304753753151145,952.3628664745834,0.0,75,0.0,1.0
4.09999999999299,9.774266322209074,9.304501481523612,952.311226016426,0.0,75,0.0,1.0
4.119999999993121,9.772368144353822,9.304241292053561,952.2579662282998,0.0,75,0.0,1.0
4.139999999993252,9.770475238283398,9.303976302784257,952.203725470481,0.0,75,0.0,1.0
4.159999999993383,9.768587729387878,9.303694626089026,952.146070650696,0.0,75,0.0,1.0
4.179999999993514,9.766705060442735,9.303376355892727,952.0809278132222,0.0,75,0.0,1.0
4.199999999993645,9.764826353689902,9.302985109683224,952.0008514608655,0.0,75,0.0,1.0
4.219999999993776,9.762950813487652,9.30251946890389,951.905553162695,0.0,75,0.0,1.0
4.239999999993907,9.761078186819187,9.301995429289555,951.7983086317615,0.0,75,0.0,1.0
4.259999999994038,9.759208667279298,9.301444577205249,951.6855834510303,0.0,75,0.0,1.0
4.279999999994169,9.757342250711744,9.300889330879471,951.5719657979433,0.0,75,0.0,1.0
4.2999999999943,9.755478535043078,9.30034779675702,951.4611605470748,0.0,75,0.0,1.0
4.319999999994431,9.753617118039646,9.299815263779257,951.3522033446382,0.0,75,0.0,1.0
4.339999999994562,9.75175786535163,9.299286153961319,951.2439527058236,0.0,75,0.0,1.0
4.3599999999946935,9.749901247980217,9.29877750338365,951.1398936317727,0.0,75,0.0,1.0
4.3799999999948245,9.748048481672955,9.298306314772338,951.0435035566866,0.0,75,0.0,1.0
4.3999999999949555,9.74620080015029,9.297887610913948,950.9578542770579,0.0,75,0.0,1.0
4.4199999999950865,9.744358808841415,9.297510323324756,950.8806803356346,0.0,75,0.0,1.0
4.4399999999952176,9.742522675627303,9.297151792604737,950.8073460020682,0.0,75,0.0,1.0
4.459999999995349,9.7406922964236,9.296767577193833,950.7287612279875,0.0,75,0.0,1.0
4.47999999999548,9.738867586796111,9.29634177238222,950.6416738383246,0.0,75,0.0,1.0
4.499999999995611,9.737048786312616,9.295872187469861,950.5456369835326,0.0,75,0.0,1.0
4.519999999995742,9.73523629037953,9.29536810427009,950.4425501326989,0.0,75,0.0,1.0
4.539999999995873,9.73342985968809,9.294831251050665,950.3327678405888,0.0,75,0.0,1.0
4.559999999996004,9.731628696753619,9.294258483608633,950.2156483614415,0.0,75,0.0,1.0
4.579999999996135,9.72983178894793,9.293640100207941,950.0892094341239,0.0,75,0.0,1.0
4.599999999996266,9.728038298635209,9.29297040876001,949.9522891989809,0.0,75,0.0,1.0
4.619999999996397,9.726247963600896,9.292277080125308,949.8105466720433,0.0,75,0.0,1.0
4.639999999996528,9.72446127319963,9.291591616793195,949.6704225058774,0.0,75,0.0,1.0
4.659999999996659,9.722678836038028,9.290947216318099,949.5387019404993,0.0,75,0.0,1.0
4.67999999999679,9.720900872748404,9.29034909328821,949.4164490267718,0.0,75,0.0,1.0
4.699999999996921,9.719127500436654,9.28979551964253,949.3033087644745,0.0,75,0.0,1.0
4.719999999997052,9.7173588946922,9.289261938886527,949.1942610617048,0.0,75,0.0,1.0
4.739999999997183,9.715595520506232,9.288742776850247,949.0881661193641,0.0,75,0.0,1.0
4.759999999997314,9.713838292823334,9.288241057891215,948.9856414444573,0.0,75,0.0,1.0
4.779999999997445,9.712088382505913,9.2877593675475,948.8872147641296,0.0,75,0.0,1.0
4.799999999997576,9.710346130011908,9.287288392856995,948.790982613059,0.0,75,0.0,1.0
4.819999999997707,9.70861132136668,9.286800654639036,948.6913303890442,0.0,75,0.0,1.0
4.839999999997838,9.706883309230593,9.28626989505041,948.5828942009149,0.0,75,0.0,1.0
4.859999999997969,9.705161385057936,9.285669601549326,948.4602594405095,0.0,75,0.0,1.0
4.8799999999981,9.703445128928688,9.285011586676449,948.3258418118749,0.0,75,0.0,1.0
4.899999999998231,9.701734567340477,9.284314796422969,948.1835136298631,0.0,75,0.0,1.0
4.919999999998362,9.700029596564967,9.283606638864194,948.0388744767968,0.0,75,0.0,1.0
4.939999999998493,9.69832964845075,9.282890321426564,947.8925799159847,0.0,75,0.0,1.0
4.959999999998624,9.696634072372316,9.282174572226216,947.7464126821124,0.0,75,0.0,1.0
4.979999999998755,9.694942412148759,9.281455377222198,947.5995531130353,0.0,75,0.0,1.0
4.999999999998886,9.693254709275202,9.280744487363357,947.4544006369788,0.0,75,0.0,1.0
5.019999999999017,9.691571667214456,9.280068183986291,947.3163204937808,0.0,75,0.0,1.0
5.039999999999148,9.68989453530696,9.279446437963484,947.1893881453651,0.0,75,0.0,1.0
5.059999999999279,9.688223916222604,9.278883956917548,947.0745623453605,0.0,75,0.0,1.0
5.07999999999941,9.686560167675268,9.278357166565371,946.9670288139047,0.0,75,0.0,1.0
5.099999999999541,9.684903353874404,9.277843335633564,946.8621465661616,0.0,75,0.0,1.0
5.119999999999672,9.683253534448527,9.27730798523795,946.7528779825583,0.0,75,0.0,1.0
5.139999999999803,9.681610972880671,9.276749826195761,946.6389607160539,0.0,75,0.0,1.0
5.159999999999934,9.67997617784429,9.27616911816853,946.5204485974988,0.0,75,0.0,1.0
5.180000000000065,9.67834926736823,9.275572293340588,946.3986550588634,0.0,75,0.0,1.0
5.2000000000001965,9.676729640304544,9.274940244326112,946.2696818940213,0.0,75,0.0,1.0
5.2200000000003275,9.675116358548562,9.27426628896707,946.1321671853813,0.0,75,0.0,1.0
5.2400000000004585,9.673508457138581,9.273539754810841,945.9839354246283,0.0,75,0.0,1.0
5.2600000000005895,9.671905313170186,9.272768248793922,945.8265409542475,0.0,75,0.0,1.0
5.280000000000721,9.670306865604083,9.271985053760867,945.666775208814,0.0,75,0.0,1.0
5.300000000000852,9.668713635446332,9.271220988084615,945.5109247089072,0.0,75,0.0,1.0
5.320000000000983,9.667125605200182,9.270498447186617,945.3635560521842,0.0,75,0.0,1.0
5.340000000001114,9.665542784831876,9.269810861891251,945.2233275676074,0.0,75,0.0,1.0
5.360000000001245,9.663965161036066,9.26915872269221,945.0903376910717,0.0,75,0.0,1.0
5.380000000001376,9.662393003831793,9.268524441144939,944.9609984771121,0.0,75,0.0,1.0
5.400000000001507,9.660827013790662,9.267918097557889,944.8373644934514,0.0,75,0.0,1.0
5.420000000001638,9.659268307730288,9.26734490581776,944.7204976372503,0.0,75,0.0,1.0
5.440000000001769,9.657717691152742,9.266807043676273,944.6108406320102,0.0,75,0.0,1.0
5.4600000000019,9.656175265344578,9.266275614092907,944.5025013196616,0.0,75,0.0,1.0
5.480000000002031,9.654640707314842,9.265725919796912,944.3904450287597,0.0,75,0.0,1.0
5.500000000002162,9.653113467343768,9.265131898949564,944.2693601542603,0.0,75,0.0,1.0
5.520000000002293,9.65159308448772,9.26447848929158,944.1361784640104,0.0,75,0.0,1.0
5.540000000002424,9.650079355112695,9.263782413425261,943.9943106361587,0.0,75,0.0,1.0
5.560000000002555,9.648572400528572,9.26306045012598,943.8471779295694,0.0,75,0.0,1.0
5.580000000002686,9.64707160144291,9.262328805960696,943.6980840070221,0.0,75,0.0,1.0
5.600000000002817,9.645576269250475,9.261579316312075,943.545365755736,0.0,75,0.0,1.0
5.620000000002948,9.644085670848675,9.260822840390219,943.3912364920247,0.0,75,0.0,1.0
5.640000000003079,9.64259943610978,9.260057558741794,943.2353259033213,0.0,75,0.0,1.0
5.66000000000321,9.64111777171187,9.25930927772496,943.0828913061987,0.0,75,0.0,1.0
5.680000000003341,9.639641531728264,9.258604367878291,942.9393032498447,0.0,75,0.0,1.0
5.700000000003472,9.638171538072786,9.25796140979918,942.8083441186388,0.0,75,0.0,1.0
5.720000000003603,9.636708180862644,9.257370140266453,942.6879210528662,0.0,75,0.0,1.0
5.740000000003734,9.63525167733376,9.256809504090448,942.5737441452117,0.0,75,0.0,1.0
5.760000000003865,9.633802146438923,9.25625970238247,942.4617804574459,0.0,75,0.0,1.0
5.780000000003996,9.63235984396894,9.25569669623245,942.3471346591311,0.0,75,0.0,1.0
5.800000000004127,9.630925205079718,9.255125473006581,942.2308227320482,0.0,75,0.0,1.0
5.820000000004258,9.629498848005348,9.254545262172394,942.1126881055727,0.0,75,0.0,1.0
5.840000000004389,9.628080468400261,9.25395325464374,941.9921592304462,0.0,75,0.0,1.0
5.86000000000452,9.626669424607655,9.253321025808665,941.8634500734,0.0,75,0.0,1.0
5.880000000004651,9.62526454339091,9.252643902853192,941.7256111230699,0.0,75,0.0,1.0
5.900000000004782,9.623864419305216,9.251911822042725,941.5765959913933,0.0,75,0.0,1.0
5.920000000004913,9.622468554240688,9.251140349666056,941.4195754614134,0.0,75,0.0,1.0
5.940000000005044,9.621077061544272,9.2503631134728,941.2613950420799,0.0,75,0.0,1.0
5.960000000005175,9.619690070888247,9.249608284098095,941.107787501817,0.0,75,0.0,1.0
5.980000000005306,9.61830739943163,9.24888472559171,940.96055534012,0.0,75,0.0,1.0
6.000000000005437,9.616928923383062,9.248187399153647,940.8186718685072,0.0,75,0.0,1.0
6.0200000000055685,9.615554646962696,9.247519952803684,940.6828780525246,0.0,75,0.0,1.0
6.0400000000056995,9.614184973014005,9.246872673459155,940.5511966308222,0.0,75,0.0,1.0
6.0600000000058305,9.61282071097632,9.24626239331314,940.4270507059651,0.0,75,0.0,1.0
6.0800000000059615,9.611463032892143,9.245694131282947,940.3114596616393,0.0,75,0.0,1.0
6.1000000000060925,9.610112384851663,9.245163254824373,940.2034796919028,0.0,75,0.0,1.0
6.120000000006224,9.608768837503904,9.244633989318395,940.0958335610703,0.0,75,0.0,1.0
6.140000000006355,9.607432083585085,9.244085357099479,939.984254982751,0.0,75,0.0,1.0
6.160000000006486,9.606101720445754,9.243495072225791,939.8642126528872,0.0,75,0.0,1.0
6.180000000006617,9.604777472483358,9.24285494953264,939.7340437991004,0.0,75,0.0,1.0
6.200000000006748,9.603459362419564,9.242181880652518,939.5971850656789,0.0,75,0.0,1.0
6.220000000006879,9.60214722924962,9.241489518937778,939.4564138150047,0.0,75,0.0,1.0
6.24000000000701,9.600840374034231,9.240781894194342,939.3125501767697,0.0,75,0.0,1.0
6.260000000007141,9.599538047877056,9.240050327337176,939.1638305689625,0.0,75,0.0,1.0
6.280000000007272,9.598239559967176,9.239307770748084,939.0128889086652,0.0,75,0.0,1.0
6.300000000007403,9.596944660448196,9.238556347887616,938.8601573240403,0.0,75,0.0,1.0
6.320000000007534,9.595653647181948,9.237827006843482,938.7119258920349,0.0,75,0.0,1.0
6.340000000007665,9.594367364389383,9.237145356829483,938.5733977751613,0.0,75,0.0,1.0
6.360000000007796,9.593086330321167,9.236523060206942,938.4469406590806,0.0,75,0.0,1.0
6.380000000007927,9.59181085694858,9.23594524276999,938.3295298019017,0.0,75,0.0,1.0
6.400000000008058,9.590541137317128,9.235393682554088,938.2174611893596,0.0,75,0.0,1.0
6.420000000008189,9.589277374836445,9.234853436316946,938.107697892804,0.0,75,0.0,1.0
6.44000000000832,9.588019946682703,9.234306462604904,937.9965742983736,0.0,75,0.0,1.0
6.460000000008451,9.586769475836999,9.233759544354108,937.8854685524562,0.0,75,0.0,1.0
6.480000000008582,9.585526347201204,9.233210517941206,937.7739411548214,0.0,75,0.0,1.0
6.500000000008713,9.584290198574385,9.23264728642338,937.659535070511,0.0,75,0.0,1.0
6.520000000008844,9.583060375418086,9.232041216233531,937.5364352005818,0.0,75,0.0,1.0
6.540000000008975,9.581835998396555,9.231389584794162,937.4040903287073,0.0,75,0.0,1.0
6.560000000009106,9.580616366751203,9.230688192156292,937.2616495089495,0.0,75,0.0,1.0
6.580000000009237,9.579401149862838,9.22995565114656,937.1128945434555,0.0,75,0.0,1.0
6.600000000009368,9.57819047117688,9.229224198019987,936.9643722704943,0.0,75,0.0,1.0
6.620000000009499,9.576984243333191,9.228514056509812,936.8201886031912,0.0,75,0.0,1.0
6.64000000000963,9.575782212471644,9.227829773950722,936.6812657071258,0.0,75,0.0,1.0
6.660000000009761,9.57458422744716,9.22716645292797,936.5466082504325,0.0,75,0.0,1.0
6.680000000009892,9.573390330154902,9.226531553676928,936.4177296209559,0.0,75,0.0,1.0
6.700000000010023,9.572200978145286,9.22591920279657,936.2934365018355,0.0,75,0.0,1.0
6.720000000010154,9.571017095705928,9.22534794859597,936.1774924993027,0.0,75,0.0,1.0
6.740000000010285,9.569839616596113,9.22482245728116,936.070843051947,0.0,75,0.0,1.0
6.760000000010416,9.568668869038438,9.224330505551235,935.9710060320741,0.0,75,4.497990437187141e-6,1.0
6.780000000010547,9.567504549495835,9.223844031039903,935.8722857984549,0.0,75,4.068174397859051e-5,1.0
6.800000000010678,9.56634682205363,9.223333512017303,935.7686918129159,0.0,75,0.00011307766179356068,1.0
6.820000000010809,9.565195278121646,9.222785428119971,935.6574815845629,0.0,75,0.0002216396725435085,1.0
6.84000000001094,9.564049757429547,9.222193664085554,935.5374157568971,0.0,75,0.0003663217048898446,1.0
6.8600000000110715,9.562910312377756,9.221576606415745,935.4122261879354,0.0,75,0.0005470776874939798,1.0
6.8800000000112025,9.56177664196673,9.220942041661987,935.2834934925847,0.0,75,0.0007638615490173246,1.0
6.9000000000113335,9.560648020630463,9.220291001770834,935.1514277306983,0.0,75,0.0010166272181212903,1.0
6.9200000000114645,9.559523707536526,9.21961417764512,935.014141430984,0.0,75,0.001305328623467287,1.0
6.940000000011596,9.558403052692578,9.218926953570458,934.8747559279467,0.0,75,0.001629919693716726,1.0
6.960000000011727,9.557285843355116,9.218234137216887,934.7342466940585,0.0,75,0.0019903543575310175,1.0
6.980000000011858,9.55617245424909,9.217566334327449,934.5988204049943,0.0,75,0.0023865865435715727,1.0
7.000000000011989,9.555063520417644,9.216948784442293,934.4735938453549,0.0,75,0.002818570180499802,1.0
7.02000000001212,9.553959461744093,9.216385873664972,934.3594542952038,0.0,75,0.0032862591969771157,1.0
7.040000000012251,9.552860536238091,9.21586489630412,934.2538236562361,0.0,75,0.0037896075216649282,1.0
7.060000000012382,9.551766959579044,9.215368270475427,934.1531359653378,0.0,75,0.004328569083224645,1.0
7.080000000012513,9.550679002939429,9.214886365199057,934.0554379588464,0.0,75,0.004903097810317678,1.0
7.100000000012644,9.549597116266204,9.214402557484764,933.9573594051993,0.0,75,0.005513147631605441,1.0
7.120000000012775,9.54852195663881,9.213925264018306,933.8606064800629,0.0,75,0.006158672475749343,1.0
7.140000000012906,9.547453761745485,9.213448181178563,933.7639012598884,0.0,75,0.006839626271410794,1.0
7.160000000013037,9.546392157021453,9.212956466884634,933.6642354678254,0.0,75,0.007555962947251204,1.0
7.180000000013168,9.545336507426564,9.212422317386295,933.5559744926478,0.0,75,0.008307636431931985,1.0
7.200000000013299,9.544286002419396,9.211844407751041,933.4388513187555,0.0,75,0.009094600654114552,1.0
7.22000000001343,9.543240008952022,9.211222088919474,933.3127360853784,0.0,75,0.009916809542460308,1.0
7.240000000013561,9.54219829302522,9.210572189153266,933.1810405676396,0.0,75,0.010774217025630665,1.0
7.260000000013692,9.54116086495272,9.20992728292682,933.0503661247978,0.0,75,0.011666777032287043,1.0
7.280000000013823,9.540127579464821,9.209300114819781,932.9232946530159,0.0,75,0.012594443491090838,1.0
7.300000000013954,9.539098157821867,9.208696924947189,932.80108961085,0.0,75,0.013557170330703472,1.0
7.320000000014085,9.538072481941933,9.208112072805614,932.6826073988335,0.0,75,0.014554911479786355,1.0
7.340000000014216,9.53705063811108,9.207557165075668,932.5701984294991,0.0,75,0.015587620867000888,1.0
7.360000000014347,9.536033103164616,9.207026943057802,932.4627964321152,0.0,75,0.016655252421008498,1.0
7.380000000014478,9.53502081450591,9.206540158867165,932.3641986651724,0.0,75,0.017757760070470578,1.0
7.400000000014609,9.534014504855394,9.206099057470407,932.2748584155327,0.0,75,0.01889509774404855,1.0
7.42000000001474,9.533014527971073,9.205687349678557,932.1914753803501,0.0,75,0.02006721937040383,1.0
7.440000000014871,9.532020902148222,9.205277372020653,932.10844645419,0.0,75,0.021274078878197815,1.0
7.460000000015002,9.531033426891842,9.204847787908456,932.021450784195,0.0,75,0.02251563019609192,1.0
7.480000000015133,9.530051852013711,9.204387223023717,931.9281856649848,0.0,75,0.02379182725274755,1.0
7.500000000015264,9.529076074649012,9.203886937380416,931.8268823169003,0.0,75,0.025102623976826135,1.0
7.520000000015395,9.528106056900025,9.203365920708057,931.7213869749552,0.0,75,0.026447974296989068,1.0
7.540000000015526,9.52714141567575,9.20282493441632,931.6118545086622,0.0,75,0.027827832141897765,1.0
7.560000000015657,9.52618143156971,9.202265762977767,931.4986468972006,0.0,75,0.029242151440213637,1.0
7.580000000015788,9.52522541620734,9.201679459772395,931.3799536843691,0.0,75,0.030690886120598105,1.0
7.600000000015919,9.524272805340583,9.201083368975567,931.2592867912266,0.0,75,0.03217399011171257,1.0
7.62000000001605,9.523323424936239,9.20048673273554,931.1385173116695,0.0,75,0.03369141734221842,1.0
7.640000000016181,9.522377681640885,9.199914495364332,931.0226939421623,0.0,75,0.03524312174077711,1.0
7.660000000016312,9.521436064653294,9.199391543857386,930.9168525491426,0.0,75,0.03682905723605002,1.0
7.6800000000164435,9.520498977921894,9.198917255922126,930.8208654943205,0.0,75,0.038449177756698566,1.0
7.7000000000165745,9.519566666532445,9.19848348384988,930.7330824292493,0.0,75,0.04010343723138417,1.0
7.7200000000167055,9.518639406894579,9.198072306359215,930.6498756831357,0.0,75,0.04179178958876823,1.0
7.7400000000168365,9.51771749282154,9.19767949605801,930.5703892342651,0.0,75,0.04351418875751218,1.0
7.7600000000169675,9.516801380324104,9.197285876896608,930.4907425149798,0.0,75,0.04527058866627739,1.0
7.780000000017099,9.515891612988044,9.196900962301417,930.412860414188,0.0,75,0.04706094324372531,1.0
7.80000000001723,9.514988295509886,9.196513328130779,930.3344313393577,0.0,75,0.04888520641851731,1.0
7.820000000017361,9.514091125540398,9.196107253279514,930.252274752021,0.0,75,0.05074333211931485,1.0
7.840000000017492,9.513199494961915,9.195662712460138,930.1623399346271,0.0,75,0.05263527427477931,1.0
7.860000000017623,9.512312712702824,9.195176441785245,930.0639677511859,0.0,75,0.0545609868135721,1.0
7.880000000017754,9.511430179390523,9.194652633628609,929.9580075840286,0.0,75,0.05652042366435465,1.0
7.900000000017885,9.510551686074582,9.194103221381159,929.8468744995255,0.0,75,0.05851353875578833,1.0
7.920000000018016,9.509677103239484,9.193559216308616,929.7368417015041,0.0,75,0.06054028601653462,1.0
7.940000000018147,9.50880623951993,9.193028982508237,929.6296006056006,0.0,75,0.06260061937525485,1.0
7.960000000018278,9.507938878298063,9.192521318588216,929.5269301196872,0.0,75,0.0646944927606105,1.0
7.980000000018409,9.507074965741912,9.19203149327606,929.4278727071681,0.0,75,0.06682186010126294,1.0
8.00000000001854,9.506214652317464,9.191574382445241,929.3354359082598,0.0,75,0.06898267532587359,1.0
8.02000000001867,9.505358444896155,9.191145554705134,929.2487226855353,0.0,75,0.07117689236310386,1.0
8.040000000018802,9.504507134021981,9.19075951417624,929.1706649216317,0.0,75,0.07340446514161515,1.0
8.060000000018933,9.503661355232307,9.190412829123126,929.1005676668204,0.0,75,0.07566534759006892,1.0
8.080000000019064,9.502820945688867,9.190061485187583,929.0295311168102,0.0,75,0.07795949363712651,1.0
8.100000000019195,9.50198637301085,9.18972766610265,928.962040348457,0.0,75,0.08028685721144939,1.0
8.120000000019326,9.501158984653191,9.189430974151291,928.9020579156027,0.0,75,0.08264739224169892,1.0
8.140000000019457,9.50033734843309,9.18910043244537,928.8352343332446,0.0,75,0.08504105265653658,1.0
8.160000000019588,9.49952098449143,9.188708224098423,928.7559471037541,0.0,75,0.08746779238462371,1.0
8.180000000019719,9.498709404972505,9.188274132108635,928.6681967945435,0.0,75,0.08992756535462174,1.0
8.20000000001985,9.497900250942651,9.187655414858936,928.543132244054,0.0,75,0.0924203254951921,1.0
8.220000000019981,9.497091069519195,9.187039047351693,928.4185510332117,0.0,75,0.09494602673499618,1.0
8.240000000020112,9.496291724362791,9.186649891895192,928.3398985988373,0.0,75,0.09750462300269543,1.0
8.260000000020243,9.495502258318153,9.186436190775012,928.29670875899,0.0,75,0.10009606822695118,1.0
8.280000000020374,9.49471587778189,9.186102102397033,928.2291901922952,0.0,75,0.10272031633642495,1.0
8.300000000020505,9.493930368716404,9.185646288776192,928.1370751675862,0.0,75,0.10537732125977808,1.0
8.320000000020636,9.493142099787757,9.184823010237348,927.9707110232401,0.0,75,0.10806703692567195,1.0
8.340000000020767,9.492343384280566,9.183822846281092,927.76862279062,0.0,75,0.11078941726276806,1.0
8.360000000020898,9.4915525467065,9.18361880299856,927.7273975066756,0.0,75,0.11354441619972774,1.0
8.38000000002103,9.490786748256305,9.183878174838288,927.7798016329815,0.0,75,0.11633198766521248,1.0
8.40000000002116,9.490036023686883,9.184110536615146,927.8267498364188,0.0,75,0.11915208558788362,1.0
8.420000000021291,9.489289610327617,9.18402234280549,927.8089303246547,0.0,75,0.1220046638964026,1.0
8.440000000021422,9.48854094086588,9.183364767623212,927.6760730074568,0.0,75,0.12488967651943082,1.0
8.460000000021553,9.487772913214823,9.181833502441464,927.3667311321212,0.0,75,0.1278070773856297,1.0
8.480000000021684,9.486996215784176,9.181040456355438,927.206542473588,0.0,75,0.13075682042366069,1.0
8.500000000021815,9.486247972955784,9.181694729767322,927.3386992170073,0.0,75,0.13373885956218512,1.0
8.520000000021946,9.48553344511606,9.182274738964361,927.4558632000534,0.0,75,0.13675314872986447,1.0
8.540000000022077,9.484831494170487,9.182355823127578,927.4722430877744,0.0,75,0.13979964185536004,1.0
8.560000000022209,9.484127640206927,9.181833775027883,927.3667861946706,0.0,75,0.14287829286733342,1.0
8.58000000002234,9.483400141447964,9.17981515048521,926.9590681678557,0.0,75,0.14598905569444587,1.0
8.60000000002247,9.482638009484385,9.177940693030157,926.5805490125678,0.0,75,0.14913188426535887,1.0
8.620000000022602,9.481888029535668,9.178103222094945,926.6133663097257,0.0,75,0.15230673250873383,1.0
8.640000000022733,9.48118055157878,9.179718660462928,926.9395815377643,0.0,75,0.15551355435323214,1.0
8.660000000022864,9.480509702255171,9.180419943767106,927.0812137830851,0.0,75,0.1587523037275152,1.0
8.680000000022995,9.479844376851215,9.180292788987444,927.0555326068834,0.0,75,0.16202293456024444,1.0
8.700000000023126,9.479162097635692,9.178481944589405,926.6898388786908,0.0,75,0.1653254007800813,1.0
8.720000000023257,9.478431653209665,9.175866233074913,926.1617324001284,0.0,75,0.1686596563156871,1.0
8.740000000023388,9.477687149665183,9.175058122700475,925.9986071042517,0.0,75,0.17202565509572332,1.0
8.760000000023519,9.476980717778426,9.176928883845216,926.3762611306786,0.0,75,0.17542335104885143,1.0
8.78000000002365,9.476332279362893,9.179435521299112,926.8824013865669,0.0,75,0.17885269810373275,1.0
8.80000000002378,9.475720023186938,9.179917955111097,926.9798302882822,0.0,75,0.18231365018902862,1.0
8.820000000023912,9.475100061302506,9.17848392054889,926.6902378775198,0.0,75,0.18580616123340066,1.0
8.840000000024043,9.474430103872516,9.17501881058884,925.9906719212496,0.0,75,0.18933018516551012,1.0
8.860000000024174,9.473710938088022,9.17252143081261,925.4866433858826,0.0,75,0.19288567591401842,1.0
8.880000000024305,9.473005164846128,9.173326132852836,925.6490357364885,0.0,75,0.196472587407587,1.0
8.900000000024436,9.472354849610706,9.176398056728669,926.2690942508706,0.0,75,0.20009087357487737,1.0
8.920000000024567,9.471767286887188,9.179053946014536,926.8053447822952,0.0,75,0.20374048834455072,1.0
8.940000000024698,9.47120378774773,9.178573718463662,926.7083705579903,0.0,75,0.20742138564526866,1.0
8.960000000024829,9.470596847452256,9.174531507575166,925.892312218384,0.0,75,0.21113351940569255,1.0
8.98000000002496,9.46991368191866,9.170384908163015,925.055553002504,0.0,75,0.21487684355448375,1.0
9.000000000025091,9.469209882198015,9.169513686877014,924.8797937920739,0.0,75,0.21865131202030366,1.0
9.020000000025222,9.468545905513164,9.17243352349506,925.4689041722962,0.0,75,0.22245687873181372,1.0
9.040000000025353,9.467955795368717,9.176765326616433,926.3432404576856,0.0,75,0.2262934976176755,1.0
9.060000000025484,9.467429632212871,9.179068094690836,926.8082019566837,0.0,75,0.2301611226065501,1.0
9.080000000025615,9.466894937250446,9.176482066746626,926.2860543345467,0.0,75,0.23405970762709913,1.0
9.100000000025746,9.466290201708029,9.170828092306458,925.1449668850104,0.0,75,0.23798920660798398,1.0
9.120000000025877,9.465644924801083,9.16769215253157,924.5123734394783,0.0,75,0.241949573477866,1.0
9.140000000026008,9.46500934908248,9.16957579288393,924.8923224358724,0.0,75,0.24594076216540672,1.0
9.16000000002614,9.464429187103375,9.174063421127967,925.7978362036599,0.0,75,0.24996272659926744,1.0
9.18000000002627,9.463917699608547,9.178049409282105,926.6025005514595,0.0,75,0.2540154207081097,1.0
9.200000000026401,9.463414166364712,9.176839669259738,926.358249468291,0.0,75,0.2580987984205947,1.0
9.220000000026532,9.462867837734535,9.174218916009691,925.8292199075703,0.0,75,0.26221281366538396,1.0
9.240000000026663,9.462333001886325,9.168914795140472,924.7589837260042,0.0,75,0.26635742037113885,1.0
9.260000000026794,9.461790746532362,9.167326584283265,924.4386437319733,0.0,75,0.270532572466521,1.0
9.280000000026925,9.461271714611563,9.171410070138862,925.2623894210898,0.0,75,0.2747382238801916,1.0
9.300000000027056,9.460798669660191,9.176294388490781,926.2481657467215,0.0,75,0.27897432854081206,1.0
9.320000000027187,9.460317320641298,9.175286122111622,926.0446296487554,0.0,75,0.2832408403770439,1.0
9.340000000027318,9.45975073407204,9.173136736199375,925.6108133911157,0.0,75,0.2875377133175484,1.0
9.36000000002745,9.459228117514558,9.172695220159975,925.5217136214021,0.0,75,0.291864901290987,1.0
9.38000000002758,9.458797806896914,9.168976522760488,924.7714352242631,0.0,75,0.29622235822602117,1.0
9.400000000027712,9.458352730624384,9.168781883669112,924.7321735332881,0.0,75,0.3006100380513124,1.0
9.420000000027843,9.457946542801922,9.174483118471192,925.8825454022418,0.0,75,0.30502789469552194,1.0
9.440000000027974,9.457554696198907,9.175726628005307,926.1335506707421,0.0,75,0.3094758820873113,1.0
9.460000000028105,9.457047910715385,9.17288345362682,925.5596993920276,0.0,75,0.31395395415534194,1.0
9.480000000028236,9.456508124375446,9.174549938258322,925.8960322655535,0.0,75,0.31846206482827505,1.0
9.500000000028367,9.456163419139829,9.177774759210548,926.5470448388246,0.0,75,0.32300016803477216,1.0
9.520000000028498,9.455913131061612,9.174630950307616,925.9123838177668,0.0,75,0.3275682177034947,1.0
9.540000000028629,9.455603678535066,9.172861176229612,925.5552037421854,0.0,75,0.33216616776310426,1.0
9.56000000002876,9.45530852396708,9.175297399356094,926.0469060329377,0.0,75,0.3367939721422619,1.0
9.58000000002889,9.454914141183744,9.170869126187606,925.1532458262712,0.0,75,0.3414515847696292,1.0
9.600000000029022,9.454376873900319,9.172227226278787,925.4272751953883,0.0,75,0.34613895957386764,1.0
9.620000000029153,9.453990977969209,9.179659167960546,926.9275668391432,0.0,75,0.35085605048363866,1.0
9.640000000029284,9.453884157718411,9.187240662272856,928.4593008517177,0.0,75,0.3556028114276034,1.0
9.660000000029415,9.453838284421686,9.183006077536882,927.6036068208725,0.0,75,0.3603791963344234,1.0
9.680000000029546,9.453669089879506,9.177139416551313,926.4187665790175,0.0,75,0.36518515913276034,1.0
9.700000000029677,9.453428380598748,9.170835619521291,925.1464855630852,0.0,75,0.37002065375127524,1.0
9.720000000029808,9.453010573512962,9.16936628966624,924.8500596947439,0.0,75,0.3748856341186297,1.0
9.740000000029939,9.45259508520326,9.178218759747121,926.636695619514,0.0,75,0.379780054163485,1.0
9.76000000003007,9.452501210784014,9.192668710517234,929.5567382345484,0.0,75,0.38470386781450294,1.0
9.780000000030201,9.452703579441142,9.203160848246261,931.6798655856213,0.0,75,0.3896570290003444,1.0
9.800000000030332,9.452889917392964,9.193153866429851,929.6548581303954,0.0,75,0.39463949164967116,1.0
9.820000000030463,9.452840384191422,9.175290535433781,926.045520505828,0.0,75,0.39965120969114454,1.0
9.840000000030594,9.452624594962883,9.167287802747689,924.430822242472,0.0,75,0.40469213705342577,1.0
9.860000000030725,9.45227935795781,9.174082357035722,925.8016580304153,0.0,75,0.40976222766517656,1.0
9.880000000030856,9.452154560575568,9.191097865316587,929.2390796680985,0.0,75,0.41486143545505805,1.0
9.900000000030987,9.452429374860506,9.212010221863531,933.4724556049001,0.0,75,0.41998971435173194,1.0
9.920000000031118,9.452974379016728,9.220136008807154,935.1199882299255,0.0,75,0.4251470182838593,1.0
9.94000000003125,9.453351147790979,9.198934745897056,930.8244050519935,0.0,75,0.43033330118010177,1.0
9.96000000003138,9.45333466481616,9.166643690901829,924.3009221154533,0.0,75,0.4355485169691208,1.0
9.980000000031511,9.453168539658634,9.169319577278062,924.8406366128021,0.0,75,0.4407926195795776,1.0
10.000000000031642,9.453041785231452,9.186122946587503,928.2334026880361,0.0,75,0.4460655629401336,1.0
10.020000000031773,9.45331422239705,9.211439268603376,933.3567473908514,0.0,75,0.4513673009794504,1.0
10.040000000031904,9.454020123007625,9.237344914138301,938.6139516903241,0.0,75,0.45669778762618946,1.0
10.060000000032035,9.45491882397402,9.235750154509173,938.2898900816784,0.0,75,0.46205697680901187,1.0
10.080000000032166,9.45542055339172,9.195019117588783,930.0321423010554,0.0,75,0.4674448224565792,1.0
10.100000000032297,9.455420582815993,9.160420198184951,923.0462802804631,0.0,75,0.4728612784975529,1.0
10.120000000032428,9.45544137427857,9.179861701555833,926.9684694566071,0.0,75,0.4783062988605944,1.0
10.14000000003256,9.455745443963442,9.210201572136407,933.1059429932235,0.0,75,0.48377983747436504,1.0
10.16000000003269,9.45653976132115,9.244391930291401,940.0466037692047,0.0,75,0.4892818482675261,1.0
10.180000000032821,9.457745349481064,9.264786726801455,944.1990040242807,0.0,75,0.49481228516873943,1.0
10.200000000032952,9.458982225011606,9.253060653308443,941.8104459918537,0.0,75,0.5003711021066659,1.0
10.220000000033084,9.460248687189257,9.263814755738865,944.0009021150964,0.0,75,0.5059582530099672,1.0
10.240000000033215,9.462402023139493,9.350432984263358,961.7365669252018,0.0,75,0.5115736918073047,1.0
10.260000000033346,9.465589668378788,9.394657991342783,970.8555865173089,0.0,75,0.5172173724273401,1.0
10.280000000033477,9.467988149814186,9.30185831279108,951.7702487836456,0.0,75,0.5228892487987343,1.0
10.300000000033608,9.469970834324926,9.289074989821708,949.1560558318429,0.0,75,0.528589274850149,1.0
10.320000000033739,9.472450989482539,9.30387171779547,952.1823183531387,0.0,75,0.5343174045102456,1.0
10.34000000003387,9.475634259011484,9.459242679444369,984.2499927548407,0.30733626269298125,75,0.5400735917076855,1.0
10.360000000034,9.481054752762702,9.928012962913359,1084.2198553095327,0.3728477990244341,75,0.5458577903711299,1.0
10.380000000034132,9.49016973915351,10.256563585459032,1157.1680624082067,0.9374460493941585,75,0.5516699544292404,1.0
10.400000000034263,9.501968604167915,9.992451671205664,1098.3399944151897,175.87028901304396,73,0.5575100378106788,1.0
10.420000000034394,9.511468968703644,9.590304259709088,1011.7132937317369,574.2465743854756,73,0.5633779944441056,1.0
10.440000000034525,9.515289745962214,9.292298970356768,949.815021699428,783.6924484594083,73,0.5692737782581829,1.0
10.460000000034656,9.518460309513728,9.257367900306612,942.6874648578997,952.4198501565195,73,0.5751973431815721,1.0
10.480000000034787,9.525288480955552,10.036394172417246,1108.0212878254395,1002.5132103313732,74,0.5811486431429344,1.0
10.500000000034918,9.532700945848902,10.716817873424514,1263.3520386536622,817.0323668048181,74,0.5871276320709311,1.0
10.520000000035049,9.54384245123252,10.729423725090436,1266.3258681978689,747.0723288362364,74,0.5931342638942236,1.0
10.54000000003518,9.557342132827436,9.93262614578246,1085.2276836706947,987.8617253454179,74,0.599168492541474,1.0
10.560000000035311,9.568964871451298,9.30771290720591,952.9687151926425,993.5865795140974,73,0.6052302719413428,1.0
10.580000000035442,9.573519257180344,8.761581266149571,844.4183691167743,1425.9289608762865,73,0.6113195560224919,1.0
10.600000000035573,9.572075630137062,8.793616581096554,850.6046183286987,2021.1063179135572,73,0.6174362987135826,1.0
10.620000000035704,9.57784459393519,10.18186193262957,1140.3734365664427,2852.3204930286247,73,0.6235804539432763,1.0
10.640000000035835,9.585951232563051,11.186475352581127,1376.5095389529556,3453.982968562981,74,0.6297519756402344,1.0
10.660000000035966,9.598541484487223,11.343209905806951,1415.3525206391662,3534.7889411696337,74,0.6359508177331185,1.0
10.680000000036097,9.612876886474897,10.25840421183948,1157.5834267083458,2718.2848369918734,73,0.6421769341505897,1.0
10.700000000036228,9.624381940465227,9.008020853100566,892.5888365888412,1491.3437884486752,73,0.6484302788213095,1.0
10.720000000036359,9.629250419366283,8.444365601851562,784.3804145950728,1470.4941939165728,73,0.6547108056739397,1.0
10.74000000003649,9.625190454504017,8.39705839598574,775.6164867615406,1462.304787613911,73,0.6610184686371412,1.0
10.760000000036621,9.626275358242633,9.530943125709673,999.2276455206371,1488.764419498084,72,0.6673532216395756,1.0
10.780000000036752,9.631044098603619,10.530896735253387,1219.8976465342748,1125.5733861298747,73,0.6737150186099041,1.0
10.800000000036883,9.641076349485461,10.686725788312401,1256.2671888203945,856.2568980635541,74,0.6801038134767885,1.0
10.820000000037014,9.653132110186212,9.509836835122353,994.8069629371494,761.0813817677628,74,0.6865195601688899,1.0
10.840000000037145,9.66279255864817,9.422705524443565,976.6611734041721,496.4144023230421,74,0.6929622126148699,1.0
10.860000000037276,9.669144973462306,9.502179119164675,993.2054881395807,234.559563270018,74,0.6994317247433903,1.0
10.880000000037407,9.673929253901946,10.227776883527827,1150.6816197714882,0.0,75,0.7059280504831117,1.0
10.900000000037538,9.688813295463621,11.224159656065874,1385.7993598334247,0.0,75,0.7124511437626957,1.0
10.92000000003767,9.707322001556225,11.911171352739924,1560.6360329376544,1.6940886344794588,75,0.7190009585108039,1.0
10.9400000000378,9.728452297700581,11.027369258879187,1337.6316004884106,0.5188949284116833,75,0.7255774486560977,1.0
10.960000000037931,9.747892159663854,9.516467736992766,996.1947400814663,92.44678518405054,74,0.7321805681272386,1.0
10.980000000038062,9.762629221644056,9.832498670328544,1063.4583311221384,102.42981766685845,74,0.7388102708528881,1.0
11.000000000038193,9.774836630397731,9.974773963116608,1094.457271767959,3.547338444865309,75,0.7454665107617074,1.0
11.020000000038324,9.789033786878061,10.739052964384783,1268.5998442904774,0.0,75,0.7521492417823578,1.0
11.040000000038455,9.80856880967257,11.712417104994005,1508.9878588549177,3.0101392468055983,75,0.7588584178435007,1.0
11.060000000038587,9.830055594833198,11.731672841250933,1513.9536241955923,2.508266943620337,75,0.7655939928737977,1.0
11.080000000038718,9.85197824121959,10.211615124917786,1147.0479180539467,0.0,75,0.7723559208019103,1.0
11.100000000038849,9.871472142973735,9.75568572017586,1046.907442579275,528.5750335651168,74,0.7791441555564996,1.0
11.12000000003898,9.889336839683741,9.933235453651042,1085.3608323543704,73.96909180556355,74,0.7859586510662273,1.0
11.14000000003911,9.902797797022641,10.43764533822476,1198.3888422722157,6.026079922657844,74,0.792799361259755,1.0
11.160000000039242,9.923938091943151,11.641149307493901,1490.679929193023,5.704201801778046,74,0.7996662400657435,1.0
11.180000000039373,9.947610763943091,12.193396295715358,1635.4680454680151,0.0,75,0.8065592414128545,1.0
11.200000000039504,9.97392085711917,11.334213299912662,1413.1083024070879,32.003861982208804,73,0.8134783192297494,1.0
11.220000000039635,9.998228640711382,9.857021360747067,1068.7695711684637,1239.4523575827866,72,0.8204234274450897,1.0
11.240000000039766,10.017364102608893,11.073803528408789,1348.9203704437882,1915.3208776047766,73,0.8273945199875368,1.0
11.260000000039897,10.03542250173823,11.097404826445134,1354.6763327020851,1911.644759385014,73,0.8343915507857519,1.0
11.280000000040028,10.054091829645731,12.111929372156574,1613.6871642772005,2024.010459710303,73,0.8414144737683971,1.0
11.300000000040159,10.078720241843927,12.933411415933902,1840.0044393919034,1954.2517975738726,73,0.8484632428641328,1.0
11.32000000004029,10.104855177537663,12.166224701589936,1628.1872583853483,2049.9378193095645,73,0.8555378120016209,1.0
11.34000000004042,10.131371698075396,10.41842510097934,1193.97939743188,1955.1418606467491,72,0.8626381351095229,1.0
11.360000000040552,10.152796585208657,10.638841762245736,1245.0344944631436,1828.7436892706269,72,0.8697641661165001,1.0
11.380000000040683,10.171694613800858,10.802564101807361,1283.6493029102278,2244.8255424403155,73,0.876915858951214,1.0
11.400000000040814,10.18954564267437,11.376922570464899,1423.77803891789,2697.571959481565,73,0.8840931675423258,1.0
11.420000000040945,10.213291500828767,12.786761309906181,1798.5139127616499,3081.26056799035,73,0.8912960458184973,1.0
11.440000000041076,10.240812207308405,12.407508531810459,1693.4089476364427,2739.5702458221335,73,0.8985244477083896,1.0
11.460000000041207,10.269337508429757,10.494355534616309,1211.4464789562514,2700.1080036554063,73,0.905778327140664,1.0
11.480000000041338,10.293028548787087,10.36726788936943,1182.2826783894552,1788.459053104898,73,0.9130576380439821,1.0
11.500000000041469,10.310688265769677,10.831934246863074,1290.6387948120164,2121.550420877833,74,0.9203623343470053,1.0
11.5200000000416,10.327854225427323,11.1606605599927,1370.1637854891421,2769.5635902958998,74,0.9276923699783951,1.0
11.540000000041731,10.349921306518706,12.177924311293651,1631.3202458475664,2687.222889991143,74,0.9350476988668126,1.0
11.560000000041862,10.376171700147783,11.44812790768551,1441.6559584980062,2061.379631956364,74,0.9424282749409195,1.0
11.580000000041993,10.40357380584111,9.725625391924524,1040.4656819045176,1358.3344792206335,74,0.9498340521293775,1.0
11.600000000042124,10.427033236257566,9.447132426482751,981.7314219185206,92.9848526830968,74,0.9572649843608474,1.0
11.620000000042255,10.442638040944496,10.526098355631126,1218.7862125166232,2.0739704394502416,75,0.9647210255639906,1.0
11.640000000042386,10.456556687168924,10.074218205840218,1116.3885970477074,1.0710687958523184,75,0.972202129667469,1.0
11.660000000042517,10.474765457691177,11.570291052882595,1472.5879855325654,12.242544182647906,74,0.9797082505999439,1.0
11.680000000042648,10.499375856946063,11.356419713127234,1418.6509557077536,12.330783192065205,74,0.9872393422900761,1.0
11.70000000004278,10.526512518120144,10.114754194049208,1125.3907764663966,0.0,75,0.9947953586665281,1.0
11.72000000004291,10.551447338272483,9.799519541099638,1056.3364156003304,978.8196515560139,73,1.0023762536579608,1.0
11.740000000043041,10.568333266872546,11.042341148937544,1341.2662785447123,781.3464598607003,74,1.0099819811930348,1.0
11.760000000043172,10.583272286388214,10.343264975790076,1176.8144339534624,348.04408090103726,74,1.0176124952004126,1.0
11.780000000043303,10.601514011080074,11.694076201682797,1504.2656003184038,5.600832182688488,74,1.0252677496087557,1.0
11.800000000043434,10.626602443013002,11.28635364969535,1401.199565765907,12.55415413689407,74,1.0329476983467245,1.0
11.820000000043565,10.655260880050092,9.55124650125584,1003.489407005271,0.0,75,1.0406522953429809,1.0
11.840000000043696,10.68114009036023,9.663274253259253,1027.167562230735,1110.1427396783856,73,1.0483814945261867,1.0
11.860000000043827,10.697161678473782,11.217088613327485,1384.0538465516524,1063.0623131393404,73,1.0561352498250027,1.0
11.880000000043959,10.70991956136723,10.201409778801729,1144.756376225347,843.2728480495254,74,1.0639135151680912,1.0
11.90000000004409,10.7228660140732,10.851441039700802,1295.2914990191312,7.4571211279006056,73,1.0717162444841124,1.0
11.92000000004422,10.742067765790482,10.779226193937678,1278.1088907407939,0.0,75,1.079543391701728,1.0
11.940000000044352,10.767571077785176,9.09423330640535,909.7558737446561,0.43929570822976904,75,1.0873949107496004,1.0
11.960000000044483,10.79264383223917,7.026652928647326,543.1123651763485,127.23217876954611,74,1.0952707555563903,1.0
11.980000000044614,10.80843534666969,10.35277706959649,1178.9799235803916,26.930188290503395,74,1.103170880050759,1.0
12.000000000044745,10.815441227217539,9.698072866181565,1034.5787904954384,0.0,75,1.1110952381613683,1.0
12.020000000044876,10.818994365428514,9.307445534480198,952.9139661504693,1.092562072573632,75,1.119043783816879,1.0
12.040000000045007,10.825681043371135,8.638085827028497,820.7817943062166,2.242378063038521,75,1.1270164709459531,1.0
12.060000000045138,10.837071949886768,7.881550461220412,683.3072144004005,0.0,75,1.1350132534772515,1.0
12.080000000045269,10.847924631545405,9.175912019519808,926.1709752896488,0.0,75,1.143034085339436,1.0
12.1000000000454,10.854603975588052,10.39433073203859,1188.4632250370207,7.609480933432267,74,1.151078920461168,1.0
12.12000000004553,10.861658597480659,11.352252509862733,1417.610007524532,12.441185959689083,74,1.1591477127711087,1.0
12.140000000045662,10.8753115745801,12.382422127187784,1686.568155094566,0.9613937275937086,75,1.1672404161979202,1.0
12.160000000045793,10.899715730770273,11.430985366589958,1437.3416909631314,3.3149474053207104,75,1.1753569846702632,1.0
12.180000000045924,10.928367194449866,8.765645507828294,845.2019528580139,2.1045761805611174,75,1.1834973721167987,1.0
12.200000000046055,10.956893610084597,12.71648426941787,1778.7986939178736,527.2747172099744,73,1.191661532466189,1.0
12.220000000046186,10.978688006272648,14.89790059594223,2441.4218638323346,1015.293286227512,74,1.1998494196470952,1.0
12.240000000046317,10.998912930846513,14.18832652742253,2214.3947061363806,1152.6448565126836,74,1.2080609875881785,1.0
12.260000000046448,11.019124052115453,14.116346489977474,2191.9836204760927,654.9956616447669,74,1.2162961902181004,1.0
12.280000000046579,11.044781443464595,13.765171044179489,2084.279272630692,500.4969028534564,74,1.2245549814655232,1.0
12.30000000004671,11.074912671105473,12.02890913712335,1591.6412053208658,1555.055476853877,74,1.2328373152591068,1.0
12.320000000046841,11.102214744598584,12.742987407418715,1786.2210087219514,2715.1535556647,74,1.2411431455275133,1.0
12.340000000046972,11.124160465107632,13.04188083700264,1870.9972134323436,3333.897908893413,74,1.2494724261994044,1.0
12.360000000047103,11.1451423892471,12.719937678693276,1779.7649600482498,3595.0481649997,74,1.2578251112034413,1.0
12.380000000047234,11.166761184892623,12.053045480850669,1598.034958998002,3473.407417014687,74,1.2662011544682852,1.0
12.400000000047365,11.188872950737434,11.082884222271291,1351.133549526969,2151.180640497334,74,1.2746005099225977,1.0
12.420000000047496,11.204457894649716,11.479895960271561,1449.6681238452525,868.6736554043736,73,1.2830231314950404,1.0
12.440000000047627,11.215446685356456,11.546585682740167,1466.5600502174623,1064.4595070838766,72,1.2914689731142746,1.0
12.460000000047758,11.22888888979347,13.170678971307975,1908.1346302177951,1987.8123036737445,72,1.2999379887089613,1.0
12.48000000004789,11.253751246407063,14.117553177443428,2192.3583848973735,1981.8079385993697,73,1.308430132207762,1.0
12.50000000004802,11.287830464909135,13.12231628767563,1894.1470322917687,813.5890350068871,73,1.3169453575393386,1.0
12.520000000048151,11.330772668358035,11.746976824243292,1517.9061096023993,1085.239454849038,73,1.3254836186323524,1.0
12.540000000048282,11.364959637927772,13.234288843807265,1926.610413214536,629.0538697644499,72,1.3340448694154643,1.0
12.560000000048413,11.382534245057549,15.64505720608393,2692.4459647980257,498.48282149270966,71,1.3426290638173366,1.0
12.580000000048544,11.386923833528297,14.440244108444746,2293.7271490262056,873.1452831311449,72,1.3512361557666297,1.0
12.600000000048675,11.393331911439502,13.483510890653976,1999.8557253222282,826.5946794949244,72,1.3598660991920057,1.0
12.620000000048806,11.408143235234123,12.843745331357608,1814.5797355044738,736.2693040864447,72,1.3685188480221253,1.0
12.640000000048937,11.42897780346259,11.459727401899832,1444.5788733843926,1614.9577212355016,71,1.377194356185651,1.0
12.660000000049068,11.44619955378532,10.702200045711706,1259.907944002748,2563.8856082096586,70,1.3858925776112432,1.0
12.6800000000492,11.461941949090019,9.357258346909314,963.1411214788443,2656.365223450468,72,1.3946134662275642,1.0
12.70000000004933,11.477907632474347,8.064312484701386,715.364494360017,2676.3786029227103,72,1.4033569759632745,1.0
12.720000000049462,11.495573722761566,6.606552459645268,480.1118894224944,2819.7353623791323,72,1.412123060747036,1.0
12.740000000049593,11.508692124813226,5.9943124813461,395.249603364238,3187.308046393172,72,1.4209116745075108,1.0
12.760000000049724,11.505182100227845,4.666387920139059,239.526938433417,3930.8077497273807,72,1.4297227711733587,1.0
12.780000000049855,11.494852238526303,3.1914266955017516,112.03724788037354,4692.564104247029,72,1.4385563046732421,1.0
12.800000000049986,11.485581505222171,2.3495786387164386,60.725717574638516,5040.637275446733,72,1.4474122289358222,1.0
12.820000000050117,11.487762587164735,2.267658756399979,56.5650385902525,4065.1092977582593,73,1.456290497889761,1.0
12.840000000050248,11.506468413662382,5.0618828431440805,281.8492370948804,4523.267542884635,73,1.465191065463719,1.0
12.860000000050379,11.531350188577889,8.356434723945277,768.1300142511421,6966.90711971097,73,1.4741138855863585,1.0
12.88000000005051,11.542030878734108,15.044757493315876,2489.7920083595263,5543.463630806242,73,1.48305891218634,1.0
12.90000000005064,11.5467275381375,14.61206986975919,2348.638444665968,3108.7876210185655,72,1.4920260991923253,1.0
12.920000000050772,11.559240790742999,15.062395546770396,2495.6333556810555,2825.7644596715527,72,1.5010154005329763,1.0
12.940000000050903,11.575454983689436,15.788984274183589,2742.2122685145832,1876.8338372049589,71,1.5100267701369532,1.0
12.960000000051034,11.599994558791144,14.572800620584792,2336.0316972004816,22.788045794388065,73,1.519060161932919,1.0
12.980000000051165,11.628313041505187,13.89168662429873,2122.7685299449226,6.804945380147925,74,1.5281155298495337,1.0
13.000000000051296,11.652212433042497,16.622599978656126,3039.419130554605,7.659326615165414,74,1.5371928278154599,1.0
13.020000000051427,11.674800700226415,15.844565635023601,2761.552861788279,81.7198735440848,72,1.5462920097593582,1.0
13.040000000051558,11.69480342282818,14.028474842423817,2164.779170449697,427.0816364080157,72,1.5554130296098898,1.0
13.060000000051689,11.712622033134954,11.865576323481253,1548.7109163719479,1416.9685232917116,72,1.5645558412957166,1.0
13.08000000005182,11.723653635871392,11.154118562519598,1368.5579699741868,939.7391128084485,72,1.5737203987455002,1.0
13.100000000051951,11.738784731528707,13.795108440092056,2093.35518561289,176.2840731246004,73,1.5829066558879015,1.0
13.120000000052082,11.769158638805814,16.697274537033334,3066.788746615679,2033.6875319238993,73,1.5921145666515824,1.0
13.140000000052213,11.859532521195591,18.95595995151297,3952.6125945169993,3375.5506228857057,72,1.6013440849652048,1.0
13.160000000052344,11.941764558726199,19.110384088965308,4017.2745803055623,1036.7978433621097,74,1.6105951647574286,1.0
13.180000000052475,11.997844360826972,18.151379578031094,3624.198386443407,476.46722257316054,73,1.6198677599569158,1.0
13.200000000052606,12.048757860980512,23.74262147849521,6200.832821382122,314.9932071633848,72,1.6291618244923283,1.0
13.220000000052737,12.071709477876935,23.84092835509494,6252.288513160468,1358.995368068632,70,1.638477312292327,1.0
13.240000000052868,12.092534203169507,21.651867583646204,5156.837068457243,2239.9189887874104,71,1.6478141772855734,1.0
13.260000000053,12.11673801106191,20.304614693529686,4535.051156379718,2745.428188074251,72,1.657172373400729,1.0
13.28000000005313,12.146564316861836,19.15854950426719,4037.550210182022,3273.779853922286,72,1.6665518545664562,1.0
13.300000000053261,12.181442366444253,15.687480932669112,2707.0676381414264,3230.854375829763,72,1.675952574711415,1.0
13.320000000053392,12.213542183112125,14.888002681976673,2438.1788624439905,3290.832470258541,72,1.6853744877642667,1.0
13.340000000053523,12.240214757923399,14.307921147444638,2251.8826831764286,2854.224410458239,72,1.6948175476536735,1.0
13.360000000053654,12.268853316737625,12.480691829866657,1713.4443540731036,2837.163260472808,71,1.704281708308297,1.0
13.380000000053785,12.293423790328125,11.4956202014794,1453.642121983274,2755.2939833527466,74,1.7137669236567976,1.0
13.400000000053916,12.301401609272395,9.32898568171379,957.3297123458301,2645.995465191073,73,1.7232731476278378,1.0
13.420000000054047,12.30986322440781,7.606630534097368,636.4691089048865,3373.412646853055,74,1.7328003341500788,1.0
13.440000000054178,12.315907950619652,5.907052840679714,383.82600588840506,3799.448297844626,74,1.7423484371521816,1.0
13.46000000005431,12.329116110509485,4.085206260586224,183.57801210686168,3729.4387377337785,73,1.751917410562807,1.0
13.48000000005444,12.347502205078579,1.7290147280782304,32.88441122902581,3079.9266436222815,73,1.7615072083106176,1.0
13.500000000054571,12.361651803278571,-0.6615462841380843,4.814078346625976,2397.7217683572685,73,1.7711177843242742,1.0
13.520000000054702,12.37469614322704,-0.7444846171095932,6.096830796240994,4208.524014687746,74,1.7807490925324392,1.0
13.540000000054834,12.406757740048775,2.343879660398414,60.43149048672323,7072.554217207487,74,1.790401086863772,1.0
13.560000000054965,12.509109225423227,6.169251386146333,418.6562893201529,7388.213725611511,73,1.8000737212469362,1.0
13.580000000055096,12.600799122459467,15.284069129532192,2569.6304607195084,9834.448297964274,73,1.8097669496105921,1.0
13.600000000055227,12.62348995987061,19.42860206288164,4152.176359295897,8330.707521589273,72,1.8194807258834005,1.0
13.620000000055358,12.667760124781072,14.982363744041935,2469.183456946605,714.4860390629507,73,1.829215003994024,1.0
13.640000000055489,12.695176144059234,15.863839191440919,2768.2753328108656,567.7414418292656,72,1.8389697378711234,1.0
13.66000000005562,12.694612021958601,15.106940679481667,2510.416223627158,906.9200508625672,71,1.8487448814433605,1.0
13.68000000005575,12.68546896628324,13.75535511472515,2081.3077376541487,3138.0554446113033,71,1.858540388639396,1.0
13.700000000055882,12.606145369958982,10.650976267144161,1247.87624987595,2605.6100938979016,72,1.8683562133878924,1.0
13.720000000056013,12.546929334610565,10.339236513904595,1175.8979285950384,2130.9713923846375,73,1.8781923096175106,1.0
13.740000000056144,12.531280943113392,9.017645006216748,894.4971360396044,2937.6753369470225,72,1.8880486312569114,1.0
13.760000000056275,12.530638217381057,7.463762190053193,612.785206326344,2452.889537035548,71,1.8979251322347568,1.0
13.780000000056406,12.534402473386795,3.407411206276606,127.71496241525337,2343.1223241995763,70,1.9078217664797075,1.0
13.800000000056537,12.533431331483806,2.9788818531729047,97.61110804679123,2392.010737737071,70,1.917738487920426,1.0
13.820000000056668,12.50693940778216,2.5296513717006066,70.39049668581437,3993.6049053430893,71,1.9276752504855734,1.0
13.840000000056799,12.424401571738622,0.14357975273479961,0.22676659934924817,3978.432969655524,71,1.9376320081038112,1.0
13.86000000005693,12.334078369054676,-3.2518729089431173,116.3214515750999,5251.162095950654,71,1.9476087147038004,1.0
13.880000000057061,12.250078511900682,-6.2362313979785915,427.7964025404742,6926.980837019162,70,1.9576053242142026,1.0
13.900000000057192,12.138773078878137,-3.1379582805354644,108.31460387419197,8480.283403532758,71,1.9676217905636788,1.0
13.920000000057323,12.073971909500457,18.242216164248106,3660.562956414704,6826.913143972402,70,1.977658067680891,1.0
13.940000000057454,12.132903316194039,35.65929398427827,13987.43772202903,10926.10385061065,66,1.9877141094945003,1.0
13.960000000057585,12.225233997601151,37.333339181977706,15331.560359242509,12011.332194030387,71,1.9977898699331682,1.0
13.980000000057716,12.288974935761875,25.872568914787674,7363.288044754811,817.7755089781754,68,2.0078853029255566,1.0
14.000000000057847,12.363848151476835,21.455364317771522,5063.659238091338,1309.5557256836637,69,2.018000362400326,1.0
14.020000000057978,12.386705520937282,15.029519799640855,2484.7511194857616,1333.0550016616241,69,2.0281350022861386,1.0
14.040000000058109,12.382385945272848,2.21857728097684,54.14293666833247,810.5544275883308,69,2.038289176511655,1.0
14.06000000005824,12.367088354678982,-8.737418493593314,839.7673012540508,2673.5448560841687,69,2.0484628390055373,1.0
14.080000000058371,12.261094656732821,-14.880253447138973,2435.641369162004,6868.309732521577,68,2.0586559436964467,1.0
14.100000000058502,12.040351583816175,-25.14457097654178,6954.743945537819,13693.105283158142,69,2.0688684445130443,1.0
14.120000000058633,11.670823619521482,-26.042277492625438,7460.20238703196,18998.403797427847,67,2.0791002953839923,1.0
14.140000000058764,11.408714519780752,42.68381401132971,20040.98776409165,13766.194779183796,65,2.0893514502379515,1.0
14.160000000058895,11.464772042204237,33.76650135651879,12541.942752457637,10007.234383986397,70,2.099621863003583,1.0
14.180000000059026,11.554746790258129,26.368234043551283,7648.121432330466,426.3689721238849,71,2.109911487609549,1.0
14.200000000059157,11.619505601547718,23.1445680458888,5892.381330338546,6246.429763355243,69,2.1202202779845103,1.0
14.220000000059288,11.646082179502038,20.69853589144139,4712.723268542162,12241.864174334618,72,2.130548188057129,1.0
14.24000000005942,11.661215453096736,12.583542462193295,1741.8009498760384,9700.309784994444,71,2.1408951717560654,1.0
14.26000000005955,11.647127643174413,9.04042419306147,899.0219654954026,8161.623718128936,70,2.151261183009982,1.0
14.280000000059681,11.557791942796356,8.146026664827557,729.9352546648973,6130.418737536225,70,2.16164617574754,1.0
14.300000000059812,11.449680387485241,6.736506700969701,499.18574785430656,4217.527828535646,71,2.1720501038974005,1.0
14.320000000059943,11.427944147879423,3.6851200177796257,149.3812049998412,2476.8400675567755,72,2.1824729213882246,1.0
14.340000000060074,11.443396478326935,1.3254916462740847,19.326209147766214,4128.350952918254,72,2.1929145821486746,1.0
14.360000000060205,11.483749752489441,-6.471402924456637,460.669613917325,4042.9839699530153,72,2.2033750401074106,1.0
14.380000000060337,11.468029787559805,-4.9695859149972925,271.66462583193425,3608.827144466751,72,2.213854249193096,1.0
14.400000000060468,11.430704109439274,10.434330704666534,1197.627829797815,5147.71632706082,68,2.2243521633343906,1.0
14.420000000060599,11.420683228211995,30.106994083700815,9970.742020315955,2951.1769632696296,69,2.2348687364599558,1.0
14.44000000006073,11.465649414033091,40.28781437156563,17854.18785521503,2060.4257050723613,67,2.2454039224984537,1.0
14.46000000006086,11.531085453799365,45.810383184859695,23084.503282980433,1597.7416785338673,65,2.255957675378546,1.0
14.480000000060992,11.611633794808832,41.426070343607954,18877.312345249098,14844.84969459898,69,2.266529949028893,1.0
14.500000000061123,11.728935803176139,34.62142264625787,13185.07196655899,6255.762064896213,71,2.277120697378157,1.0
14.520000000061254,11.842240221676953,27.05340708343833,8050.755183044544,1955.6274395048433,72,2.2877298743549987,1.0
14.540000000061385,11.916580195778087,18.24023382675865,3659.767430603136,2779.1422594036144,63,2.2983574338880803,1.0
14.560000000061516,11.962025557885603,12.607848473660415,1748.5362744825939,1144.9378494931893,67,2.309003329906063,1.0
14.580000000061647,11.95562712551061,3.350306061786435,123.47005778407222,680.0024230772652,67,2.319667516337608,1.0
14.600000000061778,11.928813185383445,-5.390424567563569,319.62344720452177,1376.0077200659723,66,2.330349947111376,1.0
14.620000000061909,11.897632902231349,-17.095178893091827,3214.6965552549354,1663.8441039327017,65,2.34105057615603,1.0
14.64000000006204,11.866776740582718,-27.455772821018275,8292.014073193024,2170.348329855151,66,2.3517693574002307,1.0
14.66000000006217,11.804267463050788,-27.976715877974065,8609.662944485748,3732.47998692137,66,2.3625062447726393,1.0
14.680000000062302,11.598182386466526,-3.6286475844642334,144.83791621461927,20692.582509638763,66,2.373261192201916,1.0
14.700000000062433,11.416626038665779,25.169564709613212,6968.576864385475,28066.625299925498,67,2.3840341536167253,1.0
14.720000000062564,11.437192180548497,39.18783975860676,16892.55463440865,21459.64308646145,62,2.3948250829457254,1.0
14.740000000062695,11.491165825156953,32.90047992881361,11906.857375008938,10429.084727750804,68,2.4056339341175805,1.0
14.760000000062826,11.522888464791773,27.44716473206591,8286.81537012079,2833.0992491497045,69,2.4164606610609503,1.0
14.780000000062957,11.54376745902,15.480684727868665,2636.1675960803273,257.99723870723693,70,2.4273052177044967,1.0
14.800000000063088,11.575723813565304,12.92258019735037,1836.9238685264713,85.08491436424261,71,2.43816755797688,1.0
14.820000000063219,11.589269518450639,8.032673909512516,709.762351502194,656.8278309072691,70,2.449047635806764,1.0
14.84000000006335,11.481876382925856,2.890264689008717,91.8899296978372,5401.487688112253,66,2.4599454051228067,1.0
14.860000000063481,11.367114267188771,-1.1951725749382678,15.712812322730262,1246.9331685057643,57,2.470860819853673,1.0
14.880000000063612,11.335471956972311,-6.8013543233024105,508.84262694214834,2469.248148022897,47,2.4817938339280223,1.0
14.900000000063743,11.356991111455855,-12.522806322752873,1725.0274601689725,2758.6842498434307,48,2.4927444012745164,1.0
14.920000000063874,11.383388862093263,-10.23603663240329,1152.5409053389228,3895.8869014570673,58,2.5037124758218177,1.0
14.940000000064005,11.42139718670778,12.55834591284784,1734.832572734162,4349.99959322031,58,2.514698011498585,1.0
14.960000000064136,11.50768149588854,37.3161249567297,15317.424999648918,17499.978701136166,57,2.5257009622334827,1.0
14.980000000064267,11.56717154346851,46.15385152372034,23431.958115209847,20906.282500375703,52,2.53672128195517,1.0
15.000000000064398,11.636923712931653,50.02993386818414,27532.937111403662,6865.62323696405,55,2.547758924592311,1.0
15.02000000006453,11.76957093092872,48.82116477178118,26218.567426407484,13084.584419055082,58,2.558813844073564,1.0
15.04000000006466,11.94203693793504,37.301310696318794,15305.265576296377,6937.127990330992,57,2.569885994327593,1.0
15.060000000064791,12.074392720349387,25.60543967548397,7212.023950723336,5125.245277844341,54,2.5809753292830573,1.0
15.080000000064922,12.218239372850837,16.804308239524413,3106.232529498429,3289.9741800969914,52,2.592081802868619,1.0
15.100000000065053,12.29828375479854,6.03171215001174,400.1970660665917,1948.9106075561645,60,2.60320536901294,1.0
15.120000000065184,12.311121896474262,-5.736088026036983,361.92976426689336,1740.2584974610495,58,2.6143459816446817,1.0
15.140000000065315,12.283493743153256,-19.43254914742863,4153.863630039522,1322.1770236049451,58,2.625503594692505,1.0
15.160000000065446,12.243020403155997,-31.851072150360324,11159.398768402049,1202.202391385,56,2.636678162085071,1.0
15.180000000065577,12.196299334403939,-31.45838186518477,10885.927685333645,1953.904178809647,57,2.6478696377510422,1.0
15.200000000065709,12.105475059908562,-17.326091465895853,3302.1279003304803,11239.908005033283,58,2.6590779756190805,1.0
15.22000000006584,11.474684386128864,-2.069295976466279,47.10184422041484,33759.15837861943,56,2.6703031296178446,1.0
15.24000000006597,11.455905022841828,26.180455059056943,7539.578498092303,27427.20197144559,55,2.681545053675999,1.0
15.260000000066102,11.513908937946425,34.97417093721158,13455.118960198248,12566.177306393063,57,2.692803701722202,1.0
15.280000000066233,11.552395580815881,22.895041287846414,5766.012071294112,7996.641405312133,59,2.704079027685119,1.0
15.300000000066364,11.531677752758943,18.895449195918626,3927.4180034709607,7276.965075368136,57,2.715370985493407,1.0
15.320000000066495,11.518531102104216,8.066390190600131,715.7331577771103,6075.390509142418,56,2.7266795290757315,1.0
15.340000000066626,11.511399547095223,1.7152896280871572,32.36440359045716,4941.570023423326,60,2.7380046123607507,1.0
15.360000000066757,11.487383132557683,-0.692535055355707,5.275652831861854,5086.590526143665,63,2.749346189277127,1.0
15.380000000066888,11.411111363206151,-0.5607374399168727,3.4586912417698135,7003.305978127115,62,2.7607042137535234,1.0
15.400000000067019,11.141135734258311,-1.399458998517484,21.543340373847148,15803.92239649425,60,2.7720786397185986,1.0
15.42000000006715,10.971095796672675,-13.243575084698627,1929.3150912645528,15692.858796165037,56,2.783469421101016,1.0
15.44000000006728,10.858371687450227,-22.367246857971917,5503.23105206,14625.23999255695,57,2.794876511829436,1.0
15.460000000067412,10.861375512227363,8.78581306365837,849.0956230850509,15309.200181251732,56,2.8062998658325213,1.0
15.480000000067543,10.915404915115731,34.47523113259239,13073.957178102344,13730.883486759643,57,2.817739437038932,1.0
15.500000000067674,10.934495279448935,30.39677782051334,10163.605120566168,2876.1720464005234,59,2.82919517937733,1.0
15.520000000067805,10.887208538115228,35.84675659524817,14134.889542388652,4309.5813898177,58,2.8406670467763764,1.0
15.540000000067936,10.851387848922172,26.25618042742189,7583.257117010656,5887.383991948662,59,2.8521549931647328,1.0
15.560000000068067,10.859741249401022,23.06874455907673,5853.836730851255,4018.1103464108824,57,2.863658972471061,1.0
15.580000000068198,10.896608407166845,18.494483474050703,3762.50510869128,1216.3760950738435,56,2.8751789386240216,1.0
15.600000000068329,10.930346155646731,15.004264288864947,2476.4074153511874,1059.9839324164557,60,2.8867148455522775,1.0
15.62000000006846,10.960861880261675,11.576873478556957,1474.26399492367,1534.1214860930786,58,2.898266647184488,1.0
15.640000000068591,10.97225794594601,7.830191092286909,674.4308179590219,2672.1235428711993,54,2.909834297449316,1.0
15.660000000068722,10.985925998795073,4.173161503647971,191.5680462908233,1485.4458844407532,51,2.921417750275423,1.0
15.680000000068853,11.016016118560815,2.625563296460549,75.82940886092864,914.4295210897606,53,2.933016959591469,1.0
15.700000000068984,11.049394622943987,3.309037055344669,120.4469885700853,1031.2760390556598,58,2.9446318793261175,1.0
15.720000000069115,11.066971233706782,8.852288338433665,861.9930970944552,137.00207475522376,69,2.9562624634080277,1.0
15.740000000069246,11.070319870281027,16.58300758624248,3024.9575466591323,1050.15226040251,66,2.967908665765863,1.0
15.760000000069377,11.063516099554773,25.2236772655939,6998.572842787224,2776.5827023081138,63,2.979570440328282,1.0
15.780000000069508,11.06667602327535,22.846263107945,5741.469117971936,2845.2695184576523,60,2.99124774102395,1.0
15.80000000006964,11.019187404526779,18.250474711480525,3663.8780991382914,7573.017192439733,59,3.0029405217815266,1.0
15.82000000006977,10.942482822888195,13.795326760528582,2093.421444727316,6432.959139410983,58,3.014648736529672,1.0
15.840000000069901,10.870752845281046,6.138858219880409,414.54138268172585,4907.353724372715,63,3.026372339197049,1.0
15.860000000070032,10.806272172098852,0.2923406501725725,0.9400936131765465,3601.4015309175657,65,3.038111283712318,1.0
15.880000000070163,10.745695944748096,-0.7710102364365694,6.539024631589721,3164.15285587371,63,3.049865524004142,1.0
15.900000000070294,10.614236263347832,-2.8468178029585376,89.14808763565843,2643.6206838162116,61,3.061635014001181,1.0
15.920000000070425,10.46959183645042,-7.764808966535203,663.2148411546403,1756.8793558257728,59,3.073419707632097,1.0
15.940000000070556,10.337467783549805,-13.199104823527623,1916.380049567172,2337.0481288421024,61,3.0852195588255515,1.0
15.960000000070687,10.239428504967115,-5.060951960168845,281.7455821745056,10390.12905133847,66,3.0970345215102046,1.0
15.980000000070818,10.144490767280823,14.393952316623622,2279.04449622558,23250.800817019317,65,3.1088645496147196,1.0
16.000000000070948,10.176025769972373,34.17313362985432,12845.833682922685,29005.53309439336,64,3.1207095970677563,1.0
16.02000000007019,10.382609180019369,61.074338646353404,41030.82325198403,11595.261967845609,65,3.1325696177974516,1.0
16.040000000069433,10.557543018820066,57.370854128670906,36205.56393798559,625.6214302007421,66,3.1444445657329902,1.0
16.060000000068676,10.699339245410862,37.079521034082376,15123.799681286531,289.38740574671624,65,3.156334394803033,1.0
16.08000000006792,10.853902875314382,25.378320741137856,7084.650800040746,174.99279835039331,64,3.1682390589362437,1.0
16.100000000067162,11.055257698435486,15.508521758508412,2645.656718475417,327.6354797781356,61,3.1801585120612823,1.0
16.120000000066405,11.119462331048506,-6.3282275405869495,440.51110185987466,1185.3836273719369,59,3.1920927081068116,1.0
16.140000000065648,11.038266493559673,-30.903086013187032,10505.007976522797,2293.52999742865,56,3.2040416010014914,1.0
16.16000000006489,10.888345263232852,-55.433400417735655,33801.48070060317,3039.5471186161226,53,3.216005144673983,1.0
16.180000000064133,9.146062896129772,-52.68369165121178,30531.285025999583,16946.739556252243,50,3.2279832930529495,1.0
16.200000000063376,8.50682770023574,12.001119479205888,1584.295556295925,18706.074036674203,57,3.239976000067051,1.0
16.22000000006262,8.620436327726242,38.210031568951756,16060.071637503188,12242.702951599653,57,3.251983219644949,1.0
16.240000000061862,8.642455435230795,43.03525493661834,20372.364842057064,10324.314910304056,51,3.2640049057153053,1.0
16.260000000061105,8.62281634389458,32.16925759532846,11383.472476580575,13034.604613693497,46,3.276041012206782,1.0
16.280000000060348,8.625507025576438,24.73424434109241,6729.61127437348,9716.360429156608,51,3.2880914930480385,1.0
16.30000000005959,8.573711722329996,7.304982100945742,586.9903984465144,9026.74724818357,59,3.3001563021677383,1.0
16.320000000058833,8.351320572396034,-4.003083352484018,176.27143959628154,17024.73282506053,59,3.3122353934945403,1.0
16.340000000058076,7.496717344252326,-15.853936336788395,2764.820271080334,33962.70660856693,58,3.324328720957109,1.0
16.36000000005732,6.625207113313415,-24.04341052023713,6358.941483891145,43075.58412421599,55,3.336436238484105,1.0
16.38000000005656,6.193218328726345,-16.494801832912206,2992.8633625774823,23958.62538112342,54,3.348557900004187,1.0
16.400000000055805,5.940548110280301,28.00548298714993,8627.377850778985,5436.820870448174,55,3.3606936594460213,1.0
16.420000000055047,6.02197624448122,28.743029799670452,9087.77938271218,2013.9979576858502,41,3.3728434707382644,1.0
16.44000000005429,6.135299280067131,19.55132630997845,4204.79796527181,471.539258557374,54,3.38500728780958,1.0
16.460000000053533,6.190769764499809,9.256779444694157,942.5676225648349,1561.528956300913,56,3.397185064588631,1.0
16.480000000052776,6.186249605091254,-2.3010220294401176,58.241726179655885,1044.2848308624705,53,3.4093767550040757,1.0
16.50000000005202,6.091421033576483,-9.864907794566076,1070.4804637481957,1872.8729189767482,52,3.4215823129845773,1.0
16.52000000005126,5.867282167574133,-6.893764919864755,522.763942473937,16728.348127334873,54,3.4338016924587973,1.0
16.540000000050505,5.663102936748268,2.4603666802614983,66.58744621475084,26840.879083626638,55,3.4460348473553952,1.0
16.560000000049747,5.743169957189981,24.022201494465367,6347.7278110476345,10516.669625482447,59,3.4582817316030354,1.0
16.58000000004899,5.8591101200928,15.407486849916774,2611.2971613339414,353.5899979089928,68,3.4705422991303783,1.0
16.600000000048233,5.937816174442993,9.953910958087908,1089.883776976968,337.9594597626928,64,3.4828165038660837,1.0
16.620000000047476,5.996332375967752,4.969529713572317,271.6584813148597,622.9646237329691,63,3.495104299738815,1.0
16.64000000004672,6.016036506480979,0.9273901834177036,9.460578075294741,329.2622382042128,58,3.507405640677233,1.0
16.66000000004596,5.938509466776208,-1.3050092685556567,18.73354110117787,169.19402101981345,60,3.519720480609997,1.0
16.680000000045204,5.79320863803276,-1.1638142238266336,14.899099023393084,266.1845959142079,68,3.5320487734657724,1.0
16.700000000044447,5.638274919893933,0.8768411266797427,8.457353975807006,484.81230304168383,66,3.5443904731732188,1.0
16.72000000004369,5.5313351477046355,4.180658131633079,192.25692654948764,1026.4237969154071,69,3.5567455336609957,1.0
16.740000000042933,5.506481217109096,5.042655426461872,279.712111250279,5810.369498718107,59,3.569113908857768,1.0
16.760000000042176,5.543422925296691,5.019632135362687,277.16377451802344,10769.044710505283,56,3.581495552692193,1.0
16.78000000004142,5.536159920063223,6.25148470710311,429.8916714745846,11663.14553465606,59,3.5938904190929364,1.0
16.80000000004066,5.571129497239272,9.904408267167883,1079.0703343501784,5768.252579398107,60,3.606298461988657,1.0
16.820000000039904,5.5861200057506295,8.115509131524865,724.4763731024981,1606.0759730196653,63,3.618719635308016,1.0
16.840000000039147,5.577478329964565,5.699823703822274,357.3678928011969,760.7778784199905,61,3.6311538929796767,1.0
16.86000000003839,5.580986987329336,4.238280113866199,197.59320155953048,801.7722428458095,59,3.643601188932301,1.0
16.880000000037633,5.5894862448328055,2.2468260491885776,55.530500248435885,1031.611710120513,55,3.6560614770945454,1.0
16.900000000036876,5.5974242585073855,1.597292075259146,28.064761710542363,1281.7722238068218,61,3.6685347113950773,1.0
16.92000000003612,5.61661480590693,3.203859570083545,112.91187759297509,1509.6890982085743,59,3.6810208457625544,1.0
16.94000000003536,5.662797209597036,7.162620662749803,564.3344823429547,3846.621814776374,55,3.69351983412564,1.0
16.960000000034604,5.712457148065901,11.584133236696312,1476.113571300854,5436.233584371419,53,3.706031630412994,1.0
16.980000000033847,5.7668987266984875,14.713548521214003,2381.3736109473066,4315.035637618312,52,3.718556188553279,1.0
17.00000000003309,5.826967254739809,16.058340300161138,2836.5732251535724,4522.692224946797,57,3.7310934624751564,1.0
17.020000000032333,5.86488437217375,9.800873129183719,1056.62825503791,2587.0384023627303,61,3.7436434061072865,1.0
17.040000000031576,5.879308513157207,7.488542969103355,616.8610338011802,1931.2874030008536,60,3.7562059733783317,1.0
17.06000000003082,5.890504263432652,5.941137099468012,388.268210381427,1421.161032385488,59,3.7687811182169537,1.0
17.08000000003006,5.885304310789817,5.197775635338629,297.18558710851875,977.6653315840758,59,3.7813687945518137,1.0
17.100000000029304,5.853918560883196,5.094007316096161,285.4380159008534,876.2993329632518,60,3.7939689563115713,1.0
17.120000000028547,5.7989040587336484,4.159022359483069,190.2721368534813,1057.974258843572,56,3.8065815574248907,1.0
17.14000000002779,5.702003311784622,3.4282677800036794,129.28321968552493,2484.2780646955202,51,3.8192065518204315,1.0
17.160000000027033,5.599407353006669,3.786526115540056,157.7155802603355,941.6469887324665,57,3.8318438934268553,1.0
17.180000000026276,5.55735732427234,6.7710239297981225,504.3144156368869,1923.4980253308377,56,3.8444935361728243,1.0
17.20000000002552,5.402911111771589,6.653059665092333,486.89523198006356,5846.616516846033,57,3.857155433986999,1.0
17.22000000002476,5.291318338896424,5.948772579575195,389.26684723856295,4229.072354471091,58,3.8698295407980425,1.0
17.240000000024004,5.294462644205498,6.697549871407249,493.4289170798598,3792.878362403417,57,3.882515810534615,1.0
17.260000000023247,5.304638589425156,6.883597956335877,521.2231290691861,2051.3949333326564,55,3.8952141971253758,1.0
17.28000000002249,5.317375637123151,7.028504310325347,543.3986012428818,701.6046150641134,57,3.907924654498991,1.0
17.300000000021733,5.347371106947605,7.133379409331502,559.7361197722212,638.215854271425,56,3.9206471365841185,1.0
17.320000000020976,5.401813988103609,7.555006914885373,627.8594243236239,398.9861001032383,56,3.9333815973094195,1.0
17.34000000002022,5.464778475711147,7.434681095049309,608.0193128359195,519.7004643464044,49,3.946127990603558,1.0
17.36000000001946,5.514888637019038,7.262158433639905,580.1283962681591,1272.5868013109207,57,3.958886270395193,1.0
17.380000000018704,5.550870965381746,5.378069646611829,318.1599643618823,1163.5327842760885,63,3.9716563906129885,1.0
17.400000000017947,5.579371997280591,4.9868725017802324,273.5578708391302,1236.5555135239656,62,3.984438305185604,1.0
17.42000000001719,5.598983226496341,6.341269332819925,442.3286642649871,1453.6133674866473,60,3.9972319680416994,1.0
17.440000000016433,5.609396120796338,6.732685657061254,498.6196177247816,1813.6632695792891,61,4.010037333109941,1.0
17.460000000015675,5.607039778062694,8.095580830458323,720.9227188073269,1120.7956057886836,58,4.022854354318985,1.0
17.48000000001492,5.640020434407653,10.28425413947343,1163.4247152580404,339.3357511197164,64,4.035682985597495,1.0
17.50000000001416,5.63288121190023,11.846418218183187,1543.7138706011276,1028.3614330637947,62,4.048523180874133,1.0
17.520000000013404,5.6254601497700545,8.924581982073628,876.1297991022857,925.3254930783448,61,4.061374894077559,1.0
17.540000000012647,5.612851440130309,4.440593885489939,216.907614614357,1117.589950421589,59,4.074238079136437,1.0
17.56000000001189,5.602300502531691,0.07391767782509015,0.06010205404559206,1054.0470265404206,58,4.087112689979426,1.0
17.580000000011132,5.505709328345908,-2.9607832181338947,96.42860991261631,3491.058210304993,60,4.0999986805351885,1.0
17.600000000010375,5.261514346568823,-7.673185033736429,647.655454181524,3640.669679141757,54,4.112896004732385,1.0
17.620000000009618,4.979290441527796,-8.403528346078497,776.8121752967928,3661.5854880282086,55,4.125804616499678,1.0
17.64000000000886,4.784617754812328,-1.5404081439697337,26.101429750091075,6417.6449966959235,57,4.138724469765727,1.0
17.660000000008104,4.610879635251689,5.389867578572215,319.557397659983,16361.663381068554,52,4.151655518459195,1.0
17.680000000007347,4.538866586654976,8.519138026846736,798.3328399251271,21199.59781073287,49,4.1645977165087436,1.0
17.70000000000659,4.673295151588729,14.83447057023192,2420.6766880898463,18410.472746568244,52,4.177551017843035,1.0
17.720000000005832,4.804814393517399,17.489696387268634,3364.784276907212,6100.2972625904595,57,4.190515376390728,1.0
17.740000000005075,4.881588556934021,9.576839022113043,1008.8743022101384,231.48545070511852,61,4.203490746080485,1.0
17.760000000004318,4.933079287419839,6.163357271071024,417.8567013595046,423.1147070159927,67,4.216477080840969,1.0
17.78000000000356,4.910596720505132,4.44503078820513,217.3412857890067,805.7045636996484,65,4.229474334600841,1.0
17.800000000002804,4.808975259764915,0.997631053784805,10.947944914233585,1264.9436888421346,59,4.24248246128876,1.0
17.820000000002047,4.673148550748169,-0.5342310948211983,3.1394314894124187,1510.8273944131374,57,4.25550141483339,1.0
17.84000000000129,4.5888989345902615,-0.33273571397068286,1.2178436088673807,546.6876105203573,66,4.268531149163391,1.0
17.860000000000532,4.532581361073151,1.5207688437242588,25.44011663646661,260.1443269472722,67,4.281571618207425,1.0
17.879999999999775,4.477465287803272,4.110571612976553,185.86478883949528,717.9131280930764,66,4.294622775894155,1.0
17.899999999999018,4.421812057792374,5.979003994873588,393.2333764778575,2810.8991420634206,65,4.30768457615224,1.0
17.91999999999826,4.412627777304458,6.048674721135359,402.451124703121,5219.095416843806,62,4.320756972910339,1.0
17.939999999997504,4.436823718173926,6.354226786514484,444.13817859904015,5760.998419993467,62,4.3338399200971205,1.0
17.959999999996747,4.429857200859262,4.134328270958906,188.0193727725506,7214.05140181544,63,4.34693337164124,1.0
17.97999999999599,4.439263930610982,5.884532957093736,380.9050093543458,3226.6243011309093,62,4.360037281471362,1.0
17.999999999995232,4.470894233579683,6.618025845302453,481.78092698000376,1222.2535702341522,65,4.373151603516148,1.0
18.019999999994475,4.499496497512198,7.506991080582254,619.9040659233566,1666.2563775553706,61,4.386276291704256,1.0
18.039999999993718,4.523171091939243,4.586262278332404,231.37181854220208,693.0004961424188,58,4.399411299964349,1.0
18.05999999999296,4.508896411065673,2.842829846610642,88.89849690458317,705.6723550386539,60,4.412556582225093,1.0
18.079999999992204,4.451107069973489,0.65225934382955,4.679864767742505,1155.042286021534,60,4.425712092415142,1.0
18.099999999991446,4.429038539000395,-0.7466878478227716,6.1329701629482285,705.3159961472396,53,4.4388777844631635,1.0
18.11999999999069,4.4220315017720155,-0.06782402281635859,0.050601078780933235,729.8538120405107,51,4.452053612297814,1.0
18.139999999989932,4.42495899824819,1.8327242156492998,36.947658556900755,1153.4319250746435,55,4.465239529847758,1.0
18.159999999989175,4.418634817248781,5.869789633143346,378.99873371092804,2078.6310703726153,58,4.478435491041656,1.0
18.179999999988418,4.413611829039477,8.833538284893628,858.345384937496,3449.8268741288575,60,4.491641449808171,1.0
18.19999999998766,4.437527124840899,10.032710214629695,1107.2080167580853,4251.046242943429,59,4.504857360075962,1.0
18.219999999986904,4.497775643232054,8.401057073365086,776.355359449313,2613.0746745920014,57,4.518083175773692,1.0
18.239999999986146,4.545212038815516,4.701361237232188,243.13077231244307,3220.5982703614645,56,4.5313188508300195,1.0
18.25999999998539,4.596938203871088,9.864591792790456,1070.4118836222772,2424.5161333231426,58,4.544564339173612,1.0
18.279999999984632,4.646292431783273,10.043582927283738,1109.6091381894794,1396.6364335791488,61,4.557819594733125,1.0
18.299999999983875,4.646595533403816,10.288644650354664,1164.4182961539882,2306.704546203538,61,4.571084571437222,1.0
18.319999999983118,4.625328358376419,9.030504616257849,897.0501498667975,1708.0109751867624,65,4.584359223214566,1.0
18.33999999998236,4.606019702099248,7.409733597457203,603.9456718381467,1311.9841420529972,67,4.597643503993814,1.0
18.359999999981603,4.6053921319256155,5.479485978911434,330.272432523957,1051.767157588353,62,4.6109373677036345,1.0
18.379999999980846,4.61522044380699,4.329601623902693,206.19995243870923,941.9588879889155,67,4.624240768272683,1.0
18.39999999998009,4.6275832948443085,4.816744106783749,255.21126169259574,1120.9418086541568,64,4.637553659629621,1.0
18.419999999979332,4.6359302441132515,6.573583779768943,475.3320408060548,1502.815703703898,64,4.650875995703113,1.0
18.439999999978575,4.652897030801232,8.690973024386677,830.863133216786,1903.4301180419643,62,4.66420773042182,1.0
18.459999999977818,4.694208729945988,9.610017574516714,1015.8768156077213,1611.2016614171728,57,4.677548817714401,1.0
18.47999999997706,4.744708970225624,8.622771434986086,817.8740594201322,1350.264701717947,63,4.69089921150952,1.0
18.499999999976303,4.789227015090806,6.794844842032451,507.8690807002451,1688.9333484004255,59,4.704258865735837,1.0
18.519999999975546,4.821271587564181,3.303130094656915,120.0173526445102,1856.5924353584223,55,4.717627734322012,1.0
18.53999999997479,4.83729483064735,4.095827158839494,184.53380126595926,1274.7154976040665,63,4.73100577119671,1.0
18.559999999974032,4.876591534125778,4.423010032132271,215.19319518776985,1020.3281246993121,58,4.7443929302885905,1.0
18.579999999973275,4.904678953581215,5.067244354744084,282.4466188575437,1220.8305634253582,62,4.757789165526314,1.0
18.599999999972518,4.893663524328661,5.468369088856704,328.9336654115985,1347.3121554482077,61,4.771194430838543,1.0
18.61999999997176,4.8718782600963095,3.6403072122370617,145.77020259411685,1002.1251082706685,64,4.78460868015394,1.0
18.639999999971003,4.850185099163618,1.8981293432073305,39.631845038991614,599.8106528508843,61,4.798031867401164,1.0
18.659999999970246,4.812934540405709,1.7882576066766356,35.17651794620534,947.8957054892732,59,4.811463946508878,1.0
18.67999999996949,4.779455051403246,2.791629855405538,85.72516974550699,1444.045065495187,56,4.824904871405743,1.0
18.699999999968732,4.752482164386915,3.0392348053861507,101.60643022497652,1672.0635645363784,59,4.8383545960204195,1.0
18.719999999967975,4.734070457345229,4.9569602394391215,270.28600296918387,2064.6837666920414,59,4.851813074281571,1.0
18.739999999967218,4.692490637492379,6.5241635462839795,468.21180976526824,2219.4600142852883,57,4.865280260117858,1.0
18.75999999996646,4.645810850948851,6.516667069655899,467.1364466641136,2114.8068612306306,55,4.878756107457942,1.0
18.779999999965703,4.63310663030973,3.826013254616085,161.02215166947767,2516.8751066915675,62,4.892240570230484,1.0
18.799999999964946,4.605191771501822,1.166600475804794,14.970523371627692,1658.011584893564,61,4.905733602364144,1.0
18.81999999996419,4.603575800103478,3.0664464213912344,103.43403020789418,1292.881089496842,60,4.919235157787587,1.0
18.83999999996343,4.57169711160751,4.876242648938493,261.55516608459357,1678.3675155791295,54,4.932745190429469,1.0
18.859999999962675,4.5475453708679385,4.535251150967185,226.25353302584097,1736.0896539749226,54,4.946263654218458,1.0
18.879999999961917,4.546660940429421,2.967133686862234,96.84270547283943,1360.3709396315542,52,4.959790503083212,1.0
18.89999999996116,4.557562275672315,1.5453611349620349,26.269551411962635,1116.021217465045,58,4.973325690952391,1.0
18.919999999960403,4.574916048080794,1.2958132144625731,18.47045075453409,1861.0352979875129,56,4.98686917175466,1.0
18.939999999959646,4.599058124082579,3.9462999311055142,171.30611460867726,2178.859059029158,57,5.0004208994186765,1.0
18.95999999995889,4.621253557413063,7.607791036706168,636.6633290400538,2241.564219808634,59,5.013980827873105,1.0
18.97999999995813,4.630483612918598,8.688462926531205,830.383268282779,2410.341562502768,58,5.027548911046607,1.0
18.999999999957375,4.644939688072317,9.338291211045803,959.2405101652481,2004.688543019316,57,5.04112510286784,1.0
19.019999999956617,4.676425665564995,6.797180631989836,508.21830998287516,1240.2695921505972,61,5.0547093572654695,1.0
19.03999999995586,4.722718071431348,2.9968671358119505,98.79333892680697,2628.360613731403,62,5.0683016281681565,1.0
19.059999999955103,4.711731844930124,1.6021247673367203,28.23484147125114,4401.144838745298,57,5.081901869504559,1.0
19.079999999954346,4.724070064076063,6.038825232325514,401.1415120522842,1754.4386824386297,62,5.0955100352033424,1.0
19.09999999995359,4.75477252920077,6.737579585527819,499.3447653845334,1810.9922927582877,64,5.109126079193167,1.0
19.11999999995283,4.756979022602776,7.749904114613468,660.6711516427304,1941.947808513744,63,5.122749955402693,1.0
19.139999999952074,4.708864611528783,6.892878766450767,522.6295545788664,1569.3654707295811,59,5.136381617760583,1.0
19.159999999951317,4.666452549922639,3.785340977357106,157.61686946344736,1647.3217829947225,55,5.1500210201954975,1.0
19.17999999995056,4.665133990523605,1.156149780112237,14.703505454589312,1184.6808368203383,58,5.163668116636099,1.0
19.199999999949803,4.669093195509544,0.5055395910548866,2.8112730593633612,1393.6190315061049,58,5.177322861011049,1.0
19.219999999949046,4.664731939195137,1.952651563720359,41.9413294222952,1093.6842183101455,59,5.190985207249007,1.0
19.23999999994829,4.65764342978132,5.312280043305922,310.42351184357005,1454.505656886528,58,5.204655109278637,1.0
19.25999999994753,4.630290103993431,8.603929233495338,814.3035808049524,2157.016525469344,58,5.218332521028598,1.0
19.279999999946774,4.623493499295895,8.563689216707196,806.7045030038182,2737.431514552464,58,5.232017396427554,1.0
19.299999999946017,4.65637439485609,8.386290567280934,773.6285642675169,3071.899146161227,61,5.245709689404164,1.0
19.31999999994526,4.702503803431424,6.100991952673643,409.443130872474,4880.253190129454,61,5.259409353887091,1.0
19.339999999944503,4.720242011573312,6.95782562672246,532.5247119706337,1929.8640396728192,57,5.273116343804994,1.0
19.359999999943746,4.7600419029864005,7.282843535162437,583.4379095342302,772.7154341950453,67,5.286830613086538,1.0
19.37999999994299,4.782702682705031,7.810460713843369,671.0362621873974,939.4876446468209,66,5.300552115660381,1.0
19.39999999994223,4.7697150621127955,7.022123870358462,542.4124601572393,800.8174844290579,69,5.314280805455188,1.0
19.419999999941474,4.728075265725799,5.16718289767534,293.69757007831373,1522.54214978194,66,5.328016636399617,1.0
19.439999999940717,4.71330968747954,2.783093351835548,85.20169465534347,1276.0730932728077,61,5.341759562422331,1.0
19.45999999993996,4.7151323632270215,1.672040971186792,30.75293110259998,1175.0908931040483,61,5.355509537451991,1.0
19.479999999939203,4.725401649045018,2.4491242981733823,65.9803081069359,422.2837962984606,66,5.3692665154172605,1.0
19.499999999938446,4.725382696608278,5.426392062256488,323.9030389465224,1391.4144933462796,66,5.383030450246798,1.0
19.51999999993769,4.70648921538552,8.654590111326604,823.9212299457946,2818.5534490616883,67,5.396801295869266,1.0
19.53999999993693,4.705118275147027,9.015697396252103,894.1107949486563,1781.8407349896447,69,5.410579006213325,1.0
19.559999999936174,4.748028765903027,8.293137407343941,756.5374086279613,1920.7464420625672,68,5.42436353520764,1.0
19.579999999935417,4.800541567718616,4.41492754047257,214.40743706385499,2767.934401217474,69,5.438154836780868,1.0
19.59999999993466,4.833554721143157,1.6208662531832856,28.899281517792648,2406.703497533176,69,5.4519528648616715,1.0
19.619999999933903,4.86953777939393,6.107446375981642,410.30991359040416,963.9081918529637,62,5.465757573378714,1.0
19.639999999933146,4.905820164809199,5.948504191507064,389.23172328014823,521.5681678841187,64,5.479568916260655,1.0
19.65999999993239,4.91481299788736,5.289381721398587,307.7531489413202,772.201176587968,66,5.493386847436156,1.0
19.67999999993163,4.902472712343616,3.5528989211756032,138.85399818499843,1961.3899017536426,62,5.507211320833879,1.0
19.699999999930874,4.898953848321282,2.4532922395135968,66.20507093703402,1824.605563775826,62,5.521042290382487,1.0
19.719999999930117,4.906031022079774,2.18305288116301,52.42291870149531,2236.7644841948136,62,5.534879710010637,1.0
19.73999999992936,4.907461552248869,2.671490751963863,78.50549121611292,915.1272787097218,57,5.548723533646996,1.0
19.759999999928603,4.90143846901912,5.309977954929395,310.1545247001977,953.7283917483846,60,5.562573715220221,1.0
19.779999999927846,4.8946815004928155,9.093900970573504,909.6893834885749,2568.3894327483154,61,5.576430208658976,1.0
19.79999999992709,4.8943807607451975,11.25439846386543,1393.276332618022,2161.9776956485152,61,5.59029296789192,1.0
19.81999999992633,4.913900685072383,9.29890708753128,951.1664032479341,1005.9121974055741,61,5.604161946847716,1.0
19.839999999925574,4.959092629040677,5.460807833423873,328.02464412941885,2049.800500263805,64,5.618037099455026,1.0
19.859999999924817,5.001633610833526,1.691013569210896,31.454795803809116,1540.0080758978056,67,5.63191837964251,1.0
19.87999999992406,5.028564598921675,3.9841352947962263,174.60667451965114,1117.524697046603,68,5.6458057413388305,1.0
19.899999999923303,5.039020343764117,5.458994625115823,327.80684548747786,803.9960120941537,60,5.6596991384726465,1.0
19.919999999922545,5.020189106238214,5.580946780239133,342.616636602477,1771.7366610277363,62,5.673598524972625,1.0
19.93999999992179,5.012977893589678,4.463872783951472,219.1877625443293,1035.1283976067928,63,5.68750385476742,1.0
19.95999999992103,5.038872936557361,3.2414894304788624,115.57979100696798,1095.8629748444525,62,5.701415081785699,1.0
19.979999999920274,5.079579963194784,2.9792312306643014,97.6340059834208,1988.4494982284534,61,5.71533215995612,1.0
19.999999999919517,5.113328600716656,3.787210049859526,157.77255957932692,2399.742979092935,63,5.729255043207347,1.0
20.01999999991876,5.155311757202882,7.6530949773667025,644.2684900585499,3340.1440509853583,61,5.74318368546804,1.0
20.039999999918003,5.198821747342216,8.832396450753526,858.1234976961183,3280.211127919006,64,5.7571180406668585,1.0
20.059999999917245,5.229677642715095,10.298710912377349,1166.697911023923,2124.8154398848083,60,5.771058062732467,1.0
20.079999999916488,5.257771065582583,7.255038502728888,578.9914204368648,2227.464605771551,65,5.785003705593526,1.0
20.09999999991573,5.288380740494272,3.1127210743805094,106.57935735581808,2103.220371776694,65,5.798954923178697,1.0
20.119999999914974,5.290669628278169,5.082745478522399,284.1773175938387,1496.938700864779,64,5.81291166941664,1.0
20.139999999914217,5.256075596617029,7.239039914644158,576.4406877439243,1368.6724993794965,61,5.826873898236016,1.0
20.15999999991346,5.213615127878346,6.258362356557686,430.83809324576094,1701.436969901504,60,5.8408415635654904,1.0
20.179999999912702,5.214139647651935,4.252186281918417,198.89196993748686,1180.4478400208343,61,5.854814619333723,1.0
20.199999999911945,5.240646613524611,1.6235567098509445,28.995300291122266,1428.100977290128,61,5.868793019469371,1.0
20.219999999911188,5.288102206860778,0.7070439156575365,5.499022085351759,3170.525111474649,63,5.882776717901102,1.0
20.23999999991043,5.32731307257295,4.280575119531715,201.5565568934935,4400.571976906928,61,5.896765668557572,1.0
20.259999999909674,5.375552780222221,8.137930518211409,728.4850443116027,4640.942711045946,63,5.910759825367446,1.0
20.279999999908917,5.416438967224645,11.358353030391887,1419.1340191931383,3902.7095634700704,64,5.924759142259385,1.0
20.29999999990816,5.446973492814129,11.025671199237491,1337.2196793306462,2142.3491845563167,63,5.938763573162052,1.0
20.319999999907402,5.474637418140719,6.8068772255580585,509.6693532020307,960.5332769847283,66,5.952773072004103,1.0
20.339999999906645,5.509126182449558,2.536734940860908,70.78526576203053,835.4274635328491,67,5.966787592714203,1.0
20.359999999905888,5.521602846112523,3.5267025114157895,136.8139366442908,1520.9021064193264,69,5.980807089221013,1.0
20.37999999990513,5.512604789366234,6.201228959710034,423.00764671821025,1665.6694726183746,67,5.994831515453195,1.0
20.399999999904374,5.483756506621808,6.405913618182403,451.3930221197624,1648.6540589232561,67,6.0088608253394105,1.0
20.419999999903617,5.49025812254093,4.3490226522272595,208.0539783254441,1265.8055496681598,66,6.022894972808317,1.0
20.43999999990286,5.516981752191336,2.8280151428831775,87.97436613214215,1453.355740673457,66,6.0369339117885845,1.0
20.459999999902102,5.548059797957515,2.8122103405671135,86.99379699551861,3463.9403089420903,67,6.050977596208868,1.0
20.479999999901345,5.573848696310572,6.203019481497427,423.2519575662027,3695.435164543595,67,6.065025979997826,1.0
20.499999999900588,5.6092423984641835,8.043955994807336,711.7575085103656,4012.620320396136,66,6.079079017084128,1.0
20.51999999989983,5.640942756636696,10.721756902261983,1264.5167817832273,3026.9175011830084,65,6.093136661396431,1.0
20.539999999899074,5.661934261109728,9.29068409810549,949.4849211186926,1245.3839707168754,67,6.107198866863395,1.0
20.559999999898317,5.691904246980521,5.890643231009242,381.69645442538496,1600.4680668891776,70,6.121265587413683,1.0
20.57999999989756,5.6951672433542,7.470934231835526,613.9634412605307,2279.0804803188903,68,6.135336776975957,1.0
20.599999999896802,5.656019506124942,9.988109786871362,1097.3857082605505,2117.5150541601765,67,6.149412389478879,1.0
20.619999999896045,5.639795944723441,9.427504901069623,977.6563352566094,1878.7118987518634,61,6.16349237885111,1.0
20.639999999895288,5.6764364533377965,6.667379009185596,488.9933713734157,1252.2457788861948,64,6.177576699021309,1.0
20.65999999989453,5.730460840488012,2.352404137000987,60.87185746157294,503.40724802809603,65,6.191665303918141,1.0
20.679999999893774,5.803428823495253,0.06446992853421935,0.04572008853728085,1646.9230582850187,65,6.205758147470266,1.0
20.699999999893016,5.853421981672954,0.803461951054177,7.1010621747096305,3166.325603376327,65,6.219855183606344,1.0
20.71999999989226,5.8940634382255706,8.115131082659435,724.4088773761981,3517.1431386749114,67,6.233956366255037,1.0
20.739999999891502,5.9332476411358765,9.215685780027794,934.2175083582714,4900.558892521655,69,6.248061649345008,1.0
20.759999999890745,5.968002120693606,11.746339169665045,1517.7413227768805,3487.688125541682,64,6.262170986804916,1.0
20.779999999889988,6.008031567038602,8.156604714424905,731.8322051411643,2222.2599825397997,68,6.276284332563427,1.0
20.79999999988923,6.004574987501772,9.730178407395913,1041.4400902372904,2496.4063358879907,69,6.290401640549196,1.0
20.819999999888473,5.984160411200602,9.108932878576706,912.6992400505728,1789.514625354866,65,6.304522864690889,1.0
20.839999999887716,5.989277204764595,6.838567111813289,514.4260015705178,1496.8421907812165,67,6.3186479589171665,1.0
20.85999999988696,6.029472128157494,2.4523578487730466,66.15464920282642,588.1743505977569,66,6.332776877156689,1.0
20.879999999886202,6.072791407859499,-1.540422388714669,26.101912492187477,973.3755457857055,66,6.346909573338118,1.0
20.899999999885445,6.080538750319346,-1.635401918339845,29.419933779606094,3950.3217505506045,64,6.3610460013901164,1.0
20.919999999884688,6.04410972034556,3.7938387716105355,158.32533887472871,5642.5026873511615,63,6.375186115241343,1.0
20.93999999988393,6.044533658082171,6.884697233538915,521.3896159724824,9682.548645361494,62,6.389329868820461,1.0
20.959999999883173,6.066374836527943,11.425555200599078,1435.976428061303,8482.266366239372,63,6.403477216056133,1.0
20.979999999882416,6.108359157503,11.797019605536143,1530.8663873074452,6544.485117740619,61,6.417628110877017,1.0
20.99999999988166,6.12714892701198,10.798500938906399,1282.6838478031862,3924.976756627197,63,6.4317825072117785,1.0
21.019999999880902,6.107800416036776,12.005135677183809,1585.356108903507,1888.177095852984,58,6.445940358989074,1.0
21.039999999880145,6.111222840664901,9.393774264906964,970.6729443403121,1042.3618925764931,55,6.4601016201375705,1.0
21.059999999879388,6.166227598152393,4.967942093790279,271.4849351197868,546.6449528438258,60,6.474266244585926,1.0
21.07999999987863,6.237445423230231,0.7126589968858317,5.586711304265518,427.4160974500193,62,6.488434186262801,1.0
21.099999999877873,6.284368979742357,-1.2032748260253674,15.92657337641016,1244.4878672875159,63,6.502605399096861,1.0
21.119999999877116,6.2818321597227085,0.13320065334227196,0.19516655455888915,2968.4585825503927,58,6.516779837016764,1.0
21.13999999987636,6.2740972677541995,6.4024359860032005,450.90305210355655,8014.862807764322,65,6.530957453951172,1.0
21.159999999875602,6.274899766380588,7.6506920000345895,643.8639688733259,9562.709150254712,64,6.5451382038287464,1.0
21.179999999874845,6.32031895072707,9.166551212007109,924.2822723458389,9211.834023071224,60,6.559322040578149,1.0
21.199999999874088,6.365210614960304,9.495137942095436,991.7340899336239,6330.39701303303,57,6.5735089181280415,1.0
21.21999999987333,6.373696188004319,12.891925058877739,1828.2190489609175,3756.1932721993057,59,6.587698790407084,1.0
21.239999999872573,6.3688813043126355,10.8103652175396,1285.5039575024898,2519.8128511065265,55,6.601891611343938,1.0
21.259999999871816,6.409094633949802,6.539990413005414,470.48622062423004,1643.8685232543128,54,6.616087334867269,1.0
21.27999999987106,6.471510335009601,1.219140743021567,16.349345664246965,1548.5233776936736,56,6.630285914905734,1.0
21.299999999870302,6.50487006229807,-1.8908189847654853,39.327160764645384,2368.2729975767265,58,6.644487305387995,1.0
21.319999999869545,6.454484380759491,-0.5326295607979777,3.1206367393943135,4740.977723972037,57,6.658691460242716,1.0
21.339999999868787,6.40325799596484,4.31978766808948,205.2662204711574,9507.269773039534,62,6.672898333398555,1.0
21.35999999986803,6.394817092316303,8.65962742724881,824.8806189663582,10645.920116547299,62,6.6871078787841745,1.0
21.379999999867273,6.434896868397588,10.106202546047207,1123.4886289190415,11728.897702482209,62,6.701320050328236,1.0
21.399999999866516,6.468899483951388,15.737323122083756,2724.296729537592,7966.188311853092,59,6.715534801959401,1.0
21.41999999986576,6.471709162487184,18.540918365555033,3781.422192219935,2360.4147625220266,55,6.729752087606332,1.0
21.439999999865,6.525884525538699,15.650482631664314,2694.31367264429,551.6808316660965,52,6.743971861197691,1.0
21.459999999864245,6.62019179115054,9.895585554911545,1077.1487482203142,753.5309265546813,56,6.758194076662136,1.0
21.479999999863487,6.72106144162926,2.368434884420074,61.70432181911723,1916.9750049128108,60,6.772418687928332,1.0
21.49999999986273,6.755122945194223,-1.476240400621679,23.972142924704205,2250.832154076381,53,6.786645648924938,1.0
21.519999999861973,6.6733345941835704,-10.054248678574647,1111.9670813968203,2576.3087455057234,52,6.800874913580616,1.0
21.539999999861216,6.519612558987695,-6.2314678993160655,427.1431139822724,8513.699283571465,58,6.815106435824027,1.0
21.55999999986046,6.398934010756689,-0.3592746175241295,1.4198607587682048,17231.882298317923,60,6.829340169583833,1.0
21.5799999998597,6.4034814009071965,2.3451277675528734,60.49586670762277,24333.2606301333,60,6.843576068788697,1.0
21.599999999858944,6.4992147194376235,22.313538923634813,5476.834212262224,20490.720988370093,60,6.857814087367279,1.0
21.619999999858187,6.625782402786099,27.844469865392398,8528.459522932199,1413.063881983926,66,6.872054179248239,1.0
21.63999999985743,6.705828139591807,19.083957692224974,4006.17185318496,2756.4570234011762,61,6.886296298360241,1.0
21.659999999856673,6.768790853119957,8.048358323772264,712.5367887861772,2173.775632708359,59,6.900540398631944,1.0
21.679999999855916,6.742279159418389,-7.830583184853495,674.4983631640133,2706.9066584152492,51,6.9147864339920115,1.0
21.69999999985516,6.57888899246657,-16.53066438772244,3005.891516094664,3772.9150408277715,44,6.929034358369103,1.0
21.7199999998544,6.198173149713816,-15.655799014887684,2696.14447074014,11217.01383203712,50,6.943284125691882,1.0
21.739999999853644,5.6544074080678755,-15.40882371039171,2611.750329517227,19817.89927207903,54,6.957535689889007,1.0
21.759999999852887,5.373854409063822,-9.562575449294522,1005.8713414579537,19286.1454232015,56,6.9717890048891435,1.0
21.77999999985213,5.4050481707554425,19.476541218607235,4172.692236241172,15999.733370129054,57,6.9860440246209485,1.0
21.799999999851373,5.539569177497478,31.26700332236539,10753.880464368893,6702.298073565612,61,7.000300703013086,1.0
21.819999999850616,5.661819937411598,26.30097072089757,7609.151669476624,812.9664368004,61,7.0145589939942194,1.0
21.83999999984986,5.748310673922659,14.501886773476107,2313.351919897934,255.8064309351681,58,7.0288188514930035,1.0
21.8599999998491,5.809850613722041,6.125967001883651,412.80218878984095,292.72700616265433,62,7.043080229438108,1.0
21.879999999848344,5.856040208117253,0.9275050247634221,9.462921280575358,434.45014287209847,63,7.057343081758189,1.0
21.899999999847587,5.882316738308263,-1.1102475961351745,13.55914697196327,579.9855549621581,61,7.071607362381908,1.0
21.91999999984683,5.911008475617287,1.5638946316984095,26.903430609606144,2102.589620496302,66,7.085873025237929,1.0
21.939999999846073,5.8559325616578235,3.064407441682359,103.2965226550204,1975.4874988207107,65,7.1001400242549115,1.0
21.959999999845316,5.686134070274087,-0.23986314668658082,0.63287762052227,2278.1414064460737,61,7.114408313361516,1.0
21.97999999984456,5.598077065708961,-5.631514191503521,348.8534729801611,4853.879651671766,61,7.128677846486408,1.0
21.9999999998438,5.5725172962020295,-10.419031646550787,1194.1184249700946,7634.021465745466,60,7.1429485775582435,1.0
22.019999999843044,5.550352242085988,-2.44945171526893,65.99795075977295,10543.015363362038,58,7.157220460505689,1.0
22.039999999842287,5.457839486182774,1.9253066047325549,40.77486074449478,16007.598979105578,62,7.171493449257402,1.0
22.05999999984153,5.498459448432446,20.668621660701636,4699.111134885473,15981.37158541987,58,7.185767497742047,1.0
22.079999999840773,5.632003053643515,21.905216793429044,5278.223750438384,2688.0296621214943,67,7.200042559888283,1.0
22.099999999840016,5.718339552041261,11.197809230604982,1379.3002472152434,788.076505416642,57,7.214318589624773,1.0
22.11999999983926,5.685708430056249,-1.9824239754790118,43.23005300409411,1752.2809828320292,59,7.228595540880176,1.0
22.1399999998385,5.503719543268992,-4.635935029062647,236.410829530591,7704.627922774845,60,7.242873367583156,1.0
22.159999999837744,5.203789770651848,-4.387731312355721,211.77404676369545,19253.63712846801,62,7.257152023662373,1.0
22.179999999836987,5.100152592467925,6.799029885770913,508.49488126366634,24869.693141679014,61,7.27143146304649,1.0
22.19999999983623,5.199732000985926,25.22509239757693,6999.358151129228,12134.985929923314,57,7.285711639664168,1.0
22.219999999835473,5.3027455322714365,14.067441604488348,2176.822046252587,363.5068757998722,68,7.299992507444065,1.0
22.239999999834716,5.355213941807641,13.6868167291354,2060.618473946347,50.478513907999826,70,7.3142740203148495,1.0
22.25999999983396,5.395988895331625,12.248248584001136,1650.2155271303438,55.21061451501889,70,7.328556132205176,1.0
22.2799999998332,5.419403612381267,9.647143162682557,1023.7410832142209,125.86990814303739,70,7.342838797043709,1.0
22.299999999832444,5.398045468067206,4.554213166932139,228.1494332684387,1177.4512630958168,67,7.357121968759108,1.0
22.319999999831687,5.336867925050154,0.1956452229494406,0.4210475858922995,455.6333582931574,62,7.371405601280038,1.0
22.33999999983093,5.231177220698191,-3.180251099312474,111.25396760146019,772.8491193726653,66,7.385689648535157,1.0
22.359999999830173,5.198120762394663,0.7033247470333137,5.441322697684222,1051.501841977979,65,7.399974064453129,1.0
22.379999999829415,5.163770635525636,8.092443414976186,720.3640446705058,1951.8182451973319,67,7.414258802962613,1.0
22.39999999982866,5.176029304556695,10.397858493655871,1189.270073795007,1456.1759924708313,68,7.428543817992274,1.0
22.4199999998279,5.2631036890792835,10.129047178425186,1128.5735641703955,782.6606771761734,63,7.442829063470769,1.0
22.439999999827144,5.349840807981927,4.176199895609829,191.84710124900707,978.490008720312,67,7.457114493326761,1.0
22.459999999826387,5.406847938294993,-0.09868272929793541,0.10712109167858559,3586.3071915152896,61,7.471400061488912,1.0
22.47999999982563,5.444414897633039,4.415004986302636,214.4149593198485,3198.3845407510207,59,7.4856857218858845,1.0
22.499999999824873,5.496959800486184,9.557890072662282,1004.8858890520582,3022.811764184181,69,7.499971428446337,1.0
22.519999999824115,5.538122348078566,11.851534034956227,1545.047448798984,637.698928900298,65,7.514257135098932,1.0
22.539999999823358,5.549494239042677,9.65540321299684,1025.4949232610466,442.5590682253987,67,7.528542795772336,1.0
22.5599999998226,5.5431070345764075,7.447676269813058,610.146700019302,2020.1407113809744,65,7.542828364395203,1.0
22.579999999821844,5.540862053718619,3.9961024729098042,175.65718471395436,1935.7995968034397,66,7.557113794896196,1.0
22.599999999821087,5.546311160030419,3.7438761705043806,154.18269658077602,2032.5872996370533,64,7.57139904120398,1.0
22.61999999982033,5.560507201087056,4.9711943518057184,271.84050611767583,2411.5448128898342,65,7.585684057247212,1.0
22.639999999819572,5.536904749901932,7.940940066956305,693.643820616912,3094.7670211508043,65,7.599968796954554,1.0
22.659999999818815,5.502958070283029,8.840272772258693,859.6546495673224,2589.515363159288,67,7.614253214254677,1.0
22.679999999818058,5.508729436005206,5.810764336733631,371.4148039476098,1722.1193981816125,67,7.628537263076227,1.0
22.6999999998173,5.516621247431317,3.170160693757315,110.54910706668245,1553.0741750522934,70,7.642820897347874,1.0
22.719999999816544,5.487226135476308,7.112315061388985,556.4352808570667,1692.9051741683795,68,7.657104070998279,1.0
22.739999999815787,5.454925170648112,8.80587375238423,852.9775379722247,482.6125915766075,68,7.671386737956101,1.0
22.75999999981503,5.467359808667076,7.726316285025913,656.6555966988228,367.72421235641826,68,7.685668852150005,1.0
22.779999999814272,5.4999084559761275,5.983065847278447,393.7678462615674,517.5740478117679,67,7.699950367508654,1.0
22.799999999813515,5.5226510304185155,4.0263706837809785,178.32826971531995,1470.4099360338107,69,7.7142312379607025,1.0
22.819999999812758,5.537722896863042,3.8521437906764513,163.22912962451852,1095.8224696164148,67,7.728511417434812,1.0
22.839999999812,5.563809188292449,5.24588420563961,302.71231208877043,341.3517822411421,68,7.742790859859654,1.0
22.859999999811244,5.558279378534262,7.094471470711378,553.6467799361143,255.0038382601218,68,7.757069519163878,1.0
22.879999999810487,5.549945229413006,6.95203820955737,531.639187938602,412.4496692539145,70,7.771347349276151,1.0
22.89999999980973,5.588329507161251,3.850560550148412,163.09498205395164,2494.5455654471807,70,7.785624304125135,1.0
22.919999999808972,5.60492081812023,3.201827284708561,112.76867757214615,3012.0180259103568,67,7.799900337639492,1.0
22.939999999808215,5.606763853772989,7.586864479043923,633.1656388571625,514.7562283015263,69,7.814175403747878,1.0
22.959999999807458,5.609595217165411,9.201636138477715,931.3711838743299,1830.334718364657,67,7.828449456378962,1.0
22.9799999998067,5.577778045799469,7.632535489526017,640.8115779876157,1268.2909973289136,65,7.842722449461402,1.0
22.999999999805944,5.6065552086540595,4.961273246970937,270.75655454220504,572.7708293029444,65,7.856994336923856,1.0
23.019999999805187,5.654599863333749,2.814080007849906,87.10950919638582,759.581591164041,62,7.87126507269499,1.0
23.03999999980443,5.674898607228314,1.9388023905923975,41.34850180743475,450.2401710652808,66,7.885534610703465,1.0
23.059999999803672,5.676287430985873,5.025953655716984,277.8623116435641,373.50617054073933,66,7.899802904877939,1.0
23.079999999802915,5.701207736396076,8.780490551295696,848.0671575353228,902.3606398557264,68,7.914069909147075,1.0
23.099999999802158,5.722096376601957,9.829293479522118,1062.7651133723364,907.4012286690463,68,7.928335577439541,1.0
23.1199999998014,5.741054712216434,6.710750623825669,495.3759132869427,1048.8391323927788,68,7.942599863683987,1.0
23.139999999800644,5.746594911278523,4.509781174549114,223.71938866549345,106.85270689459605,71,7.956862721809081,1.0
23.159999999799886,5.717961708355648,6.708770651992724,495.08364027142767,147.06650074997313,73,7.9711241057434865,1.0
23.17999999979913,5.680989037133175,8.299532267265414,757.7045944091777,304.2141276027263,74,7.9853839694158575,1.0
23.199999999798372,5.629374971392587,6.465655199335938,459.8516687236983,643.4402035137437,74,7.9996422667548615,1.0
23.219999999797615,5.634077753979263,3.692659301176305,149.99305986020266,731.9329376558924,72,8.013898951689159,1.0
23.239999999796858,5.6653373890819925,1.4529646986044065,23.222170569296534,919.3152340229126,71,8.028153978147412,1.0
23.2599999997961,5.643433353838842,0.1929855408136516,0.4096776085945135,1320.4480164701984,69,8.042407300058278,1.0
23.279999999795344,5.619358504055109,1.526030330992685,25.61645428220608,712.1769045050104,70,8.056658871350418,1.0
23.299999999794586,5.607986825059837,5.079818146200768,283.8500763831767,1015.5562233659514,71,8.070908645952501,1.0
23.31999999979383,5.527569243864212,7.0295385876777665,543.558540312158,2105.192837254173,70,8.085156577793184,1.0
23.339999999793072,5.476006403420585,3.158187328898661,109.71561924857666,2195.115108807991,68,8.099402620801122,1.0
23.359999999792315,5.524430283064537,-1.4459920268929713,22.99982236021848,4244.0391189583215,71,8.11364672890499,1.0
23.379999999791558,5.547481430166231,6.468271876355431,460.2239517309568,5498.465974065008,73,8.12788885603344,1.0
23.3999999997908,5.586270563937292,9.579461931875002,1009.4269999466658,3154.3297345801166,70,8.142128956115135,1.0
23.419999999790043,5.600098174659324,9.45382437634771,983.1227487270878,1518.05744766476,67,8.156366983078737,1.0
23.439999999789286,5.563994636870503,6.834204029691857,513.7697919140205,1341.3120994963322,64,8.170602890852905,1.0
23.45999999978853,5.555665374829087,3.215592111302508,113.74035888898014,1924.0803955164483,65,8.184836633366306,1.0
23.479999999787772,5.55786988440788,1.6854362286885587,31.247648090735026,2120.152087424927,64,8.199068164547596,1.0
23.499999999787015,5.559203284181598,4.004352960892003,176.38326898945007,1433.351692136469,64,8.213297438325437,1.0
23.519999999786258,5.604811303348039,10.186047778883118,1141.3112628905867,3451.9253083896265,64,8.227524408628495,1.0
23.5399999997855,5.635191523620428,10.640679258246768,1245.4646058457129,3475.1311575860914,65,8.241749029385431,1.0
23.559999999784743,5.671311281648805,10.003631513413524,1100.7990780177618,1194.081896761196,66,8.255971254524896,1.0
23.579999999783986,5.729842909967321,4.486265587975107,221.392368184346,3694.3617111128347,65,8.270191037975565,1.0
23.59999999978323,5.7442456775888955,3.5536967502477532,138.91636651993585,791.9508321695017,67,8.284408333666093,1.0
23.619999999782472,5.750882645995038,7.145637399887147,561.6614723573255,324.20294426753713,65,8.29862309552514,1.0
23.639999999781715,5.7108555354881645,8.071419705732296,716.62597672692,1810.615820211383,65,8.31283527748137,1.0
23.659999999780958,5.672406801553703,5.903588845592107,383.375973835795,1047.5768435445418,64,8.327044833463443,1.0
23.6799999997802,5.691535451602573,3.00676068649675,99.44670808448649,1300.5794494255554,67,8.341251717400024,1.0
23.699999999779443,5.705028083683425,0.7071976132268344,5.501413105691044,2083.127823757202,66,8.35545588321977,1.0
23.719999999778686,5.696107542631805,2.801264943668032,86.31793813085808,3378.050052948674,66,8.36965728485134,1.0
23.73999999977793,5.720871112094179,5.3935476037415615,319.99391329208976,2695.5757510357857,68,8.383855876223405,1.0
23.759999999777172,5.736450980206868,7.5595807088274105,628.6198654260309,2427.832291073459,68,8.398051611264622,1.0
23.779999999776415,5.728263329829833,8.545342431949566,803.251650072055,1829.0183836857138,68,8.412244443903647,1.0
23.799999999775657,5.754512872087994,5.843346467772179,375.59167736668155,3407.7079078098354,68,8.42643432806915,1.0
23.8199999997749,5.790581075631169,8.892825385336542,869.9057766749461,4211.307472741695,69,8.440621217689785,1.0
23.839999999774143,5.828065454063872,13.741423227048024,2077.0938353534043,3187.0319937577437,66,8.454805066694217,1.0
23.859999999773386,5.830419604443005,11.019583252433975,1335.7433656305568,2257.0928499047764,68,8.468985829011107,1.0
23.87999999977263,5.859684906178135,7.676016088162913,648.1334528430946,1523.7238939976662,65,8.483163458569118,1.0
23.89999999977187,5.9228456468218145,3.745730639384588,154.33547825106922,860.401361240437,64,8.497337909296906,1.0
23.919999999771115,5.980699432709821,2.0472949763126063,46.10558392038318,1589.03272885424,68,8.511509135123143,1.0
23.939999999770357,6.011268395509854,3.0488113034400515,102.24775400382208,1483.8223969777316,69,8.525677089976476,1.0
23.9599999997696,6.03771765391457,7.1933173947727695,569.1819665613455,2456.8123922885206,70,8.53984172778558,1.0
23.979999999768843,6.06317049378987,12.294585137839046,1662.7250608273005,890.3423426682745,70,8.55400300247911,1.0
23.999999999768086,6.111306690127239,10.212793056352838,1147.3125621307763,1732.7925613404996,72,8.568160867985725,1.0
24.01999999976733,6.186408843814363,5.557757424017885,339.7753434264851,2246.826672437791,74,8.582315278234091,1.0
24.03999999976657,6.206211091343244,7.363632459319772,596.4539129554253,45.6812952427274,71,8.596466187152869,1.0
24.059999999765814,6.18552572575112,8.144417900998379,729.6469724071312,18.331629984705945,74,8.610613548670717,1.0
24.079999999765057,6.17191279172324,5.85734622920219,377.3935533362403,71.60348571131625,71,8.624757316716297,1.0
24.0999999997643,6.208069670346435,2.8750130351669783,90.92269947618045,340.08656282586736,71,8.638897445218275,1.0
24.119999999763543,6.238473021818735,0.7764967336058157,6.632418950305513,1057.8469282989975,71,8.653033888105309,1.0
24.139999999762786,6.245483945996885,2.7153384807202596,81.10369371368229,4022.895005862035,73,8.667166599306059,1.0
24.15999999976203,6.253548475391451,4.943716606197388,268.84367270631,2369.5996354585814,71,8.68129553274919,1.0
24.17999999976127,6.276391949886374,8.458053654973845,786.9253879345807,2394.8998727051794,72,8.695420642363363,1.0
24.199999999760514,6.286407554761714,9.301251215143628,951.6460158393189,1735.4770993319448,73,8.709541882077236,1.0
24.219999999759757,6.302781094809358,6.4258070032382495,454.20095207152303,2335.830241609923,71,8.723659205819473,1.0
24.239999999759,6.271536245292598,10.28299854299672,1163.1406493879995,1276.7044636744458,72,8.737772567518736,1.0
24.259999999758243,6.237747864487606,11.814539600064434,1535.4168055763973,1794.4256270059782,67,8.751881921103685,1.0
24.279999999757486,6.2755963921173015,10.18440555633467,1140.9432818949056,514.4574050198928,70,8.76598722050298,1.0
24.29999999975673,6.351196453515594,4.287991235683681,202.2555572103007,797.5708515325946,70,8.780088419645285,1.0
24.31999999975597,6.436775278701918,0.7897185460729843,6.860209202127911,990.1767708204121,68,8.794185472459262,1.0
24.339999999755214,6.456717847218178,1.8384842412146305,37.18026735713989,2031.2284727803944,64,8.808278332873568,1.0
24.359999999754457,6.458655671297749,3.3697833223291638,124.90983603392554,2597.5766716438443,66,8.82236695481687,1.0
24.3799999997537,6.462562056250983,7.491782049400006,617.3947810328336,3076.4985067265857,70,8.836451292217825,1.0
24.399999999752943,6.445681710415542,9.67337398304482,1029.3158063743326,3287.3870614905086,70,8.850531299005095,1.0
24.419999999752186,6.484185246915942,6.346025088804497,442.99237870509734,4188.479175523633,71,8.864606929107348,1.0
24.43999999975143,6.49420051263838,8.227943496511795,744.6895959996982,2841.201372586629,70,8.878678136453239,1.0
24.45999999975067,6.502275823709681,8.979304476848519,886.9069977674703,2427.5628040476918,69,8.892744874971427,1.0
24.479999999749914,6.514755585893523,4.582451153069553,230.98744427295327,1231.5466064663146,68,8.906807098590576,1.0
24.499999999749157,6.5468545852322215,0.181330510268787,0.3616882934977253,1625.6834413231497,68,8.920864761239354,1.0
24.5199999997484,6.522471170442933,-1.2350385528314198,16.778522496779207,3876.7593020284194,68,8.934917816846413,1.0
24.539999999747643,6.460539057397822,3.8518606800623623,163.20513768471534,3230.964043262572,66,8.948966219340418,1.0
24.559999999746886,6.427720453181996,6.193312841439121,421.9283634712819,3222.9048996092197,68,8.963009922650034,1.0
24.57999999974613,6.432048014679053,11.420756895296044,1434.7705686759734,4469.396616934306,68,8.977048880703915,1.0
24.59999999974537,6.436678164637248,12.626905145031271,1753.826068957789,3980.5629085288406,67,8.991083047430728,1.0
24.619999999744614,6.436678890657141,11.755777723478726,1520.1814087222251,3421.0820717199754,70,9.005112376759133,1.0
24.639999999743857,6.403416144139288,12.944666666346818,1843.2083461311345,2609.900525759923,68,9.019136822617792,1.0
24.6599999997431,6.437879433661324,14.134465280767657,2197.6141965054894,2461.056390410752,57,9.033156338935362,1.0
24.679999999742343,6.515679604503968,9.82985790682734,1062.887171152576,1087.5549011732082,58,9.047170879640515,1.0
24.699999999741586,6.617097089321978,6.282092838277016,434.1115947160452,1234.3564386574503,61,9.0611803986619,1.0
24.71999999974083,6.697718184085758,5.23878292252342,301.8933116025533,2479.192260717386,58,9.075184849928185,1.0
24.73999999974007,6.731152002396362,2.5558849935570875,71.85802910319345,2179.980183650522,57,9.089184187368032,1.0
24.759999999739314,6.7600262083811975,8.116732119239789,724.6947432504871,3131.4518164592464,63,9.103178364910098,1.0
24.779999999738557,6.765616196823437,9.372018921692291,966.1821253541416,3030.0437289067186,67,9.117167336483048,1.0
24.7999999997378,6.784723915394911,7.240015636517492,576.5960905871956,1752.8588395377546,65,9.131151056015547,1.0
24.819999999737043,6.784879726362234,6.184205622723128,420.6883910253238,1753.7738352132867,62,9.145129477436244,1.0
24.839999999736285,6.764184865964724,7.104998329412701,555.2910138705299,1246.4577726075267,64,9.159102554673813,1.0
24.85999999973553,6.789656118332064,3.963200153732051,172.7765100439593,751.8025203908434,63,9.173070241656912,1.0
24.87999999973477,6.8560737777267695,0.08430780098599341,0.07818585837803259,1812.0893142343127,62,9.1870324923142,1.0
24.899999999734014,6.901872324787147,-0.9189329961991827,9.288816366539677,3651.1386754827886,54,9.20098926057434,1.0
24.919999999733257,6.80514635000789,-0.43253395990757454,2.0579418912066,5513.655583032169,49,9.21494050036599,1.0
24.9399999997325,6.616866117914931,-1.6509423338004787,29.981716484880288,7173.079180320804,57,9.22888616561782,1.0
24.959999999731743,6.525240861057847,2.01720588049784,44.76031520746573,7953.947902655699,58,9.242826210258483,1.0
24.979999999730985,6.523829032295192,5.19263908553302,296.59850739865715,11304.644443936113,59,9.256760588216641,1.0
24.99999999973023,6.504548942525295,14.929614249461643,2451.8271980150093,13493.958748604433,58,9.270689253420963,1.0
25.01999999972947,6.53439807710828,24.40762278891288,6553.052552264454,7044.587677530004,49,9.284612159800101,1.0
25.039999999728714,6.625753175469454,19.929638104995025,4369.095224956766,2905.6778854025947,56,9.298529261282722,1.0
25.059999999727957,6.720639313734694,11.012351071932704,1333.9906374464713,1035.89913870404,58,9.312440511797487,1.0
25.0799999997272,6.832449819802737,10.572056291366291,1229.4521165059932,3016.6916770249686,57,9.326345865273057,1.0
25.099999999726442,6.866115751905197,-1.0036264356229143,11.079926245092715,1885.5019158686048,59,9.340245275638088,1.0
25.119999999725685,6.808744650217606,-9.143618569371451,919.6633659636987,2227.4602306025677,59,9.35413869682125,1.0
25.139999999724928,6.748576452180286,-0.1435952302821728,0.2268154917576926,5246.7144453643,59,9.368026082751204,1.0
25.15999999972417,6.6741651211296915,2.041462339620388,45.84325332497183,9662.713925217546,60,9.3819073873566,1.0
25.179999999723414,6.716967993352409,3.04344571659966,101.88818012877698,10323.908015671863,64,9.395782564566113,1.0
25.199999999722657,6.79810807722481,9.335922006296348,958.7538367841328,8243.75953128699,61,9.4096515683084,1.0
25.2199999997219,6.881136890482576,11.81674786829231,1535.9908320106995,5466.187930186383,58,9.423514352512118,1.0
25.239999999721142,6.903849584330285,8.074072401910714,717.0970966642586,3381.2090496393403,58,9.437370871105935,1.0
25.259999999720385,6.873994820406851,4.004834062062565,176.42565451122198,2798.540346789665,53,9.451221078018508,1.0
25.279999999719628,6.6972117295188855,1.855197207073305,37.859323448458504,3587.5010605842294,56,9.465064927178497,1.0
25.29999999971887,6.389006515607356,-2.1075050414087864,48.85735249519796,6178.386718933881,54,9.478902372514566,1.0
25.319999999718114,6.159737402478313,-1.3797262376674366,20.940089399987336,8212.686422842755,55,9.49273336795538,1.0
25.339999999717357,6.018874265861864,1.1187656576603027,13.768002564360986,13158.699594766405,55,9.506557867429597,1.0
25.3599999997166,5.953961301590763,0.09616183068172521,0.10171807448066866,17555.479179654107,57,9.520375824865873,1.0
25.379999999715842,5.999220716056237,5.617394895198206,347.10637949458754,17133.291954700893,57,9.53418719419288,1.0
25.399999999715085,6.122501247804993,19.693150434383572,4266.02191434388,10966.065120654222,54,9.547991929339274,1.0
25.419999999714328,6.244438551327702,24.356759415036827,6525.769021221836,3858.8430392715672,63,9.561789984233712,1.0
25.43999999971357,6.29974030713962,18.631360282449183,3818.403445718674,2164.8648053171114,65,9.575581312804864,1.0
25.459999999712814,6.310327070408531,10.171120502057486,1137.9686149411152,2841.2445911206833,59,9.589365868981387,1.0
25.479999999712057,6.305451829959594,-3.951243198021376,171.7355509090121,1901.404683103746,62,9.60314360669194,1.0
25.4999999997113,6.282279386218966,-5.296480321512596,308.5797417578719,3094.3864231398093,61,9.61691447986519,1.0
25.519999999710542,6.264905641635779,1.2262489328345185,16.540550898055752,4780.851326443409,70,9.630678442429797,1.0
25.539999999709785,6.246461814667659,6.0369292341320415,400.8896603570989,5335.03568793177,71,9.644435448314415,1.0
25.559999999709028,6.299814542661262,3.5122699549568255,135.69644260141663,7023.594270161469,71,9.658185451447721,1.0
25.57999999970827,6.335775264939501,3.2904290378026673,119.09615578096486,7221.26407672393,70,9.671928405758358,1.0
25.599999999707514,6.366768637605489,5.986561805738333,394.22814479317515,5910.287961326704,69,9.685664265174998,1.0
25.619999999706756,6.389140978795348,6.609416289854175,480.528220618487,3876.0269052038857,72,9.699392983626305,1.0
25.639999999706,6.374202012040669,5.228131306680016,300.6669265587646,1895.0341364067485,72,9.71311451504093,1.0
25.659999999705242,6.353022633644721,5.815707090801462,372.0469386259824,102.76437623818141,73,9.726828813347545,1.0
25.679999999704485,6.32860274097548,4.709708630932206,243.99490927105046,86.28597925902787,73,9.740535832474807,1.0
25.699999999703728,6.2838735863544395,4.987178388280769,273.5914310418825,744.3081777369508,73,9.754235526351373,1.0
25.71999999970297,6.218332456093286,6.137324234155733,414.33423630670774,1829.6322957661193,73,9.767927848905915,1.0
25.739999999702214,6.1676355545305945,6.631915063465167,483.80527149917805,2060.6182221275967,72,9.781612754067082,1.0
25.759999999701456,6.1764743081410876,5.642722787011471,350.2435249616435,3976.3733937129728,72,9.795290195763545,1.0
25.7799999997007,6.209349030256484,9.966305853991402,1092.599776128336,319.3920098123808,73,9.808960127923962,1.0
25.799999999699942,6.228637907842883,17.39133431662596,3327.04360243917,3004.3364404185822,71,9.822622504476994,1.0
25.819999999699185,6.252965300509575,17.05152839756998,3198.3008276244905,1351.6452665292934,65,9.836277279351306,1.0
25.839999999698428,6.3261474020509265,14.329279761832069,2258.6108434213515,2066.682546683758,64,9.849924406475552,1.0
25.85999999969767,6.422759826359824,6.834502727059311,513.8147027879927,1811.9047656582934,58,9.863563839778397,1.0
25.879999999696913,6.503321900650879,0.3057042695283779,1.0280061044866704,2619.558804052614,57,9.877195533188509,1.0
25.899999999696156,6.546490724652392,2.280882619265378,57.22668075153581,3105.0003367704558,54,9.890819440634537,1.0
25.9199999996954,6.588980562779147,12.957952226010548,1846.9937848072889,6474.689960125024,59,9.90443551604515,1.0
25.939999999694642,6.618570238436594,15.455536569670922,2627.6097172207874,4345.213289466211,60,9.918043713349011,1.0
25.959999999693885,6.64514436344394,14.392339852037194,2278.5339105819185,3619.3190567863267,59,9.931643986474779,1.0
25.979999999693128,6.647740555437921,14.926761586819875,2450.8903261673754,3191.56028707606,53,9.945236289351113,1.0
25.99999999969237,6.653426107623111,15.510415888897478,2646.303011512197,2699.418235303922,51,9.958820575906682,1.0
26.019999999691613,6.70133235352797,11.371378848503252,1422.3908260780586,1961.5009006258852,56,9.972396800070133,1.0
26.039999999690856,6.78740014354198,8.946160825105354,880.3717285951468,1268.9876300627661,55,9.985964915770142,1.0
26.0599999996901,6.918275889459835,4.86553461717193,260.4076982198824,2120.1237593311503,53,9.999524876935363,1.0
26.079999999689342,6.965651043432351,-1.0298950988896287,11.667523061885658,1031.5219620149883,49,10.01307663749446,1.0
26.099999999688585,6.992780831444396,1.5364499634691235,25.96746339268698,3958.7321643441796,57,10.026620151376093,1.0
26.119999999687828,6.981673784810061,6.058866953785687,403.8085564004387,2312.5039603266905,60,10.040155372508925,1.0
26.13999999968707,6.939755363768645,6.452946667929164,458.04572769051913,1789.4240936067583,58,10.053682254821618,1.0
26.159999999686313,6.928658793843424,3.8568485316225414,163.6280865546685,1488.993999051389,59,10.06720075224283,1.0
26.179999999685556,6.900006370439177,6.148318406399214,415.82001149114103,1526.610782882129,59,10.080710818701226,1.0
26.1999999996848,6.907973647753711,3.981575098744259,174.3823429363439,869.4312879215888,60,10.094212408125466,1.0
26.219999999684042,6.956332894268133,-0.18336093349982507,0.36983355127319995,1318.9931246015292,64,10.10770547444421,1.0
26.239999999683285,6.990228336462469,-3.109069755144636,106.32946216590639,1885.7487772142515,62,10.121189971586116,1.0
26.259999999682528,6.859640910896772,-2.8081516084636506,86.74287001728686,3894.3651842857066,59,10.134665853479856,1.0
26.27999999968177,6.597936706836035,-4.589555360332935,231.70420246116853,5340.70016169607,58,10.148133074054083,1.0
26.299999999681013,6.385255038147698,-0.9436290830648484,9.794794310463871,6048.841679670151,63,10.161591587237462,1.0
26.319999999680256,6.368026580320167,2.256157715173007,55.99272399308152,10296.160450889662,61,10.175041346958656,1.0
26.3399999996795,6.379448975956757,7.558140962159906,628.3804428426743,14710.195260384005,59,10.18848230714632,1.0
26.35999999967874,6.4443771413888244,28.65247968676941,9030.61051420807,8689.698394256768,56,10.20191442172912,1.0
26.379999999677985,6.540004656106902,26.66491515187636,7821.194700624421,2859.131576849772,55,10.215337644635715,1.0
26.399999999677227,6.6125940673667785,18.452781243598505,3745.5564918651085,1854.9718532122488,62,10.22875192979477,1.0
26.41999999967647,6.694262196748921,7.5166514192725415,621.5005341473711,555.7840426192236,60,10.242157231134943,1.0
26.439999999675713,6.69391357964384,-9.120468582364415,915.01241878086,1987.7199489214345,57,10.255553502584903,1.0
26.459999999674956,6.599115053688374,-14.978455331005378,2467.8953651321576,3627.26237425709,56,10.268940698073296,1.0
26.4799999996742,6.495336938769416,-4.346474916561912,207.81028620332071,7905.124378932112,65,10.282318771528793,1.0
26.49999999967344,6.3750337995065305,-3.446171716766487,130.63709451585405,18660.179536169107,61,10.295687676880062,1.0
26.519999999672685,6.395389779213702,10.009455211828366,1102.0811300135783,16843.764458204314,61,10.309047368055754,1.0
26.539999999671927,6.503431129387359,8.528543165617055,800.0965338057273,5315.484434387657,63,10.322397798984534,1.0
26.55999999967117,6.554541558613429,8.166438388809338,733.5978755404075,3808.926534172641,63,10.335738923595063,1.0
26.579999999670413,6.546820392061761,5.196625271533069,297.0540563400976,2840.0596388083272,64,10.349070695816003,1.0
26.599999999669656,6.452044250962296,3.619222654747326,144.0864988709991,2887.30864145963,63,10.362393069576013,1.0
26.6199999996689,6.2958147505744595,2.262899875255905,56.3278742997651,3559.101914493231,62,10.37570599880376,1.0
26.63999999966814,6.10025327840651,0.2871056352160768,0.9067261035010965,4885.654623580051,63,10.389009437427902,1.0
26.659999999667384,5.965091752383319,2.4761812250333546,67.44620805128453,7186.995461620033,68,10.402303339377097,1.0
26.679999999666627,5.855421348469837,5.0826136885852025,284.16258098133045,9379.468522982683,69,10.415587658580012,1.0
26.69999999966587,5.883695542033528,5.891581216388792,381.8180215223576,8970.833111338436,69,10.428862348965307,1.0
26.719999999665113,5.9614146516344295,10.164572567080485,1136.5038901858968,9971.18357683849,69,10.442127364461642,1.0
26.739999999664356,6.0252696216604535,13.137834950832666,1898.629779148524,5454.98211724002,66,10.455382658997674,1.0
26.7599999996636,6.0624408791747975,16.962385440464374,3164.9477181396555,3678.3148520821264,66,10.468628186502078,1.0
26.77999999966284,6.059448475785126,16.473028002842423,2984.9671674067367,3311.7593090951887,65,10.481863900903504,1.0
26.799999999662084,6.105498005488455,10.476483617671684,1207.323798904775,225.17734013592116,66,10.49508975613061,1.0
26.819999999661327,6.161449086777362,4.774787115254934,250.78451195604993,400.9922073708157,70,10.508305706112074,1.0
26.83999999966057,6.194966440304704,-2.307261176162046,58.557995485271334,618.6354862065718,68,10.521511704776538,1.0
26.859999999659813,6.195336046764509,-5.249792993294017,303.1635911968285,5171.930074242552,63,10.534707706052679,1.0
26.879999999659056,6.177173585941801,0.06685122492295889,0.049159949010700435,13188.156185723272,64,10.54789366386915,1.0
26.8999999996583,6.187650989150582,7.595590990915203,634.6230275139941,14886.119395629985,66,10.561069532154612,1.0
26.91999999965754,6.281026478316517,17.167706242955273,3242.0315140884595,9693.289252797573,64,10.57423526483773,1.0
26.939999999656784,6.361296567013193,13.472617720616727,1996.6257107046342,1956.9739604486786,60,10.587390815847165,1.0
26.959999999656027,6.383408609533644,13.43630183698242,1985.8762775994685,302.86826624426436,67,10.600536139111579,1.0
26.97999999965527,6.39387810766844,11.051399868838114,1343.467829670506,2438.257110349658,67,10.613671188559632,1.0
26.999999999654513,6.4305873657231984,4.636648798706819,236.4836329080433,2184.4040801427477,68,10.626795918119983,1.0
27.019999999653756,6.487250619853911,1.8964844390274964,39.563185502207816,2403.244743885305,62,10.639910281721297,1.0
27.039999999653,6.525802201613914,0.784612997064116,6.7717931067812795,2663.943755538061,61,10.653014233292234,1.0
27.05999999965224,6.565135246941491,9.005133573117076,892.0167373664835,4159.235276958847,59,10.666107726761457,1.0
27.079999999651484,6.593718505033479,13.14104895816583,1899.558844930024,4209.463950986882,63,10.679190716057624,1.0
27.099999999650727,6.603047280358717,14.105608770625349,2188.6501866893705,4124.58663553326,63,10.692263155109398,1.0
27.11999999964997,6.647579026253223,11.793143773525443,1529.8606406934612,3161.0607854889977,67,10.705324997845445,1.0
27.139999999649213,6.690864264391785,11.648697924537828,1492.6137967084508,204.88248540938827,71,10.71837619819442,1.0
27.159999999648456,6.698497112096505,13.212314935210536,1920.2179254190612,260.65669562022674,71,10.731416710084984,1.0
27.1799999996477,6.726107351038183,11.164394198453422,1371.0806760030648,242.9840813068115,69,10.744446487445803,1.0
27.19999999964694,6.789583964633381,6.814655667643153,510.8348505539505,493.08057519867265,70,10.757465484205541,1.0
27.219999999646184,6.876060594235623,2.7447877130680784,82.87245548790442,909.5557167600413,66,10.77047365429285,1.0
27.239999999645427,6.923641279758219,3.7110070940410926,151.48731017225646,3357.617169300394,63,10.7834709516364,1.0
27.25999999964467,6.932547165365281,0.8719098354102043,8.362494371935544,3836.525759184395,61,10.796457330164847,1.0
27.279999999643913,6.873712616370962,0.3590930661991355,1.4184261321152638,3769.01200222611,65,10.809432743806854,1.0
27.299999999643155,6.779206990241794,6.48382384700697,462.43968846917886,3763.6548793637567,67,10.822397146491081,1.0
27.3199999996424,6.681271308666688,7.421436219873808,605.8548712222032,3823.6447014736586,65,10.835350492146194,1.0
27.33999999964164,6.668141689083556,12.031510278093762,1592.329635290634,1033.931550669257,57,10.848292734700852,1.0
27.359999999640884,6.753637240173088,16.250470197101716,2904.8555978958016,642.0613975456766,52,10.861223828083714,1.0
27.379999999640127,6.843381220354967,11.348640584099247,1416.7080741777095,297.6344069572617,65,10.874143726223442,1.0
27.39999999963937,6.95625933379367,3.8250723995399043,160.94296747894157,513.0855653030056,64,10.887052383048703,1.0
27.419999999638613,7.016027189570481,2.965409769936386,96.73020613997586,2973.7146380442914,61,10.899949752488151,1.0
27.439999999637855,7.06287817284639,3.2220912753234336,114.2005940516693,3091.013586458196,60,10.912835788470451,1.0
27.4599999996371,7.081577142319961,7.438808957472361,608.6946657634813,3737.3455036442165,68,10.925710444924267,1.0
27.47999999963634,7.068083305373974,8.235841291601798,746.1198995849849,3121.0375344344816,68,10.938573675778255,1.0
27.499999999635584,7.08101847100323,3.1447487947042894,108.78389479973488,2272.838419831529,67,10.951425434961077,1.0
27.519999999634827,7.046810308243518,4.537947859381739,226.52267851914038,2507.7062963927215,67,10.9642656764014,1.0
27.53999999963407,7.004186083052615,3.268441691370778,117.5098219887974,2024.0624472451566,66,10.97709435402788,1.0
27.559999999633312,6.98668520516303,-0.5686959642561222,3.557566097373207,1673.1410471906024,65,10.989911421769177,1.0
27.579999999632555,6.872156372849005,-4.8299728914878735,256.61501945758505,1754.4349850109088,57,11.002716833553965,1.0
27.599999999631798,6.243598227494281,-15.288321367841352,2571.060472710339,3391.6316151648093,49,11.015510543310887,1.0
27.61999999963104,5.060213675933335,-29.666019708444665,9680.7999787601,17626.139441483647,58,11.028292504968617,1.0
27.639999999630284,4.430123007055822,-27.20224677249007,8139.584524185911,40220.91683860613,57,11.041062672455814,1.0
27.659999999629527,4.327732201830241,39.40199076962625,17077.685642706838,43572.18710992037,54,11.053820999701134,1.0
27.67999999962877,4.400097177958191,42.94908521144857,20290.863125502972,2871.698266989365,60,11.066567440633241,1.0
27.699999999628012,4.382999005812992,31.335896966515644,10801.32282565693,2764.8011252155666,61,11.079301949180806,1.0
27.719999999627255,4.39659259104516,25.86433345442255,7358.601195457177,506.8125727982554,64,11.092024479272476,1.0
27.739999999626498,4.429904455910347,21.06004097071157,4878.778582568549,515.8244154932607,56,11.104734984836924,1.0
27.75999999962574,4.496038750111216,15.846940413736961,2762.3807252418273,336.3851869446517,60,11.117433419802802,1.0
27.779999999624984,4.550965050131097,11.907237305336176,1559.6053027014846,1540.8018300152103,60,11.130119738098776,1.0
27.799999999624227,4.5947192338017695,7.622661561565067,639.1546621037775,1431.6638837593562,59,11.14279389365351,1.0
27.81999999962347,4.644117063853839,6.6789464437361525,490.6915815812538,1328.0430019171602,55,11.155455840395657,1.0
27.839999999622712,4.729460089617396,11.127067953240457,1361.9280535963385,1228.1609746324648,53,11.168105532253893,1.0
27.859999999621955,4.893782475322325,20.37524221612836,4566.655449024893,1648.196693969795,47,11.180742923156863,1.0
27.879999999621198,5.079898079336058,24.63762439329982,6677.1378931985455,1558.6936935036417,39,11.193367967033236,1.0
27.89999999962044,5.196481403254999,21.396722675374253,5036.017153715622,2803.3501471892696,67,11.20598061781168,1.0
27.919999999619684,5.280357869208196,1.9288960651316698,40.92704033088483,1707.2997433705261,60,11.218580829420842,1.0
27.939999999618927,5.301767189912002,-32.754147707644776,11801.176112596328,2668.427407937181,49,11.231168555789397,1.0
27.95999999961817,4.704232033751192,-70.881794669113,55266.51697065726,3006.2143409866476,42,11.243743750845995,1.0
27.979999999617412,2.963901630154355,-41.77155779254697,19193.49344457701,17292.043265017055,41,11.256306368519304,1.0
27.999999999616655,2.8272763085736115,44.47119822285221,21754.562185138348,2112.83590440919,31,11.268856362737985,1.0
28.019999999615898,3.0101176955217,49.54508080792892,27001.865354906273,2088.719153027021,44,11.281393687430706,1.0
28.03999999961514,3.0253914996285167,27.89353562165601,8558.54262424252,2031.9256052253588,53,11.29391829652611,1.0
28.059999999614384,2.920890946411488,-7.0984488582288074,554.2677381217884,1569.4542786989462,49,11.306430143952877,1.0
28.079999999613626,2.771593375248872,-34.105203051703754,12794.813627177373,1092.0663404228992,40,11.318929183639659,1.0
28.09999999961287,2.6689804724850372,-23.296338683358787,5969.9133565473485,145.30472100079896,68,11.331415369515115,1.0
28.119999999612112,2.6225515968175586,-4.125641066618489,187.2300563162584,698.9283065793538,58,11.343888655507913,1.0
28.139999999611355,2.671543545789801,43.85846052482893,21159.21015568775,3265.208931242795,44,11.356348995546714,1.0
28.159999999610598,3.045898490556195,58.66594555890673,37858.624851526685,1921.0463511487985,41,11.368796343560177,1.0
28.17999999960984,3.3853832211605024,34.87517084035826,13379.052952585924,376.3249496997822,43,11.381230653476964,1.0
28.199999999609084,3.5326724344793523,17.677383748152867,3437.38885797405,245.80931530197094,67,11.393651879225736,1.0
28.219999999608326,3.6081483884240657,-16.100877347177153,2851.6207648372665,982.58687148231,58,11.40605997473516,1.0
28.23999999960757,3.6469966612174947,-84.74429996114803,78997.56013495538,3290.1921741470633,54,11.418454893933887,1.0
28.259999999606812,3.251741477261564,-65.53306096297456,47240.402870946346,12524.259393692066,58,11.430836590750584,1.0
28.279999999606055,2.1350800892265562,-3.660632231058843,147.40251164173526,30661.95020542593,68,11.443205019113915,1.0
28.299999999605298,1.879639709610188,26.1746135491857,7536.214338941372,561.1548489308316,64,11.455560132952536,1.0
28.31999999960454,1.546873586536876,19.882025523051468,4348.24432789197,31.346494878710295,72,11.46790188619511,1.0
28.339999999603783,0.6962878018638042,0.0,0.0,931.8718721908532,65,11.480230232770301,1.0
28.359999999603026,-0.4573008439719613,0.0,0.0,2301.393548009332,62,11.492545126606766,1.0
28.37999999960227,-0.7266401989012311,0.0,0.0,3873.1765174190987,68,11.504846521633173,1.0
28.399999999601512,-0.8239440022286771,0.0,0.0,2999.242166076284,67,11.517134371778182,1.0
28.419999999600755,-0.9577081846013763,0.0,0.0,959.3956170812877,69,11.529408630970446,1.0
28.439999999599998,-1.0468897461328939,0.0,0.0,334.18085715441595,69,11.541669253138636,1.0
28.45999999959924,-1.0744170227186087,0.0,0.0,137.80826388009336,71,11.553916192211409,1.0
28.479999999598483,-1.0558451692593998,0.0,0.0,850.8762837394701,65,11.566149402117427,1.0
28.499999999597726,-0.990701650315244,0.0,0.0,1251.9578498159296,52,11.578368836785351,1.0
28.51999999959697,-0.7028733422129716,0.0,0.0,1312.7166703729483,39,11.590574450143842,1.0
28.539999999596212,-0.3650902643881607,0.0,0.0,20019.221036741525,41,11.602766196121564,1.0
28.559999999595455,-0.18642981391958763,0.0,0.0,8090.964619400836,66,11.61494402864718,1.0
28.579999999594698,-0.11877158277431789,0.0,0.0,261.34216918276707,67,11.627107901649346,1.0
28.59999999959394,-0.09374506753491163,0.0,0.0,920.9103390446695,66,11.639257769056726,1.0
28.619999999593183,-0.1252151400368125,0.0,0.0,1418.6304820110356,57,11.65139358479798,1.0
28.639999999592426,-0.30396662520336903,0.0,0.0,4282.312811405789,59,11.663515302801773,1.0
28.65999999959167,-0.5634924409664513,0.0,0.0,7239.517846227873,60,11.67562287699676,1.0
28.679999999590912,-0.7207335596399012,0.0,0.0,945.5795337137445,65,11.68771626131161,1.0
28.699999999590155,-0.8692167363135134,0.0,0.0,310.97298202005743,60,11.699795409674978,1.0
28.719999999589398,-1.1326162649382963,0.0,0.0,3039.7312110776666,52,11.711860276015535,1.0
28.73999999958864,-1.483407075170801,0.0,0.0,3723.656255928274,46,11.72391081426193,1.0
28.759999999587883,-1.6674782884626504,0.0,0.0,6053.1180590917975,45,11.735946978342831,1.0
28.779999999587126,-1.6792645692227668,0.0,0.0,6071.837633154996,66,11.7479687221869,1.0
28.79999999958637,-1.6628060977868495,0.0,0.0,525.5752386488473,62,11.759975999722796,1.0
28.81999999958561,-1.5988859036576302,0.0,0.0,1628.8343812057208,46,11.771968764879178,1.0
28.839999999584855,-1.2808579092162735,0.0,0.0,947.3252293851078,37,11.783946971584719,1.0
28.859999999584097,-0.9368855340294209,0.0,0.0,566.0700896756614,37,11.795910573768063,1.0
28.87999999958334,-0.7251232849350988,0.0,0.0,5600.098774059289,58,11.807859525357888,1.0
28.899999999582583,-0.6422707873044453,0.0,0.0,27.95896759354184,70,11.819793780282847,1.0
28.919999999581826,-0.6156292129580359,0.0,0.0,52.25174058354936,70,11.8317132924716,1.0
28.93999999958107,-0.6125892638865986,0.0,0.0,44.19370497378405,70,11.843618015852808,1.0
28.95999999958031,-0.583156216105304,0.0,0.0,430.9336885266211,62,11.85550790435514,1.0
28.979999999579555,-0.49700696861060445,0.0,0.0,560.8344838033805,56,11.867382911907251,1.0
28.999999999578797,-0.4474884076784297,0.0,0.0,787.0191492774524,71,11.879242992437804,1.0
29.01999999957804,-0.44478568388082024,0.0,0.0,197.5344547560408,70,11.89108809987546,1.0
29.039999999577283,-0.4526074579412028,0.0,0.0,818.5036831797449,65,11.902918188148885,1.0
29.059999999576526,-0.47967478402031605,0.0,0.0,771.1330655879084,65,11.914733211186732,1.0
29.07999999957577,-0.5772674568065334,0.0,0.0,642.1076024441201,60,11.926533122917672,1.0
29.09999999957501,-0.7296496449726158,0.0,0.0,1745.9103301294554,65,11.938317877270357,1.0
29.119999999574254,-0.8464234175618606,0.0,0.0,1940.1087071332895,63,11.95008742817345,1.0
29.139999999573497,-0.8876418849990703,0.0,0.0,256.39662469110596,63,11.96184172955562,1.0
29.15999999957274,-0.8897664141017029,0.0,0.0,239.10488125949925,56,11.97358073534552,1.0
29.179999999571983,-0.8569595243451685,0.0,0.0,82.22638528056052,55,11.985304399471822,1.0
29.199999999571226,-0.8246581462564352,0.0,0.0,46.78383790068989,63,11.997012675863173,1.0
29.21999999957047,-0.8006289957731044,0.0,0.0,191.09426633604818,62,12.008705518448245,1.0
29.23999999956971,-0.7360264715532073,0.0,0.0,653.009606276465,55,12.02038288115569,1.0
29.259999999568954,-0.49089866018865436,0.0,0.0,1398.0578321234673,42,12.032044717914182,1.0
29.279999999568197,-0.18160206406654636,0.0,0.0,31753.44431150456,63,12.043690982652377,1.0
29.29999999956744,-0.08298904067359247,0.0,0.0,15661.58056148249,65,12.05532162929893,1.0
29.319999999566683,-0.03354157743847365,0.0,0.0,9076.23127806879,65,12.066936611782511,1.0
29.339999999565926,-0.014139552404107034,0.0,0.0,4144.237230469604,66,12.078535884031776,1.0
29.35999999956517,-0.0046849866819156216,0.0,0.0,287.0636840207473,66,12.090119399975391,1.0
29.37999999956441,-0.00044207850154859957,0.0,0.0,252.86518172951915,65,12.101687113542019,1.0
29.399999999563654,0.0006443324534230674,0.0,0.0,443.88482102406056,62,12.11323897866031,1.0
29.419999999562897,-0.005886502213335714,0.0,0.0,965.4058718207367,60,12.12477494925894,1.0
29.43999999956214,-0.0472213951646223,0.0,0.0,1483.6526569856176,55,12.136294979266557,1.0
29.459999999561383,-0.1572460873035835,0.0,0.0,4472.74591832698,56,12.147799022611832,1.0
29.479999999560626,-0.3141009335161118,0.0,0.0,4837.3472604823055,55,12.159287033223423,1.0
29.49999999955987,-0.41051237008413766,0.0,0.0,2513.7327558223355,58,12.17075896502999,1.0
29.51999999955911,-0.45137892204665303,0.0,0.0,494.3018064095616,56,12.182214771960195,1.0
29.539999999558354,-0.435467452757565,0.0,0.0,303.0843811205894,52,12.193654407942704,1.0
29.559999999557597,-0.4135106628961739,0.0,0.0,138.63644282150548,56,12.205077826906173,1.0
29.57999999955684,-0.39815596687912974,0.0,0.0,188.6413517252728,59,12.216484982779265,1.0
29.599999999556083,-0.37628342283021976,0.0,0.0,140.04580486270714,56,12.227875829490644,1.0
29.619999999555326,-0.349200074608842,0.0,0.0,116.88355033538384,63,12.239250320968964,1.0
29.63999999955457,-0.32412273521454715,0.0,0.0,120.50088546985677,63,12.250608411142892,1.0
29.65999999955381,-0.30338006062976025,0.0,0.0,153.9407685660438,61,12.261950053941096,1.0
29.679999999553054,-0.2806772121611897,0.0,0.0,198.33041554036927,57,12.273275203292226,1.0
29.699999999552297,-0.24856846080593017,0.0,0.0,257.86562557699796,53,12.284583813124945,1.0
29.71999999955154,-0.21011311077347702,0.0,0.0,223.717733018629,50,12.29587583736792,1.0
29.739999999550783,-0.17838231491754108,0.0,0.0,152.89500438072375,60,12.30715122994981,1.0
29.759999999550026,-0.15645343509063864,0.0,0.0,116.2456790517888,66,12.31840994479928,1.0
29.77999999954927,-0.13498973330357772,0.0,0.0,309.1079969731208,68,12.32965193584498,1.0
29.79999999954851,-0.1334932158873399,0.0,0.0,201.78706954452105,70,12.34087715701558,1.0
29.819999999547754,-0.14850893638652493,0.0,0.0,181.62833060326207,68,12.352085562239743,1.0
29.839999999546997,-0.16984651807894904,0.0,0.0,333.59928479575325,64,12.363277105446125,1.0
29.85999999954624,-0.14426007448769843,0.0,0.0,102.53231333233856,67,12.374451740563392,1.0
29.879999999545483,-0.1404494350961604,0.0,0.0,210.67877529028382,62,12.3856094215202,1.0
29.899999999544725,-0.12358233874446034,0.0,0.0,222.46435008661803,60,12.396750102245221,1.0
29.91999999954397,-0.10753810322570127,0.0,0.0,339.57923219424936,56,12.407873736667106,1.0
29.93999999954321,-0.09410441492105182,0.0,0.0,334.8548492764807,52,12.418980278714518,1.0
29.959999999542454,-0.0856805382686195,0.0,0.0,321.1131883207148,52,12.43006968231612,1.0
29.979999999541697,-0.0848776625019218,0.0,0.0,173.0685266334422,64,12.441141901400577,1.0
29.99999999954094,-0.08714292681278175,0.0,0.0,176.47781123863768,64,12.452196889896545,1.0
30.019999999540183,-0.09229971136136036,0.0,0.0,322.89179295449617,60,12.463234601732685,1.0
30.039999999539425,-0.09469004772698457,0.0,0.0,231.15479343416789,60,12.474254990837665,1.0
30.059999999538668,-0.09505800680865283,0.0,0.0,500.58170278617376,56,12.48525801114014,1.0
30.07999999953791,-0.08984024715713737,0.0,0.0,456.32481255467,54,12.496243616568774,1.0
30.099999999537154,-0.08368978490562899,0.0,0.0,464.6139592073409,50,12.50721176105223,1.0
30.119999999536397,-0.0753672858696223,0.0,0.0,516.2564558072593,45,12.518162398519163,1.0
30.13999999953564,-0.0638694781386995,0.0,0.0,574.7309743650334,41,12.529095482898242,1.0
30.159999999534882,-0.051194055436053,0.0,0.0,548.0284702760848,40,12.540010968118123,1.0
30.179999999534125,-0.03957601679896181,0.0,0.0,439.57714759477227,42,12.550908808107472,1.0
30.199999999533368,-0.03214769519089538,0.0,0.0,315.63785319993144,61,12.561788956794949,1.0
30.21999999953261,-0.02757639927773455,0.0,0.0,401.4916456829225,65,12.572651368109211,1.0
30.239999999531854,-0.023298827245718974,0.0,0.0,365.36340994025966,59,12.583495995978929,1.0
30.259999999531097,-0.019876488548198932,0.0,0.0,410.5699853070907,60,12.594322794332752,1.0
30.27999999953034,-0.022730192178355122,0.0,0.0,390.61813073906353,53,12.60513171709935,1.0
30.299999999529582,-0.028888488789492964,0.0,0.0,440.78505934271766,58,12.615922718207386,1.0
30.319999999528825,-0.03782212509977347,0.0,0.0,500.57902930720365,67,12.626695751585514,1.0
30.339999999528068,-0.04342266509842441,0.0,0.0,678.3242833580334,62,12.637450771162396,1.0
30.35999999952731,-0.07118391404149275,0.0,0.0,960.9075206845854,52,12.648187730866702,1.0
30.379999999526554,-0.08883420827340266,0.0,0.0,568.1486588564262,54,12.658906584627086,1.0
30.399999999525797,-0.10418701550690465,0.0,0.0,472.5904555179893,59,12.66960728637221,1.0
30.41999999952504,-0.12369650301209024,0.0,0.0,590.9659354823315,65,12.68028979003074,1.0
30.439999999524282,-0.15038282392279706,0.0,0.0,843.0861201385342,62,12.690954049531335,1.0
30.459999999523525,-0.17992377772814627,0.0,0.0,513.7657351721302,58,12.70160001880265,1.0
30.479999999522768,-0.19945385383366404,0.0,0.0,637.2536948611838,53,12.712227651773352,1.0
30.49999999952201,-0.21233306462157808,0.0,0.0,620.3720782966321,53,12.722836902372109,1.0
30.519999999521254,-0.2189934454241681,0.0,0.0,529.955557282143,49,12.73342772452757,1.0
30.539999999520496,-0.22235098060291766,0.0,0.0,443.26247441390615,65,12.744000072168403,1.0
30.55999999951974,-0.22319007100060634,0.0,0.0,597.2205006767678,61,12.754553899223271,1.0
30.579999999518982,-0.2217709647806759,0.0,0.0,647.0582162416858,60,12.765089159620832,1.0
30.599999999518225,-0.2246664735523499,0.0,0.0,443.1450299704412,57,12.775605807289747,1.0
30.619999999517468,-0.22588625086408942,0.0,0.0,566.6735222642159,56,12.786103796158681,1.0
30.63999999951671,-0.22695065607669335,0.0,0.0,535.5238073048035,64,12.796583080156296,1.0
30.659999999515954,-0.22875301923893548,0.0,0.0,786.7733961560086,56,12.807043613211244,1.0
30.679999999515196,-0.2297122171873025,0.0,0.0,948.405903513098,52,12.817485349252197,1.0
30.69999999951444,-0.23306411717699368,0.0,0.0,768.6325012054605,53,12.827908242207814,1.0
30.719999999513682,-0.24277182059888355,0.0,0.0,567.6062563024391,52,12.838312246006751,1.0
30.739999999512925,-0.2776695305424813,0.0,0.0,956.3269540401232,59,12.84869731457768,1.0
30.759999999512168,-0.32193838085386267,0.0,0.0,1145.0246761639114,60,12.859063401849248,1.0
30.77999999951141,-0.36974962547388535,0.0,0.0,1229.8427722927202,59,12.869410461750126,1.0
30.799999999510653,-0.4102510418126332,0.0,0.0,1086.4363745738447,58,12.87973844820898,1.0
30.819999999509896,-0.4348866602528518,0.0,0.0,963.4497831900122,57,12.89004731515446,1.0
30.83999999950914,-0.4534713526774092,0.0,0.0,978.7743938917961,54,12.900337016515232,1.0
30.859999999508382,-0.4701693628575255,0.0,0.0,993.2288419479931,54,12.910607506219957,1.0
30.879999999507625,-0.49823517854731736,0.0,0.0,1250.3690350832635,51,12.9208587381973,1.0
30.899999999506868,-0.5291300448982894,0.0,0.0,1527.4158496004206,46,12.93109066637592,1.0
30.91999999950611,-0.5526978585989968,0.0,0.0,2672.90736882214,39,12.941303244684478,1.0
30.939999999505353,-0.5643939875402207,0.0,0.0,3441.8079078978512,37,12.951496427051636,1.0
30.959999999504596,-0.5720144218335684,0.0,0.0,2008.9033595193857,39,12.961670167406051,1.0
30.97999999950384,-0.5839908746241137,0.0,0.0,463.4046368938122,53,12.971824419676393,1.0
30.999999999503082,-0.5954950204995286,0.0,0.0,512.3886338054577,51,12.981959137791318,1.0
31.019999999502325,-0.6175102191179448,0.0,0.0,944.66821721752,48,12.992074275679485,1.0
31.039999999501568,-0.6412965689001778,0.0,0.0,1120.6075438619455,48,13.00216978726956,1.0
31.05999999950081,-0.6764447043335189,0.0,0.0,1703.6079334578287,45,13.012245626490206,1.0
31.079999999500053,-0.7254119218691566,0.0,0.0,1987.0174971359065,43,13.022301747270081,1.0
31.099999999499296,-0.7939074795138407,0.0,0.0,2345.791868874058,42,13.032338103537844,1.0
31.11999999949854,-0.8861169277704175,0.0,0.0,2577.5924623200594,42,13.042354649222158,1.0
31.139999999497782,-0.9972642126137874,0.0,0.0,2844.754679970217,41,13.052351338251691,1.0
31.159999999497025,-1.1063648589282393,0.0,0.0,2250.599290708819,40,13.0623281245551,1.0
31.179999999496268,-1.1857181714250857,0.0,0.0,1497.315544417903,38,13.072284962061042,1.0
31.19999999949551,-1.2542622438930695,0.0,0.0,2156.4054603465806,39,13.08222180469818,1.0
31.219999999494753,-1.3440958025429819,0.0,0.0,4555.210587677819,38,13.092138606395176,1.0
31.239999999493996,-1.4292985984269737,0.0,0.0,5189.093971731232,39,13.1020353210807,1.0
31.25999999949324,-1.5174120251142322,0.0,0.0,4268.734959247137,36,13.111911902683403,1.0
31.279999999492482,-1.5818011563113288,0.0,0.0,3162.890721141418,37,13.121768305131951,1.0
31.299999999491725,-1.597008784514595,0.0,0.0,1037.3251010639358,52,13.131604482355005,1.0
31.319999999490967,-1.5963285539285192,0.0,0.0,428.0619719471536,55,13.14142038828122,1.0
31.33999999949021,-1.6229496358002309,0.0,0.0,635.2002910763845,48,13.151215976839268,1.0
31.359999999489453,-1.6529672305806202,0.0,0.0,697.99541526958,42,13.1609912019578,1.0
31.379999999488696,-1.6891968808750513,0.0,0.0,273.8871962883756,55,13.170746017565486,1.0
31.39999999948794,-1.7144494248938462,0.0,0.0,305.00387740691775,62,13.180480377590987,1.0
31.41999999948718,-1.7324726908225823,0.0,0.0,897.8654946650158,64,13.190194235962956,1.0
31.439999999486425,-1.7331691509661804,0.0,0.0,1273.7722009390097,56,13.199887546610064,1.0
31.459999999485667,-1.7181169380092776,0.0,0.0,1348.3966736917994,49,13.209560263460972,1.0
31.47999999948491,-1.6587480112321698,0.0,0.0,910.2957838573883,44,13.219212340444333,1.0
31.499999999484153,-1.5635746833434667,0.0,0.0,559.2955547628885,40,13.228843731488812,1.0
31.519999999483396,-1.4624016595339908,0.0,0.0,310.9376969607586,46,13.23845439052307,1.0
31.53999999948264,-1.3902042559175236,0.0,0.0,205.1868984009088,45,13.248044271475775,1.0
31.55999999948188,-1.3411881068062008,0.0,0.0,1105.411606533049,43,13.257613328275584,1.0
31.579999999481124,-1.2295641522344694,0.0,0.0,2081.4181590840226,39,13.267161514851155,1.0
31.599999999480367,-1.115741595135394,0.0,0.0,4821.633897950906,44,13.276688785131153,1.0
31.61999999947961,-1.004824321169315,0.0,0.0,3389.547212789573,42,13.28619509304424,1.0
31.639999999478853,-0.8704396090703408,0.0,0.0,5661.085139716469,39,13.295680392519076,1.0
31.659999999478096,-0.7676326085338075,0.0,0.0,6894.282640215412,37,13.30514463748432,1.0
31.67999999947734,-0.7026927071322606,0.0,0.0,4269.60483556671,38,13.31458778186864,1.0
31.69999999947658,-0.6515357160808913,0.0,0.0,358.07543185084666,37,13.32400977960069,1.0
31.719999999475824,-0.6025217154208082,0.0,0.0,558.8721241103083,41,13.333410584609133,1.0
31.739999999475067,-0.5579622887163236,0.0,0.0,714.6454952997698,41,13.342790150822635,1.0
31.75999999947431,-0.5125564557104345,0.0,0.0,794.7318583461804,53,13.35214843216986,1.0
31.779999999473553,-0.4582946888356051,0.0,0.0,1146.3552208870697,51,13.36148538257946,1.0
31.799999999472796,-0.40456221083433186,0.0,0.0,695.9623236392464,47,13.370800955980096,1.0
31.81999999947204,-0.3661055878072281,0.0,0.0,466.5971775376119,46,13.380095106300438,1.0
31.83999999947128,-0.35020480613415245,0.0,0.0,372.50096062585885,58,13.389367787469144,1.0
31.859999999470524,-0.3184995715071621,0.0,0.0,806.7147773959969,55,13.398618953414871,1.0
31.879999999469767,-0.2692292296833949,0.0,0.0,918.2383132589712,58,13.407848558066286,1.0
31.89999999946901,-0.226400502154566,0.0,0.0,1091.8555111252995,53,13.41705655535205,1.0
31.919999999468253,-0.19231650057272906,0.0,0.0,447.7116562838063,46,13.426242899200826,1.0
31.939999999467496,-0.17931885589928462,0.0,0.0,603.1202884162777,55,13.435407543541267,1.0
31.95999999946674,-0.16301509414771972,0.0,0.0,780.7387185704032,61,13.44455044230204,1.0
31.97999999946598,-0.14054090118980092,0.0,0.0,958.0836311155576,62,13.45367154941181,1.0
31.999999999465224,-0.11571807433955018,0.0,0.0,899.2293011694163,59,13.462770818799232,1.0
32.01999999946447,-0.10147005921580231,0.0,0.0,693.8025236729013,52,13.471848204392975,1.0
32.03999999946371,-0.09340299736007791,0.0,0.0,624.900065759895,59,13.480903660121687,1.0
32.05999999946295,-0.08575443316609621,0.0,0.0,656.5240601495482,63,13.489937139914046,1.0
32.079999999462196,-0.07545721692252494,0.0,0.0,721.3301580255049,60,13.498948597698696,1.0
32.09999999946144,-0.06653799905835052,0.0,0.0,654.1073721442684,54,13.507937987404313,1.0
32.11999999946068,-0.05802172579304392,0.0,0.0,654.7838242287647,55,13.516905262959558,1.0
32.139999999459924,-0.04282667645176498,0.0,0.0,601.3592957559229,55,13.525850378293082,1.0
32.15999999945917,-0.025862573930341623,0.0,0.0,501.9035307260576,62,13.534773287333554,1.0
32.17999999945841,-0.008232948574159567,0.0,0.0,491.6106425785832,65,13.543673944009626,1.0
32.19999999945765,0.011768098332956764,0.0,0.0,744.576192412455,62,13.55255230224998,1.0
32.219999999456896,0.026438496292105526,0.0,0.0,481.45971940876734,63,13.561408315983257,1.0
32.23999999945614,0.04220459791009405,0.0,0.0,663.7717956441088,61,13.570241939138128,1.0
32.25999999945538,0.057709311155413126,0.0,0.0,696.8639248880552,56,13.579053125643249,1.0
32.279999999454624,0.06884920544741463,0.0,0.0,618.7438213486697,55,13.587841829427287,1.0
32.29999999945387,0.07769670484024603,0.0,0.0,620.9769859835793,57,13.596608004418897,1.0
32.31999999945311,0.08404629324376348,0.0,0.0,758.986442223055,56,13.605351604546751,1.0
32.33999999945235,0.09211090793349655,0.0,0.0,767.794650070111,54,13.614072583739498,1.0
32.359999999451595,0.09649160088000333,0.0,0.0,659.3975358694743,53,13.622770895925807,1.0
32.37999999945084,0.10122264296141013,0.0,0.0,539.8035794673468,64,13.631446495034336,1.0
32.39999999945008,0.1175936997548098,0.0,0.0,802.7493288913281,65,13.640099334993753,1.0
32.419999999449324,0.13412994403718126,0.0,0.0,797.8648130657684,63,13.64872936973271,1.0
32.43999999944857,0.14230054115347954,0.0,0.0,693.3132869726294,64,13.657336553179876,1.0
32.45999999944781,0.1427635444154853,0.0,0.0,569.1543354876788,62,13.665920839263904,1.0
32.47999999944705,0.1418625134019575,0.0,0.0,576.9215025804899,61,13.67448218191347,1.0
32.499999999446295,0.14034603713868338,0.0,0.0,471.9755446025014,59,13.683020535057217,1.0
32.51999999944554,0.1375001640648034,0.0,0.0,623.1281219712533,54,13.691535852623817,1.0
32.53999999944478,0.13945118569401485,0.0,0.0,624.3685591416223,51,13.700028088541936,1.0
32.559999999444024,0.13992599419977633,0.0,0.0,693.5004811727641,51,13.708497196740222,1.0
32.57999999944327,0.13842436053924198,0.0,0.0,896.863578247669,50,13.716943131147351,1.0
32.59999999944251,0.13990946084264927,0.0,0.0,1209.9114173905753,56,13.725365845691968,1.0
32.61999999944175,0.15230289069152875,0.0,0.0,809.6340354096488,62,13.733765294302753,1.0
32.639999999440995,0.15827425358335423,0.0,0.0,1145.5155130505,58,13.742141430908353,1.0
32.65999999944024,0.16201560805826137,0.0,0.0,563.1812161525008,53,13.750494209437434,1.0
32.67999999943948,0.16605394591082626,0.0,0.0,685.5220910166264,51,13.758823583818657,1.0
32.699999999438724,0.1741772249358181,0.0,0.0,576.1096511403676,59,13.767129507980686,1.0
32.71999999943797,0.1792791775216464,0.0,0.0,579.4725695583629,55,13.775411935852182,1.0
32.73999999943721,0.18737883930235408,0.0,0.0,574.7064095887553,51,13.783670821361802,1.0
32.75999999943645,0.1929748354618041,0.0,0.0,671.6890291112571,47,13.791906118438215,1.0
32.779999999435695,0.19732118175654162,0.0,0.0,661.3045177362195,46,13.800117781010076,1.0
32.79999999943494,0.19528201852795093,0.0,0.0,429.91451735236603,46,13.808305763006052,1.0
32.81999999943418,0.19152792503920382,0.0,0.0,254.34831487953224,63,13.81647001835479,1.0
32.839999999433424,0.19058213116181216,0.0,0.0,472.6470120425975,61,13.824610500984972,1.0
32.85999999943267,0.18672325981299223,0.0,0.0,635.2718065378454,55,13.832727164825243,1.0
32.87999999943191,0.17597600358523882,0.0,0.0,505.5825007169254,55,13.840819963804279,1.0
32.89999999943115,0.1641275637105324,0.0,0.0,764.6979137639322,61,13.848888851850726,1.0
32.919999999430395,0.15806096257470648,0.0,0.0,744.0077337300529,58,13.856933782893258,1.0
32.93999999942964,0.1560443778497635,0.0,0.0,906.9102047111378,58,13.864954710860527,1.0
32.95999999942888,0.1556788046541079,0.0,0.0,930.599031572455,54,13.8729515896812,1.0
32.979999999428124,0.15305282897488276,0.0,0.0,1065.8383910446973,53,13.880924373283941,1.0
32.99999999942737,0.15088388810996584,0.0,0.0,1112.91236709495,51,13.888873015597403,1.0
33.01999999942661,0.15160194188569207,0.0,0.0,925.4786259930744,46,13.896797470550258,1.0
33.03999999942585,0.1544533205911824,0.0,0.0,818.3645151682881,59,13.904697692071151,1.0
33.059999999425095,0.16247076969036428,0.0,0.0,1206.9273480633233,60,13.91257363408876,1.0
33.07999999942434,0.17104394771660472,0.0,0.0,1267.326941526634,55,13.920425250531741,1.0
33.09999999942358,0.17289508278329863,0.0,0.0,961.6351097583317,52,13.92825249532875,1.0
33.119999999422824,0.17036971068442203,0.0,0.0,706.3501609077344,52,13.936055322408462,1.0
33.139999999422066,0.1618448382611013,0.0,0.0,489.2655205726076,56,13.943833685699522,1.0
33.15999999942131,0.15414326549131127,0.0,0.0,570.355827875327,60,13.951587539130603,1.0
33.17999999942055,0.14591353282028083,0.0,0.0,774.3218767993734,55,13.95931683663036,1.0
33.199999999419795,0.1277609656820851,0.0,0.0,734.1078264035506,51,13.967021532127454,1.0
33.21999999941904,0.11055875528967822,0.0,0.0,757.073041523786,46,13.974701579550551,1.0
33.23999999941828,0.09206441104446478,0.0,0.0,611.7985911339823,47,13.98235693282831,1.0
33.25999999941752,0.07014044621937349,0.0,0.0,375.5262773244082,55,13.989987545889399,1.0
33.279999999416766,0.04368981867103179,0.0,0.0,345.7965550776106,58,13.997593372662468,1.0
33.29999999941601,0.00459266198972079,0.0,0.0,617.1516997997843,54,14.005174367076185,1.0
33.31999999941525,-0.04751205969736819,0.0,0.0,893.4386569692952,53,14.01273048305921,1.0
33.339999999414495,-0.08666447291088024,0.0,0.0,567.7956618530723,53,14.020261674540201,1.0
33.35999999941374,-0.11395794346404027,0.0,0.0,532.4509866369715,52,14.027767895447829,1.0
33.37999999941298,-0.12028071337749616,0.0,0.0,685.843150758341,56,14.035249099710741,1.0
33.39999999941222,-0.12280357136934794,0.0,0.0,878.8289196989571,57,14.042705241257618,1.0
33.419999999411466,-0.1269728497945697,0.0,0.0,869.6763734359096,55,14.050136274017099,1.0
33.43999999941071,-0.13612568396203517,0.0,0.0,816.9332194029694,52,14.057542151917866,1.0
33.45999999940995,-0.15105486895778258,0.0,0.0,950.9477236363964,49,14.064922828888566,1.0
33.479999999409195,-0.1590663706155675,0.0,0.0,877.5577068608525,53,14.072278258857867,1.0
33.49999999940844,-0.16077654787726411,0.0,0.0,1093.6602767870138,52,14.079608395754434,1.0
33.51999999940768,-0.15644083912021853,0.0,0.0,1325.4973843583473,48,14.086913193506916,1.0
33.53999999940692,-0.1501854927687081,0.0,0.0,1185.0958642856442,47,14.094192606043984,1.0
33.559999999406166,-0.1492531128278753,0.0,0.0,816.9174829601759,46,14.101446587294298,1.0
33.57999999940541,-0.1555575165518144,0.0,0.0,563.5224033143975,49,14.108675091186518,1.0
33.59999999940465,-0.16500259021772606,0.0,0.0,817.9957701462508,52,14.115878071649309,1.0
33.619999999403895,-0.183310219898126,0.0,0.0,558.1303244936837,54,14.123055482611326,1.0
33.63999999940314,-0.2120864673226219,0.0,0.0,697.4537261912083,56,14.130207278001233,1.0
33.65999999940238,-0.23731150269366746,0.0,0.0,477.17246383276256,57,14.137333411747692,1.0
33.67999999940162,-0.25355711313556867,0.0,0.0,523.1157474316786,55,14.144433837779365,1.0
33.699999999400866,-0.2685423491262924,0.0,0.0,792.7082003871088,53,14.151508510024915,1.0
33.71999999940011,-0.2805931132454952,0.0,0.0,931.3879717345942,50,14.158557382413,1.0
33.73999999939935,-0.28676354491617145,0.0,0.0,1375.7304522732547,46,14.165580408872286,1.0
33.759999999398595,-0.2804168790669036,0.0,0.0,1717.544140304339,41,14.17257754333143,1.0
33.77999999939784,-0.22810554730986576,0.0,0.0,1647.4812429041708,39,14.179548739719097,1.0
33.79999999939708,-0.1648046353533402,0.0,0.0,1453.814865531524,49,14.186493951963937,1.0
33.81999999939632,-0.1252886833263629,0.0,0.0,1049.527441288218,47,14.19341313399463,1.0
33.839999999395566,-0.10133119852536641,0.0,0.0,1110.666727988218,48,14.200306239739827,1.0
33.85999999939481,-0.08533447691379727,0.0,0.0,846.2919099008561,46,14.207173223128189,1.0
33.87999999939405,-0.0741162778357954,0.0,0.0,626.9603539704602,52,14.214014038088381,1.0
33.899999999393295,-0.06657089923474718,0.0,0.0,684.2829611067461,56,14.220828638549056,1.0
33.91999999939254,-0.05575309214296178,0.0,0.0,773.2462987964427,56,14.227616978438887,1.0
33.93999999939178,-0.046483877659802046,0.0,0.0,642.6174610288062,55,14.23437901168653,1.0
33.95999999939102,-0.042267290197722365,0.0,0.0,684.9121080464848,47,14.241114692220645,1.0
33.979999999390266,-0.04565316762321662,0.0,0.0,831.8819108663449,45,14.247823973969894,1.0
33.99999999938951,-0.057266313784589955,0.0,0.0,713.0880656987441,45,14.254506810862935,1.0
34.01999999938875,-0.06966729715137036,0.0,0.0,747.2840935547956,49,14.261163156828442,1.0
34.039999999387994,-0.08025669275442578,0.0,0.0,710.3981854943817,59,14.267792965795067,1.0
34.05999999938724,-0.08451630431709992,0.0,0.0,755.4098413349308,54,14.274396191691471,1.0
34.07999999938648,-0.08681047527954268,0.0,0.0,1062.649503442344,52,14.280972788446322,1.0
34.09999999938572,-0.0979554500450558,0.0,0.0,681.5710415680771,56,14.287522709988272,1.0
34.119999999384966,-0.11196680149707819,0.0,0.0,661.9232986980008,54,14.294045910245979,1.0
34.13999999938421,-0.12457943411322081,0.0,0.0,820.9613242315658,50,14.300542343148125,1.0
34.15999999938345,-0.13638727847209128,0.0,0.0,805.8058338409908,50,14.307011962623351,1.0
34.179999999382694,-0.14945871987238332,0.0,0.0,887.920987867775,49,14.31345472260033,1.0
34.19999999938194,-0.160783391580057,0.0,0.0,923.269680404325,47,14.319870577007714,1.0
34.21999999938118,-0.17054680619393872,0.0,0.0,873.4538647935923,46,14.326259479774178,1.0
34.23999999938042,-0.17767064436936106,0.0,0.0,827.4103154433217,46,14.33262138482837,1.0
34.259999999379666,-0.1799988814270108,0.0,0.0,997.4217440768975,60,14.338956246098958,1.0
34.27999999937891,-0.18085549815933888,0.0,0.0,1168.3310082114945,59,14.3452640175146,1.0
34.29999999937815,-0.18429607021741273,0.0,0.0,1096.8358183559858,50,14.35154465300397,1.0
34.319999999377394,-0.18877375178230835,0.0,0.0,912.8360500685852,50,14.357798106495709,1.0
34.33999999937664,-0.1912611191273555,0.0,0.0,818.703501881593,52,14.36402433191849,1.0
34.35999999937588,-0.1926551710249183,0.0,0.0,919.6773272126528,54,14.370223283200971,1.0
34.37999999937512,-0.197059456573306,0.0,0.0,843.1858744864408,53,14.376394914271817,1.0
34.399999999374366,-0.20630341148851938,0.0,0.0,909.6734037657798,49,14.382539179059695,1.0
34.41999999937361,-0.21823276596820826,0.0,0.0,912.8040046150961,44,14.38865603149325,1.0
34.43999999937285,-0.2335581563195478,0.0,0.0,775.2340910597952,45,14.394745425501158,1.0
34.459999999372094,-0.2541032935605601,0.0,0.0,600.1589387236725,46,14.400807315012067,1.0
34.47999999937134,-0.28175675619785173,0.0,0.0,527.6082408366498,51,14.406841653954652,1.0
34.49999999937058,-0.3146523319113583,0.0,0.0,485.5702279740126,54,14.412848396257571,1.0
34.51999999936982,-0.35280424517385045,0.0,0.0,434.40385507949594,53,14.418827495849477,1.0
34.539999999369066,-0.39314224369961215,0.0,0.0,781.1240862798986,52,14.424778906659045,1.0
34.55999999936831,-0.42607471269455255,0.0,0.0,630.5120982813422,52,14.430702582614925,1.0
34.57999999936755,-0.4509462793036782,0.0,0.0,559.8419211714064,46,14.43659847764578,1.0
34.599999999366794,-0.4734544284054712,0.0,0.0,598.809070099765,41,14.442466545680277,1.0
34.61999999936604,-0.49807332141540084,0.0,0.0,789.5855106587571,38,14.44830674064707,1.0
34.63999999936528,-0.5238100299347961,0.0,0.0,774.4354378694417,37,14.454119016474829,1.0
34.65999999936452,-0.5482071179620238,0.0,0.0,680.6561394091627,35,14.459903327092213,1.0
34.679999999363766,-0.5697172419790345,0.0,0.0,581.1186105351768,36,14.46565962642788,1.0
34.69999999936301,-0.5877987170076436,0.0,0.0,686.7900522193684,43,14.471387868410488,1.0
34.71999999936225,-0.6015175700954251,0.0,0.0,791.7373058769399,45,14.477088006968714,1.0
34.739999999361494,-0.6144440254163288,0.0,0.0,787.9146510313179,43,14.482759996031199,1.0
34.75999999936074,-0.6341633421663884,0.0,0.0,630.7955996113927,37,14.488403789526622,1.0
34.77999999935998,-0.6631989218167427,0.0,0.0,849.1413788311976,37,14.494019341383627,1.0
34.79999999935922,-0.6985168765033171,0.0,0.0,1215.9556805896984,38,14.499606605530891,1.0
34.819999999358465,-0.7546650428220212,0.0,0.0,1947.5167435494238,36,14.505165535897067,1.0
34.83999999935771,-0.8207699970140682,0.0,0.0,2210.980140494618,35,14.510696086410826,1.0
34.85999999935695,-0.8858743523699759,0.0,0.0,2210.608808989542,35,14.516198211000816,1.0
34.879999999356194,-0.9512984395182486,0.0,0.0,2260.6106089310374,36,14.521671863595708,1.0
34.89999999935544,-1.0198941730728148,0.0,0.0,2255.3252483879073,37,14.527116998124153,1.0
34.91999999935468,-1.0930628865549927,0.0,0.0,2152.317033319325,39,14.532533568514822,1.0
34.93999999935392,-1.1678508771802458,0.0,0.0,1905.0193954213532,43,14.53792152869638,1.0
34.959999999353165,-1.252759702747444,0.0,0.0,1906.2640298730987,46,14.543280832597477,1.0
34.97999999935241,-1.378863669465981,0.0,0.0,2033.9249825744823,40,14.548611434146784,1.0
34.99999999935165,-1.5093970194264639,0.0,0.0,1770.2214325896334,37,14.553913287272957,1.0
35.019999999350894,-1.6602156893835114,0.0,0.0,2735.5717782359607,36,14.559186345904658,1.0
35.03999999935014,-1.8291702557954088,0.0,0.0,4303.736706893124,37,14.564430563970548,1.0
35.05999999934938,-2.015789686303567,0.0,0.0,3174.0352944802867,36,14.569645895399288,1.0
35.07999999934862,-2.22154487380955,0.0,0.0,5079.198284045942,36,14.57483229411954,1.0
35.099999999347865,-2.402498211660493,0.0,0.0,5846.2507915012075,35,14.579989714059973,1.0
35.11999999934711,-2.50316786437111,0.0,0.0,4871.4657416241835,34,14.585118109149233,1.0
35.13999999934635,-2.526123639298358,0.0,0.0,2775.3872530705735,37,14.590217433315997,1.0
35.159999999345594,-2.5307882634068535,0.0,0.0,1036.4031069767036,43,14.595287640488916,1.0
35.17999999934484,-2.547128197226976,0.0,0.0,1212.0908234701556,39,14.600328684596661,1.0
35.19999999934408,-2.5609395133335666,0.0,0.0,1157.4033338837394,39,14.605340519567877,1.0
35.21999999934332,-2.559902502385897,0.0,0.0,990.1941230511742,37,14.61032309933125,1.0
35.239999999342565,-2.5392979499581196,0.0,0.0,853.6503906405902,36,14.615276377815412,1.0
35.25999999934181,-2.4914648007183486,0.0,0.0,857.9181455981922,41,14.620200308949046,1.0
35.27999999934105,-2.386238477301506,0.0,0.0,749.6604928961458,44,14.625094846660806,1.0
35.299999999340294,-2.2330626124405653,0.0,0.0,1217.7363350132741,41,14.62995994487936,1.0
35.31999999933954,-1.8802769543773434,0.0,0.0,15446.774018082839,39,14.634795557533359,1.0
35.33999999933878,-1.3901873865981627,0.0,0.0,30873.48264179522,32,14.639601638551468,1.0
35.35999999933802,-1.1753644442294444,0.0,0.0,3836.9697963541385,36,14.644378141862353,1.0
35.379999999337265,-1.2034922337388567,0.0,0.0,396.71050545665963,52,14.649125021394676,1.0
35.39999999933651,-1.2407338128917875,0.0,0.0,1908.8659875622432,51,14.653842231077086,1.0
35.41999999933575,-1.2364360249146766,0.0,0.0,1720.777418147466,46,14.658529724838255,1.0
35.439999999334994,-1.1938470898592883,0.0,0.0,1520.9025091564538,42,14.663187456606844,1.0
35.45999999933424,-1.127086894175819,0.0,0.0,1855.3710158828985,39,14.667815380311513,1.0
35.47999999933348,-1.057666179624165,0.0,0.0,1527.648401947157,40,14.672413449880924,1.0
35.49999999933272,-0.9965123271744004,0.0,0.0,1399.4343655453179,37,14.676981619243739,1.0
35.519999999331965,-0.9469249670884274,0.0,0.0,910.9717392721382,39,14.681519842328608,1.0
35.53999999933121,-0.9000896141328047,0.0,0.0,918.5184241118882,37,14.686028073064218,1.0
35.55999999933045,-0.8552313668615104,0.0,0.0,991.6322061045943,38,14.690506265379202,1.0
35.579999999329694,-0.810586694771272,0.0,0.0,1058.5031128526432,39,14.69495437320224,1.0
35.599999999328936,-0.7675020604318323,0.0,0.0,1102.0309196273372,34,14.69937235046199,1.0
35.61999999932818,-0.743565416605872,0.0,0.0,904.2393457837364,35,14.703760151087108,1.0
35.63999999932742,-0.7306491988558226,0.0,0.0,757.5591428900784,35,14.708117729006256,1.0
35.659999999326665,-0.7276735821393036,0.0,0.0,760.1780237401789,33,14.712445038148106,1.0
35.67999999932591,-0.7314961985565948,0.0,0.0,846.7022188296793,34,14.716742032441307,1.0
35.69999999932515,-0.7403234665547975,0.0,0.0,975.836269748239,32,14.721008665814516,1.0
35.71999999932439,-0.7531954211881118,0.0,0.0,1180.4003350748173,33,14.725244892196415,1.0
35.739999999323636,-0.767386540906841,0.0,0.0,1122.379257414721,33,14.72945066551565,1.0
35.75999999932288,-0.7798283806706958,0.0,0.0,817.07038604926,32,14.733625939700884,1.0
35.77999999932212,-0.797961995272753,0.0,0.0,979.1621883795221,30,14.737770668680785,1.0
35.799999999321365,-0.817330293034524,0.0,0.0,949.2874168418265,30,14.741884806384006,1.0
35.81999999932061,-0.8360030645628352,0.0,0.0,819.190085559841,33,14.745968306739211,1.0
35.83999999931985,-0.8625753634607806,0.0,0.0,935.5113682377823,37,14.750021123675067,1.0
35.85999999931909,-0.8903086099883263,0.0,0.0,785.1821582118005,36,14.75404321112023,1.0
35.879999999318336,-0.9079740606912755,0.0,0.0,1180.6625628174509,34,14.758034523003364,1.0
35.89999999931758,-0.9315067078985222,0.0,0.0,3034.705585857988,31,14.761995013253124,1.0
35.91999999931682,-0.9762184862577435,0.0,0.0,4195.955815985721,31,14.765924635798184,1.0
35.939999999316065,-1.0251602660586794,0.0,0.0,3874.717499006879,31,14.769823344567186,1.0
35.95999999931531,-1.0727898518522068,0.0,0.0,3549.5217314707547,31,14.773691093488814,1.0
35.97999999931455,-1.1193758261215374,0.0,0.0,3364.3849279626293,30,14.777527836491716,1.0
35.99999999931379,-1.1650381524671651,0.0,0.0,3263.5335252410787,30,14.78133352750456,1.0
36.019999999313036,-1.207311101070199,0.0,0.0,3026.8189436027515,30,14.785108120455995,1.0
36.03999999931228,-1.2384270969877889,0.0,0.0,2103.8071853193624,31,14.788851569274689,1.0
36.05999999931152,-1.2518043827917429,0.0,0.0,700.0554295910508,41,14.792563827889317,1.0
36.079999999310765,-1.2892529840902023,0.0,0.0,1521.9800769378273,39,14.796244850228518,1.0
36.09999999931001,-1.3270808659337527,0.0,0.0,1296.3502702213282,28,14.799894590220976,1.0
36.11999999930925,-1.3290713155930858,0.0,0.0,741.7702436074005,22,14.803513001795325,1.0
36.13999999930849,-1.3042286394218698,0.0,0.0,352.8114875844713,39,14.807100038880254,1.0
36.159999999307736,-1.2785773166775538,0.0,0.0,434.46336125896846,58,14.81065565540441,1.0
36.17999999930698,-1.2482593247389004,0.0,0.0,725.4781377576163,46,14.814179805296453,1.0
36.19999999930622,-1.2211590843251086,0.0,0.0,650.9784642470105,50,14.817672442485051,1.0
36.219999999305465,-1.2053551127744688,0.0,0.0,1108.9003657432095,49,14.821133520898863,1.0
36.23999999930471,-1.187904803608075,0.0,0.0,706.4505869196366,42,14.824562994466552,1.0
36.25999999930395,-1.1485383405443046,0.0,0.0,1859.8541345987398,39,14.827960817116768,1.0
36.27999999930319,-1.0307880334784476,0.0,0.0,2451.8418630600745,43,14.831326942778196,1.0
36.299999999302436,-0.9366242285846813,0.0,0.0,1050.0404934559203,52,14.834661325379473,1.0
36.31999999930168,-0.8575887122170465,0.0,0.0,719.3640493307267,47,14.83796391884927,1.0
36.33999999930092,-0.7931559676533302,0.0,0.0,947.6927265481869,48,14.841234677116255,1.0
36.359999999300165,-0.7117954737666723,0.0,0.0,1540.6963352309722,50,14.84447355410908,1.0
36.37999999929941,-0.6287658280579704,0.0,0.0,1945.4859364831161,39,14.847680503756415,1.0
36.39999999929865,-0.5183493681183687,0.0,0.0,2232.6111072063118,30,14.850855479986917,1.0
36.41999999929789,-0.37944351925808734,0.0,0.0,2034.681462934321,27,14.853998436729237,1.0
36.439999999297136,-0.24419544958531345,0.0,0.0,1328.8927890976254,27,14.857109327912056,1.0
36.45999999929638,-0.1918302774843585,0.0,0.0,826.6967737375564,43,14.86018810746402,1.0
36.47999999929562,-0.1631319754903216,0.0,0.0,897.2743900152705,39,14.863234729313797,1.0
36.499999999294864,-0.10819306503325482,0.0,0.0,1470.9567306691852,47,14.866249147390047,1.0
36.51999999929411,-0.04177963204930772,0.0,0.0,1531.7013855592388,45,14.869231315621436,1.0
36.53999999929335,0.011203201015318109,0.0,0.0,1355.8142871603643,37,14.872181187936615,1.0
36.55999999929259,0.07115271917822896,0.0,0.0,1048.3852022115966,38,14.875098718264256,1.0
36.579999999291836,0.0905805416617357,0.0,0.0,246.3644155495909,53,14.877983860533014,1.0
36.59999999929108,0.11159734176476137,0.0,0.0,732.1937936918744,43,14.880836568671556,1.0
36.61999999929032,0.16059371108527315,0.0,0.0,998.785175581843,39,14.883656796608536,1.0
36.639999999289564,0.2172922536042895,0.0,0.0,1067.9411960785928,31,14.886444498272622,1.0
36.65999999928881,0.24149545805220485,0.0,0.0,459.9621682556971,33,14.889199627592479,1.0
36.67999999928805,0.2468123769738698,0.0,0.0,301.3435143013037,63,14.891922138496751,1.0
36.69999999928729,0.2576603205590136,0.0,0.0,572.0267193072883,59,14.894611984914114,1.0
36.719999999286536,0.280383821658937,0.0,0.0,725.2192817470366,57,14.897269120773224,1.0
36.73999999928578,0.3142738843371242,0.0,0.0,852.5010526105841,57,14.89989350000275,1.0
36.75999999928502,0.342135925902793,0.0,0.0,740.4583298767704,57,14.902485076531347,1.0
36.779999999284264,0.3677892183355536,0.0,0.0,659.3353364695997,52,14.905043804287674,1.0
36.79999999928351,0.39031973990852087,0.0,0.0,520.5453860687305,57,14.907569637200393,1.0
36.81999999928275,0.4101100794326063,0.0,0.0,431.78487461047644,62,14.910062529198175,1.0
36.83999999928199,0.42575991656011586,0.0,0.0,936.1985972300772,56,14.912522434209677,1.0
36.859999999281236,0.4329321353715241,0.0,0.0,884.7182207196191,46,14.914949306163548,1.0
36.87999999928048,0.43735245867935263,0.0,0.0,581.019667153351,53,14.91734309898847,1.0
36.89999999927972,0.4601150884168951,0.0,0.0,561.374491937831,67,14.919703766613088,1.0
36.919999999278964,0.5057958160545347,0.0,0.0,1097.2680989883772,64,14.922031262966067,1.0
36.93999999927821,0.5507837644719094,0.0,0.0,792.7143057159122,58,14.924325541976074,1.0
36.95999999927745,0.5903323125081624,0.0,0.0,709.6483346868597,54,14.926586557571769,1.0
36.97999999927669,0.6189505600348147,0.0,0.0,462.74464246172215,62,14.928814263681808,1.0
36.999999999275936,0.6405212771847765,0.0,0.0,662.28815440445,61,14.931008614234857,1.0
37.01999999927518,0.6582175631949836,0.0,0.0,567.5400377408635,58,14.933169563159574,1.0
37.03999999927442,0.6855797805249244,0.0,0.0,786.7205139184122,52,14.935297064384628,1.0
37.059999999273664,0.7123366872260605,0.0,0.0,1017.6140427547125,43,14.93739107183867,1.0
37.07999999927291,0.7140932521990407,0.0,0.0,646.7992704970742,39,14.939451539450367,1.0
37.09999999927215,0.6912170004025543,0.0,0.0,247.49657122938387,40,14.941478421148384,1.0
37.11999999927139,0.6671765086887111,0.0,0.0,88.71053426936194,61,14.943471670861378,1.0
37.139999999270636,0.6463242499047773,0.0,0.0,591.4828286729265,52,14.945431242518001,1.0
37.15999999926988,0.5993174050336835,0.0,0.0,579.9146572277917,54,14.94735709004694,1.0
37.17999999926912,0.46799450506171447,0.0,0.0,920.8907305644174,53,14.949249167376827,1.0
37.199999999268364,0.41393415998379934,0.0,0.0,505.95807394213904,58,14.951107428436343,1.0
37.21999999926761,0.40207101169079956,0.0,0.0,716.3935007597346,55,14.952931827154144,1.0
37.23999999926685,0.3911875679409559,0.0,0.0,761.778778292672,55,14.954722317458891,1.0
37.25999999926609,0.3835260466429107,0.0,0.0,335.5515789593703,63,14.95647885327924,1.0
37.279999999265335,0.373616612754585,0.0,0.0,340.0785096012455,67,14.95820138854387,1.0
37.29999999926458,0.3491171589948425,0.0,0.0,364.8662228651658,58,14.959889877181421,1.0
37.31999999926382,0.331914349324219,0.0,0.0,829.7203102775735,56,14.96154427312056,1.0
37.339999999263064,0.32349585436044237,0.0,0.0,548.5799687571628,67,14.96316453028996,1.0
37.35999999926231,0.3290724816785321,0.0,0.0,783.4118567187674,66,14.964750602618267,1.0
37.37999999926155,0.3296713983451191,0.0,0.0,1035.4925756370817,53,14.966302444034154,1.0
37.39999999926079,0.3158280712999387,0.0,0.0,995.0908922489687,47,14.967820008466283,1.0
37.419999999260035,0.2786616306168003,0.0,0.0,732.8444144206437,52,14.969303249843307,1.0
37.43999999925928,0.2710179490403661,0.0,0.0,360.8017863754307,65,14.970752122093888,1.0
37.45999999925852,0.2474832430316673,0.0,0.0,704.9292893801739,64,14.972166579146696,1.0
37.479999999257764,0.21284483146661576,0.0,0.0,1065.1634196610714,66,14.973546574930381,1.0
37.49999999925701,0.17056200680145545,0.0,0.0,1406.413609070462,62,14.974892063373613,1.0
37.51999999925625,0.11274078399264234,0.0,0.0,1353.8427010776982,56,14.976202998405052,1.0
37.53999999925549,0.04470060337772681,0.0,0.0,1275.9264775486179,54,14.977479333953358,1.0
37.559999999254735,0.002165768499572864,0.0,0.0,211.08553165712505,71,14.978721023947193,1.0
37.57999999925398,-0.010612737892198576,0.0,0.0,744.4024910403081,67,14.979928022315214,1.0
37.59999999925322,-0.054850529091379704,0.0,0.0,1246.2058206953523,62,14.981100282986088,1.0
37.619999999252464,-0.10231574692243793,0.0,0.0,1162.279245332759,55,14.982237759888479,1.0
37.63999999925171,-0.12648880342375315,0.0,0.0,531.1071669843864,56,14.983340406951042,1.0
37.65999999925095,-0.12464121416534416,0.0,0.0,716.5249647600108,65,14.98440817810244,1.0
37.67999999925019,-0.13365552056411525,0.0,0.0,894.9139692280982,68,14.985441027271328,1.0
37.699999999249435,-0.1397892088298014,0.0,0.0,751.5883789559616,69,14.986438908386383,1.0
37.71999999924868,-0.14545647795614908,0.0,0.0,714.6976785232482,71,14.987401775376254,1.0
37.73999999924792,-0.15613481824386458,0.0,0.0,778.3038565336398,70,14.988329582169607,1.0
37.759999999247164,-0.1649977778872998,0.0,0.0,711.643367577673,67,14.989222282695104,1.0
37.77999999924641,-0.16719883880149713,0.0,0.0,416.1106133191711,68,14.99007983088141,1.0
37.79999999924565,-0.16617165646447787,0.0,0.0,310.36925978086776,73,14.990902180657175,1.0
37.81999999924489,-0.15360161143874881,0.0,0.0,210.71876513896737,67,14.991689285951074,1.0
37.839999999244135,-0.13178916824951142,0.0,0.0,193.80921190604064,63,14.992441100691753,1.0
37.85999999924338,-0.11108946185240082,0.0,0.0,119.6326781739368,61,14.993157578807887,1.0
37.87999999924262,-0.10267306037129272,0.0,0.0,84.51723955593152,72,14.993838674228126,1.0
37.899999999241864,-0.11614854541662753,0.0,0.0,185.96771603415885,67,14.994484340881138,1.0
37.91999999924111,-0.12950674828902495,0.0,0.0,123.1332224799658,64,14.995094532695592,1.0
37.93999999924035,-0.1434950300631109,0.0,0.0,259.98085705971374,70,14.995669203600139,1.0
37.95999999923959,-0.14447567123347246,0.0,0.0,105.7667910520537,73,14.99620830752344,1.0
37.979999999238835,-0.13582159617527803,0.0,0.0,139.2303512104753,73,14.996711798394166,1.0
37.99999999923808,-0.12542968989512254,0.0,0.0,44.81815705593568,71,14.997179630140966,1.0
38.01999999923732,-0.12182551704752627,0.0,0.0,91.71902949249358,71,14.997611756692503,1.0
38.039999999236564,-0.1381021177323023,0.0,0.0,163.18148495235272,64,14.998008131977452,1.0
38.05999999923581,-0.15550690852442106,0.0,0.0,217.82378281679775,64,14.998368709924456,1.0
38.07999999923505,-0.16508198980181793,0.0,0.0,132.31155861445197,59,14.998693444462193,1.0
38.09999999923429,-0.16465688792410746,0.0,0.0,34.751054557464236,73,14.998982289519311,1.0
38.119999999233535,-0.14930390139714414,0.0,0.0,78.02121903904046,70,14.99923519902448,1.0
38.13999999923278,-0.12278545747201718,0.0,0.0,110.55876020470862,72,14.999452126906357,1.0
38.15999999923202,-0.08864717175372416,0.0,0.0,132.55991939774097,71,14.999633027093607,1.0
38.17999999923126,-0.05076172898554242,0.0,0.0,714.1064400281242,69,14.999777853514892,1.0
38.199999999230506,-0.04068370662539592,0.0,0.0,349.0029274724072,69,14.999886560098867,1.0
38.21999999922975,-0.04009661405612787,0.0,0.0,215.84573231953507,67,14.9999591007742,1.0
38.23999999922899,-0.027406864369967487,0.0,0.0,302.9229351783465,69,14.999995429469546,1.0
38.259999999228235,0.002791133721403644,0.0,0.0,878.7996401768519,72,15.0,1.0
38.27999999922748,0.04228608450033535,0.0,0.0,1051.136151892817,65,15.0,1.0
38.29999999922672,0.06920813075095829,0.0,0.0,554.7638303951929,62,15.0,1.0
38.31999999922596,0.08318330514738534,0.0,0.0,188.7442784989726,73,15.0,1.0
38.339999999225206,0.08481471020242333,0.0,0.0,166.564334408578,69,15.0,1.0
38.35999999922445,0.06650124852260582,0.0,0.0,74.26550872262065,68,15.0,1.0
38.37999999922369,0.05029133312387562,0.0,0.0,62.84715378527533,66,15.0,1.0
38.399999999222935,0.03946324443615418,0.0,0.0,133.38982810776835,70,15.0,1.0
38.41999999922218,0.03932758884010349,0.0,0.0,90.34809283984741,70,15.0,1.0
38.43999999922142,0.05082735319338107,0.0,0.0,71.40557967392047,66,15.0,1.0
38.45999999922066,0.06639764942373982,0.0,0.0,131.8279514734278,68,15.0,1.0
38.479999999219906,0.0844399092836982,0.0,0.0,44.320688037592255,71,15.0,1.0
38.49999999921915,0.07575872852746278,0.0,0.0,112.28007861024966,67,15.0,1.0
38.51999999921839,0.06357138525623972,0.0,0.0,109.93549793176777,62,15.0,1.0
38.539999999217635,0.05669399558357775,0.0,0.0,142.76570031895108,69,15.0,1.0
38.55999999921688,0.05718684030998336,0.0,0.0,87.68080886742318,70,15.0,1.0
38.57999999921612,0.07311567053217978,0.0,0.0,423.4418381179117,65,15.0,1.0
38.59999999921536,0.12361303684903813,0.0,0.0,361.57281458939366,61,15.0,1.0
38.619999999214606,0.1491803779624721,0.0,0.0,140.4291718242073,66,15.0,1.0
38.63999999921385,0.16139737417434896,0.0,0.0,83.61887652796308,69,15.0,1.0
38.65999999921309,0.14913979902656127,0.0,0.0,208.6985247052909,67,15.0,1.0
38.679999999212335,0.13640097815784982,0.0,0.0,83.48223775701628,71,15.0,1.0
38.69999999921158,0.12899093747358387,0.0,0.0,191.20937064896563,70,15.0,1.0
38.71999999921082,0.12894098593665745,0.0,0.0,493.2617775390843,65,15.0,1.0
38.73999999921006,0.14133653502818894,0.0,0.0,314.59478244535933,60,15.0,1.0
38.759999999209306,0.14293203335267057,0.0,0.0,562.5256820475026,65,15.0,1.0
38.77999999920855,0.12853131828189876,0.0,0.0,117.69586347394879,69,15.0,1.0
38.79999999920779,0.10802291344539632,0.0,0.0,265.30030790070464,66,15.0,1.0
38.819999999207035,0.07757551796439556,0.0,0.0,286.46569185898437,61,15.0,1.0
38.83999999920628,0.05088439378072944,0.0,0.0,586.5956803213134,65,15.0,1.0
38.85999999920552,0.043299404556252155,0.0,0.0,686.6475218224023,68,15.0,1.0
38.87999999920476,0.03781688442748614,0.0,0.0,1567.8968437612564,65,15.0,1.0
38.899999999204006,0.03840823682561707,0.0,0.0,1823.177310822318,64,15.0,1.0
38.91999999920325,0.03939295642859815,0.0,0.0,1141.692823830144,62,15.0,1.0
38.93999999920249,0.03684562435997553,0.0,0.0,533.168813251948,62,15.0,1.0
38.959999999201735,0.027119313723015872,0.0,0.0,474.3304268166167,61,15.0,1.0
38.97999999920098,0.02300019063239665,0.0,0.0,381.4030520297274,57,15.0,1.0
38.99999999920022,0.029078101633645312,0.0,0.0,225.3740004385585,66,15.0,1.0
39.01999999919946,0.049080105864488396,0.0,0.0,362.7178370465815,65,15.0,1.0
39.039999999198706,0.08311089970608973,0.0,0.0,953.3633101942092,61,15.0,1.0
39.05999999919795,0.11256585786237168,0.0,0.0,670.1091409434441,59,15.0,1.0
39.07999999919719,0.12167366269300484,0.0,0.0,353.94484534259044,67,15.0,1.0
39.099999999196434,0.12154067746879173,0.0,0.0,93.56008559156238,68,15.0,1.0
39.11999999919568,0.11346348921559171,0.0,0.0,277.10070241973995,62,15.0,1.0
39.13999999919492,0.1052843308802471,0.0,0.0,254.8246686802925,66,15.0,1.0
39.15999999919416,0.09850241712530824,0.0,0.0,260.3275467413899,68,15.0,1.0
39.179999999193406,0.08136248880988284,0.0,0.0,991.3599262776879,61,15.0,1.0
39.19999999919265,0.07088107950126596,0.0,0.0,1460.7512606450366,59,15.0,1.0
39.21999999919189,0.059317998575552526,0.0,0.0,623.6463427116582,66,15.0,1.0
39.239999999191134,0.05038242194099749,0.0,0.0,546.9777653616894,60,15.0,1.0
39.25999999919038,0.026130661922175426,0.0,0.0,786.9201268028577,56,15.0,1.0
39.27999999918962,-0.001023580359760455,0.0,0.0,579.9415180335011,58,15.0,1.0
39.29999999918886,-0.012098129865920995,0.0,0.0,564.3510729313189,67,15.0,1.0
39.319999999188106,-0.017976117364877083,0.0,0.0,903.5317334162507,67,15.0,1.0
39.33999999918735,-0.017552397821295675,0.0,0.0,1687.8226149421566,65,15.0,1.0
39.35999999918659,-0.010700307583064905,0.0,0.0,1303.5021709231169,65,15.0,1.0
39.379999999185834,-0.00032483523579225057,0.0,0.0,647.6530179060692,65,15.0,1.0
39.39999999918508,0.005611471887455693,0.0,0.0,334.54375574959107,64,15.0,1.0
39.41999999918432,0.015367774070714475,0.0,0.0,431.8541512703782,61,15.0,1.0
39.43999999918356,0.03967153441760618,0.0,0.0,167.48734928945817,65,15.0,1.0
39.459999999182806,0.0715482592210494,0.0,0.0,96.52478409431772,66,15.0,1.0
39.47999999918205,0.11609734158969792,0.0,0.0,94.61620662864273,62,15.0,1.0
39.49999999918129,0.15700491195257094,0.0,0.0,352.2500432214904,58,15.0,1.0
39.519999999180534,0.17401797270111544,0.0,0.0,64.83140320089362,68,15.0,1.0
39.53999999917978,0.1823565934529268,0.0,0.0,39.589736584148156,68,15.0,1.0
39.55999999917902,0.1731819668854923,0.0,0.0,162.17950589902517,68,15.0,1.0
39.57999999917826,0.16759318755684224,0.0,0.0,190.9995959889631,68,15.0,1.0
39.599999999177506,0.16144888808222688,0.0,0.0,332.16381969420377,69,15.0,1.0
39.61999999917675,0.148132501288104,0.0,0.0,560.985676127436,62,15.0,1.0
39.63999999917599,0.1360651156937137,0.0,0.0,1533.9519001717385,59,15.0,1.0
39.659999999175234,0.11980975882592657,0.0,0.0,1802.5609381962224,61,15.0,1.0
39.67999999917448,0.10832917510910539,0.0,0.0,982.3896134480353,67,15.0,1.0
39.69999999917372,0.09764476214289737,0.0,0.0,860.0102384242556,64,15.0,1.0
39.71999999917296,0.07440757721098983,0.0,0.0,1230.8697337339574,59,15.0,1.0
39.739999999172205,0.06200621294436685,0.0,0.0,817.7485467011882,63,15.0,1.0
39.75999999917145,0.05824332631882719,0.0,0.0,877.0347194175876,67,15.0,1.0
39.77999999917069,0.05737241605328364,0.0,0.0,1553.8897373653592,64,15.0,1.0
39.799999999169934,0.061110023699379463,0.0,0.0,2194.889159194048,58,15.0,1.0
39.81999999916918,0.06682619809722566,0.0,0.0,1481.9467678430415,59,15.0,1.0
39.83999999916842,0.0743332638169441,0.0,0.0,195.0749591619366,62,15.0,1.0
39.85999999916766,0.07418249585525385,0.0,0.0,260.20425553406915,61,15.0,1.0
39.879999999166905,0.07504276050937027,0.0,0.0,312.0584082832269,60,15.0,1.0
39.89999999916615,0.08194821922073652,0.0,0.0,193.9683864671581,65,15.0,1.0
39.91999999916539,0.10008936206262581,0.0,0.0,120.31050722224839,65,15.0,1.0
39.939999999164634,0.11451034088190609,0.0,0.0,205.51495444941716,66,15.0,1.0
39.95999999916388,0.13041175934792068,0.0,0.0,167.55210344147437,67,15.0,1.0
39.97999999916312,0.14118515373088145,0.0,0.0,210.8448937789867,64,15.0,1.0
39.99999999916236,0.14779783517755685,0.0,0.0,231.4614857125713,66,15.0,1.0
40.019999999161605,0.15600027762575977,0.0,0.0,254.77528497743856,60,15.0,1.0
40.03999999916085,0.16558061659011591,0.0,0.0,420.3125775299173,63,15.0,1.0
40.05999999916009,0.16675158905277065,0.0,0.0,735.1789038989115,67,15.0,1.0
40.079999999159334,0.16476470539414054,0.0,0.0,965.0661919173476,64,15.0,1.0
40.09999999915858,0.16129298132714923,0.0,0.0,960.9488114729418,63,15.0,1.0
40.11999999915782,0.15603135921706668,0.0,0.0,786.7659413652012,62,15.0,1.0
40.13999999915706,0.15306685562884517,0.0,0.0,630.9916296867664,63,15.0,1.0
40.159999999156305,0.15067944189996288,0.0,0.0,568.5030664383053,63,15.0,1.0
40.17999999915555,0.1499839844527699,0.0,0.0,531.8750183555796,64,15.0,1.0
40.19999999915479,0.15348486459447014,0.0,0.0,526.1924909787726,64,15.0,1.0
40.219999999154034,0.1619931326331663,0.0,0.0,440.22757627039397,63,15.0,1.0
40.23999999915328,0.17278606847194322,0.0,0.0,379.9607944203941,60,15.0,1.0
40.25999999915252,0.19040845226981767,0.0,0.0,291.8588525372785,57,15.0,1.0
40.27999999915176,0.2094605454789333,0.0,0.0,254.1375897723547,57,15.0,1.0
40.299999999151005,0.22979350758078365,0.0,0.0,220.62874276694336,55,15.0,1.0
40.31999999915025,0.2548186224689698,0.0,0.0,238.09926035346209,56,15.0,1.0
40.33999999914949,0.2817519983717719,0.0,0.0,302.190163708687,61,15.0,1.0
40.359999999148734,0.31145310374189855,0.0,0.0,418.95340798274407,62,15.0,1.0
40.37999999914798,0.3451344344514605,0.0,0.0,540.48029844246,58,15.0,1.0
40.39999999914722,0.3812119911991751,0.0,0.0,597.2023860227192,56,15.0,1.0
40.41999999914646,0.4179199397902245,0.0,0.0,628.0134657634565,57,15.0,1.0
40.439999999145705,0.45502701585138516,0.0,0.0,633.2515324361495,56,15.0,1.0
40.45999999914495,0.4929816806383466,0.0,0.0,663.6851449081654,55,15.0,1.0
40.47999999914419,0.531896984767668,0.0,0.0,691.2727991915839,56,15.0,1.0
40.499999999143434,0.571111342203268,0.0,0.0,725.5979974296974,56,15.0,1.0
40.51999999914268,0.6103338466741642,0.0,0.0,738.3444185204223,55,15.0,1.0
40.53999999914192,0.6483589433650158,0.0,0.0,703.1314232665695,56,15.0,1.0
40.55999999914116,0.6844578382421243,0.0,0.0,650.623404983675,54,15.0,1.0
40.579999999140405,0.7184264777731111,0.0,0.0,596.3727216919373,54,15.0,1.0
40.59999999913965,0.75344729916903,0.0,0.0,709.9680571143151,55,15.0,1.0
40.61999999913889,0.7935451845405107,0.0,0.0,980.8213081937545,54,15.0,1.0
40.63999999913813,0.841430385979494,0.0,0.0,1251.0549094359449,53,15.0,1.0
40.659999999137376,0.8967311435312645,0.0,0.0,1535.3136723913526,52,15.0,1.0
40.67999999913662,0.9550659202025101,0.0,0.0,1524.9449116488252,54,15.0,1.0
40.69999999913586,1.0155851315953122,0.0,0.0,1700.2543443729953,53,15.0,1.0
40.719999999135105,1.0829107784179153,0.0,0.0,1765.9377353501814,50,15.0,1.0
40.73999999913435,1.1688587942878885,0.0,0.0,3053.7968101223564,48,15.0,1.0
40.75999999913359,1.296466313272479,0.0,0.0,2854.0969488730443,52,15.0,1.0
40.77999999913283,1.4061205844763411,0.0,0.0,1947.843380461012,54,15.0,1.0
40.799999999132076,1.5219356595086992,0.0,0.0,2981.443179696118,53,15.0,1.0
40.81999999913132,1.6768403905874563,0.0,0.0,4220.1241061751925,52,15.0,1.0
40.83999999913056,1.92118333235556,0.0,0.0,11320.689883184068,50,15.0,1.0
40.859999999129805,2.2472805209784905,0.0,0.0,19477.501517352957,51,15.0,1.0
40.87999999912905,2.4982423684804362,0.0,0.0,31654.979048986595,54,15.0,1.0
40.89999999912829,2.655532779780968,0.0,0.0,51192.97805577671,50,15.0,1.0
40.91999999912753,2.91385839282731,0.0,0.0,33928.31268451332,54,15.0,1.0
40.939999999126776,3.201912762378179,0.0,0.0,49376.104144747216,47,15.0,1.0
40.95999999912602,3.1870490457634135,0.0,0.0,21567.26955827432,49,15.0,1.0
40.97999999912526,3.173806296155216,0.0,0.0,11907.661228880577,52,15.0,1.0
40.999999999124505,3.1600552385645786,0.0,0.0,8203.375281884748,50,15.0,1.0
41.01999999912375,3.1344774789496523,0.0,0.0,4278.185066281893,47,15.0,1.0
41.03999999912299,3.105653205641895,0.0,0.0,6328.212858720212,47,15.0,1.0
41.05999999912223,2.9932664544577103,0.0,0.0,6504.574181241107,46,15.0,1.0
41.079999999121476,2.7755099280618327,0.0,0.0,4639.439634650843,51,15.0,1.0
41.09999999912072,1.9307924078275496,0.0,0.0,9792.80030937681,46,15.0,1.0
41.11999999911996,0.4742133866811903,0.0,0.0,27639.47477692047,45,15.0,1.0
41.139999999119205,0.5002564347860361,0.0,0.0,3966.698531995627,43,15.0,1.0
41.15999999911845,0.31269014513031435,0.0,0.0,1287.6357810999416,49,15.0,1.0
41.17999999911769,0.2150113841427662,0.0,0.0,644.2712987200196,49,15.0,1.0
41.19999999911693,0.155460873371303,0.0,0.0,357.9892824724322,56,15.0,1.0
41.219999999116176,0.12751127381743976,0.0,0.0,219.98905767130228,51,15.0,1.0
41.23999999911542,0.1198529377099233,0.0,0.0,367.2198559655056,51,15.0,1.0
41.25999999911466,0.116304799461148,0.0,0.0,556.96733355934,45,15.0,1.0
41.279999999113905,0.08548632626993345,0.0,0.0,814.5447341236378,39,15.0,1.0
41.29999999911315,0.031222278167660954,0.0,0.0,1330.4962227579492,48,15.0,1.0
41.31999999911239,-0.01551802623608153,0.0,0.0,1684.3829737765786,49,15.0,1.0
41.33999999911163,-0.03552535154745515,0.0,0.0,2665.9109022242274,36,15.0,1.0
41.359999999110876,-0.04398248925325733,0.0,0.0,2145.4672876308578,38,15.0,1.0
41.37999999911012,-0.030560898157030336,0.0,0.0,1775.4630941698022,34,15.0,1.0
41.39999999910936,0.005006335917711976,0.0,0.0,2173.2081967380245,53,15.0,1.0
41.419999999108605,0.009675733119778377,0.0,0.0,1050.9066193570377,50,15.0,1.0
41.43999999910785,-0.035231877938181846,0.0,0.0,547.7743843816081,36,15.0,1.0
41.45999999910709,-0.07343330380031272,0.0,0.0,751.736244368197,32,15.0,1.0
41.47999999910633,-0.13779090319122944,0.0,0.0,540.8021182688458,59,15.0,1.0
41.499999999105576,-0.1670020966311383,0.0,0.0,865.1124311475751,50,15.0,1.0
41.51999999910482,-0.20119651393060603,0.0,0.0,774.6580580178112,44,15.0,1.0
41.53999999910406,-0.24565937969799503,0.0,0.0,809.9992988468989,46,15.0,1.0
41.559999999103304,-0.27249886916610017,0.0,0.0,1455.0978326557968,47,15.0,1.0
41.57999999910255,-0.2840564192230532,0.0,0.0,1207.934343365994,48,15.0,1.0
41.59999999910179,-0.28538565451952275,0.0,0.0,1515.841062215237,43,15.0,1.0
41.61999999910103,-0.28408153465713826,0.0,0.0,419.4839628534736,52,15.0,1.0
41.639999999100276,-0.28332302297442963,0.0,0.0,620.7022952326973,50,15.0,1.0
41.65999999909952,-0.2783725132465295,0.0,0.0,706.1244342169766,42,15.0,1.0
41.67999999909876,-0.25380423353980514,0.0,0.0,942.4988600507422,36,15.0,1.0
41.699999999098004,-0.1944996330217679,0.0,0.0,727.6066589353387,38,15.0,1.0
41.71999999909725,-0.14141695552640443,0.0,0.0,1599.220292880681,56,15.0,1.0
41.73999999909649,-0.0972423780716494,0.0,0.0,928.5251481066205,58,15.0,1.0
41.75999999909573,-0.06433790635758319,0.0,0.0,489.33139347533034,51,15.0,1.0
41.779999999094976,-0.04680847636526414,0.0,0.0,288.97444805634865,43,15.0,1.0
41.79999999909422,-0.042980172694409624,0.0,0.0,333.70844973689395,49,15.0,1.0
41.81999999909346,-0.05390609072676966,0.0,0.0,597.9924877942797,55,15.0,1.0
41.839999999092704,-0.06759657835204332,0.0,0.0,721.32357886752,52,15.0,1.0
41.85999999909195,-0.07988479950785415,0.0,0.0,976.9871018817518,49,15.0,1.0
41.87999999909119,-0.09082334205583614,0.0,0.0,1645.640908231873,41,15.0,1.0
41.89999999909043,-0.14754484086326317,0.0,0.0,1663.2880558768795,40,15.0,1.0
41.919999999089676,-0.16783018106770659,0.0,0.0,725.6539282611764,52,15.0,1.0
41.93999999908892,-0.20688586214088592,0.0,0.0,909.9926678450215,52,15.0,1.0
41.95999999908816,-0.2513638843853792,0.0,0.0,974.9038424010411,52,15.0,1.0
41.979999999087404,-0.29105675247367135,0.0,0.0,1001.9129235626533,53,15.0,1.0
41.99999999908665,-0.31875232392301744,0.0,0.0,770.5607624225918,50,15.0,1.0
42.01999999908589,-0.34064233483224354,0.0,0.0,747.3610176945066,50,15.0,1.0
42.03999999908513,-0.35667902623606557,0.0,0.0,710.6992726300242,45,15.0,1.0
42.059999999084376,-0.3643401737333889,0.0,0.0,633.2200639565891,46,15.0,1.0
42.07999999908362,-0.366167805064147,0.0,0.0,609.3280769538057,43,15.0,1.0
42.09999999908286,-0.36403994723102745,0.0,0.0,643.930607510587,49,15.0,1.0
42.119999999082104,-0.3590946047312902,0.0,0.0,528.7481276022248,53,15.0,1.0
42.13999999908135,-0.34630380955300505,0.0,0.0,477.12857205584254,51,15.0,1.0
42.15999999908059,-0.32752642619870526,0.0,0.0,406.10151229699454,52,15.0,1.0
42.17999999907983,-0.3063403994332515,0.0,0.0,408.8729641602751,53,15.0,1.0
42.199999999079076,-0.28613517202994115,0.0,0.0,423.8556580808984,58,15.0,1.0
42.21999999907832,-0.2660124351310794,0.0,0.0,444.3079754028687,50,15.0,1.0
42.23999999907756,-0.24417159987539633,0.0,0.0,502.96404268339927,48,15.0,1.0
42.259999999076804,-0.2232216875270438,0.0,0.0,527.1793226426407,44,15.0,1.0
42.27999999907605,-0.2056306945068459,0.0,0.0,409.1606957844854,42,15.0,1.0
42.29999999907529,-0.1921770489926582,0.0,0.0,305.1490154679098,64,15.0,1.0
42.31999999907453,-0.1819796897762268,0.0,0.0,503.45287741629335,63,15.0,1.0
42.339999999073775,-0.17376031037165227,0.0,0.0,647.7581626827366,64,15.0,1.0
42.35999999907302,-0.16563540994366435,0.0,0.0,707.8291058306997,64,15.0,1.0
42.37999999907226,-0.15927217160516632,0.0,0.0,584.2315918073219,61,15.0,1.0
42.399999999071504,-0.154392443696839,0.0,0.0,509.4415045272534,60,15.0,1.0
42.41999999907075,-0.14566738357574266,0.0,0.0,430.69914498275284,56,15.0,1.0
42.43999999906999,-0.13071815178493731,0.0,0.0,334.52611698615874,54,15.0,1.0
42.45999999906923,-0.10929220855166143,0.0,0.0,340.7147568056665,58,15.0,1.0
42.479999999068475,-0.08296248765928542,0.0,0.0,281.45671987983917,55,15.0,1.0
42.49999999906772,-0.05368722620791996,0.0,0.0,200.02632750493134,63,15.0,1.0
42.51999999906696,-0.023596657481720518,0.0,0.0,193.29236955142937,66,15.0,1.0
42.539999999066204,0.005837101785611609,0.0,0.0,301.6636324418053,68,15.0,1.0
42.55999999906545,0.03482134455513673,0.0,0.0,372.72218943223936,68,15.0,1.0
42.57999999906469,0.06528038767464579,0.0,0.0,446.4848645893653,62,15.0,1.0
42.59999999906393,0.1013982344759414,0.0,0.0,361.27194947784506,61,15.0,1.0
42.619999999063175,0.14033537070825036,0.0,0.0,283.4296667642855,58,15.0,1.0
42.63999999906242,0.18337252770227747,0.0,0.0,423.4518108038355,60,15.0,1.0
42.65999999906166,0.23021839616877074,0.0,0.0,693.1355898524773,59,15.0,1.0
42.679999999060904,0.2704370665343659,0.0,0.0,535.8512592110841,57,15.0,1.0
42.69999999906015,0.29669405318439457,0.0,0.0,400.5299305630869,57,15.0,1.0
42.71999999905939,0.3086980773550023,0.0,0.0,767.576522078351,65,15.0,1.0
42.73999999905863,0.30721398128324184,0.0,0.0,1093.993489304065,67,15.0,1.0
42.759999999057875,0.2996963803163345,0.0,0.0,1138.3582085439768,67,15.0,1.0
42.77999999905712,0.2903077206225247,0.0,0.0,1133.6805439149448,66,15.0,1.0
42.79999999905636,0.28170834419583574,0.0,0.0,1030.2756987890755,64,15.0,1.0
42.819999999055604,0.2760502346923477,0.0,0.0,835.6733389434685,65,15.0,1.0
42.83999999905485,0.27297605091226446,0.0,0.0,904.1027249246313,65,15.0,1.0
42.85999999905409,0.2673136004706394,0.0,0.0,972.659336985867,63,15.0,1.0
42.87999999905333,0.26154014981636564,0.0,0.0,1014.3122654731749,62,15.0,1.0
42.899999999052575,0.25937069302956545,0.0,0.0,977.0412448850519,63,15.0,1.0
42.91999999905182,0.2644093566077012,0.0,0.0,937.8912533283315,63,15.0,1.0
42.93999999905106,0.27729921545404723,0.0,0.0,990.7551193278133,63,15.0,1.0
42.959999999050304,0.29278808636252085,0.0,0.0,1114.2625873098839,61,15.0,1.0
42.97999999904955,0.3049159776405655,0.0,0.0,1236.7160281780853,59,15.0,1.0
42.99999999904879,0.3140848489547989,0.0,0.0,1187.1760716315068,57,15.0,1.0
43.01999999904803,0.32238560721692133,0.0,0.0,1298.3281940836805,52,15.0,1.0
43.039999999047275,0.32887608172495886,0.0,0.0,1309.7272224021804,54,15.0,1.0
43.05999999904652,0.3212601516457094,0.0,0.0,1296.4149622415948,58,15.0,1.0
43.07999999904576,0.2954061208225677,0.0,0.0,1884.5257613643969,58,15.0,1.0
43.099999999045004,0.25061643390325067,0.0,0.0,2001.079056612494,60,15.0,1.0
43.119999999044246,0.19475414297303734,0.0,0.0,2157.296184965353,61,15.0,1.0
43.13999999904349,0.14617426465995567,0.0,0.0,2393.8765564199934,58,15.0,1.0
43.15999999904273,0.1109421025599583,0.0,0.0,2478.62689619627,57,15.0,1.0
43.179999999041975,0.09113717899599627,0.0,0.0,2563.008569206616,56,15.0,1.0
43.19999999904122,0.0840184033257437,0.0,0.0,2076.7502194339872,57,15.0,1.0
43.21999999904046,0.07625478797734964,0.0,0.0,1615.7600769508872,58,15.0,1.0
43.2399999990397,0.06051363293422777,0.0,0.0,1282.181454160867,58,15.0,1.0
43.259999999038946,0.047862058232339175,0.0,0.0,861.8420249129161,60,15.0,1.0
43.27999999903819,0.040926869598582986,0.0,0.0,592.9515272892994,60,15.0,1.0
43.29999999903743,0.03214435510268398,0.0,0.0,548.3415725579115,62,15.0,1.0
43.319999999036675,0.023105662407234162,0.0,0.0,785.0499656163706,62,15.0,1.0
43.33999999903592,0.01851362196564274,0.0,0.0,873.1213311254475,63,15.0,1.0
43.35999999903516,0.018950795731348544,0.0,0.0,768.1111955895701,63,15.0,1.0
43.3799999990344,0.02143442084150638,0.0,0.0,1154.0457160292985,65,15.0,1.0
43.399999999033646,0.023931099671283394,0.0,0.0,1382.7795538519306,62,15.0,1.0
43.41999999903289,0.032767964659948495,0.0,0.0,1285.1780793573694,61,15.0,1.0
43.43999999903213,0.04369345811473345,0.0,0.0,1106.484857729619,62,15.0,1.0
43.459999999031375,0.05532990506836062,0.0,0.0,1090.0193360771293,59,15.0,1.0
43.47999999903062,0.06678893104306555,0.0,0.0,977.1924356481403,59,15.0,1.0
43.49999999902986,0.07688947419632189,0.0,0.0,988.3754313256716,58,15.0,1.0
43.5199999990291,0.07880367006951028,0.0,0.0,996.4715398034539,59,15.0,1.0
43.539999999028346,0.058626592028792016,0.0,0.0,1332.1960407678212,59,15.0,1.0
43.55999999902759,0.026505982116899297,0.0,0.0,1311.9157287991625,59,15.0,1.0
43.57999999902683,-0.0037356883457853925,0.0,0.0,1375.599864651048,58,15.0,1.0
43.599999999026075,-0.02826167763552148,0.0,0.0,1192.0972921740818,58,15.0,1.0
43.61999999902532,-0.04779352057328401,0.0,0.0,972.9108554867945,59,15.0,1.0
43.63999999902456,-0.06466143684931931,0.0,0.0,839.0398153835101,61,15.0,1.0
43.6599999990238,-0.07884109366719942,0.0,0.0,1026.058336640993,57,15.0,1.0
43.679999999023046,-0.08828251544404032,0.0,0.0,985.9472819360544,55,15.0,1.0
43.69999999902229,-0.08857901217887218,0.0,0.0,750.0328309093732,56,15.0,1.0
43.71999999902153,-0.08550680436731782,0.0,0.0,804.2215219888233,58,15.0,1.0
43.739999999020775,-0.08622178490966213,0.0,0.0,867.3901926021779,57,15.0,1.0
43.75999999902002,-0.08948331446324577,0.0,0.0,1222.0786418157008,57,15.0,1.0
43.77999999901926,-0.08716829166892022,0.0,0.0,1062.040225673213,53,15.0,1.0
43.7999999990185,-0.07222223221521674,0.0,0.0,913.1051976767214,50,15.0,1.0
43.819999999017746,-0.046806981440713914,0.0,0.0,659.5996949858963,53,15.0,1.0
43.83999999901699,-0.015823451911510137,0.0,0.0,535.613834037496,57,15.0,1.0
43.85999999901623,0.01807155036483932,0.0,0.0,505.0390409582885,56,15.0,1.0
43.879999999015475,0.054932862761593704,0.0,0.0,591.5615421327989,54,15.0,1.0
43.89999999901472,0.0912099046976395,0.0,0.0,577.4334306009265,51,15.0,1.0
43.91999999901396,0.12346694309884028,0.0,0.0,498.1972977762002,50,15.0,1.0
43.9399999990132,0.14861799017907223,0.0,0.0,683.9345905286896,55,15.0,1.0
43.959999999012446,0.16405011747983156,0.0,0.0,930.9853803817786,52,15.0,1.0
43.97999999901169,0.16738661198673552,0.0,0.0,1545.9427520083684,47,15.0,1.0
43.99999999901093,0.15704998671563186,0.0,0.0,1894.1373034019955,50,15.0,1.0
44.019999999010174,0.14113407569219302,0.0,0.0,1517.249463899768,45,15.0,1.0
44.03999999900942,0.12756394767491178,0.0,0.0,976.7761035876837,46,15.0,1.0
44.05999999900866,0.12014063494759364,0.0,0.0,855.9494839161167,46,15.0,1.0
44.0799999990079,0.11136948813216553,0.0,0.0,950.0285751869917,42,15.0,1.0
44.099999999007146,0.10451605156767481,0.0,0.0,938.6355393174836,38,15.0,1.0
44.11999999900639,0.10017797769711921,0.0,0.0,998.4408524479684,35,15.0,1.0
44.13999999900563,0.09925562813451906,0.0,0.0,995.678653777039,38,15.0,1.0
44.159999999004874,0.10377462448223769,0.0,0.0,1101.7947544216345,43,15.0,1.0
44.17999999900412,0.11135757975746095,0.0,0.0,1091.4732682458312,45,15.0,1.0
44.19999999900336,0.12002694980680495,0.0,0.0,1176.403535490805,46,15.0,1.0
44.2199999990026,0.1314048204125406,0.0,0.0,1096.9172503418313,41,15.0,1.0
44.239999999001846,0.1499348393704537,0.0,0.0,957.2476584120249,40,15.0,1.0
44.25999999900109,0.17871413060258895,0.0,0.0,782.7165515465108,40,15.0,1.0
44.27999999900033,0.20701318126500406,0.0,0.0,688.0945891796777,44,15.0,1.0
44.299999998999574,0.2335899939790199,0.0,0.0,647.7294404108916,46,15.0,1.0
44.31999999899882,0.26063228547892414,0.0,0.0,659.6231781965051,51,15.0,1.0
44.33999999899806,0.28022636823385777,0.0,0.0,726.2385133300471,53,15.0,1.0
44.3599999989973,0.2961658677682535,0.0,0.0,888.9651041887458,51,15.0,1.0
44.379999998996546,0.3063222346302093,0.0,0.0,1033.390178147142,45,15.0,1.0
44.39999999899579,0.314158216074516,0.0,0.0,1241.4671657634576,42,15.0,1.0
44.41999999899503,0.3166913667107679,0.0,0.0,1359.4022054081597,40,15.0,1.0
44.439999998994274,0.3162826895166499,0.0,0.0,1416.5294571647366,37,15.0,1.0
44.45999999899352,0.3196391724092984,0.0,0.0,1790.4247177355835,37,15.0,1.0
44.47999999899276,0.3299225973081177,0.0,0.0,1749.7410862629447,39,15.0,1.0
44.499999998992,0.34358707679499284,0.0,0.0,1176.0072056570277,40,15.0,1.0
44.519999998991246,0.35698162721904425,0.0,0.0,1020.7700152710657,43,15.0,1.0
44.53999999899049,0.3687467659428226,0.0,0.0,1044.409019665963,48,15.0,1.0
44.55999999898973,0.38270447995158996,0.0,0.0,1002.6101092363522,49,15.0,1.0
44.579999998988974,0.3957650524912909,0.0,0.0,939.4864520068205,49,15.0,1.0
44.59999999898822,0.408293285808698,0.0,0.0,950.0085514386736,48,15.0,1.0
44.61999999898746,0.42238660175687415,0.0,0.0,968.3082889985501,48,15.0,1.0
44.6399999989867,0.4405769722974588,0.0,0.0,951.8318418315046,45,15.0,1.0
44.659999998985946,0.4639715160039199,0.0,0.0,921.6869388339222,43,15.0,1.0
44.67999999898519,0.49328865924056253,0.0,0.0,759.5147510590177,42,15.0,1.0
44.69999999898443,0.5278055898825167,0.0,0.0,668.6363268765717,42,15.0,1.0
44.719999998983674,0.5641052113305886,0.0,0.0,577.9322476128923,45,15.0,1.0
44.73999999898292,0.6039781262067915,0.0,0.0,596.5841832964634,39,15.0,1.0
44.75999999898216,0.6519222326364825,0.0,0.0,928.9746839733151,41,15.0,1.0
44.7799999989814,0.7090882130357472,0.0,0.0,1242.5814720707376,40,15.0,1.0
44.799999998980645,0.7666366850113427,0.0,0.0,1256.5456407434315,40,15.0,1.0
44.81999999897989,0.8175511633925605,0.0,0.0,1113.3662875589905,39,15.0,1.0
44.83999999897913,0.8632932253725499,0.0,0.0,904.3491765343908,36,15.0,1.0
44.859999998978374,0.907317394138849,0.0,0.0,826.3312926475613,36,15.0,1.0
44.87999999897762,0.9533430431298657,0.0,0.0,874.3346826470756,31,15.0,1.0
44.89999999897686,1.0030363437999434,0.0,0.0,906.3439149173759,31,15.0,1.0
44.9199999989761,1.0563528622023666,0.0,0.0,958.4758284245132,29,15.0,1.0
44.939999998975345,1.1153798528262786,0.0,0.0,1242.1181552020378,30,15.0,1.0
44.95999999897459,1.2019640854439781,0.0,0.0,1952.105965354819,33,15.0,1.0
44.97999999897383,1.297429196693986,0.0,0.0,2212.2876183359335,33,15.0,1.0
44.999999998973074,1.3938019043443217,0.0,0.0,3774.4463266844223,32,15.0,1.0
