t,omega_hub,omega_gnd,tau_gen,T_max,n_slack,backline_payout,k_mppt_scale
0.019999999999999858,9.519430586194067,9.914690817983214,1081.312034178207,0.0,75,0.0,1.0
0.03999999999999904,9.54967324947115,8.616446381987918,816.6746307903995,0.0,75,0.0,1.0
0.05999999999999823,9.57570214426106,7.74606600421677,660.0169239585103,0.0,75,0.0,1.0
0.07999999999999742,9.599168347387838,7.177207039014675,566.6353096896999,0.0,75,0.0,1.0
0.0999999999999966,9.62076309853108,6.861297616542438,517.8514548104804,0.0,75,0.0,1.0
0.11999999999999579,9.641003545434549,6.718944198653516,496.5863225908172,0.0,75,0.0,1.0
0.14000000000000018,9.660375983227846,6.69554128900163,493.1330046799817,0.0,75,0.0,1.0
0.1600000000000063,9.679039113207445,6.748879426643831,501.02110866914,0.0,75,0.0,1.0
0.18000000000001243,9.697551171519416,6.843437554512581,515.1590131876445,0.0,75,0.0,1.0
0.20000000000001855,9.716200115417676,6.955828060436231,532.2189840698726,0.0,75,0.0,1.0
0.22000000000002468,9.735141061450044,7.071635604559704,550.0883313604414,0.0,75,0.0,1.0
0.2400000000000308,9.754360635866174,7.183673508198151,567.6568157962672,0.0,75,0.0,1.0
0.26000000000003,9.773663708861111,7.289740571778431,584.5434936421578,0.0,75,0.0,1.0
0.28000000000002223,9.792765439146075,7.389366704992506,600.6301433093698,0.0,75,0.0,1.0
0.3000000000000145,9.811417450633094,7.4826073527374675,615.8835407476489,0.0,75,0.0,1.0
0.3200000000000067,9.82945030986242,7.569432908430756,630.2594601075795,0.0,75,0.0,1.0
0.33999999999999897,9.846744450943278,7.64940486026909,643.6473418793922,0.0,75,0.0,1.0
0.3599999999999912,9.86319344985626,7.721802728369511,655.888611134403,0.0,75,0.0,1.0
0.37999999999998346,9.878721923198619,7.7858325454928,666.8110726910039,0.0,75,0.0,1.0
0.3999999999999757,9.89334870482894,7.841057602085958,676.30402751153,0.0,75,0.0,1.0
0.41999999999996795,9.907217471264628,7.888018060953023,684.429118229132,0.0,75,0.0,1.0
0.4399999999999602,9.920565863391472,7.92851650579245,691.4751138088566,0.0,75,0.0,1.0
0.45999999999995245,9.93363229766781,7.9653778164141675,697.9196813404523,0.0,75,0.0,1.0
0.4799999999999447,9.946573925275457,8.00167569485289,704.2949531815943,0.0,75,0.0,1.0
0.49999999999993694,9.959437644721008,8.039877507541984,711.0359336990746,0.0,75,0.0,1.0
0.5199999999999569,9.972179478342387,8.081247031151953,718.3720893635249,0.0,75,0.0,1.0
0.5399999999999769,9.984708438961462,8.125744583746716,726.30497544318,0.0,75,0.0,1.0
0.559999999999997,9.99692662297786,8.172282805957607,734.6482688660537,0.0,75,0.0,1.0
0.580000000000017,10.008750148551995,8.219217833619922,743.1109597614534,0.0,75,0.0,1.0
0.600000000000037,10.020117661298475,8.264818047923933,751.379391018181,0.0,75,0.0,1.0
0.620000000000057,10.030996014804188,8.307642935732137,759.1862426238208,0.0,75,0.0,1.0
0.640000000000077,10.041389214540589,8.34680876884285,766.3613828599508,0.0,75,0.0,1.0
0.660000000000097,10.051342795370335,8.382177379163638,772.8698737733885,0.0,75,0.0,1.0
0.680000000000117,10.060934915416349,8.414311585921544,778.8070341147088,0.0,75,0.0,1.0
0.700000000000137,10.070251591896044,8.444283757886321,784.36521002073,0.0,75,0.0,1.0
0.720000000000157,10.079360615941196,8.473330934317747,789.7707083471269,0.0,75,0.0,1.0
0.740000000000177,10.088294809156015,8.502464567257471,795.2109408921565,0.0,75,0.0,1.0
0.760000000000197,10.09705061007065,8.53219071511414,800.7810623898795,0.0,75,0.0,1.0
0.780000000000217,10.105598845007567,8.562458311350502,806.4726156697682,0.0,75,0.0,1.0
0.800000000000237,10.113898135073617,8.592790028344586,812.1964451833996,0.0,75,0.0,1.0
0.820000000000257,10.121910324160714,8.622500256487555,817.8226174044075,0.0,75,0.0,1.0
0.840000000000277,10.129610100545621,8.650946514451205,823.22763155485,0.0,75,0.0,1.0
0.860000000000297,10.136986973667847,8.677685083670658,828.3244025249627,0.0,75,0.0,1.0
0.880000000000317,10.144046805717162,8.702542881800774,833.0767787053945,0.0,75,0.0,1.0
0.900000000000337,10.150811141513545,8.725646029385688,837.5058849314764,0.0,75,0.0,1.0
0.920000000000357,10.157313195200814,8.747367600753975,841.6808393699239,0.0,75,0.0,1.0
0.940000000000377,10.16358804373264,8.768225295007797,845.6995230641603,0.0,75,0.0,1.0
0.960000000000397,10.169663315734882,8.788732261196394,849.6599623489371,0.0,75,0.0,1.0
0.980000000000417,10.175552883837264,8.809245470492366,853.6308633532929,0.0,75,0.0,1.0
1.000000000000437,10.181255318059852,8.829875008750363,857.6336193716966,0.0,75,0.0,1.0
1.020000000000457,10.186758973674149,8.850487695264032,861.6424568842205,0.0,75,0.0,1.0
1.040000000000477,10.192049569640334,8.870815671705152,865.605077495067,0.0,75,0.0,1.0
1.060000000000497,10.197116363514677,8.890564885783055,869.4635838715054,0.0,75,0.0,1.0
1.080000000000517,10.20195555871377,8.909540472558305,873.1790257536992,0.0,75,0.0,1.0
1.100000000000537,10.206571311363863,8.927672332111607,876.736665965062,0.0,75,0.0,1.0
1.120000000000557,10.210973747060033,8.944992245502739,880.1417489931455,0.0,75,0.0,1.0
1.140000000000577,10.215177442382256,8.961608174813245,883.4146318676753,0.0,75,0.0,1.0
1.160000000000597,10.21919876577136,8.977672461953157,886.5846311752326,0.0,75,0.0,1.0
1.180000000000617,10.223052967210187,8.993327784602421,889.6793910543208,0.0,75,0.0,1.0
1.200000000000637,10.22675028690615,9.008690103320495,892.721471154311,0.0,75,0.0,1.0
1.220000000000657,10.230294302197919,9.02381104842371,895.7208242141919,0.0,75,0.0,1.0
1.240000000000677,10.233681401759108,9.038643090432075,898.6677580783703,0.0,75,0.0,1.0
1.260000000000697,10.236904132303588,9.053069219332084,901.5386851901982,0.0,75,0.0,1.0
1.280000000000717,10.239955275580789,9.066976869315884,904.3107650358019,0.0,75,0.0,1.0
1.300000000000737,10.242832003070777,9.080304489865844,906.9712259154559,0.0,75,0.0,1.0
1.320000000000757,10.245536443775947,9.093080054539191,909.5251536608431,0.0,75,0.0,1.0
1.340000000000777,10.248075324383349,9.105415266049055,911.9944588391911,0.0,75,0.0,1.0
1.360000000000797,10.250457286538822,9.117438685008025,914.4045699236896,0.0,75,0.0,1.0
1.380000000000817,10.252691598927528,9.12924459611614,916.7741758528731,0.0,75,0.0,1.0
1.400000000000837,10.254787049909488,9.140895883568499,919.1157530966349,0.0,75,0.0,1.0
1.420000000000857,10.256751750415832,9.15241022403703,921.4327419996333,0.0,75,0.0,1.0
1.440000000000877,10.258591527090248,9.163776489916193,923.7227951285481,0.0,75,0.0,1.0
1.460000000000897,10.26030947522597,9.174953731763864,925.9775357800843,0.0,75,0.0,1.0
1.480000000000917,10.261905208977934,9.18587028202792,928.1823412206808,0.0,75,0.0,1.0
1.500000000000937,10.263376411088666,9.196425349576057,930.316631313576,0.0,75,0.0,1.0
1.520000000000957,10.264721222109431,9.206532766060414,932.3627012979842,0.0,75,0.0,1.0
1.540000000000977,10.265940120787706,9.216162730207325,934.3142101662878,0.0,75,0.0,1.0
1.560000000000997,10.267036157513116,9.225349815700927,936.1778714425844,0.0,75,0.0,1.0
1.580000000001017,10.268013802180166,9.234175238445934,937.9699156776082,0.0,75,0.0,1.0
1.600000000001037,10.268877042427837,9.242724059733307,939.7074284881023,0.0,75,0.0,1.0
1.620000000001057,10.269628687524198,9.25105185545715,941.4015647559291,0.0,75,0.0,1.0
1.640000000001077,10.270271042481419,9.259178706380586,943.0562934836083,0.0,75,0.0,1.0
1.660000000001097,10.270806467079197,9.267122618326912,944.6751778541686,0.0,75,0.0,1.0
1.680000000001117,10.271237858221342,9.274904095655177,946.262305819613,0.0,75,0.0,1.0
1.700000000001137,10.27156796497712,9.282552848740941,947.8236612863542,0.0,75,0.0,1.0
1.720000000001157,10.271798790981052,9.290073341580399,949.3600896113709,0.0,75,0.0,1.0
1.740000000001177,10.271931773536357,9.297452185140257,950.8687884846627,0.0,75,0.0,1.0
1.760000000001197,10.271969067150453,9.304658432712934,952.343354044015,0.0,75,0.0,1.0
1.780000000001217,10.271914176372816,9.31166911298767,953.7789983674542,0.0,75,0.0,1.0
1.800000000001237,10.271772011105568,9.31848822810356,955.1764514303507,0.0,75,0.0,1.0
1.820000000001257,10.271547397765355,9.32513387049018,956.5393387281949,0.0,75,0.0,1.0
1.840000000001277,10.271243576024025,9.331601156323332,957.8665815476444,0.0,75,0.0,1.0
1.860000000001297,10.270861591952817,9.337859972637936,959.1519175545313,0.0,75,0.0,1.0
1.880000000001317,10.270401276434253,9.343866475984306,960.3862479312572,0.0,75,0.0,1.0
1.900000000001337,10.269862383270633,9.349583371887082,961.5618015065417,0.0,75,0.0,1.0
1.920000000001357,10.269245366153413,9.355017962988988,962.6799719663129,0.0,75,0.0,1.0
1.940000000001377,10.268551120592438,9.360212448756242,963.7493479443644,0.0,75,0.0,1.0
1.960000000001397,10.267780291084549,9.365215388682962,964.7798520406659,0.0,75,0.0,1.0
1.980000000001417,10.266933207449133,9.370056616812887,965.7775710250686,0.0,75,0.0,1.0
2.000000000001437,10.266010672512156,9.374763211060191,966.7480378979235,0.0,75,0.0,1.0
2.020000000001346,10.265015081678218,9.379357608973075,967.6958407270123,0.0,75,0.0,1.0
2.040000000001255,10.263950180321727,9.383875215096635,968.6282545775542,0.0,75,0.0,1.0
2.060000000001164,10.262820507368277,9.38836015808703,969.5543710375151,0.0,75,0.0,1.0
2.080000000001073,10.261629754216445,9.3928324978912,970.4783256678515,0.0,75,0.0,1.0
2.100000000000982,10.260380246710204,9.39726420728497,971.3943203967114,0.0,75,0.0,1.0
2.120000000000891,10.259073270678279,9.401606852690877,972.2923255382046,0.0,75,0.0,1.0
2.1400000000008,10.25771049264825,9.405806879128765,973.1612335221259,0.0,75,0.0,1.0
2.160000000000709,10.25629380921943,9.409831407667317,973.9941983279452,0.0,75,0.0,1.0
2.180000000000618,10.254825424837922,9.413680066458674,974.7910963300553,0.0,75,0.0,1.0
2.200000000000527,10.253306569833033,9.417357354534595,975.552814973075,0.0,75,0.0,1.0
2.220000000000436,10.251737203093535,9.420851182243494,976.276806977765,0.0,75,0.0,1.0
2.240000000000345,10.250116433706904,9.42414097920862,976.9587651559912,0.0,75,0.0,1.0
2.260000000000254,10.248444124882154,9.427221744533526,977.597608026663,0.0,75,0.0,1.0
2.280000000000163,10.246720802837345,9.430116454493858,978.1980597984739,0.0,75,0.0,1.0
2.3000000000000718,10.244947940906922,9.432874884766715,978.7704145082894,0.0,75,0.0,1.0
2.3199999999999807,10.243126872165975,9.435553111640834,979.3262877485452,0.0,75,0.0,1.0
2.3399999999998897,10.241258330936457,9.438181017241607,979.8718700564182,0.0,75,0.0,1.0
2.3599999999997987,10.239342777109616,9.440761610353661,980.4077776188019,0.0,75,0.0,1.0
2.3799999999997077,10.237381825325174,9.443295168942498,980.9340601255001,0.0,75,0.0,1.0
2.3999999999996167,10.235378097997316,9.445795046930046,981.4534847546901,0.0,75,0.0,1.0
2.4199999999995256,10.233335106861515,9.448278336726888,981.9695988108888,0.0,75,0.0,1.0
2.4399999999994346,10.231256222523763,9.450760983212579,982.4857147799452,0.0,75,0.0,1.0
2.4599999999993436,10.229143506731692,9.453223595722445,982.9977998579595,0.0,75,0.0,1.0
2.4799999999992526,10.226997813363727,9.455618797880202,983.4959953590799,0.0,75,0.0,1.0
2.4999999999991616,10.224819934721792,9.457887952087146,983.9680896565872,0.0,75,0.0,1.0
2.5199999999990705,10.222610840648315,9.460004166333132,984.4084670974424,0.0,75,0.0,1.0
2.5399999999989795,10.220371542651735,9.461959470034763,984.8154471383859,0.0,75,0.0,1.0
2.5599999999988885,10.218102726039573,9.46376773281138,985.1918967066204,0.0,75,0.0,1.0
2.5799999999987975,10.21580379088742,9.465434417271744,985.5389357843974,0.0,75,0.0,1.0
2.5999999999987065,10.213473312344444,9.466956957955956,985.8560144816976,0.0,75,0.0,1.0
2.6199999999986154,10.211110291197741,9.468327810021245,986.1415466982388,0.0,75,0.0,1.0
2.6399999999985244,10.20871500541044,9.469576627599393,986.4016965657436,0.0,75,0.0,1.0
2.6599999999984334,10.206288628107448,9.470754644478191,986.6471288949575,0.0,75,0.0,1.0
2.6799999999983424,10.203833110994035,9.47191504051595,986.8889198822752,0.0,75,0.0,1.0
2.6999999999982514,10.201349937137277,9.473094428798515,987.1346986262679,0.0,75,0.0,1.0
2.7199999999981603,10.198840078473136,9.474298443336064,987.3856409274018,0.0,75,0.0,1.0
2.7399999999980693,10.196304858517111,9.475503814044274,987.6368978296434,0.0,75,0.0,1.0
2.7599999999979783,10.193746583323952,9.476697506036034,987.8857518300055,0.0,75,0.0,1.0
2.7799999999978873,10.191167893163556,9.477882965086776,988.1329204987031,0.0,75,0.0,1.0
2.7999999999977963,10.188571485506088,9.479054544824049,988.377225701244,0.0,75,0.0,1.0
2.8199999999977052,10.185958983970421,9.48019682334189,988.6154499023182,0.0,75,0.0,1.0
2.839999999997614,10.183330437069298,9.481271413172806,988.8395837127264,0.0,75,0.0,1.0
2.859999999997523,10.180685405877973,9.482226643062875,989.0388432145257,0.0,75,0.0,1.0
2.879999999997432,10.178023818198582,9.483026580768861,989.2057244472564,0.0,75,0.0,1.0
2.899999999997341,10.175345714994524,9.48368042120391,989.3421376467902,0.0,75,0.0,1.0
2.91999999999725,10.172651302306452,9.484209585905683,989.4525461632377,0.0,75,0.0,1.0
2.939999999997159,10.169940343060036,9.484639128498122,989.5421733762138,0.0,75,0.0,1.0
2.959999999997068,10.167211564167095,9.48498700919676,989.614764210944,0.0,75,0.0,1.0
2.979999999996977,10.164463987827077,9.48525956972291,989.6716401552204,0.0,75,0.0,1.0
2.999999999996886,10.161697734589884,9.485467152577593,989.7149581289132,0.0,75,0.0,1.0
3.019999999996795,10.158914029660878,9.485653823322082,989.753913014953,0.0,75,0.0,1.0
3.039999999996704,10.156114923078936,9.485867268385896,989.7984561677838,0.0,75,0.0,1.0
3.059999999996613,10.153302625356336,9.486133378581878,989.8539912386975,0.0,75,0.0,1.0
3.079999999996522,10.150478391193793,9.486456511141157,989.9214285154969,0.0,75,0.0,1.0
3.099999999996431,10.14764338933613,9.486808894573846,989.9949730238199,0.0,75,0.0,1.0
3.11999999999634,10.144799016920123,9.487153164888191,990.0668269145283,0.0,75,0.0,1.0
3.139999999996249,10.141947267135725,9.487466846486527,990.132298794991,0.0,75,0.0,1.0
3.159999999996158,10.139089918966027,9.4877477315374,990.1909271902239,0.0,75,0.0,1.0
3.179999999996067,10.136228149484984,9.48797744111484,990.238875154145,0.0,75,0.0,1.0
3.199999999995976,10.133361606751949,9.4881328336172,990.2713113520124,0.0,75,0.0,1.0
3.219999999995885,10.13048910160881,9.48817951811657,990.2810562480747,0.0,75,0.0,1.0
3.239999999995794,10.127609367027894,9.48809049983044,990.2624746626991,0.0,75,0.0,1.0
3.259999999995703,10.124721948790224,9.487864311515661,990.215261131058,0.0,75,0.0,1.0
3.2799999999956118,10.121826628988984,9.487541769858257,990.1479371828568,0.0,75,0.0,1.0
3.2999999999955207,10.118923462321787,9.48716333989972,990.0689506173093,0.0,75,0.0,1.0
3.3199999999954297,10.116012026965759,9.486757146905722,989.9841728080347,0.0,75,0.0,1.0
3.3399999999953387,10.113091752892819,9.486342355854731,989.8976042173184,0.0,75,0.0,1.0
3.3599999999952477,10.110162713445924,9.485927079182165,989.8109380671763,0.0,75,0.0,1.0
3.3799999999951567,10.107226308072923,9.485524129930216,989.7268482143721,0.0,75,0.0,1.0
3.3999999999950656,10.10428463559258,9.485165304923878,989.6519694790486,0.0,75,0.0,1.0
3.4199999999949746,10.101340060469695,9.484875524505004,989.5915008688946,0.0,75,0.0,1.0
3.4399999999948836,10.098394371802222,9.484643693783209,989.5431259782375,0.0,75,0.0,1.0
3.4599999999947926,10.095448413942691,9.484443195892652,989.5012900972587,0.0,75,0.0,1.0
3.4799999999947016,10.092502752795566,9.484227968375661,989.4563817173103,0.0,75,0.0,1.0
3.4999999999946105,10.089558158196327,9.483959118771963,989.4002862319167,0.0,75,0.0,1.0
3.5199999999945195,10.08661555594141,9.483617460703407,989.3290015505438,0.0,75,0.0,1.0
3.5399999999944285,10.083675365194928,9.483208014924923,989.2435767976993,0.0,75,0.0,1.0
3.5599999999943375,10.08073720399097,9.482717649727036,989.141274268891,0.0,75,0.0,1.0
3.5799999999942465,10.077799542914478,9.482134760285893,989.0196757344422,0.0,75,0.0,1.0
3.5999999999941554,10.074859553356275,9.481447595511195,988.8763335706752,0.0,75,0.0,1.0
3.6199999999940644,10.071915527026349,9.480657872628706,988.7116106762032,0.0,75,0.0,1.0
3.6399999999939734,10.06896737408504,9.479792784279457,988.5311835616454,0.0,75,0.0,1.0
3.6599999999938824,10.066015368876124,9.47890947856629,988.3469739313925,0.0,75,0.0,1.0
3.6799999999937913,10.063060124735348,9.478048398303736,988.1674158464682,0.0,75,0.0,1.0
3.6999999999937003,10.060101825338037,9.47722684894256,987.9961162094951,0.0,75,0.0,1.0
3.7199999999936093,10.057140904395123,9.476450767672432,987.8343106733137,0.0,75,0.0,1.0
3.7399999999935183,10.0541783930352,9.475715496069153,987.6810257868957,0.0,75,0.0,1.0
3.7599999999934273,10.051216391033705,9.47502116817506,987.5362875110202,0.0,75,0.0,1.0
3.7799999999933362,10.048257049764697,9.474374354435277,987.4014634877897,0.0,75,0.0,1.0
3.7999999999932452,10.045302300271375,9.473773593744099,987.2762471607527,0.0,75,0.0,1.0
3.819999999993154,10.042352797114502,9.473183458263389,987.153253173066,0.0,75,0.0,1.0
3.839999999993063,10.039408486660173,9.47256278420897,987.0239027085886,0.0,75,0.0,1.0
3.859999999992972,10.036468901949695,9.471869362544265,986.8794014321517,0.0,75,0.0,1.0
3.879999999992881,10.033533879417272,9.471080844108089,986.7150959119431,0.0,75,0.0,1.0
3.89999999999279,10.030603272718853,9.470195475861006,986.530625861201,0.0,75,0.0,1.0
3.919999999992699,10.027676642455608,9.469235556224007,986.3306422118267,0.0,75,0.0,1.0
3.939999999992608,10.024752740566027,9.468208963032435,986.1167906441251,0.0,75,0.0,1.0
3.959999999992517,10.021830057210964,9.467118792266357,985.8897204957108,0.0,75,0.0,1.0
3.979999999992426,10.018907344229756,9.465977651548366,985.6520618957444,0.0,75,0.0,1.0
3.999999999992335,10.015984333306363,9.46480957331116,985.4088228494683,0.0,75,0.0,1.0
4.019999999992466,10.013061948498974,9.463650349107308,985.1674572317477,0.0,75,0.0,1.0
4.039999999992597,10.010141401765514,9.462546437058522,984.9376358083783,0.0,75,0.0,1.0
4.059999999992728,10.007223906910506,9.46152163251418,984.7243076278719,0.0,75,0.0,1.0
4.079999999992859,10.004310321597442,9.460565888672846,984.5253762731227,0.0,75,0.0,1.0
4.09999999999299,10.001401554805604,9.459662940915683,984.337452513069,0.0,75,0.0,1.0
4.119999999993121,9.998498779617881,9.458789412070507,984.1556685608683,0.0,75,0.0,1.0
4.139999999993252,9.995603827994469,9.457929220776512,983.9766765974002,0.0,75,0.0,1.0
4.159999999993383,9.99271797545763,9.457071175444968,983.7981473917528,0.0,75,0.0,1.0
4.179999999993514,9.98984190996735,9.456202408194324,983.6174038321415,0.0,75,0.0,1.0
4.199999999993645,9.986975028460536,9.455285812211368,983.4267276966616,0.0,75,0.0,1.0
4.219999999993776,9.984116139803112,9.454288438540019,983.219268670226,0.0,75,0.0,1.0
4.239999999993907,9.98126391905947,9.45319067507782,982.9909533331609,0.0,75,0.0,1.0
4.259999999994038,9.97841762987478,9.451997807303673,982.742888042008,0.0,75,0.0,1.0
4.279999999994169,9.975576736552542,9.45073238914662,982.4797696039146,0.0,75,0.0,1.0
4.2999999999943,9.972740745716749,9.449433018136194,982.2096280066676,0.0,75,0.0,1.0
4.319999999994431,9.969908727365539,9.448124426640117,981.9376069940099,0.0,75,0.0,1.0
4.339999999994562,9.967079945111703,9.44681581381637,981.6656192218815,0.0,75,0.0,1.0
4.3599999999946935,9.964254228479907,9.445525097567282,981.3973880565076,0.0,75,0.0,1.0
4.3799999999948245,9.961432420359912,9.444273129495835,981.1372443896876,0.0,75,0.0,1.0
4.3999999999949555,9.958616302243685,9.443084112282607,980.890213068086,0.0,75,0.0,1.0
4.4199999999950865,9.95580774078755,9.44197602034496,980.6600228564616,0.0,75,0.0,1.0
4.4399999999952176,9.953008023745232,9.440949276496298,980.4467556551357,0.0,75,0.0,1.0
4.459999999995349,9.95021795447071,9.43996728047884,980.2428048216217,0.0,75,0.0,1.0
4.47999999999548,9.947437996121293,9.438995234892802,980.0409414876194,0.0,75,0.0,1.0
4.499999999995611,9.944668611616171,9.438000610704137,979.8344108041682,0.0,75,0.0,1.0
4.519999999995742,9.941909940297283,9.436933224538029,979.6340217598059,0.0,75,4.062746452450265e-5,1.0000216679810798
4.539999999995873,9.939162420478258,9.435759502939726,979.4541313340181,0.0,75,0.00016273223905958096,1.0000867905274984
4.559999999996004,9.936424936384197,9.43447403265173,979.2935067959639,0.0,75,0.0003661589961030455,1.0001952847979216
4.579999999996135,9.933695518877053,9.43305970423818,979.1484822896824,0.0,75,0.0006507522448871576,1.00034706786394
4.599999999996266,9.930971868073586,9.431498772437592,979.0152544086963,0.0,75,0.0010163564946441786,1.0005420567971435
4.619999999996397,9.928251928106725,9.42979717937081,978.8949310875659,0.0,75,0.0014628162546063697,1.0007801686691233
4.639999999996528,9.925534441706485,9.42798127683989,978.7928521458189,0.0,75,0.0019899760340059917,1.0010613205514698
4.659999999996659,9.922818699180993,9.426091456299869,978.7172693949062,0.0,75,0.0025976803420753062,1.0013854295157736
4.67999999999679,9.920104102072205,9.424168072970787,978.6764272701919,0.0,75,0.003285773688046575,1.0017524126336248
4.699999999996921,9.917389835945743,9.422237975655147,978.6757676786865,0.0,75,0.004054100581152058,1.0021621869766144
4.719999999997052,9.914675314146727,9.420300356792282,978.714989747526,0.0,75,0.004902505530624019,1.0026146696163327
4.739999999997183,9.911960391828428,9.418359984692302,978.7949511476686,0.0,75,0.005830833045694717,1.0031097776243705
4.759999999997314,9.909245658950438,9.416419300710794,978.9160268040588,0.0,75,0.006838927635596416,1.003647428072318
4.779999999997445,9.906532316945059,9.414481680968127,979.0787868320729,0.0,75,0.007926633809561373,1.004227538031766
4.799999999997576,9.903821229431923,9.412539549191349,979.2815236708315,0.0,75,0.009093796076821854,1.004850024574305
4.819999999997707,9.901112358320455,9.410576367805204,979.5206616903155,0.0,75,0.010340258946610113,1.0055148047715254
4.839999999997838,9.898404992061547,9.40854980825115,979.7872467435158,0.0,75,0.011665866928158419,1.006221795695018
4.859999999997969,9.895697915933996,9.406420443126942,980.0729098338466,0.0,75,0.013070464530699029,1.0069709144163728
4.8799999999981,9.892989836906917,9.404167273408687,980.3731032892172,0.0,75,0.01455389626346421,1.007762078007181
4.899999999998231,9.890279734961796,9.401786983540566,980.6869539982814,0.0,75,0.016116006635686214,1.0085952035390326
4.919999999998362,9.887566401960882,9.399290213546033,981.0164951309273,0.0,75,0.017756640156597312,1.0094702080835185
4.939999999998493,9.884847988493298,9.396691775411114,981.3646316043585,0.0,75,0.01947564133542976,1.0103870087122293
4.959999999998624,9.882122426830302,9.39400282370828,981.7335072055988,0.0,75,0.021272854681415817,1.0113455224967551
4.979999999998755,9.879387803278071,9.391228076834688,982.123921716499,0.0,75,0.023148124703787746,1.0123456665086867
4.999999999998886,9.87664284110459,9.3883930440622,982.5410256708276,0.0,75,0.02510129591177781,1.0133873578196149
5.019999999999017,9.87388728157115,9.385530394813504,982.9914820154909,0.0,75,0.02713221281461828,1.0144705135011298
5.039999999999148,9.87112172936815,9.382676965680416,983.4828465854921,0.0,75,0.02924071992154138,1.0155950506248221
5.059999999999279,9.868346732459084,9.37985460997761,984.019556413613,0.0,75,0.03142666174177943,1.0167608862622823
5.07999999999941,9.865562652827562,9.377071083493416,984.6031050139635,0.0,75,0.03368988278456464,1.0179679374851012
5.099999999999541,9.86276979897117,9.374305161375947,985.2289021605145,0.0,75,0.0360302275591293,1.019216121364869
5.119999999999672,9.859968489319842,9.37153364066892,985.8919263501375,0.0,75,0.03844754057470565,1.0205053549731764
5.139999999999803,9.857159222991694,9.368737709766151,986.5880623988717,0.0,75,0.04094166634052597,1.0218355553816139
5.159999999999934,9.85434272038006,9.365902109238435,987.3139274856,0.0,75,0.04351244936582252,1.023206639661772
5.180000000000065,9.851519035950545,9.363009703011347,988.0657279630339,0.0,75,0.046159734159827555,1.0246185248852413
5.2000000000001965,9.848686988915304,9.3600382236484,988.8385684074179,0.0,75,0.048883365231773335,1.0260711281236123
5.2200000000003275,9.84584380124324,9.356959270177668,989.6262323840209,0.0,75,0.051683187090892126,1.0275643664484757
5.2400000000004585,9.842987305682094,9.353744019061784,990.4223830619112,0.0,75,0.05455904424641619,1.029098156931422
5.2600000000005895,9.84011561732239,9.350397649243767,991.2278599216462,0.0,75,0.05751078120757777,1.0306724166440415
5.280000000000721,9.837227346697906,9.346939572250026,992.0465237798765,0.0,75,0.06053824248360914,1.0322870626579248
5.300000000000852,9.83432163678161,9.34340272398427,992.8851250301927,0.0,75,0.06364127258374257,1.0339420120446627
5.320000000000983,9.831397167305653,9.339814339583125,993.7492317251966,0.0,75,0.06681971601721032,1.0356371818758454
5.340000000001114,9.828452920235877,9.336200696377858,994.6442345482924,0.0,75,0.07007341729324464,1.0373724892230638
5.360000000001245,9.825488263008616,9.332572481295244,995.5722254843115,0.0,75,0.07340222092107782,1.0391478511579082
5.380000000001376,9.822503148675933,9.328945644243463,996.5364324392455,0.0,75,0.07680597140994208,1.0409631847519691
5.400000000001507,9.819498235503705,9.3253365838295,997.5401979281355,0.0,75,0.08028451326906971,1.0428184070768372
5.420000000001638,9.816474978211641,9.321758443798057,998.5861875733018,0.0,75,0.08383769100769294,1.044713435204103
5.440000000001769,9.813434342525786,9.318208888683982,999.6737634532976,0.0,75,0.08746534913504406,1.046648186205357
5.4600000000019,9.810376839754746,9.314667627541636,1000.798428059488,0.0,75,0.09116733216035532,1.0486225771521895
5.480000000002031,9.807302584846294,9.311104166033614,1001.95346275583,0.0,75,0.094943484592859,1.0506365251161915
5.500000000002162,9.80421134400146,9.307479142705617,1003.1301970435205,0.0,75,0.09879365094178734,1.0526899471689533
5.520000000002293,9.801102640361018,9.303770410391213,1004.3236221524309,0.0,75,0.10271767571637262,1.0547827603820654
5.540000000002424,9.797975953323073,9.299964638572817,1005.5306027118274,0.0,75,0.10671540342584707,1.0569148818271183
5.560000000002555,9.79483052168079,9.296056907900613,1006.7498032867705,0.0,75,0.11078667857944297,1.059086228575703
5.580000000002686,9.791664603161108,9.292039995728853,1007.9793782102391,0.0,75,0.11493134568639257,1.0612967176994095
5.600000000002817,9.788476311394527,9.287917521149762,1009.2198238414967,0.0,75,0.11914924925592817,1.0635462662698283
5.620000000002948,9.785263829879527,9.283693348952431,1010.4716915862318,0.0,75,0.123440233797282,1.0658347913585504
5.640000000003079,9.782025729373164,9.279387281341403,1011.739010336432,0.0,75,0.12780414381968633,1.068162210037166
5.66000000000321,9.778761255636748,9.275032660530156,1013.0287932768866,0.0,75,0.1322408238323734,1.0705284393772658
5.680000000003341,9.775470550463227,9.270664237630632,1014.3484106268949,0.0,75,0.1367501183445755,1.0729333964504404
5.700000000003472,9.772153607036739,9.266308083636398,1015.7033829072087,0.0,75,0.14133187186552484,1.07537699832828
5.720000000003603,9.768810704233829,9.261975086565641,1017.0959378124412,0.0,75,0.14598592890445375,1.0778591620823754
5.740000000003734,9.765442347753345,9.257668984205385,1018.5267485499264,0.0,75,0.15071213397059446,1.0803798047843172
5.760000000003865,9.762049282972209,9.253376829317128,1019.9928176838072,0.0,75,0.15551033157317926,1.0829388435056957
5.780000000003996,9.758632442258046,9.2490930096617,1021.4927474877647,0.0,75,0.1603803662214404,1.0855361953181015
5.800000000004127,9.755192855918214,9.244803048434278,1023.0231696070764,0.0,75,0.16532208242461005,1.0881717772931254
5.820000000004258,9.751731137857593,9.240487687929273,1024.5796307010357,0.0,75,0.17033532469192061,1.0908455065023577
5.840000000004389,9.748246990933142,9.23611355663795,1026.1545069498652,0.0,75,0.1754199375326042,1.0935573000173888
5.86000000000452,9.744739665775121,9.231656046854916,1027.7420648121492,0.0,75,0.1805757654558933,1.0963070749098098
5.880000000004651,9.74120824002604,9.22709732521839,1029.338035341728,0.0,75,0.1858026529710199,1.0990947482512106
5.900000000004782,9.737651081892892,9.222422157327536,1030.9386951074944,0.0,75,0.19110044458721645,1.1019202371131822
5.920000000004913,9.734066820493476,9.217634765432882,1032.5446482081932,0.0,75,0.19646898481371514,1.1047834585673146
5.940000000005044,9.73045351186844,9.2126937843983,1034.146268536421,0.0,75,0.20190811815974818,1.107684329685199
5.960000000005175,9.726804529022065,9.20749898761917,1035.7206062892917,0.0,75,0.207417689134548,1.1106227675384255
5.980000000005306,9.72312528536158,9.202528239682279,1037.374847836535,0.0,75,0.21299754224734668,1.113598689198585
6.000000000005437,9.719428786540139,9.197713827977333,1039.0938315351577,0.0,75,0.21864752200737664,1.1166120117372675
6.0200000000055685,9.71570543435587,9.192869715101175,1040.8354787274823,0.0,75,0.22436747292387,1.119662652226064
6.0400000000056995,9.71194769901916,9.187909006003022,1042.5798424681939,0.0,75,0.2301572395060591,1.1227505277365648
6.0600000000058305,9.70814967131547,9.1824894138274,1044.248710862941,0.0,75,0.2360166662631762,1.1258755553403605
6.0800000000059615,9.704294873229232,9.176535470705579,1045.824004530579,0.0,75,0.24194559770445345,1.1290376521090417
6.1000000000060925,9.700408582851544,9.171498638942003,1047.636300789847,0.0,75,0.24794387833912335,1.132236735114199
6.120000000006224,9.696529377562593,9.167740425097742,1049.7696357184093,0.0,75,0.2540113526764179,1.135472721427423
6.140000000006355,9.692655836243103,9.16372812280907,1051.8740983450207,0.0,75,0.26014786522556954,1.1387455281203038
6.160000000006486,9.688757038521075,9.158834871840838,1053.804843160932,0.0,75,0.26635326049581043,1.1420550722644323
6.180000000006617,9.684811647000116,9.152841056227144,1055.5095989354397,0.0,75,0.27262738299637296,1.145401270931399
6.200000000006748,9.680785737665385,9.145718931884675,1056.9800243991158,0.0,75,0.27897007723648914,1.148784041192794
6.220000000006879,9.676707244171817,9.139728878766249,1058.737817115811,0.0,75,0.2853811877253914,1.1522033001202088
6.24000000000701,9.672635390404917,9.13598535778547,1061.043446913112,0.0,75,0.29186055897231217,1.1556589647852331
6.260000000007141,9.668592294502893,9.133103621756868,1063.5782600865339,0.0,75,0.29840803548648337,1.1591509522594579
6.280000000007272,9.664554005286407,9.128588927080296,1065.7611426861993,0.0,75,0.3050234617771376,1.1626791796144733
6.300000000007403,9.660458588280608,9.12134884755832,1067.3333425850444,0.0,75,0.3117066823535068,1.1662435639218702
6.320000000007534,9.656251800135124,9.112317283253098,1068.5093125252924,0.0,75,0.31845754172482343,1.1698440222532391
6.340000000007665,9.651959390474326,9.104850035956904,1070.0748228787959,0.0,75,0.3252758844003197,1.1734804716801706
6.360000000007796,9.647657019638554,9.100773953500378,1072.4626859933733,0.0,75,0.3321615548892278,1.1771528292742548
6.380000000007927,9.643391448347163,9.098912241287074,1075.4009646385464,0.0,75,0.33911439770078017,1.1808610121070828
6.400000000008058,9.63916561106122,9.096404159872037,1078.2158699540203,0.0,75,0.3461342573442089,1.1846049372502447
6.420000000008189,9.634903787761125,9.089818766353947,1080.090435825659,0.0,75,0.3532209783287464,1.1883845217753315
6.44000000000832,9.630552991959231,9.080961976226428,1081.4474016042298,0.0,75,0.3603744051636247,1.1921996827539332
6.460000000008451,9.626134645274718,9.071452902631888,1082.6693526306594,0.0,75,0.36759438235807634,1.1960503372576408
6.480000000008582,9.621680971683956,9.066229201485859,1084.9364549794532,0.0,75,0.37488075442133334,1.1999364023580443
6.500000000008713,9.617241764277464,9.064710387659012,1088.1173639997737,0.0,75,0.3822333658626281,1.203857795126735
6.520000000008844,9.612822553409503,9.062446070598758,1091.1482747655702,0.0,75,0.3896520611911929,1.2078144326353029
6.540000000008975,9.608323831525894,9.05508172012864,1092.975973038941,0.0,75,0.3971366849162599,1.2118062319553387
6.560000000009106,9.603766363064464,9.049231510310527,1095.1914621285603,0.0,75,0.4046870815470615,1.2158331101584328
6.580000000009237,9.599323084058126,9.044513079706439,1097.7046732850026,0.0,75,0.4123030955928298,1.219894984316176
6.600000000009368,9.594857431579799,9.03558605029323,1099.2180111393182,0.0,75,0.41998457156279717,1.2239917715001585
6.620000000009499,9.590307269687454,9.029727883041064,1101.4987609345258,0.0,75,0.42773135396619577,1.2281233887819711
6.64000000000963,9.585737565229406,9.025727641331605,1104.2565164055036,0.0,75,0.435543287312258,1.2322897532332042
6.660000000009761,9.580989506501464,9.015469355671778,1105.5038292300987,0.0,75,0.44342021611021604,1.2364907819254485
6.680000000009892,9.576089279871075,9.009317823321705,1107.7774522769023,0.0,75,0.4513619848693021,1.2407263919302944
6.700000000010023,9.571401837400789,9.011079858151643,1112.0248511779196,0.0,75,0.4593684380987486,1.2449965003193326
6.720000000010154,9.566967704234218,9.012668504114655,1116.263119530173,0.0,75,0.46743942030778773,1.2493010241641533
6.740000000010285,9.562476530664524,9.00318662089042,1117.7842588459714,0.0,75,0.47557477600565157,1.2536398805363476
6.760000000010416,9.557792830438617,8.990748541818267,1118.5863413793404,0.0,75,0.4837743497015727,1.2580129865075054
6.780000000010547,9.552939790156659,8.976489606233129,1118.9474870910444,0.0,75,0.49203798590478304,1.2624202591492177
6.800000000010678,9.547850637384835,8.969186136391873,1121.0576246909357,0.0,75,0.5003655291245153,1.2668616155330747
6.820000000010809,9.542938554112025,8.97527626405059,1126.5462155143946,0.0,75,0.5087568238700011,1.2713369727306674
6.84000000001094,9.538456044622038,8.98807931401199,1133.7696265429768,0.0,75,0.5172117146504734,1.275846247813586
6.8600000000110715,9.534251926219678,8.99358008449647,1139.1999400207274,0.0,75,0.525730045975164,1.280389357853421
6.8800000000112025,9.529850405124352,8.974750191438886,1138.4897736126904,0.0,75,0.5343116623533053,1.2849662199217629
6.9000000000113335,9.524970844333609,8.941824174843326,1134.206500541972,0.0,75,0.5429564082941295,1.2895767510902023
6.9200000000114645,9.519858416369834,8.926712255535673,1134.446854364884,0.0,75,0.551664128306869,1.29422086843033
6.940000000011596,9.514752787918125,8.93229395893356,1139.9712825729125,0.0,75,0.5604346669007559,1.2988984890137365
6.960000000011727,9.510117793163817,8.951487239745086,1149.0279835485685,0.0,75,0.5692678685850228,1.303609529912012
6.980000000011858,9.505981008529924,8.972858139903762,1158.7227250021626,0.0,75,0.5781635778689014,1.3083539081967475
7.000000000011989,9.502001907139055,8.969582606389906,1162.105043526413,0.0,75,0.5871216392616243,1.313131540939533
7.02000000001212,9.497806348821623,8.94743120791454,1160.6087305829024,0.0,75,0.596141897272424,1.3179423452119594
7.040000000012251,9.49386595977037,8.958289830472161,1167.7034720826841,0.0,75,0.605224196410532,1.322786238085617
7.060000000012382,9.490873220030279,8.991531721642593,1180.722783879382,0.0,75,0.6143683811851812,1.3276631366320966
7.080000000012513,9.487517511862045,8.965338258155588,1178.1946351552854,0.0,75,0.623574296105604,1.3325729579229888
7.100000000012644,9.48341833607741,8.940028087375103,1175.8970853688058,0.0,75,0.6328417856810321,1.3375156190298838
7.120000000012775,9.479934862767266,8.94623078318999,1181.9096395026183,0.0,75,0.6421706944206982,1.3424910370243723
7.140000000012906,9.477405390689379,9.009506160406875,1203.1593528726014,0.0,75,0.6515608668338343,1.347499128978045
7.160000000013037,9.477911413586165,9.389594816001942,1311.7058220217068,0.02517435066015907,75,0.6610121474296728,1.352539811962492
7.180000000013168,9.484021846670258,9.900565112827174,1463.823256631584,1.066120949504063,75,0.6705243807174457,1.3576130030493043
7.200000000013299,9.496019405028818,10.15568165271846,1546.0268513269368,5.100799664974647,74,0.6800974112063857,1.3627186193100724
7.22000000001343,9.509266159062053,9.93578065924295,1485.37886241641,396.929219207717,74,0.6897310834057249,1.3678565778163865
7.240000000013561,9.515421223866989,9.251740766324925,1292.7620921659372,1052.5239472474104,74,0.6994252418246955,1.3730267956398376
7.260000000013692,9.508942875279942,8.579084080315,1115.82471670229,1034.6096650514662,74,0.7091797309725293,1.3782291898520156
7.280000000013823,9.50370222335302,8.537577351139626,1109.2507969173873,1302.306232812644,74,0.7189943953584594,1.3834636775245117
7.300000000013954,9.501603416890646,9.357307341336943,1337.5571456208577,1362.8224039384793,74,0.7288690794917178,1.388730175728916
7.320000000014085,9.502222127237394,10.202168726899817,1596.0605860540895,1378.662389679599,74,0.7388036278815364,1.3940286015368195
7.340000000014216,9.513879595546852,10.580503619518476,1723.1951790818546,1473.4878382644674,74,0.7487978850371478,1.3993588720198122
7.360000000014347,9.527202522002668,10.406874413722376,1673.490910813108,1977.1880148815428,72,0.7588516954677842,1.4047209042494848
7.380000000014478,9.540152877412428,9.829930979835842,1498.815017930372,1989.5991480361188,72,0.768964903682678,1.4101146152974282
7.400000000014609,9.548448007585467,8.986900527300127,1257.5772629651003,2142.845929123113,72,0.7791373541910608,1.4155399222352325
7.42000000001474,9.541737709269867,9.03587853739257,1276.2229088843828,2735.638077071719,73,0.7893688915021656,1.4209967421344882
7.440000000014871,9.548872774854443,10.112922595650723,1604.771704879865,4045.8729379178167,73,0.7996593601252246,1.4264849920667864
7.460000000015002,9.56104939639822,11.134803743035308,1952.9999331668607,5158.843882455725,73,0.8100086045694695,1.432004589103717
7.480000000015133,9.579022502194634,11.601677644545594,2128.4275874886453,5378.032460795933,73,0.8204164693441331,1.437555450316871
7.500000000015264,9.599708827256807,11.181717933675595,1984.8032407232886,3802.9185745784193,73,0.8308827989584476,1.4431374927778386
7.520000000015395,9.618847320490968,10.754227258906804,1843.082364483293,3195.9649582572797,73,0.8414074379216453,1.4487506335582108
7.540000000015526,9.636312401028752,10.562800057780777,1784.9790100124515,3534.9979069570304,73,0.8519902307429578,1.4543947897295775
7.560000000015657,9.645101153603617,10.857011365782563,1893.1582202947945,4274.54440005421,73,0.8626310219316182,1.4600698783635297
7.580000000015788,9.666254501394471,11.504916299764608,2134.160925710651,5409.3437756973535,73,0.8733296559968587,1.4657758165316581
7.600000000015919,9.688494941652014,12.110131562706599,2373.8559938551016,6005.156856082264,73,0.8840859774479108,1.4715125213055524
7.62000000001605,9.713329919291686,11.854550228644415,2283.629471184009,5092.297000539799,73,0.8948998307940076,1.4772799097568041
7.640000000016181,9.739023688655761,10.810846699499978,1906.672339290055,2592.386408953377,73,0.9057710605443811,1.4830778989570033
7.660000000016312,9.761782729554891,9.996391703787332,1636.6153284373843,1438.3691601049513,74,0.9166995112082633,1.4889064059777404
7.6800000000164435,9.780619912305935,9.771171234639782,1569.8528825497035,1589.551967732921,74,0.9276850272948862,1.494765347890606
7.7000000000165745,9.797841190326894,10.381029878601566,1778.911419913838,1397.9597880940757,73,0.9387274533134831,1.5006546417671909
7.7200000000167055,9.821792724566304,11.225238304187451,2088.2108670394414,1276.8998145197825,74,0.9498266337732856,1.5065742046790858
7.7400000000168365,9.849542411848896,11.697308118930133,2276.495551793987,975.5071965983801,73,0.9609824131835255,1.5125239536978803
7.7600000000169675,9.878848052411913,11.34528456486592,2150.0044398654422,545.7899718730101,73,0.9721946360534363,1.518503805895166
7.780000000017099,9.906832364396267,11.40524272294058,2181.3887797353123,3347.1181729460063,72,0.9834631468922495,1.524513678342533
7.80000000001723,9.931231836569246,11.251454825586645,2131.368575237322,3972.498268279467,73,0.9947877902091973,1.5305534881115719
7.820000000017361,9.953486195311363,11.01797469300959,2051.9349965358106,3301.629603219021,74,1.0061684105135118,1.536623152273873
7.840000000017492,9.980849960149712,11.8166829482178,2369.5817146298646,3590.5012126269853,73,1.0176048523144257,1.542722587901027
7.860000000017623,10.012900254486768,12.82273839497961,2801.3288204620803,4419.029499517093,73,1.0290969601211712,1.5488517120646246
7.880000000017754,10.04760183905909,12.541266343843015,2690.3499641789926,4977.848720124037,73,1.04064457844298,1.555010441836256
7.900000000017885,10.081516940705429,12.405539728296914,2642.9088931950464,4041.0787037737773,73,1.0522475517890852,1.561198694287512
7.920000000018016,10.108847179539001,12.287663318396271,2603.248784699581,4806.190111300352,73,1.063905724668719,1.5674163864899833
7.940000000018147,10.130106966362796,11.575356697667555,2319.3874597991435,4575.573286621336,73,1.0756189415911128,1.5736634355152601
7.960000000018278,10.154851244445467,12.223653667417684,2596.78076936631,5100.127253746587,73,1.0873870470654996,1.579939758434933
7.980000000018409,10.187598952628527,13.240075414684494,3058.749726555521,5543.242523224958,72,1.0992098856011114,1.5862452723205926
8.00000000001854,10.223931476337302,13.215132411329304,3059.4048563344445,5649.1766130850565,73,1.1110873017071807,1.5925798942438298
8.02000000001867,10.263034478498673,11.87690567604512,2481.0323614351473,4379.997092316179,73,1.1230191398929392,1.5989435412762343
8.040000000018802,10.295963219084529,11.554987550650107,2357.7493251613964,2284.3442938993135,74,1.13500524466762,1.6053361304893974
8.060000000018933,10.31652045915821,10.60074136385001,1992.3465574306092,1296.7845604016634,74,1.1470454605404548,1.6117575789549092
8.080000000019064,10.330216449420513,10.140184908957279,1830.2850209321512,1958.5561966062369,74,1.1591396320206762,1.6182078037443606
8.100000000019195,10.351491690887057,10.612335362378987,2012.7241045880382,3300.0693211721787,74,1.1712876036175155,1.6246867219293417
8.120000000019326,10.382741787599159,10.754767489667259,2075.3933392001086,3636.205969791064,74,1.1834892198402063,1.6311942505814434
8.140000000019457,10.41824214321676,9.726344176979998,1704.2540627353624,1977.0822409610291,74,1.1957443251979802,1.6377303067722562
8.160000000019588,10.452359068056438,9.04646720126795,1480.2340715349985,145.9457822347989,74,1.2080527642000691,1.6442948075733703
8.180000000019719,10.475580754454954,10.135456363694152,1865.506753106931,43.05271558952303,74,1.2204143813557062,1.6508876700563766
8.20000000001985,10.48205997524596,9.620585921351607,1687.530287430356,0.0,75,1.2328290211741229,1.6575088112928655
8.220000000019981,10.48758921426162,9.095643326984096,1514.447157753043,0.0,75,1.2452965281645523,1.6641581483544279
8.240000000020112,10.498905606499942,8.865021909158697,1444.3951827147137,0.0,75,1.2578167468362256,1.6708355983126535
8.260000000020243,10.515240386708992,8.358468263880848,1289.196875969337,0.0,75,1.2703895216983758,1.6775410782391338
8.280000000020374,10.530030026966074,8.655487734999639,1387.9973935330215,489.4258447971099,73,1.2830146972602352,1.6842745052054586
8.300000000020505,10.542096713393764,8.700421196557508,1408.0758231959358,261.67773788133934,73,1.2956921180310355,1.6910357962832188
8.320000000020636,10.552035733612405,9.302544016538492,1616.1774502199203,2.440357617182072,75,1.3084216285200094,1.697824868544005
8.340000000020767,10.56921831586876,9.91992346501598,1845.1956443785039,6.851122633407205,74,1.321203073236389,1.7046416390594075
8.360000000020898,10.597123546256864,10.009802189957455,1886.3272247292257,5.559088387606826,74,1.334036296689407,1.711486024901017
8.38000000002103,10.62902909126821,9.267658840348382,1623.4779573342457,3.8340082329506466,75,1.3469211433882946,1.7183579431404237
8.40000000002116,10.658059557110379,10.566968223723627,2119.080057883846,1192.6972344451135,73,1.3598574578422853,1.7252573108492189
8.420000000021291,10.6762832532295,13.0262429422134,3233.1441374519436,2291.8293259350357,73,1.3728450845606108,1.7321840450989925
8.440000000021422,10.693211314411432,12.558244149929157,3017.0644636967672,2715.6481414663726,74,1.3858838680525032,1.7391380629613349
8.460000000021553,10.711379684453794,12.14752127234844,2834.274632386542,2025.1718986205956,74,1.398973652827195,1.7461192815078372
8.480000000021684,10.734327874450909,12.668617757874053,3095.028709532354,1677.2379800465726,74,1.4121142833939186,1.7531276178100899
8.500000000021815,10.763288938174489,11.91507411238155,2748.774200893238,3148.583888710482,74,1.425305604261906,1.7601629889396833
8.520000000021946,10.79260135385129,12.167856515186873,2878.1456517605097,5320.94222420506,74,1.438547459940389,1.7672253119682075
8.540000000022077,10.814421450138935,11.719462174346795,2680.640971169011,5968.665455345737,74,1.4518396949386008,1.7743145039672537
8.560000000022209,10.835051333537054,10.611444712984248,2206.533857625497,5430.563612104042,74,1.4651821537657734,1.7814304820084126
8.58000000002234,10.85656075783806,10.114088412077379,2012.5787673475195,5075.865678300681,74,1.4785746809311386,1.788573163163274
8.60000000002247,10.878876505704497,9.287885921632288,1704.0035017914802,3819.3816357353635,74,1.4920171209439292,1.7957424645034288
8.620000000022602,10.898145816003492,8.861116787195293,1557.2217876440966,1384.65690772841,72,1.5055093183133772,1.802938303100468
8.640000000022733,10.905288284515755,8.509719642693998,1441.9171141428567,1032.320939386382,72,1.519051117548715,1.8101605960259812
8.660000000022864,10.909868179823174,8.207696563134476,1346.7531696071756,1700.517562841176,73,1.5326423631591741,1.8174092603515595
8.680000000022995,10.917014154487775,9.037597049872055,1639.4053489697505,3334.1149174723796,74,1.546282899653988,1.8246842131487937
8.700000000023126,10.937908740015411,9.443427126389727,1797.1070718387082,4035.7672949055614,74,1.5599725715423882,1.8319853714892738
8.720000000023257,10.970358062512581,9.577277701310635,1855.8052721055128,3023.5188016206107,73,1.5737112233336068,1.8393126524445904
8.740000000023388,11.001606931135106,8.825613143938549,1582.2343399069734,0.0,75,1.587498699536877,1.8466659730863344
8.760000000023519,11.025745469151772,11.393537058240609,2647.464547467777,6.301450081764043,74,1.6013348446614302,1.854045250486096
8.78000000002365,11.038398327396463,15.672987178658104,5029.76518828443,11.27507254557407,74,1.6152195032164993,1.8614504017154663
8.80000000002378,11.050280045222044,15.095102953275338,4684.320186153737,9.61824632126014,72,1.6291525197113153,1.8688813438460348
8.820000000023912,11.067625325609958,14.620128370549248,4411.701598506764,17.79879561251364,74,1.6431337386551121,1.8763379939493932
8.840000000024043,11.091561424635323,13.3242331414592,3678.888258698627,62.33305906471028,74,1.6571630045571208,1.883820269097131
8.860000000024174,11.11905944470042,12.88819959011439,3455.7638972409013,1771.4179681290536,73,1.671240161926574,1.8913280863608395
8.880000000024305,11.13995308088525,12.614620325658214,3323.7956128412025,2729.9156035694737,72,1.685365055272704,1.898861362812109
8.900000000024436,11.161231071633479,11.110790804736153,2588.816188145194,2609.7967963329147,73,1.6995375291047436,1.90642001552253
8.920000000024567,11.185084829581214,10.37793459210318,2267.5526301139216,2393.7039381710156,74,1.7137574279319243,1.914003961563693
8.940000000024698,11.210281355479642,9.954697866258524,2094.666112064291,3338.5350179792417,72,1.7280245962634784,1.9216131180071885
8.960000000024829,11.232446548703432,10.202129048708798,2208.8297072566843,4845.336916584865,72,1.7423388786086387,1.9292474019246073
8.98000000002496,11.236810973740385,9.712270579941624,2009.7541760210656,5387.76490741086,72,1.756700119476637,1.9369067303875398
9.000000000025091,11.233798610126115,9.132761298739327,1784.1245718716734,5256.478049628437,72,1.7711081633767052,1.944591020467576
9.020000000025222,11.235736949505462,9.393188259883694,1894.8085458579747,5616.848635674222,73,1.7855628548180766,1.9523001892363077
9.040000000025353,11.252575289337566,9.812125699436526,2075.7857703349555,5744.9337800378635,73,1.8000640383099829,1.9600341537653243
9.060000000025484,11.28142596962827,10.478587081864795,2376.7172216434346,7309.8482868270685,72,1.8146115583616567,1.967792831126217
9.080000000025615,11.311614826409844,10.888837080617506,2576.6145623021034,7024.0153466517995,73,1.829205259482329,1.9755761383905754
9.100000000025746,11.33859773558403,11.478025156715038,2874.3115069190553,3426.6268660804903,73,1.8438449861812338,1.9833839926299914
9.120000000025877,11.34678502621907,16.222814757620473,5764.525233480496,1837.4250450385698,73,1.8585305829676022,1.9912163109160546
9.140000000026008,11.358627977889297,15.632339907482313,5373.64930795938,2166.57513438568,71,1.8732618943506665,1.9990730103203553
9.16000000002614,11.375796315284122,14.327054253983578,4531.520158403384,2234.5280447487803,69,1.8880387648396597,2.0069540079144854
9.18000000002627,11.396464568426936,13.44317645821458,4005.3566299117224,1677.5807741125318,68,1.902861038943814,2.014859220770034
9.200000000026401,11.415271126493991,13.564234921538484,4093.867485124422,2637.6941535638457,71,1.917728561172361,2.0227885659585922
9.220000000026532,11.428895539539672,12.204680057218493,3327.3633272976194,3353.339092635321,71,1.932641176034533,2.030741960551751
9.240000000026663,11.443970828437498,10.672624932050987,2554.4218394862446,2997.7964689832033,72,1.9475987280395628,2.0387193216211
9.260000000026794,11.46331256525175,10.269369381778333,2374.317478075828,3346.930195447508,70,1.9626010616966825,2.0467205662382306
9.280000000026925,11.482902938425214,9.81670651300226,2178.122800181687,4155.079517048983,73,1.9776480215151238,2.0547456114747327
9.300000000027056,11.493432542312998,9.771604737434837,2166.6083186832043,4815.986286694743,73,1.9927394520041195,2.062794374402197
9.320000000027187,11.48522313398227,8.354994500772097,1590.14666104919,4117.697805942676,73,2.0078751976729023,2.0708667720922147
9.340000000027318,11.476576849339788,7.453315124782357,1270.393766564322,4406.4719794050025,72,2.0230551030307033,2.0789627216163753
9.36000000002745,11.474517136263126,7.997659953260718,1468.4463912287604,4747.270641902048,73,2.0382790125867554,2.0870821400462694
9.38000000002758,11.487915307844556,8.289339402129045,1583.6645123484996,4736.339986208952,73,2.053546770850291,2.0952249444534887
9.400000000027712,11.515266961298346,8.567510070380763,1698.329503870148,6033.071052333053,74,2.068858222330543,2.1033910519096226
9.420000000027843,11.544422314101391,8.729302315305102,1769.9433725303873,4717.174253373304,74,2.0842132115367416,2.111580379486262
9.440000000027974,11.550995308665332,11.697397271311528,3190.5428858794166,3803.1458653018203,74,2.099611582978121,2.119792844254998
9.460000000028105,11.557111187508099,16.400405798224927,6296.211167230104,2226.8704137195664,74,2.115053181163913,2.12802836328742
9.480000000028236,11.571120641361594,18.24337917796826,7821.0096662534315,16.848812442269033,72,2.130537850603349,2.136286853655119
9.500000000028367,11.595132680875468,16.779977926232593,6642.251629313478,18.71609178938071,73,2.1460654358056623,2.1445682324296866
9.520000000028498,11.62194391095623,16.65746390325574,6570.958741126788,0.0,75,2.1616357812800846,2.152872416682712
9.540000000028629,11.637186042711578,16.00872629848122,6092.577568395521,84.15053504832312,72,2.177248731535849,2.161199323485786
9.56000000002876,11.65222547083501,15.683502889472706,5870.13729466477,76.00206993122397,71,2.192904131082186,2.169548869910499
9.58000000002889,11.672314983432825,14.124182842583403,4779.268878371713,640.7554950706613,69,2.20860182442833,2.1779209730284426
9.600000000029022,11.695254560262557,11.98145880182584,3452.4303544821373,1535.6909244357823,72,2.224341656083512,2.1863155499112064
9.620000000029153,11.715382011241628,11.66248244690766,3283.6456874891064,3987.4415598450987,72,2.240123470556964,2.194732517630381
9.640000000029284,11.720575554029326,9.881843708062426,2366.5572195708537,3672.939469006115,72,2.2559471123579193,2.2031717932575567
9.660000000029415,11.72588653488325,8.644331507479082,1817.8943150560854,2308.5648570974013,73,2.271812425995609,2.211633293864325
9.680000000029546,11.736735177458202,8.693161529890155,1845.5424285188797,1417.0913873584038,73,2.2877192559792667,2.2201169365222757
9.700000000029677,11.758776940462312,9.567366004420435,2243.954258060537,1321.2884544989695,73,2.3036674468181233,2.228622638302999
9.720000000029808,11.80337955508237,10.248451295053293,2584.665428527983,3528.8607485478274,74,2.319656843021412,2.237150316278086
9.740000000029939,11.849337965305994,11.284713276007047,3145.7590901984454,6765.491493454292,74,2.3356872890983653,2.245699887519128
9.76000000003007,11.859782914884255,18.225272474071865,8236.579998002479,10270.905745639362,72,2.351758629558214,2.254271269097714
9.780000000030201,11.86141428760482,18.062216031708967,8120.696425399981,6457.8886345350875,72,2.367870708910192,2.2628643780854354
9.800000000030332,11.866334243830059,15.95217166349039,6358.300735758993,4231.157492403586,73,2.384023371663531,2.271479131553883
9.820000000030463,11.882927075093642,13.898207095232388,4844.702120853873,2689.143890982289,71,2.400216462327461,2.280115446574646
9.840000000030594,11.903075060067614,12.368665916116683,3851.599934551016,2373.739368256943,73,2.416449825411218,2.2887732402193164
9.860000000030725,11.908609444308903,11.375741547355497,3270.3832207108658,4652.044355365831,69,2.432723305424033,2.2974524295594843
9.880000000030856,11.90772420535187,9.453597536963242,2267.1226084964956,4179.086133073196,69,2.4490367468751377,2.30615293166674
9.900000000030987,11.912604252978182,7.668801606642548,1497.5287608826288,2869.8329272869773,71,2.4653899942737647,2.3148746636126747
9.920000000031118,11.912671267135474,6.669136770957703,1136.8327592150654,3389.8050687553095,72,2.481782892129145,2.3236175424688774
9.94000000003125,11.890017441939397,6.282245189151939,1012.5629568531419,2906.5953610114034,71,2.498215284950514,2.3323814853069407
9.96000000003138,11.836920330287258,5.461102329709463,768.0431112251171,1881.7150102472067,72,2.514687017247099,2.341166409198453
9.980000000031511,11.79238840350817,5.062371400915352,662.4657404690861,2495.005567017167,73,2.5311979335281376,2.3499722312150064
10.000000000031642,11.778970645769142,6.0068903131902,936.2309616682528,3196.830747593383,72,2.5477478783028578,2.358798868428191
10.020000000031773,11.787669365496534,6.445998206440271,1082.1559672333813,3738.3550431728927,73,2.5643366960804954,2.3676462379095975
10.040000000031904,11.804924792613052,6.999594840499149,1280.7929071003498,5632.298422043125,73,2.580964231370281,2.3765142567308164
10.060000000032035,11.84133304334848,7.546115971289102,1494.1746642927644,5069.925891730025,72,2.597630328681446,2.3854028419634377
10.080000000032166,11.849101634186143,9.313053422524836,2284.3234576286554,4470.823411875218,73,2.6143348325232236,2.3943119106790527
10.100000000032297,11.86140875896037,9.748955885849629,2512.501263403036,4630.834188201428,74,2.6310775874048455,2.403241379949251
10.120000000032428,11.889013737831789,11.216280826354529,3338.1216284348325,5469.613460179368,73,2.647858437835545,2.412191166845624
10.14000000003256,11.920901070700603,14.467837627519234,5574.727466124174,3195.8554021424675,74,2.664677228324554,2.421161188439762
10.16000000003269,11.93942544667719,15.714185145055692,6601.000125704009,0.1649592593154813,75,2.6815338033811047,2.4301513618032557
10.180000000032821,11.956026689892951,16.943003223306643,7702.186795853928,149.98521338330542,73,2.6984280075144293,2.4391616040076958
10.200000000032952,11.966580421385645,17.515685815415264,8262.137586277942,107.07920541208262,71,2.715359685233759,2.4481918321246714
10.220000000033084,11.979902244448745,16.193780388358125,7088.218541189372,146.0400980122411,73,2.732328681048327,2.4572419632257745
10.240000000033215,11.99308817640767,16.46286714042309,7352.781032314989,203.58521969532006,72,2.749334839467366,2.466311914382595
10.260000000033346,11.998030989981126,15.024897831056867,6146.974449367714,2387.8420022984023,71,2.766378005000108,2.4754016026667243
10.280000000033477,11.974878351121268,11.579661894250039,3664.5897062914746,2074.88311494783,71,2.783458022155785,2.484510945149752
10.300000000033608,11.95981970108316,11.994286335765194,3946.1650072713455,1850.124380299096,72,2.8005747354436297,2.4936398589032693
10.320000000033739,11.974427694487595,13.007809954802491,4658.275402115811,1760.933511142513,70,2.817727989372874,2.502788260998866
10.34000000003387,12.005373819030265,14.750016019266358,6011.594921490389,3847.5785121402114,70,2.83491762845275,2.5119560685081335
10.360000000034,12.072247650764611,14.147267487553579,5550.541178878763,6346.759973270316,71,2.8521434971924906,2.5211431985026618
10.380000000034132,12.11100800588418,20.53712214212522,11739.575152575493,9721.301651869475,71,2.8694054401013256,2.5303495680540404
10.400000000034263,12.111618567229982,25.501542729702116,18167.143751285712,6296.047073619522,71,2.8867033016884913,2.5395750942338617
10.420000000034394,12.116863575507118,24.571745118246866,16927.92798659863,7660.4746743627575,70,2.9040369264632173,2.548819694113716
10.440000000034525,12.129191062940123,26.556473600796036,19844.866210097323,8379.689035066514,71,2.921406158934737,2.558083284765193
10.460000000034656,12.167511831418405,25.952307609824874,19020.958340642326,5217.572000321796,72,2.9388108436122824,2.567365783259884
10.480000000034787,12.207839505548721,22.041195472820505,13769.598934015094,1916.2011222157162,72,2.956250825005085,2.5766671066693787
10.500000000034918,12.221497733389493,18.210559404434743,9433.342987725156,3283.76479172666,72,2.973725947622378,2.585987172065268
10.520000000035049,12.228865293321894,12.811176703797463,4685.572134361992,4652.0148839631465,72,2.991236055973391,2.595325896519142
10.54000000003518,12.241739711860715,8.08667309022831,1873.6452531259506,3415.196080756687,71,3.0087809945673607,2.6046831971025926
10.560000000035311,12.256404440388723,5.585251499211724,897.0022589840883,1458.6625029228073,71,3.026360607913517,2.6140589908872087
10.580000000035442,12.240070725750618,2.3078123286636476,153.6975637849876,628.969677131944,65,3.0439747405210924,2.6234531949445827
10.600000000035573,12.214130798806949,1.42166264956651,58.53484915073972,1036.757258801689,69,3.061623236899319,2.6328657263463033
10.620000000035704,12.183287940911669,1.9844563771182981,114.46095052849358,2589.5426671936607,68,3.0793059415574286,2.642296502163962
10.640000000035835,12.167592415012852,1.8970694104294261,104.97622669606918,2239.503429844128,62,3.0970226990046545,2.651745439469149
10.660000000035966,12.161750010965443,1.1813928504540736,40.85647642064888,5006.48717435844,68,3.114773353750228,2.661212455333455
10.680000000036097,12.127918808182796,1.115999453239312,36.5885621750928,4837.690529160064,67,3.132557750303382,2.6706974668284706
10.700000000036228,12.079584017668017,0.4004866014507649,4.728636535738174,4368.316841150654,70,3.1503757331733495,2.680200391025786
10.720000000036359,12.0395278699088,2.4671697943378796,180.093492767334,5658.585851853419,68,3.1682271468693606,2.689721144996992
10.74000000003649,12.034642226428954,5.442636000800431,879.540672301982,9792.814038463339,67,3.18611183590065,2.69925964581368
10.760000000036621,12.063815921964919,6.999533851241522,1459.8572708462302,17290.55892427052,68,3.204029644776448,2.708815810547439
10.780000000036752,12.100741376541725,8.746476981033398,2287.550514999767,17267.282121644243,68,3.2219804180059874,2.7183895562698597
10.800000000036883,12.115080379985585,11.493797496329737,3964.2503846436625,16722.81509849681,68,3.2399640000985004,2.7279808000525336
10.820000000037014,12.084384405856417,15.832458227624523,7548.448681663941,11985.054305873979,70,3.2579802355632212,2.7375894589670513
10.840000000037145,12.074530035798391,16.062948757795933,7797.1511506793395,13575.401993647278,68,3.2760289689093787,2.747215450085002
10.860000000037276,12.08836483001973,12.552835392093165,4778.491950336365,11743.803201104396,69,3.294110044646208,2.7568586904779773
10.880000000037407,12.103979478772047,10.45624705407158,3327.193274921582,5998.551331573004,72,3.3122233072829395,2.766519097217568
10.900000000037538,12.077891865795129,10.338486495486816,3264.0502100887807,6411.191555271709,71,3.330368601328807,2.776196587375364
10.92000000003767,12.058906397138294,10.323236616845307,3265.7924548004908,7032.969877153855,73,3.3485457712930424,2.785891078022956
10.9400000000378,12.040671739872186,11.412745371994964,4005.4227388548534,8802.31843731735,72,3.366754661684875,2.7956024862319335
10.960000000037931,12.035784325270459,12.492950326385884,4816.225141049798,10689.72836378886,72,3.384995117013542,2.805330729073889
10.980000000038062,12.038255949701712,13.339398365941202,5510.046344012051,7517.668608899077,74,3.403266981788273,2.8150757236204123
11.000000000038193,12.0399431920806,15.83042230037559,7787.017283507221,2599.119232653729,72,3.4215701005183004,2.8248373869430936
11.020000000038324,12.03776114124657,16.67846860070829,8673.596344974605,1201.9569640664665,71,3.439904317712856,2.834615636113523
11.040000000038455,12.027653974891797,18.55031978788373,10766.827195889684,1331.0985506295356,69,3.458269477881173,2.8444103882032925
11.060000000038587,12.03497822944852,19.13929990056373,11500.916828714311,3099.0981427560487,69,3.4766654255324836,2.8542215602839915
11.080000000038718,12.070517995284533,19.56424463860582,12058.667189242935,4862.826226374949,65,3.4950920051760175,2.8640490694272094
11.100000000038849,12.105976777146882,20.12322430932296,12801.427202386732,7481.777308195502,70,3.5135490613210116,2.8738928327045397
11.12000000003898,12.139853845255795,18.820027833274604,11235.469682433044,6212.30346528038,65,3.532036438476696,2.883752767187571
11.14000000003911,12.161826879218511,19.93443115582064,12648.621487376518,5102.162437461355,65,3.550553981152302,2.8936287899478943
11.160000000039242,12.18879696200051,19.706262157586824,12402.982800494648,5876.932068933878,66,3.569101533857063,2.9035208180571
11.180000000039373,12.223178621701212,18.94152177842594,11498.119682087807,7300.032402931389,72,3.58767894110021,2.913428768586779
11.200000000039504,12.250021920104176,18.82039597732545,11390.201136591597,3425.0525260298855,72,3.6062860473909772,2.923352558608521
11.220000000039635,12.23713770802718,11.871789411042526,4547.580200575678,1370.7437265284057,73,3.624922697238594,2.933292105193917
11.240000000039766,12.231941191063726,8.841305306690986,2530.7673264109153,506.0806208317346,71,3.643588735152296,2.943247325414558
11.260000000039897,12.228339938317578,7.654775046729782,1903.500858226652,51.01470459149934,73,3.6622840056413137,2.9532181363420342
11.280000000040028,12.203767768725696,6.076154554516147,1203.4053208810767,100.65337394714615,74,3.68100835321488,2.963204455047936
11.300000000040159,12.17153012588924,3.4303691821048528,384.85704313335026,117.40668863227563,74,3.699761622382226,2.9732061986038536
11.32000000004029,12.046096876897836,0.7603604858590383,18.972192574103953,254.25079053769431,72,3.7185436576525857,2.983223284081379
11.34000000004042,11.953646148148824,-0.5860531074747297,11.308641567989879,343.1163061746358,72,3.737354303535189,2.9932556285521006
11.360000000040552,11.946062367214164,-1.6609605732214974,91.1403104936002,394.88234625699255,71,3.7561934045392698,3.0033031490876105
11.380000000040683,11.958736381429947,-1.4798081865698005,72.5864214427888,732.4675942537798,67,3.7750608051740597,3.0133657627594985
11.400000000040814,11.966707444576436,-0.5171706978670951,8.895335790513409,4375.742079163404,68,3.793956349948793,3.0234433866393564
11.420000000040945,11.96497012010844,6.080103815144424,1233.5700567928338,9696.455405542161,66,3.812879883372699,3.033535937798773
11.440000000041076,11.936360658130116,8.770470184224175,2575.3259072768424,14156.948439332476,65,3.8318312499550116,3.0436433333093396
11.460000000041207,11.948718184790348,16.96793517137441,9671.333523910755,17509.915669819216,62,3.8508102942049627,3.0537654902426468
11.480000000041338,11.992962226898502,22.283498185128707,16735.33232953771,15878.399928767676,63,3.8698168606317855,3.0639023256702855
11.500000000041469,12.044618895238834,24.89325277108207,20954.024197309696,14616.493648464948,69,3.8888507937447088,3.0740537566638446
11.5200000000416,12.082686802610349,18.874296994753408,12085.915713111182,11004.435365108386,69,3.90791193805297,3.084219700294917
11.540000000041731,12.072327859055248,15.425379089462927,8099.176059643775,8509.596945060035,68,3.9270001380657975,3.094400073635092
11.560000000041862,12.073647323619097,11.949285697428953,4876.199883503891,9044.349823739245,64,3.946115238292425,3.10459479375596
11.580000000041993,12.074993391662066,10.98918699757618,4137.657182050689,8438.744692791053,63,3.965257083242085,3.114803777729112
11.600000000042124,12.077120914376355,10.55982680260219,3833.187307797837,7642.155901048473,66,3.9844255174240097,3.1250269426261386
11.620000000042255,12.058113663198629,9.605078750409932,3181.7693155442093,7953.329758727901,65,4.003620385347431,3.13526420551863
11.640000000042386,12.039728313009935,14.43323808708567,7207.954953677825,9650.824204014778,65,4.022841531521578,3.1455154834781753
11.660000000042517,12.053127199509625,21.461511759925138,15988.956513983727,12014.52205101631,67,4.04208880045569,3.155780693576368
11.680000000042648,12.1236686558879,28.167603337585934,27631.953204139427,16659.532122913348,67,4.061362036658994,3.166059752884797
11.70000000004278,12.277566704312845,28.516767272497837,28413.319271886026,12832.603002982461,69,4.080661084640725,3.1763525784750533
11.72000000004291,12.321125827633738,30.775630532971128,33200.31535310147,10837.426322516718,67,4.099985788910113,3.1866590874187266
11.740000000043041,12.306118084448642,31.63023979661029,35183.372327944424,10904.00887793291,71,4.1193359939763905,3.1969791967874084
11.760000000043172,12.312634380667967,27.94151071947976,27544.42893903965,6896.461466828675,68,4.138711544348792,3.2073128236526887
11.780000000043303,12.32007498603726,23.207627330603724,19063.134197415366,7273.278655808948,67,4.1581122845365455,3.2176598850861575
11.800000000043434,12.351435244342948,21.344770059354996,16177.518435229316,4642.378403749554,65,4.177538059048887,3.2280202981594064
11.820000000043565,12.389205656850953,20.472177137601314,14929.677619516991,7574.099501835338,69,4.196988712395048,3.238393979944026
11.840000000043696,12.384738680029512,16.070487139893395,9229.351460650108,5331.032632692439,67,4.216464089084263,3.2487808475116067
11.860000000043827,12.361034038308985,12.610492118182643,5701.186010747341,5627.550298751878,66,4.235964033625757,3.2591808179337374
11.880000000043959,12.34748101909163,9.193888120112494,3040.079329755492,7481.950860220298,64,4.255488390528772,3.2695938082820115
11.90000000004409,12.34670322084936,8.929638313097836,2876.9802403012145,7971.591351108928,66,4.275037004302533,3.2800197356280174
11.92000000004422,12.331024685263001,5.293204652524838,1014.1132948240178,3604.8308042895856,64,4.294609719456273,3.2904585170433456
11.940000000044352,12.276064232942462,0.7264694736362103,19.162894889936656,104.92037701560994,70,4.314206380499226,3.3009100695995874
11.960000000044483,12.240662819052307,1.5320637631101175,85.49774130305167,328.9527908400256,69,4.333826831940626,3.311374310368334
11.980000000044614,12.220841054205913,1.7601374748860223,113.20511055936628,68.78255152091072,66,4.353470918289704,3.3218511564211752
12.000000000044745,12.215752220670048,1.4659964602025335,78.77853552476743,131.7662227101119,71,4.373138484055689,3.332340524829701
12.020000000044876,12.221968709645825,0.9739520991433377,34.8805861462482,1457.39301554162,67,4.3928293737478175,3.342842332665503
12.040000000045007,12.199939075360497,0.42162687143157285,6.557359209923204,3549.73691251788,66,4.412543431875319,3.35335649700017
12.060000000045138,12.155512472641002,3.2261809054762742,385.1332298009687,2855.0316741337538,64,4.432280502947427,3.3638829349052943
12.080000000045269,12.131009913771441,7.473315276722655,2073.0922651887154,6982.481505970158,62,4.452040431473375,3.3744215634524664
12.1000000000454,12.156876344509838,8.421594695761861,2640.8058720347813,8626.764895176217,64,4.471823061962392,3.384972299713276
12.12000000004553,12.196506860590002,15.258328211591866,8695.905454279527,18007.00198577167,60,4.491628238923713,3.3955350607593138
12.140000000045662,12.231821148787843,21.769150792234303,17755.556953648356,13453.860293624397,61,4.51145580686657,3.4061097636621707
12.160000000045793,12.21246151599227,16.014280791506057,9638.59969844695,13199.757389565206,65,4.531305610300194,3.4166963254934366
12.180000000045924,12.193660821623256,11.988330918551448,5418.281627780823,6947.177026378069,63,4.551177493733818,3.427294663324703
12.200000000046055,12.176857290624264,10.204312973340597,3937.803663209164,8100.610524670244,59,4.571071301676674,3.4379046942275595
12.220000000046186,12.164043274945595,9.3924408142324,3346.440951431513,8454.504321211276,57,4.590986878637995,3.4485263352735975
12.240000000046317,12.130370850978002,8.571605702810585,2795.6811833461593,7573.301459325564,58,4.610924069127013,3.459159503534407
12.260000000046448,12.084618916963107,8.290751385269285,2623.5263309289267,7109.446383203607,57,4.630882717652959,3.469804116081578
12.280000000046579,12.047799677256352,8.823847832194065,2980.8859729961664,8041.625103551316,57,4.650862668725067,3.4804600899867024
12.30000000004671,12.05089568707194,9.472223763498603,3445.5794881316274,9219.561829625454,61,4.670863766852569,3.49112734232137
12.320000000046841,12.079103413371268,10.848439282546817,4533.350173146532,12066.41408837871,58,4.690885856544696,3.5018057901571713
12.340000000046972,12.09635511233406,13.305327558586665,6840.054855865712,12260.0704064473,53,4.71092878231068,3.512495350565696
12.360000000047103,12.07817821000803,10.924453885014815,4625.183349699995,10152.823596569897,63,4.730992388659756,3.5231959406185362
12.380000000047234,12.067237353303208,11.101023681788051,4790.423601034012,9921.33413256083,58,4.7510765201011536,3.533907477387282
12.400000000047365,12.054545483944745,12.125793865806179,5733.026394419471,10386.967549465377,55,4.771181021144106,3.5446298779435232
12.420000000047496,12.079667272175225,12.984306094983845,6593.47146621729,9786.717775865378,59,4.791305736297845,3.555363059358851
12.440000000047627,12.114669990818285,14.152126973687656,7856.524704711949,9834.741883776178,58,4.811450510071604,3.5661069387048556
12.460000000047758,12.115853686569505,20.47820532153429,16499.796477335218,10312.22836138168,62,4.8316151869746164,3.5768614330531285
12.48000000004789,12.09337270948641,23.36632794388962,21546.703669540155,8978.846157017022,57,4.851799611516109,3.587626459475258
12.50000000004802,12.112723574777458,24.107223910264647,23003.650473642647,8620.233318628516,54,4.87200362820532,3.5984019350428373
12.520000000048151,12.143537065453161,25.298628486034907,25409.499920813356,9886.761339021874,57,4.8922270815514795,3.6091877768274556
12.540000000048282,12.182905296272617,22.65186992938335,20431.838293315268,8383.625634636566,57,4.912469816063819,3.6199839019007034
12.560000000048413,12.175115472802782,17.93654599640975,12849.063462048885,7200.321254896429,53,4.932731676251571,3.6307902273341712
12.580000000048544,12.152472283027748,7.222257081743758,2089.448194806366,3190.0406457746544,43,4.953012506623969,3.64160667019945
12.600000000048675,12.11044703718786,3.17946583886101,406.1470349297091,1982.2997192436194,51,4.973312151690244,3.6524331475681304
12.620000000048806,12.051033670045193,1.3573583566058927,74.24216130022175,5991.798717067093,52,4.993630455959628,3.6632695765118015
12.640000000048937,11.948243995367825,-2.7104528685120184,296.91302779429174,10548.910911460616,48,5.013967263941355,3.674115874102056
12.660000000049068,11.780701364953526,-5.132318353192524,1067.7118119154316,14454.122105890361,60,5.0343224201446555,3.684971957410483
12.6800000000492,11.740857852304783,-1.5360729688805164,95.92444053563567,16115.712781280909,58,5.054695769078762,3.6958377435086733
12.70000000004933,11.793674800196095,3.6026663209201084,529.2120727761168,11158.927313040334,57,5.075087155252909,3.706713149468218
12.720000000049462,11.834137465004373,11.332087911778224,5251.398693931808,15474.889251322462,58,5.095496423176326,3.7175980923607073
12.740000000049593,11.894061547933747,15.491255116759687,9842.358278469235,10979.036932295243,60,5.115923417358248,3.7284924892577322
12.760000000049724,11.87658738471972,10.000482125544602,4113.732521375755,19937.77645298269,62,5.1363679823079025,3.739396257230881
12.780000000049855,11.753492711756234,6.4635715864282925,1723.474649782159,13272.96205587498,65,5.156829962534525,3.750309313351747
12.800000000049986,11.715396150902057,4.735167482896208,927.6698622129246,12580.908889826847,66,5.17730920254735,3.76123157469192
12.820000000050117,11.733661891210104,3.062711668397737,389.22018747631404,19261.288856013445,65,5.197805546855606,3.7721629583229896
12.840000000050248,11.819249537924296,6.323332726491968,1663.9219988014427,16901.823424704446,70,5.218318839968527,3.7831033813165478
12.860000000050379,11.915482453967417,9.230391028952644,3555.791194894166,4777.02102830509,71,5.2388489263953435,3.7940527607441834
12.88000000005051,11.89917603510942,18.522562852922853,14359.878246320683,2538.4713338540428,72,5.25939565064529,3.805011013677488
12.90000000005064,11.806010727327871,15.34136516638756,9879.308988975425,14.864867856486025,74,5.279958857227596,3.8159780571880515
12.920000000050772,11.732582157021877,12.798280572692285,6895.236380453904,2.036024222274217,75,5.300538390651498,3.826953808347466
12.940000000050903,11.707407287259224,12.5152070427652,6612.516031848029,303.9000557982023,71,5.321134095426227,3.837938184227321
12.960000000051034,11.68164614475229,10.559858923437297,4721.163649055766,3600.039868457633,74,5.341745816061011,3.848931101899206
12.980000000051165,11.617050667953691,9.241570029490328,3626.3015065866575,4986.180159544053,74,5.362373397065088,3.8599324784347138
13.000000000051296,11.589429345100571,8.616707271761129,3161.4917565767064,4000.3320437090674,73,5.3830166829476855,3.8709422309054324
13.020000000051427,11.562595996147499,8.518144252144317,3098.3733823577413,4107.622254287867,72,5.403675518218039,3.881960276382954
13.040000000051558,11.55565347724397,9.17642354303609,3605.973139072671,7852.804466262434,72,5.42434974738538,3.892986531938869
13.060000000051689,11.579854288222794,10.130012375871283,4406.814529390755,10033.885701570947,72,5.445039214958938,3.904020914644767
13.08000000005182,11.624297278235785,20.496481816425106,18092.147561197828,8340.021066347837,73,5.465743765447949,3.91506334157224
13.100000000051951,11.622820108247863,33.13015051019618,47402.62354658629,13565.063739377283,72,5.486463243361646,3.9261137297928776
13.120000000052082,11.622183321452198,42.111164257081896,76801.83027419464,12827.529160366195,68,5.507197493209258,3.9371719963782708
13.140000000052213,11.82776335753222,43.043155175838834,80464.48076829435,3327.487992291286,59,5.527946359500019,3.94823805840001
13.160000000052344,12.072643180643885,35.965286617972296,56335.14861720188,7741.308611010011,64,5.548709686743161,3.9593118329296857
13.180000000052475,12.279878080619962,22.283665946507686,21687.00034051097,8573.284603347229,54,5.569487319447913,3.970393237038887
13.200000000052606,12.330570387288102,7.36639792809732,2376.5546919534995,6494.988719269429,52,5.590279102123511,3.981482187799206
13.220000000052737,12.258279486555992,-8.874011648372894,3458.4870111037385,1668.2688322560869,49,5.611084879279188,3.992578602282234
13.240000000052868,12.114146986636337,-16.290125503772515,11686.949415745283,2405.881865397744,57,5.631904495424177,4.003682397559561
13.260000000053,11.902533060512233,-16.650272980136936,12243.303426267372,11731.690313867532,62,5.652737795067704,4.014793490702775
13.28000000005313,11.349547132170859,-17.65517687014406,13803.877180593023,31144.526659640196,60,5.673584622719006,4.02591179878347
13.300000000053261,11.095092112680119,-15.086917417224138,10107.795968602992,17203.602611928625,64,5.694444822887316,4.037037238873236
13.320000000053392,11.10558515885963,5.384164416865982,1290.8863992918896,15551.468238956297,60,5.715318240081863,4.048169728043661
13.340000000053523,11.181860089368332,23.79187385202632,25275.63722461659,16911.84227300865,60,5.736204718811883,4.059309183366338
13.360000000053654,11.247891571144578,26.446202113339876,31315.714430785225,7895.9606117223475,58,5.757104103586607,4.070455521912857
13.380000000053785,11.215151271109615,19.686689096718958,17400.807933813103,4396.749676881501,61,5.778016238915263,4.0816086607548066
13.400000000053916,10.858082304299124,4.763517973229873,1021.5637733770322,12538.271450109243,60,5.798940969307091,4.0927685169637815
13.420000000054047,10.34953739711468,0.7716085833420456,26.877400310255084,27638.80416129127,55,5.819878139271317,4.103935007611369
13.440000000054178,9.99683415005173,-1.4293740453462245,92.4838097941189,29231.367842094758,57,5.840827593317176,4.115108049769161
13.46000000005431,10.020006639918927,-3.7303583844819315,631.6162441534609,10423.361337777136,55,5.8617891759538985,4.126287560508746
13.48000000005444,10.049351532365657,-1.6285578644798924,120.70751080225541,3348.00821442114,55,5.882762731690718,4.137473456901716
13.500000000054571,10.078416553792573,0.7762505425474225,27.498243586967536,5173.905186223209,61,5.903748105036867,4.148665656019663
13.520000000054702,10.10546877691698,8.350232944166908,3190.575363345885,17206.253610836036,57,5.924745140501578,4.159864074934175
13.540000000054834,9.996115681286746,21.747354534700474,21699.65804771643,26089.732259628156,61,5.945753682594083,4.171068630716844
13.560000000054965,10.000087943191932,25.788790045415947,30596.210788994194,17200.194211186114,55,5.9667735758236145,4.182279240439261
13.580000000055096,10.103332448471033,25.0844012672395,29025.277368825016,4788.355881288034,61,5.987804664699404,4.193495821173015
13.600000000055227,10.163763587224096,13.909312661294658,8948.308086587107,4447.7420671948785,60,6.008846793730682,4.204718289989698
13.620000000055358,10.186847254637797,9.889019172457417,4535.176781961187,7564.802555419962,66,6.029899807426683,4.215946563960898
13.640000000055489,10.229813768856483,6.78309569374599,2139.4363572680877,5867.6264176831255,61,6.050963550296641,4.227180560158208
13.66000000005562,10.172399829887059,-0.6814298745702555,21.64905952751351,4563.185541598425,57,6.072037866849785,4.238420195653219
13.68000000005575,9.993299345436883,-10.170260118263744,4835.1677092343825,17744.68939243567,55,6.093122601595348,4.249665387517519
13.700000000055882,9.745466547644961,-16.35372182156731,12535.130951503388,23938.286615330133,52,6.114217599042565,4.260916052822701
13.720000000056013,9.562575077096453,-17.609386960835163,14572.360267154247,28667.45010658238,52,6.135322703700665,4.272172108640355
13.740000000056144,9.546260795117105,21.76938065030048,22329.389938423315,20911.922581603645,52,6.156437760078878,4.283433472042068
13.760000000056275,9.685184010999958,35.655396689062094,60058.7195315745,1944.957862770701,59,6.177562612686445,4.294700060099437
13.780000000056406,9.6607738152545,20.49230934837682,19890.49869943357,2211.829635506728,54,6.198697106032589,4.3059717898840475
13.800000000056537,9.462350319791172,15.692306431749731,11694.274957042668,4270.0377756130065,55,6.219841084626547,4.317248578467492
13.820000000056668,9.347564283314574,7.7756125732757715,2878.7395742996246,7142.702397534405,57,6.240994392977551,4.32853034292136
13.840000000056799,9.24880779122565,6.603352485287704,2081.5797902748086,15872.081988678954,60,6.262156875594832,4.339817000317244
13.86000000005693,9.264679021500209,6.942974616542762,2307.1920680598128,15357.049668316402,60,6.283328376987624,4.351108467726733
13.880000000057061,9.281350731001776,6.75911099256384,2192.288926722356,11729.019525665857,62,6.304508741665157,4.362404662221417
13.900000000057192,9.188663484554578,6.177167602336342,1835.7815132163519,7560.7964139452015,59,6.3256978141366655,4.373705500872888
13.920000000057323,9.086996891052179,5.782387489041651,1612.7897139705362,1847.8079041058945,65,6.34689543891138,4.385010900752736
13.940000000057454,9.051105096309836,6.630859552015005,2126.286182502308,826.4528495339945,67,6.368101460498533,4.396320778932551
13.960000000057585,8.999953587762269,8.305331570598904,3344.354174757919,2829.549258929488,58,6.389315723407359,4.407635052483925
13.980000000057716,9.078177571972148,14.333538987595253,9986.630797738377,1319.2877806617978,54,6.4105380721470855,4.418953638478445
14.000000000057847,9.153455230585505,16.75328306487115,13678.024129231868,2276.2816452823195,61,6.431768351226951,4.430276453987707
14.020000000057978,9.1985813406575,21.23863013436224,22038.67433141921,5688.28616838666,58,6.453006405156182,4.4416034160832965
14.040000000058109,9.256092487294707,22.534115968658625,24872.53418848868,12501.579877253105,60,6.474252078444012,4.452934441836806
14.06000000005824,9.289045557365537,10.157797489686333,5066.898271588844,9446.106324391529,64,6.495505215599678,4.464269448319828
14.080000000058371,9.294772595907896,17.5926781976735,15237.323157572058,12463.108857869409,64,6.516765661132408,4.475608352603951
14.100000000058502,9.318484864739304,26.909959315795493,35741.279955487735,8035.645225544353,55,6.538033259551433,4.486951071760764
14.120000000058633,9.408988389568425,24.276355441367524,29161.364215534624,117.28023764166382,67,6.55930785536599,4.498297522861861
14.140000000058764,9.50565479284292,15.97745929576643,12663.411887443792,281.14308271688526,67,6.580589293085307,4.5096476229788305
14.160000000058895,9.609676460394766,8.101910423698959,3264.3911403113125,1273.2120188832048,66,6.601877417218617,4.521001289183262
14.180000000059026,9.450796003089232,-10.69516010426777,5702.8442938875805,1710.1197021110745,58,6.623172072275153,4.532358438546749
14.200000000059157,8.55271694174704,-23.26724923186535,27057.90907321147,11880.120608348092,61,6.644473102764149,4.5437189881408795
14.220000000059288,8.090879978270776,-18.47826930595583,17108.484899137915,17579.568130119947,59,6.665780353194834,4.555082855037245
14.24000000005942,7.866202619096471,-5.346413753819369,1435.8084947526302,11337.303333134509,55,6.687093668076443,4.566449956307436
14.26000000005955,8.077337134286177,7.594862486061905,2904.632864654497,2723.003847031672,45,6.708412891918206,4.577820209023043
14.280000000059681,8.258074795085768,16.514974373993088,13768.444113201656,1233.910330035515,63,6.729737869229359,4.589193530255658
14.300000000059812,8.267485492757798,14.60486568094707,10794.423360766841,770.2455431600056,64,6.751068444519128,4.600569837076868
14.320000000059943,8.011964199551992,5.942648729458031,1791.5845365269886,4100.27996745673,60,6.772404462296751,4.6119490465582675
14.340000000060074,6.8916165588187015,-21.506513110588394,23522.72794699248,23798.437146916294,53,6.793745767071457,4.6233310757714445
14.360000000060205,5.92657578960984,-12.976993052402012,8585.467365543065,68124.2466124645,56,6.815092203352481,4.6347158417879895
14.380000000060337,6.240721220499677,58.70598905942952,176135.28308158726,23194.374495494856,62,6.836443615649054,4.646103261679495
14.400000000060468,6.474494247327436,47.59378801563514,116050.08512840452,872.1620069344629,62,6.857799848470406,4.65749325251755
14.420000000060599,6.562792298463818,15.199221225009659,11864.477102064817,430.079205196857,69,6.879160746325772,4.668885731373745
14.44000000006073,6.557807592658309,-5.825449431496206,1747.1228804903285,1290.0149653630608,67,6.900526153724382,4.6802806153196705
14.46000000006086,6.288800888115894,-55.19693107565173,157235.5449428888,8507.91075601206,56,6.921895915175472,4.691677821426919
14.480000000060992,3.6261685106259565,-53.903636970858805,150317.98190793928,75266.10117302889,57,6.943269875188271,4.703077266767078
14.500000000061123,2.073534490220357,46.211218111613235,110744.2564670696,30334.418113349107,54,6.964647878272014,4.7144788684117405
14.520000000061254,2.218960289035684,55.48369128450783,160031.80435190737,509.0328294583745,61,6.9860297689359285,4.725882543432496
14.540000000061385,2.2804418443466883,31.071265106827227,50308.3837939089,997.8574290153051,60,7.0074153916892525,4.737288208900935
14.560000000061516,2.348118670086038,7.344747802773953,2817.8690638607923,546.3918858602334,61,7.028804591041214,4.748695781888648
14.580000000061647,2.2044898130014707,-7.012567180724355,2574.917411058266,1223.322812546684,63,7.050197211501047,4.7601051794672244
14.600000000061778,1.7163395635637821,-54.14032616449545,153847.6384543818,2129.0607238033604,54,7.071593097577982,4.771516318708257
14.620000000061909,0.5355781620310885,-54.88317534564438,158476.57991976797,5188.326839804282,47,7.092992093781255,4.782929116683336
14.64000000006204,-0.830885503246127,-8.294735831680654,3628.498514078498,40778.19317222887,51,7.114394044620095,4.794343490464051
14.66000000006217,-1.0960954634251738,33.1694068672984,58160.765838723,15459.58605200806,45,7.135798794603738,4.805759357121993
14.680000000062302,-0.9187039185732643,37.40579710921598,74141.79291609558,1046.7197032515257,49,7.15720618824141,4.817176633728752
14.700000000062433,-0.846429836799335,21.178563051724364,23823.54946111871,726.0888074414064,58,7.17861607004235,4.82859523735592
14.720000000062564,-0.8647871556582343,7.595314818054572,3071.3616671883988,523.7502917368607,58,7.200028284515783,4.840015085075084
14.740000000062695,-0.8262477698201693,4.638734468663986,1148.3176143817454,372.078974204702,65,7.221442676170949,4.851436093957839
14.760000000062826,-0.7155838538479835,4.967237782296764,1319.8184335007445,743.5832991901004,62,7.242859089517074,4.862858181075772
14.780000000062957,-0.44003464252380353,6.661683509427433,2379.420850328543,1049.1137338612189,51,7.264277369063395,4.874281263500477
14.800000000063088,0.1073561200293631,9.081046078226011,4431.917908278486,1500.9386498687318,44,7.2856973593191405,4.885705258303542
14.820000000063219,0.604871477432278,13.43841503371159,9728.153731697905,938.5485500251307,43,7.307118904793547,4.897130082556558
14.84000000006335,0.8139400876705553,8.240406630496517,3666.43246968723,900.9792543671223,55,7.328541849995841,4.908555653331115
14.860000000063481,0.9028969754812847,2.828577353478724,433.00439953861536,1585.82390744766,58,7.34996603943526,4.919981887698805
14.880000000063612,0.7998070868825973,-34.23089961119893,63562.40308587717,2036.184806774066,49,7.371391317621033,4.9314087027312175
14.900000000063743,0.28139662509085284,-61.233401920453396,203866.40457616193,3188.8909681607392,52,7.392817529062396,4.942836015499944
14.920000000063874,-0.0779323836744941,-28.166567164168487,43235.41659604822,10888.505320943388,50,7.414244518268575,4.954263743076574
14.940000000064005,-0.08720719202277015,22.100070489298552,26678.399049974123,10698.984767721746,58,7.435672129748808,4.965691802532698
14.960000000064136,-0.07716260340007691,11.225331445790564,6898.730077436593,7231.494138193399,64,7.457100208012326,4.977120110939907
14.980000000064267,-0.10650088471668918,7.937598174786385,3457.364044427105,3071.1933842797393,66,7.478528597568359,4.9885485853697915
15.000000000064398,-0.13115250520684552,5.981398559724539,1967.733084787229,1043.2925336571334,67,7.4999571429261405,4.9999771428939415
15.02000000006453,-0.1360141139856584,3.752079737764509,776.0619065430734,144.00172924647046,70,7.521385688594904,5.011405700583949
15.04000000006466,-0.17596948261253098,2.6156629748913702,378.0115724576121,148.51312515958196,72,7.542814079083879,5.022834175511402
15.060000000064791,-0.2299055233877366,4.274390245765989,1011.7585453476958,579.2103568760855,68,7.564242158902303,5.034262484747895
15.080000000064922,-0.27316935220596955,0.7137370971329773,28.27416818771107,427.6729387154797,63,7.585669772559402,5.045690545365014
15.100000000065053,-0.30192539369793103,-3.8963361032803325,844.5174377306041,154.08515773171342,54,7.607096764564413,5.0571182744343535
15.120000000065184,-0.2997734730692134,-4.544253903271763,1151.3337087321934,20.62551984666884,73,7.628522979426568,5.068545589027503
15.140000000065315,-0.28831503675274534,-4.478551959863935,1120.802969420818,168.35025939166744,68,7.649948261655092,5.079972406216049
15.160000000065446,-0.2747529715516591,-5.297167142612643,1571.5099703207577,414.54620611434365,54,7.671372455759229,5.091398643071589
15.180000000065577,-0.30745187706897414,-7.2892653439215715,2982.4337993925947,503.37204911889637,61,7.692795406248198,5.102824216665706
15.200000000065709,-0.3326776320332548,-6.76382814117747,2573.7104528802856,347.7423432920868,67,7.714216957631242,5.114249044069996
15.22000000006584,-0.3735095756033051,-5.458560584224833,1679.963533671004,250.98135781692307,64,7.735636954417594,5.12567304235605
15.24000000006597,-0.4447442575100795,-3.3386395209320052,629.8678446490761,1148.9216520614434,58,7.757055241116476,5.137096128595454
15.260000000066102,-0.49347557644612666,-2.185631552694639,270.538353485048,660.4423702180793,65,7.77847166223713,5.1485182198598025
15.280000000066233,-0.5207503095259888,-0.8766333960217609,43.618757978846766,302.9702350696102,62,7.799886062288781,5.159939233220683
15.300000000066364,-0.5234252794532563,1.2108543684575164,83.4029104456105,506.9876591882785,54,7.821298285780668,5.17135908574969
15.320000000066495,-0.5019975522275335,2.031735766998971,235.33673196081992,443.55741493487255,49,7.842708177222017,5.182777694518409
15.340000000066626,-0.45909909943751703,2.007909277812246,230.35577578515685,199.0744577944755,53,7.864115581122063,5.194194976598434
15.360000000066757,-0.42038620394485693,2.1368905859341263,261.4742678274217,178.5047392284312,62,7.8855203419900395,5.205610849061355
15.380000000066888,-0.40442267984316993,2.406775545854357,332.41973766984023,337.3298557293781,64,7.90692230433518,5.217025228978763
15.400000000067019,-0.4049223502817942,2.4535873103274812,346.23238237621376,1393.663926073707,56,7.9283213126667125,5.228438033422247
15.42000000006715,-0.38454928309604447,1.7930442913755125,185.30771758802138,443.4014141891209,55,7.949717211493872,5.239849179463398
15.44000000006728,-0.38714067190666557,1.2978166848958534,97.29326907980783,1476.9664196893639,51,7.971109845325891,5.251258584173809
15.460000000067412,-0.49981756651040465,0.19093377819587828,2.1103964110844835,247.4625760753246,62,7.992499058671997,5.262666164625065
15.480000000067543,-0.49031269813666617,-1.192788727935042,82.54024977657639,212.71631341695473,63,8.01388469604143,5.274071837888762
15.500000000067674,-0.4727679583878793,-2.1865992202780107,277.9810101447029,84.38191495365321,65,8.035266601943416,5.2854755210364885
15.520000000067805,-0.5358115394374051,-3.5822817748200886,747.708075539596,649.5852342363387,54,8.05664462088719,5.296877131139834
15.540000000067936,-0.7721975915532522,-7.0113485429957025,2870.4457451891017,3123.2279252126136,48,8.078018597381984,5.3082765852703915
15.560000000068067,-1.1069029955834115,-10.972447496718743,7045.060230817477,3137.1424704245665,45,8.09938837593703,5.319673800499749
15.580000000068198,-1.1897688386410799,-11.141247438310558,7279.048334541494,980.4234249668291,54,8.120753801061563,5.3310686938995
15.600000000068329,-1.1773830823539657,-6.549950635400041,2521.2163465959816,1571.3783156685265,52,8.142114717264807,5.34246118254123
15.62000000006846,-1.081013221493064,-0.0365554423446982,0.07869788619825803,1906.7526431945068,48,8.163470969056002,5.353851183496534
15.640000000068591,-0.9257876066828246,4.237722786781434,1059.8558811279609,676.0266648804692,34,8.184822400944379,5.365238613837002
15.660000000068722,-0.7975757234961507,5.064761594639473,1517.1213388622223,516.5931377701625,51,8.20616885743917,5.376623390634224
15.680000000068853,-0.73085785588713,6.232112100925601,2301.9252846403515,1946.7628003255904,62,8.227510183049608,5.388005430959791
15.700000000068984,-0.6942840319511725,6.330229115727599,2379.9937198848975,4141.924218475904,63,8.24884622228492,5.39938465188529
15.720000000069115,-0.6989566724264865,5.645177422679417,1896.7331111424683,2761.2363167411486,65,8.270176819654345,5.410760970482317
15.740000000069246,-0.6793012106921338,3.8772015067943193,896.6019963188626,681.7266446825847,62,8.291501819667113,5.42213430382246
15.760000000069377,-0.5926030852136867,2.9778982574803514,530.0202138383534,916.752203562732,50,8.31282106683245,5.433504568977307
15.780000000069508,-0.4075211682434899,3.499142627881329,733.3370456635834,848.9503348901309,39,8.3341344056596,5.444871683018453
15.80000000006964,-0.2910576454141818,4.318023096933867,1119.0660467499447,1049.8088660544518,54,8.355441680657787,5.456235563017486
15.82000000006977,-0.2582265037232551,5.159875901808354,1601.2812770231305,2239.4899227370834,65,8.376742736336247,5.467596126045999
15.840000000069901,-0.2523125828738792,6.42534622817426,2488.1889210033073,5052.288770156466,59,8.398037417204211,5.478953289175579
15.860000000070032,-0.2631732418220627,4.393925054019705,1165.9893998286032,3160.9187172970833,55,8.419325567770912,5.490306969477819
15.880000000070163,-0.26655116544742197,-5.827320017654824,2055.0573222127596,319.58267186124027,53,8.440607032545577,5.501657084024307
15.900000000070294,-0.29247029615590187,-7.804457400408736,3693.740541397275,174.4062966338903,69,8.461881656037445,5.513003549886637
15.920000000070425,-0.32265167526030525,-6.685259343337349,2715.8770063959814,309.6566255927886,68,8.483149282755745,5.5243462841363975
15.940000000070556,-0.3533054316071435,-5.3862587892289095,1766.6011221302133,806.6549062017216,65,8.504409757209709,5.535685203845178
15.960000000070687,-0.3780738860871927,-2.870787971106132,502.8687758877158,667.4587728461779,68,8.525662923908575,5.547020226084573
15.980000000070818,-0.39017042458688994,-2.550606657853246,397.76416299767936,611.7805762737913,66,8.546908627361566,5.558351267926168
16.000000000070948,-0.3784743080105359,0.8204143925222147,41.23721561834525,1701.8177696245857,55,8.568146712077919,5.569678246441557
16.02000000007019,-0.3676574650186308,2.1977774663530525,296.53244888679023,853.7070746902964,61,8.589377022565925,5.581001078701827
16.040000000069433,-0.3639047156707804,1.9927760604577727,244.28773871570962,405.76057517737144,65,8.61059940333576,5.592319681779072
16.060000000068676,-0.3643268084385117,2.691606573420952,446.56594958113345,683.670016052781,62,8.63181369889665,5.60363397274488
16.08000000006792,-0.2952567923308719,4.593231149364455,1303.0908850544263,1595.403963194078,49,8.653019753757835,5.614943868670846
16.100000000067162,-0.11317374956162299,7.236175664929865,3240.633061834129,3042.0062874485043,37,8.674217412428542,5.626249286628555
16.120000000066405,0.005704651078867838,9.729167763993145,5869.951153173484,7732.181723748281,59,8.695406519418004,5.637550143689602
16.140000000065648,0.04971060704815149,15.6574819701958,15233.38043621282,10233.900692589094,60,8.716586919235459,5.648846356925578
16.16000000006489,0.07722812123903376,9.455877406177802,5567.027402691966,9225.924270610602,60,8.73775845639013,5.660137843408069
16.180000000064133,0.10359832193290719,0.6600244102509528,27.177207930012003,468.6502096079176,55,8.758920975391257,5.671424520208671
16.200000000063376,0.11222947414433708,-2.8729613541228005,515.9498191851815,260.9897099740309,67,8.780074320748067,5.682706304398969
16.22000000006262,0.10174147612807599,-3.317187699695688,689.2058460612243,296.02062506020343,65,8.801218336969796,5.6939831130505585
16.240000000061862,0.1025481367721432,-3.3981461054860587,724.6892689390907,262.6232425284829,60,8.822352868565673,5.705254863235026
16.260000000061105,0.11096994981217503,-4.46347634205233,1252.7690015056546,185.44720488659664,69,8.843477760044937,5.716521472023967
16.280000000060348,0.11474703333765524,-5.829277303524736,2140.960533285077,337.18918345626736,64,8.864592855916811,5.727782856488966
16.30000000005959,0.12200962441659419,-12.430635184946269,9754.802885216473,2109.860741104711,48,8.885698000690535,5.739038933701619
16.320000000058833,0.08766145678027022,-19.840820547897344,24900.13274809261,3885.8103297668763,44,8.906793038875335,5.750289620733512
16.340000000058076,-0.06226715620950461,-18.029686873356543,20601.898619594653,8463.818921613029,38,8.92787781498045,5.76153483465624
16.36000000005732,-0.19972922079503566,-10.827654478332938,7444.680340962335,8896.712710759362,44,8.948952173515105,5.772774492541389
16.38000000005656,-0.24436208317859467,0.45458912214794256,13.14799974884994,5482.729533618681,46,8.970015958988538,5.784008511460554
16.400000000055805,-0.2313874675055165,5.031093545346607,1613.5731444985813,880.8781368815901,48,8.991069015909975,5.7952368084853205
16.420000000055047,-0.2005825149745597,6.469947281593168,2673.6561624082988,1769.1211282386714,50,9.01211118878866,5.806459300687285
16.44000000005429,-0.18036756561280343,6.6744681476154675,2850.857688947175,3358.9661987996024,56,9.033142322133811,5.8176759051380325
16.460000000053533,-0.1735683482454687,6.2567460406648925,2510.009364649543,4034.6228939535163,55,9.054162260454667,5.828886538909156
16.480000000052776,-0.165099066039035,5.55627164242964,1983.258152684314,2861.0430825509948,61,9.075170848260466,5.840091119072248
16.50000000005202,-0.159268208324878,4.433478717125561,1265.1252732991125,1082.1027232797178,61,9.096167930060432,5.851289562698897
16.52000000005126,-0.1529143041570362,4.40002704727598,1248.4894703879897,1259.0951521905583,53,9.117153350363797,5.862481786860692
16.540000000050505,-0.021974562077959905,5.285655035638017,1805.0934498859547,2197.708035942088,43,9.138126953679794,5.873667708629224
16.560000000049747,0.13479580251244205,7.028750538642662,3198.0418225668695,4002.1536440077143,39,9.159088584517665,5.884847245076088
16.58000000004899,0.2276366245810158,7.742622716732127,3888.014278133869,5898.851710095365,62,9.18003808738663,5.896020313272869
16.600000000048233,0.2806887291868188,7.811541810546964,3965.03399510866,7308.740139256913,59,9.200975306795929,5.907186830291162
16.620000000047476,0.36401560447950965,3.0332735218016116,598.985400333208,3548.3928998814104,55,9.22190008725479,5.9183467132025545
16.64000000004672,0.4285259267154551,-7.439907383615308,3610.3209221756915,501.4905474800675,54,9.242812273272445,5.929499879078637
16.66000000004596,0.45202618779558446,-11.07240469012699,8011.434347750622,521.4610318502888,58,9.263711709358128,5.940646244991002
16.680000000045204,0.4617773850527405,-10.826042624599198,7673.251592024151,1496.4593832729306,58,9.284598240021074,5.95178572801124
16.700000000044447,0.4687617001317259,-6.828462602928488,3058.4220117778723,1417.3659057996053,61,9.305471709770508,5.962918245210938
16.72000000004369,0.45594031783523215,-5.77640473132732,2192.685331823191,1465.5090585441405,65,9.32633196311567,5.974043713661691
16.740000000042933,0.4392481643105273,-3.365875539654268,745.8726880765149,4240.662207585975,61,9.347178844565786,5.985162050435086
16.760000000042176,0.38429672171790086,-1.456240548676998,139.87507564058504,4420.325915385811,50,9.368012198630097,5.996273172602718
16.78000000004142,0.13748384426151253,-5.0666877201217835,1696.3905640983137,1808.8794364969376,43,9.388831869817821,6.007376997236172
16.80000000004066,-0.06375315870133447,-7.210893026757601,3442.36675850067,2592.7985795422064,47,9.409637702638207,6.0184734414070435
16.820000000039904,-0.10930967673322282,-4.999889963658365,1658.0566850955022,2996.429888388792,53,9.430429541600473,6.029562422186919
16.840000000039147,-0.11484212055837092,-0.3713268694056537,9.161965853854479,2605.5622623961285,52,9.45120723121386,6.040643856647392
16.86000000003839,-0.08241173690796483,3.1665236622180832,667.47778901407,1075.7389312167152,40,9.471970615987598,6.051717661860052
16.880000000037633,-0.03349759954944069,3.8196528409949893,972.9993471640005,379.7625162209132,50,9.492719540430919,6.06278375489649
16.900000000036876,0.0009607818282178906,3.6138252099528683,872.55028692336,476.5332723054125,60,9.513453849053052,6.073842052828295
16.92000000003612,0.009241429220159822,2.523531601916853,426.24872088914395,560.9576400522634,58,9.534173386363237,6.08489247272706
16.94000000003536,-0.007623446831033215,1.830799263706932,224.75764142509266,524.1306744247715,69,9.554877996870701,6.095934931664374
16.960000000034604,-0.04692427322085886,1.4997711228868316,151.1013692481779,1064.836334447312,64,9.575567525084676,6.106969346711827
16.980000000033847,-0.08560637782536057,2.122473168220313,303.17002905253213,1242.9892019117133,54,9.596241815514391,6.117995634941009
17.00000000003309,-0.05270252129978444,3.6799614503559317,912.9979800153056,1051.9173177063626,34,9.616900712669086,6.129013713423513
17.020000000032333,0.025702683004636857,4.274223859170119,1233.8922798483813,561.5908673132413,52,9.637544061057993,6.14002349923093
17.040000000031576,0.06605316441023323,3.357346266044643,762.6625857480408,861.9993051788919,64,9.65817170519034,6.151024909434848
17.06000000003082,0.0945435005289692,3.052298724906437,631.494697854556,1379.8934622771942,57,9.67878348957536,6.162017861106859
17.08000000003006,0.13392183919578904,2.3262724895847597,367.4601867805665,2663.9351280493383,49,9.699379258722281,6.17300227131855
17.100000000029304,0.08547618248956329,-2.940633658665435,588.2236379982867,1153.3516300076624,46,9.71995885714035,6.18397805714152
17.120000000028547,0.015764414330275544,-5.117193945184149,1784.4069427898216,134.09053612851096,64,9.740522129338782,6.19494513564735
17.14000000002779,-0.023984484192995013,-3.851410971529331,1012.5988375170975,83.51395325823177,65,9.761068919826815,6.205903423907635
17.160000000027033,-0.06448141931499668,-1.8724867306331692,239.77327202661556,96.09149796200707,64,9.781599073113686,6.216852838993966
17.180000000026276,-0.09006962218540016,-1.1434603063453808,89.57133796143962,605.4948051855367,65,9.802112433708626,6.227793297977934
17.20000000002552,-0.12353523416917478,-1.9923964897095923,272.42066195354806,1027.4965796894978,57,9.822608846120861,6.238724717931126
17.22000000002476,-0.19158719714791067,-1.4820359331783588,150.99606901729308,993.93390484996,56,9.843088154859634,6.249647015925138
17.240000000024004,-0.2537801859359255,-0.6026867725279615,25.014348411153033,616.1669399216341,54,9.863550204434164,6.260560109031554
17.260000000023247,-0.2512781577690009,-0.5722779935735868,22.59309375520862,64.76556795804858,71,9.883994839353694,6.27146391432197
17.28000000002249,-0.25871897750265715,1.8811219398136694,244.53965079789265,740.7999882762124,65,9.904421904127453,6.282358348867975
17.300000000021733,-0.2806280313937604,4.077715211421873,1151.0680299343765,1816.1187684326928,56,9.924831243264672,6.293243329741158
17.320000000020976,-0.21034362343809582,6.7332724833761075,3143.905272186594,3550.7145438368625,44,9.94522270127458,6.3041187740131095
17.34000000002022,-0.0952232292404985,8.06055076431831,4513.302220399378,3465.0881261708505,57,9.96559612266642,6.314984598755425
17.36000000001946,0.010447144078103378,7.070266073319717,3478.4234745517992,4541.364672810944,61,9.985951351949415,6.325840721039688
17.380000000018704,0.07637390014028021,6.349797324959502,2810.4422906173936,4611.989422154473,61,10.006288233632798,6.3366870579374925
17.400000000017947,0.12881303268433206,3.352438169162678,784.7269315854829,1379.7360433679687,64,10.026606612225805,6.34752352652043
17.42000000001719,0.17237097119154973,1.5320765273997499,164.17160205816018,360.4497892751592,64,10.046906332237667,6.358350043860089
17.440000000016433,0.21854565055864394,1.9762877937076666,273.6375326175985,449.22136814599827,60,10.067187238177617,6.369166527028062
17.460000000015675,0.2376008301311526,1.8043113583164008,228.47278982490596,158.5338822023299,63,10.087449174554882,6.379972893095937
17.48000000001492,0.2515782333066407,0.7243169959898034,36.8810401593459,104.31948142112395,67,10.107691985878704,6.390769059135309
17.50000000001416,0.28911138434274186,-0.3381071774013798,8.049834334533662,207.3974363717706,65,10.127915516658305,6.4015549422177624
17.520000000013404,0.3309398665481403,-7.615494760233813,4090.7677932718466,1386.508763793071,48,10.148119611402924,6.412330459414893
17.540000000012647,0.3019550213348697,-23.330109268088336,38456.57582054112,1486.4468009149416,43,10.16830411462179,6.423095527798289
17.56000000001189,-0.107557048528472,-23.17377770318755,38006.44895880896,3081.645917489183,39,10.188468870824137,6.4338500644395396
17.580000000011132,-0.4283152224708871,-13.650043930312485,13208.586512341155,12756.522385667698,49,10.208613724519196,6.444593986410238
17.600000000010375,-0.3811108214452338,4.421934186582351,1388.4667852761172,6726.755188720361,41,10.228738520216204,6.4553272107819755
17.620000000009618,-0.31143962024780725,8.009696618450995,4563.140636172394,2154.5474305463567,46,10.248843102424384,6.466049654626339
17.64000000000886,-0.24858412788898562,8.229354643997286,4824.831263659578,4616.66089041966,52,10.268927315652979,6.476761235014922
17.660000000008104,-0.19877465311870882,7.542279855705057,4059.502274358842,4965.278823890634,53,10.288991004411212,6.487461869019313
17.680000000007347,-0.16091886598767594,6.091671311075951,2652.5002888068984,3432.7648731872023,48,10.30903401320832,6.498151473711104
17.70000000000659,-0.13160591272537098,4.816074461345238,1660.664865294482,1939.4919546859196,51,10.329056186553535,6.508829966161885
17.720000000005832,-0.10927075955294316,3.9357633010950153,1110.8738311392026,778.3231060523586,63,10.349057368956087,6.519497263443246
17.740000000005075,-0.09581312351028541,4.314485165382521,1337.1311950147383,1051.4325243509738,59,10.369037404925212,6.53015328262678
17.760000000004318,-0.08701559981343765,4.311778106064729,1337.6306890278322,1533.8093392683227,49,10.388996138970139,6.540797940784074
17.78000000000356,-0.03510238330071346,4.374183201396314,1378.8683515568425,1499.701191307848,40,10.408933415600103,6.551431154986721
17.800000000002804,0.0032846561056276606,4.113392315460992,1221.3290108863011,2061.7474303188083,60,10.428849079324333,6.562052842306311
17.820000000002047,0.0183625147955363,3.316777691212346,795.3655430659733,2108.551873639584,55,10.448742974652065,6.572662919814435
17.84000000000129,0.026694362295296807,1.4562324921878502,153.56604971736016,2061.6938126395926,48,10.46861494609253,6.583261304582682
17.860000000000532,-0.0019826340670831962,-4.442570786271989,1431.5295720874954,313.76879517039504,48,10.488464838154957,6.593847913682644
17.879999999999775,-0.02621048704427196,-6.5938417249378904,3158.6723661020615,447.0531705937857,54,10.508292495348583,6.60442266418591
17.899999999999018,-0.05317835626392707,-6.326212354192529,2912.118959370803,349.0351937659361,57,10.52809776218264,6.614985473164074
17.91999999999826,-0.09289478052725716,-5.521856438854906,2222.2040912367,309.0610227338601,53,10.547880483166356,6.625536257688723
17.939999999997504,-0.14206330124636618,-5.236462000753348,2001.6119229764868,1317.4356206413247,50,10.567640502808967,6.6360749348314485
17.959999999996747,-0.1893565859981805,-6.505365546938296,3094.1098747870865,2299.609649542931,40,10.587377665619702,6.646601421663841
17.97999999999599,-0.39234724557458106,-6.959397633301998,3546.6806719045653,2249.2519388470237,34,10.607091816107797,6.657115635257492
17.999999999995232,-0.7159044567251966,-10.536713820383087,8142.799321931418,1666.3866998829951,38,10.626782798782484,6.667617492683991
18.019999999994475,-0.7943423805584301,-6.4388590619742,3045.537074965681,1417.0494475732023,53,10.646450458152993,6.67810691101493
18.039999999993718,-0.8008933231836561,-0.5919157040831886,25.777843517105108,3128.094403634357,47,10.666094638728556,6.688583807321896
18.05999999999296,-0.7405700512725037,5.970693330332689,2626.9712013618296,1871.1774998603482,33,10.685715185018406,6.699048098676483
18.079999999992204,-0.5777958853795477,19.02410269437635,26711.063907882915,5211.346124111284,32,10.705311941531779,6.709499702150282
18.099999999991446,-0.430299803453344,26.447756050416565,51705.36957065156,5963.908608039365,38,10.724884752777903,6.719938534814882
18.11999999999069,-0.31109398634969543,22.240238765398132,36619.31043852993,10843.751199792467,50,10.744433463266008,6.730364513741871
18.139999999989932,-0.1698900104025384,9.939104259949682,7324.82365571368,7708.193909516446,51,10.763957917505335,6.740777556002845
18.159999999989175,-0.08735085247007233,5.513111776260924,2257.178018009934,2913.2680732359177,49,10.783457960005107,6.75117757866939
18.179999999988418,-0.013568802126615665,4.920028730216133,1800.4255106194676,2359.0766385281463,48,10.802933435274564,6.761564498813101
18.19999999998766,0.11815294661123352,4.921641367092833,1804.3700161033016,2359.356841590763,49,10.822384187822927,6.771938233505561
18.219999999986904,0.289186643956947,3.0879955532563983,711.4148565729215,1079.86658664264,49,10.84181006215944,6.7822986998183685
18.239999999986146,0.35611748764168233,0.5544116976257433,22.966585115325202,102.0231222636991,68,10.861210902793335,6.792645814823112
18.25999999998539,0.3738612670818709,-0.7649337930844723,43.78643045222025,147.1430458832029,64,10.880586554233837,6.802979495591379
18.279999999984632,0.40730788332568013,-2.9048973993931804,632.4289923086427,738.835685866594,54,10.899936860990183,6.813299659194764
18.299999999983875,0.4620435081071341,-22.453499118118557,37842.05412166294,1074.409417397982,47,10.919261667571602,6.823606222704854
18.319999999983118,0.3901312194988192,-41.50547914385082,129500.69858752162,4218.501440722498,40,10.938560818487332,6.833899103193244
18.33999999998236,0.20673133748720185,-29.473424345697904,65399.6145598801,13408.6672622063,46,10.957834158246596,6.8441782177315185
18.359999999981603,-0.13355144647594486,-14.592054360244775,16054.536166396645,10410.980755869194,50,10.977081531358637,6.8544434833912735
18.379999999980846,-0.4776251298623782,-2.8679610395528177,621.0984055165253,6142.552067039936,47,10.996302782332677,6.864694817244095
18.39999999998009,-0.4918960755234497,-0.49168831647537004,18.282722945322767,5782.839272749422,52,11.015497755677956,6.8749321363615765
18.419999999979332,-0.5310751569797155,0.6213722423926631,29.242205643060803,5242.8445907269415,52,11.034666295903705,6.885155357815309
18.439999999978575,-0.7106522687915899,-0.28584158595041154,6.197274499542377,3374.9474491961855,51,11.053808247519154,6.8953643986768824
18.459999999977818,-0.8543992702194313,-1.2880181315536359,126.0188435121964,853.1755861691042,58,11.072923455033534,6.905559176017885
18.47999999997706,-0.8586718460443235,1.008499176732872,77.37174894489675,552.3949219251382,63,11.092011762956083,6.915739606909911
18.499999999976303,-0.8559982363902103,5.671059304161665,2450.177973003276,1062.2540223026633,58,11.111073015796027,6.925905608424547
18.519999999975546,-0.8077013109710384,22.142150492523882,37406.316239024636,4974.889958405185,46,11.130107058062604,6.936057097633389
18.53999999997479,-0.6365594785085461,39.685591540179246,120338.69830510615,5487.4893819215795,44,11.149113734265038,6.946193991608021
18.559999999974032,-0.4600998750401547,25.69162756457212,50507.42593837335,4357.612726267177,43,11.168092888912572,6.956316207420039
18.579999999973275,-0.3643755208094679,16.51380775367662,20897.629082425447,5010.1163717426,48,11.18704436651443,6.966423662141029
18.599999999972518,-0.32790718103471334,7.392948877252221,4194.3696555998085,5693.349541182329,49,11.20596801157985,6.976516272842587
18.61999999997176,-0.3235765989892792,4.671298086906422,1677.0011180773033,1337.7868780524436,55,11.224863668618056,6.9865939565962965
18.639999999971003,-0.24865067901955626,4.207980072010797,1362.7951990285335,1055.932028239454,56,11.24373118213829,6.996656630473755
18.659999999970246,-0.13523643881318267,1.467747735272638,166.0386933977976,377.93447283866834,60,11.26257039664978,7.006704211546549
18.67999999996949,-0.08610639365821836,0.5233717884092896,21.142117297698697,379.0493355073141,62,11.281381156661755,7.01673661688627
18.699999999968732,-0.04694680119178287,-0.8046401906391378,50.04386714327186,527.2121337135952,57,11.300163306683457,7.0267537635645105
18.719999999967975,-0.009893725577352677,-8.094590566252208,5071.715967860195,687.6020024666848,47,11.318916691224105,7.036755568652856
18.739999999967218,0.02601144706941476,-24.312674142836507,45819.09552288724,1118.7903476112606,42,11.33764115479294,7.046741949222902
18.75999999996646,0.004409040257712971,-46.03798960272236,164523.45837767454,3234.8273737429454,37,11.356336541899193,7.0567128223462365
18.779999999965703,-0.17673604031829704,-31.85950787315013,78901.54473235452,11320.719598257037,40,11.3750026970521,7.066668105094453
18.799999999964946,-0.4910145408953428,-17.308701797005988,23320.980091050656,9989.817251313565,44,11.393639464760884,7.076607714539138
18.81999999996419,-0.6253129253217613,0.8862798337737614,61.230548011906194,7073.309757163566,42,11.412246689534783,7.0865315677518845
18.83999999996343,-0.622636699921826,5.469967022846245,2335.622287987743,2467.48116477328,45,11.430824215883032,7.096439581804283
18.859999999962675,-0.5983149111640405,8.096159692241596,5123.848617900469,4635.010465226849,40,11.449371888314854,7.106331673767922
18.879999999961917,-0.5630286661217686,11.343036917398697,10071.63539169723,8355.646945368071,39,11.46788955133949,7.116207760714394
18.89999999996116,-0.5182403401823396,14.94131923082467,17499.29378945453,8395.907221334906,34,11.48637704946617,7.1260677597152915
18.919999999960403,-0.49702067468619254,14.248891881732956,15936.91763070085,7858.157058551683,41,11.504834227204123,7.135911587842199
18.939999999959646,-0.4700492362349476,13.999867750635618,15405.922569011826,6993.768699529925,38,11.523260929062587,7.145739162166713
18.95999999995889,-0.35375636193418825,14.700777942565189,17010.47203314129,8593.346581006504,32,11.54165699955079,7.155550399760421
18.97999999995813,-0.20980476228016215,10.42032589419191,8558.396590310787,8275.590887092236,53,11.560022283177966,7.165345217694916
18.999999999957375,-0.1696616084762629,6.993482191258069,3860.192960480979,5090.947127154677,50,11.578356624453347,7.175123533041785
19.019999999956617,-0.08760158804370373,4.330062626658228,1481.8385123653754,2096.48826335345,56,11.596659867886164,7.184885262872621
19.03999999995586,-0.04794702169057671,2.408583183297357,459.11815720739406,857.5294572026753,58,11.61493185798565,7.1946303242590135
19.059999999955103,-0.024031179191359855,1.1904720550079568,112.31206688774269,245.2098446662685,58,11.633172439261042,7.204358634272555
19.079999999954346,-0.00467173584011345,0.2667797819992868,5.6477942967646495,341.713410505516,53,11.65138145622156,7.214070109984832
19.09999999995359,0.008783710441379652,-4.6281277265339975,1702.0289650444672,547.6374529992676,47,11.66955875337645,7.22376466846744
19.11999999995283,0.016153237255144882,-16.329814819560116,21217.79367698159,962.1563716218018,43,11.68770417523494,7.233442226791968
19.139999999952074,-0.01095278295642237,-31.150005420347462,77309.62764246731,2419.4547667557076,47,11.705817566306257,7.243102702030003
19.159999999951317,-0.06159307399639832,-26.156278965695048,54581.702161826775,8242.853700926062,49,11.72389877109964,7.252746011253141
19.17999999995056,-0.17043685900964514,-13.083786287499128,13675.337830265782,8144.880045376567,53,11.741947634124314,7.262372071532967
19.199999999949803,-0.25659609806053196,-0.5307853871468823,22.536336809456515,3607.6155135632275,43,11.759963999889518,7.271980799941076
19.219999999949046,-0.34081031487282515,5.3474542959707785,2290.4035222768307,842.2577078381464,39,11.77794771290448,7.281572113549056
19.23999999994829,-0.33684777297546525,9.238886759716484,6845.856064575853,2631.0602788717915,34,11.79589861767844,7.291145929428501
19.25999999994753,-0.30180829945010645,13.470181179217835,14571.497667325042,5074.807434745206,36,11.81381655872062,7.300702164650997
19.279999999946774,-0.1932637963185741,14.11605439246459,16023.264823604624,6085.372283301629,41,11.831701380540256,7.3102407362881365
19.299999999946017,-0.13325116280261892,11.85299240258041,11312.162405072384,9027.990644529813,40,11.849552927646581,7.31976156141151
19.31999999994526,-0.03950925596043224,11.670222851689642,10980.228603690184,8411.18525986494,38,11.86737104454883,7.32926455709271
19.339999999944503,0.01907259915935847,7.137084907393799,4112.031985222799,3846.228152548879,36,11.88515557575623,7.338749640403322
19.359999999943746,0.05558541171373229,3.5704712412347925,1030.4471461067894,1020.716357627968,44,11.902906365778017,7.3482167284149424
19.37999999994299,0.08392915412934131,1.5349529116371927,190.6877757044824,427.9465506033842,49,11.920623259123426,7.35766573819916
19.39999999994223,0.10393380788421763,0.9075466273821311,66.74626114473652,543.9213289341448,47,11.938306100301684,7.367096586827564
19.419999999941474,0.11946366872786805,0.039099078515975855,0.12404424418648283,566.6575047413944,47,11.95595473382202,7.376509191371744
19.439999999940717,0.13922010639609664,-3.056211575601264,758.8625923032897,829.7926462592112,45,11.973569004193672,7.385903468903292
19.45999999993996,0.15738656448816052,-11.031335017869285,9899.275624049058,1007.990451888455,44,11.991148755925876,7.3952793364938
19.479999999939203,0.13304102195824477,-24.00956518885828,46953.182177685616,2499.860003187402,34,12.008693833527854,7.404636711214856
19.499999999938446,0.06010982574466935,-24.678411446805306,49668.17854182642,6702.420100349433,36,12.026204081508848,7.413975510138052
19.51999999993769,-0.04990450799762546,-16.42631281098028,22032.79637643371,6437.332873200452,41,12.043679344378084,7.423295650334978
19.53999999993693,-0.3381121654220038,-5.925739062299679,2870.901689569568,6010.093336914947,40,12.061119466644797,7.432597048877225
19.559999999936174,-0.371613187120767,6.655377268542885,3625.9405897666807,1018.4191835368503,31,12.078524292818214,7.441879622836381
19.579999999935417,-0.31611840582964046,12.950333370841436,13746.036631156123,2540.6192508645013,35,12.095893667407578,7.451143289284042
19.59999999993466,-0.2571395261929654,15.975781558500504,20944.901646390936,2968.33091418768,58,12.113227434922113,7.460387965291793
19.619999999933903,-0.2424077006332115,10.330553982738842,8768.75715535023,6109.977449315572,50,12.130525439871057,7.469613567931231
19.639999999933146,-0.22274055241338722,9.515857536031316,7449.405748644792,5303.498597345618,48,12.147787526763635,7.478820014273938
19.65999999993239,-0.10377590444722921,7.813448477896584,5028.569364675658,2663.188150250283,53,12.165013540109083,7.488007221391511
19.67999999993163,-0.03497428051968376,4.4012197471800345,1597.4837362585554,970.9696236827683,52,12.182203324416633,7.497175106355538
19.699999999930874,-0.004356772081516032,2.6513915493647304,580.4538590917634,334.27492030656936,56,12.199356724195525,7.506323586237613
19.719999999930117,0.013419775072813278,2.000769714945629,330.93449168714784,335.3021697385919,62,12.216473583954976,7.51545257810932
19.73999999992936,0.020121131282089942,1.7080955265360165,241.48948240041986,398.73686943619253,61,12.23355374820423,7.524561999042256
19.759999999928603,0.02013557585162988,0.8321672023373835,57.38777900548572,286.39387684881063,55,12.25059706145251,7.533651766108005
19.779999999927846,0.021541706471212316,-1.6903493510774419,237.068426531091,416.8969736813582,49,12.267603368209063,7.542721796378166
19.79999999992709,0.027653283304066557,-5.399502827048014,2421.8603705046094,555.3512393099799,43,12.284572512983102,7.551772006924321
19.81999999992633,0.01616851687896227,-10.886624338046017,9857.051882394619,658.6241910522298,48,12.30150434028388,7.560802314818069
19.839999999925574,-0.01695670269698334,-13.78745380138976,15828.725799353891,1947.16485323396,53,12.318398694620612,7.569812637130993
19.859999999924817,-0.07970736055479329,-10.558492875799883,9293.882119141323,3291.4259338286383,56,12.335255420502538,7.5788028909346865
19.87999999992406,-0.1466768230418256,-1.9680601185735689,323.28364647431226,2248.2021422453486,49,12.35207436243889,7.587772993300741
19.899999999923303,-0.18110619993853488,-2.8300248781449455,669.2670976794153,530.5881463004604,60,12.368855364938891,7.5967228613007425
19.919999999922545,-0.21615885905307974,-3.2137212343875623,864.063308291387,506.00610410363413,61,12.385598272511793,7.60565241200629
19.93999999992179,-0.2641614160914942,-2.4396218566173653,498.52003689899703,353.7910961743871,62,12.402302929666815,7.614561562488968
19.95999999992103,-0.2936379510884417,-1.963818225569899,323.40507221191604,284.8429389970759,64,12.418969180913187,7.623450229820366
19.979999999920274,-0.310495649498584,-1.442922469938301,174.79747465167912,402.81123374537134,64,12.435596870760149,7.63231833107208
19.999999999919517,-0.31280849577320413,-1.0300936208461686,89.1878516501552,347.914770910228,64,12.452185843716931,7.641165783315697
20.01999999991876,-0.31158756380499497,-0.7854243460673095,51.91136072675407,581.0674392557554,64,12.468735944292762,7.649992503622807
20.039999999918003,-0.312619892662482,-0.3753763040345276,11.870992521877968,982.0265862820523,63,12.485247016996878,7.658798409065001
20.059999999917245,-0.3155942923733607,0.592375531998775,29.59684499876874,1700.6302650485288,62,12.501718906338509,7.667583416713871
20.079999999916488,-0.3132730936314728,3.3683506985614278,958.0361851115783,2062.5148660903124,53,12.518151456826889,7.676347443641007
20.09999999991573,-0.29773898748045863,3.8845182421744067,1275.6043647831314,2013.6041064698172,57,12.534544512971246,7.685090406917998
20.119999999914974,-0.2790595577960169,3.9300575307066006,1307.1700346470066,1277.3509448387697,63,12.550897919280818,7.693812223616436
20.139999999914217,-0.24672093959399366,3.4702871962227877,1020.3659327302614,821.5156660857624,60,12.567211520264838,7.702512810807914
20.15999999991346,-0.21831872576935843,3.095865360330644,812.9771447894872,723.4143021414737,62,12.583485160432527,7.711192085564015
20.179999999912702,-0.19206390522788222,2.7298186516775953,632.8038877254497,689.9260639698069,63,12.59971868429313,7.719849964956336
20.199999999911945,-0.17267246489107074,2.464869302370665,516.5054667741734,601.2049222325505,61,12.61591193635588,7.72848636605647
20.219999999911188,-0.16053541370524943,1.7689231056580084,266.31085709130514,386.99140726657015,61,12.632064761129996,7.737101205935998
20.23999999991043,-0.1508830793605838,0.9286434858102035,73.4769425782878,238.0683617107259,62,12.648177003124722,7.745694401666518
20.259999999909674,-0.1429329005892574,0.5181012977840909,22.89616430798559,215.85044830566417,64,12.664248506849283,7.7542658703196174
20.279999999908917,-0.14055893355007604,0.21395171736330904,3.908800496952316,269.233928327739,60,12.680279116812919,7.7628155289668905
20.29999999990816,-0.14693880423038116,-0.05330096207820285,0.24286161316383303,209.2928131964607,59,12.696268677524857,7.771343294679924
20.319999999907402,-0.15612452755044087,-0.3113586133514376,8.296322512982584,173.62604674221734,62,12.71221703349433,7.779849084530309
20.339999999906645,-0.1642786094017944,-0.4237360346197044,15.382537521237623,117.13492559834238,66,12.728124029230571,7.788332815589638
20.359999999905888,-0.1751463810259712,-0.8181401965222241,57.40691766910338,88.32310387859125,62,12.74398950924281,7.796794404929499
20.37999999990513,-0.1899077375591179,-0.9324068879305942,74.64307911078659,73.72108167231907,67,12.759813318040287,7.805233769621486
20.399999999904374,-0.20395005836694446,-0.9853826740734418,83.4558007616379,153.51054704273776,70,12.775595300132224,7.813650826737186
20.419999999903617,-0.21576504823035128,-1.1283947169250232,109.55573351340239,172.71198386440264,69,12.79133530002786,7.822045493348192
20.43999999990286,-0.22604486019486653,-1.2589080361525211,136.51036424058452,190.4031095825194,66,12.80703316223642,7.830417686526091
20.459999999902102,-0.2448162714530712,-1.3948684081399807,167.767153191045,101.59814097819509,63,12.822688731267144,7.838767323342477
20.479999999901345,-0.26925322525289513,-1.5037217293118659,195.18053716711924,86.50818560419783,62,12.838301851629264,7.847094320868941
20.499999999900588,-0.29862870739693104,-1.5523833164464418,208.23745403558704,252.95821618407456,61,12.853872367832011,7.855398596177072
20.51999999989983,-0.32908006507712334,-1.6325766984921317,230.55030880588453,353.3933742405052,66,12.869400124384615,7.863680066338461
20.539999999899074,-0.3598807762454023,-1.6377055752676302,232.24482245507676,482.77118917800095,66,12.884884965796305,7.871938648424696
20.559999999898317,-0.3899578305368999,-1.5643005265569188,212.11378300107046,316.26327026472137,64,12.900326736576321,7.880174259507371
20.57999999989756,-0.41418650998623974,-1.403772134088104,170.9913408757676,337.0907297351163,62,12.915725281233893,7.888386816658076
20.599999999896802,-0.43536954130128835,-1.2371335867517341,132.94276680221793,406.4475084080235,61,12.931080444278251,7.896576236948401
20.619999999896045,-0.45796841819822626,-1.1573015050236741,116.45910407103196,488.8539879559188,62,12.94639207021863,7.904742437449936
20.639999999895288,-0.48189799025076946,-1.1489499777499008,114.90258512859323,660.289841540176,62,12.96166000356426,7.9128853352342725
20.65999999989453,-0.5075680185440686,-1.2526550127664347,136.72122015640426,761.156237995075,60,12.976884088824374,7.921004847372999
20.679999999893774,-0.5313857906957099,-1.4004177170560237,171.05344374441648,728.650371072393,62,12.992064170508206,7.929100890937709
20.699999999893016,-0.5513126094284123,-1.5641299606814174,213.6014627287536,508.50187758564897,64,13.007200093124986,7.937173382999992
20.71999999989226,-0.5686860183313981,-1.7288260089545315,261.2169233315603,444.30041049560367,63,13.022291701183946,7.945222240631438
20.739999999891502,-0.5922917346600539,-2.091903666574052,382.84284820165243,443.7590647649459,60,13.03733883919432,7.953247380903637
20.759999999890745,-0.6297672622529684,-2.940808121762034,757.3685300952427,533.4171843990293,59,13.052341351665342,7.961248720888182
20.779999999889988,-0.6840930969942646,-3.3412602114679215,978.654587283162,721.7867387685346,57,13.067299083106237,7.96922617765666
20.79999999988923,-0.7530684303021085,-3.8996773003137353,1334.4410702141047,1125.3986098453665,57,13.082211878026245,7.977179668280664
20.819999999888473,-0.8253496568042832,-4.114668293610193,1487.110363062623,1623.4986941762334,60,13.097079580934599,7.985109109831786
20.839999999887716,-0.8886786473705178,-3.643417192240135,1167.134987499263,1888.8915089896827,58,13.111902036340522,7.993014419381612
20.85999999988696,-0.9429236866998985,-3.126492346509399,860.2922762585783,1717.7184124791704,58,13.126679088753255,8.000895514001737
20.879999999886202,-0.9859781534384199,-2.674934902797497,630.3532298713365,1451.7699631208068,58,13.141410582682024,8.008752310763747
20.899999999885445,-1.026903979422113,-2.5269266519945672,563.0764244500672,1546.2622859915252,58,13.156096362636063,8.016584726739234
20.919999999884688,-1.0729397181773677,-2.3976282349533156,507.4211284432453,1838.217034564995,58,13.170736273124618,8.024392678999796
20.93999999988393,-1.1311701814580448,-2.130377164357842,400.99494908196806,2095.10019319464,60,13.185330158656898,8.032176084617012
20.959999999883173,-1.2024533156023034,-1.8780849351629219,311.94330805843157,2136.2769749755357,60,13.199877863742152,8.03993486066248
20.979999999882416,-1.2885655463596017,-1.7592113593265517,273.96736195274326,1703.9694900964803,57,13.2143792328896,8.047668924207787
20.99999999988166,-1.3751757088953553,-1.8291307659272193,296.4613823711198,1233.0597696507357,58,13.228834110608487,8.055378192324525
21.019999999880902,-1.4591870953767505,-1.956376577481744,339.4670489905154,982.1405313272284,57,13.243242341408036,8.063062582084285
21.039999999880145,-1.5496427490532207,-2.0932434488296217,388.9954801560143,1008.0668591617931,56,13.257603769797484,8.070722010558658
21.059999999879388,-1.6514096298543084,-2.493832554171515,552.6501268195158,1155.395536812356,55,13.271918240286064,8.078356394819235
21.07999999987863,-1.7517460931339772,-3.1107752103663353,860.7198844102536,1186.7216708300832,54,13.286185597383005,8.085965651937602
21.099999999877873,-1.8005408064717703,-3.34767220939578,997.7404443239177,638.1811774156666,61,13.30040568559754,8.093549698985354
21.119999999877116,-1.7945916853729018,-2.8629555326723417,730.4093714050647,156.75654959489196,67,13.3145783494389,8.10110845303408
21.13999999987636,-1.8090694087296006,-0.8351010129616228,62.204073179615214,390.1890987162735,68,13.32870343341632,8.10864183115537
21.159999999875602,-1.8413788030017944,1.7281134640645617,266.6166360144886,543.3757722187061,64,13.342780782039027,8.116149750420814
21.179999999874845,-1.8413681015461625,4.103538794138888,1504.7349929615877,468.6615069061475,61,13.356810239816264,8.123632127902008
21.199999999874088,-1.7890259085813378,5.757150350864457,2964.5346877436136,452.0354441898568,56,13.370791651257255,8.131088880670536
21.21999999987333,-1.715105969984213,6.703475142695153,4022.88967846688,660.8817210655372,50,13.384724860871234,8.138519925797992
21.239999999872573,-1.6386340822726362,7.695003403225466,5305.798278007543,975.8365175579587,52,13.398609713167435,8.145925180355965
21.259999999871816,-1.5630683435430097,9.58303218330217,8236.301647730055,2189.4578439465954,52,13.412446052655087,8.153304561416046
21.27999999987106,-1.473896855529853,13.080050396673139,15358.071908396634,4855.645418206653,52,13.426233723843422,8.160657986049825
21.299999999870302,-1.3546918637690042,15.994018914630107,22983.85361675556,5828.413700821288,54,13.439972571241677,8.167985371328895
21.319999999869545,-1.1887448544430959,15.433111393628373,21419.170865508284,5991.528301660707,52,13.45366243935908,8.175286634324843
21.339999999868787,-0.952048111001945,12.166329141348745,13322.971424573467,6010.480097713033,56,13.46730317270487,8.182561692109264
21.35999999986803,-0.792020646772677,9.984605682755845,8981.076018522075,3697.9009591029126,60,13.480894615788264,8.18981046175374
21.379999999867273,-0.7080929479881751,6.2955550595741085,3573.6944222418206,2466.4007902724757,61,13.494436613118513,8.197032860329873
21.399999999866516,-0.6402479186267999,2.1224899317717676,406.5572653745212,670.7358574227821,59,13.507929009204835,8.204228804909246
21.41999999986576,-0.5675743574820421,-0.9402919839400086,79.86109606110358,731.5335342058574,57,13.521371648556473,8.211398212563452
21.439999999865,-0.5016363478800268,-2.6842443456615657,651.3756283788013,772.3637587120643,57,13.53476437568265,8.21854100036408
21.459999999864245,-0.44585219952544486,-3.2865614555329272,977.3425365206344,737.4418706963401,65,13.548107035092603,8.225657085382721
21.479999999863487,-0.3946862103485137,-3.5999970415857,1173.658395617066,768.3816301584984,63,13.561399471295564,8.232746384690968
21.49999999986273,-0.3524600019289551,-4.256945506038708,1642.5023578952143,736.6350342645104,56,13.57464152880077,8.23980881536041
21.519999999861973,-0.3177209823952976,-5.6539722455203,2899.932068607196,717.2305681976416,55,13.587833052117444,8.246844294462637
21.539999999861216,-0.29044420927629677,-6.693668485522071,4067.970549908482,679.4273316946757,58,13.600973885754822,8.253852739069238
21.55999999986046,-0.26764894749576995,-6.596304113114077,3953.8293754959323,805.3885422800777,60,13.614063874222138,8.260834066251807
21.5799999998597,-0.24068294884012562,-3.895352056589579,1379.9884667585843,1061.532630719399,55,13.62710286202862,8.26778819308193
21.599999999858944,-0.21103756220549164,-1.558365360681421,221.04683654866818,1371.4779164980614,54,13.64009069368351,8.274715036631205
21.619999999858187,-0.1784794978066764,-0.5235461085846841,24.96994400376263,1311.2321986556738,56,13.653027213696028,8.281614513971215
21.63999999985743,-0.1454445989248426,-0.341104380263522,10.608219921450662,1081.358951033845,57,13.665912266575415,8.288486542173555
21.659999999856673,-0.12009226564436064,-0.46476036504866713,19.709907013004965,830.3508058539688,60,13.678745696830896,8.295331038309811
21.679999999855916,-0.10965295533155736,-0.55262488952692,27.889712301487112,635.788319427042,62,13.691527348971718,8.302147919451583
21.69999999985516,-0.09488876054683185,-0.45543704131934504,18.958101999853586,920.0086255999829,62,13.704257067507093,8.30893710267045
21.7199999998544,-0.07187150787334612,-0.3417376817571098,10.68260470541206,891.0343893133658,62,13.716934696946266,8.315698505038009
21.739999999853644,-0.049994922490697445,-0.2129352414641895,4.150859484442165,894.6700285790447,63,13.72956008179847,8.32243204362585
21.759999999852887,-0.03414876883630643,-0.10987093116589053,1.1060081679276248,791.0366189914871,62,13.742133066572926,8.32913763550556
21.77999999985213,-0.021147509178274838,-0.11353426539807047,1.1819379344775813,639.5274723337673,61,13.754653495778882,8.335815197748737
21.799999999851373,-0.0001901876225072145,-0.19035548944833955,3.325200759444424,607.6671890358131,62,13.767121213925556,8.342464647426963
21.819999999850616,0.019960349048524735,-0.35083496451310187,11.304135446509008,586.5764010045507,61,13.779536065522187,8.349085901611833
21.83999999984986,0.03861008342791608,-0.6181061020390913,35.11563192579705,779.1938327333904,62,13.791897895078009,8.355678877374938
21.8599999998491,0.051109442577402624,-0.9446265405689307,82.07970395476598,592.2535112460977,62,13.804206547102257,8.36224349178787
21.879999999848344,0.056470042880291,-0.8935018342969949,73.49295598710908,548.2511989787826,61,13.816461866104156,8.368779661922217
21.899999999847587,0.05832040786833431,-0.6700727768726057,41.36531610175284,593.0570645477053,64,13.828663696592933,8.375287304849564
21.91999999984683,0.05827382966458207,-0.5867666808820011,31.743815357862974,715.2543096378477,63,13.840811883077835,8.381766337641512
21.939999999846073,0.05355056423541432,-0.5933567299884654,32.485837728979625,683.259776507446,60,13.852906270068084,8.388216677369645
21.959999999845316,0.051711317185579135,-0.6810424465047099,42.829502676997905,608.081378058097,60,13.86494670207292,8.394638241105557
21.97999999984456,0.05287499102714855,-0.6717324243674296,41.69825624312732,654.4111885329675,59,13.87693302360157,8.401030945920837
21.9999999998438,0.0560181351416929,-0.5080373637236091,23.869615853255567,742.0454711056905,60,13.888865079163256,8.40739470888707
22.019999999843044,0.058569313681368446,1.1054964519060138,113.10867995203802,826.6264731462816,55,13.900742713267235,8.413729447075859
22.039999999842287,0.06477618460092419,2.491932381001508,575.147309993933,849.3189277824648,49,13.912565770422722,8.420035077558785
22.05999999984153,0.08336262499552237,3.4466979869630205,1101.1250861173253,870.9568142171588,50,13.924334095138953,8.426311517407441
22.079999999840773,0.10150064478299432,2.387783077700261,528.8613111768083,350.29989703823065,63,13.936047531925153,8.432558683693415
22.099999999840016,0.11958629538930168,1.861646319022435,321.7114525350236,693.6583825348566,62,13.947705925290576,8.438776493488307
22.11999999983926,0.14503260142613225,1.5480878614944478,222.62900374883347,558.9726743053078,65,13.959309119744427,8.444964863863694
22.1399999998385,0.17202686869109485,1.3363335891924426,166.01101837275067,541.825944441706,65,13.970856959795961,8.45112371189118
22.159999999837744,0.20235639229403543,1.1802018293402152,129.5789846335691,979.1019617239052,64,13.982349289954396,8.457252954642344
22.179999999836987,0.23200670410777074,0.9833335257560583,90.01954382226678,751.5448713442548,63,13.99378595472896,8.463352509188779
22.19999999983623,0.25361081713272515,0.8095477539022076,61.05643139246571,696.8710420060241,60,14.005166798628899,8.46942229260208
22.219999999835473,0.26963037065908013,0.5907568644969048,32.536709598695005,630.5127690536905,60,14.016491666163448,8.475462221953839
22.239999999834716,0.2818035480450443,0.2670337483454362,6.652673854041763,602.4819904454752,60,14.027760401841826,8.481472214315641
22.25999999983396,0.28512137722748027,-0.416861634765624,16.22384843886024,492.88394013094575,54,14.03897285017327,8.487452186759077
22.2799999998332,0.2787299381037886,-1.0655523954566155,106.07767385203222,358.8017630489734,53,14.050128855667017,8.493402056355743
22.299999999832444,0.265595104205361,-1.3713233495036699,175.81531230114024,292.91665941138336,63,14.061228262832289,8.499321740177221
22.319999999831687,0.2480137015159323,-1.285985039366723,154.72112611782896,287.0410342218351,65,14.07227091617833,8.50521115529511
22.33999999983093,0.2257410999526301,-1.180660924090075,130.50502624284508,263.69690612786354,66,14.083256660214364,8.511070218780993
22.359999999830173,0.2011279324014324,-1.1230246756498359,118.15518166634281,535.4269336571946,66,14.094185339449623,8.516898847706466
22.379999999829415,0.17690826546427485,-1.1457878621624993,123.07735833879667,688.7082242835488,65,14.10505679839335,8.52269695914312
22.39999999982866,0.15594845321834286,-1.2304460993638129,142.03282245730665,646.5975016083443,62,14.115870881554772,8.528464470162545
22.4199999998279,0.13935577115569064,-1.2767057656710055,153.0161275786813,626.5895219217296,62,14.126627433443108,8.534201297836324
22.439999999827144,0.12236214932610434,-1.1942848188412916,133.98669302140274,601.7845779032705,61,14.137326298567608,8.539907359236057
22.459999999826387,0.10541143670161554,-1.1415337992220207,122.49318012438685,672.9992127666524,61,14.147967321437498,8.545582571433332
22.47999999982563,0.08973557901788344,-1.0925040788026559,112.2709111042534,648.1243671182037,58,14.158550346562002,8.551226851499734
22.499999999824873,0.07615863113835096,-1.0363168632822783,101.08605147070837,541.4579397998066,60,14.16907521845037,8.556840116506864
22.519999999824115,0.06872188863990199,-1.0754800030903675,108.94166470984943,685.6946305649287,55,14.179541781611825,8.562422283526306
22.539999999823358,0.07240691366442409,-1.0502219448511114,103.95202783547326,954.7566531300527,55,14.189949880555591,8.567973269629649
22.5599999998226,0.0790684425838626,-1.012549212238364,96.69026768841351,771.9641892893832,55,14.200299359790908,8.573492991888484
22.579999999821844,0.08240184995955614,-0.9826386024734274,91.12049117666605,845.1905369478025,53,14.210590063827016,8.578981367374409
22.599999999821087,0.07847213270617713,-1.2278020198055146,142.35124056930192,596.3531923116219,54,14.220821837173137,8.584438313159007
22.61999999982033,0.06640787815348528,-1.3142028686936256,163.19384762111125,403.27507393515305,52,14.2309945243385,8.589863746313867
22.639999999819572,0.04939455957673347,-1.238887559904205,145.1160222501871,426.615161211279,53,14.241107969832353,8.595257583910588
22.659999999818815,0.02579290793308829,-1.1457391649104507,124.1920939649185,423.08918706179645,49,14.25116201816391,8.600619743020752
22.679999999818058,2.1073571230932113e-5,-1.107854726430852,116.1868936150742,422.76059955716744,48,14.261156513842415,8.605950140715954
22.6999999998173,-0.024823066584763392,-1.076464838773659,109.76364349820679,396.8023582992262,49,14.271091301377096,8.611248694067784
22.719999999816544,-0.05012927357890688,-1.0502586512482155,104.54827821946004,408.046036538979,55,14.280966225277181,8.61651532014783
22.739999999815787,-0.08087774127892648,-0.7453194315241084,52.68330304020892,596.7250466446534,55,14.290781130051919,8.62174993602769
22.75999999981503,-0.12071687693136718,-0.4237605237302474,17.04084331445418,839.7271697525853,56,14.300535860210525,8.626952458778947
22.779999999814272,-0.16332976089415507,-0.17233870033790477,2.8201741165145218,880.1479309342341,51,14.310230260262237,8.632122805473193
22.799999999813515,-0.19957065062773516,-0.07871224473018774,0.5886448093543861,657.4777434506306,50,14.319864174716285,8.637260893182019
22.819999999812758,-0.22378864356341208,0.12661333262742452,1.5239974911648377,490.4013378712912,52,14.329437448081904,8.642366638977016
22.839999999812,-0.2306550904425793,0.09663731059361544,0.8883209624788645,750.765048932595,55,14.33894992486833,8.647439959929777
22.859999999811244,-0.22866292254125073,-0.04257293440932678,0.17250452809156863,851.7946578510944,55,14.348401449584786,8.652480773111886
22.879999999810487,-0.21943345412731136,-0.07709781362757526,0.5660681997050109,1091.2267072769616,56,14.357791866740513,8.65748899559494
22.89999999980973,-0.20826604913718166,-0.0016496294003281002,0.0002593026359054522,1128.7889484369036,55,14.367121020844746,8.66246454445053
22.919999999808972,-0.19858303296179108,0.303406036179205,8.776681247356274,1206.7749226260125,52,14.376388756406701,8.66740733675024
22.939999999808215,-0.18800601438748743,0.4945991630034224,23.336439648500757,1156.7048236879186,53,14.385594917935626,8.672317289565667
22.959999999807458,-0.17601648670121137,0.568498589149132,30.848268402191028,1196.7732261882984,54,14.39473934994074,8.677194319968395
22.9799999998067,-0.1617008148912561,0.6257916037449492,37.4001934525343,1225.051824124779,57,14.403821896931296,8.682038345030024
22.999999999805944,-0.14535021830571615,0.6807392929433387,44.28091742377342,1075.2485345863524,56,14.412842403416501,8.686849281822134
23.019999999805187,-0.1285822473986786,0.7467036356098583,53.30774352983267,990.6845434612165,55,14.421800713905611,8.691627047416326
23.03999999980443,-0.1166346946443918,0.8282750987914343,65.62661168012416,725.3154123102327,57,14.430696672907832,8.696371558884177
23.059999999803672,-0.1092823489401588,0.8769076551899619,73.59930376778863,681.1887041584188,60,14.439530124932423,8.701082733297293
23.079999999802915,-0.10428802756002338,0.7107800211748743,48.38044112901317,760.8512947389079,59,14.448300914488598,8.705760487727252
23.099999999802158,-0.10698589338169923,0.533396458474401,27.260340509011627,937.2781708308539,56,14.4570088860856,8.710404739245654
23.1199999998014,-0.1198438145002105,0.2796418917288459,7.496616717448514,795.9292517815143,57,14.465653884232655,8.715015404924083
23.139999999800644,-0.13653924542964602,-2.6069125318266517e-5,6.518411732523451e-8,740.0581280849204,60,14.474235753438995,8.71959240183413
23.159999999799886,-0.1540895649247331,-0.2105747110266513,4.255273918219486,720.9228669598602,61,14.482754338213857,8.72413564704739
23.17999999979913,-0.17096916682391122,-0.3523820723399004,11.922494463075006,831.141777946923,58,14.49120948306647,8.72864505763545
23.199999999798372,-0.18600827122154936,-0.394689120819978,14.964852882178711,842.1884936905315,55,14.49960103250607,8.733120550669904
23.219999999797615,-0.19788982478680986,0.6002490933222492,34.62948103706322,1103.2009026656513,53,14.50792883104188,8.737562043222336
23.239999999796858,-0.19262416866774226,1.5711815844331358,237.38579640296362,1663.6293330807625,50,14.516192723183142,8.741969452364343
23.2599999997961,-0.14727931761264054,2.7140764960307364,708.701485252933,1339.4715106270367,49,14.524392553439094,8.746342695167517
23.279999999795344,-0.10003294077562418,3.3576981642246895,1085.2202225660315,983.1273581415784,55,14.532528166318945,8.750681688703438
23.299999999794586,-0.07151944822344464,3.5863863937464475,1238.689096862121,804.9650982750811,54,14.540599406331946,8.754986350043705
23.31999999979383,-0.054285554256021516,3.5829019952871293,1236.8863358280194,727.5358754492208,54,14.548606117987328,8.759256596259908
23.339999999793072,-0.03325351673003692,3.555630681145371,1218.7178913167206,943.9059943223463,53,14.556548145794313,8.763492344423634
23.359999999792315,-0.0011237964689289766,3.424290354282613,1130.8869958686623,849.1563507774155,56,14.564425334262145,8.767693511606478
23.379999999791558,0.021772432830649755,3.0417317680118074,892.7424885070557,675.706736973829,59,14.572237527900052,8.771860014880028
23.3999999997908,0.03831004256829633,2.4921074414900444,599.5458711695712,648.7629389021445,58,14.579984571217269,8.775991771315876
23.419999999790043,0.05357185328733083,1.90138018041548,349.16404302424036,614.4354812786576,57,14.587666308723023,8.780088697985612
23.439999999789286,0.06688671475420517,1.2748447626348385,157.038837564043,607.2439760992302,53,14.595282584926547,8.784150711960825
23.45999999978853,0.07814833027645295,0.6786752213000491,44.526186702566704,616.6268237045782,54,14.602833244337072,8.788177730313105
23.479999999787772,0.08344621707746896,0.12835390431674218,1.5933343282988266,455.7787752744188,54,14.610318131463835,8.792169670114045
23.499999999787015,0.08568356726491584,-0.2702645122291492,7.06744106590507,462.01462776311246,58,14.617737090816062,8.796126448435233
23.519999999786258,0.08896631769099692,-0.531186510161719,27.31315063555244,769.2782402785489,60,14.625089966902996,8.800047982348264
23.5399999997855,0.08966652215047514,-0.7110260379093152,48.959895542108804,1131.305162531123,60,14.632376604233862,8.803934188924726
23.559999999784743,0.07930936895785862,-0.8791890852788266,74.89002319044636,906.029545659715,56,14.639596847317891,8.807784985236209
23.579999999783986,0.05201356283539896,-1.114600373522839,120.41645624724094,581.7439078279668,58,14.646750540664318,8.811600288354303
23.59999999978323,0.02529472826366981,-1.2715944938538708,156.7945638047823,601.1864390114997,58,14.653837528782379,8.815380015350602
23.619999999782472,-0.0018715111760921517,-1.350861646503029,177.0271514163079,479.08507605050033,59,14.660857656181296,8.81912408329669
23.639999999781715,-0.0346869363398294,-1.3559260492804044,178.43199180067407,563.5625949421288,56,14.66781076737031,8.822832409264166
23.659999999780958,-0.05662145504317772,-1.2002576170289863,139.87187407361486,565.2815938902337,57,14.674696706858647,8.826504910324612
23.6799999997802,-0.07430420685744266,-1.0322216722566375,103.49188439477098,771.6190790817815,57,14.681515319155553,8.830141503549628
23.699999999779443,-0.08532830281490163,-0.9752780314195004,92.42602693730308,829.3284720248103,58,14.68826644877024,8.833742106010794
23.719999999778686,-0.09027712904077516,-1.0035342921669235,97.89872697839304,779.9892526843761,56,14.694949940211952,8.837306634779708
23.73999999977793,-0.08951632474927472,-0.9741509249515534,92.28656155253944,916.6957375443542,57,14.701565637989923,8.840835006927959
23.759999999777172,-0.0825625185449907,-0.921340022008206,82.58427433782195,1100.0646897359877,58,14.708113386613377,8.844327139527135
23.779999999776415,-0.0743369015910737,-0.7685318734673066,57.48452047103141,1035.6234220551019,59,14.714593030591551,8.847782949648828
23.799999999775657,-0.0669262985607827,-0.5646758475980916,31.04512262612045,1051.6684243740785,61,14.72100441443368,8.851202354364629
23.8199999997749,-0.06263220948987672,-0.410630019691765,16.42337092379571,984.7014347237813,60,14.727347382648997,8.854585270746131
23.839999999774143,-0.061132728425119284,-0.32261126632551207,10.141076715160692,1104.2647480375588,57,14.733621779746729,8.857931615864922
23.859999999773386,-0.06394723659449325,-0.2927732063790332,8.355066415834035,852.8051795794679,57,14.739827450236108,8.861241306792591
23.87999999977263,-0.07108489175550745,-0.30357659928195996,8.986368248852237,923.4821012902421,53,14.74596423862637,8.86451426060073
23.89999999977187,-0.08038471818266966,-0.36439719992472297,12.952577744733082,872.3237420402065,53,14.752031989426747,8.867750394360932
23.919999999771115,-0.09285439969112695,-0.4224721260563693,17.41642118326288,868.9150237302428,54,14.758030547146465,8.870949625144782
23.939999999770357,-0.1093353464212094,-0.451818329000612,19.92715388188453,677.038465269771,55,14.76395975629477,8.874111870023878
23.9599999997696,-0.13437068955055073,-0.5228118210933105,26.690782075805604,593.5096126114001,57,14.76981946138088,8.877237046069803
23.979999999768843,-0.1669095309270885,-0.6807913081582483,45.274071626431336,603.8715783566729,55,14.775609506914032,8.88032507035415
23.999999999768086,-0.20175217071566065,-0.7993525427213188,62.437778745218765,530.3887385970702,54,14.781329737403466,8.883375859948515
24.01999999976733,-0.22563046626670413,-0.5463119086656021,29.174226935633826,718.1748424088056,50,14.786979997358404,8.886389331924482
24.03999999976657,-0.23765108903341967,-0.6184324207458167,37.397962489691515,926.6562372062482,47,14.792560131288075,8.88936540335364
24.059999999765814,-0.23951035858379857,-0.5194447344555455,26.392813120358355,1196.8057842220567,46,14.798069983701726,8.892303991307587
24.079999999765057,-0.22978857777350525,-0.47352781950740597,21.940152627890473,1239.7192262708452,52,14.803509399108579,8.89520501285791
24.0999999997643,-0.2124836974816443,-0.348118126542112,11.861556983226611,1017.843021406857,53,14.808878222017869,8.898068385076197
24.119999999763543,-0.1924834681044059,-0.11367057949228242,1.2650930315411242,959.0806593023993,50,14.81417629693883,8.900894025034043
24.139999999762786,-0.17150865704255447,0.08316251620226885,0.6773569020686796,912.9881734396398,50,14.819403468380688,8.903681849803034
24.15999999976203,-0.15084727108749946,0.6078613320005954,36.19974118625421,805.2041231996755,50,14.824559580852688,8.906431776454767
24.17999999976127,-0.13646539234285854,1.230457715118198,148.37544605441693,695.9211500863831,50,14.829644478864045,8.909143722060824
24.199999999760514,-0.12599101808436924,1.3081747074056962,167.76079312841927,701.0599612234917,58,14.834658006924004,8.911817603692802
24.219999999759757,-0.11793289115783967,1.16565684908657,133.2382257594137,703.3299864149594,59,14.839600009541796,8.914453338422291
24.239999999759,-0.10969274015351838,0.9619593593577029,90.76687364824265,697.2540762169126,57,14.844470331226642,8.917050843320876
24.259999999758243,-0.1027061798342242,0.7716423237292825,58.42122148009258,643.6217226975402,60,14.84926881648779,8.919610035460154
24.279999999757486,-0.10004565465623547,0.5561452413202465,30.35552326046785,754.0776662710567,59,14.853995309834463,8.922130831911714
24.29999999975673,-0.10747727076546813,0.3465799801318829,11.792042348910272,1163.0488567923483,56,14.858649655775897,8.924613149747145
24.31999999975597,-0.11775246370345448,0.1921789523037644,3.6267083417937553,1006.7260952258299,57,14.863231698821318,8.927056906038036
24.339999999755214,-0.12672618707106734,-0.19543759488207268,3.751752653087091,982.3729065800628,61,14.86774128347997,8.929462017855984
24.359999999754457,-0.1363771563130559,-0.3220421346332186,10.189630818797896,879.3241297450514,58,14.87217825426108,8.931828402272576
24.3799999997537,-0.14496346155243994,-0.4905818425997638,23.652069997484286,971.679840458673,59,14.87654245567387,8.934155976359397
24.399999999752943,-0.15158549641055172,-0.6984788885126821,47.958326888088116,951.9583199813196,55,14.880833732227583,8.936444657188044
24.419999999752186,-0.15881467030524138,-0.8132741947130417,65.0340435642476,916.4451915220077,54,14.885051928431452,8.938694361830107
24.43999999975143,-0.1682957891168336,-0.8385495915990266,69.15628723256012,916.8802929421431,55,14.88919688879471,8.940905007357179
24.45999999975067,-0.17978289969928066,-0.8131278354601139,65.04250936063801,928.5590592109089,57,14.893268457826577,8.943076510840841
24.479999999749914,-0.19221452024639485,-0.7922002720521207,61.752300519087875,929.5131815559789,57,14.897266480036302,8.945208789352694
24.499999999749157,-0.20574284246437224,-0.7727691593453019,58.773876041851764,917.4360295595718,55,14.9011907999331,8.94730175996432
24.5199999997484,-0.222545632031312,-0.7659129931937796,57.74884621312241,848.375273622405,55,14.90504126202622,8.949355339747317
24.539999999747643,-0.24289338837840108,-0.79068378846077,61.55847267484726,746.2120673605067,52,14.908817710824886,8.951369445773272
24.559999999746886,-0.2662725094609464,-0.8442776293710539,70.20184400702445,657.0814169294738,49,14.912519990838334,8.953343995113778
24.57999999974613,-0.29157742869854275,-0.9434656585065274,87.68473521158236,584.6038205645023,47,14.916147946575792,8.955278904840423
24.59999999974537,-0.3164046278847628,-0.9854568572675454,95.6839140248427,572.4808815509398,49,14.919701422546488,8.957174092024793
24.619999999744614,-0.33900098679166984,-0.9048880484472646,80.6943922198905,585.5937003697107,50,14.923180263259667,8.95902947373849
24.639999999743857,-0.35799472184603,-0.7339036131760993,53.09085267064979,642.1581456078889,51,14.926584313224547,8.960844967053092
24.6599999997431,-0.37489813117278503,-0.7064303572847783,49.20014695411703,701.6453773973003,52,14.929913416950374,8.9626204890402
24.679999999742343,-0.3931270299614601,-0.7705034476929529,58.54110975605784,665.7749612577911,50,14.933167418946374,8.9643559567714
24.699999999741586,-0.4157279040518953,-0.8785551223154433,76.12581133963985,652.8524318057762,51,14.93634616372177,8.966051287318278
24.71999999974083,-0.44399330607278975,-1.0479589132899785,108.33345098366965,834.4890834543442,52,14.939449495785816,8.967706397752435
24.73999999974007,-0.4755208643607109,-1.119124957536656,123.56896931315794,896.0976255863578,48,14.942477259647726,8.969321205145453
24.759999999739314,-0.5044043821926943,-1.16454155029586,133.8253741096719,798.8934252087759,46,14.945429299816734,8.970895626568925
24.779999999738557,-0.5295722731944528,-1.2572798307137008,156.01510254767618,735.5977288784159,48,14.948305460802086,8.972429579094445
24.7999999997378,-0.5537344288133484,-1.326360436883802,173.6593380295522,789.6687272301934,49,14.951105587112995,8.973922979793597
24.819999999737043,-0.5788414021730527,-1.3854432854866874,189.50594052048316,885.7226386093381,48,14.953829523258712,8.97537574573798
24.839999999736285,-0.6052392407676028,-1.432965216811191,202.76124129352232,988.7661595384874,47,14.956477113748448,8.976787793999172
24.85999999973553,-0.6329859765866604,-1.4743603470212372,214.67786301762368,1092.9608646168601,44,14.95904820309146,8.978159041648778
24.87999999973477,-0.6612290452224228,-1.4905954460063082,219.46431188824414,1063.7867142524206,44,14.961542635796958,8.979489405758377
24.899999999734014,-0.6872409800607268,-1.5181371852215673,227.68201222641477,958.6630009718481,43,14.96396025637419,8.980778803399568
24.919999999733257,-0.7155354755450183,-1.6014619823181842,253.39632685324125,1182.066203755486,43,14.966300909332379,8.982027151643935
24.9399999997325,-0.748144509581207,-1.666076046230808,274.2932095908229,1150.2067860777531,43,14.968564439180765,8.983234367563075
24.959999999731743,-0.7816224605535733,-1.6044602094785507,254.41322563945627,1327.0208864777717,43,14.97075069042857,8.98440036822857
24.979999999730985,-0.82017306855576,-1.7178122357829644,291.6671574691947,1475.3604791997168,42,14.972859507585035,8.985525070712018
24.99999999973023,-0.8641776066163936,-1.931308561146936,368.71587236389007,1681.0185164052618,41,14.974890735159391,8.986608392085008
25.01999999972947,-0.9144440085695932,-2.172611220661791,466.66248051063604,1848.6171911895158,43,14.976844217660863,8.987650249419127
25.039999999728714,-0.9687434331016271,-2.3672137588389055,554.0668094618335,1871.0308754044888,40,14.9787197995987,8.988650559785974
25.059999999727957,-1.027395235164701,-2.493149877952271,614.6533797722132,1843.306621600863,39,14.980517325482115,8.989609240257128
25.0799999997272,-1.0902808887835784,-2.6284391811027796,683.2405936634841,1852.8873602396054,38,14.982236639820352,8.990526207904187
25.099999999726442,-1.1636059062753914,-2.8326565666983443,793.6114360176884,1949.5859206406299,38,14.983877587122635,8.991401379798738
25.119999999725685,-1.246785524429766,-3.1632786564552777,989.7721271530676,1948.6136726224881,37,14.985440011898202,8.992234673012375
25.139999999724928,-1.342028419828922,-3.592223982370843,1276.513318400993,1845.317769346354,36,14.986923758656287,8.993026004616686
25.15999999972417,-1.4580611294830221,-4.055576928809571,1627.1965145496345,1604.2578385300117,34,14.988328671906116,8.993775291683262
25.179999999723414,-1.594806595959808,-4.2955270950413444,1825.5838686294696,2071.841447225364,35,14.98965459615693,8.994482451283696
25.199999999722657,-1.7414874998761762,-4.470251830634759,1977.2653189607809,2593.0369437307377,34,14.990901375917957,8.995147400489577
25.2199999997219,-1.8982414189535661,-4.523758913512212,2025.0228804547123,2973.8704261218368,35,14.992068855698427,8.995770056372494
25.239999999721142,-2.052386914057575,-4.543090934764342,2042.499242236464,3259.542900657451,35,14.993156880007565,8.996350336004035
25.259999999720385,-2.1759297479432522,-4.515554145788071,2017.934731875241,2606.412088295301,36,14.994165293354625,8.9968881564558
25.279999999719628,-2.2243183038090284,-4.31757393536875,1844.9664819401407,1197.199353756131,42,14.99509394024882,8.99738343479937
25.29999999971887,-2.2193412478444605,-3.7809542359903445,1414.9255995676524,423.1126561881839,48,14.995942665199387,8.99783608810634
25.319999999718114,-2.222725666125502,-1.6698432895402526,275.9954866382249,782.4973762331914,52,14.99671131271556,8.998246033448298
25.339999999717357,-2.245202610049924,0.0867340001166535,0.7446411312380707,993.4708528429069,49,14.997399727306576,8.99861318789684
25.3599999997166,-2.2669840335726237,2.2757460986449707,512.6624786512734,1041.806131711553,44,14.998007753481664,8.998937468523554
25.379999999715842,-2.2664800246736387,5.277926429564198,2757.5548533251854,929.3029186420703,37,14.998535235750044,8.999218792400024
25.399999999715085,-2.234830810488411,9.213520576617189,8403.500209917978,943.101336348004,39,14.998982018620964,8.999457076597848
25.419999999714328,-2.167806897792783,14.750007724092377,21537.87779812606,909.4472993533283,40,14.999347946603656,8.999652238188617
25.43999999971357,-2.0568666624008713,23.38616360438786,54143.174189897996,765.6989834361851,48,14.99963286420735,8.99980419424392
25.459999999712814,-1.8935578959957169,30.62139968724044,92828.44298638187,1666.7784811757294,41,14.99983661594126,8.99991286183534
25.479999999712057,-1.5760110038989934,34.49453959707218,117797.16705850571,1651.1711003022504,46,14.99995904631465,8.99997815803448
25.4999999997113,-0.9121644268555523,31.534918695710346,98450.65861640862,9809.378627569404,53,14.999999999836733,8.999999999912925
25.519999999710542,-0.6827969705779741,26.514667025789166,69599.72918135866,1572.963105302278,54,15.0,9.0
25.539999999709785,-0.6600529652052879,20.603094796767053,42024.26400525239,385.3143030409379,56,15.0,9.0
25.559999999709028,-0.6381390148420375,13.995016261177858,19390.187534912635,255.5763226286196,58,15.0,9.0
25.57999999970827,-0.5799872381781545,9.584784454580225,9094.941211035512,321.8650485253538,58,15.0,9.0
25.599999999707514,-0.5078472622108217,6.620079644832686,4338.719995888879,503.7285497249572,62,15.0,9.0
25.619999999706756,-0.4476752045874741,4.036125996976074,1612.7409932831447,476.2765286311611,61,15.0,9.0
25.639999999706,-0.401513396076759,1.804668408954838,322.4259785616791,184.87854318259875,61,15.0,9.0
25.659999999705242,-0.368476107625336,-0.7714631865116756,58.920389366132085,197.03580089740728,57,15.0,9.0
25.679999999704485,-0.34351927748494865,-4.264463845088133,1800.3795367203224,230.15138400445613,54,15.0,9.0
25.699999999703728,-0.324372520529462,-7.794961217465815,6015.380617797819,157.70933760714098,53,15.0,9.0
25.71999999970297,-0.2994032072812219,-9.089860676522765,8179.931144740895,136.5837274517479,58,15.0,9.0
25.739999999702214,-0.2559589871819413,-8.76552562321317,7606.609505669457,158.5810989132564,63,15.0,9.0
25.759999999701456,-0.19992150974926987,-7.984423890451569,6311.351461378963,250.32688482555326,65,15.0,9.0
25.7799999997007,-0.145556151956353,-7.089327474208019,4975.597839619503,116.4277691376838,65,15.0,9.0
25.799999999699942,-0.10747708795612654,-6.411708488230473,4069.890568066623,68.54925926537297,64,15.0,9.0
25.819999999699185,-0.0653742895973701,-5.911961985733038,3460.1781575545,68.35498512314257,69,15.0,9.0
25.839999999698428,-0.02757806641849626,-5.722287159147897,3241.712462843142,230.0801408144932,66,15.0,9.0
25.85999999969767,-0.0011154644229712167,-6.014790859765933,3581.593199585657,471.65804086194777,62,15.0,9.0
25.879999999696913,0.012623450437043366,-7.0030364529578195,4855.209436584148,515.9990653175224,57,15.0,9.0
25.899999999696156,0.013193092118041573,-7.988362066514565,6317.578922067157,467.28206437976837,56,15.0,9.0
25.9199999996954,0.006127333876383354,-9.195778412636717,8371.671720817229,453.51952386364286,56,15.0,9.0
25.939999999694642,-0.009500121329608,-10.084586316769427,10068.189236856942,410.99251401738377,56,15.0,9.0
25.959999999693885,-0.030383593631955138,-10.700821406080028,11336.250297717233,310.75057883364354,53,15.0,9.0
25.979999999693128,-0.0545115106642507,-10.677066274515889,11285.974678810055,218.42348673777116,53,15.0,9.0
25.99999999969237,-0.07998109060583825,-10.053200376883424,10005.616943959134,121.24387916552077,49,15.0,9.0
26.019999999691613,-0.10354752335438376,-9.049588649711316,8107.6104181694045,127.92869832165887,66,15.0,9.0
26.039999999690856,-0.1274706365496206,-7.565003844012984,5665.699032833191,94.39263105300344,66,15.0,9.0
26.0599999996901,-0.14551638194445307,-6.61511336586504,4332.212759481384,84.15067418526417,66,15.0,9.0
26.079999999689342,-0.17145425312434043,-5.69668608803205,3212.7710061722123,196.93666188221434,63,15.0,9.0
26.099999999688585,-0.19671016175525033,-4.271314176324973,1806.1683544945931,119.24173520489575,63,15.0,9.0
26.119999999687828,-0.21741664996820995,-2.777655317871004,763.8215374248098,114.59705676657398,63,15.0,9.0
26.13999999968707,-0.23252081104309075,-1.744898542655413,301.4224214919375,125.48076593668853,62,15.0,9.0
26.159999999686313,-0.23958916726404736,-0.5213407300825004,26.907819527452496,178.07106400693323,61,15.0,9.0
26.179999999685556,-0.24132611387724764,0.746990353184904,55.24146418737946,129.4437528272056,60,15.0,9.0
26.1999999996848,-0.23789488524909402,1.7556995470464294,305.1656090504047,119.8845792537924,60,15.0,9.0
26.219999999684042,-0.2298525768549417,2.3503725797852373,546.9008751168249,95.40677821894903,59,15.0,9.0
26.239999999683285,-0.22004681740115378,2.523793584213936,630.5838715162231,71.87478273600502,70,15.0,9.0
26.259999999682528,-0.20987223527531862,2.3775941536107696,559.642441969127,49.70670636201549,72,15.0,9.0
26.27999999968177,-0.20199174737215847,2.135848946872918,451.62322166195713,33.56125781514028,70,15.0,9.0
26.299999999681013,-0.19634298063118555,1.930101473211218,368.8038779923193,75.8075136626854,70,15.0,9.0
26.319999999680256,-0.19042175019306956,1.773557937145883,311.4052678849028,324.65019503345115,68,15.0,9.0
26.3399999996795,-0.1868567009071353,1.602130581580108,254.11541764298727,177.95710525471574,62,15.0,9.0
26.35999999967874,-0.1818398747173902,1.3812456255772387,188.8761083394495,96.11822550112227,61,15.0,9.0
26.379999999677985,-0.17791761933334485,1.0856594651999463,116.6869909634451,76.73491613349059,60,15.0,9.0
26.399999999677227,-0.1766015460446576,0.7565665400406965,56.66690002140593,101.67749183970344,60,15.0,9.0
26.41999999967647,-0.17728084512974526,0.46945634210287873,21.818536456920896,107.86270228230121,60,15.0,9.0
26.439999999675713,-0.17970941214525393,0.2305340353107557,5.261448202229414,108.11126889708366,62,15.0,9.0
26.459999999674956,-0.179132779665528,0.042062858602231426,0.17515912330534011,96.12249329139385,67,15.0,9.0
26.4799999996742,-0.17518203883968952,-0.20328949192740287,4.0913351352820575,89.64982277013587,65,15.0,9.0
26.49999999967344,-0.17050411482370453,-0.3180093217100034,10.011862940751188,135.34786039261277,62,15.0,9.0
26.519999999672685,-0.1719356641456987,-0.390414182330911,15.089900142746268,121.77607315140132,65,15.0,9.0
26.539999999671927,-0.17761059194885206,-0.4754918084756219,22.383153532814333,109.91553625305103,66,15.0,9.0
26.55999999967117,-0.18413574695699914,-0.5579440368337728,30.818853275598276,107.06333274125613,64,15.0,9.0
26.579999999670413,-0.18941694721705216,-0.633258169736912,39.70057504431582,78.58722456933808,63,15.0,9.0
26.599999999669656,-0.19251325965420601,-0.6935637073004068,47.62203099234416,197.86837011135194,66,15.0,9.0
26.6199999996689,-0.1948422872895734,-0.7137387187074027,50.4328728996264,86.3506477032665,61,15.0,9.0
26.63999999966814,-0.19754850667224266,-0.7082215011804952,49.656191778701064,92.73870585978081,64,15.0,9.0
26.659999999667384,-0.20035092825367315,-0.7013658211702538,48.69948749547662,98.97856130552857,65,15.0,9.0
26.679999999666627,-0.20543380068554493,-0.6931682262834956,47.56773680297173,102.71708506743107,65,15.0,9.0
26.69999999966587,-0.21163128444846233,-0.6924610582362816,47.470729400197385,173.76774202644253,63,15.0,9.0
26.719999999665113,-0.21933003312393842,-0.7105085603018426,49.977419011957515,169.00749672771934,61,15.0,9.0
26.739999999664356,-0.22811450621123833,-0.7638884335975904,57.76902835943385,152.73586427809633,59,15.0,9.0
26.7599999996636,-0.2405194946283676,-0.8989215075855346,79.99792780318518,174.95117479390376,58,15.0,9.0
26.77999999966284,-0.2552955097882532,-1.15786613822818,132.72474541148844,117.58429458334957,55,15.0,9.0
26.799999999662084,-0.2703396421178036,-1.5205371742523661,228.89129653005367,98.34078444930044,61,15.0,9.0
26.819999999661327,-0.2844254648174447,-1.7440769294020395,301.1386292315722,104.55894927382248,61,15.0,9.0
26.83999999966057,-0.2984678635595,-1.834185915115683,333.05955914966677,96.27247366528671,65,15.0,9.0
26.859999999659813,-0.3126628003919632,-1.848126763858076,338.14168099356397,78.4992829972077,66,15.0,9.0
26.879999999659056,-0.3280709245985842,-1.8562547982836317,341.12250573894966,95.43712982905615,65,15.0,9.0
26.8999999996583,-0.3457211439531552,-1.8482677151277096,338.19326113155705,150.73327454142566,62,15.0,9.0
26.91999999965754,-0.366613519688854,-1.8247529302177679,329.64260237749465,168.79526698620012,58,15.0,9.0
26.939999999656784,-0.39368072330567766,-1.8331009506736988,332.66565044072104,205.45740475416798,61,15.0,9.0
26.959999999656027,-0.4206708827670883,-1.9076120672727892,360.25939612127166,255.9460223331323,57,15.0,9.0
26.97999999965527,-0.44323686326091183,-1.920545392258762,365.1609657689099,208.35332197752774,58,15.0,9.0
26.999999999654513,-0.46120511721115276,-1.9505875114067726,376.67437232595057,138.23585092574993,55,15.0,9.0
27.019999999653756,-0.4729877539521289,-1.904383437629295,359.0409514741603,140.70624932511626,57,15.0,9.0
27.039999999653,-0.4818572415791937,-1.78645760378467,315.95164624188646,148.8829362521019,55,15.0,9.0
27.05999999965224,-0.49533361739866644,-1.6604437482425252,272.950270666691,217.58000331846065,56,15.0,9.0
27.079999999651484,-0.5127444375729302,-1.5282770357522408,231.22743910275796,228.9357527845197,54,15.0,9.0
27.099999999650727,-0.5328230614007223,-1.4522256508630127,208.78697476142557,231.41557444526762,55,15.0,9.0
27.11999999964997,-0.5543251728727037,-1.4369592382147551,204.42033337678222,174.1055542144354,54,15.0,9.0
27.139999999649213,-0.5774254660345403,-1.4619253588840824,211.58534973988696,166.99096309649988,54,15.0,9.0
27.159999999648456,-0.6040721577087094,-1.4950640110669664,221.28642332157696,198.55933383675048,52,15.0,9.0
27.1799999996477,-0.6310944210100038,-1.5881839340950594,249.71049264324833,216.65900434269986,52,15.0,9.0
27.19999999964694,-0.6566770166993733,-1.7028590395553775,287.0731619509508,260.5675959894962,52,15.0,9.0
27.219999999646184,-0.6872519217154393,-1.8725206726825767,347.12703329273734,305.64823460221317,52,15.0,9.0
27.239999999645427,-0.7177285328585267,-2.0241141270399265,405.60676192897773,319.5440916708024,53,15.0,9.0
27.25999999964467,-0.7528258643923356,-2.1664180777682196,464.64336148041383,342.21338583266765,56,15.0,9.0
27.279999999643913,-0.7918518181839037,-2.3178058467391427,531.8501703746373,347.3085144513012,57,15.0,9.0
27.299999999643155,-0.8325443756645807,-2.4684210018240402,603.2171219823539,388.6970122772975,57,15.0,9.0
27.3199999996424,-0.8768160941127989,-2.647104470046862,693.7090454588657,391.7432094645363,57,15.0,9.0
27.33999999964164,-0.9296277092085768,-2.839561701057304,798.2479547570335,514.2197313642089,57,15.0,9.0
27.359999999640884,-0.9915310089685477,-3.0619078405155182,928.1526827572301,537.1644131059587,55,15.0,9.0
27.379999999640127,-1.065418931741145,-3.3885703191057264,1136.7584719449042,529.4641277168804,54,15.0,9.0
27.39999999963937,-1.151883803626609,-3.804632056349442,1433.0472833359763,770.5346033890007,52,15.0,9.0
27.419999999638613,-1.2518363842709683,-4.344648666635852,1868.7212316135679,794.0857569522979,52,15.0,9.0
27.439999999637855,-1.3622122598350928,-4.9879507548515445,2463.085620549585,1101.9668108540986,51,15.0,9.0
27.4599999996371,-1.471371102377915,-5.513462515646505,3009.428622232469,1418.7070237063676,50,15.0,9.0
27.47999999963634,-1.5368243787408566,-5.823607234851981,3357.525721356214,1409.6219721953366,50,15.0,9.0
27.499999999635584,-1.5560076629429689,-5.661417423890688,3173.1130775057745,1432.9911397264634,55,15.0,9.0
27.519999999634827,-1.5626363845025761,-4.968972209457162,2444.3777970174015,1073.2151931625015,54,15.0,9.0
27.53999999963407,-1.5707533312168782,-3.4258138556438587,1161.8838567786227,718.7305185063369,56,15.0,9.0
27.559999999633312,-1.5787176172191761,-0.2294352859245899,5.211414492302533,531.9442550774083,53,15.0,9.0
27.579999999632555,-1.5778419250060858,2.294308036657274,521.1210873399455,383.79506235365847,50,15.0,9.0
27.599999999631798,-1.5665796586967928,5.004389083398817,2479.3470997060845,336.0554850083468,46,15.0,9.0
27.61999999963104,-1.546359787308048,8.538995769705098,7218.530426749115,270.51800063788716,43,15.0,9.0
27.639999999630284,-1.5126833856531152,13.076472356894365,16928.418800761625,350.4749574380724,42,15.0,9.0
27.659999999629527,-1.459447860079733,17.70964127436478,31049.508012601775,548.1328208302807,44,15.0,9.0
27.67999999962877,-1.378888924765341,21.275456806053832,44811.86116831997,757.1610702945147,44,15.0,9.0
27.699999999628012,-1.2613385957938144,23.57900535668792,55040.979867461036,759.5634375484309,46,15.0,9.0
27.719999999627255,-1.084255101473456,24.262819592909082,58279.75704520723,861.4373477716362,47,15.0,9.0
27.739999999626498,-0.6349154215542795,23.760126809658665,55889.81897509499,4540.398318953081,47,15.0,9.0
27.75999999962574,-0.5225085616259889,22.010646786817045,47962.38862542793,2247.1635143548656,52,15.0,9.0
27.779999999624984,-0.5091895774261836,18.507167074019815,33909.00807746263,1101.0066997794245,51,15.0,9.0
27.799999999624227,-0.5096683019160303,13.8966397897032,19118.543147031454,858.9558629198812,48,15.0,9.0
27.81999999962347,-0.5134755086189164,9.997696158854334,9895.438919992299,600.4267765721266,45,15.0,9.0
27.839999999622712,-0.49726352276195357,6.393885173884808,4047.2949940655717,919.0368315299426,49,15.0,9.0
27.859999999621955,-0.4322960974528058,3.060592155976573,927.3552101773074,470.2301467308014,47,15.0,9.0
27.879999999621198,-0.35303497491956326,0.8680951252849425,74.60532550780452,786.9850275299706,44,15.0,9.0
27.89999999962044,-0.2872681102306038,-0.8588300020947391,73.02130827730691,788.3466740713599,45,15.0,9.0
27.919999999619684,-0.23374053697126362,-2.2220051885966954,488.79339875691295,828.5110384521535,57,15.0,9.0
27.939999999618927,-0.17887791728728109,-2.579721096613756,658.8411326950938,1081.6480276236903,55,15.0,9.0
27.95999999961817,-0.11872975341404095,-2.6652125134654114,703.232416451329,1559.2856089558863,50,15.0,9.0
27.979999999617412,-0.05037160669348211,-2.736234229473721,741.2107980958211,1669.259084669449,48,15.0,9.0
27.999999999616655,0.029136622149489918,-2.694951111475718,719.0133878311766,1706.7311555859476,47,15.0,9.0
28.019999999615898,0.0960646380031789,-2.533093984663251,635.2399483785774,1056.9937202076073,47,15.0,9.0
28.03999999961514,0.1306662457482447,-2.4233043659792783,581.368000967249,411.6003240838845,50,15.0,9.0
28.059999999614384,0.16216918181728052,-2.1169623329789062,443.67142240589783,844.0149994540405,51,15.0,9.0
28.079999999613626,0.19620379721188974,-1.8726982607400062,347.1928788020858,1038.407550787509,48,15.0,9.0
28.09999999961287,0.22399859478862597,-1.570215652393086,244.0921423070042,930.0262618732525,48,15.0,9.0
28.119999999612112,0.2488824075461368,-1.4759895135306627,215.67595936119574,856.9278340635683,45,15.0,9.0
28.139999999611355,0.27185310155838577,-1.6602561343740223,272.88859274093056,714.6156082528164,45,15.0,9.0
28.159999999610598,0.2918672989076749,-2.027346443202087,406.9032264756512,683.3999319721173,42,15.0,9.0
28.17999999960984,0.30659283085594075,-4.403609390924784,1919.785791116254,793.5785253348116,42,15.0,9.0
28.199999999609084,0.3066563386290714,-10.539423297318145,10996.864900565195,647.7504899015236,32,15.0,9.0
28.219999999608326,0.2914252626687839,-22.53792209955753,50287.83532400664,580.9137292832315,28,15.0,9.0
28.23999999960757,0.26542869640481725,-29.09453800407557,83802.72202538917,294.17435691372174,38,15.0,9.0
28.259999999606812,0.23986418931475317,-28.77028913858436,81945.22417465677,707.2645762397021,55,15.0,9.0
28.279999999606055,0.21427294464042462,-23.50429783327669,54692.74964690216,1254.0745486749663,50,15.0,9.0
28.299999999605298,0.17823700082880997,-16.172222603987063,25892.5376113381,1393.7196800549002,50,15.0,9.0
28.31999999960454,0.1535923809316402,-6.64444368731269,4370.714559473076,277.9527220602109,51,15.0,9.0
28.339999999603783,0.1297879562620928,-1.7705022872298959,310.333156559543,201.9891085038559,46,15.0,9.0
28.359999999603026,0.10887590823056927,1.5406836583606616,234.9969073788196,194.35547757099008,47,15.0,9.0
28.37999999960227,0.09122000226253199,6.172488029015816,3771.861238366012,291.2991007129127,43,15.0,9.0
28.399999999601512,0.07752659862512606,13.761954515995608,18749.74781793286,638.7089312987904,35,15.0,9.0
28.419999999600755,0.07170166707217993,21.856526716936663,47293.06825268845,846.7853839335394,33,15.0,9.0
28.439999999599998,0.06815922458351932,26.762188976837734,70905.26112436554,513.2469288736697,36,15.0,9.0
28.45999999959924,0.07442525936700968,26.738694104423097,70780.81847858115,751.7016975306958,38,15.0,9.0
28.479999999598483,0.14374029511928876,23.55486081756609,54928.315345356124,3075.137767653507,41,15.0,9.0
28.499999999597726,0.2986551935509177,18.293679500649795,33131.21225757696,2983.4920492084966,44,15.0,9.0
28.51999999959697,0.35346803175026376,8.079022512932143,6461.7898716819755,935.8339138917905,45,15.0,9.0
28.539999999596212,0.3695537707768289,-3.846192168591203,1464.5262255754978,328.626946332893,37,15.0,9.0
28.559999999595455,0.3669494117812814,-12.516860424146003,15510.507692877693,154.1362668637307,30,15.0,9.0
28.579999999594698,0.3709314092417586,-17.91605102409636,31777.5035455044,277.3269478662689,37,15.0,9.0
28.59999999959394,0.38220857686248627,-22.690314025944154,50970.18470899985,358.3239571600246,36,15.0,9.0
28.619999999593183,0.40205653635559313,-25.162974090495275,62684.351242814715,942.9035373363332,42,15.0,9.0
28.639999999592426,0.3969641003228463,-23.11838961212166,52911.533887527614,924.4085275300984,35,15.0,9.0
28.65999999959167,0.3544950724296734,-18.26186232526312,33016.06594309959,1007.6047683605618,38,15.0,9.0
28.679999999590912,0.2991129608892964,-14.439110212004103,20640.302467725716,736.2157301567024,43,15.0,9.0
28.699999999590155,0.2441528302920659,-10.48992843758158,10893.82126393269,688.573512292639,47,15.0,9.0
28.719999999589398,0.13394925349416625,-3.9087567359159947,1512.5595428362974,2992.5218786088794,48,15.0,9.0
28.73999999958864,0.03898681764589943,2.8659078891903365,813.1293749030176,657.7316319043009,42,15.0,9.0
28.759999999587883,0.015234349391374316,8.764343127219593,7604.55733471249,361.275259279652,33,15.0,9.0
28.779999999587126,-0.00045300712353077795,11.169071572508813,12350.067819390622,455.61554970527186,31,15.0,9.0
28.79999999958637,-0.012888903922159179,12.529475057022829,15541.786775251165,616.3469317444915,33,15.0,9.0
28.81999999958561,-0.019420619776711733,13.234103835303749,17339.00892803654,576.0159225654513,35,15.0,9.0
28.839999999584855,-0.0185115092338559,14.279876050317243,20187.571141229975,626.5106752700323,33,15.0,9.0
28.859999999584097,-0.017311987622536627,15.421407081867445,23544.159842082467,690.8484086068775,35,15.0,9.0
28.87999999958334,-0.014590950147092831,15.680466845417088,24341.82700853223,567.1261048855148,36,15.0,9.0
28.899999999582583,-0.003756917015145292,14.645113669776563,21233.45608566696,238.47949690307132,43,15.0,9.0
28.919999999581826,0.020863764607437853,12.2374723546906,14825.817233549855,854.6150703049825,51,15.0,9.0
28.93999999958107,0.06480019214801042,6.432105688419508,4095.826375112861,1689.5403981865563,47,15.0,9.0
28.95999999958031,0.10624535334017987,-3.554492810967267,1250.8074951785802,580.1071791198272,40,15.0,9.0
28.979999999579555,0.1204234613570962,-13.4747479416397,17975.31437698161,315.4710819730605,35,15.0,9.0
28.999999999578797,0.1210583585630151,-18.623607420700925,34337.036582678265,168.6547483730037,37,15.0,9.0
29.01999999957804,0.11490722053148118,-20.0466936972018,39785.122890753606,142.8752888399923,47,15.0,9.0
29.039999999577283,0.10676112451761821,-18.00472242798559,32092.832941171928,1451.810755140037,45,15.0,9.0
29.059999999576526,0.048829362240222406,-14.510672001894763,20845.400592710685,2449.8835645438717,45,15.0,9.0
29.07999999957577,-0.03644975710207113,-11.853707426834461,13910.527596338057,1830.6449884508775,50,15.0,9.0
29.09999999957501,-0.1035455176742356,-9.378045208028091,8706.825460458045,1369.6389313882355,48,15.0,9.0
29.119999999574254,-0.1431808244140232,-5.580860184774402,3083.454039798017,804.4063982250722,42,15.0,9.0
29.139999999573497,-0.16432064916548805,2.3470580490607915,545.3594670804438,461.38203027531983,42,15.0,9.0
29.15999999957274,-0.19363706960528732,12.846539793522687,16338.32488198963,586.2453933853342,33,15.0,9.0
29.179999999571983,-0.22286937403179247,21.910870683987856,47528.5391589134,560.9230336661119,26,15.0,9.0
29.199999999571226,-0.2412375090475768,28.303551855804212,79308.01371776561,849.3725809221816,29,15.0,9.0
29.21999999957047,-0.24533890134079378,30.75075328185016,93615.27391272062,840.7374776343512,37,15.0,9.0
29.23999999956971,-0.23319869231264526,28.587152769863565,80905.3050452643,906.9545670627571,37,15.0,9.0
29.259999999568954,-0.18506333607650402,24.18756209449535,57918.77784743177,6003.281989192737,39,15.0,9.0
29.279999999568197,0.009715838986411872,19.12688870976712,36217.949299865875,1786.2780527690209,43,15.0,9.0
29.29999999956744,0.02882932399346645,13.82350021257346,18917.82665457483,662.6465318639616,43,15.0,9.0
29.319999999566683,0.026935210018800292,9.356856008015539,8667.524681118912,196.40311215601403,43,15.0,9.0
29.339999999565926,0.020364783237454945,4.696870015088075,2183.9982059247122,81.64997099155651,48,15.0,9.0
29.35999999956517,0.014129382539605552,0.2858090422836205,8.086994056456955,159.23760413865273,45,15.0,9.0
29.37999999956441,0.011244197745124241,-5.779155536361526,3306.4652326323494,1218.1650091228557,41,15.0,9.0
29.399999999563654,0.026876993332189878,-14.9978344781572,22268.568864385885,895.4171265434791,26,15.0,9.0
29.419999999562897,0.04621811604898218,-28.265467559141914,79094.72897735349,772.5671043936346,25,15.0,9.0
29.43999999956214,0.05607447851904625,-35.43775995818198,124327.64825451886,845.2662468006067,36,15.0,9.0
29.459999999561383,0.05042268903075242,-35.749446233973494,126524.2676975404,435.4109866316893,46,15.0,9.0
29.479999999560626,0.04247256200236079,-32.56690917720437,104999.75376227158,268.9534763183298,49,15.0,9.0
29.49999999955987,-0.034331566598518375,-23.39650803422951,54192.26223138083,4470.4763475747495,42,15.0,9.0
29.51999999955911,-0.12856648642979565,-8.023979839652275,6374.040994247469,928.7323650324092,34,15.0,9.0
29.539999999558354,-0.1464364062363714,-0.766883261386477,58.22288372288121,420.2724243008506,34,15.0,9.0
29.559999999557597,-0.15470835680221967,1.6109708642974594,256.92748543591506,688.1547021117559,36,15.0,9.0
29.57999999955684,-0.17678064517614364,6.543065021628846,4238.358287849026,671.1745802024315,27,15.0,9.0
29.599999999556083,-0.2013767690042869,14.656524842413544,21266.558325172253,825.4965715818439,21,15.0,9.0
29.619999999555326,-0.21780983556390887,23.482448302205746,54591.112448310785,826.0784952583009,21,15.0,9.0
29.63999999955457,-0.22719150818492026,28.57079969335017,80812.76891663628,694.9619982943728,21,15.0,9.0
29.65999999955381,-0.22781511490729672,30.541012433501372,92342.59060586526,792.1499461967953,29,15.0,9.0
29.679999999553054,-0.20272103393142474,28.67757178340459,81417.90921584,1593.6577283412985,36,15.0,9.0
29.699999999552297,-0.008356068635806698,23.588994909122533,55087.62740143827,6163.515538847205,36,15.0,9.0
29.71999999955154,0.07924421893109242,15.36013284259884,23357.434413286068,1019.7157886355658,29,15.0,9.0
29.739999999550783,0.09483597779958419,5.959978648712235,3516.6132038174655,441.49770243636505,29,15.0,9.0
29.759999999550026,0.09247309930913443,-0.13406662229453273,1.7794120621330252,143.15610536111768,29,15.0,9.0
29.77999999954927,0.08415864667607283,-3.070644767596163,933.4570695878036,84.98142373061378,28,15.0,9.0
29.79999999954851,0.07487107042574757,-6.343995966625552,3984.3821976315653,78.39768850238775,28,15.0,9.0
29.819999999547754,0.06592078262120221,-13.522330826094556,18102.48966606436,149.15290524129983,27,15.0,9.0
29.839999999546997,0.056926652879699176,-25.116009321371465,62450.57849889061,188.76694431922863,20,15.0,9.0
29.85999999954624,0.07426835379355219,-38.507973495942906,146803.53825365988,657.9066982261004,23,15.0,9.0
29.879999999545483,0.10931766743527442,-38.53191167162714,146986.11348993753,1146.190812631833,33,15.0,9.0
29.899999999544725,0.11796626216238802,-24.502376045186494,59436.27675411317,668.2961163516003,37,15.0,9.0
29.91999999954397,0.10220771895180551,-7.7343934596110335,5922.263376619319,618.794930304401,27,15.0,9.0
29.93999999954321,0.004917276848424551,4.667115710830831,2156.414936770114,3955.2115252249723,23,15.0,9.0
29.959999999542454,-0.08526011566658387,10.646275456784878,11220.974929072267,251.21238317312367,17,15.0,9.0
29.979999999541697,-0.09598663771087775,12.12092067719125,14544.755088213478,99.86820757127698,29,15.0,9.0
29.99999999954094,-0.09802169531160676,12.0085497821233,14276.321519103622,73.38729310112042,36,15.0,9.0
