{
  "config": "50 kW",
  "beam_profile": "PROFILE_CIRCULAR",
  "axial_profile": "AXIAL_PARABOLIC",
  "timestamp": "2026-04-22T15:02:44.744",
  "best_mass_kg": 145.88103063946073,
  "min_fos": 1.8000000000000003,
  "torsional_fos_min": 1.5000000000000004,
  "evaluations": 128071992,
  "generations": 2000000,
  "elapsed_s": 3052.594903945923,
  "archive_size": 200,
  "design": {
    "Do_top_m": 0.08785687349603792,
    "t_over_D": 0.020000000000000052,
    "beam_aspect": 1.0,
    "Do_scale_exp": 0.03400302985168374,
    "axial_profile": "AXIAL_PARABOLIC",
    "profile_exp": 2.823846202551173,
    "straight_frac": 0.10741597051779565,
    "r_hub_m": 4.45854722251276,
    "taper_ratio": 0.9999999999999994,
    "n_rings": 5,
    "tether_length_m": 67.0820393249937,
    "n_lines": 8,
    "knuckle_mass_kg": 0.01000000000000029
  },
  "evaluation": {
    "mass_total_kg": 145.88103063946073,
    "mass_beams_kg": 145.32103063946073,
    "mass_knuckles_kg": 0.5600000000000163,
    "min_fos": 1.8000000000000003,
    "torsional_fos_min": 1.5000000000000004,
    "worst_ring_idx": 6,
    "feasible": true
  }
}
