{
  "config": "50 kW",
  "beam_profile": "PROFILE_AIRFOIL",
  "axial_profile": "AXIAL_PARABOLIC",
  "timestamp": "2026-04-22T16:23:13.283",
  "best_mass_kg": 400.71927525378663,
  "min_fos": 1.8000000000000036,
  "torsional_fos_min": 2.0642815650411737,
  "evaluations": 128071992,
  "generations": 2000000,
  "elapsed_s": 2097.881082057953,
  "archive_size": 200,
  "design": {
    "Do_top_m": 0.1628380096219711,
    "t_over_D": 0.020000000000000004,
    "beam_aspect": 0.2,
    "Do_scale_exp": 0.033336295274679933,
    "axial_profile": "AXIAL_PARABOLIC",
    "profile_exp": 0.6759545291446649,
    "straight_frac": 0.30704445055060303,
    "r_hub_m": 5.366563145999495,
    "taper_ratio": 1.0,
    "n_rings": 5,
    "tether_length_m": 67.0820393249937,
    "n_lines": 8,
    "knuckle_mass_kg": 0.010000000000003319
  },
  "evaluation": {
    "mass_total_kg": 400.71927525378663,
    "mass_beams_kg": 400.15927525378646,
    "mass_knuckles_kg": 0.5600000000001859,
    "min_fos": 1.8000000000000036,
    "torsional_fos_min": 2.0642815650411737,
    "worst_ring_idx": 2,
    "feasible": true
  }
}
