{
  "config": "10 kW",
  "beam_profile": "PROFILE_CIRCULAR",
  "axial_profile": "AXIAL_ELLIPTIC",
  "timestamp": "2026-04-22T07:28:07.990",
  "best_mass_kg": 15.435174011529034,
  "min_fos": 1.8000000000000005,
  "torsional_fos_min": 1.5,
  "evaluations": 128071992,
  "generations": 2000000,
  "elapsed_s": 3976.944674015045,
  "archive_size": 200,
  "design": {
    "Do_top_m": 0.04203248223819459,
    "t_over_D": 0.02,
    "beam_aspect": 1.0,
    "Do_scale_exp": 0.2500114207411158,
    "axial_profile": "AXIAL_ELLIPTIC",
    "profile_exp": 1.6162752515184884,
    "straight_frac": 0.07627376595373625,
    "r_hub_m": 1.9939229340862803,
    "taper_ratio": 1.0,
    "n_rings": 5,
    "tether_length_m": 30.0,
    "n_lines": 8,
    "knuckle_mass_kg": 0.01000000000000002
  },
  "evaluation": {
    "mass_total_kg": 15.435174011529034,
    "mass_beams_kg": 14.875174011529033,
    "mass_knuckles_kg": 0.560000000000001,
    "min_fos": 1.8000000000000005,
    "torsional_fos_min": 1.5,
    "worst_ring_idx": 2,
    "feasible": true
  }
}
