{
  "config": "50 kW",
  "profile": "PROFILE_CIRCULAR",
  "timestamp": "2026-04-20T12:34:00.045",
  "best_mass_kg": 72.30842884205516,
  "min_fos": 1.8000000000000005,
  "evaluations": 96038010,
  "generations": 2000000,
  "elapsed_s": 150.38867282867432,
  "design": {
    "Do_top_m": 0.0884735645076262,
    "t_over_D": 0.020000000000000007,
    "aspect_ratio": 1.0,
    "Do_scale_exp": 0.4999999999999983,
    "r_hub_m": 4.024922359499622,
    "taper_ratio": 0.20000000000000004,
    "n_rings": 7,
    "tether_length_m": 67.0820393249937,
    "n_lines": 5,
    "knuckle_mass_kg": 0.05
  },
  "evaluation": {
    "mass_total_kg": 72.30842884205516,
    "mass_beams_kg": 70.05842884205516,
    "mass_knuckles_kg": 2.25,
    "min_fos": 1.8000000000000005,
    "worst_ring_idx": 6,
    "feasible": true
  }
}
