island_idx,cfg_name,beam_profile,variant,seed,best_mass_kg,min_fos,feasible,r_hub_m,r_bottom_m,target_Lr,n_lines,tether_length_m,Do_top_m,t_over_D,beam_aspect,Do_scale_exp,knuckle_kg,evaluations,elapsed_s,status
45,50kw,elliptical,3,1,79.51342288746574,1.8,true,3.577708763999664,0.30000000000000066,0.5654465612882817,8,67.0820393249937,0.0859052628371633,0.02,1.0,0.46364153338552233,0.010000000000000047,128071992,222.75342988967896,OK
