{
  "config": "50 kW",
  "beam_profile": "PROFILE_CIRCULAR",
  "axial_profile": "AXIAL_ELLIPTIC",
  "timestamp": "2026-04-21T02:50:09.298",
  "best_mass_kg": 57.40799905896374,
  "min_fos": 1.800000000000001,
  "evaluations": 192109320,
  "generations": 2000000,
  "elapsed_s": 5598.595982074738,
  "archive_size": 200,
  "design": {
    "Do_top_m": 0.08237807675736605,
    "t_over_D": 0.02000000000000001,
    "beam_aspect": 1.0,
    "Do_scale_exp": 0.4264307414763128,
    "axial_profile": "AXIAL_ELLIPTIC",
    "profile_exp": 2.31273092522502,
    "straight_frac": 0.5892798207779011,
    "r_hub_m": 3.577708763999664,
    "taper_ratio": 0.15000000000000002,
    "n_rings": 5,
    "tether_length_m": 67.0820393249937,
    "n_lines": 8,
    "knuckle_mass_kg": 0.010000000000000103
  },
  "evaluation": {
    "mass_total_kg": 57.40799905896374,
    "mass_beams_kg": 56.84799905896374,
    "mass_knuckles_kg": 0.5600000000000057,
    "min_fos": 1.800000000000001,
    "worst_ring_idx": 4,
    "feasible": true
  }
}
