{
  "config": "10 kW",
  "beam_profile": "PROFILE_AIRFOIL",
  "axial_profile": "AXIAL_PARABOLIC",
  "timestamp": "2026-04-22T08:38:59.478",
  "best_mass_kg": 95.7637637560041,
  "min_fos": 1.8000000000000003,
  "torsional_fos_min": 1.5,
  "evaluations": 128071992,
  "generations": 2000000,
  "elapsed_s": 1806.0277109146118,
  "archive_size": 200,
  "design": {
    "Do_top_m": 0.12,
    "t_over_D": 0.02358240967257427,
    "beam_aspect": 0.2,
    "Do_scale_exp": 0.16314714695658125,
    "axial_profile": "AXIAL_PARABOLIC",
    "profile_exp": 2.7260478538410093,
    "straight_frac": 0.5419140519325474,
    "r_hub_m": 1.9939229340862805,
    "taper_ratio": 0.9999999999999999,
    "n_rings": 5,
    "tether_length_m": 30.0,
    "n_lines": 8,
    "knuckle_mass_kg": 0.010000000000000122
  },
  "evaluation": {
    "mass_total_kg": 95.7637637560041,
    "mass_beams_kg": 95.2037637560041,
    "mass_knuckles_kg": 0.5600000000000068,
    "min_fos": 1.8000000000000003,
    "torsional_fos_min": 1.5,
    "worst_ring_idx": 2,
    "feasible": true
  }
}
