{
  "config": "10 kW",
  "beam_profile": "PROFILE_AIRFOIL",
  "axial_profile": "AXIAL_ELLIPTIC",
  "timestamp": "2026-04-22T08:20:27.946",
  "best_mass_kg": 95.7637637560041,
  "min_fos": 1.8000000000000003,
  "torsional_fos_min": 1.5000000000000004,
  "evaluations": 128071992,
  "generations": 2000000,
  "elapsed_s": 2797.5859258174896,
  "archive_size": 200,
  "design": {
    "Do_top_m": 0.12,
    "t_over_D": 0.02358240967257427,
    "beam_aspect": 0.2,
    "Do_scale_exp": 0.5510746346428331,
    "axial_profile": "AXIAL_ELLIPTIC",
    "profile_exp": 0.31222569209423956,
    "straight_frac": 0.13565373364371447,
    "r_hub_m": 1.9939229340862807,
    "taper_ratio": 1.0,
    "n_rings": 5,
    "tether_length_m": 30.0,
    "n_lines": 8,
    "knuckle_mass_kg": 0.010000000000000104
  },
  "evaluation": {
    "mass_total_kg": 95.7637637560041,
    "mass_beams_kg": 95.2037637560041,
    "mass_knuckles_kg": 0.5600000000000058,
    "min_fos": 1.8000000000000003,
    "torsional_fos_min": 1.5000000000000004,
    "worst_ring_idx": 2,
    "feasible": true
  }
}
