{
  "config": "10 kW",
  "beam_profile": "PROFILE_CIRCULAR",
  "axial_profile": "AXIAL_TRUMPET",
  "timestamp": "2026-04-20T23:43:09.984",
  "best_mass_kg": 3.1569966785868364,
  "min_fos": 1.800000000000001,
  "evaluations": 192109238,
  "generations": 2000000,
  "elapsed_s": 5329.278764009476,
  "archive_size": 200,
  "design": {
    "Do_top_m": 0.031249299517329236,
    "t_over_D": 0.02,
    "beam_aspect": 1.0,
    "Do_scale_exp": 0.1449685068077526,
    "axial_profile": "AXIAL_TRUMPET",
    "profile_exp": 0.3000000000000001,
    "straight_frac": 0.3730343849081478,
    "r_hub_m": 1.6,
    "taper_ratio": 0.25,
    "n_rings": 5,
    "tether_length_m": 30.0,
    "n_lines": 8,
    "knuckle_mass_kg": 0.01
  },
  "evaluation": {
    "mass_total_kg": 3.1569966785868364,
    "mass_beams_kg": 2.5969966785868364,
    "mass_knuckles_kg": 0.56,
    "min_fos": 1.800000000000001,
    "worst_ring_idx": 6,
    "feasible": true
  }
}
